Date,RESI5,WVMA5,RSQR5,KLEN,RSQR10,CORR5,CORD5,CORR10,ROC60,RESI10,VSTD5,RSQR60,CORR60,WVMA60,STD5,RSQR20,CORD60,CORD10,CORR20,KLOW,Return
2021-05-07 00:00:00-04:00,0.0011982151692291863,0.7307661940634155,0.8280079947641618,0.04961832400676507,0.011755290895595478,0.7490618571249114,0.3302759861075446,0.5329644714503141,0.9149889246990727,0.004355325718897542,0.2893637892922616,0.30361237887964293,0.10722535930390703,1.2921317876479965,0.015054341344243665,0.4285138987743951,0.27177300008277716,0.433389496558111,0.596056195178278,0.0,0.008135322784066146
2021-05-10 00:00:00-04:00,0.0039123235089966995,0.8268598943155036,0.8038058593109314,0.014507378706579815,0.2275714617709341,0.2093401670096906,0.38582024542014376,0.36794590540314437,0.8634254112090723,0.010818295113623708,0.6087008100166212,0.35555741762036336,0.11093955097075568,1.2594960221507043,0.025366668274200744,0.43120549087710036,0.26367428684385635,0.38816732670702603,0.5173237815636386,0.0064477067889848905,-0.01028852336971342
2021-05-11 00:00:00-04:00,0.0009525015361308468,0.7556858995658774,0.9683863266060946,0.03193003362395482,0.5054731835197485,0.050377180607801664,0.15158196837656465,0.43302116965925297,0.866489883120279,0.012369769390965915,0.4258604149133452,0.3687854577694653,0.17039810811691602,1.2634472595812771,0.03134224669096989,0.47016706898105737,0.25981900802426056,0.40369655848781516,0.5476293470566056,0.018303875521543726,0.008560911221639156
2021-05-12 00:00:00-04:00,0.00459782669564263,0.849364482065225,0.7551412428214757,0.08352318717520224,0.7024923732085102,-0.27587728612670526,0.032490460366943086,0.5453048346668515,0.8801533724295043,0.008949817632511107,0.2416899449271677,0.3774172274627748,0.28610423851811917,1.2747312382843208,0.0246378141869538,0.516807829079516,0.2874091638212989,0.35922134119801813,0.6035738840934984,0.022779057630748566,0.00040428666193359497
2021-05-13 00:00:00-04:00,0.004206347654829524,1.1273977003067728,0.52406454320216,0.04849467457026065,0.7661826378386488,-0.07494009898212313,0.26585439121448745,0.3398628101644855,0.8941411985834977,0.007893462778219762,0.5955842340695006,0.3980133473989173,0.30397736117591995,1.3196256374728113,0.016899524187442904,0.6044247797737823,0.27992563243590896,0.3338692870867682,0.5678986771052749,0.026267993688984647,-0.012727319345158139
2021-05-14 00:00:00-04:00,0.0005489094833928074,0.7242021362236846,0.15918030272651987,0.022448948451451102,0.8731965767145249,-0.5650981011031633,-0.5237953068764151,0.3764438967099347,0.8798854387029836,0.0048080365819444405,0.2780072627852031,0.4278830400413124,0.3711926463359423,1.31646967028135,0.0046224933379833905,0.6783129231427113,0.2340241576363509,-0.02770949098632756,0.597653192559271,0.0030611777792174948,0.022917853021487744
2021-05-17 00:00:00-04:00,0.0009240748880715168,0.6414036061978822,0.2376972534617313,0.03246886079136311,0.7233040836557171,-0.3015944226622038,-0.527210953565907,0.26039996729414033,0.8801760479038406,0.007855590123089925,0.3997922613489863,0.4366693478337949,0.4369623111633755,1.312866218245945,0.006227974534503227,0.6858935760351123,0.234775487260918,-0.10866969535410756,0.5876638851789286,0.003267303316800076,0.026205151545540595
2021-05-18 00:00:00-04:00,0.0018363707314126769,0.7630495869969942,0.20586205398233265,0.02755908556899257,0.6887589998391763,0.4165069666490043,-0.26325119082618964,0.3538211197634844,0.8545809143444818,0.0078104041990031915,0.2576935269210782,0.46042230390304095,0.5032143623634059,1.316930403204036,0.008491259196143339,0.7265930995207579,0.25683526958136216,-0.07689845985510894,0.64742716920111,0.003937022951637015,-0.005847631582653445
2021-05-19 00:00:00-04:00,0.005006867086175331,0.8941019930739174,0.5107641916720452,0.0245189459388306,0.6906282928309238,-0.0192952144128261,-0.023070017339703118,-0.07283012963898051,0.8560783088582259,0.006784063903014239,0.7540552595763442,0.48044289110470545,0.518149810156512,1.3129303962302528,0.017915846310923834,0.7465909514767739,0.26028438131628645,0.007849271923526493,0.5589141077756752,0.007895235290997232,-0.010000231628642275
2021-05-20 00:00:00-04:00,0.003657015224753414,0.7770190899252171,0.7139428639064225,0.020785902558095433,0.6693305294790934,0.0028682872570666962,-0.06327260801722678,0.02263688251929742,0.8912659990382159,0.005309782531717861,0.7994056976415134,0.49846507995197775,0.5206855720415592,1.1655613205106163,0.020124859624479553,0.7864751983725924,0.2005363961617954,0.060481694228273965,0.4933142936807695,0.0033202854202874026,0.0056634850189658525
2021-05-21 00:00:00-04:00,0.005714033200840726,0.9407497234118858,0.49316212338062354,0.020717724268319533,0.5611976139861751,-0.17947773294495792,0.3838509650512568,0.02353975100243578,0.8813228253378219,0.004213060348089103,0.3960761035350589,0.5332078546261875,0.5917151167316995,1.1728000375985677,0.018845444104728135,0.7988823698014538,0.19899647250160696,-0.04160568195752065,0.5444009668985231,0.014968300727023442,0.0023793828351994506
2021-05-24 00:00:00-04:00,0.0029028173552743727,1.3049536536059438,0.05785623637705736,0.021696222042765025,0.579656958250476,0.2878214438457877,0.6630123016970986,0.01242302336165815,0.8680315657816585,0.004129212586434919,0.6759055339416937,0.5630313901159909,0.6348761429736013,1.1816656105058634,0.009840218272038802,0.8193406778102355,0.17258349445056587,0.007328260447581792,0.46823409551315665,0.014201132054659628,-0.0021756838058630823
2021-05-25 00:00:00-04:00,0.0007602108072205028,0.5925808797762894,0.30065679921197086,0.024965292075648817,0.6490501690600147,0.6308728967032077,0.4565021623841539,-0.15483460000472513,0.8795726265537169,0.0036892674947358577,0.9678427266063387,0.583916281230888,0.6113094465206322,1.1968604952621489,0.00585124475567736,0.8467469124059726,0.169211364837172,0.07077396914465961,0.3503312754132636,0.010501263453099883,0.04678812470912419
2021-05-26 00:00:00-04:00,0.00042826731088265607,1.37531093625874,0.0003084359263425027,0.06018242770267484,0.5440055291689078,0.4442418029133474,0.6668846975104126,-0.10130382432218366,0.8521089825063618,0.0038861151438268062,0.2550068340430027,0.6093675498147195,0.6230060924518117,1.2352652920790161,0.0035902234539568942,0.8555278854776474,0.21443440398613545,0.2775425343910053,0.3252873943679659,0.007237788543684334,0.002841047344790182
2021-05-27 00:00:00-04:00,0.005652121449921601,1.4604079261605534,0.5979224190125891,0.0321126588633364,0.6072104000016773,0.6447803999978625,0.6432300745463658,0.16097881252674914,0.8862713238292077,0.0068492976715934075,0.24522040823038324,0.6403068142034527,0.6460550239641429,1.2460775126434853,0.020536753606958898,0.8594294056563905,0.19118223617580046,0.24215124468250956,0.3057077475388505,0.026478870373936432,-0.002832998661465136
2021-05-28 00:00:00-04:00,0.004850035908770003,1.647300228356014,0.7655786216251506,0.01735852799325621,0.6725349028197296,0.16640724331279688,0.8237008695736253,-0.18084856661852727,0.8686623690557321,0.007704672974585709,0.7545801039178136,0.7043709045466215,0.6073567709545549,1.2742404194788017,0.02495002008348666,0.8808519292119034,0.17308012731244884,0.6083264525597806,0.13865943054588872,0.009811329391767454,0.039393971114075166
2021-06-01 00:00:00-04:00,0.005053226777697356,1.097453629836793,0.736042256099141,0.034720937482687134,0.6513181817675645,0.5495091213973575,0.8755414194036611,0.12397764958704956,0.8149271228200673,0.006805319352190718,0.3186311555548934,0.7477428682985082,0.6154396051172117,1.2986550980385543,0.023540957539468273,0.8800273727530735,0.24237014803994159,0.7726251125049062,0.07766734149485344,0.008213526772737567,-0.026603726413969242
2021-06-02 00:00:00-04:00,0.005979088679640698,0.822159826899734,0.7952943954665394,0.03272725885564635,0.6816177775441978,0.5462675526297487,0.8189969597519033,0.15108142431639532,0.8249288497441095,0.010633824974673937,0.4139371058072802,0.7640078938231403,0.6195675223137729,1.2879158104604935,0.02947234718626163,0.866712189731829,0.2589062460968181,0.7187040396505998,-0.0203385192576886,0.003999952836470157,0.001123284182730222
2021-06-03 00:00:00-04:00,0.006190859710168105,1.1551101811505096,0.3232351204647722,0.02640943741395673,0.7757615037715333,0.19348584632207486,0.7559813700924054,0.21312544456562088,0.8223319638544605,0.00813586798729117,0.5836533924865559,0.7815816606298883,0.6129279953815104,1.286622904499669,0.016484466162502223,0.8636904770819905,0.25781461503632197,0.721574917026187,-0.2368854073774729,0.017044387672132903,0.017763730445944814
2021-06-04 00:00:00-04:00,0.007000363772391883,0.9828032382740769,0.10439286320944453,0.0330408898235384,0.779597533449057,0.22542665004986454,0.7943218554372004,0.12035038764387043,0.816555328531597,0.007889617144035365,0.4706572595654032,0.797836864061591,0.6038072960215003,1.2657290479673335,0.015104152401867623,0.8568585498965469,0.25453306401739806,0.7366992209712119,-0.1941066297108462,0.0128803179137529,0.020393231940647016
2021-06-07 00:00:00-04:00,0.006981858161302489,0.6686603035990784,0.12311220385006359,0.026083841679427597,0.7656903800981032,0.9025406874545661,0.8384001058643255,0.2843794205314417,0.8107864234421776,0.007890463322497999,0.24967327682898788,0.8162644197298946,0.6265761141056645,1.2416664217706828,0.015091226618691878,0.8565463378245624,0.27251686062525804,0.788865077078365,-0.06069347104022179,0.01654977479973548,-0.0005403346268777476
2021-06-08 00:00:00-04:00,0.007887716555082323,0.8836073735128999,0.1632652526025821,0.03088103154404754,0.7733164969204303,0.8907275105619362,0.7422303528681354,0.6051567737313662,0.8185605109804873,0.008003927875727856,0.2670386978065334,0.8371667165925852,0.6475395000454722,1.2534966665543648,0.01642518056185275,0.8754998914567678,0.2722619994311974,0.7998142467492652,0.09791194778221682,0.014895544163280951,-0.0014410890650684571
2021-06-09 00:00:00-04:00,0.001183201416573367,1.280177475013039,0.9033149179767336,0.02392089689847269,0.7479010240636843,0.646254287102026,0.8616961460318586,0.5023037727997728,0.8197418319707195,0.0076823046080347025,0.6379741441247828,0.8630036871027246,0.6290385805426508,1.2502326835738427,0.01872798989871715,0.9026264375913714,0.2737647238383356,0.7797858740523179,-0.0171502549036078,0.016546798721061136,0.0027059852320971967
2021-06-10 00:00:00-04:00,0.0023144804225725206,1.1941293821480425,0.7520997814982895,0.019206668948226865,0.7307926891453637,0.7224539721693302,0.7113496131823841,0.3741588798222277,0.800732320130857,0.004608164857280322,0.4152125112533997,0.8887368614049579,0.6331794941632689,1.2714647637670404,0.016335899703464593,0.9081425824659213,0.27992124346625513,0.7174746004803366,-0.018937040660149656,0.014719144193093944,0.011515152678201357
2021-06-11 00:00:00-04:00,0.0013275473048472634,1.2645788226286019,0.5027921496145762,0.020565120950192625,0.7158382027001708,0.26831372067882975,0.6664158076138229,0.3822510894604295,0.7999196800516862,0.004647350377641103,0.4647699314649657,0.9050431310668806,0.6274741835839149,1.258338324723331,0.008686095000991882,0.9132553495530995,0.2802943770963791,0.7029961195687023,0.037499327487687584,0.009477803945838054,-0.0069370599121793
2021-06-14 00:00:00-04:00,0.0005784972771504681,0.8296889837370616,0.49908681676127814,0.02226179814837367,0.7186628956663249,-0.2203470130974043,-0.2516730800849662,0.6781549182724987,0.773842361024273,0.004683880169492532,0.2861358319106053,0.9237011428867672,0.6365209356228136,1.2781601020966669,0.005732573109124315,0.9166420012939321,0.3324816831281321,0.6321482033885456,0.00855657388932278,0.0065895411670023,0.0023284773456713204
2021-06-15 00:00:00-04:00,0.0005771417997732573,0.6875823541247781,0.4991003123396974,0.02737324666337805,0.6259302564748831,-0.00039897038210596363,-0.25093388168629,0.5748974898319454,0.7686723510534205,0.004410849608090671,0.24331782417564138,0.9306134672494223,0.6577094742347985,1.274265122406903,0.005719275576574513,0.9044862273108967,0.3266456506646027,0.44965741605485426,0.20115947097417797,0.009299855477932495,-0.03341695477597817
2021-06-16 00:00:00-04:00,0.0006299144151353215,1.3115872875660992,0.4421579002378956,0.045032174749675864,0.7762047144236345,-0.5943386266284408,-0.5755800659581501,0.3223914230010882,0.784964818250859,0.0029649841965928257,0.22340498036373652,0.9361170185994302,0.6658097179178113,1.3176942807079068,0.005758915182929015,0.8906781161878827,0.2878928338188349,0.06726038534284796,0.2567140842618817,0.004467476842210509,-0.00610077514307672
2021-06-17 00:00:00-04:00,0.005202208120654688,1.1080723034690922,0.3713409071258655,0.03820477454091336,0.16701396059141,-0.9208718982130564,-0.784082846905881,-0.0407181112494428,0.7703848255081699,0.008786303309346754,0.23832989371540556,0.9360797055325711,0.6710961467911702,1.3066178372996549,0.015637619333900718,0.8030070070815152,0.2765061179568245,0.06322050236230668,0.37216564326351753,0.03245549071639059,-0.012090671650472729
2021-06-18 00:00:00-04:00,0.002610811717244021,0.9052894495199901,0.8342720902475855,0.020346608498524384,0.07019318773014067,-0.9500405575235791,-0.5166980893260494,-0.6019834978065214,0.7779431262211718,0.008692558502397276,0.2620669818441689,0.9316282644010911,0.6673716749204838,1.2648756654175703,0.02170779858453414,0.6727142395719089,0.2821529678598756,0.07567305313903487,0.2770733337567216,0.0067822267884879925,0.037092761754740966
2021-06-21 00:00:00-04:00,0.0019966555800245487,0.7776053194289417,0.8930735107299803,0.04333208171745422,0.48637051367569833,-0.8564806698180163,-0.8838972323212194,-0.7410059243626287,0.7602171185554205,0.007339994752476164,0.23447827206321165,0.9231215425934439,0.6858689812441743,1.3485566799100965,0.023207371573164264,0.4754098334839231,0.26305938196504536,-0.3867243290626933,0.25293389768665164,0.012140484026222387,-0.026688361974343544
2021-06-22 00:00:00-04:00,0.012666372016258046,0.4957494622865809,0.14820022511525505,0.042564725830289155,0.38934473793607144,-0.7988017268016188,-0.5846383383602874,-0.7771792406739811,0.8027380008421225,0.008776166855579836,0.1944449583851361,0.9218216910647191,0.6961311731244784,1.332100368399744,0.020991739708082525,0.3964663966448321,0.3045370862831805,-0.3028829412052172,0.28527314428897954,0.013584495787664826,-0.012684105736994522
2021-06-23 00:00:00-04:00,0.006358951120631845,0.6861765994823151,0.0060240673940305306,0.030994768668138998,0.5067934912793998,0.4302303781463017,0.05014615110759457,-0.5518487497669601,0.7978515812843175,0.008299281890784138,0.5202727923463948,0.9158562914789086,0.6843682897121107,1.3122255830407537,0.013856955366481965,0.218658040462367,0.30492366650876285,-0.17840561096501711,0.227407959845233,0.005939118197486192,0.0030227566375433668
2021-06-24 00:00:00-04:00,0.008069897805578685,0.7788462711322816,0.047095241486845775,0.034254378653751257,0.6428688121678804,0.5157005990390019,0.1492539054559799,-0.46614110963293737,0.8070458578264647,0.007478702936044064,0.42785493186915163,0.9032612935413741,0.6691579644910862,1.3150662664110853,0.015919040425496744,0.03229787273621344,0.2931071895867328,-0.20151016985191933,0.019770440605001556,0.00851628996290629,0.0007532976290895999
2021-06-25 00:00:00-04:00,0.007859422617458008,0.9520757301244553,0.15307663734510418,0.01634728911362002,0.681159925285918,0.010463457197574846,0.059591658678172434,-0.4557876948334691,0.8111117965085126,0.007042186438583622,0.3417549160171795,0.8911920463810311,0.6229773210793849,1.301873992302626,0.01665778934173681,0.0010842709472694814,0.22379357009091905,0.06654752249105755,-0.1630015576892422,0.008267614267455101,-0.04009027292118972
2021-06-28 00:00:00-04:00,0.003584313770980192,0.8647444764563925,0.6271199917721114,0.049905796371597866,0.595103374510078,0.19981279690372453,0.6901232700257418,-0.1373068907362678,0.874978088162208,0.007534779931582223,2.5859593230507945,0.8784757222375015,0.6097959760087697,1.3006302456023986,0.01730403422509743,0.05665503996019057,0.28433544500476704,0.27238160550936374,-0.15105801311620698,0.004896390376732716,-0.028431488860420906
2021-06-29 00:00:00-04:00,0.005000245712645256,0.8623763093046428,0.6154762232306619,0.06062379447570844,0.6112174452032894,0.38656563530151217,0.698097856512878,0.17330903418349802,0.8951709555792882,0.00984705056631798,3.31248658525097,0.8485692061750225,0.6016260544454359,1.2624747521169004,0.02041861417170179,0.2778923294493439,0.28955701451312355,0.3084493796238068,-0.1549658730619752,0.0066276833848813235,0.04783067499189109
2021-06-30 00:00:00-04:00,0.007523204258727836,0.7150545577150371,0.7593534178512454,0.04919352221315211,0.6032956702570695,0.3929342854501712,0.29282546048211683,0.3721347717756754,0.8648298456904915,0.013446567362807702,3.363334197571086,0.7975499575394868,0.594168639803191,1.2398307083710949,0.030928454089961054,0.38472218448382,0.26569200757661543,0.23609719665426923,-0.1217350798312277,0.00020157906937066434,0.03986883789821283
2021-07-01 00:00:00-04:00,0.016398473005493016,0.4561850652761803,0.38383032384613236,0.0338886960596243,0.559863119918985,0.2984731978717057,0.19153723072779782,0.3053623084840693,0.829648548322877,0.013849853354104796,3.417457698541183,0.775751140494254,0.5902970614913269,1.201848175987224,0.027983942345867447,0.5367305721212874,0.2522369913473634,0.19209802356084268,-0.137297075931411,0.00814086156115455,0.011113262262716583
2021-07-02 00:00:00-04:00,0.03319515565289718,0.47333821408067145,0.057070434763863205,0.02629139442833821,0.22195281092385324,-0.012701142997653814,0.7523053624363675,0.08268540013007299,0.8247144538328138,0.024804742245313705,6.6908617720962855,0.768751936580479,0.5721620863773369,1.195261291688142,0.03200775234946169,0.5749822930076427,0.24424102709293952,0.16898916002448663,-0.18357842644929429,0.009442665013560501,-0.013372394617969019
2021-07-06 00:00:00-04:00,0.01155316010400682,0.6556732368152219,0.7734858216339033,0.034798493851280525,0.0459927507358925,-0.7128620033121611,0.19548605266184568,0.006642253604204667,0.8397645728941078,0.03509642267295201,0.5326326885520527,0.764683988210357,0.5535500910737394,1.1847504966858862,0.0387867614329265,0.4973423896499223,0.24361038817154831,0.20264810422495708,-0.16249677517745562,0.02124541904450607,0.007426633136925043
2021-07-07 00:00:00-04:00,0.012565727143105774,0.8981568463679482,0.7463174629200917,0.037458109242380196,0.025274735395198127,-0.6955622559741386,0.03923088380486113,-0.15885863355173474,0.8319266544589695,0.029931256571946178,0.43374730431408165,0.7552473095160878,0.5328809354942301,1.177418213238119,0.03808225273979421,0.41474443255137017,0.24229918534837108,0.1984011302436076,-0.17818157519291572,0.01844952816403241,0.006450231713338361
2021-07-08 00:00:00-04:00,0.006658476324973379,1.1372320463936951,0.47256175977569004,0.027142574077391544,0.17337333944086042,-0.7260534819250284,-0.13669456819150105,-0.2624044878833165,0.8276860975941484,0.026978968623884738,0.416249873455009,0.746677756609783,0.5076285041477038,1.1701726171113047,0.019163709360112396,0.30613564640160423,0.24206046227934827,0.16186622326754915,-0.21091932106223873,0.00855175825698618,0.003662541561479493
2021-07-09 00:00:00-04:00,0.0010952384663105573,0.4410707889142112,0.17835946428534133,0.015104673694826818,0.3345352488715188,-0.6641856144820575,-0.5610739658798918,-0.34102870367832055,0.8369876547184854,0.024380989955701052,0.4901900690814435,0.7390811576187524,0.4528994715975322,1.1838054738343313,0.006215806844280638,0.19030568322382113,0.229684320406243,0.1610665202775652,-0.2055227968388942,0.012556914136962439,-0.0012771895920237197
2021-07-12 00:00:00-04:00,0.0011916264825730654,0.6635550558538809,0.2546366266533799,0.022014323975229715,0.5264908286376437,-0.3514361910046891,-0.2884082964070535,-0.3641431335720509,0.8380580136910837,0.019393315707824075,0.11486196569281386,0.7338031156330431,0.43598636630643683,1.1820144432297475,0.006811576826244177,0.0853532704269456,0.22584865967781811,0.46077744220149436,-0.2155732794502849,0.012658203044493874,-0.01698915192582473
2021-07-13 00:00:00-04:00,0.0002623472489209233,0.5719082085430474,0.8560802800379561,0.019381996707042153,0.6968410342112589,0.3175056244728987,0.49101518439424274,-0.7206119669245855,0.842575161973614,0.013605141490515045,0.3199712977110854,0.726506742983874,0.3889453889359578,1.1766997427860166,0.00733602089046055,0.011499102383139602,0.2350295462371439,0.1807802513630065,-0.17760321493906492,0.0007314118948943865,-0.055194553037517524
2021-07-14 00:00:00-04:00,0.0019364858124598775,1.311898212130785,0.08655993181559554,0.06549492998142499,0.4816547964161848,-0.038467309863541736,-0.439280140507181,-0.5065844952667143,0.8980489440442234,0.019803891733474036,0.19958414354480167,0.7086798547780743,0.3577729615407964,1.142160688536961,0.008139137612130708,0.0008739070590326615,0.18670589091559894,-0.30858800656068974,-0.09669300005523572,0.000740072453135659,-0.0023601944762101645
2021-07-15 00:00:00-04:00,0.012476297023946228,1.3764729730017413,0.64459377883129,0.025223445804400894,0.009539659495216544,-0.533473026027923,-0.23701574955623972,-0.446952262058718,0.8950820872453107,0.02412163500228399,0.22010359996761755,0.6553911766993105,0.32372423539761674,1.1424210900348055,0.03315925129895519,0.0004508104237247403,0.1872655124216065,-0.3384927456648699,-0.09928550588250595,0.006951310520912476,-0.01143555037176669
2021-07-16 00:00:00-04:00,0.006998666367230205,1.1833834371208638,0.8674452741567661,0.050568365213819244,0.41794572928295715,-0.5226650795549168,-0.12254195081297722,-0.2573272183152953,0.9159346624007124,0.019519398062377808,0.3691016803551958,0.5985039062313878,0.3027909297229897,1.1394317158613592,0.04090081099058801,0.005802593703077252,0.1966336711724791,-0.3406448129240961,-0.04213500065329068,0.02567615732732527,-0.024730423081947395
2021-07-19 00:00:00-04:00,0.006791560185423552,0.8144317930027919,0.8774079931386624,0.03858585550327486,0.6328319200466163,-0.5437566045082405,-0.3023895644528858,-0.5601414885306738,0.9359110339633776,0.018837225450392507,0.2587591206855638,0.5339211676028106,0.2783944251569908,1.1138177637190207,0.04242415912017349,0.035428970509471386,0.18833436916322957,-0.28766540297343185,-0.03861775615552912,0.01434349291252364,0.039059411025436974
2021-07-20 00:00:00-04:00,0.006234789474073585,0.6392510278588319,0.8460971858738023,0.05024563652040917,0.7428358484346088,-0.7928309577842113,-0.5449179189697422,-0.5525851449827173,0.9081567788523927,0.018174452092913997,0.3474324044385351,0.4501050048710649,0.2813840586190901,1.0861497749623785,0.0355899165457143,0.1148180535131431,0.1742783918805297,-0.38402961540348163,-0.022607263492075088,0.004502685590562956,0.0423142981458442
2021-07-21 00:00:00-04:00,0.007008530056489535,0.6636083851037432,0.13031506123555367,0.04929849560291461,0.7758748228616235,0.0405734553401635,-0.1914872284545413,-0.5015241374839263,0.8791655284690979,0.015565123633960589,0.20458258833511478,0.39722943145073686,0.2444783470776741,1.055127963019174,0.015547927301217724,0.10177762509885951,0.18046700277337266,-0.23464973520346893,-0.10602313596949153,0.010717054566078025,0.019259859110059896
2021-07-22 00:00:00-04:00,0.017553564883513943,0.4873669499310952,0.3057899808074121,0.042722156352393695,0.4838126744235358,-0.18349687361545813,-0.11479849214007858,-0.4922212254654203,0.8623685826946119,0.03260629541440777,0.2387237780992086,0.36984223072521344,0.18951605788050083,1.035532873649062,0.02727939730186776,0.06348201492899892,0.17645089941254213,-0.26853669296869587,-0.15921371333636009,0.010018952338495788,0.015005443191466128
2021-07-23 00:00:00-04:00,0.010006856846988097,0.40222083037534534,0.7982224266581419,0.025078381372515852,0.12718333463496254,0.10214510126220601,-0.5394170359169291,-0.3698683844800437,0.8371121915306962,0.051013947535672975,0.14155292281892914,0.35027755253865406,0.16005208385141598,1.027751522535587,0.03792064849324698,0.02732141065260478,0.17311343980709626,-0.24327264091931272,-0.15985462318713145,0.014383160351852426,0.0071182041851436395
2021-07-26 00:00:00-04:00,0.0025302718646981314,0.587940200041764,0.9618188290473121,0.025095490561798276,0.00948145742012624,-0.13355150661890394,0.051184335311949616,-0.16859476306639354,0.8450546842717932,0.05733553094512844,0.1192752152993795,0.3328287625557317,0.11122489844070602,1.0379869378495983,0.04367994753353633,0.001767974837850216,0.16497467063475377,-0.2524836380150097,-0.16894724031838135,0.00872892057251123,-0.0039869582587136465
2021-07-27 00:00:00-04:00,0.0030420035091063987,0.8368660716865424,0.9131649086072354,0.016220145926251622,0.3128301092264581,0.4089266586260553,0.5791876837361848,-0.14267926537417397,0.823499097715987,0.042332844461472445,0.11067876348049319,0.3196585943594268,0.09202198717972115,1.0572712831109188,0.03182166111954764,0.007024106448193935,0.15486839428321497,-0.39455047590550646,-0.411457064197961,0.00801892901902909,0.008733414130322581
2021-07-28 00:00:00-04:00,0.0017505503704486423,0.5355212304416607,0.8142822863775583,0.02104117222814654,0.7508979557006993,-0.5075559374806872,0.05784876664559333,-0.17390129118291556,0.83052206622776,0.01693234871318778,0.2009664288342971,0.29858401881391616,0.03556986647870801,1.0669413606941172,0.01643474848607674,0.008589781271746665,0.15187045432809648,-0.16192429362432953,-0.394611240143125,0.0072556052626354,-0.0018034609695384285
2021-07-29 00:00:00-04:00,0.0007757091017483283,0.7414043104447609,0.77778492881916,0.018601271752251885,0.8274286914815286,-0.4113561570015597,0.6007054256663966,-0.41774222146886936,0.8255616572862925,0.013065235685470886,0.35374159387715065,0.28169429798917456,-0.018849551181818438,1.0735186926051514,0.010010530172335995,0.001666271731234201,0.15127661701606737,-0.018789142558961306,-0.35190113775893084,0.008227492143231502,-0.023310472576728802
2021-07-30 00:00:00-04:00,0.00029556543485888243,0.6833772129794294,0.6456403528595032,0.03384620355804566,0.8288690004347582,0.0790378572916358,-0.7311265524412152,-0.3289670396731293,0.8588629426726317,0.013290741828171936,0.3599735018434767,0.26145846105358084,-0.07343930508452712,1.0864683196366764,0.004951317963218383,0.004253334858892655,0.13475490211070143,-0.2717283341306773,-0.32144849357356214,0.0068778473867010664,-0.013876087004100479
2021-08-02 00:00:00-04:00,0.0026338091812867603,0.6767631352126273,0.2837689480743408,0.037606569307318864,0.6229691619784788,0.46806105239744106,-0.9080034225013484,-0.3515718427048273,0.8852962487881842,0.023815716854399954,0.36088267860279877,0.2302155664887789,-0.048633448456393905,1.0993163277992941,0.010469259402247173,0.013721876475942443,0.14697780828505363,0.061859091914493285,-0.36227302807460726,0.002408319177800902,0.023827265356198613
2021-08-03 00:00:00-04:00,0.003331507123830048,0.572784960041136,0.6575628467856908,0.03909770651368877,0.2437787030494788,0.3902891101154337,-0.2690728450317712,-0.12579892768336862,0.8949053495770665,0.02016349943652647,0.26459264707560504,0.19278069452916965,-0.06777326362365532,1.1166314722861757,0.01682933550865609,0.027783002204168315,0.13184517940729187,0.32346033081379083,-0.3771365312504103,0.008646599208191965,-0.0016491960979716502
2021-08-04 00:00:00-04:00,0.005198600232990368,0.7737485373564197,0.4425581187021699,0.04189238137742698,0.022371850941174304,0.43106269342082265,-0.12235352900808591,-0.05355666575323695,0.9036760324436,0.009344543269756726,0.11892868749636995,0.17532601178308022,-0.06308717193521517,1.1248893892898697,0.01649069130543647,0.05706870655926556,0.13947614750275691,-0.08238150796388373,-0.39339838770354146,0.012244894781593636,-0.004956028285989511
2021-08-05 00:00:00-04:00,0.0060783243391130245,0.6942625424950885,0.06434914946297206,0.023460387593088997,0.06279807593677565,-0.21932808824539718,-0.14854164863479474,0.34320533015993004,0.8988331831452077,0.005640733763690792,0.043892305757511955,0.15844496216303067,-0.0935343680849324,1.1365291429721163,0.013797783899556767,0.10450646718239277,0.14480499360744933,0.05542614941811648,-0.4077805047855519,0.006781505179101568,0.015310871533525061
2021-08-06 00:00:00-04:00,0.002265793485404069,0.7161785378607355,0.22112970564527376,0.016859116525335817,0.30361599672653594,-0.6344535717234709,-0.21134586044285186,0.2592279275716832,0.8928575864256804,0.00388747760231423,0.22027589823812052,0.13516555595451973,-0.12469004841366525,1.150033947404217,0.009163310130256477,0.17179486137008787,0.13271501919237905,-0.4174424510230765,-0.4475833131105574,0.002382280902368536,-0.017805231181818537
2021-08-09 00:00:00-04:00,0.0019956275964342325,0.7263997523589449,0.5867623472452286,0.016300425443556515,0.1548825681715958,-0.5724761105074186,-0.7225604409858054,0.20007207568802476,0.909410826850195,0.004969650315814408,0.15588887330831075,0.1205287343070437,-0.10380639247726822,1.1327676136647271,0.011912853275003367,0.30025739470919954,0.11105702636426128,-0.5235281922869225,-0.4335281613115319,0.003846207051992293,0.026637148356145612
2021-08-10 00:00:00-04:00,0.0015581284651396171,0.850536550066589,0.03707842655169275,0.03713965929790536,0.1483622199497506,-0.03653852595968417,-0.660531886603254,0.17211239040378845,0.8745411816419721,0.0048266676432174305,0.1883658145192726,0.09718437775840975,-0.13617936137366365,1.1376399767117544,0.006805713620207201,0.41391115263426465,0.13575023530010658,-0.4175563982845939,-0.43844683391715034,0.005727966827640137,0.02594602036249838
2021-08-11 00:00:00-04:00,0.0030060346817080215,1.131957003477477,0.24722500305193298,0.043516583751660794,0.00044341748305642834,0.7976227372162196,0.1035694005407954,0.6897728890750011,0.8719598986192247,0.006503305363706711,0.3280350960667919,0.08123292984185186,-0.047551071434222776,1.1421442008886786,0.010555277193520536,0.5388833152111718,0.1884207985419766,0.20054765864324886,-0.06091737144597758,0.024841435678429002,0.03284155409538969
2021-08-12 00:00:00-04:00,0.00509953487387362,0.7849048947685336,0.6477610414377938,0.046250863786975537,0.28470516286695025,0.7369209695856841,-0.2416975562676601,0.7473790344243838,0.8663572223213767,0.008858378703204418,0.5744759528619704,0.07949938368298337,-0.006763546249911514,1.1389498818282955,0.019775841831710245,0.5511930532172375,0.14807899452596907,-0.005029545750668759,0.10632343701080052,0.007358128419226196,-0.034347992575644026
2021-08-13 00:00:00-04:00,0.007849645875566684,0.535471709457663,0.793084846285052,0.043875998748898075,0.6590547342618599,0.7088449120889007,0.07930815725022308,0.7887729160463386,0.8919269859579713,0.011429175586658227,0.6359395034164012,0.09455730314552421,0.03336579471341956,1.108580751984501,0.03257668965944361,0.5677406236210013,0.1485378995494011,0.07581658200026196,0.2516150923984965,0.0057597858651342315,-0.01690432017505672
2021-08-16 00:00:00-04:00,0.013654023736808447,0.4178777277822896,0.6135645802087961,0.042981984314770266,0.6991533813562539,0.6498717572495171,0.21854881301726378,0.7620312933440393,0.8981908146110347,0.010692893921432828,0.4510856783733807,0.09503210068236953,0.03730357716723262,1.0898499551869179,0.0317082327326172,0.5330700212942703,0.14329023118092088,0.030975409476952414,0.29268754735070657,0.02657395553016811,-0.01898637336223319
2021-08-17 00:00:00-04:00,0.0191394602274781,0.4548441465053922,0.003889349987279506,0.04742079514723553,0.4911383242279765,0.5859797869621509,0.38846033344683656,0.7492998002403692,0.9207595901899606,0.014990695576595494,0.9112569584555551,0.08457129223211172,0.021859501440437613,1.082498418868491,0.02360770146303056,0.4632851167953141,0.15661944532238012,0.16211556231901542,0.487298040131838,0.009411772991197432,-0.04290655277015487
2021-08-18 00:00:00-04:00,0.01085366822864433,0.4173944732044909,0.5971078046326626,0.04389972181387292,0.22196046840511996,0.7854182173941304,-0.2777855177203379,0.7203573468295641,0.9643263491412851,0.023498155601085743,1.365444168214306,0.06745253819722312,0.05422019898955835,1.0584522861703152,0.028573229260763604,0.29932448291972663,0.17377232038521437,0.2405362353873775,0.6056632651134489,0.0003657699604198539,-0.008584372533485207
2021-08-19 00:00:00-04:00,0.0017971754099723174,0.5158982356789567,0.973618707666779,0.027506825859957347,0.0012263775840238788,0.7011706462185214,0.6100766103741226,0.5533416614947032,0.9705599279071186,0.043446745594421944,0.3953820332116054,0.03613840245815228,0.04531666776091301,1.0478851559887479,0.04563360748619412,0.05091196071827239,0.16269035232602144,0.2103998906969956,0.5417733680755361,0.010729599201518242,0.013469092089606338
2021-08-20 00:00:00-04:00,0.002029502456786448,0.3491589385652456,0.9616438192211296,0.03287295529517598,0.18102831753059387,0.491375378666478,0.47298074676378854,0.44671460729778045,1.002468269414069,0.04740199813918046,0.30861756321865136,0.011567547741483608,0.018855342033612423,1.0584216321125886,0.0399493263068919,0.0008126490512536707,0.1313541964733402,0.275639615760967,0.44521915410733826,0.0001944820377918114,-0.001452426741920143
2021-08-23 00:00:00-04:00,0.008723300608231581,0.5656409386462851,0.740455988244782,0.025398032509811406,0.36092333380481734,0.40413202307517676,0.4038048890917253,0.5629191435417366,1.0067786013929803,0.042660814567459175,0.3905872051855838,0.00474887644220072,0.02392465072022101,1.063216797639787,0.03186272241927571,0.02344115325999311,0.13114811351743866,0.3376371734066984,0.40126665325123484,0.00625477334255345,0.008612561748094771
2021-08-24 00:00:00-04:00,0.009061037244740836,0.6175014044382577,0.35532207377202424,0.02723291469977754,0.6709762821236386,-0.17574842169385918,0.36589265165962115,0.548410397898713,0.9953538524474347,0.024031848328856548,0.22840680712968442,0.0009970840758391922,0.029766590823501422,1.0521437081695746,0.02051650302761376,0.05673202066825884,0.1309746241469864,0.3756476815817217,0.351804372628985,0.01752043798043773,0.006261733953672799
2021-08-25 00:00:00-04:00,0.0007767211208804542,0.6000600600538809,0.5719908957731374,0.026991103728730443,0.7544236049800545,0.09245022323572956,-0.44557710856597377,0.6457052088170003,1.028126936015101,0.01859518684127791,0.277568745540143,6.779777915019426e-07,0.021492496902668076,1.078722829884825,0.007349137213287192,0.08930358461793743,0.08902121398394121,0.029871873027893885,0.33937254382327786,0.013115423558282236,0.0015088031835637228
2021-08-26 00:00:00-04:00,0.0002964208345856267,0.8400440457210526,0.9101451758418097,0.01740121055852223,0.6328928233958769,-0.5478146760491723,0.7439394369914426,0.5922604065415095,0.9992672307115943,0.024856214091892655,0.17691950387528496,2.5509937208908393e-05,0.019642096969145817,1.1069692670694635,0.009901171433405173,0.09664587924259152,0.07858158218189078,0.31183725915748245,0.34777815911145255,0.009457159260475564,0.04274121735651115
2021-08-27 00:00:00-04:00,0.00019064603753966153,1.5537000191423442,0.8921420791232422,0.05774622032354715,0.39641015612303837,0.7336533116030385,0.960805931077827,0.5740961432444901,0.9593844331983876,0.019368963892995205,0.2047211196356548,0.00010898636018381215,0.03532094403895427,1.0928801025814536,0.007097452843581735,0.09906950551415065,0.12217707470661153,0.5931113254695396,0.4156022051866879,0.0018687811111527935,-0.010653806641806596
2021-08-30 00:00:00-04:00,0.004188587062890404,1.4798943754689764,0.754343494094928,0.01834203284604534,0.0007053294608341293,0.10723562565858272,0.9418939563731598,0.24489624042669306,0.9869413621023996,0.024578968042334,1.0149762980431414,0.00010734835683075408,0.017605920701632978,1.1052096043464918,0.022162060752214805,0.06957771648029111,0.13111759215217839,0.6075051259860595,0.37505108229630624,0.0026973839998660366,0.01861683119775659
2021-08-31 00:00:00-04:00,0.004232859158320554,1.2219517944538953,0.7408741853220712,0.02191782215414512,0.2796309887089567,0.35441704958407333,0.7733768407139098,0.2620528801425808,0.98866252291099,0.014738862574793813,0.32706908616643326,0.0012799988268900335,0.03256835947899164,1.1083218369890473,0.021492980646147138,0.08827312196635671,0.14016405461222253,0.5748289690005539,0.38406872493411587,0.0,0.014334309637658027
2021-09-01 00:00:00-04:00,0.003908814859159896,1.0711938555093858,0.7895748482614678,0.022409466248750582,0.8420399218347177,0.45597401972508644,0.7291673196735137,0.34177100117144926,0.974164341013512,0.0043418396493864414,0.4316947243649014,0.008774901414256325,0.026954876737938775,1.0874902191271456,0.02275716962905578,0.04600012235650398,0.1337676727111978,0.5466904071816783,0.40564663703853937,0.0060953775551906356,0.029676698406043034
2021-09-02 00:00:00-04:00,0.0037780878338936333,0.7612788789181466,0.7988216297770048,0.0356140805963884,0.9108993912957446,0.38196264317866974,0.6417133345120973,0.2567967393446331,0.9447241886117725,0.0032638852266233137,0.41285293413554275,0.025833301649241597,0.025842811807396813,1.0550296255337497,0.022549632110597365,0.011643394901679708,0.1290846353627185,0.6633546354585528,0.41331543181034375,0.004210555762575457,0.012695121659998865
2021-09-03 00:00:00-04:00,0.004049151367142521,0.5773686170119708,0.7945857553882029,0.02295525323238996,0.9070056291470932,0.08163210330577979,0.5610084145261601,0.1467677566220982,0.9354055115440756,0.004799045757598097,0.5460788383391978,0.05850233387352726,0.020463023196827634,1.0444076594128378,0.02295733370982065,0.0014367901728820644,0.12339799515006486,0.6515671979475911,0.3455243496067036,0.016493813944096564,0.013552476968597738
2021-09-07 00:00:00-04:00,0.00047908724489552357,0.3822360440344944,0.9851591159605131,0.029481495260487364,0.9421479963619512,0.4840879980840471,0.059868579959619465,0.33235913120905036,0.9335252691162348,0.003883260821268008,0.27407289682807406,0.10475729396686558,0.045967809110131215,1.0351354214601232,0.029181594498410086,0.040334688762172645,0.13352087064149473,0.6264942269912549,0.42705137025089235,0.0,0.01754978299148857
2021-09-08 00:00:00-04:00,0.0006347438634631519,0.38739585645166996,0.9781890013519826,0.02699998219807949,0.9574626678219359,0.16422881238586018,-0.000777951651752097,0.44119608875605176,0.9110604354603814,0.0032766689843446066,0.1769513172566252,0.16909988392907452,0.08751808313889813,1.0177822456803114,0.027467254211590457,0.09440197189233161,0.13847088267018848,0.6306108871410422,0.4654899651654699,0.002833302815755197,-0.005092222511254962
2021-09-09 00:00:00-04:00,0.0006638289863316047,0.5057387545959312,0.9756265031552289,0.03109062939931113,0.969419020987504,0.6220042779416313,0.19559441879649947,0.5195724173503524,0.9178557447302886,0.00270986803234559,0.19762577871866846,0.23650867488245017,0.1070257351194126,1.011985988277926,0.026639835531578167,0.19818443221486756,0.1398647494701787,0.6129795154878153,0.4946133161744158,0.004935009582865779,-0.017005050853250436
2021-09-10 00:00:00-04:00,0.0013099973865368915,0.43786011011358833,0.8929835381207412,0.031290775171841693,0.9578600914841847,0.7744527163421279,0.5229291515387209,0.4705052022733531,0.9025313930532909,0.0035848683733428624,0.24504887021707353,0.30672249608308777,0.1081791505992101,1.0083216943562232,0.01801343891629165,0.34926208987117224,0.16206744533269238,0.6001848907367163,0.5163613979885403,0.0004889601319377819,0.05240189579839338
2021-09-13 00:00:00-04:00,0.004971076911170951,0.9952818123776559,0.13608325709978156,0.036492718532984345,0.8581862545027296,0.921604808376242,0.8687564153744918,0.5205747310083342,0.8523599734530947,0.0081752138487622,0.20168538753736504,0.3482761883466565,0.16661414336373612,1.0713120721048832,0.012038855334401171,0.5925132364146339,0.19057653042316225,0.5376734883779511,0.5840884441558132,0.0016512927105456821,-0.01548054464509041
2021-09-14 00:00:00-04:00,0.010597157812284116,1.0064836778482036,0.31138432391611115,0.031815313448926456,0.8796025605485236,0.5921942106578088,0.9650605730221761,0.661917180312777,0.855294798194227,0.008361834259483256,0.3010694789779495,0.38821297872819077,0.18211455177416794,1.0815483848814826,0.01984220795696931,0.7688334076928384,0.20087406231761937,0.5146029499835005,0.5616796410208419,0.005871135023757117,0.020911251555957078
2021-09-15 00:00:00-04:00,0.010470618953979449,0.9170486109682697,0.24846999187837443,0.042590557379674585,0.8370752710798367,0.7627909094890957,0.8811871403456295,0.5598951748831947,0.868851276760658,0.008521989424220102,0.2038485560671637,0.41993469523787635,0.25321340678034016,1.0475150158557984,0.018685415854648356,0.8844998721468226,0.222705358403326,0.6767611181797204,0.6444699644085771,0.0,-0.02842190554888724
2021-09-16 00:00:00-04:00,0.008852775938069674,0.736451141154527,0.5868767953000266,0.03343448171973874,0.8313981338835048,0.7740516881251198,0.9063759177279852,0.7095960628707468,0.8704015294440652,0.007654637036652116,0.4042236533090265,0.4726758449304023,0.2622614361714749,1.0427721714712062,0.023509903020447764,0.9540969688791447,0.23795469431132668,0.772596599072534,0.6257667084862166,0.0027156257681953807,-0.0019609226033797666
2021-09-17 00:00:00-04:00,0.01591709588986323,0.7913624944658997,0.1759662732115235,0.03112776773815565,0.6548210008082543,0.20543786685612273,0.3715932261322337,0.4723839749640827,0.8610497162622073,0.009399644783878709,0.3152112238131971,0.505490293681758,0.3456465110235945,1.044628234641778,0.022342745870964964,0.9438322756949964,0.1983269605118182,0.3748701834077101,0.5546899722703021,0.015156458538543232,-0.022105931299742476
2021-09-20 00:00:00-04:00,0.00431084671996335,0.45337432666297833,0.4545169213453486,0.0459192519280619,0.41365164080677863,0.22582211838183341,0.6338527432002392,0.47807843412681755,0.8831758854567908,0.011463959113054596,1.8277798122971012,0.5297574333309367,0.34783846649513106,1.0236426869725748,0.014451797454057145,0.9147559920190956,0.22160014620907695,0.5037539261351174,0.5404391506199522,0.015250542573096755,-0.024447327467065127
2021-09-21 00:00:00-04:00,0.005734587155982279,0.4220843890335825,0.6186903289732831,0.03549410311099661,0.03956301578707403,0.434553580407866,0.6340331228849584,0.4866455192188113,0.9059902193313255,0.016359334026852936,2.30072984648239,0.5487047566057439,0.35374866955436546,1.0101221901590463,0.020184501328654136,0.8407576109739845,0.27080301608262203,0.49993926423928353,0.5528719985588386,0.0038326870299844316,0.005149182355245863
2021-09-22 00:00:00-04:00,0.0015443032326872034,0.5232078232726536,0.954230210096456,0.022128401290682283,0.10258138572721684,0.6028252085717224,0.5974958498823748,0.5516207741811082,0.8652136811538893,0.022408696977757547,2.3183656036128526,0.5574284436298562,0.46882787743560844,1.0286798753068087,0.030155561856441956,0.6941285394484646,0.22395155516310236,0.5069329026795956,0.5339076174217867,0.004729773486243412,0.03261613472734615
2021-09-23 00:00:00-04:00,0.002462614510181073,0.5176328502065551,0.8738549525484199,0.041467517982131746,0.2692726649593403,0.5828476908946632,0.2673623917081459,0.5450145986562929,0.8140627864954251,0.022199691991172568,2.0705253870016596,0.5512091745274054,0.4990333366553578,1.0291379931375595,0.022572738753386154,0.5490086234861745,0.21621130757745533,0.4611907375747462,0.5312954394927794,0.001877078473011702,-0.031089935926978285
2021-09-24 00:00:00-04:00,0.014196778156406032,0.4494256308860111,0.0958952355453926,0.041673557041504855,0.2930234455569563,0.7302278498769754,0.43420899628838383,0.5588029783778317,0.8803706253947992,0.022186240021049367,1.9951683567784764,0.5481662325669883,0.5331761604990697,1.0227960165476553,0.02056671481468624,0.4655948980995971,0.22441551501947304,0.4317692508525328,0.510506811567235,0.0008301384267068078,0.0663937558182015
2021-09-27 00:00:00-04:00,0.008914740083543865,0.8173464899154844,7.117410676187834e-05,0.0426240009999766,0.6965806307388505,0.8944997024018623,0.865482749754112,0.518830173447577,0.8584727490706368,0.010026306197713433,0.13960382581636588,0.5435120240761034,0.5608976896263396,1.080830514709424,0.015006879966940289,0.2918639213102328,0.23884253271532987,0.33640846793500234,0.47313408062145507,0.0,-0.006081997969018427
2021-09-28 00:00:00-04:00,0.014663259655053043,0.942962748306344,0.5551520388834706,0.034216307656847224,0.1568810287371059,0.8795894071068612,0.7716195413814744,0.43827969655207705,0.8733247411785957,0.027233363178499757,0.17471219518005948,0.5715401651248482,0.5686933645234711,1.0805241947550595,0.028943749595338603,0.2688501371295557,0.25027183752594145,0.31489592353943663,0.5529101650817471,0.004257279263035672,-0.019967568842914063
2021-09-29 00:00:00-04:00,0.014606991177229354,0.8023785020508202,0.5955162834541263,0.02445347589037196,0.008751065926829985,0.7980948312904484,0.8078313467842901,0.45509131673537984,0.879201820997503,0.03412326608502511,0.18641863528540395,0.6030657113588692,0.5624904798938419,1.068175420470654,0.03060236355491024,0.21171883759455973,0.255166788988368,0.2869078299927509,0.3796755277919951,0.0035627728049088384,0.01199457537493731
2021-09-30 00:00:00-04:00,0.01959398431271687,0.9057708992312541,0.1945690675018183,0.033687612546043,0.06590728929280774,0.6537846000727269,0.6624870342847594,0.3812272398263416,0.8752332788416481,0.024216509284806287,0.1414842728194775,0.621604158708001,0.5684290587632581,1.0531725425918812,0.024967970444082416,0.11706687876714515,0.25833297442620157,0.24433234306540844,0.4749458257245297,0.014063787226360201,0.007955801675290974
2021-10-01 00:00:00-04:00,0.019343106878664643,1.1153401645576735,0.20195762114862365,0.021030623524476554,0.251491119645521,0.47311486399078745,0.6304907948419358,0.3296762199162341,0.87392595471877,0.0200465583038086,0.19457631436468,0.6451231231824872,0.5602352017415647,1.0477189903845325,0.024823636886233878,0.056000957142039606,0.2552448579653694,0.5494406103702711,0.45509323941902274,0.01011399998162771,0.041237162992799004
2021-10-04 00:00:00-04:00,0.003392599851504697,0.8386344878900194,0.11028499550017351,0.03676120539355026,0.5460370772554867,0.5213772137466887,0.648576575222631,0.7854135479033018,0.8423890118640042,0.012973668892801757,0.1456279965232873,0.6719339411591466,0.5625155060303466,1.020146193088333,0.009648977713367791,0.03734352783068596,0.26190766896563056,0.6487208080211632,0.40651428193595435,0.002852167698224614,0.035272427406080054
2021-10-05 00:00:00-04:00,0.009851773009482487,0.6714802650520021,0.4881255735121475,0.03786492978834112,0.7112041790729239,0.8007827051765939,0.6283625046288571,0.8696865401173004,0.8126490178952827,0.012892632559240854,0.1640210331649882,0.7021333939810315,0.5748569171279603,0.9934886244095258,0.021305346400411186,0.07763318552132795,0.26631791749088485,0.6250938209575678,0.36476483559128,0.019008515197588723,-0.04408277454434095
2021-10-06 00:00:00-04:00,0.0054961754953837105,0.5689816623519329,0.9120332568099776,0.04564008396600307,0.7221232979247361,0.6119112298858389,0.8089463961152131,0.7017281951896196,0.8356819806098812,0.020091988589657033,0.32930267004140606,0.7266113037858142,0.55894539085643,0.9702254944619774,0.0392621441153714,0.1667953388197265,0.27847696783264914,0.7427450317075015,0.30296012144456735,0.012090117483685622,0.012193289203460633
2021-10-07 00:00:00-04:00,0.02223113387179902,0.6142250589296597,0.5035104473633412,0.03264089298353075,0.6295896714706125,0.3719539646073613,0.9233488126871573,0.49539119046782265,0.7800455660301288,0.02236905790794163,0.31490822252542694,0.7454676661594926,0.5400858848664133,0.9860646317124738,0.033036725645213545,0.22742740290132427,0.32459553128450264,0.7404003337986255,0.24663803215102006,0.010932327996053655,0.015907495662538906
2021-10-08 00:00:00-04:00,0.023818108373598032,0.56725606805404,0.18065650776576464,0.023829897869032383,0.6332164547648453,0.41626907947352143,0.9380944245664947,0.17404868319582434,0.7660190618895619,0.021901478950640856,0.42056474698800855,0.7485761258775964,0.5031468866168787,0.9733663907011869,0.02640978062843016,0.2894872257402625,0.32705720850064374,0.7874547705725181,0.14394065295598202,0.013000894919380866,-0.04636683161509414
2021-10-11 00:00:00-04:00,0.013438549327583258,0.5534352959926376,0.00022728674727509298,0.0698436684264074,0.5770957254561752,0.4685940316962745,0.36057338165754804,0.1291131401711943,0.7940780977701324,0.019013406533301885,0.3438196678694448,0.7510344060700019,0.5157708535958349,0.9513826443953186,0.018389886372529574,0.32745185916097796,0.29946863380325944,0.4665896964860089,0.1256422994572607,0.0001488953284586111,-0.01004303070103807
2021-10-12 00:00:00-04:00,0.015585482702921084,0.6667856479702245,0.41398661621648924,0.027087713703146,0.3516025732940896,0.5967897396479448,0.08702632672547866,0.25257165421034766,0.782296841650187,0.029064868526475877,0.3939555647142969,0.7451499495329165,0.4992492641240709,0.9651926766819604,0.025998703624518307,0.38772663615763436,0.3184691974651523,0.47166569935911623,0.11148511458920596,0.007372961836396058,-0.0008050782287069014
2021-10-13 00:00:00-04:00,0.014160887421965127,0.9717433831043247,0.37425431424824934,0.027302077302896934,0.10573617277906908,-0.3339836445214954,-0.6164719066553159,0.3012912279011319,0.8135078329773153,0.04011830040482396,0.08027043805693683,0.7348032992615221,0.5134674374107288,0.9921477337308672,0.023992004043281088,0.37544022139518074,0.33937714181944995,0.44208987008842476,0.10960330017454287,0.012439425505373358,0.0315875218518491
2021-10-14 00:00:00-04:00,0.007844749277658492,0.8420490294535533,0.7222818628062911,0.026503761754138412,0.006311962275941412,-0.38065523641769083,-0.7522047242044034,0.24496174657223754,0.8219669470640147,0.036932574791026705,0.1042749125254703,0.7241115329838763,0.49297265503864096,0.9971003429875561,0.026390923931419088,0.4262024074023355,0.325512489684228,0.3659041358162655,0.05092776230779477,0.008252605251835092,-0.019684474727518664
2021-10-15 00:00:00-04:00,0.020687632732161145,0.8150024645778386,0.1785088082310115,0.041385607551369996,0.09096055928749079,-0.45198159305284463,-0.6325022618281211,0.5259268827868027,0.8546206737108704,0.029011626386458586,0.11920013818552827,0.7271562150394233,0.48290703585734995,0.9958351203858655,0.02516739037747733,0.467115713353864,0.33459844281730594,0.41627459581397785,0.039446235774796175,0.0032188701923497047,0.007012144738404835
2021-10-18 00:00:00-04:00,0.00530887587873465,0.8015507955144056,0.1522196941495255,0.02253180124236428,0.43820474786426084,-0.4307545105034038,-0.22772718206784762,0.5789953188475021,0.8614043437438688,0.01636900670056788,0.16908505624829925,0.7283265184413887,0.4575372508391068,1.005934890875896,0.012506232905267128,0.4438965335421323,0.3320533461869658,0.2504253499739128,0.2252604250476578,0.005254745547236749,-0.021680912927401264
2021-10-19 00:00:00-04:00,0.004714022921807684,0.734624117288591,0.3107499910304315,0.025889470962797867,0.43387571419564264,0.06705338327018301,-0.15995026966426615,0.6469894768177884,0.8867618011466126,0.016823874570411564,0.21226649155629074,0.7349456434357151,0.43955726705658243,0.9974839173036757,0.013213993221535233,0.3841977051422101,0.33546594846688027,0.06610525905529993,0.24045013372082316,0.004764918065803008,0.007926280465077262
2021-10-20 00:00:00-04:00,0.0075535022235794355,0.5868919146882079,0.05225876225921909,0.029952732032390985,0.34926871624316036,0.16900172082707332,0.0604304777741764,0.2815179648996909,0.8762806724837863,0.012436729236444887,0.16386968625010714,0.7343674194034837,0.4279924063046123,0.9935045413593768,0.014208280820487211,0.22516990957001745,0.33545284644673534,-0.33364460366874316,0.21288325550565657,0.009767189828103215,-0.014122935591745489
2021-10-21 00:00:00-04:00,0.0024316987831112294,0.49546656041237613,0.6653434885679123,0.02782273098016738,0.3732452486425115,0.7682338410586226,0.48453780387601153,0.4451896846087446,0.8965961643722196,0.01239691404286744,0.47099981470393504,0.7340011657729414,0.3888623259430327,0.9936099293334248,0.01366331584604539,0.10220048166368123,0.3472516421242012,-0.1347322358851669,0.2412576491879657,0.015043680196809132,0.010418413660347792
2021-10-22 00:00:00-04:00,0.0018960569361190025,0.4606514499577884,0.625143585086988,0.022280089594822465,0.35378524602777744,0.7706269152818884,0.7079413256520222,0.4022727810407947,0.8857510671665012,0.012064218617163723,0.3210752326365562,0.7288449252222724,0.35706697950184413,0.9874730724082548,0.011340793596587156,0.02276972799542833,0.3484841646103793,0.05038920752161876,0.2754721285922699,0.010408248282254043,0.09150953718224586
2021-10-25 00:00:00-04:00,0.0024508320610569408,1.69460660397324,0.3975403245981457,0.07188326043892061,0.14389593046683566,0.9554191657810983,0.9731552863805422,0.832412021114949,0.7925755678129861,0.00503728315329838,0.31093739049762475,0.7262416043805122,0.3822353905662793,1.2752479881557137,0.009734849687662308,0.013106013462721446,0.46723682463912763,0.8777514126386492,0.5496718095413266,0.010402141679068494,-0.0025091341254966926
2021-10-26 00:00:00-04:00,0.03335247416166853,1.7909613425255084,0.48689232097798757,0.033102838893501026,0.12424204165053519,0.9031016906043691,0.9744288474676828,0.8073964457895092,0.7835437366050236,0.031370244159044804,0.6167728298330473,0.7334946736556678,0.36517070392374196,1.2795775501312991,0.03896204760831689,0.008852067736940116,0.4658524426609892,0.8617913423877513,0.5730625197632677,0.006326324811729081,-0.020272451265288205
2021-10-27 00:00:00-04:00,0.0272229265859781,1.6628461187983465,0.7141330765696778,0.03402371455138874,0.2880718718546476,0.8993448638329568,0.9556046650728593,0.8222236621889093,0.8188127833818014,0.04113127092690426,0.7021771968335943,0.7373868558136337,0.3351319045508731,1.2702645707456466,0.047644721612031246,0.04342179889508389,0.4718129715535545,0.8586702714296397,0.5884307300728667,0.0010354984675188118,0.0010572894630709317
2021-10-28 00:00:00-04:00,0.034180044490857264,1.7006457803452173,0.6135893369817892,0.034947013796046277,0.34011008317002456,0.9334861391752379,0.9548900729830968,0.8733996230498084,0.8165990189961403,0.0408792769453723,0.7273763458560928,0.7434933662520903,0.3059705962719627,1.2699286254002968,0.04589460496835046,0.0399588545858599,0.47160042541040736,0.9213599495065175,0.6099850410650736,0.010741287456317054,-0.03832219824626193
2021-10-29 00:00:00-04:00,0.0407320995985682,1.4008525818945026,0.22407894788575114,0.05967010359277021,0.5182645816881717,0.7451364482291634,0.8424900593545321,0.8308805761475991,0.8449315661418986,0.034074369268845286,0.4921078019943037,0.747993738504264,0.28589364171755544,1.2328571289219907,0.03605327411852015,0.040888878539307526,0.4540644294622092,0.825811130105904,0.7022784086791708,0.015292361385791011,0.03216186549837263
2021-11-01 00:00:00-04:00,0.0038908931594149026,0.8522552737370723,0.843138012752625,0.029961136992339443,0.350492238823356,0.35227479785356675,-0.09160896149663512,0.841404018367575,0.8311372794145047,0.04304912189705088,0.3537739402884355,0.7386865511264081,0.2680950384008577,1.2006641578916848,0.024393660285635617,0.011297416369451547,0.45906858454137295,0.8061580379785586,0.74448544928759,0.0,-0.006383941517238867
2021-11-02 00:00:00-04:00,0.009882430573394775,0.790310906793903,0.4729865907010833,0.016408521850125486,0.36801402022679114,-0.2601329867890536,-0.05459062263577271,0.839365955700336,0.8215836298552183,0.04264269227272377,0.1527334047464516,0.7413883185098825,0.23123980447408587,1.20474343877968,0.02127761406021015,0.03913310061884675,0.4826562268851529,0.8086101938141501,0.7554828643701469,0.008587602613954108,0.03334870067380269
2021-11-03 00:00:00-04:00,0.008999366884094973,0.7826825231958492,0.10928782404076234,0.06811003809649883,0.2319745749821439,0.4468197539398013,0.3982078500113332,0.8493992255509742,0.8162474819397,0.04324126102232142,0.21412516846484794,0.7371388488833163,0.2427516966751698,1.1826323882742846,0.01536440368416813,0.14990740791229484,0.49738725309177906,0.8206443296874757,0.7687384066500159,0.024958707093547198,-0.028867530990359547
2021-11-04 00:00:00-04:00,0.014410681914146397,0.5237309854268775,0.22562828636586268,0.05067368404115679,0.21313090190307482,0.5467474095244562,0.5718300284780332,0.8602649165988427,0.8623188725024827,0.04377725006062602,0.387680538401242,0.7440197617140618,0.22594250481337705,1.1921739070312392,0.021159563947685353,0.24332007176624235,0.502770871467961,0.8364484106982544,0.7730448261527936,0.0010251859413542741,0.00335371391675654
2021-11-05 00:00:00-04:00,0.01046274662829759,0.8003272489051666,0.4085439188548568,0.02078609173519179,0.025332678444428856,0.6076742422802426,0.8729408044456882,0.7493502888676217,0.8876618006669786,0.03379211341649372,0.5230393639191334,0.7507110354549837,0.24974086575782967,1.225908393337358,0.02059556734842677,0.3166826707166685,0.5271140587139632,0.8274316038015126,0.7590254775190156,0.00823882322560653,0.006077054024282713
2021-11-08 00:00:00-05:00,0.007233814738914052,1.0989383831598036,0.0027735764083000602,0.016578841428981667,0.14224353624657368,0.7218939145227432,0.9388381469661026,0.4834241659705898,0.851994781412933,0.013889894740207768,0.5606716450482563,0.770624245795667,0.2441420484111269,1.255684306922532,0.013148715749673188,0.47049500194713095,0.527372574339624,0.4809698105016945,0.76162417633202,0.01326307314318528,0.017366559918432056
2021-11-09 00:00:00-05:00,0.007000479437218969,0.876183850518103,3.023092928754726e-05,0.036418838699668686,0.015187313799360147,0.8260780726725895,0.9005597211652591,0.4000978390031639,0.8232945939441982,0.012513258384184467,0.30836656597544054,0.7762519714184015,0.2700505715899009,1.251356078175413,0.012806435369010771,0.4766089414547842,0.5362335787362355,0.5693720936302662,0.798378088801165,0.005462831593565159,-0.06338150412581
2021-11-10 00:00:00-05:00,0.00803988083599539,0.8681381190690862,0.0021064040209193917,0.06322869126692082,0.14431209781286083,0.5408847518717046,0.6822995569754273,0.3798650491476603,0.8623182426507984,0.010945457707205558,0.4597521771864447,0.7797316278726181,0.28999689219910324,1.223686486962205,0.014195775695829393,0.4835285517652669,0.5307089716728515,0.6032489010367238,0.7836836760114433,0.005082214422018642,0.021236297663871362
2021-11-11 00:00:00-05:00,0.021196507981555403,1.022045078490818,0.12128930529422374,0.032334432214816765,0.00047551279092810197,0.42815203728812357,0.3631887854756224,0.48645588517059823,0.8081568794174209,0.02157037602090551,0.5409898600407558,0.7526097133296398,0.256148888310997,1.2298330304150176,0.02430650532656576,0.28013221093134233,0.5106353041729186,0.4648344248238718,0.8070994355764874,0.0047319092198342865,-0.023587955711750763
2021-11-12 00:00:00-05:00,0.018839449649362593,0.8782863041392903,0.31601169469458645,0.027368168820454664,0.006531929436450463,0.6032775841478499,0.4039047211776008,0.6597239259962117,0.8205750475794752,0.023025249747411235,0.6687151653476532,0.732610005365385,0.1953158693985873,1.2234148653598553,0.026284911730028053,0.23195903574300522,0.5270376421435038,0.5890292786434572,0.8140458260371942,0.0025050861137909963,-0.00810546652228361
2021-11-15 00:00:00-05:00,0.015463859524915375,0.8199190312268411,0.5984958445150287,0.03801448302612529,0.33053967352798397,0.3772865345661555,0.34555311973165814,0.560678039581446,0.8384232601282295,0.018608955213677555,0.3311046513373096,0.6994575034143545,0.1958984054757259,1.2283853460039318,0.03120886197444089,0.0993445908349955,0.5091977896276879,0.4856834768549619,0.7509113344578179,0.015708451184369025,-0.0019228215026625417
2021-11-16 00:00:00-05:00,0.014857305049782618,1.11493305228673,0.6358332989705593,0.016280871799262044,0.5273806174464916,0.3987849552400458,0.09768078365898657,0.4788528479917976,0.8388184098394399,0.01783021958872949,0.360100947291993,0.658822277752635,0.20985620903933422,1.2272216671124,0.03215154508472596,0.02031040939454096,0.509435041257372,0.48430086375467696,0.7010064277496858,0.004788495287372384,0.02343866348360124
2021-11-17 00:00:00-05:00,0.003987598822004762,0.5066758916783329,0.4535937548475158,0.03489117031286314,0.7317040712793558,-0.5872195794206436,-0.4703548452276444,0.4915898873248888,0.8266668197875613,0.012140395388983207,0.2917515877366669,0.6158292419965604,0.1954722704882785,1.2146126958040295,0.013441537145029325,0.007572339470891057,0.5004410096097698,0.25921034981304947,0.6780114798742711,0.006081963362665357,0.0075296192601101986
2021-11-18 00:00:00-05:00,0.007298495747162637,0.6137756322538533,0.12011940270304891,0.021564658789644,0.561472115868312,-0.5823202428146516,-0.31169037461132226,0.2657060316091137,0.825626534029116,0.015306037800705436,0.3068473197502764,0.5868289588712086,0.1932283754516062,1.2131059108623956,0.014276670367338163,0.06164776969478912,0.5012051670226562,0.15445408018671972,0.6714671061269063,0.006768460781332672,-0.03876714807494552
2021-11-19 00:00:00-05:00,0.0033194911112730584,0.8644532144225039,0.5479256398468645,0.034939413381359044,0.4168878187589759,-0.4821657828120648,-0.4975203227010495,0.1618586937612016,0.860220538983996,0.01996100263769566,0.21850950168555097,0.5617021554730075,0.17328499446126802,1.179376860973579,0.013700570043924023,0.22101138042900417,0.48338728869745085,0.08817340215992957,0.5536639696506351,0.011327423352154812,-0.008422336803913466
2021-11-22 00:00:00-05:00,0.01141548798942339,0.9638008427127521,0.008093294531615076,0.022999645778120713,0.45694214340194395,0.13309848532676374,-0.526780323499758,0.3680165477798744,0.9046063110417858,0.020301390915762236,0.4143993767725632,0.5059297581335763,0.1537045272209189,1.214464330248162,0.017224882997441848,0.5666678575196702,0.46687832069618757,0.09328055162656021,0.563431019417335,0.0011337818743311176,0.051956134057535186
2021-11-23 00:00:00-05:00,0.012265340884083346,0.7456231261477757,0.25670993206561765,0.05045728090454422,0.4423482786453322,0.28500285784237034,0.33975732807285236,0.4450353443966525,0.8507662832526814,0.01897381579533702,0.19794798638451955,0.4378437495719176,0.20441589067812144,1.1804128528189757,0.020109732069130637,0.5790134009850101,0.47765666557345005,0.2167776152459342,0.49003694101466083,0.0016329569901616262,0.011573394908128254
2021-11-24 00:00:00-05:00,0.020615061106912445,0.9225339734628506,0.03328209889576106,0.02354611081719885,0.024919110710748902,-0.10550189319759815,0.30408194377094233,-0.2909187839359114,0.8566900433511747,0.013882327944135076,0.44055585815262405,0.40902669888091303,0.08865602636987616,1.1995849238310512,0.022729473260382656,0.45897257029557526,0.4719372178913356,0.009898279728065704,0.41073149445237694,0.0,-0.011750323553473052
2021-11-26 00:00:00-05:00,0.025132292618183175,0.8543152106459823,0.16500972771481745,0.0553972773519166,0.01780745665774434,-0.052615699231788375,0.13368155096496326,-0.24438608234316936,0.8793021889171225,0.018949306058291832,0.24161439668056606,0.38642447951575665,0.1231058800379661,1.203935391802829,0.027163701156384158,0.33083640630347855,0.46131090624790033,0.012564743192909282,0.42197706633038573,0.030547646341458783,-0.039893526091606346
2021-11-29 00:00:00-05:00,0.010352855518522046,0.867891987560493,0.6772527308232774,0.05578865948274481,0.2093585496295644,-0.2528953238312777,0.11424416999952512,-0.28940496266917737,0.9430172583877148,0.01574809404702077,0.23019211102209908,0.35558186121635343,0.12877073891396348,1.1956773644963168,0.028618883544797562,0.25018975314254793,0.44733083582557376,-0.08743339503893205,0.3751791444264807,0.0027972076059669874,-0.02981888214918993
2021-11-30 00:00:00-05:00,0.03209125207121821,0.6121547652282212,0.011034811996907357,0.029981802307686243,0.04591583444761314,-0.5158424505320214,0.02145471602886457,-0.5406279560546012,0.9843409231937651,0.021897039631167407,0.2570834644882712,0.29483746199849065,0.11100773119439868,1.1695366868823764,0.02922337147807691,0.39130019813848754,0.44148401494912576,-0.10524796328491508,0.18967359520721166,0.010104366757399041,-0.042660456805197144
2021-12-01 00:00:00-05:00,0.011294355792299744,0.6183517352178025,0.7842198869650814,0.0781504295043676,0.047495576196048696,-0.7407148749304869,-0.3192443667592287,-0.5641718731204366,1.0421393203451799,0.03455101418176513,0.296541719238352,0.21371001544124624,0.07496275419148657,1.150011268557148,0.037933203009548104,0.4546434639323218,0.44232848481600534,-0.004678248737554094,0.038787546955155586,0.004070335516981471,0.06807009978539513
2021-12-02 00:00:00-05:00,0.0023965561208555653,0.500278385519852,0.9770692258900003,0.05341298890131379,0.32897647364082233,-0.7638546542959136,-0.05691815438901234,-0.5791374780353994,0.9928455440117693,0.046467132918218385,0.2886688566708537,0.11870407399914253,0.0814693898165115,1.14174896587633,0.051865558168997836,0.5267878471516815,0.4221566369140315,0.036096903499336676,-0.0028330520298300754,0.012969254971377502,-0.009034127626169508
2021-12-03 00:00:00-05:00,0.039244737233957834,0.5344685254466346,0.423914148566955,0.041639437739551644,0.29393768342058985,-0.3963809631188726,-0.06772733595896722,-0.5196098630641992,0.9967949261624228,0.048220655997751306,0.40364014111121027,0.09012890930449995,0.10630470991938876,1.1419445447723322,0.04206417460874138,0.47875916012896974,0.4230765183630344,0.062228077341386474,-0.17469088602918628,0.01159377661185765,-0.00895090288202205
2021-12-06 00:00:00-05:00,0.03138578536747702,0.7408602207799916,0.004633907512090182,0.05297847210567752,0.231717360518835,-0.17130306492673408,0.07835932153612506,-0.5136891306011836,0.9886940824649424,0.049387762433873494,0.25919350788221,0.06005908275640775,0.11500427603026975,1.150027284967204,0.02874701511522698,0.477192982594752,0.41549100933043237,0.09996461832338997,-0.22733164657330207,0.026123040008314852,0.05669834703803334
2021-12-07 00:00:00-05:00,0.018842555474884934,0.7458120192402203,0.16428754303532067,0.05656009459636017,0.344953174446985,-0.512069520529781,0.07857547955259403,-0.5293723742537048,0.9846741311437937,0.041731539065577875,0.3993402546014014,0.029507711431411017,0.11785253886219148,1.1415553793047544,0.023647412523477306,0.4704971202847703,0.36778185095049987,-0.053154584926210384,-0.22418152402612906,0.00011654960576707521,0.020259674793424942
2021-12-08 00:00:00-05:00,0.017473989018986412,0.994495825050315,0.6427335668225912,0.033107398371666256,0.22495216344835592,-0.774113439200411,-0.020702891411904446,-0.7046580007288931,0.9501804915420579,0.051330388437766085,0.7007174501846166,0.030415624161249474,0.09783028955233154,1.1484203515332425,0.03448154568453407,0.299310816393017,0.34888618582128855,-0.3097006418018486,-0.2863033585885113,0.011666430315410458,-0.017685270437600487
2021-12-09 00:00:00-05:00,0.015071040067798655,0.8884769805825413,0.6261914565311402,0.017491342993466212,0.004174961101266154,-0.7759497428315822,-0.4795106437213149,-0.7647687515230582,0.9875144143022201,0.07067667728788929,0.4986982242908824,0.03227443379903993,0.09389564429173425,1.171341994489552,0.031587006945342874,0.0821489454932317,0.33435833882129967,-0.32106418969322037,-0.5867198900400359,0.006775926747231707,0.007580437074042212
2021-12-10 00:00:00-05:00,0.013213129284869797,0.9453636433141847,0.6821955577333779,0.023273944734436426,0.10951725484817368,-0.8398258339464509,-0.7434950326584823,-0.7434928811778069,0.9522290604181833,0.05499313407500133,0.4303952591484617,0.03461450775178401,0.08477802723404998,1.196582297339966,0.03195541575347943,0.04109467198833768,0.32108324041820074,-0.33041740638846806,-0.6234294754145328,0.017025932673271047,-0.02962366553304141
2021-12-13 00:00:00-05:00,0.016779961033501756,0.7924638181713206,0.505587144189715,0.03150357343368302,0.525519170518818,-0.9189796729176172,-0.8248341703150284,-0.7953200577983011,0.9793744748031817,0.029831949255007633,0.27530382904715045,0.031301000134703785,0.09161280831846018,1.1843424826593913,0.029309074861091522,0.0017114965226083553,0.36120266660876116,-0.34258726113942817,-0.6097354982084414,0.0014319833694976948,-0.0029076178072610093
2021-12-14 00:00:00-05:00,0.006494157601133218,0.7349138864427618,0.28952983838804214,0.04010432145994824,0.5800779116677296,-0.9284473074501872,-0.9271448099588065,-0.7896379111038734,0.9605173071729798,0.026622851473114093,0.22013321004099834,0.020428369452974566,0.17882163151012687,1.203456575211581,0.015232539216452954,0.0009239373107164254,0.34655885455857455,-0.28866941514674377,-0.6138270287988862,0.009292463211710142,-0.012797576579009373
2021-12-15 00:00:00-05:00,0.0024756435857554737,0.7276317642067344,0.8330864447276125,0.024592805928461886,0.4189774449719437,-0.838681502842639,-0.5339372075759755,-0.7670939761197939,0.9491824612621939,0.034330938749843616,0.3267802345121328,0.008163437547871234,0.19217427794295072,1.213674755887867,0.019528953184136538,0.002349086407343628,0.3463621550355352,-0.3451363403397449,-0.6103779989663016,0.012866401973900715,0.006891987393724319
2021-12-16 00:00:00-05:00,0.002454747115150772,0.84889340732866,0.8316817132619163,0.02990743763258652,0.06305500507304226,-0.6925399571123437,-0.510361924715443,-0.7339151391387322,0.9475395442496103,0.027463736880495634,0.2945972369042506,5.048720898895683e-05,0.19382548310872164,1.2126837689271726,0.019298652843890228,0.010838749159669552,0.34583847103628845,-0.510134035194703,-0.6052971676427442,0.001900882889008528,-0.009778571529886149
2021-12-17 00:00:00-05:00,0.0037244505812928847,0.7431805268960112,0.7069790325662,0.035568612703732,0.001177381156100279,-0.6022196455734584,-0.41376031236950633,-0.7334708481412532,0.9881068956425584,0.02838578038788241,0.2526107392329547,0.005444729492382289,0.19493258178813416,1.2337505193530596,0.01810526411732392,0.0050402954510678005,0.3442787267538516,-0.6379273784307488,-0.6096819941481856,0.011421062779994792,-0.010862240621446029
2021-12-20 00:00:00-05:00,0.0006926133828095211,0.3543822585947551,0.7320764324021783,0.033450686658307194,0.11926470089539366,0.2694518691041658,0.2738798233089363,-0.7799652783460269,0.967900281321303,0.023737922691842425,0.1709775761700963,0.019509511035424115,0.19987116230835905,1.2533137001164316,0.008209840044752248,0.0010144154825912786,0.34666620369339246,-0.6374264039042424,-0.61131348730649,0.01358144813687466,0.025457604634560704
2021-12-21 00:00:00-05:00,0.000900653663787711,0.4048459640840988,0.7727950768514182,0.03999342284897001,0.833352966607059,0.06787637403472177,-0.2726016940501549,-0.7091511382441127,1.0065387506912555,0.00408641592924536,0.2483478851238154,0.06013476724057833,0.22187022366516748,1.2709856959172097,0.010039357073612866,0.01524490149746592,0.32622966252891894,-0.7160963429215345,-0.6046908432070128,0.008887378468519506,0.01265617212828607
2021-12-22 00:00:00-05:00,0.0035468186218910293,0.46828156081165784,0.0010366471994116913,0.03137191630063157,0.7283007006826373,-0.9478144759394379,-0.886307978933517,-0.733365622961242,0.9879137772411436,0.006227681536746555,0.2795321851229738,0.0751560841529327,0.23249754489491595,1.271706740907232,0.009441686253915192,0.02891629503467056,0.31790268841898256,-0.6768389478444191,-0.6443510601610023,0.001137836383344481,0.01233762318026832
2021-12-23 00:00:00-05:00,0.005511512366490593,0.38126998221148556,0.28782499428571584,0.02298481391280009,0.3176455317736608,-0.587811703189646,-0.3267782540587632,-0.5809783614716262,0.9563879862941844,0.010022385147677091,0.18049180492110378,0.0893018014408099,0.23778701097531915,1.2824217207496602,0.013854287425700247,0.0013434257337197133,0.3183769359812826,-0.41624091040767514,-0.6982545084025457,0.0023942780881965474,0.04226043017247294
2021-12-27 00:00:00-05:00,0.002411807326443369,0.5157860271371948,0.8370166392164436,0.05900526256603733,0.008772237476611561,-0.561600244685121,-0.4114229070833012,-0.5466972143804116,0.9286157529009457,0.01347751016604371,0.23872872841416282,0.11139743643521333,0.21385357745284891,1.2740637670323605,0.018765222136975145,0.03614399600864971,0.297020438525242,-0.45931837801148273,-0.6692841533660532,0.015840329210845876,0.001670339923360853
2021-12-28 00:00:00-05:00,0.0026361964146921035,0.7332592288900233,0.9398520968666646,0.014606013442530694,0.367158254530976,-0.6372116276426788,-0.2302305904142397,-0.6259835756988913,0.9344427985510596,0.01781741132827556,0.3020672977311694,0.10093482001689776,0.1937555622495817,1.2832213209652314,0.032267867786327724,0.21790193961584087,0.30079594138013954,-0.21225999848371307,-0.7430850379245002,0.00999993988961879,-0.005912528822064611
2021-12-29 00:00:00-05:00,0.0030471472689104985,0.9767940950067892,0.9212033937552402,0.013675756864716485,0.6274241573501322,-0.43897234161002074,-0.1980170782249206,-0.689795219702648,0.9787635361598881,0.016960672250153835,0.21622489553379673,0.08708299376010446,0.16571056079147395,1.324578320469036,0.030399909982952285,0.3279007856395825,0.29129212989079756,-0.1613278535701286,-0.7786588937828874,0.006381981226657509,-0.018606228155971016
2021-12-30 00:00:00-05:00,0.007151087917856379,0.922876184300419,0.7416718086323306,0.030428101182567797,0.7943781199816826,-0.16542941300861308,-0.0344931799552962,-0.76880303379651,1.0324977914143985,0.011624769030443152,0.2481891002504208,0.06066270300887594,0.1389661758614801,1.3612011626482137,0.025963177368661706,0.3526206280905711,0.28820984868552113,-0.2799086682895648,-0.781692258303976,0.002905119381939706,0.0026417567143379728
2021-12-31 00:00:00-05:00,0.013051128278673024,1.204729371380836,0.0744195272266961,0.018040491556052158,0.7426604023483391,-0.23069131320683697,-0.5147979221916,-0.7077271052551385,0.9843819264941587,0.013856055457953842,0.3823426674322593,0.03579592172603445,0.07102586112439506,1.4033934316072103,0.01850553847697148,0.28427681434117325,0.2644762377218353,-0.2608163875946645,-0.7429235709338894,0.009797898179030892,0.03146331656429213
2022-01-03 00:00:00-05:00,0.0011653712176081998,1.1117285821430567,0.7895093720116896,0.03035429191050257,0.6826432961978743,0.871115114810365,0.823125209626522,-0.5540428494811632,0.9659914841464515,0.01576095942291944,0.16525322091506778,0.02702917187516282,0.05388321764667817,1.3923799627515843,0.011417569339276549,0.2865808744210215,0.2846134174726381,0.1725733681405119,-0.6791385123380794,0.002619386208758805,0.0034559367525131
2022-01-04 00:00:00-05:00,0.008456710174850687,0.9991736285610008,0.00047724291371429597,0.03587446145200023,0.6764603645241263,0.8907477962306853,0.8365856950466936,-0.19505001595258048,0.9779781588283107,0.015710585179133214,0.21512376933439165,0.010256053594844461,0.05552255887532123,1.4054562971034634,0.0140900690894425,0.31206031777768356,0.2904930160674549,0.16208280240619832,-0.5331122310634263,0.005680078396873829,-0.023809344787048103
2022-01-05 00:00:00-05:00,0.007047661673394635,0.8620871671517242,0.42568201401815586,0.06339053049916528,0.631678791364693,0.5424472060382273,0.5758805664945505,0.15715617033860427,0.9553793669651846,0.012865924376804366,0.26602075728494073,0.0006249570284566393,0.07128660164434256,1.4168792402663983,0.017174643638166977,0.31382428597861933,0.2973803919187036,0.09736309313744358,-0.33060962670189065,0.0007269998930686888,0.02377636361342339
2022-01-06 00:00:00-05:00,0.008522438775121688,0.7307161298285528,0.303348457518046,0.033490025540378957,0.3857271628114905,0.650912186347958,0.18208835481055835,0.3993068452043926,0.9238193967610898,0.01338945770269238,0.31505141314177315,0.0001288594331525977,0.0898458048053054,1.3958162127895415,0.016947787645065174,0.3740554929143624,0.28936145262178725,0.08937376023094556,-0.18616506692224769,0.011971525096246115,0.038357921524099226
2022-01-07 00:00:00-05:00,0.007704711160090774,0.4839010415951152,0.220854889727167,0.04414389528224925,0.29379598593374323,0.4470875735808656,-0.21338159217574332,0.43182185496416914,0.88897636426042,0.010055171617433406,0.3246058269369764,0.00015007085622501583,0.0979266915275628,1.3560630882177476,0.0149532066895611,0.5536773626817996,0.276555166204224,-0.0373930230663278,-0.04063390482261258,0.008323388358414825,0.012987090953731073
2022-01-10 00:00:00-05:00,0.013328609661575222,0.4799352370504737,0.3370102268628125,0.04131031399288936,0.32379379093411154,0.43255645970235584,-0.5564101954800392,0.73492369181,0.905299714855064,0.013878010915612565,0.2043314406103068,0.003833246964062585,0.1678882576262119,1.3596968325030718,0.021183727667734284,0.6770013721790028,0.2914008929244036,0.16075951993251683,0.20517347246934126,0.006957468363557265,-0.004415969233584338
2022-01-11 00:00:00-05:00,0.011119378206186484,0.4149763173582116,0.7111121755692691,0.03655240768117608,0.5638950775933451,0.5102257141490444,-0.35189100597830525,0.7808743745945051,0.8914158303784508,0.0164667133099657,0.20384831819609384,0.018280032733341084,0.21053266682881366,1.370155345372308,0.029376499601188155,0.8080946158827906,0.2903746154893406,0.17996121846129357,0.3215117917866057,0.022329679268098923,0.04607214864485498
2022-01-12 00:00:00-05:00,0.005890589834718769,0.6301898857875388,0.8596814590053267,0.058267565502950515,0.750209534388282,0.47543206466397314,-0.24510963309737432,0.7612562305803451,0.858130644588962,0.011613805178134696,0.18713639758190942,0.033459637217548265,0.2519013209688659,1.32787789897001,0.029996145779109213,0.8522894397113391,0.2804023273228733,0.04477469888638692,0.43933612225492735,0.01904625460543435,-0.04117049336344325
2022-01-13 00:00:00-05:00,0.00673076172826963,0.5968889727608214,0.8573126199360517,0.04800223898222028,0.8514290905593016,0.345935491935682,0.39981099177942736,0.6993875306479482,0.87557337669784,0.01244103593073685,0.4136828200264005,0.062059054682358346,0.2343953020781846,1.308395614793027,0.03247223828104636,0.8670559332094917,0.2979422828778456,0.2816439334323169,0.4909754594556284,0.0028637539783031084,0.02025664382266923
2022-01-14 00:00:00-05:00,0.015254002628015816,0.649145284741176,0.2292595280303898,0.028309849334888282,0.776277819226819,0.33195579332185277,0.5641668294681801,0.6304888773254392,0.8649915902950901,0.016280192856591557,0.27413809748321155,0.07645986577636198,0.24205910939679673,1.2880547629783095,0.02082360941147761,0.8689841275768491,0.3029253195999536,0.2906504445550903,0.5459233215857348,0.011281370159984455,-0.028663403525089004
2022-01-18 00:00:00-05:00,0.015124665485235198,0.5894354609162487,0.10979315745773935,0.06054802463479232,0.7354907634881713,0.2123150994186668,0.6113292224854241,0.46089108320814554,0.877940121758789,0.01740096675231815,0.262880834344032,0.09763072696691787,0.24924863675382178,1.2603826718077629,0.01957630542186082,0.879235145662229,0.29591570661683814,0.2234221225793088,0.5759128163024347,0.009589103803242582,-0.02792559388575122
2022-01-19 00:00:00-05:00,0.01972560565094572,0.37783068988562807,0.06605164230184292,0.0533945933467999,0.552424141009788,0.26811966312838537,0.5445392389625113,0.3266490032184192,0.9125709508825686,0.026973897341069347,0.2011579572897425,0.106348731378956,0.23078144459552763,1.2334130796667973,0.022137944518799958,0.8401177461907389,0.29241337960877467,0.22736112343952733,0.6164687902157323,0.008612006457444473,-0.04057461053360589
2022-01-20 00:00:00-05:00,0.009542660360502242,0.42537820192725506,0.7819899299208937,0.05494831739240359,0.18597092424405107,-0.36682474963053957,0.5187737944713384,-0.10136839964782193,1.038204645384449,0.047957605990680024,0.18012508415172504,0.10849701371946475,0.21221589854376088,0.9366238715944508,0.03253676760735454,0.7230426813087676,0.055649995819072276,0.1104639254214136,0.5954788660895975,0.0025452637612674786,-0.027010489949210847
2022-01-21 00:00:00-05:00,0.014717778676149859,0.40875358827424124,0.785887832179896,0.03534567070332123,0.05941256873376557,-0.6986776851903913,0.3829915110814886,-0.2190633302127941,1.064348217511007,0.06104164748660209,0.22272825298008805,0.1307398580723946,0.17738480254126945,0.9099185700551496,0.04133560798002507,0.4565981127820688,0.06436028597065664,0.20899615122318274,0.49090530027655516,0.011260576105210853,0.011421389685854821
2022-01-24 00:00:00-05:00,0.0004615104915233646,0.4810445182749555,0.9960768814854881,0.03867404993025807,0.49132490525889366,-0.6618165978183935,-0.47693303312088486,-0.26908558422586615,1.030995864608026,0.05237152010116039,0.17335349160877983,0.14204610958847497,0.16684322720979522,0.9135221332381254,0.05376911376052226,0.16792394936967248,0.05647410649887586,0.3049213136002214,0.36694740971261924,0.0014624658961482377,0.0528545364735451
2022-01-25 00:00:00-05:00,0.00930368484822153,0.6082928632127684,0.8660621016623263,0.07233040474799288,0.7109299710573582,-0.27740732056442596,0.30188207082102175,-0.2760952789973948,0.9802739978962692,0.03621463579990829,0.16947054086992955,0.14901990813745314,0.18884473956605977,0.939653328964995,0.040267009042749886,0.03201806361048971,0.08797149935608337,0.4114745526274943,0.33057939638699635,0.013094312277592538,0.019365264849103836
2022-01-26 00:00:00-05:00,0.03663618856387698,0.6436969855761329,0.020867448700901542,0.04895413895783618,0.6451518673643184,-0.042082642485194326,0.05155842485744183,-0.34788812621635895,0.9247987702943569,0.042397975150360805,0.22902557631402126,0.17998161634442975,0.20514962956779142,0.9459306359078845,0.029271373399414474,0.01741163705990212,0.09159689284910212,0.29337425575458487,0.3234200890025148,0.01786756859916616,0.010083533161897806
2022-01-27 00:00:00-05:00,0.01817226791298726,0.8479194285688401,0.621504369721763,0.05429992576658614,0.4687034056967484,0.09864874710931672,0.670030246176189,-0.36418678554014944,0.9450129544925754,0.06069991450715591,0.18288570238347396,0.19921486310346592,0.23020614930655267,0.9607558185726365,0.03299166140399943,0.015173796672524437,0.0876334740645775,0.36790575159496913,0.3195216289846728,0.03184087479387895,-0.010561462354622964
2022-01-28 00:00:00-05:00,0.004508013860308812,1.0021673467327508,0.9361339429726447,0.038500451204337933,0.1289149816784676,0.1647132402565625,0.5867171800683461,-0.4740646376122541,0.9490029055191298,0.07280048350923495,0.17616931210029865,0.23884300108495043,0.24366167792355783,0.952113804358489,0.0402154760638175,0.013101050436286824,0.08581217179270986,0.20807080927635996,0.2892408513959622,0.010710636893805974,-0.003216887182327488
2022-01-31 00:00:00-05:00,0.01324615263542886,1.1327851384365193,0.6909899350933886,0.02359666614596393,0.01566443053917541,-0.09396264516564683,0.6555187691792762,-0.3345404707435759,0.983815743609245,0.07527648461101671,0.477690440775207,0.27166269277726063,0.23361849266544804,0.9706438172674803,0.03139018492029609,0.0009960027572924143,0.04920504731448119,0.07754199878519553,0.17246979639167476,0.010845637217667427,0.004400929697012224
2022-02-01 00:00:00-05:00,0.0038528974328922226,0.6353796872723795,0.20107339428619578,0.026795794293673295,0.08078503608765379,-0.3318610362042076,-0.037518784623871496,-0.2944514837892079,0.9512291196604251,0.05065463106523583,0.27965006071818105,0.3281385500384909,0.23129196031859733,0.992815969446594,0.01050562847187733,0.0053789638962422155,0.024904876557815172,0.09832889652514046,-0.03815708071475056,0.003295997488592008,0.015042881984482115
2022-02-02 00:00:00-05:00,0.0009968447213546284,0.7068829693136335,0.1484241661449946,0.048571450369698545,0.40759240831517846,0.8092660070413243,0.5784736379836263,-0.027750234106389726,0.9402748267453447,0.029391528370324715,0.1938150159790714,0.36644302063309875,0.2656302443016325,0.9675264587690644,0.005137379562429909,0.011869830771409006,0.03507810297787737,0.14714162010062057,-0.060326934561315014,0.023142896379743122,-0.026042968255453602
2022-02-03 00:00:00-05:00,0.0027605625714759463,0.6837633887177216,0.05681831748261841,0.03207471490155751,0.7031437046606148,0.8191730399651765,0.7854899838200259,-0.04398827857152597,0.9712840472753702,0.01723566783120523,0.4137043464696951,0.4133357906544133,0.26809640676025226,0.9477998254143324,0.008231344557145411,0.011625671007155072,0.061311085452010326,0.5655464195699164,-0.0941042737722641,0.008747720302532893,-0.01048906734456967
2022-02-04 00:00:00-05:00,0.0041965226188170526,0.7504975117584894,0.0002779291071165028,0.035588208366842865,0.5292817239796033,0.803944021803646,0.796309311640434,0.07456363340787302,0.9986265712379871,0.024417151489302166,0.4828625018235007,0.4543258832096007,0.26843249528430835,0.9632565512150277,0.009909791293463796,0.059837081844330405,0.04505452530701088,0.5612763253956549,-0.08024894752238994,0.00426471934599033,-0.0028366012446604527
2022-02-07 00:00:00-05:00,0.005987324804233577,0.7372340904392173,0.2848890910768076,0.025147272897603937,0.16854210904088776,0.7070441559522526,0.9340342070544022,0.20583519021059735,0.9379928287183482,0.023242794062593858,0.40803526035001386,0.5069240624270781,0.2616212548745211,0.9800611280192143,0.014015413234531123,0.12431875994399201,0.001948260265168839,0.5439307940323805,-0.08184369969904301,0.005286187569260529,-0.016020396912110102
2022-02-08 00:00:00-05:00,0.003760497581693482,0.563705251808538,0.6905903828253845,0.03969923894208178,0.1145560597209123,0.5932365114886474,0.8258391218681449,0.2851473547864511,0.9735083132104582,0.007957246470246905,0.2942974313840342,0.5071364502351622,0.26962851919183706,0.9729805807064779,0.01702310994307776,0.1346997362186446,0.01425159766294034,0.33673719155148607,-0.06512999069488327,0.01819547495447619,-0.0006087433473725978
2022-02-09 00:00:00-05:00,0.001669631859820617,0.8228700205848861,0.9123778502535562,0.018925603734677245,0.5938457460605147,0.5493043118418083,0.5561730633481234,0.420187938716523,0.95112423278266,0.005838302272180959,0.34047436218771504,0.5091375239740296,0.26974460321236265,0.9894091887022618,0.021321550739261882,0.14038815544901256,0.008517359853748704,0.6020161733326064,-0.09482071779663273,0.008699629487611368,-0.0009134527874652409
2022-02-10 00:00:00-05:00,0.0004805229856383628,1.0934623222855706,0.9338000737366893,0.032764146799357054,0.753793104054705,-0.6795846646876712,-0.5393921787010207,0.4258493420820148,0.9442774800516013,0.004749829460502756,0.1340286521743491,0.4951577373093061,0.26135329883452557,1.001149914689483,0.013165645393998542,0.14435389762829431,0.023881834928804333,0.6143886938945835,-0.09314278494527647,0.0,0.05379446987695946
2022-02-11 00:00:00-05:00,0.0007336672210978713,1.4036756348094668,0.8218425126706868,0.042180250418183275,0.7695391035469669,0.2915295668003754,0.38093552661190583,0.4142878125957264,0.894350682176686,0.004416355757347028,0.1274126411984379,0.47545521065725493,0.2873171899790114,0.9869304961508372,0.00966013918743813,0.08208305831929585,0.045220479747130546,0.500335143607726,-0.1497498754534297,0.008465760869195697,-0.01995652934614922
2022-02-14 00:00:00-05:00,0.016443989171776738,1.2606015920590317,0.23405102354671167,0.04108207840475129,0.21289508283207628,-0.14939955828477372,0.575050742909429,0.2304258134399802,0.933951497316634,0.017405762355040138,0.5195331196549914,0.48284380837643054,0.2734779828910972,0.9957231184373521,0.022280086191628662,0.010642488585919142,0.08070567883130719,0.5889128416648161,-0.05749796419839945,0.00911322549469391,0.007377916294329934
2022-02-15 00:00:00-05:00,0.010622233153527023,1.5355837296317094,0.5576644987543985,0.03573044379228888,0.09595693116008597,-0.3245834788606371,0.8276992357317717,0.16983115388117404,0.9340921428576431,0.019327253490594564,0.5510472573996233,0.4913031763662845,0.2550728664549447,0.9973592640572533,0.023477345928522894,0.01245523623494802,0.08309840489997028,0.6435626947025874,-0.10137030071664409,0.005104398201015937,-0.0249013225406286
2022-02-16 00:00:00-05:00,0.011163813872618502,1.2042079419360185,0.5356262168376492,0.05415446677148378,0.0017464349119173355,-0.15505250411357016,0.46439153962665847,0.15698024718369408,0.9208094269795057,0.021387276564537514,0.394711529186761,0.5069875847563896,0.25054207108472476,1.0069291250692862,0.02378839525682559,0.08214998066145618,0.09016066845438307,0.456395925325455,-0.07381044424620338,0.009402283635760225,0.0037555283237449277
2022-02-17 00:00:00-05:00,0.01833874518075576,1.1818972059410433,0.013364174234634003,0.03579481621121898,0.04688348639651143,0.11502724222096215,0.4435235385366982,-0.22494191872110492,0.9096378889967868,0.01457956119840575,0.5420612393177893,0.4863227679325716,0.24734674720202834,1.0102583933243754,0.020877817224065415,0.08062403388988187,0.08022526223079242,0.3106725054696636,-0.055730932344994294,0.007670243994906735,-0.015564201220760632
2022-02-18 00:00:00-05:00,0.002542705813883341,0.6221484428919033,0.7661115736426211,0.02338556805839042,0.09408039792107378,0.3823550922856626,-0.014613673884981982,-0.20041421030806414,0.972027996429966,0.013551959377615792,0.3803942209498276,0.46367292381416375,0.2253913243156038,1.027478917540328,0.016092692642615675,0.026666807888160855,0.01824015556538526,0.2084357637032133,0.05779720472920431,0.000754306325951498,0.008665263942110535
2022-02-22 00:00:00-05:00,0.0022944321158198003,0.6099512493593872,0.7555031248303594,0.044182890550475584,0.020771780799606777,-0.5633284893529508,-0.014971898368823388,-0.23260616105852094,0.9748304967413242,0.015927064509966855,0.23548072281312682,0.4532819890436744,0.22927106067888167,1.0183276398109642,0.0148871800924022,0.021784639317594227,0.040771332443585946,0.25539430311533895,0.13709437405367966,0.02283275679541217,0.03240391019493094
2022-02-23 00:00:00-05:00,0.0030385432826962083,1.0242315972295366,0.621667002341906,0.040953089166203153,0.005809510749129497,0.28063104990053983,0.1809326655558505,0.0701965530107184,0.9331385841157103,0.01589212832619557,0.28982569633446564,0.4558979434588816,0.2498110464330584,1.010306647414531,0.013554461692687213,0.2533385177922043,0.07896331726539996,0.37603835471311464,0.290315913353154,0.0028295225180749936,0.03518254335869453
2022-02-24 00:00:00-05:00,0.0068328155526226056,0.9888204712151988,0.2745306176048107,0.09977454794815417,0.016886616826913864,0.8172308323586392,0.19110568808651468,0.5136853380225754,0.8654631991343082,0.016398504148906444,0.3173493709851695,0.46901459759511543,0.2975133221167146,1.0606505091472886,0.014426750013995697,0.19752086636100713,0.11839061094111619,0.40140309246979344,0.5086987105646725,0.06214774124869422,0.05880712207555572
2022-02-25 00:00:00-05:00,0.011352595944460397,0.7141569124706943,0.6898142665640555,0.06317414448506674,0.09970341599394884,0.659223534710783,-0.6279272315124768,0.5998071553094927,0.7930207839449572,0.024013469592757044,0.4220340747047428,0.47501962180612267,0.3632499174662247,1.1325977333063781,0.02763799002782586,0.016012258231468002,0.09660877473609239,0.13108857147674058,0.554460594785243,0.0005603153924826477,0.02890227935768208
2022-02-28 00:00:00-05:00,0.008451081776950602,0.565228221273552,0.9291193622532213,0.040239793741030164,0.24687537493064438,0.4121320990485188,-0.7220095082355612,0.5457338207417917,0.7378641978709516,0.05341059703539283,0.47763119801075105,0.47879009295149916,0.42648917338145376,1.1338250254789386,0.049178474631302406,0.07038035730070218,0.05962130794339107,0.010798095063763969,0.4973664615899545,0.006395780645106189,0.02614873625470593
2022-03-01 00:00:00-05:00,0.002289296091018229,0.4701390712820953,0.9860742388788805,0.03417592848323331,0.5645309728313702,-0.4035902367178864,-0.2131416348579595,0.443700604418509,0.7680082424741997,0.06044499345083021,0.523616055397406,0.475721043015694,0.4553000504509411,1.1280696704636133,0.05700580274621366,0.2179916497435852,0.049077327152594066,-0.3545031051417568,0.4050235905393925,0.010833169426967977,0.0012617804786705378
2022-03-02 00:00:00-05:00,0.002746766266877301,0.7520477365134265,0.9827237833451451,0.029362487792968826,0.7415865835862222,-0.8586410428112137,-0.29866016624670394,0.3667081800797595,0.7601108649427275,0.057418038683774555,0.5279204591859122,0.477948684407689,0.4717779588260462,1.13452536058854,0.05602608362914459,0.35587143354174217,0.03548398946758872,-0.338223603104224,0.3668711889245994,0.015737533569335906,0.01146510569187198
2022-03-03 00:00:00-05:00,0.010128767088242278,1.0096123447754337,0.8973680887404316,0.03329101458930312,0.8903000264754859,-0.9918153411267353,-0.8421397042755028,0.25208097302318816,0.7447683386919918,0.03083789617417738,0.6090861391550964,0.4816378228342134,0.4510435862230012,1.129962192120634,0.043889978198337516,0.48661285675165916,0.04492631215058697,-0.28324151338443226,0.32530397703055813,0.008005048003144048,0.08263699366158161
2022-03-04 00:00:00-05:00,0.0032848978546738657,1.2137709156532592,0.8975339167752566,0.08783348771339272,0.9339028414050078,0.2174159448023278,0.7798742978855511,0.3079367466842248,0.7269246081832066,0.019074515006148155,0.2168650072672422,0.48399765929524957,0.5108047680091701,1.3075428865616858,0.02404128720352337,0.6307192572144082,0.18129197624951598,0.11829716989234086,0.45904514717620626,0.0,0.010470822790507262
2022-03-07 00:00:00-05:00,0.0238136990113849,1.3345004384412198,0.7593516667453433,0.06491084784171972,0.9589232834902116,0.8514478709763381,0.8542846392908021,0.24453779759248806,0.7339666298292483,0.01608156366514665,0.23109109889495263,0.4830489651414544,0.5439140905526387,1.2924489192955777,0.042019120872225646,0.6975686539515467,0.1997436131075412,0.23833192588730312,0.5262037684537527,0.030649077359804478,-0.039934803432370325
2022-03-08 00:00:00-05:00,0.022605080441980962,1.1065644796105925,0.8357194351501446,0.06586210755096067,0.9642346588969665,0.9584434806274573,0.8886667884984364,0.0099896037382762,0.7509763233436362,0.015672812314419315,0.2637816849467732,0.4978976053625308,0.5677453757153298,1.2620013115712576,0.05056901941843847,0.7580696012848236,0.2174072608415041,0.42827857354098586,0.5542635103278098,0.0033333438566360125,-0.019160767437959025
2022-03-09 00:00:00-05:00,0.053530105899067884,0.9546807022028327,0.5228701558389192,0.0545408976488703,0.8999018865314454,0.9479679756441188,0.8924054706534672,-0.14265684172392123,0.7714506383786771,0.03521576024484926,0.3361855291984076,0.5185613296699676,0.5658663137001213,1.2375297381242925,0.046105893562054155,0.8088978310078239,0.23169209415846723,0.4916194109047642,0.5486377565799158,0.015871043530890274,-0.00024725160985317185
2022-03-10 00:00:00-05:00,0.07218269812074044,1.0284833566600693,0.01329999878390134,0.017949337966622816,0.7459629026228516,0.8835023503530285,0.8743590652844183,-0.0894003841237995,0.7487825803905275,0.06098656603683221,0.4802616198466206,0.5414985100980918,0.5445792459557962,1.261598880039772,0.037235172593711945,0.8245979608752966,0.2731048902462735,0.4909607730277362,0.5296406285542022,0.005532296145833069,-0.003834041803028043
2022-03-11 00:00:00-05:00,0.008209814796379314,1.0707625729149788,0.8133310217093559,0.04040746934964013,0.5409016163630318,0.8437295768066497,0.05665798086338391,0.3244799292092381,0.7494789404140537,0.06683472614979874,0.6003457584886621,0.5555206805178401,0.5177443689095004,1.2609616691743109,0.028926383278573716,0.8251832941930604,0.2826566781972752,0.6728682586413925,0.4871791116452999,0.011411098484982164,-0.053258740151134853
2022-03-14 00:00:00-04:00,0.010350301539730933,0.9128420540526567,0.7570875199188445,0.05403700903391037,0.290229041830261,0.6923994663327233,-0.8307221405226346,0.6774235433239677,0.7815096454102607,0.07517525267128837,0.4424955421435398,0.5675439926144691,0.5254443892865196,1.2285519399046791,0.029261694140083144,0.807696368158128,0.23809415704495854,0.4964959024473509,0.4782789954135525,0.018729478863670088,-0.010490515509602338
2022-03-15 00:00:00-04:00,0.011774355584919002,1.0657100165543842,0.7484560720051872,0.04190468301578447,0.0008417284819810341,0.425664831948089,-0.7864109739709811,0.7710555655479753,0.7952382593278098,0.09985574587626532,0.34365154194187403,0.5674032730380559,0.5188695596812173,1.2202432024977348,0.030831847778851063,0.7483298323509484,0.23922559904289628,0.5903930727459674,0.4903153810735103,0.003265277058088914,0.020540567475118898
2022-03-16 00:00:00-04:00,0.011439764977948543,1.0760339389307463,0.815310343073453,0.02665254807580525,0.15309484804031012,-0.13236242116085228,-0.46899362605654166,0.7444607641247633,0.7716126043611384,0.09760316127651383,0.14156030200893785,0.5642627405684062,0.5138092242603338,1.2020451790863054,0.035108318209992065,0.6487712150987697,0.24294632138146016,0.5954211230818001,0.43821497461585085,0.0007916289466815257,0.025970845986710733
2022-03-17 00:00:00-04:00,0.01812640153491338,0.7187513907956168,0.6507608247572125,0.019196724390098945,0.48516668462702917,-0.3134380899806917,-0.16468943583301018,0.7146928747677379,0.7439111604111927,0.059784679215510464,0.1378316664508947,0.5627282429361594,0.5178427149139794,1.1773233788353958,0.03172850237096821,0.5700143677809377,0.2491813941983522,0.6290973078267011,0.3836267133736025,0.011871715556747828,-0.00632829947668645
2022-03-18 00:00:00-04:00,0.03502113536319968,0.6074918258010482,0.031205823223649457,0.01905124512481094,0.7458295423656612,0.02178315279194122,-0.22572109101935398,0.5945446792450115,0.7677076404756484,0.029295120021833973,0.1941232324663469,0.5630801040151445,0.5322524093663447,1.179816474994805,0.026563368211855377,0.4964657048889402,0.25561079594705516,0.04091113086693457,0.31779032828947174,0.008950223199544298,0.03247979819099589
2022-03-21 00:00:00-04:00,0.004924178622210908,0.46864612201218014,0.725914514496783,0.033830860311956854,0.5834287547993829,0.34780731033236556,-0.47556371474231396,0.470333654900154,0.7529676434152321,0.03702730852872018,0.28217463089084605,0.5644286118492817,0.5161865171668061,1.1525408508509871,0.01842964163237688,0.402409235275775,0.23135006287123908,-0.24083707431990373,0.12538777477032578,0.014925429786844847,-0.00678489930655557
2022-03-22 00:00:00-04:00,0.0034973281608737202,0.5446263347613713,0.903332893217287,0.03651615067386392,0.15241643979017394,-0.10035501835450286,-0.27981926244490635,0.1313570263620911,0.7674646448029534,0.042443816686736344,0.3980998314135019,0.5714419700364756,0.4801769694877875,1.1543932497090321,0.026242196627582568,0.326516225250212,0.23304930472951196,-0.25886966901292363,-0.15008453821680912,0.02726374476973277,0.04409373495498814
2022-03-23 00:00:00-04:00,0.004447566989673697,0.5865870082380982,0.7813655881577241,0.05437999341439054,0.0004097150426429934,-0.40380967193115325,0.0124721321546504,-0.1365265632432747,0.7661170678980991,0.038951924668738966,0.3045790632739399,0.5783215039026316,0.4628229816799561,1.1389517417839568,0.01925766368674055,0.22975470014181293,0.2662060927052717,-0.12376810430442986,-0.2245766141030294,0.008858282868066662,0.03497524936183116
2022-03-24 00:00:00-04:00,0.008329188271197788,0.6123148727456763,0.767228762632232,0.03880736996652419,0.20090121843003597,-0.0914982465112214,0.11121326892784687,0.12843607511616134,0.7414638604118858,0.04581106557529189,0.2336148621866974,0.5974192113698542,0.4649851145018741,1.1025254980572297,0.02510575624771825,0.1766633773109882,0.27641752546834836,-0.02747469001588175,-0.059502724885706126,0.006152350493604368,0.026666516151124142
2022-03-25 00:00:00-04:00,0.00794018732197514,0.44964193390262047,0.9017921109421341,0.054839098843251846,0.5951465585629259,0.3826454021116771,0.45362741975233095,0.45252488025326976,0.7179351058705259,0.042101995686759354,0.22457773815537768,0.61598657225526,0.48449960037030737,1.0695970215884645,0.037244668496390264,0.15575420792464215,0.2821435753515,-0.020597775077362525,0.3879981647057579,0.0024398638923810636,-0.015338345864661651
2022-03-28 00:00:00-04:00,0.008204347778242126,0.5663997796918997,0.9229002550499652,0.03842190629329228,0.9055627846016443,0.7530499903144411,0.9562684444885046,0.3463379509875675,0.7155524321785725,0.0169690051670833,0.3629565342777111,0.6312566718135059,0.4568391365617477,1.0603116451859398,0.04305999493865184,0.17691385249218083,0.2907062306666676,0.42872174499882576,0.4562240136849098,0.004817132544778852,-0.012961707246934129
2022-03-29 00:00:00-04:00,0.016720567374675605,0.4978259488366066,0.8201026716164602,0.045357670775914155,0.9350434199296693,0.681842034853899,0.9025004917258007,0.1625826582844563,0.7268641479142985,0.012824614140711708,0.42869006659285164,0.6432175180185101,0.4162671966374794,1.048082233607704,0.04050648530526527,0.1951749862255277,0.2944482129723111,0.4644972967615687,0.39577797502080136,0.014921862858836295,0.014975245257810244
2022-03-30 00:00:00-04:00,0.01999699274123046,0.5940679102257767,0.27807663047308695,0.031001542167004483,0.8717771987493347,0.5209752606450004,0.8985436271058977,0.056214923071333536,0.7386719116572378,0.02111170226488723,0.2986857468655292,0.6545418513898055,0.3953739970434515,1.0469316144591319,0.021949290302029138,0.213299164328525,0.2769374278313043,0.4475628409524979,0.350193559496179,0.0065863526883955725,-0.012597722556474289
2022-03-31 00:00:00-04:00,0.007563180749220425,0.6503592824235276,0.0020811894827212386,0.045775065528368575,0.8227181764533321,0.679698031994889,0.8577629119635736,-0.009476628319094113,0.7506815935080496,0.025432580553063033,0.3181647655136364,0.67160054254978,0.37546704935643105,1.034899116380905,0.011554236729111027,0.23594114185091336,0.2820256122206142,0.4287856533531717,0.3044103644066504,0.0034118395395950287,0.03448268076782268
2022-04-01 00:00:00-04:00,0.003688410020022178,0.4858144981479364,0.4965537076690024,0.033371216088415305,0.69980881449905,0.5506355527404148,0.5953457004322981,0.024078989845727036,0.7083814647133718,0.03454943151795303,0.311572088424575,0.6875000147135664,0.35591119770621704,1.0261142976990172,0.011169096345368624,0.24416353701780463,0.2970227801547908,0.5334709504730237,0.22492739526037447,0.002838651082846484,-0.01133338758343938
2022-04-04 00:00:00-04:00,0.008409502723958467,0.5651462642872808,0.2863507925231395,0.04772807064435501,0.656987479949273,0.011896064852136016,0.5748665508224856,0.34536818694495247,0.7335376666789305,0.030157500504525793,0.16198310312986078,0.6987511415769943,0.32001934138553534,1.0360398878229866,0.014245996845124934,0.41843204990034555,0.30879900552182743,0.8121957728021812,0.10046617771186787,0.016999076441680708,-0.003483845874877156
2022-04-05 00:00:00-04:00,0.006154670281224928,0.7272658284502951,0.5370864950846489,0.03224372335418107,0.5436075064604027,-0.08369443751378126,0.5367660842804552,0.287066800600219,0.7643374809122621,0.029905049792964614,0.2017323365970374,0.7130717475785262,0.2815282457751192,1.058971252316837,0.015158644874597244,0.6280099360950591,0.32434597625701683,0.7925706674141727,-0.02971573529331926,0.0040996688885040515,0.015337490616997629
2022-04-06 00:00:00-04:00,0.007133620159130846,0.707043130508907,0.19620927998408752,0.04707207389102701,0.38631261160725416,0.17234515820297636,0.4534119945892711,0.15932159984080116,0.7625681199122397,0.014269857574524867,0.15994269380903706,0.7343831954823034,0.287383693982178,1.0554619051477834,0.012290970989914598,0.7249695007408492,0.3271192024313564,0.6908527722060166,0.04833600730650042,0.013738752013240688,0.006442392584713685
2022-04-07 00:00:00-04:00,0.0070439352910111434,0.8234454299590435,0.36379958889166075,0.05870163440524731,0.30287235623439956,0.20478850850331343,0.39511876950542446,0.07788766947898482,0.7543408824487609,0.008287240501856133,0.2164226764967732,0.7585126797861146,0.28124751136602527,1.0540702781753781,0.013684185175416612,0.7848163831344876,0.32178931868687016,0.6120257848008671,0.03548365341065422,0.03557012637157401,0.017216739910208334
2022-04-08 00:00:00-04:00,0.0036853094431570075,0.6167695293040946,0.19837606353700615,0.022824557157293982,0.34274395005386904,0.611730439572508,0.6820302944184795,0.2377978587128163,0.7757392861854456,0.008678413120948714,0.18927591431132978,0.7803157047794661,0.284782231607274,1.0687526175151805,0.00874285204033798,0.8351897975536641,0.33567838337761535,0.5814974126927018,0.02593476862257454,0.003401707099054167,-0.006184329365441776
2022-04-11 00:00:00-04:00,0.0016502985401315917,0.7054252436979848,0.8819395692969435,0.023475748418212906,0.7264081331193992,0.3713231823931386,0.698277459114034,0.08431477923276745,0.7484302562635815,0.006210288084244946,0.27686928305493164,0.8141932640604254,0.25833607837586964,1.0880705241368274,0.01529247020143793,0.8780699049694983,0.3083759445539745,0.51883177739432,-0.10217013399646462,0.011031402739732831,-0.004366721708490617
2022-04-12 00:00:00-04:00,0.0019918215948519,0.6703074685156958,0.8517973469598842,0.03567207162039832,0.8181674978020149,0.18083977439615018,0.6245307743388758,0.028094884845638452,0.7669399547402951,0.004809750031547296,0.24500207277083166,0.8344881159642866,0.22832791645111467,1.103604674305979,0.015027823784761894,0.860572630587496,0.29954691725636257,0.479216410999137,-0.18259494934521228,0.0019340314361878225,0.026315754387386425
2022-04-13 00:00:00-04:00,0.002925637447498927,0.656728767878238,0.3978129965335399,0.02273956154649619,0.7446204491701188,-0.6754932217735369,0.1693084632745693,-0.3175976894278246,0.7258554125798541,0.005385151767498103,0.3044790861204125,0.8581224312121931,0.18896045151821717,1.1081492139033189,0.008918728241670832,0.8355485274746143,0.28828037658782046,0.3143148738215662,-0.330854601612758,0.00378991315543095,0.0081197291811399
2022-04-14 00:00:00-04:00,0.004627315395702294,0.6440848672672417,0.4839490480325537,0.026643929992683644,0.7922229367048069,-0.4445609000896516,0.1476480412538377,-0.30106879862242814,0.6999024507550278,0.005812329355054383,0.16483115200374243,0.8745753746058784,0.16005874320597557,1.1259227892671204,0.01206759062733962,0.8328676682182707,0.2935169055825002,0.3164040425498546,-0.39587000461711563,0.011190483121255852,0.0059345348513784035
2022-04-18 00:00:00-04:00,0.0054500214958279085,0.6611584944700434,0.5620974772205224,0.031456431934595,0.7936476138666521,0.2453374671262221,-0.02650597662573334,0.08915509501456956,0.6675426264228392,0.005545288040827571,0.15957115826996138,0.8848614711178151,0.16598292424579683,1.1551357631683647,0.014175155599473755,0.8292785232539666,0.3429220503044987,0.36095629300530147,-0.269743292806523,0.0032504723672649775,-0.03445007034316838
2022-04-19 00:00:00-04:00,0.002491110920260878,0.8668013306913044,0.8728117134860349,0.03946250526168642,0.9101802709545618,0.13915476163488566,0.030671020362276702,0.1374806469657385,0.6726860549324674,0.003358795082525692,0.1760273388414791,0.8890660360274756,0.1911460883723348,1.1494341749734907,0.018096852932573074,0.842309063746712,0.33255274235962873,0.2498688188544594,-0.016579239340664284,0.012372052428325779,0.01342072218371304
2022-04-20 00:00:00-04:00,0.01819479199491162,0.750160397605024,0.04541342708223821,0.019099317494164138,0.6175639626954046,0.05211768179976206,-0.13816255673018546,-0.033256405861140266,0.671358942647271,0.011542605379774206,0.28690952651561075,0.887676841508572,0.17166366043844256,1.1512112007545805,0.017733770311792622,0.7861100534722745,0.3232843925658684,0.13285528657480764,-0.06577870969619358,0.008138903826164043,-0.018733722947023135
2022-04-21 00:00:00-04:00,0.008679480659958482,0.7385753347154383,0.2620892037899378,0.04133917927787765,0.4282220018743723,-0.2415092288599377,-0.18886465305074066,-0.30417938561630636,0.7203379193781269,0.011914375916238128,0.19949556812698663,0.8873415339619162,0.17859049997909934,1.157471408911827,0.014063282248185309,0.7982860498769839,0.2640102673917329,-0.22058163564027514,-0.22352005202417458,0.01916243719445254,-0.05058158467263019
2022-04-22 00:00:00-04:00,0.00686429832361128,0.6385116851798922,0.6638694421440279,0.06693138340293368,0.07518658380007538,-0.0015080709778710509,0.0961227421747504,-0.0732036545500717,0.7734076378901356,0.016866932671864794,0.20714164839468,0.8878582273653978,0.2034711052553983,1.14224420863632,0.01901765683814292,0.7028340257635478,0.28944257516302346,0.012410105010204066,-0.20772856717843444,0.013121649678806609,-0.028198438782784607
2022-04-25 00:00:00-04:00,0.016549328030346415,0.4405576075774912,0.77799348150257,0.04777747411727434,0.15989733718578922,-0.32699139753576095,-0.24550725715136595,-0.45417834891339254,0.8038743202634677,0.039964404118233494,0.16567401671528204,0.8781956705092594,0.21254924877285036,1.120592019384606,0.03685797343024641,0.3206637757184023,0.2532423797617511,-0.16550694247504,-0.2719864395720244,0.034109759187145754,-0.01177286766727681
2022-04-26 00:00:00-04:00,0.02048841469096274,0.5597088876991995,0.8153870113907268,0.038736133532111,0.4170654800375479,-0.5822838615389876,-0.3381736654682439,-0.5296479690713316,0.8048597390911966,0.06015571569160086,0.19890769563952335,0.8598462963888048,0.22176989468432437,1.1179902869190244,0.04523960436891247,0.07412805363322515,0.25746082502489875,-0.14634309102849666,-0.3429671600773576,0.00517669362028996,0.010830210727626577
2022-04-27 00:00:00-04:00,0.006413372745418373,0.5847210723233254,0.9554412525688818,0.03615461154209098,0.6609401152910883,-0.3618363725372544,-0.32857568660615355,-0.278469169841199,0.7936749293785389,0.05376751299060362,0.36532163691453906,0.8344958569121851,0.21922728113133505,1.1102849716794456,0.051242863920771695,3.806024779106573e-05,0.24563178899319932,-0.24340142798097247,-0.19075989021840148,0.027501181579407792,0.005476455040388517
2022-04-28 00:00:00-04:00,0.021505996919059033,0.775550859583336,0.7380084327727642,0.046685677012692536,0.8571857161708494,0.1213147310838433,-0.279085668340097,-0.16004241092488158,0.792825961213576,0.027264691296737968,0.3224729252710442,0.8108072604715589,0.18708258989455326,1.1104763268809383,0.03859284727265195,0.05506245054763898,0.2520790098040758,-0.1617848742666569,-0.13309634182880328,0.02957944707463305,-0.028889647610486513
2022-04-29 00:00:00-04:00,0.009329969645910607,0.7299515377237161,0.27611351251054417,0.04418770469367885,0.8663883746363056,0.16632644060770477,-0.5393841116883626,0.13270582183782842,0.8286929972501811,0.026606670114953837,0.4018527858233534,0.7878066993776933,0.18535715164306768,1.1128486983431065,0.015518197545156015,0.1508773292612228,0.2519386268425003,-0.15681883759600534,0.027374341577851707,0.004951640774067865,0.009022070053841258
2022-05-02 00:00:00-04:00,0.0060939454066182746,0.5123701522682009,0.1999876099008603,0.0374073923369985,0.8628233691362269,0.25586750474520426,0.17046596542965742,0.2677988432203569,0.7998946661158864,0.02675867388444183,0.3168293507248318,0.7546125315119029,0.2150338359770043,1.1254274622858218,0.011876459330846665,0.3323946584555431,0.2263495890509244,-0.20644509185599647,0.056702033119885524,0.006913550106095566,0.0704447474614478
2022-05-03 00:00:00-04:00,0.0056955600844360655,1.2984989486545055,0.18617844320514054,0.0787421123542164,0.7919031208657489,0.7085576025318748,0.6791673848069312,0.18562278167674806,0.7394165079248437,0.028746546095574664,0.2011995448803751,0.7203227305600485,0.2136270139894969,1.1234931922171776,0.011002909966864073,0.43216955435914794,0.2727633974432149,0.23157476601546145,0.038135345176899565,0.003480985764324172,0.07213034165970367
2022-05-04 00:00:00-04:00,0.03516376399074701,1.1405356682285475,0.21463121533377155,0.0810621081606061,0.3351456372211161,0.9760939801547757,0.9582880871023722,0.534289329973111,0.6877140301772825,0.07165198987614303,0.2935518255581552,0.7054090403349335,0.2448540617820356,1.274323071059645,0.02687763191634589,0.4400654544252953,0.34148735993502444,0.5655677602890331,0.24690528041625867,0.02225148004729985,0.0062115159289561905
2022-05-05 00:00:00-04:00,0.0652882305695135,1.1021112940766638,0.6658955836694641,0.06570599796445553,0.02989845225327339,0.9393150087355919,0.8304743455733312,0.8009475195177405,0.6725192146375653,0.13126447234469127,0.45503090136947233,0.7032215568017474,0.26336111921164607,1.2794063137719425,0.05597728635471856,0.27113957416608536,0.34724978474488416,0.5905452578156212,0.32832085483846435,0.033874627360392665,-0.025321697333845816
2022-05-06 00:00:00-04:00,0.020861755379070354,1.0085841907196769,0.9284641221167385,0.06168895940164157,0.4402222720366851,0.9298316196836306,0.831659870189114,0.8435550388552038,0.689570929404268,0.10796633578953448,0.47163030288224683,0.7000270269721617,0.28741738366957637,1.2445814731770388,0.06926571466985522,0.13271530062875064,0.3497599797566464,0.5849468544438081,0.358463391448885,0.016992806918721584,-0.09071386986119112
2022-05-09 00:00:00-04:00,0.07317285923388737,0.6970602080465117,0.669792515403599,0.08747244133808119,0.6573055412678256,0.6958180764976205,0.5746953965492438,0.7627882520824344,0.7576724378403056,0.08535786089222765,0.34598616506304586,0.691481261407447,0.28381137651027,1.2604081354370569,0.06331930272872133,0.07394122691238943,0.3024975711174959,0.5135514446280469,0.26047389142432015,0.012141263715752706,-0.010625847416356082
2022-05-10 00:00:00-04:00,0.1495445774763528,0.9345856004671825,0.10731911099536158,0.08105074511353921,0.37938343316630485,0.5815004314921375,0.4367169547023226,0.7713981999304775,0.8070061491795514,0.15409969344179478,0.4173337058883435,0.6526043481859547,0.2721793829748726,1.2871533264389394,0.05534921983914442,0.09299058866697824,0.29649348705414513,0.5074879971752397,0.2260458605503909,0.020425069885076256,0.028997759185931393
2022-05-11 00:00:00-04:00,0.039514095150479996,1.121756143686636,0.8409384691433301,0.05573042982838097,0.12225164367134243,0.6079444151435286,-0.8940028820097823,0.7812182973767159,0.7686130511174588,0.20724971944329398,0.6550023011922723,0.6098083334635561,0.27697149614563465,1.2704475440635574,0.06644472595742959,0.12072811232994744,0.262985013716831,0.4886939924709483,0.26394688685333967,0.01282497979682523,-0.020178669323775766
2022-05-12 00:00:00-04:00,0.06669392568458637,1.043689374717795,0.6946174895437565,0.042200922927282475,0.034773526067106354,0.5035557350665755,-0.68013830952962,0.7722608078053058,0.7902295955702051,0.22262578210681777,0.30986938873462816,0.5756678593688423,0.21654706427669,1.2524254189630548,0.0629382536159596,0.12153711718596621,0.25444199839875,0.46331850147675996,0.2785294825586038,0.027162441534360343,0.016570106057623768
2022-05-13 00:00:00-04:00,0.06444441609084041,1.161390836899927,0.42357287848144015,0.04920333784220794,0.001450609657425811,0.2851601287661037,-0.5445784070000431,0.7726018602576564,0.7579918285400403,0.22637826548682102,0.2689242058741591,0.5320190534763586,0.15493166884079448,1.248550495598712,0.04466274422023111,0.10853177342762102,0.2686910692555913,0.43770473405728105,0.36545245787671005,0.013706632621596292,0.03655834258624813
2022-05-16 00:00:00-04:00,0.005772345167731136,0.3832084167346881,0.23028650292723887,0.034191908315957,0.11249762791026129,-0.36116826530439394,-0.22021087758174215,0.7103947207315915,0.7340045003380822,0.1697667933033509,0.25631193607912284,0.49283243991976705,0.09964226773897046,1.216792485861668,0.011361604841926951,0.06801021404529323,0.26430363911701377,0.4136933111004898,0.4669814473948433,0.0012047011532286143,0.016286567610761304
2022-05-17 00:00:00-04:00,0.010929498612108632,0.3392524177811589,0.6281832863402886,0.02706302509204184,0.3178087247571688,-0.3607920062542989,-0.7412628773947606,0.5811723939738421,0.711000548099958,0.10962741000198979,0.10376984501708972,0.4657812352625152,-0.008881952993087586,1.2095503284832996,0.022312881449748995,0.009865716085911717,0.27491931147656135,0.26074501122439636,0.4811753148372136,0.022515598117089905,-0.01713200029193407
2022-05-18 00:00:00-04:00,0.013026906520991392,0.38521791923339016,0.7054047598632164,0.033063522473486186,0.24386310844941117,-0.09374944764746611,-0.5719814856616487,0.5582911176462548,0.7296621272899746,0.1257190816592988,0.08098087538395625,0.4439117509317389,-0.1079986420280554,1.2023837597286702,0.027604518752734758,0.002583574660240816,0.2843936218053655,-0.4237090469245809,0.49062950266100575,0.012541312114958564,0.005656366902044407
2022-05-19 00:00:00-04:00,0.01172197748863734,0.5776435729002797,0.738451649360634,0.04707407375800006,0.05921433589412551,-0.6149223024274206,0.040004994365446425,0.2945215860378458,0.7490690241000549,0.11997475213676566,0.07053229127944795,0.41533017838934694,-0.11510943255840364,1.2344689928406725,0.02771226603489314,0.04394447343451673,0.270761420344728,-0.437078844613355,0.6194281851162641,0.0,0.046028686796342644
2022-05-20 00:00:00-04:00,0.011979383113295602,0.7284047261449073,0.41533541379890504,0.04939681239626366,0.0561481090794905,0.5059864370967498,0.6190571541173312,0.10771608800225395,0.7413020190621997,0.0687925593476841,0.11107187062141162,0.38726460389399353,-0.03574591132306836,1.2354457471183784,0.018320597188300123,0.12351307306700901,0.27947560457731674,-0.05155306059086704,0.6485627988236945,0.005007994973248356,0.052013413088779936
2022-05-23 00:00:00-04:00,0.013998517532446453,0.7526214194452503,0.4306138186205851,0.06443551433046188,0.8118692477105517,0.671563597795368,0.3313977605514779,-0.00349548405303321,0.7460892110562937,0.013745938577481928,0.1324288171490536,0.3739457816552837,0.0951460193892022,1.2338948573443067,0.019566030048447064,0.1987773787390707,0.3012067972759016,0.12818936278846052,0.5861953350284751,0.018906855230350763,0.020861659470489347
2022-05-24 00:00:00-04:00,0.032097210220894436,0.6864341992811896,0.679886455441058,0.04289176647700777,0.8166094138294395,0.7026308420501121,0.3218637681475204,0.4426782658018951,0.7519656387704571,0.026271014469551136,0.13585246912294605,0.3734407198061772,0.1710892774719047,1.238817889239234,0.03910779467370874,0.27006539252000283,0.31885125599593295,-0.05346956221860284,0.5667415701469288,0.0062176872345409764,0.01410044527231924
2022-05-25 00:00:00-04:00,0.008318103838776474,0.6600780150246034,0.9518863945612569,0.039191891448666326,0.8343514526158358,0.7786445689349788,0.17797723759763032,0.7358224441213301,0.7608995672258674,0.0334616025970021,0.13809315146815784,0.3775706923453675,0.22327908980196032,1.240778934967545,0.0509940422033205,0.3245152941803792,0.33420349605856986,0.021657006548495297,0.578888445228194,0.006868689951270485,0.009571780273280872
2022-05-26 00:00:00-04:00,0.008690935853113566,0.6011797034961563,0.9486669708901154,0.02210971379558641,0.9037866005130692,0.5265029128385532,0.2910458345098035,0.631827064754181,0.7546364412442216,0.025421960633368615,0.1543892118832677,0.3861871617112826,0.21688980209293202,1.2300626622476916,0.050223554524867424,0.38187842574456726,0.3304044899058441,0.2838637962385049,0.49056337305777253,0.008422780898530418,0.029441088179225305
2022-05-27 00:00:00-04:00,0.008750158964966791,0.6173352552414004,0.8957535013750748,0.052156440395296086,0.9117590988474242,-0.6673043721795553,-0.26027389757847336,0.09147450119602343,0.7414590660569558,0.023896097134284942,0.2826410653438994,0.3946479945600246,0.15433909419957392,1.2174652360608524,0.03485371727490063,0.43443255361324423,0.31068819487359906,0.16857219232089646,0.2541159665349417,0.009829445913100905,-0.05593803816982157
2022-05-31 00:00:00-04:00,0.0015691777128351942,0.7623058385735485,0.9690058309438401,0.09285645130353067,0.9198869947035927,-0.7274619951326259,-0.8861445965256847,0.17468339946953876,0.8502948393798595,0.02505971009762161,0.16506303663589686,0.40514403834296336,0.16736609520659806,1.1808549288589494,0.027859138867166462,0.46070375413566966,0.1334187670232661,-0.4852559472186286,0.16432587170215343,0.01998657687663804,0.026904853645103977
2022-06-01 00:00:00-04:00,0.03374313867978567,0.7458592378565777,0.0405981023029778,0.04063475821960634,0.8012121576556281,-0.878429421576838,-0.9189844051918299,0.11734684200591684,0.836687179842297,0.053149355894577546,0.2337992951325142,0.4335899837950512,0.17919745164764378,1.1722301139649185,0.022913897702690606,0.44108388904993845,0.11830346695192308,-0.5018371499569328,0.021032588038460507,0.022339018272064307,-0.019599801732291255
2022-06-02 00:00:00-04:00,0.02940583157650453,0.7751601431324087,0.010020637345624119,0.03961485291857057,0.7404650263824295,-0.5600302584191994,-0.8983104563819925,-0.009023735003682778,0.8193330062562553,0.0644847731521128,0.32160029292393705,0.4685701310049219,0.1712792739011599,1.1947604856397558,0.021267110370052827,0.48980003931025684,0.12226957999028501,-0.42540032430145175,-0.03257712900716962,0.014943314386225606,0.007649848963066752
2022-06-03 00:00:00-04:00,0.025064548840924038,0.8409500587167245,0.27399193230358165,0.02219507511792073,0.5235960391133487,-0.32234342373203095,-0.8962612540472399,-0.1847458623198089,0.7975329504550849,0.07973159625099979,0.4195631833679052,0.48425342557833106,0.14642028491138895,1.2110029361459902,0.02284069019973039,0.6134718085905981,0.10747256512887558,-0.40426797873203446,-0.17449086736553007,0.014762823860880613,0.009717436295356485
2022-06-06 00:00:00-04:00,0.023843729264365367,0.9900545148458384,0.3138530235258478,0.016003989555216702,0.28763330263292963,-0.39662108083720704,-0.7397702098539497,-0.49136912703202573,0.789662266380772,0.05346167900400187,0.32232471933441625,0.49429401729597044,0.1316083475093103,1.2017491481999105,0.022804921772330556,0.7572209752191871,0.1076598937955082,-0.6463128645497924,-0.2535019286590783,0.008454920491110395,0.0281705013198299
2022-06-07 00:00:00-04:00,0.006025487253004293,0.5863547518647403,0.2524368190479977,0.04788422165808872,0.07263197141442224,0.030111525751338897,0.31337385757922465,-0.30451579062751316,0.7650819268121544,0.026456042573229394,0.2397588357610851,0.5042386086898506,0.12829491099560308,1.1754795144328396,0.010831525771511974,0.8529826399040374,0.11677115678629751,-0.5383879863825746,-0.2284697465991882,0.002125927182301882,-0.029446104494109893
2022-06-08 00:00:00-04:00,0.011960080349892268,0.5927266611853884,0.39620737092686564,0.05884635231161836,0.061944583803059027,0.68116733412793,0.6703830293386472,-0.24541030211359402,0.7463105661949718,0.025994340552447415,0.16769159545198123,0.5149928353727276,0.1017003860866914,1.1846654492115216,0.01723577514273711,0.8509554774673265,0.1537335467614924,-0.45415572754278694,-0.10631606318148505,0.01602254294127299,-0.015671912575829006
2022-06-09 00:00:00-04:00,0.012308863288690144,0.6157601213676764,0.3889110225512446,0.04848118702988842,0.0019991469865094343,0.6039511158741294,0.6310805078561396,-0.13393897276014585,0.7502390646576091,0.02502638299831017,0.17163040451884337,0.5120916789560325,0.08030416475462336,1.1795867098042658,0.017518401862769442,0.8052472652168959,0.15692407777948422,-0.47315660979614876,-0.06760934713789661,0.02812723835963258,0.0019390205876912425
2022-06-10 00:00:00-04:00,0.01988430974728989,0.6938604740553962,0.027926385067047678,0.0382921766962349,0.0350626317811081,0.6716540783192069,0.7777163320350431,-0.01691093242417078,0.7641676639548225,0.02663286125814801,0.21909101957105356,0.5036924879130389,0.04120243983265813,1.1990008821776355,0.017636921122306446,0.7309872712768483,0.15508245429564313,-0.4605638854233091,-0.16617266084900295,0.017616068657449874,-0.048894871070921386
2022-06-13 00:00:00-04:00,0.013391226991802264,0.6595533497727923,0.44517477479230866,0.04954216005250407,0.07147193393755934,0.05926040835670114,-0.017884204872003106,-0.17224589100210042,0.8243187012840508,0.028475201932339576,0.1292391808895075,0.4959744295366896,0.04158231431791686,1.1892836368879705,0.019644225703307823,0.6420051616258331,0.10938423657048658,-0.47208423184907455,-0.16447480288434824,0.020524203071174547,-0.061261602195441744
2022-06-14 00:00:00-04:00,0.009744710421641671,0.9391306986685295,0.8843645034085545,0.10089822695066544,0.119055949904379,-0.7012652292275292,-0.920648192134591,-0.6023613808757716,0.8725563667084874,0.0417339988583137,0.20673460064477495,0.4727286737276377,0.05045477517796469,1.1776413920588937,0.03788518578968909,0.43023557608384344,0.035716265080881215,-0.48950377784149335,-0.2906210681070539,0.008982667950079518,0.0068452658472391015
2022-06-15 00:00:00-04:00,0.028533345328947468,1.1020393442874306,0.8427753955810403,0.052505999076564946,0.4632062766862144,-0.8326276930526539,-0.9838753400811331,-0.656105085786118,0.8947718700860772,0.08032966392496561,0.31807617601955457,0.416563276817242,0.10079513512014598,1.1963729095140927,0.055407079866678796,0.13159314743179903,0.05832697655457785,-0.4485097675338702,-0.32447398724233983,0.01772926010305195,-0.044192601510093965
2022-06-16 00:00:00-04:00,0.0256824325507532,0.8655592094077901,0.8741850451680566,0.04890896829267678,0.6088200145556941,-0.8320531652878854,-0.9440053309580949,-0.7095759400484708,0.9297908076975301,0.08745867991932312,0.29112618556430786,0.368610586483458,0.08284484705107668,1.1626120853878334,0.0601057363832074,0.008612697132298477,0.04832479472230228,-0.46721292922318786,-0.40287098331183185,0.008240471846508174,-0.04825144858802033
2022-06-17 00:00:00-04:00,0.022217632051035604,0.605571902376915,0.9097189673682615,0.07689536546613317,0.7982831913855059,-0.8966882550977335,-0.8640475925985196,-0.8216944874992885,1.020005500082456,0.07348385693899148,0.25632085273237387,0.29637989044523,-0.02582039261106512,1.1786379217117962,0.0676477709859788,0.06575460191424555,-0.034050110052801716,-0.5095382119020808,-0.6397689421712398,0.027393952749455656,0.04073261643099135
2022-06-21 00:00:00-04:00,0.01522073866715094,0.5888136815062118,0.9196439073894834,0.033272912462283824,0.9109943957132797,-0.7441897142891684,-0.9051550952760394,-0.8113614959510793,1.0143627961027575,0.04628081716784058,0.41584674270947236,0.21482678285799434,-0.04704636500141815,1.1740523563415877,0.05817571659981624,0.3291352879824473,-0.08694593267498467,-0.694830124127524,-0.7088160137437349,0.005615989736068886,-0.009096190339819454
2022-06-22 00:00:00-04:00,0.03251072257896591,0.8096461704498522,0.6193136245101617,0.07903261333103051,0.9368850155006404,-0.5436599922499417,-0.8728174592602691,-0.7790171469133812,1.0509721608046616,0.034629377470470186,0.3722482171495298,0.17056178575652453,-0.05679795891942993,1.194636657303195,0.03924164252514285,0.5576229810489451,-0.09895657878596598,-0.8790164521451902,-0.7034081001348379,0.013213631793366072,-0.07790817866196564
2022-06-23 00:00:00-04:00,0.04350651009242742,0.6535915565598762,0.40918734838119414,0.10447586898039289,0.891075929854622,-0.8185479750721619,-0.8440770747254415,-0.8681988682443746,1.1222873496551025,0.05492336313986852,0.2643095728172096,0.13546751482868263,-0.11929208432224166,1.2194133103948448,0.03794745708546568,0.6852376579692211,-0.15981432445694357,-0.8887471950925243,-0.7597361545989695,0.01579702888213479,0.09772084884626286
2022-06-24 00:00:00-04:00,0.04764998461649838,1.2506259106733157,0.43357924520706465,0.10247435914669377,0.894976023880547,-0.0006138439750691885,0.31477931892207855,-0.6066593066442767,1.0091277675432726,0.050643036862706436,0.32714104268363275,0.08014186448865027,-0.16324196362864155,2.3154314065544495,0.038712061133027637,0.7677622118476004,0.08355806265829083,0.17934440546166386,-0.6655780548833183,0.015286957738749834,0.016706568732908433
2022-06-27 00:00:00-04:00,0.07696823413053779,1.3994505379981552,7.377294948214036e-05,0.04343178092455752,0.7130422697072334,0.08433330251548586,0.33290319152363224,-0.5566952237594043,1.0074093498138599,0.10149906335965338,1.3325066881856937,0.05655152120637221,-0.18485430087003787,2.299183304036146,0.036724717063595494,0.8000068331086353,0.05654699556940208,0.07474054311369165,-0.6945520852506099,0.01910517438105892,0.040375464949186535
2022-06-28 00:00:00-04:00,0.08713427431558363,1.3933653784786495,0.038718353064981385,0.0319730263423483,0.4116632669917713,-0.09416766763921504,0.3723179015911024,-0.40582525799408237,0.9561147103490087,0.10662485411199787,1.8334633562297888,0.041857330401974285,-0.18710453611735295,2.25870177919938,0.039071565267876945,0.7944532182137999,0.039484563313907255,0.030234245472789096,-0.7005346145779926,0.014860678189422119,-0.018388835699250095
2022-06-29 00:00:00-04:00,0.07466112252336318,1.3826258263203302,0.5214638572391187,0.044742724573791366,0.01816784770912502,-0.24106334905859705,0.40315765828221123,-0.3289263512877283,1.0076129374383862,0.12153253288108161,2.7418447622345323,0.03328306906347437,-0.19062850379232382,2.2708692056869397,0.051738253794016587,0.7079802575710882,0.04991829489146335,0.1405033299957416,-0.6607974835241693,0.004103845735950513,-0.06792362495578252
2022-06-30 00:00:00-04:00,0.045449290255638305,1.5123795034058278,0.7569281446938885,0.08811762192670049,0.03474244402819853,-0.17659128823613882,0.5042211698018991,-0.2836657705165021,1.0687893140055718,0.1240076783548509,2.1651932746894356,0.027178546724323932,-0.19705555925234983,2.2091371519692276,0.0586667927306089,0.6794030340540812,0.02871412704509554,0.11874281189054102,-0.6493851130735941,0.010235236672794273,0.022195041059359877
2022-07-01 00:00:00-04:00,0.0658119587521324,0.6448707887088628,0.038055388243744076,0.04192683253026535,0.09270047161222489,-0.022724529652830134,-0.7027840914390467,-0.1688634785978416,1.0419399175122894,0.10077553028016811,4.605538025882962,0.013465089842682179,-0.18073550879221773,2.1988856841304636,0.035099960023622104,0.6759989964059071,0.012388093419280606,0.07092362501983071,-0.5552857374539863,0.020994049651489283,-0.07466813946523121
2022-07-05 00:00:00-04:00,0.04848104961029067,0.6562044683662719,0.39891473678433803,0.06943930572223657,0.1206645153544305,-0.0034108295151633133,-0.8228698493500702,-0.106321433297769,1.1432878368731567,0.10446104737953366,0.308055063076146,0.005752443027339202,-0.20633042328081433,2.13453079434407,0.03961853891723631,0.6564244500744535,-0.07480727506415216,-0.02274870583632637,-0.5237492532847675,0.02110656235603179,-0.03089558461426989
2022-07-06 00:00:00-04:00,0.028095461256617396,0.6813235640383267,0.8624991549227882,0.06814019287021784,0.012307921365071832,-0.36283477244469997,-0.8967250370839401,-0.05397199516973036,1.187336810861222,0.15671876002284163,0.23169888904076605,0.000251550934740944,-0.22697561513573417,2.1003546401889173,0.06405611602042854,0.6659966563582395,-0.07242422128131251,0.054090201656904154,-0.47066045906572446,0.024064822912929957,0.055958913872904636
2022-07-07 00:00:00-04:00,0.026418849076880482,0.5187439624301237,0.8771088511100041,0.03482613601598791,0.12575268163902387,-0.6748599674921005,-0.8536951333885183,0.0015206063081317943,1.1437745011213611,0.18974362308503837,0.3404536486741833,0.0021363399308207804,-0.22169302551435616,2.0698619269559444,0.06393936766375426,0.668649732077034,-0.09723052622581664,-0.022030767269692046,-0.3910400102507845,0.0029943462420190356,-0.0006368811649620776
2022-07-08 00:00:00-04:00,0.058651201940974826,0.8320807185146207,0.4079738886454692,0.031722999853340095,0.1802409833645842,-0.638593022256866,-0.8646808852494751,0.08502006451557287,1.1374254277180955,0.18571469049942785,0.7029220870478803,0.006654045306538601,-0.18216152350220877,2.073159958577563,0.043418824425824794,0.6274208562820801,-0.09862572340085303,0.052207675334093234,-0.28972673096364654,0.008829426829216757,0.009815288965596247
2022-07-11 00:00:00-04:00,0.07251831788216237,0.8909893241502126,0.12843533664185675,0.03599595182127771,0.5958341909234062,-0.7978506862830501,-0.8392033222526599,0.20016861112378684,1.1214512394352072,0.08316537517633552,0.7296004378513029,0.013638107950511498,-0.15028581861031975,2.0708625624562207,0.03959707592036515,0.5792868317144377,-0.09853569941109956,-0.7411385312495599,-0.19300501135945147,0.010048345051243322,-0.006564307044820805
2022-07-12 00:00:00-04:00,0.01514898585360159,1.0227372098078447,0.5393556299792589,0.03718834356793541,0.5889040775447414,-0.8169869855421908,-0.500986280157242,0.11658047799229188,1.1585682726838988,0.08485385176720961,0.4530088255385158,0.022066472602810732,-0.1395269063128925,2.079474906744303,0.02497629865073501,0.5125520886887173,-0.0945552993144132,-0.7274566858900047,-0.10695818681533441,0.0011616875929772624,0.04930134412427112
2022-07-13 00:00:00-04:00,0.013770255953321356,1.0227598096927561,0.5675402512373947,0.07920658593924586,0.5024207201134951,-0.47035902376943495,-0.3042997494818957,-0.0458448456120694,1.1130982913880907,0.0908743466023356,0.3638987105381189,0.029320495648743682,-0.12893201162409917,2.0473307104863383,0.023992042854573917,0.4485149295394674,-0.09308657041935298,-0.633840523222858,0.03487106193217135,0.0,-0.04335177235867449
2022-07-14 00:00:00-04:00,0.011095217685651618,1.0119753515327827,0.5747054237159046,0.06584689886621374,0.11350674397278572,0.19376194272055594,-0.23904082856649786,-0.36036006461558034,1.1704448716243812,0.10824544139215178,0.20304155960526615,0.031040834068654974,-0.12571106874511864,2.0123026299931706,0.02220321804546974,0.29331258438415186,-0.10421560501684571,-0.6905810895873513,0.1108955066559901,0.04761005779153238,0.05291132405007026
2022-07-15 00:00:00-04:00,0.0191819712256256,0.671919045733348,0.17271892480431814,0.054230153089825046,0.0005852425720631891,0.15158508552021446,-0.7286947871275727,-0.5272969739094144,1.0733315690034106,0.06022454886287243,0.3165568063562986,0.03614864822391962,-0.11636075433297574,2.00729207904087,0.020399386519526906,0.24678231131438247,-0.12924438852482395,-0.7451916858051851,0.059045152474447325,0.030988645505698464,0.042558288611659334
2022-07-18 00:00:00-04:00,0.022929801187407308,0.448979163395734,0.3626730473079427,0.02875772777104959,0.1575140596270099,-0.09226004177228564,-0.6928786045086753,-0.5047975914519497,1.0433339465849119,0.0584620343751464,0.24687434639199946,0.03998348834609039,-0.11429437609711136,1.9866180140902736,0.024886616953864047,0.10998720076559053,-0.12126795622534298,-0.7216982483519275,0.029762127311712093,0.004307867612194156,0.0220249427033552
2022-07-19 00:00:00-04:00,0.030613067005451255,0.30190266386436226,0.6308634682440108,0.03316711700118014,0.7482072551435981,-0.5761183788721929,-0.6512313548465911,-0.4124796749771184,1.0017254713768005,0.026657344335165537,0.19197018648717265,0.0368113753893644,-0.1087360486243313,1.9861557679190511,0.03737455420469595,0.016259513662871226,-0.11530947571933799,-0.48718177669869345,-0.02768225571042965,0.00475476801748739,0.036443489321744016
2022-07-20 00:00:00-04:00,0.03142657665898127,0.32007581556706494,0.6950128066941912,0.058400006975446415,0.8199410571588593,0.19237352020788973,-0.32424061732563847,0.0757671279503219,0.9176154989887608,0.02752516157021102,0.18660140639283557,0.03329696422814609,-0.10030428070141358,1.9774067068516026,0.040921452074468886,4.161971111381708e-06,-0.10619303064756298,-0.3007765195878264,0.03896181732186654,0.00697143554687511,-0.008708956534073109
2022-07-21 00:00:00-04:00,0.002751230186847159,0.4979751349251552,0.9848358307468615,0.03772726925936615,0.8117876106513477,0.2256657676798051,0.16749912012132864,0.4798541381587168,0.8995745299952801,0.03685941607960392,0.25033199575788795,0.03172848033532839,-0.10580998603310383,1.9956624627258486,0.05453770536021243,0.04618949821470367,-0.09150839802891891,-0.0839690067477684,0.023114470189711432,0.0019317973743785456,-0.014386091340418128
2022-07-22 00:00:00-04:00,0.010130837163319655,0.7033710183730114,0.8894443976779339,0.03169708600122838,0.8725398540373422,0.40642301258510577,0.8521083401535626,0.2605932356731041,0.9019596317444384,0.02971117624890811,0.6722424496544568,0.03522899953458353,-0.10818062651467875,1.9992451012971053,0.03904105877866251,0.12474292932672788,-0.08211794458570024,0.030858715248863338,-0.07264888931889862,0.0012106604623887852,0.028523724999786726
2022-07-25 00:00:00-04:00,0.0168516241284175,0.747615234687451,0.4369289096711802,0.0359577364776663,0.8518416364315441,0.3349538196951365,0.9473172417964745,0.08530337279267726,0.886443377496452,0.032348086189808604,0.41498490476458416,0.043187960626442104,-0.11771321551868853,1.9869783183925784,0.021999935471826697,0.1249708813409839,-0.06636497487446949,0.08217956141916749,-0.0477760075787062,0.010996260975958563,-0.0012996642608023024
2022-07-26 00:00:00-04:00,0.011800205772367343,0.9996016329124452,0.29789832502615177,0.025641087823322795,0.8533959752667515,0.38625258501726367,0.9679490091759109,-0.12374831213810367,0.8924578403585484,0.03219157106014689,0.40969545136727187,0.04640348893953171,-0.14230443215013786,1.9891229636692016,0.016497165373264035,0.22510394124715952,-0.06631889956776023,0.16898142379748282,-0.1081831381187331,0.0006357828961062665,0.002169222480806532
2022-07-27 00:00:00-04:00,0.007488474388478764,0.9155424506498918,0.08114346089502879,0.027159151734023397,0.7994435745106881,0.5380367376064799,0.9351400498245018,-0.12604716113364475,0.8647991061808651,0.03605512371614307,0.3540577838626178,0.04976110985420756,-0.16136077496324008,2.0011300922675903,0.011475373527591346,0.35346978574399185,-0.07206278385016102,0.1553809716646467,-0.13188597520619558,0.0168387072283559,0.005411810953189766
2022-07-28 00:00:00-04:00,0.0046358462475203305,1.084378163223808,0.5028667301940616,0.039112746869000806,0.754970816565376,0.44105014918770546,0.876387594496307,-0.17007076210880598,0.8679044494932384,0.040634456565657125,0.29228286303105167,0.058539937948445316,-0.20073094396555896,2.0036147466564738,0.012241936371620856,0.5776522618307239,-0.07372341475272176,0.40558329797182097,-0.2323098893218144,0.028396930288737188,0.013779663108424378
2022-07-29 00:00:00-04:00,0.0036451976759684195,1.0316662046763638,0.6636828138361293,0.018058409203107154,0.7240778850115236,0.5055898559053912,0.6839659750993335,0.07400070457286456,0.9164158574752298,0.021563973223615838,0.22628042837884396,0.06633948713683155,-0.22977409685368844,2.0564641213291184,0.013107994329931968,0.7776703467788176,-0.10999521577247731,0.7624268197868941,-0.2854281212077558,0.00459745868478454,-0.039821526675693386
2022-08-01 00:00:00-04:00,0.001317094685572663,1.2292511241496706,0.7331317993588461,0.040893851530778055,0.7568535045342465,-0.6830722341831766,-0.7104465722772512,0.010510992580318568,1.023265230031289,0.010028430597323605,0.11607843048252875,0.059908306500628956,-0.229858070855608,2.1316852428937763,0.009026810706339471,0.8390050394292246,-0.18018171306744804,0.46466334227139533,-0.2615651045473541,0.021694326358990466,-0.0018802557526717
2022-08-02 00:00:00-04:00,0.013039288353055218,1.2039901590758788,0.04222237435867851,0.028561959246719577,0.30949978140995804,-0.7529637654033958,-0.6998831326571132,0.0059025105783927475,1.0315608565419192,0.015201995573660441,0.12073093974679017,0.05018384769124447,-0.25553183335442686,2.138818735798479,0.015006434883502688,0.8800755891483637,-0.17913026535163556,0.4910453368491802,-0.29250189617188865,0.01793427115845679,0.014183051756432752
2022-08-03 00:00:00-04:00,0.012172251060009688,0.8641075768729392,0.40648017070826764,0.08152584929809077,0.00469941365057714,-0.3676774394335213,0.09019333478606906,-0.025471876684368407,0.9913792022158436,0.015092323012340479,0.26170719367528894,0.04058767496731248,-0.2493393646300481,2.142139002445547,0.018289110622861187,0.8253602971495362,-0.1621239614617519,0.3752774645161612,-0.05310400631583877,0.04014245488514246,-0.038348414420265264
2022-08-04 00:00:00-04:00,0.012865967993800171,0.8048031712101106,0.3946679598463374,0.04597065605812715,0.004070220468203421,-0.5842993908491049,0.43750940005268524,-0.35425201199685913,0.9373949690308093,0.015715031711399426,0.3615054378964823,0.03323625229203713,-0.2520381152726002,2.1854441647828318,0.018986297392579617,0.7750838273659448,-0.14987840403608166,0.40711044494987436,0.1251750578278628,0.004960830699856305,0.0452171714881795
2022-08-05 00:00:00-04:00,0.013676025723091607,0.6085466996294849,0.6249960273237533,0.06974878924823379,0.13168983908712656,-0.5375799154254556,-0.1403563485631831,-0.35365602065402546,0.8873125876802691,0.02273775959330588,0.7313193452020343,0.04445593172944798,-0.2448256653289474,2.1625886561552026,0.02432621993503648,0.6464748533733116,-0.1794386407612702,-0.04070584088418297,0.15028500775134485,0.007686109705391802,0.008804349387024235
2022-08-08 00:00:00-04:00,0.0170121170080148,0.8193108326841042,0.00908966916099567,0.02538646545751366,0.26860860814200976,-0.4482827805940306,-0.09047146978963246,-0.6322746179804711,0.9050740760339263,0.017115981398554258,0.8065201667496447,0.052284334536480716,-0.24955629184772465,2.17837881559964,0.01661770856174487,0.5873844811618565,-0.17311249287216132,-0.1859779657293036,0.015824026510959904,0.0016546965625533299,0.01960994714976594
2022-08-09 00:00:00-04:00,0.019191957717617007,0.5752243410864405,0.22368595500580793,0.028148106166294783,0.09879501805879265,-0.24858796997120897,0.004975534112860486,-0.377943248206703,0.8697550352653202,0.021416362804238916,0.4055321309949023,0.05482758941285632,-0.24650974707515505,2.1714800558836815,0.019748450292053278,0.5318467214401642,-0.155274743538274,-0.05547977264919853,-0.03871220747239433,0.0032803974454366637,-0.006657423828670517
2022-08-10 00:00:00-04:00,0.020224937044906008,0.7896456836490089,0.5154832670331186,0.033050876018542244,0.0006979408016153783,-0.47665907175842986,0.021954028222951873,-0.4123174066880949,0.890092692746233,0.03094822556662183,0.7632418648516042,0.058008710338236034,-0.2562361521307124,2.1824842860087896,0.025747305006428276,0.4952349082381795,-0.14811644563766566,-0.007643538082873855,-0.09479678396698302,0.026165266745530692,0.03521271680076987
2022-08-11 00:00:00-04:00,0.00980994389751545,0.9446277934516119,0.7887781884819044,0.031398951080796524,0.05674433143498728,0.22930359055686084,0.3006692868194849,0.12273906007284574,0.8912496836326342,0.03136419005573422,0.28343665440820515,0.06046938065739482,-0.20922889700934774,2.141350777862914,0.026692648026002287,0.4487962757960444,-0.0884853560767225,0.26074356308154595,0.12791519933750922,0.022590676737572753,0.009248648222991651
2022-08-12 00:00:00-04:00,0.00461930061533792,1.1538674659330213,0.837363446270103,0.024069162085001657,0.3292951323408999,0.7341129021105816,0.913661010699499,0.15418128621089255,0.8974647461336601,0.03628674709524969,0.585160915148174,0.05047754377450238,-0.20079589534256628,2.1445698895385705,0.02077819046109127,0.45913189982463937,-0.08974242221009424,0.2385162426409464,0.3055615279715173,0.011828857348687343,-0.02352085450761021
2022-08-15 00:00:00-04:00,0.004599327605770133,0.985542085318017,0.8734033296429168,0.04439302891946725,0.7701825403661621,0.6749331831317722,0.7764987364493345,0.1698274497987814,0.9033366292693369,0.01836566260278298,0.7294511882397583,0.03823988054364741,-0.20346212859719162,2.138057837164776,0.02378117100440188,0.46091696318455744,-0.08405542411444172,0.35244663635888884,0.2625513262037603,0.02693033478162892,0.036546220110568184
2022-08-16 00:00:00-04:00,0.013360064213641172,0.8625036238655605,0.36489267812234155,0.03903207748928167,0.766671040083904,0.5614937045075165,0.7465940352533842,0.19651153433082483,0.8764165215745388,0.01791993984304689,0.39964771121558396,0.033971125152897165,-0.18152137237328841,2.0926209431475047,0.017773934763806235,0.43236524300758694,-0.06632775988371126,0.39197105020418876,0.3374659362582688,0.01220414124003465,0.013711423788020483
2022-08-17 00:00:00-04:00,0.014478160160053355,0.7802638429531026,0.5035157323358589,0.027575202658479944,0.8125378087060583,0.361122038498614,0.6603340763977336,0.028528785238871396,0.9043568037573367,0.016779903977160785,0.6467606480571573,0.024899132801017104,-0.1831535318752154,2.1268396589751366,0.02078498144298768,0.45694699733750194,-0.08482427217844668,0.38541745644162206,0.28148662302290495,0.011707911651347394,0.03986564096192868
2022-08-18 00:00:00-04:00,0.011953092292069341,0.6200476734210241,0.46793755136912707,0.03323233248007422,0.8835446826976536,-0.1568803589943375,0.6110446086162903,0.15468152842792535,0.9149215536064124,0.01226898991578655,0.4959148558559871,0.012614969130688596,-0.1677069988549348,2.1319778438080923,0.017890229679857376,0.5554140265600093,-0.07315407056932496,0.4027738700336708,0.3107267348350314,0.0,-0.05789711666134789
2022-08-19 00:00:00-04:00,0.0190268027837196,0.6380955304987685,0.7432221873593047,0.03936255321406395,0.8733244006017788,0.0933949935759603,0.05385029106923244,0.4488926337104573,0.9914080001432477,0.015098850021336768,0.18553572997931955,0.0013244454465905634,-0.14504785121868383,2.0749299144084827,0.03347434428497772,0.606796020301427,-0.08877206655556776,0.3180419699500877,0.36639574771082195,0.0,0.03975917036700105
2022-08-22 00:00:00-04:00,0.049141874230782534,0.5200142918605873,0.287208652031983,0.05482384159771907,0.6969511470313826,0.05809782134566536,-0.27063867265788505,0.3371019872284532,0.9669424642217275,0.028234292770440702,0.26172885892038666,0.00044539301010080944,-0.13420903694630562,2.049736266781054,0.03166548806967795,0.6008607397165707,-0.10185582848337181,0.223230149411399,0.30742546919001656,0.030423642882946935,0.002096466206788161
2022-08-23 00:00:00-04:00,0.036670480288932696,0.8009309587295224,0.08005366031301184,0.046029408772786565,0.6754955131218469,-0.5591492956287533,-0.6270922172656882,0.1630497310528536,0.9741555408546055,0.02799503145941796,0.1946703200393685,0.009396493429966835,-0.12347268608646901,2.055745958172303,0.024052699411100286,0.6745792420010632,-0.10002320964193176,0.20134575939426735,0.3190433345063129,0.013970618154488398,0.03367543160615272
2022-08-24 00:00:00-04:00,0.03271235299885408,0.6761235555842622,0.019631830759862422,0.0427142567578904,0.6539736959129809,-0.6146422022377933,-0.7612891965239554,0.05131031353085369,0.9701650144426416,0.02751528077369902,0.2727787481630195,0.030800691046015332,-0.12072620446460959,2.0443351350342067,0.021644919085890012,0.7324809285581457,-0.10031193742271301,0.1014740035204633,0.24355005868657664,0.012105004051628114,0.0004819641375490846
2022-08-25 00:00:00-04:00,0.04325857872560245,0.9806165225583837,0.15925780112199,0.014544924504448314,0.6555281367124296,-0.8834401886667701,-0.8673176485202346,-0.4895733374735377,0.9154546705129846,0.0279481317856444,0.4862490755741672,0.07536388747916911,-0.12295327006941839,2.100073498053536,0.026871675340939895,0.7895516480354099,-0.07170314376661517,-0.13755515436351387,0.10663013590103626,0.008352560637423637,-0.0013488323567639737
2022-08-26 00:00:00-04:00,0.006470352288331713,1.159566257468819,0.89780928738584,0.024554675871211004,0.6980423737456892,-0.8932268083220295,-0.5651588016124423,-0.49213630021634286,0.9413545739503953,0.02753724386884644,0.644290061064506,0.11940609592227776,-0.15445207569920227,2.1218273042847233,0.029829184913588214,0.8470629173816661,-0.06414727258530435,-0.1492205580590661,-0.04631899421095504,0.006355355530157795,0.001061087359371271
2022-08-29 00:00:00-04:00,0.005981246097231979,1.6976098626395084,0.7504934563789005,0.03906631530270712,0.7144386289311332,-0.845432320201716,-0.45358176529731337,-0.5716623503260411,0.921925966951374,0.026810257288696928,0.559345268479286,0.17921337885363495,-0.18011146061785835,2.135169561055381,0.018344577441835864,0.9159636670334511,-0.06904202195296752,-0.2280615814892928,-0.1915928626669393,0.008692249193805639,-0.05666374722114309
2022-08-30 00:00:00-04:00,0.008101439251328113,1.277339338494776,0.49349783811636494,0.05115673430260425,0.643410981779774,-0.7207379642360949,-0.9234115947598895,-0.7952507918138999,0.9847798795149864,0.024293751913336693,0.28021358774342975,0.2397056984124238,-0.16702263832864594,2.085301542590494,0.015428013931511077,0.9203971735315808,-0.09958284603863594,-0.7432294700398567,-0.25659639048192223,0.021739133742648697,0.026560345959802945
2022-08-31 00:00:00-04:00,0.023276508476814617,1.3128951081607445,0.5032237084974402,0.071503629674297,0.140923341752178,-0.7360006485002992,-0.82456515431272,-0.7588859216295151,0.9686224674200087,0.052388711475152984,0.21890810095602742,0.2969866593859914,-0.14478568865668714,2.065340496120355,0.026061885316742084,0.8182853427375402,-0.10236719179453244,-0.7457981294172815,-0.3225902397251353,0.0033624009769987365,-0.02457951105172873
2022-09-01 00:00:00-04:00,0.022619226918790532,1.0417905217461736,0.5430184721993228,0.03310391084096966,0.025176420319919755,-0.6282702005687776,-0.5662276743001519,-0.596455253606048,1.0210048478586924,0.05457115134698922,0.3463522210619227,0.37103664106031353,-0.1468430090183999,2.074034158534282,0.027121953135962485,0.7664885378964392,-0.09729765241287025,-0.7040461259309346,-0.23988004377282673,0.009313607818530615,0.017547534095789796
2022-09-02 00:00:00-04:00,0.020799126320889712,0.8865997496441544,0.6368610769264412,0.023560794179036924,0.0010753617714552234,-0.5370435544552931,-0.5565391464118584,-0.5619460846594048,0.9738515393290388,0.06150317214695468,0.38286337187069175,0.4644077759268485,-0.16382415613469056,2.086481156131368,0.028922790889010546,0.6373602275716738,-0.1039347585693643,-0.6141649401281062,-0.14826574830841152,0.0064077435945879245,-0.03218372197237862
2022-09-06 00:00:00-04:00,0.02951797518804077,0.5953676580663676,0.2747078783303832,0.035998787544014914,0.17293451370606777,-0.5062436845048426,-0.5923803594544587,-0.3553769910277575,0.9904663156693461,0.037776097865990205,0.25303838906086784,0.5510168427870248,-0.16076215136169453,2.070641390584221,0.02478245877891978,0.540234987580357,-0.1154388128533827,-0.6398651766757361,-0.22946429762281123,0.003529277811670766,0.012535101036919238
2022-09-07 00:00:00-04:00,0.015401047875675047,0.44619869101207676,0.12070586406675397,0.054349223141947636,0.49112025529141873,-0.012008434480355911,-0.2079210258847904,-0.30872641797032574,0.9801011828928774,0.031513221194587424,0.26059325996391836,0.6233835800777313,-0.16214938145630828,2.0625836693509294,0.01615699512969111,0.33927323144273575,-0.11748386853968094,-0.6639482842171398,-0.3611568902324165,0.017164038602637252,0.027214859685262383
2022-09-08 00:00:00-04:00,0.0090604288475311,0.41756125830547025,0.47964955249635344,0.03937975218384455,0.7432499316759302,-0.11304028907746992,-0.3403287528325903,-0.3513679730030274,0.9074822595581332,0.01734308547390904,0.28044055617438046,0.7048634147923083,-0.1685829734259682,2.0843937883005013,0.015894552723489035,0.19896563161560263,-0.1113050681029801,-0.6373745434914148,-0.34210302751569854,0.01566677761296891,0.023705256144164633
2022-09-09 00:00:00-04:00,0.015150945769456841,0.4107023079664248,0.07745044922459476,0.02069095389547766,0.4955705812285383,-0.40475980434169617,-0.76718593778237,-0.5190858243096681,0.8321618329697176,0.028477786687899,0.14210257250657865,0.7612305417255949,-0.17810480397317766,2.14356368049995,0.015256659538981688,0.11271471609291796,-0.07836142396495151,-0.571339530702146,-0.5140898626626239,0.0030255471536572397,0.010215989522328162
2022-09-12 00:00:00-04:00,0.02252042131311665,0.4936856386250764,0.42083429015561113,0.024954591277732023,0.08906792139701675,-0.6240075629257972,-0.7074506556087774,-0.5563938853939221,0.8293852113155473,0.0460892473074753,0.18369671677730234,0.7893826422183394,-0.1928188270236951,2.1440997009902634,0.02335684344231135,0.09694005626083706,-0.07884422443220068,-0.5856614341879051,-0.4680836287110542,0.015393447430194466,-0.023114657025676277
2022-09-13 00:00:00-04:00,0.0013622913441598006,0.3496583542580053,0.9795534737532952,0.04236712132152869,0.044456225858825874,-0.7169884823068711,-0.43280415109485115,-0.5102562369625476,0.8114898302802669,0.050489294609901106,0.14081975912143196,0.8197381950017141,-0.20142811063865063,2.1729917356188464,0.030933620225730818,0.09724226336260759,-0.08096708691871785,-0.5978013566745355,-0.4522028239485752,0.007773812295104978,0.03085865127440579
2022-09-14 00:00:00-04:00,0.017046328722771124,0.4306335121944853,0.5294486924407913,0.02743405861248503,0.40737291924225744,0.2737019601599505,-0.0413274581576255,-0.11972495123233855,0.7492145208268797,0.02446271479939873,0.1337564086555091,0.8299227500036735,-0.19211590400406503,2.2317863313966284,0.022465593442695525,0.031016004669728727,-0.03907276294982501,-0.06457285445145784,-0.4600799916318998,0.011318947771470236,-0.009276855760182001
2022-09-15 00:00:00-04:00,0.011162369348189451,0.5516307812228751,0.41895393080449655,0.03152297097812526,0.49823660673746595,0.5737108630623418,0.38093335957384045,0.05941211127980443,0.7870331818346066,0.02648656699291817,0.16702502664987184,0.8331821747336465,-0.16433972176835676,2.272431107924815,0.01643624908459516,0.034656601208820866,-0.01644890234748345,-0.013857740473877094,-0.3904059316201536,0.00633606056916601,-0.029056839531082623
2022-09-16 00:00:00-04:00,0.008784631900679013,0.8169589347604004,0.09687614843226826,0.04498500045810254,0.7006947208252294,-0.571189080529361,-0.415652778850006,0.01753557361832503,0.8032130097422435,0.0183826127653608,0.25990348288290477,0.8410676380999534,-0.12268110182038833,2.224656911399405,0.011869188528925673,0.035476687407016795,-0.04980717536413131,-0.5361398641161591,-0.33971537514091277,0.013514833240387223,0.016703022103917275
2022-09-19 00:00:00-04:00,0.016286224614679986,0.7428498774480327,0.16254431183383986,0.05162209479581401,0.4337956758449651,-0.5259823108565335,-0.5054948713360234,-0.06869665834232153,0.7284685212629665,0.030092495770357663,0.7399525202829013,0.8393672181644205,-0.12419010940101255,2.3266448436628875,0.016644284658029942,0.04670024715381078,-0.02992727259897822,-0.5297745079709734,-0.3716729489181673,0.0048969163841837415,0.003422733100113984
2022-09-20 00:00:00-04:00,0.016359043552139466,0.9242744472727181,0.05215834210052255,0.03695326296644661,0.398202751002836,-0.4423207907994285,-0.5467434359088086,-0.12799525009000137,0.79692741368137,0.03125618961174774,0.6130433675850155,0.8325098151041092,-0.08764576560234393,0.9185948899056805,0.01565326484050163,0.010626074496912156,-0.21825594808661924,-0.49155999104757636,-0.23550723121811695,0.018329217334344325,-0.005165284153882843
2022-09-21 00:00:00-04:00,0.010441124840636388,1.2620110203141648,0.30576200531305364,0.037213753934270434,0.19324151805916157,-0.4763300936605144,-0.8784853508758914,-0.10539845921300568,0.8144481926367618,0.02476840426774817,0.8204933413950264,0.8341699428443224,-0.020976309316791213,0.9400563258311668,0.014650008073948477,0.011458730558094318,-0.20807036717102168,-0.43442827523171645,-0.22360151009515283,0.00591605656992035,-0.034776663191386836
2022-09-22 00:00:00-04:00,0.008084839417050026,1.0073607499162323,0.02067927570387901,0.06410504410003472,0.0011901457585705186,-0.28072410058488134,-0.7700769023178143,-0.15113758611759637,0.8778609931801792,0.01451697058714991,0.6728808009618359,0.8365174627929143,0.004737899380928474,0.9457842005137731,0.011047848974542224,0.008508420855913098,-0.2032089387569355,-0.40542421662334377,-0.19413655536116114,0.0018206443109908869,-0.05683545007424773
2022-09-23 00:00:00-04:00,0.0176675048536911,1.145911436760695,0.16070797606828774,0.036356871121389474,0.32908288161681976,-0.45345094670798525,-0.8683305151144115,-0.4888473994470302,0.9136456111265467,0.016950324522649687,0.3911594984099671,0.8372363904996672,0.016441975345925664,0.9438255820639297,0.018165268830741033,0.00586477949706119,-0.2458707095565551,-0.5651929897712641,-0.41768053000094063,0.024965412680552503,-0.019799892383985607
2022-09-26 00:00:00-04:00,0.030475443704655547,1.0471193411124036,0.7617264277706747,0.03607911123602907,0.5093892195117645,-0.8400320751922445,-0.7221085364741666,-0.4461808394974683,0.8687894264417823,0.04794881996418108,0.26448761150878114,0.8045792797651773,0.013387101207275107,0.9466273166882406,0.045226239221290127,0.008073767620946882,-0.23078310538578495,-0.49789882371552013,-0.42948057024175657,0.0020647122249817713,0.008782699276175698
2022-09-27 00:00:00-04:00,0.012119587580392414,0.9814546750492191,0.9410653354155532,0.029577417521949634,0.6262953744015469,-0.7220100677406414,-0.8823354376611685,-0.3172945157299152,0.8803404777568123,0.0641523917373369,0.29968177235384025,0.7471021853720087,0.027749433398030147,0.9506739788085308,0.057096974314745474,0.04940468402308292,-0.22141918760765922,-0.5164083396240502,-0.3780835722882497,0.00790894586568666,0.03917713843831949
2022-09-28 00:00:00-04:00,0.025116591531382664,0.7425132358370068,0.8470493434425485,0.04230099421896637,0.8059984421913312,-0.7488954847167393,-0.7762186306516272,-0.23019091472672323,0.7838962791377166,0.041457938659358186,0.37319684429907657,0.6962857877569573,-0.007182517534489614,0.9220881846416346,0.050051197051677536,0.08477481883190922,-0.14895676594490123,-0.6496286491503465,-0.29752219314330625,0.00010876616278874376,-0.017279299449911245
2022-09-29 00:00:00-04:00,0.05803926564289188,0.8273599527408415,0.1377368726187187,0.044362476467659555,0.7081901810496487,-0.5819972517252509,-0.7605965787914951,-0.26124941147968767,0.7730348459044041,0.05635751267625594,0.258206334790901,0.6582270497801785,0.030403217920738992,0.934742183077138,0.03232479541671954,0.16384003844229877,-0.15422974355318358,-0.6617520409881462,-0.2977338795104655,0.0286616812178539,0.0039430280951173735
2022-09-30 00:00:00-04:00,0.014410038702589993,0.5988970486071434,0.32844520410926,0.04110034499429766,0.6400192941286535,-0.5550232019354854,-0.346467976999944,-0.1829371141806395,0.8130870113376434,0.062233314115823335,0.30267993208490857,0.6115918137882432,0.08797794555364961,0.9616910496499811,0.01821512056204716,0.22401055452833707,-0.13052616167004727,-0.7089140771667274,-0.298368162684459,0.003914326471385483,0.05010069421866348
2022-10-03 00:00:00-04:00,0.010547708507782734,0.8259241736264759,0.5245296072743347,0.0363617185007882,0.5907204603612568,0.02765274104608955,0.07366785258199683,-0.5693298492264491,0.7738011945028245,0.06474126483550062,0.12684517604496534,0.5634538720235318,0.1001094155637695,0.9318017043895744,0.018073491175074657,0.329339384114433,-0.11552190375370859,-0.3790813914573068,-0.3048766479253295,0.0,0.03345803220241561
2022-10-04 00:00:00-04:00,0.018230739230810786,0.6252041431103038,0.6013616532173337,0.027503953291083065,0.20956376413585434,0.7859444857300173,0.0686387463440966,-0.21546850761556408,0.7560987021055413,0.10212661385985361,0.1567269525906871,0.53698125206113,0.06211564867327328,0.9077150482485465,0.025526478834539842,0.3045650715875499,-0.10897038224256542,-0.30746923433275575,-0.22979023671850796,0.012480323443188491,0.0019561554718348084
2022-10-05 00:00:00-04:00,0.027904840979602153,0.8972818469588547,0.6747737411706198,0.028794579458377757,0.0102666747981337,0.6854197095028808,0.4452694798227825,-0.15729744427693856,0.7496689690129306,0.123771742772056,0.21684662859121792,0.5219063580721599,0.005065215354596299,0.9119361419892382,0.03493018808147795,0.2788518365888542,-0.10178316265566185,-0.3253106537580714,-0.21917571469892802,0.01835046304356911,-0.007711876322518241
2022-10-06 00:00:00-04:00,0.010162607764205262,0.997056603280903,0.9136076170608026,0.027889658413214693,0.4137827703182518,0.6697285394870967,0.6809279556008405,0.12695019194621313,0.7927421865316997,0.07605974062339246,0.1622405657753627,0.5074387924571233,-0.0038998141993485873,0.9324475902424625,0.041058200236909884,0.23463298774552316,-0.10644141601213682,-0.2904229820392196,-0.21182385645241447,0.006088605866968957,-0.011706830750003894
2022-10-07 00:00:00-04:00,0.024748934802363554,0.8431611509534114,0.7000957071962028,0.031231509053648347,0.8302185869590586,0.6685730656121658,0.5023677224133103,0.25816820141450264,0.7673587466941432,0.025705612725432102,0.15121766330674163,0.4890647125214921,-0.00038977024106564293,0.9469534290198751,0.03459227070354761,0.17034251697459044,-0.09675151763758898,0.22782233665291698,-0.1879207912467689,0.0006896521657557806,-0.02817029926667103
2022-10-10 00:00:00-04:00,0.013880683666139678,0.8056801058770837,0.07171938578655397,0.07896787586506719,0.817994848035559,0.5581260103681955,0.552075779514976,0.4534268814919133,0.8313809645799639,0.027987710937325272,0.2574037248598163,0.46681704013119296,0.025068756295187216,0.9543586218497858,0.014936982094521281,0.10469172884618935,-0.045735261069918,0.3288788800284163,-0.14708364569299898,0.002823767518449944,-0.010549976672480255
2022-10-11 00:00:00-04:00,0.005455683204901476,0.6262059542801357,0.8033357724154591,0.03884002528115632,0.5359608933336399,0.7980236719653321,0.3101868791288948,0.6098730488163473,0.8760049473765982,0.05491349351128643,0.33800549422759885,0.42633854868304333,-0.011270842519076464,0.9739961246065552,0.02045323590970008,0.06946320898545447,-0.047416635938847394,0.3484572096539362,-0.04145663806977353,0.007432989001514996,0.03012412252911889
2022-10-12 00:00:00-04:00,0.0019279671246242045,0.47508403588428194,0.9566145878263036,0.06575783921655287,0.18147590878237432,0.7545026190763147,0.7447188079728511,0.6638655112358687,0.8691175039686692,0.06830887382567698,0.21706823384212107,0.3804138272625246,-0.03245539164117713,0.9664172723062314,0.02550546879920244,0.06519436046830013,-0.038907886888240796,0.5655276679778688,-0.015396329101883292,0.008618035607505911,0.02462053607926129
2022-10-13 00:00:00-04:00,0.01730414145802682,0.370943351784814,0.39191506931933534,0.04473689941106941,0.10426104506982714,0.4064467703587166,0.4564349507780031,0.38488371126507653,0.8791461294449497,0.0665925061837667,0.31223743956879624,0.35363389131085543,-0.06439966297412836,0.9786551356528115,0.020163538186372804,0.013079240991347442,-0.07732543170482864,0.5957403767084367,-0.07550877059250898,0.0074899339099858886,-0.06512351807393235
2022-10-14 00:00:00-04:00,0.029058209868056434,0.600132061615246,0.1285805088126149,0.05352674974959263,0.04012555363627948,0.2516558897544945,0.0036077527126200204,0.5052835004083281,0.9321976762331632,0.05869205397858252,0.2473305296893121,0.34601588448430365,-0.03930739047722831,0.9584159374011373,0.022574467260103474,0.006985898381762951,-0.08916028796843006,0.29219694197507967,-0.021330978152793157,0.002501250701683021,0.019722906433233378
2022-10-17 00:00:00-04:00,0.04763292962793859,0.6599598526431696,0.002025494880146396,0.028493313711299796,0.23859896028227812,-0.1749900135659525,-0.3399568781056656,0.5308851499347572,0.9010163344562517,0.03841341943593184,0.09483575792982889,0.2974424911695216,-0.03427515836174576,0.9494765361286385,0.02674542802723892,0.005057026593250413,-0.10972330899217657,0.0770577567227272,-0.13626406322237175,0.0015771372612374973,0.013271860045363182
2022-10-18 00:00:00-04:00,0.04666455113466738,0.6105466796846144,0.032305753609813484,0.03265893206814577,0.4618130498109026,-0.12860716425154223,-0.319276324379563,0.5718268216634754,0.9145785185025366,0.02926649913191406,0.0914348733052502,0.25755776352084864,-0.10723112055027159,0.957715956107979,0.026706507974950063,0.024576626259218665,-0.12824117661023499,-0.009420190596944775,-0.09077826766949032,0.006162124746748053,0.010559323966385703
2022-10-19 00:00:00-04:00,0.03477901012240623,0.8134303398872718,0.18649529599790443,0.02124827284971753,0.32521742349873506,-0.3199057715823137,-0.5586731403730953,0.35259603842603676,0.9038458721090613,0.0317232138910198,0.20614782321839253,0.23195817912215058,-0.13666631118320452,0.9510919360175293,0.025014412418106594,0.09161455166815961,-0.13222254106865125,-0.060712770319314935,-0.11749377700755234,0.010139343938310156,-0.006932642790680399
2022-10-20 00:00:00-04:00,0.04262559573380366,1.0173540409070305,0.01149996563132806,0.03690477289760612,0.09372106941894848,-0.3778027841271197,-0.4777878165426697,0.24485411527904277,0.9121299862674852,0.033724976263840245,0.2704519317896566,0.21053470479751343,-0.16174240090673409,0.9488608744495475,0.025209792140823393,0.22880063014780372,-0.13011995412274038,-0.04057571047462423,-0.07324012983686565,0.009027738146472073,-0.018413677750249602
2022-10-21 00:00:00-04:00,0.00398433926876017,0.4572115779758376,0.7958284632522495,0.03986056023205326,0.0025876288679640503,-0.6414935109960814,-0.6080339430306719,0.044812082431822275,0.9342696006766139,0.03012563145844756,0.1774546602063543,0.1856640556060309,-0.17046801644918566,0.9358585845517603,0.017117434958888872,0.2889428192301448,-0.14114922273815525,-0.1288423637002869,-0.06659847903753337,0.017126398645225624,-0.003195019640334862
2022-10-24 00:00:00-04:00,0.008258398239201601,0.6303529102175081,2.157532084593366e-06,0.03377746850047427,0.00029612989461823736,-0.6312541058205831,-0.5927471233693957,-0.2874637075481187,0.950179362752214,0.028106915321906897,0.18837298429195723,0.15333822029364136,-0.20021089780131318,0.9430869567355878,0.011153249282042844,0.1793798504019297,-0.1386452900523359,-0.3174130260480459,0.08510674884557448,0.012395382486358303,0.022541630738801333
2022-10-25 00:00:00-04:00,0.003743300903864719,0.7097322438245265,0.6307499269434079,0.04276244745410634,0.02968651388785726,-0.47382425105765597,-0.48677882386332116,-0.24939518712250336,0.8922294628263723,0.02821911138124588,0.1789994874298742,0.12495868263522072,-0.23407264785779378,0.950894362664685,0.012220236334207683,0.05717482923563204,-0.12647592399346322,-0.2988263910585856,0.22338091823153033,0.015116991683501923,-0.0009101529026307453
2022-10-26 00:00:00-04:00,0.00886629503154266,0.8960423633662741,0.18553931510720947,0.026095757856777292,0.07523968070067281,-0.31606555641373074,-0.36667745626897474,-0.20304860989486992,0.891363119977135,0.025125590846519354,0.1787366473717699,0.0966438748825781,-0.2629935460494327,0.9517756222733512,0.012669115175884472,0.006780515020928116,-0.12690893035891318,-0.41769543336405324,0.30385903488999894,0.009269579832139463,-0.007793607449264717
2022-10-27 00:00:00-04:00,0.007752435790812793,0.8333603753535345,0.06747592662276122,0.034448296512014594,0.012187225436621136,-0.09780119493669809,-0.22276292374126264,-0.27370041443387866,0.9111061730992837,0.026013850937274517,0.23353408378481813,0.06864538794525987,-0.28679454609488453,0.9720427044450289,0.011114714463592032,3.5717068636011077e-05,-0.14559915244966423,-0.28000368465542774,0.2903166142671805,0.000299538480677179,-0.0017339677368446438
2022-10-28 00:00:00-04:00,0.00404721986842543,1.1858166274918074,0.422618861583772,0.03752532459940451,0.15037689368188026,0.2570765770931698,0.5491002748638898,-0.24200626213986717,0.8776885796725596,0.011197024691628265,0.33708988430066356,0.043260316682415305,-0.21419543919720155,0.999492052356839,0.010214878453966353,0.047463037581465396,-0.15963774063970862,-0.18805256021938976,0.38078691581248575,0.020892470491613815,0.04506434492755251
2022-10-31 00:00:00-04:00,0.004853887988777021,1.1584954675716101,0.06689307142901613,0.04311125337585942,0.0004604944095954547,0.5287073282394538,0.8740372586911354,0.20500623556845474,0.8778169297857215,0.0065549873200074615,0.19278588807350658,0.01592316432578093,-0.1350316867642688,0.9978706818725349,0.008607831418030388,0.24103969134136263,-0.07298246949087382,0.41080628123430935,0.43762547909335925,0.0019093803369245156,0.00391098913528154
2022-11-01 00:00:00-04:00,0.015802451729875943,1.4981755738791407,0.26378393137896944,0.02718395195245553,0.09404065343564146,0.6390634410130845,0.9050454842715299,0.36976804046738954,0.8820956701511599,0.016240945019000762,0.20219339637917053,0.00813886153699537,-0.15740100260080134,1.0008792735682515,0.017451251241181843,0.10643799666086225,-0.0716529510885593,0.4032865326779496,0.4694919495195189,0.015188155684518733,0.010713969936385181
2022-11-02 00:00:00-04:00,0.012904593608341858,1.0948184122706985,0.6478039387462371,0.05238046883863703,0.307440715279302,0.8010919170937424,0.8523313066365985,0.6480468125395646,0.8898595907212699,0.020552003261914403,0.2360148254413892,0.0032929076091901136,-0.15105150259062028,1.007047236272639,0.022679462903277086,0.0021156744227783368,-0.08357096978486045,0.4904440658516889,0.5350952594756834,0.018166943884172053,-0.04481051850346396
2022-11-03 00:00:00-04:00,0.007249056374217967,0.8920428026892417,0.8637252405742976,0.0484374903375283,0.6291364817010693,0.7298725255269525,0.8002634502617769,0.6233768965845538,0.9254032162214891,0.017990669964074155,0.3306322249724518,0.0018128677200920848,-0.12045058352553559,0.9817189688619059,0.027960253685682356,0.06939072528951902,-0.06706518745860261,0.5565859316577854,0.5027131551346304,0.006640627881279054,0.01765544584651746
2022-11-04 00:00:00-04:00,0.0404201274207696,0.7267206169786243,0.0636892908895372,0.04202760173809028,0.5163445510815896,0.6745949149902785,0.5864247737239596,0.6127337373482832,0.9413688901393662,0.022935366327221905,0.5390880086630724,0.0004363789560792613,-0.1598719348441026,0.9685934254873497,0.024968735235243823,0.1406917901170374,-0.17959084532432165,0.5828064517170395,0.448004702816072,0.02933074214260592,0.03331008961568194
2022-11-07 00:00:00-05:00,0.014581154361313993,0.7288088573852292,0.31286896224183824,0.033492122053103895,0.41078538184781627,0.2382837992394843,0.4282211066665653,0.6161268887498642,0.9194483721780883,0.02419604110364103,0.30609039474045735,0.0020203071322070607,-0.09005820165239856,0.9518551388195139,0.0172214032497428,0.2508849182878398,-0.15421531647395337,0.6110475789807702,0.4629974715675692,0.008409467807085355,0.004988951543064779
2022-11-08 00:00:00-05:00,0.0295460392955628,0.7203904480351986,0.00026842503759566115,0.04961970561962645,0.425648318720087,0.04456989165863754,0.4141506224552474,0.5073150750286604,0.8933652050704718,0.02484849022861118,0.37675661749169365,0.0010857837327847427,-0.07888581120833305,0.9697011659401427,0.020273076204701916,0.3277776421777767,-0.16799039701082194,0.6124496800295616,0.4333098790974116,0.024473425961247186,-0.05766094303481528
2022-11-09 00:00:00-05:00,0.03258058741211761,0.6258488158979568,0.21057001385638016,0.040191673425512324,0.5160983600811948,0.30496178444920236,0.37475028672526794,0.5293898341180711,0.9826763728507035,0.026535086114588848,0.4750303568499801,0.0015784827198543302,-0.07675764302811937,0.9664418435962072,0.024679182614405853,0.36749100385803557,-0.1851954953776517,0.5635959106194829,0.429948703886233,0.000880073694607742,0.031404883939138095
2022-11-10 00:00:00-05:00,0.0521172095075378,0.6065389290606976,0.029395393177549703,0.029342038973376807,0.1396148069967079,0.02947255994588196,0.25377970134297434,0.5432379680059125,0.9658188365764185,0.04606660341201995,0.3301369209129296,0.005148254974762681,-0.06461874394200513,0.9601809898941751,0.02771806680728813,0.31363426672372124,-0.18381744939274636,0.49694538151042267,0.388747370946877,0.019265012390040043,0.006089834335337052
2022-11-11 00:00:00-05:00,0.03907186725795119,0.6961635752076919,0.05376256156709593,0.05031752197506331,0.03387941315721462,0.5655224534895452,0.3493092559402994,0.5188395117025182,0.9982426909353841,0.042255030113403744,0.15790386187884958,0.004196609152591414,-0.0531094522032352,0.9831916059018608,0.024232999510150482,0.4944394647125065,-0.18914155188634352,0.4698266478217284,0.4441684359902499,0.013565553482685603,-0.0008057841465463067
2022-11-14 00:00:00-05:00,0.031118753855461267,1.0313851246650723,0.18730452973200223,0.028921927026706946,0.007643350437393854,0.5141275738938919,0.1753296822462313,0.2791883980948038,0.9412057260546537,0.03058981937856464,0.17239927017501017,0.00032994681480572004,-0.06314414637650244,0.9435508648257864,0.023345188081827097,0.45067170603040396,-0.15602179222195348,0.31581774654000205,0.4896927115641266,0.0015957282084984143,0.03115243174196336
2022-11-15 00:00:00-05:00,0.03026284118884009,0.7894803373752146,0.0062870589868186605,0.039133223208600354,0.0018912842260414271,0.06304428015697656,-0.0053891036030751325,0.06902818472682314,0.9490617048868584,0.029868019302045728,0.22467014598419216,0.0006705910113146643,-0.04587044772331857,0.9464030999464139,0.020502798310244513,0.4251093573787243,-0.14947051341675366,0.210379647447321,0.38041577838953394,0.011159464079995376,-0.026496041668193637
2022-11-16 00:00:00-05:00,0.005672565877002898,0.6277004613927337,0.8556716246484853,0.02977330318801875,0.0692191391402565,-0.06525299427276743,-0.09048783641555858,0.03575354020365325,0.976936326287804,0.03702777434852149,0.3186800517882048,0.0007093724268042679,-0.06704158573253201,0.9304209582934325,0.02360662029696552,0.48777037944468166,-0.13821447446423724,0.22249079315213388,0.33131272475158835,0.011038192495030545,0.003113384359397564
2022-11-17 00:00:00-05:00,0.010318234126103694,0.892379710251831,0.28460669368477104,0.0253267148534829,0.17914875781062975,-0.160690090168628,-0.009780671659357929,-0.18301371169961156,1.0067008321020163,0.03121664002516805,0.4685716253508807,0.002981696212882692,-0.10075523007000119,0.9592926871005258,0.014278255276742084,0.5118917589467165,-0.1226781506526129,0.13357721187970645,0.2155536026642225,0.012764685927635303,-0.010212102287182723
2022-11-18 00:00:00-05:00,0.011326916648621194,0.9023334141868529,0.03890855179341313,0.02882048778044867,0.05304276347534915,-0.1251562650722053,-0.4112484460886933,0.11943030784408083,1.0175776326703085,0.02783865902389115,0.3812899687269192,0.013196888459822682,-0.1239107978707308,0.9501548253907582,0.0129732060424161,0.5102607266276281,-0.1271199541777238,0.1729782945138015,0.1441182477074903,0.009128198868189028,-0.007889913566572093
2022-11-21 00:00:00-05:00,0.01156837861073626,0.740602360504464,0.1275041071270734,0.047550889480977306,3.387139026840835e-05,-0.04069458241994117,-0.42977754530415024,0.14156562482470317,1.024286623964318,0.027188851596303895,0.2283730570501247,0.028215529297249502,-0.11725483698042045,0.94290151052004,0.013814922043543731,0.413977914289297,-0.12911240543945943,-0.02378441095321859,0.1632300417669174,0.0383474789333452,0.041802417706843675
2022-11-22 00:00:00-05:00,0.002999421637429734,0.7881486075895708,0.82744222867768,0.03849248071411745,0.00022045844491352286,0.07119187128883263,-0.2767353628827747,-0.0939905151253416,0.9842302764187988,0.025572979058168868,0.1400604973077812,0.04603418191093025,-0.1313674802261575,0.9160703462691213,0.015497180998141069,0.2693492634318269,-0.1398140469962248,-0.08840322788855823,0.06452232136946741,0.00874374619680432,0.01252689496841275
2022-11-23 00:00:00-05:00,0.014307134399756685,0.9171116005527569,0.12275129043597023,0.024394079404907103,0.24773941356006499,-0.5107687159617312,-0.7047226435248162,-0.36489208648987803,0.9169732729493302,0.021148519253264438,0.14282490661731953,0.08665253284811439,-0.15903973267770177,0.9180789512514074,0.014918078300877798,0.2893886279907668,-0.07209123577872192,-0.29509770553761894,-0.05557989374111379,0.006059448284120871,-0.005026022111632389
2022-11-25 00:00:00-05:00,0.016395431390078763,0.9114141639626773,0.5353922823116709,0.025769233703613184,0.2336955549981958,-0.6087384737406647,-0.33250500034616065,-0.5307884864848693,0.94608343658649,0.019681581606208344,0.39269235661601937,0.10580912945440515,-0.22307443531357082,0.9457179165001445,0.021999371611778895,0.31557853547153586,-0.0654575233184271,-0.1572495634732881,-0.17214535173987217,0.006634638859675479,-0.045657650200906286
2022-11-28 00:00:00-05:00,0.010682352519415739,0.9381730631994839,0.75571076200764,0.028042017678037195,0.2916077995899884,-0.7534710882803705,-0.7643023763825515,-0.5943195201861075,0.9669791647570991,0.021502886258848285,0.21142184702812372,0.13744332388298572,-0.2244082985141298,0.9382204028429068,0.025068090205268102,0.302436534553199,-0.1796394540229846,-0.6511071534870069,-0.21196058466561923,0.0023034124291816667,0.010789740444699047
2022-11-29 00:00:00-05:00,0.048564096493235044,0.8595412273213285,0.004264671999767178,0.02511275442023012,0.03802932134791676,-0.7948052167851963,-0.7716714349404565,-0.605344787682401,0.973444055919783,0.03200617194579281,0.24947405164843728,0.13232072611744863,-0.2271999407408365,0.940126277699038,0.026332691399431618,0.12595223905211553,-0.17749982462487146,-0.6505813601702154,-0.3798722588297964,0.012380958499765018,0.04229605232101252
2022-11-30 00:00:00-05:00,0.0160968503735587,1.4087386310861354,0.5616789580255502,0.045495269623342806,0.0007023618622779351,0.029180725246491786,0.16143443138066213,0.14894045541023668,0.9038842668265599,0.031667882622068454,0.3495084895803149,0.1422462844321685,-0.05495816792529531,1.2677834040519205,0.02238145406073624,0.09852877026353973,-0.009341017247970797,0.10588544987769352,0.03110443858145061,0.010950706894375438,-0.012753517443039208
2022-12-01 00:00:00-05:00,0.041791390849692044,1.3788525328675,0.04993230113399686,0.02973049365996355,0.13757643038344208,0.04681052694174546,0.30050084725666937,0.1618493120900864,0.9270375368332676,0.03196832015468406,1.8368684622300149,0.15364395657178415,-0.053974054200407205,1.2675357739308886,0.024652861901015028,0.18050077089443795,0.016075152946622474,0.13393386686978437,0.02992279566697872,0.0012467369099756994,-0.004208239284219872
2022-12-02 00:00:00-05:00,0.035234664413266975,1.3629732503780572,0.06462340986048404,0.02215536076200889,0.15339271658381115,0.1796748943781743,0.30378926110702287,0.14885213265989677,0.9562910348210374,0.032066492233733764,1.7235432960738064,0.16440470833521348,-0.05735291171351737,1.286563832532132,0.022861712767992644,0.2758777447518686,0.02413766526416674,0.14051935580726302,0.016205267859840923,0.010115479200206374,-0.05827994699305483
2022-12-05 00:00:00-05:00,0.016468520795263276,1.2719082047511439,0.5237741730784191,0.09456677325910338,0.13723355686307645,0.4722380208097073,0.57462800217624,0.022724256991348873,1.0395447730182492,0.034281990517879675,1.3595606842037709,0.18835402729360745,-0.061375787847995036,1.2665340441891257,0.022572354242789062,0.21571126196237173,0.008231405641177672,0.11689425484765026,0.050910047560966655,0.01135581023384487,-0.021916211206772895
2022-12-06 00:00:00-05:00,0.05505964696572013,1.1979429868075435,0.20656136762396826,0.05099837054191283,0.03420691220743147,0.418501632057847,0.6341317240905334,-0.04646771264561082,1.0736961020723002,0.05896800379149715,1.4430820156092143,0.1921818318533227,-0.06305118653135346,1.2498737923801462,0.032331662969559506,0.028543080429863102,0.01493314531116391,0.13160654942165567,-0.003467804492615161,0.008526140449372586,0.022940836229443873
2022-12-07 00:00:00-05:00,0.014693396201958094,0.8280031249551358,0.8941315742280337,0.03215507167098201,0.41256746818022605,0.4448340284168615,-0.15252559431825644,-0.08441271133847282,1.0253554729413812,0.0569516190881464,1.408011272287092,0.18837573174313768,-0.05372693353585281,1.2455023510395238,0.045208553540388954,0.0007789805847976988,0.017594633508508713,0.1903063025935631,-0.044085074705281564,0.006814303685325781,-0.018358274876544622
2022-12-08 00:00:00-05:00,0.030883746565165043,0.8372014090989007,0.7220700979315727,0.049749669502015405,0.49899138487418254,0.08043901215442094,-0.16203944595699052,0.07959136200047916,1.0767640910743177,0.05524230077000188,0.3477904740179173,0.18493971205107254,-0.030663105504899195,1.2677402597292782,0.04082851579359649,0.007757600072128348,0.019816479359655637,0.24465952960918533,0.028621311538188216,0.005720682011292007,0.0064816332360646545
2022-12-09 00:00:00-05:00,0.034332631729744566,0.809914789010493,0.5581189014340961,0.022792623320480813,0.5262691071840648,0.1670015409670237,0.11059346080308219,0.20255523880016785,1.0599051892122027,0.05542168979405353,0.22079208827909455,0.19371331188200702,-0.03871416844540867,1.2713098401731031,0.034030172287985744,0.13086276693493912,0.02133550595623289,0.2739275008254063,0.01724213313745293,0.0028756698777459254,0.04486928265113588
2022-12-12 00:00:00-05:00,0.006253573265049838,0.6720114554844566,0.08570338597117567,0.0378459423184978,0.4895912473323215,0.49049809917354475,0.5513150232364087,0.5483030059708093,0.9849152533223654,0.053410017993720964,0.18926919035943104,0.20134368886341092,-0.034455386211819865,1.2726898908577293,0.009877633256324505,0.24163611072598581,0.07655388174404311,0.49568626036326247,0.011896093285239976,0.010532803403951638,0.009901927989745873
2022-12-13 00:00:00-05:00,0.016197029632251794,0.7581659015161412,0.4888210484027346,0.03431997030170679,0.39847289987955725,0.6680624259818624,0.561618971967677,0.5574760975920583,0.9915480769131294,0.06283138256928252,0.19032408251488997,0.21741850478638577,-0.027765182763634016,1.2737625618856685,0.02115553137209642,0.24821587510864676,0.09929576515238091,0.5045364444764225,0.02105291534020561,0.010718815141328037,-0.007904134810056918
2022-12-14 00:00:00-05:00,0.017997339007381215,0.9297374671795818,0.6271557645159395,0.02382135509557228,0.21631468328413522,0.8083528237667633,0.6484619898494556,0.5621451104522973,1.002868690664129,0.08396472124355414,0.23963450099689745,0.25453336289824513,-0.02192449047825638,1.2672214554318157,0.026215391248626003,0.22980496067893053,0.10160711057840051,0.24705259028795556,0.020870054959779973,0.002779219937383681,-0.0024201210164785936
2022-12-15 00:00:00-05:00,0.011759594411127545,1.1050546048522625,0.7815394969331051,0.018601360867501946,0.01754312690060496,0.6632757021221184,0.4902398714096552,0.18495290257836264,1.0001089736537245,0.07889316804088611,0.41304012421226655,0.29236662862464435,-0.030341505475957452,1.2702514865522359,0.027717354593358962,0.16237421236146526,0.10061354934132723,0.2275088506422728,0.03575640715067164,0.0030493538395871354,-0.0128387689060796
2022-12-16 00:00:00-05:00,0.01763259771929995,0.8547889637698535,0.4314546286844679,0.030072072243374402,0.0661376366586847,0.08562357246233131,-0.17426496865485055,0.21850112487163725,0.977883338927886,0.05891818493606849,0.2330134671561546,0.32534111447482816,-0.018639906667950863,1.274416145515369,0.02117500936773886,0.15564930137510716,0.07913007943018385,0.03476232970157874,0.0018753309137635613,0.014109115743731256,-0.017511567664261873
2022-12-19 00:00:00-05:00,0.002559135482022669,0.6706158823585289,0.4927572930929303,0.031423344365322216,0.5215098536321019,0.27642964775427986,0.0589950525701702,0.35356063819592987,0.9387437743639911,0.021290119900347723,0.8091190003855528,0.31605632839925846,-0.013422949418528854,1.2918335225209705,0.008616344130490927,0.1667473482154509,0.14987296505031378,0.21702486408572894,0.05349999304115988,0.006880322625151235,-0.0027099866957104313
2022-12-20 00:00:00-05:00,0.0013948175982442877,0.9288526598273799,0.9233770922650764,0.020146884653325328,0.31656561946734435,0.4952090551326644,-0.08165938631496893,0.4058997517036714,0.9226571372220216,0.03033757996588475,1.024541991116411,0.26083212663510225,0.04695070739021028,1.3199725283815584,0.016389019133882212,0.23389869745906747,0.1435104535862733,0.2195811006864225,0.10000467669210876,0.005456497962319331,0.029473163764214716
2022-12-21 00:00:00-05:00,0.0011787306804549624,0.8276890766551577,0.9377695931683424,0.022935780173264298,0.047878613114207304,0.2385741337186401,-0.0557646090891587,0.3801891419900081,0.9041134729437557,0.033341569849645154,1.107850538756339,0.19939233391932762,0.07545907252853735,1.3117275010189924,0.016476767987357102,0.3326541990976619,0.1410274436215935,0.1940251541912795,0.09761978205816259,0.01824669667043433,-0.04690338064726085
2022-12-22 00:00:00-05:00,0.014833595374643538,0.6257844881080876,0.0912478350745318,0.055555603082648744,0.044843074794985435,0.1605269994935104,-0.11653144168487393,0.4484120011322214,0.9857699970389918,0.03488778216095081,0.862062409156452,0.16311404689931194,0.10798664464055067,1.3128242238960048,0.015667441182727088,0.2473252531772177,0.13606360464235354,0.00333709838921719,0.16889010925881234,0.010193680077006405,0.03717515418628348
2022-12-23 00:00:00-05:00,0.019183545422155526,0.6228639539067107,0.19035648051420034,0.040779641501706626,0.13997607389182157,0.1913343038027717,-0.08556381278306452,0.3536562371319549,0.9340144508488925,0.03149343520712369,1.0216713765421277,0.10553029939506334,0.10600227563904165,1.3095982533152344,0.0185348489511769,0.2351724721235284,0.12980365975291927,-0.06358533556436731,0.26888343738355197,0.009003347850274216,0.013761908339667395
2022-12-27 00:00:00-05:00,0.021957063762523012,0.6847625298260792,0.00909736041026054,0.018548712228685895,0.47503592997571586,-0.8550452784475486,-0.8532152968359009,0.33691335969730957,0.924967971627174,0.01540773947795446,0.11466957668093136,0.0728046783727172,0.11832060075586749,1.3042101283923666,0.0178022620787716,0.14536213919469668,0.12831204592254092,-0.15272652396481584,0.4604392752843458,0.0045862674790068695,-0.05146398209134717
2022-12-28 00:00:00-05:00,0.02687385571858162,0.41122574012187907,0.1460669241351772,0.039592823818336356,0.20518603594184184,-0.15725721669557924,-0.5247818374812514,0.4150992652562107,1.0240090948547036,0.024104588445673102,0.14865729344610382,0.05046550155593881,0.15977886217947965,1.3202201499114168,0.02178360286698396,0.11297492015450974,0.12079779874143436,-0.11308024932143802,0.5061111508450107,0.000719865244364601,0.010146398962481262
2022-12-29 00:00:00-05:00,0.04174802136314287,0.6048909929476537,0.09756870058304037,0.02790351191338748,0.25000306751399093,0.20072991871474424,-0.5712882393193226,0.4024979835431458,1.04764064418075,0.026687994243886896,0.35006097631355215,0.025357843390619316,0.20414424767644124,1.3624370493269755,0.026278184152393892,0.15481326155594222,0.10960903742810511,-0.14209255557028577,0.5380670012894945,0.002370191999853873,-0.0022203547429185955
2022-12-30 00:00:00-05:00,0.03777565215476854,0.8373924956705959,0.02647944016380457,0.017484001453001122,0.23174680356958882,0.27753589164439724,-0.15826366808439263,0.3856375987865769,1.0520258627734629,0.02637510685404676,0.350639256817389,0.01962864613252675,0.22521794678556714,1.364546838422342,0.024093538062301925,0.1017586237465056,0.11089145464395177,-0.13837884403648135,0.3778406654200595,0.004584224852727524,-0.08731594240692608
2023-01-03 00:00:00-05:00,0.01827846995295673,1.318106841015203,0.5358000900696509,0.08289900752700233,0.18693459983823418,-0.5855756959363395,-0.7943409139961837,-0.09197506396339053,1.1437832848583607,0.02764429384185,0.24115446409299152,0.015059129806824082,0.17084200781642153,1.340656387099439,0.02540529952065185,0.0600748131124485,-0.020143567208477816,-0.5996004317378897,0.1682039798856291,0.0033846752672685213,0.03657262602025546
2023-01-04 00:00:00-05:00,0.047138948767064995,1.0628514040876884,0.7150320297034395,0.06049524845284346,0.35679190568457797,-0.7501934091479423,-0.7712604639122956,-0.5888420141667348,1.0905103792561002,0.07349152232629941,0.3187024581469879,0.00025029812204698535,0.15583816337600137,1.3260759556049826,0.05114450503968736,0.10492110919662699,-0.02734509332123622,-0.7582706669443492,0.09674307498422445,0.002712303639814959,-0.04917113522416883
2023-01-05 00:00:00-05:00,0.05541528985170767,0.9123556025189874,0.5254297379677513,0.051084613988829505,0.5176010876162864,-0.9775257827152358,-0.9214319404194342,-0.7460686936221638,1.114596343022151,0.07094302479540394,0.3043906548946757,0.002871845112767463,0.09507286820152988,1.3092974714347876,0.044067703993837325,0.2083498277443149,-0.05685972771612569,-0.770374095632214,-0.0549693434018131,0.003315703775405452,0.03416195408029865
2023-01-06 00:00:00-05:00,0.04375108592287092,0.7267382849178436,0.7340862679006438,0.03325531518198565,0.7035186436504836,-0.9774693642730823,-0.9486601617792748,-0.7516219759594667,1.0664068362337034,0.06402631906923324,0.4475038105895368,0.027015147267712206,0.10039430069149578,1.2903244411162205,0.05143818508826621,0.4006129396831602,-0.07465990054688908,-0.8044374187722643,-0.045537406241367116,0.004800979564211468,0.01594720079134815
2023-01-09 00:00:00-05:00,0.06647660763884675,0.5915629061906402,0.38245465197115047,0.027548529107934268,0.6730274373548701,-0.9102322409763036,-0.9070149427186309,-0.7735289376442406,1.0812878913181927,0.06570300282047734,0.27817932944940194,0.06355125085503215,0.0823231150875971,1.3037664693180966,0.04127870168557914,0.5077972971868516,-0.07629692350687337,-0.7553502953400392,-0.09702503839032314,0.005465151384676216,-0.009193910028504448
2023-01-10 00:00:00-05:00,0.025337264757457578,0.5993381061123098,0.14496414611232605,0.0337702403703674,0.7012701038044733,-0.5738656464262132,-0.700740876671059,-0.7975760432818679,1.1181903200557983,0.06140881582961686,0.1456557307503637,0.09216841152825136,0.0670206416520293,1.3160104655702436,0.021758021423998485,0.6392605941204159,-0.06778307577639846,-0.7487087270507498,-0.13296683381529656,0.019937348040199226,0.013579259427118684
2023-01-11 00:00:00-05:00,0.024211468004070452,0.7683354823461922,0.047821254710524,0.035580753722746536,0.5853079588594406,-0.6496210490555462,-0.6752221451503114,-0.8324770878753739,1.0313646641984346,0.0713690479508073,0.25409604229419513,0.11431424260175284,0.07863214249938973,1.3503896088667422,0.020019543064775977,0.7549901474630374,-0.06901206810082824,-0.7547535625130463,-0.12446278037803707,0.02286382251861534,0.021435618251704813
2023-01-12 00:00:00-05:00,0.007445083339342957,0.4506919667995568,0.7197809143273884,0.018505967766395213,0.32711522237337337,-0.8195765848551008,-0.44238765517425566,-0.9394547112731156,1.029635303661204,0.0669136008280107,0.505308534486135,0.1692519657559451,0.10571831837906837,1.3579470327007934,0.02024805294606621,0.7435677936765472,-0.07481146180291538,-0.8788333009628477,-0.15473566385274817,0.006252822524355153,-0.003060303894308003
2023-01-13 00:00:00-05:00,0.003827850609101164,0.5049374804679353,0.7542962007940299,0.017906154842096764,0.0758873528453735,-0.8292382257945153,-0.1739803374615895,-0.9301313588289469,1.0465030968117388,0.08109406883985423,0.52158128461036,0.21067433546530015,0.1322428251599854,1.3745383870655763,0.015528676814080973,0.6643663518374656,-0.07608495748063643,-0.8807798954355206,-0.24618671700902908,0.014390833529173804,-0.008003623968831586
2023-01-17 00:00:00-05:00,0.004011616513594508,0.4513210429172445,0.7143717985346606,0.03605350129421331,0.022692131393250967,-0.8995848526647664,-0.7193111853931606,-0.8858666373355654,1.0660860136141985,0.06390970734902662,0.3048162832042274,0.2468100189242578,0.1347925952132827,1.3754669683420173,0.014803588933590116,0.5862325643538379,-0.07530139840268453,-0.842564249524121,-0.3430359708826004,0.008959432604955509,-0.018346512086584443
2023-01-18 00:00:00-05:00,0.00612376081567782,0.6910431145705725,0.527852647314876,0.039124592780660467,0.6092698127725351,-0.900569830679668,-0.873286324744863,-0.7504598118968717,1.0784815957288696,0.01575451753746894,0.23983556123295408,0.27959188171524324,0.1058702470675831,1.3521416434964635,0.014358169561247781,0.5144198674091954,-0.08469415368814052,-0.6623392614563085,-0.3940755955458989,0.005747089122168557,0.023418087964394818
2023-01-19 00:00:00-05:00,0.008510961091372865,0.6751809472791639,0.12602991670669345,0.04670137225321911,0.3390383707715578,-0.7366370096103655,-0.8583039395039269,-0.6618842620881235,1.034399133272279,0.020846827247420173,0.29835556068871,0.32338644650869414,0.096867913053052,1.3462579440688018,0.012298247319204744,0.48006568696283713,-0.08279220725484787,-0.6822267349768808,-0.7053453069586211,0.015302634951724384,-0.00027518927438663354
2023-01-20 00:00:00-05:00,0.0061586132333649925,0.9427624654870846,0.28737097195833,0.030018564500420456,0.5248724453148951,-0.8239022784786287,-0.6524969822656129,-0.6860245900268401,1.0313780318977452,0.016339591999020162,0.49067196186193457,0.37460544113147826,0.11228273792879709,1.3501838235941404,0.011587017932882384,0.41103297587483706,-0.08275865842639188,-0.6140237216341472,-0.7110317913443056,0.005565859933586577,0.014910868369649721
2023-01-23 00:00:00-05:00,0.00693503200451009,0.7421041015427555,0.0017279515342321556,0.02199961096901199,0.3963873886961452,-0.7419224942315193,-0.6633206185920524,-0.6588971737931938,1.0391326051508798,0.008746577366128435,0.4631007162414656,0.4309462813261419,0.12207471928513339,1.3645947579797189,0.010312116143299185,0.3393408813606849,-0.08504615436133983,-0.53241648021535,-0.7085687055908887,0.009366157843714614,-0.004228635375892242
2023-01-24 00:00:00-05:00,0.005593394174850783,0.8388155127820475,0.5154415947029107,0.019110080201159476,0.3863651071131923,-0.8442297378007931,-0.6180958982755714,-0.761422086703571,1.0425955921980012,0.008501451547879329,0.39631520471803955,0.4617042037991672,0.13088500691187382,1.362043939762195,0.01332087788644335,0.19187476685298854,-0.08491886629759363,-0.6602541865603612,-0.7202712697808499,0.011585098394902819,-0.006968817975881891
2023-01-25 00:00:00-05:00,0.0029948283635540243,1.0574864572892693,0.7788396091903063,0.02540980271302928,0.4014638708986851,-0.7832528712478123,0.04580712412611719,-0.7348810790825749,1.0417296356348977,0.00856297993580825,0.534518195224774,0.4952251481148703,0.14822392770862655,1.3657745422776768,0.014478349344136242,0.1265659787387894,-0.08662287737639049,-0.623993128134268,-0.7231173153064224,0.02103820133730358,-0.03662264169305185
2023-01-26 00:00:00-05:00,0.0024243128914464332,1.5082436438475846,0.1691715214552281,0.06797546010222204,0.208393991646429,-0.8772568305533214,-0.8354265844515951,-0.8337181962308263,1.079455834299206,0.007533976993118838,0.2633214355733299,0.5391362782569888,0.09580417149134561,1.3185719426380047,0.006847423477216642,0.040773104403424104,-0.1368316488662107,-0.8017436684110821,-0.7551516139173944,0.024171487226250787,-0.0025040441116616075
2023-01-27 00:00:00-05:00,0.014045611770034492,1.4616335754314222,0.4175986753720003,0.021635419798646277,0.04549127934644358,-0.7262538963037973,-0.7847573852486128,-0.7184911539093879,1.130932709742641,0.015904277880260848,0.5818319709220934,0.5969248505647647,0.09724809054934078,1.3616912516417738,0.019710249444361592,0.002742981797416502,-0.17290281901741375,-0.7269612285873445,-0.8218279332855387,0.006757537763551913,-0.01597469376470262
2023-01-30 00:00:00-05:00,0.005154973609752346,1.4428970382007646,0.8733925462960948,0.016934540757303586,0.15140994001146177,-0.4305114879071941,-0.9202614294568057,-0.4425888219816797,1.1537871720259356,0.02062796992844486,0.7018192957460179,0.6179972756484238,0.10821678911585011,1.3536427414335928,0.025817454470857374,0.00020729060021843415,-0.16836588955417994,-0.6673254673716413,-0.7362148686766348,0.003903517150940452,0.005566180626698003
2023-01-31 00:00:00-05:00,0.00383264428682551,1.4069668732174812,0.9206805626719518,0.02014352765796922,0.3057871240603746,-0.340959608118465,-0.7670241282303104,-0.3360186457496871,1.1596937482257315,0.02616636809139452,0.5773925846513102,0.6374673400037061,0.10487258637091716,1.3739205882396923,0.028046840776530742,0.0013261221317962728,-0.17685626353884185,-0.6517211720408123,-0.6463474836448011,0.010534800435859479,-0.033902301538542234
2023-02-01 00:00:00-05:00,0.008261045921469954,1.014473213378161,0.7411983548725732,0.05129103373620522,0.4507822749398134,-0.3672421362334697,-0.6891464913512465,-0.4017776117184716,1.1465996366895428,0.02588188905271333,0.41195709331495545,0.6490103935423532,0.05254460405540437,1.3839702191080012,0.023192522288323664,0.020018980222285817,-0.20485119358419845,-0.6200386460148393,-0.5580435074269576,0.015188637434112886,0.020291347751792754
2023-02-02 00:00:00-05:00,0.004983168476422041,0.8558763132715219,0.7741376377845844,0.02821573558354191,0.7958373239551221,0.10855154067880585,-0.30020832371740386,-0.46734381093420935,1.143637419893725,0.015570020771393958,0.3956593918858531,0.6910049307333986,0.03547843099629879,1.3781708219121342,0.019088980363653366,0.033258720982410714,-0.19808536806977445,-0.5929947005169842,-0.5494366391077653,0.010077041962032542,-0.010294953590703648
2023-02-03 00:00:00-05:00,0.008087291136798694,0.6975954339998505,0.5433256187419092,0.033236133808992326,0.8480848700372488,-0.7385015636658949,-0.3909417994053881,-0.5630617690030588,1.1940245117730985,0.012511696085990983,0.1707945645019358,0.7178046325441335,0.02582149187321973,1.408069466577066,0.017190844064151604,0.08027149461552488,-0.21191906300267385,-0.5798955491753628,-0.5456217719323886,0.0069970667535988644,-0.020567273743590353
2023-02-06 00:00:00-05:00,0.007841705081264893,0.6596699866715362,0.3576501422698194,0.0322694536262214,0.8794318239465574,-0.08905290627913069,-0.17088337784460908,-0.35083882181860127,1.2251800557963164,0.010680555181895155,0.28756643170771434,0.7267496826753108,0.030299403285454607,1.3967811125448049,0.014422186830631999,0.32355154576683154,-0.20061724660721492,-0.5306581070504475,-0.35873792777447955,0.006619356603948913,0.02691272203640427
2023-02-07 00:00:00-05:00,0.008676310218020618,0.4501325861952365,0.5331416371756175,0.02824187152231502,0.872877386388048,0.1778785340219532,0.10490130269588874,-0.27020199151157853,1.1242776465970439,0.010335156962352657,0.1865996926990808,0.7335409445322902,0.019306980444310656,1.4161495454374293,0.01755981266354653,0.5102238844415263,-0.21068006401631756,-0.3593773135248019,-0.3549354248550159,0.0048071329200813405,-0.03654924671698512
2023-02-08 00:00:00-05:00,0.009571770039282576,0.5022126568635674,6.702366500250707e-12,0.053176431094898835,0.718748672869441,0.039220305492576095,0.14949657140995073,-0.2541951994773261,1.2035752233857684,0.015611831167609124,0.1547043862209818,0.7693349582290827,-0.004678957692448047,1.4026243995611125,0.012838854634053107,0.5936033457894485,-0.21203132545006145,-0.36915283754954425,-0.4266773558953646,0.008588274787453977,0.002439582493993342
2023-02-09 00:00:00-05:00,0.01051627711243783,0.7523640897130891,0.4647732981527986,0.023838470632120724,0.743907320511466,0.1744300737215653,0.11675470056985365,0.19087515500580352,1.2079578841985321,0.009581298747696778,0.20652192776830808,0.7864688314317805,0.0015374649994518337,1.4110896470382837,0.018372285051429068,0.7361081702850103,-0.21998517252660088,-0.10065063282623388,-0.4051303490772382,0.012040839808699143,0.020199361799819737
2023-02-10 00:00:00-05:00,0.010146194193353497,0.653442626887478,0.4051462355242483,0.025936643777261185,0.7377297649685122,-0.004155225845468182,0.1975929426405664,-0.30424158014595626,1.1830869299471098,0.009369545490950159,0.17078430407672526,0.7998934878092273,-0.019073995936629128,1.387048034276997,0.016947475091960717,0.8152957907570929,-0.21627120518050186,-0.013700203551294162,-0.40953835404431643,0.018371743536543177,-0.004413050782150485
2023-02-13 00:00:00-05:00,0.013864469554719828,0.8292411520309068,0.013621340099362288,0.022622732087352694,0.5348070973059144,-0.15767879592598547,0.03647163504028632,-0.1386182391139762,1.2253504987540311,0.011918536751479978,0.3257289982446099,0.8110190775871076,-0.008176437045381435,1.416080519439051,0.015418734283110965,0.8083276032327769,-0.20464585821944767,-0.050113618624576445,-0.2780259379792049,0.00653279568840463,0.0047920689091662805
2023-02-14 00:00:00-05:00,0.013365285850892937,1.1462839297505265,0.029205505553582648,0.02149865453610604,0.3898827223465244,-0.31548251107604447,-0.3655161715694586,0.04002441280033913,1.1871944433000292,0.01300043163855918,0.502092712644185,0.8118430784092869,0.02393673130815263,1.4380355632097601,0.015223212269327916,0.7992397783168218,-0.21480503281755323,-0.10782330305150498,-0.09490854417674874,0.009516377307072207,-0.008465304375440907
2023-02-15 00:00:00-05:00,0.0017089945300245396,1.0409597900083853,0.7620618133988234,0.020226346671761614,0.12466604117014919,-0.6239857714485479,0.15307195677607302,0.1358547821082276,1.2010579570906812,0.01117460604093085,0.40409447907862667,0.8181395716700772,0.049364819782133355,1.432813063746636,0.011042442195375996,0.7794060724071901,-0.21470797390150806,0.08627139560542686,-0.04937682170692113,0.01023354802679203,0.009018363537192098
2023-02-16 00:00:00-05:00,0.003214664096262456,0.8171951750443378,0.2063338301134521,0.03235475945327267,0.17350310632600577,-0.08172205759596647,0.26931148481402767,0.14318844811169298,1.1781674876685413,0.010688255210435382,0.2077853892031698,0.8233091669766355,0.061040896203521766,1.4312368989926232,0.008255173440539079,0.8025089642480798,-0.20666971236587134,0.189455205405029,-0.12656943470690898,0.008987417944007509,-0.045524501743137824
2023-02-17 00:00:00-05:00,0.0009323483154805611,1.2758990113844164,0.0068083688074192916,0.03657353614358332,0.005773398852250323,-0.4006326454789236,0.07307093739363935,-0.21311360473809632,1.2246221617616966,0.00960340384333266,0.22360160449478683,0.8289907798283273,0.055507236093051054,1.394123186416582,0.004067874202570315,0.747401147777605,-0.20068130991085212,0.12979101677046717,-0.23928271295244855,0.005953801283110315,-0.025596406338055266
2023-02-21 00:00:00-05:00,0.013010212062018979,0.9037231413891049,0.44059132226328984,0.033492869849366155,0.09050967095587016,-0.8071177201272063,0.08102513624547808,-0.5878766242443975,1.309328431462397,0.017629601684263092,0.2414349922820828,0.8412630681395183,0.016691460184726822,1.3900637261175899,0.020511767931560065,0.750345652414544,-0.19975054902810582,-0.05342434458988445,-0.32090828804543386,0.010954454377237964,0.021271044416065088
2023-02-22 00:00:00-05:00,0.013219814863765814,0.61560952282227,0.78479056829771,0.039627359520574515,0.36977409555917296,-0.7980783594879686,0.4720936696619909,-0.6739830467245793,1.2981179271174768,0.027849656542486462,0.267783350056726,0.8415144502292011,-0.014891439031462728,1.362189276393255,0.03298656040812539,0.7511137504361248,-0.19176893636838194,-0.12170136027017181,-0.36907572473897865,0.02198753593871298,0.015307606837819288
2023-02-23 00:00:00-05:00,0.017622428382430628,0.4673178357705279,0.6701175902089894,0.036296232247058344,0.3583992008038444,-0.7379760062095863,-0.10720849563440274,-0.7444894407725482,1.272120438194049,0.027156801374200578,0.3092604940611776,0.8413556752597344,-0.007514203878689304,1.342387829309052,0.030528781783563108,0.7483648570716884,-0.20103611391200565,-0.11570040218116105,-0.3571659312665164,0.017777713728539778,0.05536301707992464
2023-02-24 00:00:00-05:00,0.030276457651213076,0.4879439762742231,0.21746372434661293,0.06498328927473726,0.4640751134566214,-0.17490458533003683,-0.014332710220688964,-0.45460541207740757,1.1503514796005214,0.022107624230970742,0.19006608175206466,0.8396921022738488,0.036445663672042966,1.3409640454108778,0.025290390326980734,0.7306388822675514,-0.133514254589013,0.05065979273012354,-0.1734251934911329,0.005446248748855849,-0.04063216988064655
2023-02-27 00:00:00-05:00,0.02653426011184094,0.48792313827381556,0.5975075894076429,0.05976048438537685,0.11463152680213376,0.05442070781922122,0.2646582760356608,-0.45940640841718794,1.2120100726547491,0.048612265057481396,0.22188110745802245,0.8301928650924513,0.017079174175891935,1.3137391334455426,0.033704454968039914,0.46757378276938283,-0.11646315507921606,0.17703797028288207,-0.41730888380664666,0.0055807853157975006,-0.013670422088743361
2023-02-28 00:00:00-05:00,0.026987823194684245,0.5965976625675387,0.5960293521410432,0.03923115020941974,0.05322770785060859,-0.06481574628341362,0.5615266916589251,-0.48599776657735777,1.2807821466497777,0.04976989072676553,0.1646758653316323,0.8289273541749752,-0.011031457982715164,0.9809461295266164,0.03416336647144447,0.3899504416919998,-0.2669273832251667,0.18182413139173778,-0.4430123292639829,0.015765164161978203,0.006558763950928803
2023-03-01 00:00:00-05:00,0.039375256703379685,0.8135138222456058,0.0545361659071246,0.03707866763146917,0.03903685494316106,0.08001669234472415,0.4611539242717146,-0.42645165113911443,1.2562084942150384,0.04894020690975409,0.31862405141331956,0.8269543693847519,-0.18131123415058292,0.9890195676963249,0.026885697523613982,0.36274850324813107,-0.2984997589539252,0.1526932550892339,-0.3787499681402811,0.013607944552493053,0.009097690930848223
2023-03-02 00:00:00-05:00,0.028358535352522564,0.9170990733667209,0.09664502093191753,0.02175788943651933,0.002247374826620611,0.4592247958008138,0.5990205268966591,-0.30432560185346175,1.2396441687688249,0.04519018768928783,0.3115395197526302,0.822779027292282,-0.1878810862057424,0.9850805905073329,0.023236897409248506,0.2929283583590598,-0.3000402743362644,0.15156635403146515,-0.34736615971490575,0.009342374314515046,0.02546294813924721
2023-03-03 00:00:00-05:00,0.016218579527127613,0.7190546257001228,0.40407755683123187,0.04670810107118598,0.02295096451284637,0.44601414696191605,0.4636614229097581,-0.23646272192609297,1.1384104851774788,0.04061392978489689,0.24624399999461374,0.8159828978677303,-0.21157642831791457,0.9733388130512324,0.021365694453910993,0.2646177105134746,-0.2858941446562861,0.18767995250278977,-0.35595605245795336,0.0,-0.04102302654310086
2023-03-06 00:00:00-05:00,0.007116616949744345,0.8540637470609029,0.5047613509008498,0.0352999349401517,0.3570990544412383,-0.42225109432982066,-0.46226789338206586,-0.19500617410459814,1.161092363386521,0.028822636293315905,0.16864324779564357,0.8078680582773052,-0.2557564260132209,0.9749739962037979,0.0158537102841723,0.10362478544237537,-0.30396061463342483,-0.019385237720421753,-0.43693984324833013,0.01005927518112279,-0.003900565783803045
2023-03-07 00:00:00-05:00,0.016205087681580913,1.0545975156863647,0.08678090685009913,0.01741550883412464,0.17580409481848025,-0.08552081785251561,-0.27127545914665147,-0.11617555225292514,1.1923797487916659,0.03587060417876618,0.3976083718471907,0.8201559298680773,-0.25074723010708627,0.9994268710654968,0.017651769256936168,0.09027064523643365,-0.29897742049659903,0.13605757628734827,-0.3918728262097709,0.00731955889312149,-0.009347087464222081
2023-03-08 00:00:00-05:00,0.017713890121363696,1.0191650181291816,0.11631284654151645,0.0314920092385914,7.85056988975305e-06,0.12362720002774269,-0.24890587269287595,0.1265468874457244,1.1815336116158144,0.03128763335759461,0.31745992543374973,0.8228405805288682,-0.26406292439697054,1.003883447518488,0.01884937621864258,0.12117216080735256,-0.318291015479317,0.05895241122286952,-0.33977664800310536,0.010285683283730208,-0.02422528872663854
2023-03-09 00:00:00-05:00,0.011883618190174583,0.9181852289502181,0.5879182886113993,0.040101550874256015,0.18544000488051846,0.47433678745566316,-0.06144986901889156,0.5823992215086681,1.2187156168359041,0.026307789279268436,0.5057730335896538,0.8324067985871602,-0.21663563073792116,0.9941917720058261,0.022887437726713703,0.10539253250647809,-0.31332522625239523,0.18584328271475206,-0.14871110370880783,0.00038093687996041347,-0.01764010148479833
2023-03-10 00:00:00-05:00,0.005715149233307076,1.0628695202103589,0.887807933404856,0.03626124708991377,0.5342079687641338,0.6108007397948397,-0.6238655597032672,0.6716503803454793,1.2962647541331436,0.023128981094485412,0.46928680632564945,0.8410705005456449,-0.19687790242559702,1.0080251913433116,0.030691060960044547,0.20637728154122775,-0.33741456444532825,-0.06195525544939251,-0.024628079364304386,0.007461705712507909,-0.012237251607346122
2023-03-13 00:00:00-04:00,0.002254348239856306,0.4286039840120643,0.9313743253021893,0.04726129118619934,0.5362820624181144,0.5767485352459206,-0.18844559155509236,0.5584582972501467,1.3253185307043227,0.024243015369493224,0.421221308650379,0.8411267145521728,-0.21168577381410328,1.0142326334292153,0.024798194101205453,0.31720125374250285,-0.3425270584144465,-0.2112351498495601,0.0526795392814296,0.012703186952682527,0.006194371455937819
2023-03-14 00:00:00-04:00,0.0007297997713668025,0.4025692512744675,0.9825590230517811,0.039060349432413995,0.6688366839280968,0.4775263016582963,-0.13750504157447616,0.6199281946206274,1.3067485484626837,0.024850962793292245,0.1913791055301196,0.8414044533258002,-0.22726564285088904,1.0222463510578992,0.02790155334080114,0.3709620938410428,-0.34776611204508545,-0.2453002648060499,0.16465797431565812,0.01194630053219388,-0.04095282121895405
2023-03-15 00:00:00-04:00,0.00496819336848405,0.9865608340479659,0.8258735818963281,0.04228997032716923,0.8244142513377799,-0.503028467697461,-0.7547290888932268,0.13311852034308314,1.3592512315130951,0.01641830693732838,0.21620320116729677,0.8414306102941522,-0.29660460436772346,0.9950147450037539,0.023526582779862422,0.4141996006758335,-0.38207646459888234,-0.4844038391317214,0.06608686335460842,0.024884647136497278,0.0221881931035266
2023-03-16 00:00:00-04:00,0.005760648961108709,0.8945711946479575,0.8159749146649038,0.05512711790073736,0.9228157225748072,-0.8973833007416593,-0.9006852065985402,0.026938133975053822,1.3126742493400114,0.010030075132708106,0.2919341760061751,0.8399022432818503,-0.30486453648073614,0.9980728730169167,0.024373825646639584,0.4578120461988319,-0.404018542143343,-0.5057327146576841,0.1562099514023065,0.004855703430318425,-0.01610927148674124
2023-03-17 00:00:00-04:00,0.00915868746123642,0.7727469647811788,0.5320507437325703,0.025245601805556534,0.9153638431757476,-0.9436223058633523,-0.9351248312951989,-0.14196017237974923,1.3108033524722658,0.011016336378707248,0.2589374074639896,0.8399132123132903,-0.4543061217494979,0.9871548858802889,0.01942988871657519,0.49282898023127236,-0.4428565396453101,-0.6808278938695964,0.09735209604011898,0.01438651130662752,0.02317180419659448
2023-03-20 00:00:00-04:00,0.008931928967109457,0.6465300015027989,0.4830483533986552,0.039191273603868836,0.9161999116175156,-0.9487431742196928,-0.9673153654513428,-0.2703938660164834,1.2776457359991862,0.007436075378516834,0.39855561632435915,0.8405867231177646,-0.44753696797507153,0.9647576129817453,0.018047891081226765,0.5122196531104554,-0.4544586326658648,-0.7072519077112858,0.12345966283444645,0.0038775624269060264,0.016273433260628467
2023-03-21 00:00:00-04:00,0.01427850719641632,0.5334949035355848,0.03881102600435325,0.030136617862796953,0.7716518456580982,-0.9330482526816155,-0.9879760811291137,-0.6310923932226369,1.2942402654263077,0.015465437962711444,0.5206162026186525,0.8408337067028342,-0.4154742981743829,0.9703586055607429,0.01660009289716658,0.5843497791240745,-0.460741198626382,-0.7650782129136434,0.15587456169484284,0.01526931373057959,-0.015479012105818146
2023-03-22 00:00:00-04:00,0.004818490626279046,0.3361727123048167,0.7154428883340751,0.024066670735677035,0.43814573789859823,-0.8841131962251291,-0.814040335370785,-0.6274863845858301,1.2529301424507453,0.02494788825287808,0.524147328373877,0.8391213077615327,-0.366936832593031,0.9881831122121786,0.0178620707003423,0.698886309876953,-0.45312299819882457,-0.7410486435763995,0.2167740883424679,0.002266642252604179,-0.008538833637875443
2023-03-23 00:00:00-04:00,0.006777568612422934,0.42481842102804346,0.35907191172131064,0.03414303416187595,0.19829007930576228,-0.873105279922972,-0.7910028592390782,-0.881894290209116,1.3106998617496608,0.01886242407955871,0.31358461778763114,0.8400560407814163,-0.3684104311729152,1.0031505380524057,0.014176057681683785,0.7688081409394412,-0.4501443312695672,-0.8653337744485776,0.1850533585731643,0.012415630065992715,0.015721031949063047
2023-03-24 00:00:00-04:00,0.009406944090815389,0.34392619655604867,0.1107435988681848,0.04037481490281379,0.058450776701246356,-0.8486070494604874,-0.7045889091432455,-0.8919856034006611,1.308171782716919,0.0141376605365291,0.35688437824998254,0.840083589537592,-0.35002806978245166,0.9964766551737703,0.014068465224050124,0.7996215620495647,-0.4512440614151388,-0.8802890206536276,0.1659535821769499,0.005511940575458408,0.014535587156710328
2023-03-27 00:00:00-04:00,0.004212216826458176,0.16373665606813934,0.02479350190665128,0.03546479450650817,0.013049448973931212,-0.6545838627174536,-0.618507964739928,-0.8803197666271727,1.2230700127496879,0.012309150574618134,0.20611762581839155,0.8419854295813348,-0.30705961813533794,1.011605415057986,0.008925023397800404,0.7365344098681774,-0.48291586608979303,-0.8957735908495048,0.023852503333120154,0.012224659219022271,0.005439018907741122
2023-03-28 00:00:00-04:00,0.0070529480284535545,0.3864501187975449,0.06186052542549093,0.02960001627604162,0.21180449299018775,-0.7700016074731053,-0.5498560915039356,-0.9016124552718027,1.22879632262557,0.012242542936652197,0.2983976824610791,0.836031451339044,-0.24571107655307586,1.0127332882482956,0.011742919027241302,0.6429621460898358,-0.48086328861306366,-0.8994280442815016,-0.02097822562779687,0.0024000040690103047,-0.008971996516077274
2023-03-29 00:00:00-04:00,0.0021815525744559496,0.4597656760358772,0.8108627365050312,0.018341431839312743,0.675678464179393,-0.7904716383565014,-0.8056216039498557,-0.9253603559980504,1.2371678242918973,0.006331474453202953,0.2918724285600186,0.8275484790240737,-0.1534275223710328,1.0060681730266365,0.01461085926689778,0.5420976097023238,-0.48133882676571504,-0.7906245656166391,-0.07843871127670464,0.0023581855215226073,-0.0017308460902556444
2023-03-30 00:00:00-04:00,0.0034626283641395164,0.7094486211007139,0.6696728419755288,0.01704771966093099,0.5820028862771344,-0.8721673267551279,-0.7801445902010312,-0.9042686544267123,1.1311011117352547,0.006121581808774778,0.3528419550230587,0.8210330318309484,-0.051853010150243066,0.9642587902136126,0.013940823895482249,0.4476112940125913,-0.377184923757595,-0.7822728693741233,-0.07358771079599664,0.006872000595268162,0.014137157015800428
2023-03-31 00:00:00-04:00,0.0025765881651689027,0.5983550305241656,0.09833100681310608,0.01756473599595036,0.5434702369749658,-0.8003381815412808,-0.7240191533880759,-0.9124334043380619,1.1561241411723329,0.006363882044700086,0.2833296630427023,0.8376967733596936,-0.03044598753277601,0.98545642437712,0.007227834988173445,0.33546923729901346,-0.37593462731037314,-0.6933678047590536,-0.08496895297828591,0.0048864598602366815,0.010915510795335814
2023-04-03 00:00:00-04:00,0.0018214953385235217,0.5509416566366854,0.032329338717990215,0.04297624894514689,0.5034421217106053,0.45640279694903196,0.16528953511113034,-0.5686962662624918,1.0874066061425536,0.004691063435625886,0.13803312515619054,0.8325857163779741,-0.03297514368805835,0.9828827479557326,0.005834479361376608,0.15725280446438575,-0.3429479735343728,-0.3131002477600228,-0.24525012523528322,0.01565107464357177,-0.007285079610364509
2023-04-04 00:00:00-04:00,0.003269813636128514,0.461172086880173,0.4076491744646177,0.03209529525916094,0.5752713937567764,0.641258760514783,0.2857988454444844,-0.37361526361958214,1.132807130819417,0.005381292238287758,0.16443768507439915,0.8452679072766143,-0.03960706782045201,1.0049054507202742,0.010027936828710785,0.021069940318845813,-0.32242723422872116,-0.218440418314644,-0.5507720629943091,0.016953508677436866,0.005372731660623353
2023-04-05 00:00:00-04:00,0.001761527418889217,0.5359805482891424,0.7100682959707157,0.027669487666060467,0.7696842432180132,0.5188248206940246,0.2520966172350813,-0.4136040529346934,1.1447219497305374,0.003288959709014599,0.2168306273123699,0.8421511421677521,-0.024211586297458187,1.0248619827662337,0.01049235284533649,0.02019440875562822,-0.339476955585405,-0.3408002204739433,-0.6304041090744334,0.016108051567886212,-0.01876948530590894
2023-04-06 00:00:00-04:00,0.0020016366506854536,0.31239822345679025,0.626636302620273,0.021016149001060837,0.7573654437293963,0.663799293917436,0.38346093553010635,-0.4016232880907192,1.1558929957153428,0.003415275521887889,0.3011489910684841,0.8297217627207994,-0.01296933030385088,1.026415205907567,0.009949862802307039,0.24408414591961156,-0.3297923676035447,0.04820875730160054,-0.7552065954771537,0.004190122866514382,0.030021003442716188
2023-04-10 00:00:00-04:00,0.003049483604169445,0.7302521770608966,0.17499067757664485,0.03773809539319051,0.37167079572607614,0.7759825256550801,0.770997766362698,0.21451090596604183,1.1374420158989582,0.004375912215721879,0.1940124882944267,0.8259254009683348,-0.02784760824884938,1.0128544760879834,0.008140502189544105,0.4390501505696467,-0.2696766475308379,0.4838982386329124,-0.6571554810592851,0.0020097186844811404,0.01715241710210358
2023-04-11 00:00:00-04:00,0.00632081228010778,0.6638285425283365,0.003453607795521952,0.02127112971987023,0.3836660172642893,0.755925119306038,0.7509318470247891,0.7168438152848372,1.1422317532757646,0.004584228289132149,0.17736703432838527,0.803786769325748,-0.02317197702868874,1.009311901829275,0.01057333864370964,0.6249418925372506,-0.25441411841144246,0.5678933787452556,-0.5168522072230263,0.0038675138963269236,0.0022824037920434748
2023-04-12 00:00:00-04:00,0.008547843498847189,0.7896107841395174,0.48428158126624066,0.017728691221411616,0.5247632795378734,0.6584586428283951,0.7952616156454837,0.7076721843213456,1.136143039810645,0.007105578148783462,0.2107115638179745,0.767045323823695,0.01858612628024991,1.0091735908742379,0.017072666754516266,0.7209922989178419,-0.25613800528594005,0.5919399986053875,-0.48575789004552555,0.005552081279574131,0.018722336575082155
2023-04-13 00:00:00-04:00,0.006724514790539346,0.5767362887591885,0.6932796949141238,0.028865674728949946,0.6892905742481401,0.9031894971327298,0.8628457601883914,0.7913549425630195,1.1063365724700875,0.00660961547291049,0.19038932747933346,0.7272770674136685,0.07187526361435327,0.9947595899593182,0.01945408020024947,0.8383631828340553,-0.23446087959450718,0.6810999204164416,-0.3385228153337093,0.00038146972952320216,0.005587861228861568
2023-04-14 00:00:00-04:00,0.0024954106244070196,0.6284346966880724,0.9277272098183156,0.011300087501662675,0.7371500716412743,0.9224192845312845,0.8873483796441408,0.8539300996022654,1.080004241344221,0.008319277259206425,0.20231074751154346,0.6724551051970732,0.07563721478315298,1.0143068293290276,0.024345857581795933,0.8235041698416534,-0.21992710875730132,0.6642449611209338,-0.03793806424416984,0.0021109918231988754,0.007532891372971751
2023-04-17 00:00:00-04:00,0.0007559312243348305,0.6644059034448264,0.955087680356348,0.012329287645293579,0.7616151592287151,0.42822707888469913,0.6697622010383444,0.748380173556991,1.0970320523866428,0.00894187593869943,0.19594958224148484,0.6149237469293426,0.039881300313459024,1.035007495256296,0.016934417429237403,0.8373934392945813,-0.2149685613089371,0.6515480007185849,0.04343101683292617,0.004951197926591127,-0.0028191441403263573
2023-04-18 00:00:00-04:00,0.0006830656268522918,0.9255695739677795,0.9461699232295351,0.016125105974204045,0.8236607071942111,-0.07864404099774724,0.8182155487804434,0.40236123603003604,1.0998307423247433,0.00818754493816177,0.41073533320781785,0.5465758173788325,0.007275830726977778,1.0325135087262298,0.014724603586563622,0.8331374978533483,-0.2131384686435791,0.70309508758651,0.17553466888034475,0.008338446103358337,-0.0052852612335265725
2023-04-19 00:00:00-04:00,0.001847141914690626,0.8928404895647821,0.7951316015573429,0.020874977111816254,0.8921113903245959,-0.08408426192958546,0.7573672946569031,0.2019798290370922,1.122161088249941,0.005591936650234843,0.6275030224692703,0.4798887025789713,0.022821891966802916,1.0450459120869984,0.012444809829642271,0.8525809699977839,-0.21114934435443,0.7633162977357071,0.08597430919949477,0.003999996185302641,0.0007415406390061108
2023-04-20 00:00:00-04:00,0.001186305162513494,0.7270241746222829,0.20673187434312976,0.01557244365610646,0.8367844696733402,-0.2539005217510541,0.14637044898224164,0.23385797297352864,1.1165878828825384,0.007726623902519904,0.4599491677428934,0.4158971710879374,0.047725398706249485,1.0497347628961258,0.005066439526749052,0.8930085748785611,-0.2078482192700279,0.6872374639087567,0.055937967701421114,0.006353488578101099,-0.0017287000136088082
2023-04-21 00:00:00-04:00,0.0006620771960259291,0.8689825138603114,0.1209695035406898,0.01668518617004231,0.746236943175682,0.13332869092966582,-0.05592979184808054,0.15495802923698482,1.1107266984313486,0.010482985457890002,0.4045198977401269,0.35006744963555436,0.07015030901812046,1.0550807628437895,0.003598675656680343,0.8922701427434157,-0.2111361593294147,0.6873213275451978,0.023977589009936913,0.011741402858038453,0.020037314161183817
2023-04-24 00:00:00-04:00,0.0001292586315752274,1.2257217847185344,0.8523781232467218,0.025163450391101728,0.6302052828151135,0.2243171672843593,0.11584777572061174,-0.34011572703193155,1.0490292244021813,0.006327694745480404,0.20968024221221815,0.2851430240377358,0.11126596817105927,1.0366976601837352,0.0038418176612459195,0.8733987182611169,-0.11794430384876867,0.35557522234630495,0.10821083977432902,0.004563990970455784,-0.03213301488905995
2023-04-25 00:00:00-04:00,0.0030372335482076606,1.1342921741522374,0.2535792349608011,0.02716129839847278,0.6257894607189982,-0.39913292195935735,-0.4002747319947283,-0.31164116069379816,1.0811427861958884,0.004493940864319047,0.13525123104436818,0.21347843693546067,0.034181419731102225,1.0095979827175225,0.008418248328332989,0.8768858826783883,-0.1413576113596386,-0.06053622601490579,0.21512660644471915,0.005763350130162827,-0.006138871736369178
2023-04-26 00:00:00-04:00,0.007991809878447354,1.0422365156907898,0.015294218554902608,0.02442729088714658,0.1195583562162781,-0.5681997335643765,-0.5178545069762317,-0.23375751381039447,1.0704431746205592,0.007861743873872461,0.1517156439349572,0.16874885702289297,0.03379937313127341,1.019656240154994,0.011925620102050854,0.81663896964559,-0.15050517265532623,-0.05623051713499973,0.23988594641439728,0.014934821836116385,0.01298397656047623
2023-04-27 00:00:00-04:00,0.008947707194501059,0.7741397169822459,0.3212367533413066,0.026975915041649628,0.11169840573650167,-0.9482949177980693,-0.973957689800165,-0.25120751855489676,1.062604621186573,0.006894619587528474,0.10040482958931214,0.13401813904047497,0.04662317439122001,1.0127054871023535,0.015101047632187675,0.727105897238233,-0.15717268914831356,-0.3480159627671268,0.2028198044395053,0.0059246339323684545,0.02887011546948104
2023-04-28 00:00:00-04:00,0.008994338083415949,0.5392075829334244,0.29102451221227016,0.03485208070326073,0.2593153742242071,-0.1724615895281818,-0.4389675425501762,-0.05026487550822566,0.9977740275160206,0.005705737232685761,0.10610050050165397,0.09353373056669628,0.04742054110171105,1.0142696204607209,0.014604916293784439,0.6601351881490632,-0.11560355734054498,-0.13641982411846962,0.21998649879182047,0.003838028618023397,-0.0053218711468668856
2023-05-01 00:00:00-04:00,0.0206843356382143,0.7082525938271581,0.009649639580441079,0.01982624849753408,0.015090662830187696,-0.34441329063373155,-0.10644171735330579,-0.09181626034108815,1.0234669666054037,0.01083873603864881,0.15473623934733893,0.05682011394374104,0.01168887141302705,1.0383347978201776,0.018789496827012964,0.6502805559880019,-0.10709113516513771,-0.03477806306201232,0.10757433394139763,0.004528243185996339,-0.02589994517492955
2023-05-02 00:00:00-04:00,0.004890089458735927,0.7660442031469011,0.754857713611303,0.03567001894497576,0.026126225711110857,-0.25205896198577915,-0.4361326099341934,-0.30438119938109787,1.0398628114896118,0.012202320401084977,0.16778804907514097,0.026382886122775766,-0.0035604160996458426,1.022450674460934,0.01860528366621235,0.6310531690098372,-0.15155209092433142,-0.3998919399911484,0.01921621534716272,0.02105520179862461,-0.03844726856349767
2023-05-03 00:00:00-04:00,0.016696514134986372,0.7382740281346214,0.14197361493918534,0.05141216782641798,0.0034786961930264393,-0.6954471640412975,-0.3806979107341737,-0.6328237264701011,1.0591989758776763,0.013873798551131659,0.22025920001941346,0.012217823992740217,-0.03099547683307877,1.0222011782803915,0.018739717528740537,0.5200806464961043,-0.18291187247462518,-0.4089271410950568,-0.10071178860428195,0.026031497492319366,-0.0007786440270600714
2023-05-04 00:00:00-04:00,0.026804026406845493,0.8638569405472513,0.4261529508516286,0.03216596338029086,0.12209461931578332,-0.7449416076568248,-0.32847841934939914,-0.7340953530221508,1.088552498397735,0.026655413134702093,0.2850832454325481,0.009647254277517586,-0.02799753729740441,1.0522353856396922,0.029045011015320775,0.20777227006345614,-0.2043726972957117,-0.44263763766274306,-0.15175683482097382,0.010116715885003253,0.021696771461144237
2023-05-05 00:00:00-04:00,0.005419947436520736,0.9149218986413957,0.9210661835627282,0.03105667356275586,0.29734496845996383,-0.711339603979083,-0.6738393026297642,-0.7183077172420707,1.0264950950853533,0.029969925080027843,0.34015772098876457,0.004338322607658187,-0.03587146797487228,1.0577970814905702,0.034839713860534506,0.033892034957194825,-0.19776175474414437,-0.5015284488268064,-0.23148742220458343,0.010857222829082861,-0.004069437549718891
2023-05-08 00:00:00-04:00,0.021055102388141563,0.9153824060744858,0.5383143589074108,0.03439683711004538,0.3520805076497086,-0.6676597058035497,-0.6996747944029922,-0.6764352331910491,1.033203873187558,0.02883490201376247,0.3661969162361236,0.0018484965760210909,-0.04971014290910662,1.0557109213062006,0.028451132474905397,0.0111615066350898,-0.19630863952770516,-0.48733296545455534,-0.5113729821515716,0.004112684943174546,-0.002936741114375585
2023-05-09 00:00:00-04:00,0.014621036601277882,1.2552753421907292,0.05760622306109858,0.014871744009164627,0.26752642353529066,-0.22253047827662653,-0.49674280601072124,-0.6312472188867045,1.057178591871034,0.028231130573590998,0.19667966617999708,0.0004143494479585783,-0.052357622890742396,1.0784067713196834,0.016619026627205172,0.12085307067490726,-0.20432061638032106,-0.4187106888470517,-0.5618067597776202,0.00948715209960927,-0.0049937350139055425
2023-05-10 00:00:00-04:00,0.0026323544425885382,1.0846592324889652,0.5142523180893452,0.025641080271148545,0.3581657545252845,-0.5082387689366228,-0.13850732419622788,-0.4675842137130972,1.0577955597837505,0.02616871477225072,0.4357771876721776,0.0002836221024576946,-0.06182669536765199,1.0776246196472024,0.009846607197299429,0.2641549097794153,-0.20067385395764906,-0.3444852554282041,-0.4754850545538338,0.01091648417970736,-0.005663073137726848
2023-05-11 00:00:00-04:00,0.0036602444908959675,0.9745783305037399,0.05002760908219435,0.01338182100768674,0.5151969030907848,0.1866732387200671,-0.09086238760461347,-0.21021996038628793,1.0689179495244303,0.02131447594204049,0.5280110840220168,0.002434895192961233,-0.035102662536630476,1.0769738773207282,0.008326309892622301,0.44396394214613927,-0.19329370181818153,-0.31458883074620836,-0.3175803380757654,0.0022086288976124577,0.03261710890922087
2023-05-12 00:00:00-04:00,3.4349367734017126e-05,1.1779599546631399,0.9868371387501773,0.03725033193041167,0.5583946747060283,0.44289566349864123,0.6795232392236746,-0.1838771520568192,1.0263913163795049,0.019570381878635523,0.2900712567788808,0.007084547319496086,9.85823689254597e-05,1.0540763200069285,0.006743223873920316,0.536369603032986,-0.13898896497216076,-0.10605309881649284,-0.3429678285851546,0.013824907745563796,0.027952035975995937
2023-05-15 00:00:00-04:00,0.007050392231524963,0.9150784678857401,0.11961385175098169,0.027798448330833708,0.15455964285793747,0.4861490044867974,0.6438551686057399,-0.12414388519988036,1.0074863905675617,0.02316282759627233,0.25020813705210493,0.019169214041258553,0.02488966554239759,1.0367148372626418,0.011651101072334706,0.4745233845149617,-0.1367019909799932,-0.06218621536672876,-0.345846748186941,0.007615223834771974,-0.024752991012710224
2023-05-16 00:00:00-04:00,0.012071010615700314,0.671139986687633,0.6470268636631564,0.03521383453630865,0.15659985489418957,0.526167925074687,0.7004215541244219,0.12177328656559044,0.9860282223500916,0.02215700814725391,0.2600103324898121,0.049464395082074855,0.01629801788709702,1.0350574571405307,0.02438038763351791,0.24292368860488572,-0.13637729861652148,0.22217706547730262,-0.3591958373753725,0.003533580073177768,-0.0068528566069697705
2023-05-17 00:00:00-04:00,0.01376607099461395,0.5885232756941057,0.5877176918330344,0.026113729828215762,0.5392775126731856,0.7936067000828605,0.7433286545924507,0.06878798680733587,0.9674190271821619,0.01198916580640215,0.20451853066583842,0.06147153642148942,0.018675578803993623,1.0561954998207468,0.024173552131279082,0.17524741253557322,-0.11852838760828874,0.3932491678393262,-0.3275909301712588,0.009249944863077435,0.05072822847923519
2023-05-18 00:00:00-04:00,0.020214549558612557,0.6771574950106594,0.18038215032881344,0.061342645851580675,0.4357783177204213,0.8581554179613202,0.7358240350877794,0.5395923817228802,0.9402974180186168,0.01260949172878139,0.2130063718120288,0.061658051963665035,0.07296870649346301,1.092370140494737,0.020268142484551818,0.1442386668397733,-0.09071016471396469,0.4428509049193721,-0.08182137511409181,0.002572075259030123,-0.01228260638617451
2023-05-19 00:00:00-04:00,0.021278883760155135,0.8041902762816472,0.19008677623376832,0.026490461967846095,0.505811650419447,0.5335683755683985,0.6908362420452737,0.6259564675909942,0.9665630345045079,0.018690277985373784,0.22394253547488496,0.08715003664522908,0.07612111188374246,1.1016348251574435,0.02104875648428847,0.01597750652510924,-0.06501181479975629,0.5790061554330859,-0.041157074569344275,0.004404994702883525,0.007387471137142443
2023-05-22 00:00:00-04:00,0.02097575733116508,0.9963830410748881,0.16241202104524016,0.03189710083959566,0.6431675667321959,0.33989010588736385,0.6444014693555239,0.6239135648537352,1.0125943686207854,0.015980828421451158,0.1699107281568509,0.11841032106479125,0.08183904998307584,1.040055818665582,0.020474655450177036,0.0010241030169353628,-0.09950668864790928,0.5741341270950173,0.022724732623176702,0.004296262911585551,-0.01271094530407968
2023-05-23 00:00:00-04:00,0.011423362337228876,1.1591135376844297,0.61571191035326,0.028230232651894473,0.7197108936390887,0.22585786363536564,0.757689876826921,0.5509624237566605,0.9839574920781444,0.014455693674171113,0.270309221621763,0.20118995034346282,0.016876710837118617,1.045777026931929,0.022450155205802427,0.07411431730522224,-0.12311807058425712,0.7061932864384849,0.08353474146512789,0.0025334670770776127,-0.010027278917618898
2023-05-24 00:00:00-04:00,0.017234498513464123,1.1736513458978517,0.22112517078303692,0.02049077507908363,0.6471683213674138,0.3138550107639675,0.8899751780827658,0.6934318894054602,0.980336485214418,0.01693435590785693,0.402346865198389,0.2533003810004915,-0.01119891825908262,1.0617017477614594,0.019467254695340275,0.11692548399408849,-0.11417761227159505,0.7588303712092542,0.04711582398394827,0.0017177839220667514,-0.012629824973121595
2023-05-25 00:00:00-04:00,0.0015598609606614282,0.1911413150587325,0.7847566617025258,0.016429816974870518,0.4113631528505795,0.9232703145223905,0.7340943098893639,0.6621897778163911,0.9993883811474867,0.02197644485950455,0.4416989189201639,0.291009793232357,-0.030422627694053354,1.0580001663186176,0.011211850613880577,0.12531309690608053,-0.10824916999151774,0.7536925331943162,0.03722890429051871,0.005645771334016243,-0.016843815921464667
2023-05-26 00:00:00-04:00,0.002166776478026268,0.17900369373611763,0.8149264853725925,0.02925528856861409,0.047662309456229304,0.8704945406213286,0.5817326220355017,0.5398191564670243,1.0257581898894805,0.02050654010400614,0.2560360633274643,0.3289058912926003,-0.03636071656842447,1.0530223511186168,0.014372187684935398,0.13260739760135093,-0.10370782232562685,0.6837045740854791,0.07516039804299798,0.010764925075692475,-0.027180065145232857
2023-05-30 00:00:00-04:00,0.00018145272520154334,0.5571422524779844,0.9928358294434652,0.030632234017372056,0.06988827074559588,0.11669635938599587,-0.9271704840946635,0.34694365769157465,1.0812658949459952,0.024916441802683025,0.17972383231287373,0.3665391201886765,-0.04136944804419293,1.0536568309277325,0.021432385815315213,0.19071452852201448,-0.14753619534437865,0.2849828235363628,0.06369617272332376,0.01780328566334988,-0.0035753008797394514
2023-05-31 00:00:00-04:00,0.0015628441761509641,0.6976164843340441,0.9625018759875559,0.02562731374470296,0.23380888129057667,-0.701792394683161,-0.6853674509131269,0.17770790794046573,1.0406296595748368,0.03652510909698887,0.16010211824708168,0.41721017145249867,-0.07250879571329766,1.0321187481460432,0.027542449134576614,0.15846504470292663,-0.11187107554993114,0.28826571061577183,0.10639024717049131,0.0,0.01196017252882986
2023-06-01 00:00:00-04:00,0.0015270298859581006,0.6583422452931589,0.9630181414281153,0.020513540257275028,0.5588483288103968,-0.8121288735448758,-0.8783011174584456,0.26149204872341997,1.0243195762741915,0.029477455573858287,0.234606366400039,0.41108572010935057,-0.09002107820029503,1.0214903185838158,0.027251924602450805,0.0746920374146683,-0.13246040962168382,0.16847675197142137,0.12968817524001472,0.0042350410953371585,0.04569907611869084
2023-06-02 00:00:00-04:00,0.0077244565270447665,0.7078559260568963,0.655074262061889,0.04309782090058504,0.9139289510710943,-0.6401595708245695,-0.36989314608068674,0.28880169983477205,0.970398841098588,0.006271462550984126,0.20050519101161265,0.4148080549001663,-0.09075202366073441,1.0072168164643072,0.019626171089353956,0.008303141028613585,-0.11264923482043193,-0.028328741044644133,0.24318090317616564,0.0033700859505913987,-0.024362628893820903
2023-06-05 00:00:00-04:00,0.025869867451030922,0.6378691143689017,0.16295968022393448,0.044691391933111536,0.5344070896848493,-0.5692319870669836,-0.26154579438419373,0.023326581574374037,0.9705354438395417,0.028779432127349222,0.2102831818542107,0.4474028020146257,-0.09325598724148794,1.0056194691077651,0.023342325123634176,0.0014673685768750858,-0.12819064294568971,-0.06990185901703085,0.3332863904632004,0.00382722454306519,0.018406618385635953
2023-06-06 00:00:00-04:00,0.013032283801182907,0.7598887777852494,0.573748988414289,0.03636367599685485,0.39634647773630044,-0.6908557409109292,0.1104611898327988,-0.1343968422642799,0.9361831344212578,0.03202525846031542,0.36681761349193265,0.43773030904525867,-0.11824834525770161,1.0106403475336512,0.023005789821140023,0.0014267523546007423,-0.1380857260072868,-0.23427920581038308,0.28035408724941896,0.004285738065645253,0.026794780997376755
2023-06-07 00:00:00-04:00,0.012239219706545424,0.5362988400918041,0.6125392137175386,0.0314379039498936,0.09340932907498412,-0.0785966760323679,0.3412292837379341,-0.22101543597607554,0.9005955649254057,0.0343848043862152,0.19630958276766225,0.4299084366008511,-0.10882386422087936,0.9963134726531211,0.023077074712476053,0.005284589222916599,-0.0772991135685692,0.11589737953505685,0.30966220320575466,0.003757457867278286,0.0017229584835332101
2023-06-08 00:00:00-04:00,0.012656445143353031,0.6839190072907213,0.6236558440962418,0.020132573141178025,0.05655468384368265,0.11774936254618071,0.41408263153794467,-0.3878650685401408,0.9046155733097536,0.03856055352116724,0.2975983748920017,0.4304779920320433,-0.13676301284801673,1.0019888552629816,0.023790700898019608,0.0016043190848019455,-0.07277833882918446,0.07585099257857783,0.296251834855962,0.019150473559127693,-0.018186194184395266
2023-06-09 00:00:00-04:00,0.0103770801428764,0.6507188730985876,0.522486927191358,0.022276893028846015,0.4011261852590023,0.214608344566437,0.35362338494551265,-0.39874394328090224,0.8836390447203148,0.02973096539861905,0.2793044185485178,0.4331920247814778,-0.17397814331315473,0.9696453613775297,0.01930075686486795,0.0014150145833019634,0.04973112091696815,0.053036798903129824,0.24423682306992275,0.0032000262920672683,-0.012014704948413724
2023-06-12 00:00:00-04:00,0.011585611803373206,0.8090502587157169,0.47105821888084665,0.017721538302264746,0.6433388423786139,0.34480003968316275,0.4428310639837393,-0.3731058162955493,0.9142295973455995,0.018794577075852064,0.42872978248761573,0.41063403602725845,-0.11901788182695469,0.9902432565137923,0.019494392083072014,0.01924640649013798,0.0754735928141504,0.09849554158456009,0.13673365076078486,0.008607598799693498,0.020521683916062683
2023-06-13 00:00:00-04:00,0.01131444756807985,0.7470709883910693,0.05470737749190541,0.020132461627876394,0.6140412884447229,0.7309221525588829,0.7222657620327306,-0.38140345511607593,0.8814139265606518,0.019778813374542365,0.2790758194887071,0.381432947450549,-0.09006903159124555,0.9972266433258892,0.014265157510877534,0.032807470450315665,0.12036119156399289,0.37028325887373165,0.12147521033202859,0.003001098663324869,-0.009930451145569452
2023-06-14 00:00:00-04:00,0.006016610143901114,0.6144770645546062,0.3545224024781758,0.02524753512967796,0.5310272836187543,0.6840858231592285,0.4870809705710874,-0.27080654078600647,0.9108833601907532,0.020520086835521898,0.3062753343765011,0.3624648104920456,0.001897080430971769,1.0168579972005776,0.012651602129585172,0.0033458193485558676,0.1572353806550288,0.40031331001352444,0.07983671021593325,0.0076733010292695724,0.02219140824588295
2023-06-15 00:00:00-04:00,0.006011613065838138,0.41993094060895564,0.19864438177960483,0.04212431208564806,0.30216321179972594,0.7264292567994809,0.788343475274675,0.1956097052056249,0.9056098029131159,0.017847131281749966,0.1394138832555787,0.33961710673113465,0.03108337048392475,1.012000136832823,0.011226048921588077,0.003310242043234693,0.18264967744231608,0.4712258329691921,0.0907156289230474,0.001560159706875854,0.010180402540548084
2023-06-16 00:00:00-04:00,0.004622619035659027,0.48963910390279697,0.44385090028825713,0.014914439794472692,0.20713809442290815,0.7196823155563871,0.8431871666381272,0.3217901100281839,0.8826065676668956,0.011886223210254322,0.16325169789410743,0.3359739177591489,0.011884220230049687,1.0198163640241071,0.011756905477856317,0.0001568139138688387,0.17336382847802675,0.5128288276495151,0.0923531253714472,0.0006112842285124446,-0.016391356033772952
2023-06-20 00:00:00-04:00,0.002976849720598144,0.38500512554561533,0.8219607603305108,0.026684474474901593,0.3816928206863204,0.7218118486208333,0.4640573291385984,0.4031173995561011,0.8896527520227221,0.012784068780397657,0.15485695931309035,0.33035611147543825,0.0005768205072596839,1.014855099351927,0.016813340791055155,0.05206120402331059,0.18010145601749458,0.4375455245200918,-0.06867009245188242,0.010478866986102845,0.010492583885463258
2023-06-21 00:00:00-04:00,0.0058578461696503275,0.45725912623404236,0.31800981223050795,0.023092154471019945,0.19281806915604466,0.06705867277366014,0.024587394927872458,0.5528113892322826,0.8942559557302682,0.010158023790181015,0.12994515686411603,0.3116633758202307,0.02952182593326617,1.0283470787141362,0.01198800122956278,0.13697922252731615,0.17939206619280673,0.5151154603644889,-0.16000843157246503,0.0006174740637810366,-0.009528678249741018
2023-06-22 00:00:00-04:00,0.005833956104427111,0.4943814727250163,0.34322403181553096,0.015951537921542407,0.14950037856982631,0.14933910333066774,0.05928311866131418,0.39848646407281524,0.9159825945409363,0.009615277707161127,0.2173489151336595,0.3017447193851798,0.0292859373288118,1.0397432126293962,0.012249514038942613,0.3280366271775163,0.19594431610874563,0.31702075423687726,-0.33000264537066987,0.010758040274937365,-0.006043390336307963
2023-06-23 00:00:00-04:00,0.0024177802714315804,0.4132322461514407,0.15512270523931207,0.0157480577751403,0.24823757576858232,-0.2853439288778354,-0.522754760712121,0.3517267430993738,0.9265642305084296,0.008465131053707753,0.15099481817360474,0.28918111954163356,0.02991051932831547,1.0361413525882235,0.006973869079227014,0.48126977186441994,0.18283295472973388,0.2539756988040845,-0.3317261686487456,0.0002500221463170501,0.010795494092523672
2023-06-26 00:00:00-04:00,0.0018770853942290066,0.4021769126902601,0.5897225592870781,0.01980941153911721,0.32705113186508966,-0.3331265572203725,-0.5078144516647629,0.41153466982061154,0.908443997650363,0.007274578094468615,0.1639638916471695,0.2729008046669353,-0.003173463446088315,1.0329183431160087,0.008770689624662157,0.5718202832995336,0.18013665729533604,0.24051299185862493,-0.3216751893086606,0.0,0.004419423337346462
2023-06-27 00:00:00-04:00,0.002034846569871713,0.2881674289715846,0.014788549980377505,0.027777777777777735,0.2807532535676566,-0.34052056372188927,-0.4663062538174387,0.4297922041042903,0.902881405753371,0.007347852156432255,0.16636232508975543,0.2591702569074773,-0.03399251070170455,1.028099474745003,0.005879956374972081,0.632420778404107,0.17874978809947326,0.1256308299720085,-0.32002540564617005,0.009876580885898876,-0.006233429840300175
2023-06-28 00:00:00-04:00,0.0025454808413730885,0.3419175323337528,0.007875112394600018,0.014771094504414859,0.13962817324727814,-0.20638643750118,-0.15403876137344646,-0.038751626037745616,0.9213889956129308,0.005067875358860669,0.22232665641144114,0.2461392986875753,-0.09659050918695251,1.0371777712648054,0.006574043109645934,0.6315120102888583,0.1884238541376786,-0.05053897166452857,-0.36633516045860987,0.00127646624575987,0.033083402019978614
2023-06-29 00:00:00-04:00,0.0011983696276507939,1.0441570841056018,0.34119367065974127,0.03360723543228248,0.056381038577222146,0.52628720304702,0.43537755008968193,0.3945145491368953,0.9016178416185939,0.004910418548285521,0.1729556597925677,0.23261013401053024,-0.1175242274044424,1.0231576998205818,0.00544602494974177,0.5572749845579588,0.22193511914831096,0.3126536884814054,-0.09919808427318849,0.0029436755471960244,-0.00380968929551051
2023-06-30 00:00:00-04:00,0.004809424876970727,1.1028013098986855,0.6686294002291185,0.023045792408870336,0.11123719437506314,0.5629490814916032,0.9129091476521183,0.4528999849003797,0.8984723844897801,0.007848411005860855,0.1589752331503952,0.24155252538814923,-0.09926522804421595,1.029890530393858,0.015412799914577219,0.564324853927071,0.22349016524280862,0.2648452744696499,0.26856724623118117,0.011285304642411323,0.0013147793041889955
2023-07-03 00:00:00-04:00,0.004813247615300607,1.384533679968716,0.6648142628339178,0.014026327883860983,0.2891309640502235,-0.06976397763749821,0.7276384044074471,-0.16406911585003855,0.9021135552836088,0.00891776448636069,0.8853474511162717,0.2435003081553146,-0.1910946892638821,1.037304342685881,0.015320854162407862,0.5689245002791313,0.21619808834908574,0.24259051287417993,-0.03180810502770864,0.001553133311323237,-0.005728805733415054
2023-07-05 00:00:00-04:00,0.00508614108885221,1.3906027020155296,0.6316988173003938,0.015322495285887848,0.6240542214647256,-0.014359423910678315,0.3481271700632397,-0.21070068056626987,0.8902815984892309,0.006023139804026222,0.46352082804778444,0.24696242117345815,-0.2412643519113231,1.050871571980887,0.015067696288333599,0.6145647795261855,0.18207882060986108,0.1766259719755436,-0.04680734734269107,0.0048698897829368626,-0.02412664933068498
2023-07-06 00:00:00-04:00,0.007554228062210266,1.0573115587886093,0.29918401895706315,0.03238848176800208,0.6201758554463286,-0.0429440667979725,0.12561793474758834,-0.17651231864729225,0.9396800771263206,0.006206301624086116,0.34388133425113787,0.23841769431288135,-0.3113457466132273,1.0562493428816648,0.013475675094201686,0.5917773010856404,0.12092567296171447,0.08569614409388493,0.0041429744799273294,0.011459644875159058,0.010455259988746857
2023-07-07 00:00:00-04:00,0.003355151484947104,0.8947330484215593,0.6879664599379275,0.0280885519971618,0.3315378972711499,-0.2750860410456385,-0.20944605768782878,-0.1723267882995044,0.945908146158171,0.011376865695637377,0.27632316068788426,0.22397463905151868,-0.2856958667546692,1.0642745173182768,0.013389191919156272,0.43624423540628665,0.12823513803710285,0.08568448605996527,-0.02694789603939081,0.0027658079697773664,0.008398981380427939
2023-07-10 00:00:00-04:00,0.0035172638807921424,0.7948685001555258,0.6586571559319847,0.013412283490814698,0.16498102089623964,-0.4976998226159194,-0.3117601930803474,-0.24481831043529126,0.9401706150080095,0.012769252178971869,0.3544442818364512,0.22736498636519628,-0.2795481437361515,1.0548850930158522,0.01305238317654156,0.45572646954897106,0.12190554798861121,0.10817389930844179,0.00820062706278656,0.01039150058183813,0.01677944998981795
2023-07-11 00:00:00-04:00,0.006292010055155112,0.49836266282070546,0.24385454935493076,0.024138371769681463,0.04644162594519096,-0.4541915168387416,-0.4338607063111792,-0.10512985887077109,0.9419671155920614,0.010907722216255624,0.32604853193982974,0.23686259640088853,-0.2757097371084489,1.0633033530421243,0.011632187451290453,0.5241647095982717,0.10697813322288673,0.12587135520597692,0.04433057119640235,0.0037228001812289802,-0.0014244967590292257
2023-07-12 00:00:00-04:00,0.008313453285649343,0.5748363045622351,0.22971577658051281,0.015545333335385592,0.0644739053927867,-0.12703777106088926,-0.38496732520814286,-0.02505408430217724,0.9485819490282051,0.011506857485135462,0.19231215656127704,0.2705921143453443,-0.26295415025781177,1.0764571013674995,0.013256965770717524,0.5424260516474433,0.10555179457278795,0.12742623998553063,0.08746829624163349,0.0052213416273164505,-0.008441496613919686
2023-07-13 00:00:00-04:00,0.0009339036316887053,0.5456149849314054,0.9328620303473437,0.023874594107885467,0.06552856737954406,-0.06918180882709495,0.24433664116225493,-0.004881521181001671,0.963863968232712,0.011626921015152574,0.15067278348171523,0.3085921233380897,-0.2660545851443648,1.0775655566196496,0.015114252203785587,0.5248129230728208,0.11556923684505165,0.11382960599730418,-0.040479727483687895,0.005107498428629283,-0.027338102382466367
2023-07-14 00:00:00-04:00,0.003674972950445757,0.749279605925455,0.4653065265631881,0.030750813068928316,0.00021471134966641846,-0.40386756654203726,-0.3900241372664318,-0.18955478896493602,0.9881611473923856,0.00892667559600813,0.12656660038609846,0.35019672825096654,-0.26608515178281267,1.0476226144620702,0.010772423397946556,0.5008243898762302,0.10555184657834113,-0.21106583898747247,-0.05439858991255112,0.003243294564095362,-0.003328588806131072
2023-07-17 00:00:00-04:00,0.010258158800037121,0.8401937492794871,0.2863613073950098,0.02063773895364165,0.04064960358121632,-0.6539950971130202,-0.1027949299019002,-0.3678782077780135,0.9862211823756203,0.012193399928905231,0.08507364071095877,0.36573217677861286,-0.26274154796665705,1.0463304504495596,0.015604803223914297,0.2439685593950539,0.10120545679862082,-0.21222815861472918,-0.1555364147611045,0.013717259459572664,0.008163356463808391
2023-07-18 00:00:00-04:00,0.0027383707005207204,0.9388811232471831,0.8860267614462909,0.025009225392264776,0.11992249623596904,-0.725375747769227,-0.43143341514463524,-0.45259675315086906,0.9789608986813345,0.014366477168811587,0.08782320480370709,0.37125157067685766,-0.2696578984162578,1.0324766058870698,0.020092871336748287,0.10053675100685845,0.0984620669618645,-0.24969447239127837,-0.16032853865553254,0.001971122783344514,0.007729068073068168
2023-07-19 00:00:00-04:00,0.005659546217744108,0.7726395975543586,0.7022343925114949,0.019013777178432376,0.11125989952789168,-0.5525392524179648,-0.6138560111426254,-0.38265635442956536,0.9697731264526769,0.014153451243253134,0.10984120840544159,0.3854221109923843,-0.27362106630278415,1.0228425820070124,0.017802417148354246,0.06923101442163232,0.09478882133240357,-0.3384426494048166,-0.160238522641694,0.0007359857834200802,0.01619212471297571
2023-07-20 00:00:00-04:00,0.008027293486738186,0.7060716628859794,0.11000049650719836,0.01809325857052578,0.06358712504108359,-0.8639342298765759,-0.7932902771203004,-0.41153006718082,0.973442670136697,0.013952707936263692,0.2103479427439855,0.4040842669102561,-0.2924391627435571,1.0280273906755593,0.012165422914776946,0.02718851249275542,0.0901904183055071,-0.22833723618072513,-0.16699196884405976,0.011420977936484491,-0.004552562076818423
2023-07-21 00:00:00-04:00,0.0016781189361470621,0.4783050319054084,0.8244687760067455,0.011787092379443751,0.07984429721651615,-0.9179852649101579,-0.5199184465558695,-0.4531885158233716,0.9464718943766619,0.013385008229245106,0.36063063272838497,0.46123661865195625,-0.3118075288319043,1.057462698413216,0.012553433735575341,0.0419630331566616,0.11644760756837687,-0.4515764352988335,-0.20328204629769692,0.001071512563157715,0.00397153972998554
2023-07-24 00:00:00-04:00,0.0012234256022778372,0.5296385546146644,0.8812020969661248,0.011324142952459646,0.08149248268330944,-0.92919702006246,-0.18192220543387033,-0.47609521041673947,0.9369405282822983,0.013291197827749278,0.3213996592763439,0.47418937235829484,-0.3274339040980405,1.0639593722517784,0.013003254123967833,0.024117014758660352,0.11758262196117063,-0.33593862133536107,-0.2963870629585139,0.004733333223623638,-0.006473229384469037
2023-07-25 00:00:00-04:00,0.0015734583678169705,0.549837217078208,0.7610362330474644,0.01451708586231509,0.023706189736551593,-0.7929016729661534,-0.5478020716735073,-0.47318178378775805,0.955289550529238,0.014749452541236788,0.18324342164095575,0.482848377398442,-0.3254869954657882,1.0735237172997094,0.01043132480984361,0.0056520474366807405,0.11511004173552705,-0.4442324887723812,-0.259307036995409,0.00791836886379498,0.005308971875006563
2023-07-26 00:00:00-04:00,0.0020919823074263357,0.6417465242708811,0.17637768955507105,0.01999999255668835,0.01469808222120429,-0.6633759003456264,-0.49822762789780195,-0.5912303883724265,0.9776784030153957,0.012217862171295092,0.21080811501994928,0.49724436257876486,-0.34368755966650905,1.103025382449489,0.006461644213730087,3.489685357945148e-05,0.0985564382101405,-0.47084602548568094,-0.2754662007974988,0.002317102943978752,-0.013922366083862436
2023-07-27 00:00:00-04:00,0.00048367831312027523,0.6074539313662325,0.10671774286565874,0.02724673040602725,0.29728492481759883,-0.4505290207120315,-0.533471096344641,-0.7816778179793108,0.986205640492378,0.007411649929813562,0.14853074501791383,0.5529610788403826,-0.3533305277520928,1.0919734813687467,0.003004391250784448,0.0013598946823269093,0.08588677374764923,-0.5691173364776916,-0.26563213185137197,0.0038241792907707573,0.028237564889674882
2023-07-28 00:00:00-04:00,0.001338228439061452,1.3690997403538887,0.38280908146102915,0.030146553829335624,0.47601361702311695,0.6806030491430732,0.677069159936656,0.062108765115113956,0.9342811440423244,0.004922759147159571,0.28742855274766166,0.5885732035066467,-0.2490016556301592,1.1223857138614926,0.005928996115895377,0.050022350827031485,0.2245751485591519,0.4286208821105768,-0.05032008250386254,0.009728623194879922,-0.001657176190374865
2023-07-31 00:00:00-04:00,0.0057907477913048695,1.3994087299742142,0.06825195570546586,0.015764662798713254,0.5119860552663614,0.5549447182320979,0.612173735757391,0.07730870559235374,0.8998517989596192,0.005429912223608972,0.7762865186266514,0.6097573792266707,-0.24234290864850713,1.1101890812320765,0.01004625116839244,0.0001860259790148105,0.24810288446137035,0.46602368658554927,-0.09144948449033481,0.006999924603630504,0.0013041929436401478
2023-08-01 00:00:00-04:00,0.004740567258474558,1.4877066968472956,0.4314830584713607,0.027771142327928214,0.46968966951960217,0.6514758130665971,0.6106746406692798,0.40785965890630865,0.897979995557384,0.004646714625391499,0.4157221676148984,0.6051788521359052,-0.13947586201488074,1.1080858724800022,0.011629107498811965,0.037877872023356025,0.23922396531779125,0.4240488150213369,0.003054283721757259,0.014455396140016927,-0.02320910506628482
2023-08-02 00:00:00-04:00,0.004674776058117954,1.044548787352573,0.4826984743264693,0.034523827689034566,0.4236439905877904,0.3286237230831773,0.6205524057586237,0.33711825060056605,0.939262709200346,0.004240271700307231,0.37991161665229783,0.6000630889813392,-0.07449982666630342,1.1084272179228025,0.012249282729977815,0.14122230502798816,0.2465788761457018,0.37237690568678844,0.07645149543537445,0.016547611781529033,0.018547798502872137
2023-08-03 00:00:00-04:00,0.011534139535973884,0.9538439139052682,0.007419485312225378,0.03706826292938646,0.04107893638864692,0.2731535673950944,0.35228447528815254,0.34734288896823445,0.9184060283056394,0.006140704517664189,0.6100439784981431,0.5819210997949315,-0.05752976280398433,1.0871873576142215,0.013763254911201075,0.140215603087869,0.21746485845389482,0.28061403924437806,0.10622485162190559,0.013599678700463178,0.01606770779958211
2023-08-04 00:00:00-04:00,0.004387500870814872,0.8698899873005328,0.2721552840283716,0.027898996784530075,0.11068953347781445,-0.1891877425039886,-0.12890971411374297,0.39140492299556107,0.9012282356120761,0.005926451145393818,0.4148339923563857,0.5763485685699575,-0.0172309045875116,1.0649509334888994,0.009834206927701004,0.11540490166115921,0.23064016752407046,0.2719362531372208,0.1562867166169325,0.004718578651932616,0.017921977710994907
2023-08-07 00:00:00-04:00,0.00865406519375792,0.6123411182222721,0.060580402548552265,0.02451778608191314,0.2602012452929417,-0.4237818486903431,-0.3945111729141657,0.23986565541789798,0.8809395614316677,0.007149754400839888,0.3425334621980208,0.5765766696279242,0.0431908292718287,1.04431346810949,0.012049613836040222,0.16767240087292665,0.21364501913878364,0.20070868672744593,0.1854505014275973,0.006971862551037036,0.003452063075449985
2023-08-08 00:00:00-04:00,0.00969275732731964,0.553286495198237,0.5665692614822412,0.028708122469185037,0.48493210458684516,-0.38007684664964947,-0.42221788940707516,0.283133978899743,0.8729373016391915,0.00981206242024367,0.2033879352200363,0.5775744128276639,0.08666966418812391,1.0415484469265985,0.018741673010938452,0.28230082161364384,0.20871979871083154,0.22481401011175053,0.2792301116325414,0.005834986413285568,0.006651444265130646
2023-08-09 00:00:00-04:00,0.0010944766834339583,0.45277357530465007,0.9663794773376766,0.01629026978364711,0.5884602124134265,-0.3724374285491375,-0.5153613951801375,0.20753032231161783,0.8954539307652016,0.010682673970217054,0.24076417447282678,0.5776076374975355,0.07397888131244214,1.0612633112395071,0.022537513849541644,0.4882180618277927,0.1744298381825586,0.2230329741864135,0.301731936659401,0.0019098771471226005,-0.02688538641017091
2023-08-10 00:00:00-04:00,0.001433578028811629,0.5214555954526161,0.9287288228337636,0.037132068417023475,0.6992222927095375,0.49512931297525675,0.21956447147810304,0.0668545009238154,0.9459149810289298,0.010471255475963372,0.17893152969056036,0.5880887604672268,0.08585806770589688,1.0614416509702018,0.017958773989636027,0.6767052305910535,0.17561594476027867,0.29469148222049496,0.2994039376358183,0.0026237248223898823,-0.005502246483966355
2023-08-11 00:00:00-04:00,0.009948070867071074,0.6896280002274956,0.020320882812722884,0.01781733309771144,0.4647145090619169,0.49425556397065074,0.029626808125349048,-0.2067079989207573,0.9276046655140683,0.013894147509720386,0.20951404088555275,0.616525536407519,0.0912769447343272,1.0865343370775977,0.012795244507686031,0.749835618896663,0.17776709711414662,-0.07304255277480645,0.28737623995647743,0.004454310916571968,-0.007298390164030222
2023-08-14 00:00:00-04:00,0.005667771468878926,0.8064191139910923,0.5519874488838714,0.014453534072777862,0.31790144532270365,0.7244742679339629,0.3229060510484226,-0.09562420690057769,0.9280209829674475,0.017451001892745475,0.19146510122556035,0.6171654759402735,0.11309206644518523,1.0901489821243024,0.014334177937637492,0.6806352453946711,0.17872369406911465,-0.13123720339205616,0.2938642130982477,0.005405394744073234,-0.017313089344248578
2023-08-15 00:00:00-04:00,0.0032405537198448194,0.6396682971172865,0.8331120390911044,0.014251434874391749,0.12047870313622981,0.687029305203308,-0.2298323459599914,-0.1013928092633878,0.9922772277227723,0.02291690403219966,0.18510407633401174,0.6066258414166155,0.14873259920749343,0.922073730121528,0.01791435760306032,0.5515728839942353,0.15696994607573078,-0.2236319198902369,0.34363513234066695,0.003473064856614807,0.0034633794505278814
2023-08-16 00:00:00-04:00,0.0021199146445541146,0.6957058796408887,0.9249501897338426,0.01752021878283582,1.4534463920429887e-05,-0.14532937412154961,0.7616701598175607,-0.18431902813803713,0.9767067709489928,0.031348298442261634,0.1431020726705777,0.6251993552552547,0.1599382615385382,0.9357032357663139,0.021569384633686062,0.3146257626049841,0.14648776738116623,-0.09224382635772439,0.3126459695701109,0.0030629746580164083,0.04444179497466849
2023-08-17 00:00:00-04:00,0.001146916327696699,1.731558191066207,0.888845450518385,0.02295994349888403,0.26569437308224425,0.6360386495111362,0.9735694605997396,0.32662720356014363,0.9420555255093884,0.019628483786349342,0.34185478747342724,0.6303291628526796,0.272425837666051,2.153606027194037,0.012755970081191165,0.15713950552020903,0.29948434788979034,0.7240932633007605,0.4387715129739357,0.0011428397042411221,-0.003710356745377341
2023-08-18 00:00:00-04:00,0.020062532658545698,1.4463570827982328,0.06790577884508697,0.014831664663311516,0.23967773283103122,0.801568144912493,0.9076795697388979,0.3280908314900104,0.9335448938452238,0.020831170639306704,0.377637706268288,0.674882906230725,0.34022424644519844,2.0840766765381002,0.018457862583237852,0.21047256256663224,0.27151819136118166,0.6541759846520114,0.4739992881672637,0.006428184175515376,0.009891877301343666
2023-08-21 00:00:00-04:00,0.014227006251814148,1.3865640918797302,0.5078404814673677,0.016757854489609713,0.1552627415742873,0.6618818304622144,0.523639193647911,0.3179839033450276,0.9151316092195378,0.023755111978669714,3.007829670986964,0.7008195480527599,0.3643709026026852,2.0630214881696056,0.021285546983232144,0.2282702234911076,0.2302943321552187,0.5324205622442327,0.4512139723104085,0.0,-0.00818154154305073
2023-08-22 00:00:00-04:00,0.00708903049199297,1.4116706881872105,0.8205433310259911,0.02027418714120484,0.004854994090383896,0.5284136106166357,0.5658558223978287,0.3590949839557158,0.9110272645797349,0.02976471133009423,3.5809166842259437,0.7178022152083112,0.37404863097544694,2.0577710335274184,0.0249849523764448,0.27300179523710927,0.23333466158760052,0.541040918810297,0.4243097681617449,0.0029950713459585394,-0.013593612737179517
2023-08-23 00:00:00-04:00,0.012112243271706088,1.3609779337588046,0.5020175678493383,0.008730277634971553,0.042844858892753454,0.36739942809046067,0.6132890927766527,0.39821208685168286,0.9080254351567482,0.02760300231452258,5.053538381191736,0.7224928455455353,0.3709167612187692,2.05470963467436,0.019739777289121685,0.26154998900048215,0.24207653562451725,0.5908191698006758,0.39605087248558946,0.000702225747587018,-0.004475920330867078
2023-08-24 00:00:00-04:00,0.0026843617012774147,0.8374723373758267,0.34680201159845386,0.023989585362887124,0.2539063661614343,0.4474302074016265,-0.4410171136792285,0.5258019160139877,0.8873168039985966,0.017382515605806326,5.116660359112315,0.712127333035489,0.3687491409689658,2.1056331370684287,0.0081322211432255,0.20598608364559196,0.27180040737427896,0.6024263628534396,0.3547305375170133,0.005317855514491413,0.007217341972024505
2023-08-25 00:00:00-04:00,0.002508060994379363,0.4653949697246862,0.6553682780293474,0.019943519677940655,0.2334291829586341,0.43221906700353285,-0.6351088793566598,0.49592629146061323,0.877808932198876,0.017774728511710518,7.197727989717833,0.7013650442056591,0.39167184433588215,2.10288149926339,0.010783032323711026,0.10045489505333623,0.26725911355481,0.5587039655120907,0.2767574268089409,0.012589713162945547,0.0039937967671845875
2023-08-28 00:00:00-04:00,0.002293231731465219,0.5518190067389989,0.6880716992055156,0.014767491540243576,0.22577291412393272,0.7354446893318249,0.29201807129667107,0.4374754928884367,0.8847740706522625,0.01783443086398519,0.4925294632780314,0.7023095781650277,0.434324191109985,2.118661140889679,0.010816345515033767,0.08624046842847112,0.27758810868385325,0.5589455186934406,0.27650153779106434,0.0018605076989462296,0.010413178124108802
2023-08-29 00:00:00-04:00,0.002748562380553324,0.5694897271251713,0.06791222833109953,0.01795956054973776,0.1715345845050377,-0.19335499310511597,0.02743753826545007,0.28066130699743247,0.9156723687754607,0.017978200082684605,0.5092844722091012,0.7036949171488565,0.41984530569374556,2.1880474703396917,0.006814890204247612,0.07485185070147318,0.2843008866266167,0.5557646446582595,0.1862655231964904,0.006727560189825428,0.01667432805226432
2023-08-30 00:00:00-04:00,0.0009404660623427591,0.6850956536821834,0.7692589249784145,0.021698876525128353,0.06270540175912101,-0.0953762815602038,0.41169346123996986,0.11859130951411125,0.8787122464065336,0.013080802310609752,0.18037780400123707,0.7050522673812891,0.41704612420683673,2.1942221479774275,0.007946074800997027,0.0864402797843377,0.29575921478354655,0.5827192518807514,0.14992157893218147,0.003471855561202503,0.004669506607144713
2023-08-31 00:00:00-04:00,0.0008870620793338063,0.6817973024707095,0.9344473643462766,0.010455713050131996,0.01869592222886537,0.272055378307571,0.5982888662772072,0.02965918571646284,0.8907271112657054,0.008614744742129574,0.17946977227309094,0.7065106339400444,0.41559213449348237,2.2095206586938727,0.014444877342060857,0.0748102765591585,0.3138070131803156,-0.056228931625827996,0.15763233344163863,0.003977707496515323,0.023240053515714454
2023-09-01 00:00:00-04:00,0.0006502532933231702,0.8050874550399291,0.9575789910766637,0.015039709449998502,0.22724091252158565,0.8252381025617621,0.4898372288338845,-0.006184655034113212,0.8938214898821396,0.010364979584997509,0.18589365973377647,0.7059835722795003,0.39688424952948087,2.213613729843834,0.015198262734192915,0.09666498194590688,0.28616165499944324,0.2449881928935292,0.10366169292717739,0.0035223352379661443,-0.016618556454501943
2023-09-05 00:00:00-04:00,0.0010265368684309265,0.5804252639993043,0.9634431111504139,0.021918127290866223,0.473667523246372,0.8288854789704376,0.41951877255754766,0.3123460047535105,0.9104925795353088,0.015492214530530332,0.2006920604322609,0.7081874689413585,0.40619185005500563,2.16775152572165,0.02074363307316022,0.19076180496871448,0.28878672069711736,0.5113288750331935,0.08894681312559938,0.0014464273118072171,-0.004055867244773137
2023-09-06 00:00:00-04:00,0.005825411677068405,0.5944834230097105,0.6529298682904363,0.014977870599820416,0.7316224531558445,0.8033573036929944,0.6242497382883545,0.43730056437097886,0.8975746282147443,0.009170248987473257,0.1963701669799039,0.7221106808675738,0.4079787142442159,2.1861574105379846,0.016070128961313976,0.3169201238881136,0.29285402569400953,0.440573319337728,0.09437883744521784,0.002382833212496274,-0.00859722443039912
2023-09-07 00:00:00-04:00,0.006858191824314666,0.6494896346206221,0.0856342247943591,0.017618403212540244,0.8155616037194882,0.20672832871276092,0.7234544138588042,0.569588601431966,0.8944805842187249,0.00669069497404665,0.11232071004732251,0.7247816341562104,0.40871439032890144,2.1740952054744405,0.010789080639995174,0.45825874079303264,0.28589459840821685,0.33506692115420333,0.0922202570842236,0.003625647938805787,0.009698678744587186
2023-09-08 00:00:00-04:00,0.006190519255923606,0.5468793448566075,0.23193350342009228,0.010757524340456053,0.6400354587689749,0.04597283622203816,0.2679729207989268,0.6233152335614245,0.904068561496085,0.011195380186301703,0.1433942762316725,0.7226941515561474,0.3797692005973998,2.1890756985545474,0.011130324873329815,0.6265306344966453,0.26617693967977546,0.2657686979365927,0.07666631985133773,0.001811754468781279,-0.012091681759769823
2023-09-11 00:00:00-04:00,0.003201810528337221,0.42477824135248116,0.5877988468989928,0.023251871334755116,0.4958081771737929,0.40476261119844903,-0.24472344329604315,0.7430342001914733,0.9060463772674129,0.011881130784163352,0.2711457429765931,0.7269864824218809,0.3616426332926636,2.182412829230642,0.010993313268752762,0.6705867586573195,0.26970566308065314,0.42090699272084103,0.0416548966269717,0.002073034099307849,0.008922175044993041
2023-09-12 00:00:00-04:00,0.0014005469297848445,0.21093321557982275,0.4995329061992379,0.013789998913412812,0.18362382055500154,0.4374852686625516,0.278836157088201,0.6979536212967472,0.9179625993191748,0.0132567062450614,0.23427766292961705,0.7231387437966272,0.34369180853610976,2.2083360210657323,0.006569277781440002,0.6364529781520628,0.2663024175886752,0.4382900849280995,-0.0037428693242644,0.0041821534088654026,-0.010770901370130925
2023-09-13 00:00:00-04:00,0.0018183297938622197,0.09719940126517528,0.0426414173222098,0.022627211822677046,0.016640895379800666,0.3539070478773564,0.20053974227560747,0.6724837883285931,0.9374045197232661,0.009454507878770666,0.21591839827171816,0.7310223285161941,0.3409156828541574,2.1997779372806767,0.005441355813909456,0.6034119826725072,0.27088380204202633,0.5442346427841228,-0.04331430457614097,0.005529825757751805,0.0032093171242997265
2023-09-14 00:00:00-04:00,0.0020875006370004207,0.31491040945167975,0.10328521065490148,0.018202381751281322,0.19703702487752106,0.06451188622755799,0.23353043577845575,0.4475426942880044,0.9190895386975075,0.005604246245723847,0.15725052941338674,0.7401867293160647,0.3339474856274318,2.2277201063222467,0.006014485460591364,0.488564335900336,0.2797938195763614,0.3997949987882597,-0.11177411089282605,0.005087585797267024,-0.02376335790838824
2023-09-15 00:00:00-04:00,0.0015415469351498878,0.9490700122594916,0.37869591313957174,0.026786816139902705,0.4485706359090148,-0.7899545502829752,-0.37079465653270577,-0.28436001213197976,0.9513402004566316,0.004123146163861797,0.19973001605191576,0.7385335569572726,0.3395206551029166,2.15528213950605,0.006284360004216665,0.37738211813262285,0.24374435750905205,-0.1802157753862205,-0.13857800816477517,0.0069978274998848625,-0.0019893718172552255
2023-09-18 00:00:00-04:00,0.004510154854529118,1.1299242062873411,0.5038693535729949,0.01163362524448352,0.7123168428597586,-0.3375370529349396,-0.46857741820638427,0.05643224478643404,0.944153458061067,0.004291099233582867,0.495804540255615,0.7190778612102573,0.32721820285855896,2.1651192902630223,0.01204106501562563,0.21154664301715218,0.2395226818669404,-0.3728767520883744,-0.05283721264893379,0.00585763032955969,-0.007153118715760076
2023-09-19 00:00:00-04:00,0.002115568517636713,1.2173825254226827,0.8569261303953498,0.02738455096303618,0.7139898984161065,0.13959984181269466,-0.7302582261665922,0.27536563064182307,0.9452087606527545,0.004052614804263391,0.5964653715775158,0.6901159351546013,0.306652294353869,2.1668580093356375,0.015412015959812852,0.08335901734069227,0.25318307446954463,-0.3869909525087602,0.27861472556990663,0.0041773103861307646,-0.010157031308215103
2023-09-20 00:00:00-04:00,0.002184175221683474,1.3537369427782693,0.8464681817454874,0.015267161679471463,0.7596812424202101,0.51743308782714,-0.6915882588073057,0.4943079309988123,0.9652164903563377,0.004566463578800307,0.841972456958568,0.6472662983054122,0.31088403731116854,2.174446568517616,0.01519453640822357,0.019834775597166048,0.26448981170667707,-0.35973849453991086,0.4330571540726335,0.0014312395327868532,-0.013244323344935083
2023-09-21 00:00:00-04:00,0.0018768211644871215,1.1103934651936496,0.888908753680696,0.022892549255622327,0.8144619261570519,0.30098353448754656,-0.8392194926478649,0.290239820544234,0.9824946677031452,0.004894965451168065,0.44206770560606456,0.5909704651368101,0.30450625777592766,2.1495658439674314,0.01666900291630805,0.003687731209973047,0.23682120772757928,-0.4290621586113706,0.4039916481727153,0.00488847048155787,-0.007617796380141373
2023-09-22 00:00:00-04:00,0.0007350275879448599,0.6492107937247571,0.9367196343658394,0.021681432280346496,0.9143970300006725,0.3573639812075152,-0.8828786582540007,0.3302115776838724,0.9838652411964821,0.0033715444569728317,0.6723150161819154,0.5138406830276477,0.3066071597267951,2.145554441690145,0.013874455305973477,0.10376153369706141,0.23902756007616846,-0.36945433176987286,0.47469454127018035,0.00277815381555884,0.012428323228857563
2023-09-25 00:00:00-04:00,0.00014800983341319815,0.46803578570352616,0.9905844492651721,0.019091833809580627,0.92977965075517,-0.03825557540538315,-0.513371943102938,0.41305839027221014,1.003937589638837,0.0032094215697597776,0.39461378102194283,0.4230792500143085,0.298042341968573,2.2040748412380617,0.01604127522105314,0.31852721611138096,0.194748127039781,-0.4797630220374874,0.5709056515164445,0.0007201917630476327,-0.00012009293714654312
2023-09-26 00:00:00-04:00,0.0036457371069342666,0.7080658106781629,0.5930048030628858,0.01655912158568779,0.9252431473542057,-0.2997569550753275,-0.3435241845942977,0.4519035068881268,1.0002330202714647,0.0033931796278778735,0.2406455868742455,0.3836548155679618,0.30114566927856457,2.2135694671402417,0.012109900667565272,0.5219076481693535,0.19174849108876163,-0.47974397152218357,0.5577238532500114,0.000730519427738604,0.030572819184562894
2023-09-27 00:00:00-04:00,0.003216959441670038,0.8978398940124528,0.07097518031270234,0.02464285350981213,0.8411132397292693,0.12096585525044502,-0.3375476352323759,0.46872829422814444,0.9718363295651008,0.005441824882118003,0.2346782363003946,0.3424322148957083,0.29901454886287215,2.1514941389896793,0.007416727810299435,0.7143928958899278,0.19309433277306148,-0.2887576494787947,0.5547028980567393,0.0004762013753254008,0.012847503368585311
2023-09-28 00:00:00-04:00,0.005626927886961474,0.9914968516614021,0.638660056058856,0.020243428217493597,0.34446349333698695,-0.06800476302789148,0.014532961425008406,0.306921043837646,0.954012193163014,0.01758440314970249,0.3050618713109399,0.34002428030911286,0.2745347084324762,2.139443335294462,0.015628196525446933,0.7514318855127279,0.1949236957200984,-0.33815217227096445,0.5522416528641924,0.0,-0.005650389778772746
2023-09-29 00:00:00-04:00,0.002898948060349462,1.0455217114808841,0.9114289365866801,0.014154150816358329,0.0013785714342303545,0.10074378963207867,-0.3024894589133186,0.13525822217737027,0.9362854532765799,0.022050702883076485,0.21669509415025426,0.34319927303083275,0.2528470127230375,2.174634139070926,0.022721443005524946,0.6405966678183591,0.21730166895240854,-0.14612787834682128,0.5341314862849335,0.004603009422960488,-0.030035937648771438
2023-10-02 00:00:00-04:00,0.005133592803806177,0.8761533653090203,0.8081563496385428,0.03431434844421418,0.15237095916759236,-0.01215735344714244,-0.4229439907924346,-0.1052362552797677,0.9753707357166912,0.02155115404129667,0.1818537522072568,0.32303151145776915,0.2466044050943217,2.142500186206319,0.020860311715560673,0.5428009814590378,0.18155708101627796,-0.3188033012523249,0.5183606113889662,0.007211849921815895,-0.008010485977952286
2023-10-03 00:00:00-04:00,0.022320635762934145,0.6902672611923543,0.028847204794033795,0.02659958357363724,0.19928407137051352,-0.7875794422545638,-0.5773113712923978,-0.2092094413521746,0.9915052956327214,0.01989729307797853,0.1397305276064249,0.2738963380771399,0.25435037007183936,2.1401962470895426,0.01941063562454381,0.5012265154514004,0.18874541420991964,-0.34184829545740836,0.44642556448748505,0.012820509304597978,-0.009401006277276358
2023-10-04 00:00:00-04:00,0.008492043485715948,0.7011038292482294,0.6490401659160452,0.022160351059310694,0.14371771357024749,-0.9138770291447152,-0.9623104336434255,-0.3243257572534349,1.017709704475651,0.022319904873319217,0.16749182604288432,0.2232559790846344,0.24254473725261408,2.147717712767225,0.020010535666956278,0.4906175206106042,0.18807235209526904,-0.4095455946120979,0.31839147871314344,0.017437665409020718,0.02177868924652726
2023-10-05 00:00:00-04:00,0.0022918961742671865,0.6155595835730208,0.9354617205328456,0.03266052806049311,0.02599359250407981,-0.9723174888010344,-0.9645006652505178,-0.3429354167623868,0.9945989195071155,0.027996939331800905,0.20093553314156956,0.17924415120354237,0.24055031654442663,2.1020117625454224,0.02398234662805868,0.49353140440007137,0.17369971069556653,-0.382409037738078,0.22831922866252632,0.0022018385954225145,0.03929499084827359
2023-10-06 00:00:00-04:00,0.012011370885012614,0.7014279317428382,0.3829854620656885,0.046561124007590486,0.0018647149299367896,0.04134411902865253,-0.07208468329047978,0.12008006031513047,0.9489153943587743,0.026112440464617886,0.18090532477923946,0.15981155719909623,0.24750249393430723,2.0229837311825376,0.017417349666146456,0.44128235320552694,0.19135577129572684,-0.19368741116059493,0.2298008636921403,0.005790657968087244,0.020852536567507407
2023-10-09 00:00:00-04:00,0.017229913619034923,0.7007502045672124,0.451398067629084,0.013565576185758578,0.017359402761136233,0.7293793797262552,0.16540202391909556,0.2819250141374621,0.9041206394597234,0.029992501487674236,0.16214624766523536,0.16432379284691767,0.24908038854028705,2.0187069118923997,0.021896003709711977,0.19007146029138208,0.1896100506739548,-0.21677835016307212,0.2915717334035417,0.0031912170768354556,-0.004040297504684931
2023-10-10 00:00:00-04:00,0.010168896481078745,0.7499020716687014,0.8597758306049356,0.018799051077983832,0.10315967995840669,0.5517685632575727,0.37407066005219375,0.20322316360016882,0.9047667203423468,0.04216002920929741,0.17067688692586408,0.16385174681417658,0.2442732779786934,2.016776292481977,0.03333930683329683,0.018383619872606942,0.1936054099645859,-0.10910880930207874,0.34347949028783337,0.00723901968700642,-0.006085405793661791
2023-10-11 00:00:00-04:00,0.007966560889153151,0.8008880961892356,0.896736081117615,0.01999320868608695,0.1482492014386795,0.378864152876328,0.5631372383756017,0.20500256463039043,0.9177374584437664,0.04577106055126172,0.13974189654109054,0.15810264667633384,0.2537495664480055,2.018152799519906,0.03449194586694056,0.021333389271900254,0.19608153905743989,-0.15405045504728673,0.37623208206450354,0.013858925793715327,0.008163427427222425
2023-10-12 00:00:00-04:00,0.014919042188386909,0.963989036879744,0.5759055812353995,0.014905146016415346,0.2805207236363914,0.17791649503204732,0.6670698208500074,0.1510254129200266,0.9173420584134855,0.042701201142968694,0.21409253693480798,0.15083871574482113,0.2422259377048451,2.0155064267529657,0.023196917629454323,0.12347438755734079,0.19445956485149868,-0.11044895210158275,0.3450390730968397,0.008017153388050919,0.0
2023-10-13 00:00:00-04:00,0.0032917696923897856,1.0184705535465837,0.2623764471890541,0.011699113341094977,0.550891673127155,-0.6344032128111035,-0.346647384674372,0.15830061808047632,0.9321957754277745,0.03034111289572617,0.2332848755792789,0.15060074698018797,0.22259797285873809,2.0388331462164913,0.008262061458258597,0.3256377362145126,0.20587956191374734,-0.11038263285278661,0.31217793187462817,0.0005570520597580007,0.0008997132064958446
2023-10-16 00:00:00-04:00,0.0009836546237922158,0.8002495610047802,0.006756217752043057,0.02087065668350613,0.7659687981855942,-0.2893382051087781,-0.5912421760137601,-0.03206275395873714,0.927117756203159,0.017506953695065143,0.3051689712952231,0.15801148938717724,0.18430032142651168,2.0430416530969775,0.0038903546747643585,0.4547916950270959,0.202823379983279,0.2682843190527345,0.2809522404505628,0.01784107146419059,0.006629152151307771
2023-10-17 00:00:00-04:00,0.000551835798826724,1.0869962333458905,0.36373077425419575,0.0441127002662623,0.7272990887828871,0.5661235386791154,0.3690026765930129,0.203167970179323,0.924670062671089,0.01923975762138686,0.2996070213970886,0.16177729424284779,0.2129623104873639,2.0017207206804857,0.0036286537542908194,0.5712646809004437,0.19785349266304722,0.0678328878542553,0.42035982590050686,0.022673664003814695,-0.002455638479904043
2023-10-18 00:00:00-04:00,0.00031994276935749284,1.203564658281867,0.840208683518909,0.020916748006981834,0.6436897809476582,0.5898279176277865,0.548642334634195,0.1915113987989676,0.9209459716162813,0.020441448787612795,0.6491168823871876,0.1701490458240261,0.20989598489469666,2.0049741099472382,0.005520196113723732,0.6585539874223626,0.20476796659408167,0.15411308233377063,0.45718552444912774,0.015242576640487527,-0.006713454227466054
2023-10-19 00:00:00-04:00,0.0002553198233948735,1.1663463818759576,0.6665496139060985,0.02071843281012579,0.527236057522905,0.8033806550379021,0.7978643014663197,0.24922115429326036,0.9320928102956629,0.01204691553480377,0.7878345884482514,0.1718822765535437,0.20480254288146826,1.9928328176717494,0.0034251872875329364,0.6941431016336433,0.21245343814697834,0.23352297800702243,0.44652665363745375,0.007206389001713464,-0.008448887341061417
2023-10-20 00:00:00-04:00,0.0009591080275594372,0.9237467851331589,0.0010664478142705562,0.01429693365853803,0.38609827231495164,0.7698068698604567,0.804411280133056,0.35005730849396166,0.9269475483738744,0.0024238969920497206,1.5562894296960987,0.171055916980382,0.16605921018975683,2.001532366824284,0.003851816398453175,0.6700938443931401,0.22754822040533262,0.28577561474306534,0.4309397922184174,0.004615513050361161,-0.0132925528297817
2023-10-23 00:00:00-04:00,0.0015088552879344926,0.6177076609936571,0.520149386810226,0.015599915182276318,0.003658614468784304,0.4604034121077737,0.5814312708175494,0.385546718701277,0.9659623961021774,0.0021518423242303415,0.8662959416675742,0.15583215744860024,0.14531659423018914,2.063016553023186,0.00701740722316672,0.5955495300057433,0.14778517013120054,0.2848529256486934,0.39729235385823697,0.006882294930268238,0.0009212527699473672
2023-10-24 00:00:00-04:00,0.00064261653440206,0.7369610419110549,0.9388337616772102,0.018009822986400383,0.15983401287558033,0.7244927784507197,-0.7358405599128185,0.45873508141486985,0.9634740231060006,0.004912578380574073,1.3698465515088138,0.14529326475457036,0.16197020467718556,2.0644218463399993,0.01282112156911795,0.4702585010587384,0.14545494847161816,0.2381156115447458,0.30141888699631975,0.008662967139512806,-0.00322103496554782
2023-10-25 00:00:00-04:00,0.0006637168010472205,0.7299779333392882,0.9366218007980658,0.023413301731136253,0.36675778972465983,0.37787195751575253,-0.3625848649546466,0.3504679748924899,0.9678480515436756,0.005446912835194472,0.27586573297026834,0.13384131288435466,0.1529943142907067,2.059216200240881,0.012821179556973575,0.3409747687737894,0.14072299801207794,0.22251806904303797,0.26884745642725,0.01606796246999759,0.0049624679648392345
2023-10-26 00:00:00-04:00,0.0010482995628686388,0.8445280878895303,0.8511954044358248,0.03931204589169574,0.6959597172726738,0.03045100780122015,-0.49755417122740814,0.3891891107959522,0.940716887011422,0.0035517882910203404,0.3393602161187719,0.12035373721386522,0.15872988356658477,2.125065159797416,0.010489774047374594,0.26582247781706814,0.14336033974624454,0.23531654382138933,0.25699027365636906,0.014274028352390071,-0.014813985770786853
2023-10-27 00:00:00-04:00,0.0015166506675854386,0.7682575143610608,0.37933501381118623,0.028842801352085033,0.76343639620923,-0.2400960747044853,-0.5248741127679201,0.48441208227645466,0.9725727938084924,0.0030009268638496694,0.34087268552312705,0.09791892090349914,0.1919626618429104,2.138792218911451,0.006224244458736433,0.24925872512685526,0.17160873974612803,0.2465337940264908,0.27665152749721705,0.009268858023246106,-0.002214598097280307
2023-10-30 00:00:00-04:00,0.0014049829375295463,0.8070933758333634,0.37230328905215565,0.01688360213329641,0.8633657510101764,0.15466516034941996,-0.2609888773998814,0.5113762432715758,0.9903931320189591,0.002294077398155726,0.23893293007618419,0.07483335730861754,0.1894483307105765,2.179310993127628,0.005963682441269687,0.1685796076705362,0.16447574374089735,0.2883529777453826,0.27199422119515937,0.009731525643630015,0.005607360257985805
2023-10-31 00:00:00-04:00,0.0012349565750785145,0.5564848041726919,0.6817667504192587,0.014828530859849195,0.9124677762785873,-0.06987783482395687,-0.0973816358792376,0.651367942830102,1.00252143679367,0.0016743478782523184,0.1924340268161498,0.060284262887175685,0.19273031973794263,2.2066676544231765,0.007830558819093584,0.0502487275790352,0.17798812414271936,-0.2167369483814833,0.24956608592188279,0.007066735548055606,0.00964231376954272
2023-11-01 00:00:00-04:00,0.0017446897175907967,0.6240275223718175,0.4541769728232895,0.05068180777809841,0.8413606372432463,0.4401328773476312,0.3043945601234962,0.3704181382239011,0.996374845139062,0.0023631431827673974,0.19613668261110623,0.059362154511811885,0.19553972508740902,2.181044782011145,0.00707276277345054,1.1584638692056767e-05,0.18276660060642363,0.004050257887210279,0.22714493138787414,0.02977275848388668,0.020595907754939136
2023-11-02 00:00:00-04:00,0.003685293819998919,0.6443665264184099,0.0001404631074343991,0.02646410453858965,0.5622972568857362,0.3787194383660908,-0.12178990205548294,0.1758038165109299,0.9827613154897334,0.0038248867138203973,0.26115043938826715,0.06601416183803835,0.19457217086002515,2.1451417797757535,0.007517883116034882,0.12114302525711702,0.16712547636577535,-0.19645138060226497,0.31084930561598334,0.0029916249600138592,0.007440927158391952
2023-11-03 00:00:00-04:00,0.002771925746800643,0.6825513735031895,0.7904599542528423,0.014691012509743126,0.001714097911914718,0.4283841455630614,-0.6721775521523974,0.12236180060929441,0.949275904912156,0.008390217387062903,0.24300125852010174,0.0895741567697988,0.19377940176636743,2.1822066881890003,0.01418980706411412,0.368422059422657,0.15838846409635607,-0.384638426928615,0.3232840428497214,0.005943689471572245,-0.04632961836250815
2023-11-06 00:00:00-05:00,0.000965480951496324,1.119551999096759,0.9582801135876812,0.04748476100358969,0.25732692645524496,-0.29557366696204573,-0.8027893265824931,-0.08155007734519193,0.9899151458191049,0.01032717165480558,0.20270916555918497,0.09987905182127786,0.17866351524586366,2.074409653637091,0.019218538597264766,0.2799225051553134,0.08433433464850805,-0.5223434388977676,0.14605447031904054,0.003834919391397019,-0.030861352689052546
2023-11-07 00:00:00-05:00,0.026943646712910108,0.821053724824349,0.004382321422108928,0.03662443838678608,0.04631903762801585,-0.5963046178342599,-0.43903810606843646,-0.30609039507621844,1.0139832536678712,0.016722876196424277,0.23723266608974147,0.07584117136830228,0.14834389282735816,2.004856159695189,0.02111100922979637,0.3317938468487612,0.0999355756333413,-0.33360444276750084,-0.02788723198741072,0.01303779113798425,-0.014408334929859046
2023-11-08 00:00:00-05:00,0.034794612123251176,0.812267425133391,0.48804622768337935,0.01984171908876335,0.04429472884890455,-0.22823717242847558,-0.6145031280966468,-0.19942578323305388,1.0109948230260606,0.03437713211091247,0.32673991943683944,0.035151341455549004,0.13669155697945626,2.0055977582607203,0.03369917141384175,0.4116821698515265,0.10987262133365183,-0.31690244774410087,-0.01468612822494976,0.00036517076980728297,-0.011179518266675403
2023-11-09 00:00:00-05:00,0.011002031872244994,0.9455600101114799,0.9045691326350358,0.019061047686613847,0.22826442482557371,0.26206863074203507,-0.5686961111090768,0.12860831359513716,1.025966088346377,0.04760020776927798,0.7018249309425894,0.004603002261926715,0.16323419954049032,2.0001542984517666,0.04413792208628744,0.5068524668131259,0.11754798977228886,-0.21199509029025143,0.14411449047380798,0.0009193055474243462,-0.017393442448799368
2023-11-10 00:00:00-05:00,0.010751211762992112,0.796325290063824,0.9094855334094207,0.0358642766505113,0.3844201622765986,0.16755296841189174,-0.3985855248445398,0.0012129543678475975,1.0905299325155313,0.05521940923561221,0.30358629258491837,0.003011585425045906,0.13408361926349133,1.137470140180329,0.04519597405519194,0.5648012695723297,-0.10060218435905316,-0.27758734286290593,0.04304882065204791,0.010123453022521284,0.011632419205840794
2023-11-13 00:00:00-05:00,0.002092631604870343,0.6878557232328605,0.9576944803957897,0.018964399427685973,0.6019578839356473,0.5874655824365954,-0.3258998522690767,0.16991420654714817,1.0739905689037783,0.05023779110491679,0.576788944474603,0.01806881819863434,0.15465607116262298,1.138734055495667,0.02899789980377763,0.6148337587586327,-0.11227588912908608,-0.3684567996633558,0.12128902226392917,0.008484095972926663,0.019122726269114043
2023-11-14 00:00:00-05:00,0.003590987123395082,0.44737125490332125,0.7779151312609334,0.023331287722786025,0.7516938712571292,0.06841310784804075,-0.41439524642729564,0.27239054291254616,1.0642627466515417,0.03531779348048587,0.5245254935135693,0.0393991409993327,0.2405097220681437,1.1420907729973142,0.01642301416147436,0.6577012021273329,-0.09325777047034299,-0.3967762650136498,0.2423543388043126,0.0018715099566214031,0.0282218650044741
2023-11-15 00:00:00-05:00,0.009023015602733529,0.5346779468841936,0.0009707071072635277,0.033616497454942586,0.7456722102191609,-0.06849937121324304,-0.20430354171259596,0.3004877918449253,1.0265833403304432,0.035049757264984126,0.28025086199693056,0.055109508160681504,0.2305728459985777,1.1274624483174929,0.01210455293171217,0.6562082962503442,-0.06443448519532888,-0.2847500888828622,0.08522359850383558,0.002832110948552421,-0.025465254993163988
2023-11-16 00:00:00-05:00,0.010967952997118969,0.41751778145651736,0.6320996177997927,0.03409786510275653,0.4934708063355962,0.0004948829375836445,-0.39628607006616745,0.20111952255961413,1.0390890310970367,0.06464370603783351,0.25723583924254995,0.06537754257680255,0.19963104172703858,1.1163216344764275,0.022277221241717052,0.581959764612574,-0.08393344535658973,-0.2431514956525784,-0.03860172848367818,0.009464855534953732,0.0055464090230012975
2023-11-17 00:00:00-05:00,0.0111729249885698,0.6375396625093666,0.6219120017329425,0.017404071977949895,0.29911703514444776,-0.22362866715553092,0.015190166971381232,0.2589433237876296,1.028732380817946,0.06341709725322742,0.4099691750090271,0.0940263460976309,0.21041987134621262,1.116502785923927,0.022118174657002696,0.5662673629442427,-0.09059963942306044,-0.2869538450386429,-0.04263380819494812,0.004779990282550324,0.002206669965371777
2023-11-20 00:00:00-05:00,0.012432565253279286,0.7946554280198681,0.26358800560233847,0.018709954247109507,0.03171336720514802,0.20199179665712405,0.1079675871808972,0.3497681207039936,1.0338756718150812,0.03146733264729614,0.42498905989112923,0.12668170922601577,0.23085855422372997,1.124717081891601,0.016699504686225407,0.5391199446956487,-0.0863877400426421,-0.07527807884536983,0.09206285360516873,0.005415987488694128,-0.0011008552371833957
2023-11-21 00:00:00-05:00,0.007430032028861392,1.0355571002294341,0.00019519171933846878,0.023710299523613795,0.11142661741878092,0.20438438026959502,0.09303057317306722,0.008445290840154948,1.0391487134342436,0.01678968062099374,0.25508336210823973,0.15606439804835504,0.21815306134455,1.1290456872584116,0.011085634482563585,0.5212352639826905,-0.08656811359123057,-0.14949862583570367,0.06987871474867995,0.01733857253945251,0.0017139137681647654
2023-11-22 00:00:00-05:00,0.004407199330060866,1.5325289839440999,0.24733995465305356,0.034332560365603525,0.3495495808376373,0.051976810421479884,-0.46187605581036784,-0.18637100888928929,1.048173075818608,0.011815301607382428,0.4376783727546916,0.18438007299299505,0.23428830999174632,1.1396681807516598,0.009831796590653358,0.49106368765310504,-0.08090788926062338,-0.22433829648397774,0.1608210621911989,0.005597673238695508,0.004156190294249296
2023-11-24 00:00:00-05:00,0.00019187020650028304,0.6307016481860305,0.7117343041692566,0.017546016014426933,0.4563644635374783,-0.9175528781989063,-0.8572695813288316,-0.301630413085436,1.0612399423919194,0.010268864500462828,0.9377961931108892,0.2044137646520215,0.2727756498006953,1.1662920180351506,0.0033079400033733737,0.4509343771620709,-0.11113975092275885,-0.32491470979966364,0.15608125178788237,0.00036808318155686677,-0.007181945186832461
2023-11-27 00:00:00-05:00,0.00010829254838307716,0.9350223150885644,0.7479727776357903,0.014978529974388971,0.436639379019725,-0.9080922352457026,-0.9576633357554756,-0.37589912489832417,1.0739081588472172,0.010485650339494555,0.2605905068593845,0.209994146136851,0.26750413984710486,1.1609363214305568,0.0026674179022509767,0.37795097620994456,-0.12105339217546943,-0.21605174772446117,0.19289796642987275,0.010558632812448857,-0.007111000700599113
2023-11-28 00:00:00-05:00,0.00045158935120450256,0.8078534487408613,0.003227048748955353,0.01637336752018186,0.17504312176401088,-0.8155440991916301,-0.7481159486899984,-0.11441444983716416,1.1067358412724555,0.007844893559764834,0.2673874903916488,0.21525878854116368,0.25502245680586505,1.1827228762312525,0.00274877299661992,0.3459779075567209,-0.13330265511321476,-0.1685558198345907,0.22442666103701944,0.005865143919994943,-0.015004027370033257
2023-11-29 00:00:00-05:00,0.001081462255444277,0.7590788062887339,0.3630959083118889,0.021840475819593447,0.026977034821772643,-0.5368580379723851,-0.4257611500438123,-0.19612827750135228,1.1049217656272654,0.004557890711111386,0.29862345725969425,0.21017549993660384,0.23801307510542746,1.1883900590796583,0.005361873802007461,0.3264057536273639,-0.13021177788360708,-0.06709174374193413,0.2370299789632454,0.0005521247723350506,0.006832441338817441
2023-11-30 00:00:00-05:00,0.0016850405999527765,0.5147421510879174,0.7909928227331172,0.028791258899303247,0.4178231924084496,-0.7250415650054484,-0.13698366997134453,-0.3424196170990015,1.0929726779231805,0.0047383120985885355,0.25455019847482613,0.2187501544751166,0.20106127402938362,1.1806307800980473,0.011643777789839507,0.31573103689241416,-0.12312595205811355,-0.2768596239741077,0.2051795378018909,0.011913614577540036,0.003610892372826413
2023-12-01 00:00:00-05:00,0.0014450793304547043,0.443508526861904,0.8265106196372134,0.01688553503003957,0.35283954108151416,-0.6838777888491214,-0.10202315444840841,-0.5925205902464223,1.0796775470948639,0.0036686394028089585,0.38815300794772933,0.22519209121887296,0.1922848626905692,1.1963199409103802,0.01181397473151288,0.26029955568662866,-0.1291405414716515,-0.36558392828144143,0.14027466342871286,0.001876096337833308,-0.02828770197027508
2023-12-04 00:00:00-05:00,0.0027588341274301055,0.7244491345412692,0.36496759676780977,0.026494231874966818,0.5658250614340575,-0.11248400916754739,-0.20837382237817625,-0.5581276540241003,1.1218845279434067,0.00273959818731867,0.16099480873862432,0.23369128377523493,0.16494884455525408,1.1766276792707038,0.008655310315823627,0.15920101118591032,-0.13244288927461967,-0.27243066510188935,0.09709277550090038,0.003892485697759033,-0.0246422368912812
2023-12-05 00:00:00-05:00,0.0055309002654911395,0.6064883494586825,0.46846275914495433,0.029266759846950544,0.6960575532358672,0.4773282850483718,-0.0029363328418147766,-0.30595752120552394,1.1363205371204554,0.004620691634588209,0.2514306467547071,0.24647254503966737,0.17463063416548974,1.1620615288288676,0.013563347340833868,0.0982667224675763,-0.12122043925394327,-0.08881203093135925,0.11869003699572611,0.0,-0.03194148822809928
2023-12-06 00:00:00-05:00,0.01118256488692119,0.7493493903904895,0.6309835601549013,0.036622298052720624,0.7443160583719886,-0.4081302044184125,-0.3933747753421135,-0.5014484424654024,1.1842868730748786,0.009339059859338127,0.19560693491623402,0.27105695470069213,0.09735837529388623,1.1539992126860068,0.023525175449625412,0.11104550358075524,-0.16547777828326618,-0.35301653101718294,-0.3146292408560462,0.0007903774957094743,0.0147396325592144
2023-12-07 00:00:00-05:00,0.006151302107906521,0.6229501613248501,0.9199635773481848,0.018159786664302183,0.7922454384018015,-0.4881824184036236,-0.6110625589660117,-0.6263511059429331,1.154513924933039,0.01602213558414758,0.22778849269757598,0.2926028119559875,0.04557676604331148,1.140395578231697,0.03719181710636102,0.20318120336828752,-0.1688832603873064,-0.3157233220722197,-0.4709221783389271,0.006322217036067316,0.00013324664063030234
2023-12-08 00:00:00-05:00,0.010178119952421193,0.6714900836423242,0.8532545385717185,0.027807395761727412,0.8564455038538425,-0.6860273890252915,-0.5811134391773956,-0.5549403540025641,1.1580648179959387,0.01303516338780465,0.3197124291365549,0.3175611601431814,0.035136669972955545,1.147330307777511,0.03532890806626957,0.30899736517005055,-0.1698263607242521,-0.2794481847946011,-0.4621574656359316,0.011176209770578122,0.0006662542758455459
2023-12-11 00:00:00-05:00,0.012381862741055195,0.9982039344660868,0.5534228505494309,0.031054296725054907,0.852944790398086,-0.42555733818366387,-0.57921892004372,-0.26160428673170094,1.1297925801074737,0.01321933936070427,0.40218920847856726,0.3390453639158914,0.04640945437984989,1.1826770291680513,0.02232949433004257,0.43992706162782,-0.14892211304695194,-0.45435069099852393,-0.40454672586223117,0.007899779971664739,-0.017842869997446997
2023-12-12 00:00:00-05:00,0.006960475287125709,0.9798264602220728,0.07319835576279682,0.019538704220266472,0.8134891985428874,-0.7008856427203156,-0.8775779142545186,-0.2782699690247198,1.1480291372382878,0.01569039433437886,0.2739338304882301,0.37353007413230377,0.0075553046142384115,1.1507805765750994,0.01172653508883892,0.6333398435098055,-0.16181432773983395,-0.48689413455737895,-0.43020932145089347,0.007598338965834929,0.016133302384619297
2023-12-13 00:00:00-05:00,0.004351652963113352,0.7988209950236127,0.005778288019616247,0.02539274232111321,0.8014552073647281,-0.3642063883473023,-0.30933275735345683,-0.3732893552303407,1.121720098982678,0.015798470791264695,0.20169743790435976,0.4099757883063831,-0.02885017049541629,1.1249449552995499,0.008880835386701544,0.7807826518920892,-0.15620870993114644,-0.4050393596126819,-0.47878620216892004,0.008599601006617235,0.010940885345064544
2023-12-14 00:00:00-05:00,0.0026778448997857233,0.8380561614628345,0.1646803268909163,0.02731516280344501,0.704633248255739,0.002227030110739101,-0.335121699736517,-0.33568124502642294,1.0983102661232944,0.02057386491002679,0.20047609929249216,0.44766865922714016,-0.046257859813364256,1.1102982513180444,0.007559129558514564,0.8382382683587486,-0.16613992026156177,-0.5162699306608459,-0.4854170078011595,0.005463073223682855,0.0
2023-12-15 00:00:00-05:00,0.004768179175918568,0.8426536704392003,0.07856693448808152,0.016308716345740437,0.45088051265900525,0.36299563261708206,-0.38526792430589507,-0.43082888951578485,1.0837638898256958,0.02655525410241801,0.2240086357165831,0.4892852952727085,-0.10358759959964793,1.1350048817969518,0.009603948471035876,0.8103933313309672,-0.14885185854365554,-0.38338569023681546,-0.557121318144798,0.008883561193471173,0.006994466915724251
2023-12-18 00:00:00-05:00,0.0038554500048832343,0.6697355229234493,0.4139041853532295,0.01736196336605559,0.13635164610525155,0.10741792557692155,-0.4276772106491612,-0.2763240707192344,1.0680376432285434,0.015836212957525624,0.5131656760512718,0.54070842475924,-0.10296209804938089,1.131166994463419,0.01079058822747846,0.8102954342452899,-0.16461054351990012,-0.4164099894003346,-0.6007072928124612,0.002461809285500908,0.0081259487484866
2023-12-19 00:00:00-05:00,0.0010935565324873887,0.7451664420450259,0.8845322625839867,0.02237731407556484,0.08373830977557686,-0.1777838853461925,-0.2830978684664879,-0.29023410917896453,1.0725957025722261,0.007752818487379502,0.44748552421933263,0.5966697514066056,-0.11087479273854126,1.1259533358455724,0.012895102158291687,0.7676680675695227,-0.15536207662997273,-0.6042327018912463,-0.5863779810354168,0.006713204265310421,-0.022620827179885228
2023-12-20 00:00:00-05:00,0.0003195875139096139,0.8789974497801074,0.9390017460683286,0.03331161495671111,0.6365790781732809,-0.5148738193128859,-0.48387243640541966,-0.16051365875088383,1.0972884641172107,0.003819863588617187,0.32630932677395236,0.6387752231597307,-0.13782979789337096,1.0888796780928096,0.009701505967606931,0.6833386968384388,-0.16668575569135125,-0.4077987077228867,-0.5644464010458323,0.0007807099516593571,0.02859807839631645
2023-12-21 00:00:00-05:00,0.004102352271397401,0.8403776565211373,5.2674396644647646e-05,0.02642706120421651,0.33590909510176487,-0.5811778852157438,-0.5136653154237271,-0.13797080616835886,1.099395079258805,0.005304950615432406,0.4476029227334898,0.6858101793881669,-0.1399121067283023,1.087586608181272,0.008464630690625714,0.647422036067331,-0.18809003932519333,-0.45383827316231373,-0.5950725200825153,0.004360489293393005,-0.0006466103748240526
2023-12-22 00:00:00-05:00,0.006181347716811447,0.8246496755523706,0.13420132964521378,0.01709401287176266,0.5170450065201243,-0.6739173537494024,-0.5940353055484546,-0.21089898096766108,1.114240040413164,0.0056791301926987165,0.5343272580820628,0.7006714046806612,-0.1307850012365428,1.1018024122924757,0.011170013191074274,0.5111659206523402,-0.17936360763826684,-0.4792999681071094,-0.5458132950202769,0.009582981767308455,0.008669715929205735
2023-12-26 00:00:00-05:00,0.00627496383776508,0.8645230414791345,0.17531039652435548,0.016070474402769517,0.6362679844153356,-0.822542667328072,-0.7399087210810873,-0.4918735565774843,1.0984211505319705,0.005088900996718666,0.46513699222296934,0.7066177956736405,-0.08537927900046607,1.0987354094434143,0.011481705915149753,0.3627497236307185,-0.1879717699389425,-0.5059871795423618,-0.3726803945552222,0.0010368303169737956,0.001924402230309985
2023-12-27 00:00:00-05:00,0.006292609198118297,1.022977277696849,0.39461288084327867,0.011161036313570462,0.7486920917940263,-0.8566430512857596,-0.684601705794985,-0.6694473961150774,1.0633826653695904,0.004436971717465699,0.3725928459024974,0.7103628237250614,-0.05676788147105632,1.1312370872364437,0.013406869445363182,0.19109226715328723,-0.17419426722619075,-0.4152712730075844,-0.38591019577274477,0.0055163607698573555,-0.007426455524805586
2023-12-28 00:00:00-05:00,0.0030993220322503875,1.2821318718502197,0.762766884374107,0.01775903218684459,0.7357322793668875,-0.8587336289870132,-0.48109968809674014,-0.8225577409547401,1.0627569708168985,0.0035832909539079486,0.37901993967792436,0.7322983171978156,-0.04192700172197194,1.1340579006314857,0.01508665418984879,0.05481647060292532,-0.17325275972868798,-0.4882222111882079,-0.4349753962276471,0.0005109657320568477,-0.007481914082080543
2023-12-29 00:00:00-05:00,0.0009713176246625663,0.5991724876545506,0.26290459651217424,0.012886598191538543,0.6346707382856839,0.039194019709150374,-0.09131819866222725,-0.7149427946534536,1.060702067599494,0.003977829592004759,0.4482251801671549,0.763101232583798,-0.005182050811938353,1.146201247257093,0.00480946544362475,0.003529572159132506,-0.16361134610667502,-0.3701505356913622,-0.39868638589403343,0.001288738472707213,0.0006498879998491081
2024-01-02 00:00:00-05:00,0.0018871039733044188,0.6254565857331488,0.13568207885791242,0.021769839218301522,0.4265299391190391,0.28506396774577414,-0.02708753950834126,-0.6740249054827607,1.0830988753511517,0.005408486414266513,0.27302476643329376,0.8043579450567433,0.01712419420011933,1.1791674299469241,0.006188681118440426,0.02570026815428135,-0.15668108413674411,-0.4198284194455054,-0.5349521598472416,0.004431045697387978,0.012339317142152861
2024-01-03 00:00:00-05:00,0.0004464220794537028,0.7478828179328888,0.8346261845144098,0.02743661417562224,0.21083342719866394,0.6065177286128433,0.5998232768946452,-0.5863812215161909,1.1119386718314972,0.005957211011345793,0.16164576033481798,0.8262733903782984,0.0300576032901786,1.1828291254246692,0.006839326828026737,0.2722064218124467,-0.19660411160340097,-0.3450846929433535,-0.5986324632023167,0.007055146447193282,-0.012573992110821997
2024-01-04 00:00:00-05:00,0.0025386347065776567,0.5779320262415873,0.06406777850892421,0.0280493297142692,0.20704009715771213,0.7091614770096326,0.554384975838822,-0.5345162839450487,1.1495802263434893,0.006021392913881282,0.1594544572058498,0.8182284557096386,0.03151838293281826,1.2030372182236955,0.006899212535900769,0.6221581084934826,-0.19059569824387063,-0.33746773143004954,-0.6548143605116566,0.00329993823085786,0.029106156255432447
2024-01-05 00:00:00-05:00,0.001854316185127732,1.6042946854993407,0.0018120693105600947,0.05634355129509606,0.11171195376605614,0.9324450322009181,0.8789945877083944,0.2913263242171406,1.1125534263535943,0.0065314953278644726,0.33984807762406927,0.8078926071881384,-0.008931440223261117,1.3705008424095777,0.005628300361826045,0.709911500467957,-0.018863905804185142,0.5174372604636416,-0.1908964527935696,0.014703933322763759,-0.005618704911675487
2024-01-08 00:00:00-05:00,0.004411198905295635,1.5505452922147982,0.5178873386175883,0.028692687757511572,0.07707236330551276,0.8988081325942394,0.8608568947640675,0.7605805070096517,1.112031262805365,0.004818794297404175,1.0152278204791518,0.7810065392840553,-0.014355176078506796,1.3692612316704689,0.012526193248212424,0.7115405910511112,-0.01198195473235992,0.7783714476586691,-0.0880269526489121,0.012738006281783286,-0.0051426083940289136
2024-01-09 00:00:00-05:00,0.0042908294480462714,1.4603418401731683,0.5581746311947743,0.024404055192977375,0.17320562663391995,0.8759220323549365,0.8609055110216235,0.8073275567081967,1.1269044777425867,0.005314127646505065,0.9879318368289158,0.7577370692661273,-0.023501645659936576,1.370356206787468,0.01293838118675107,0.733269902584343,-0.006112152231460621,0.7736025496660852,-0.024444704786479234,0.012548809505596264,-0.014932927706858168
2024-01-10 00:00:00-05:00,0.005380938995400834,1.3755912392691019,0.23359490970221597,0.019001198722955543,0.17255565655089647,0.7937350012878083,0.9120654426771545,0.7832520615128756,1.143987561292919,0.005394674480497548,1.1499660680085964,0.7341951130048444,-0.013699905952124548,1.3401635715355038,0.01108412928956746,0.7270242351117986,0.0002613098722582356,0.8443208065376488,-0.027130123015596832,0.005135467056276059,0.03161433514424972
2024-01-11 00:00:00-05:00,0.008904780127412191,1.0652105990996388,0.004369561342865823,0.05489557737448098,0.07782311280650209,0.8965480837838598,0.9486662487713808,0.8902820788522092,1.1099272111702232,0.0062688377140080066,0.35622176165902836,0.7175983899163616,-0.015495047889354999,1.569497790992062,0.012317017892990108,0.6243687571922951,0.11702503161317201,0.9021643902250701,0.19348054549022323,0.012754836274741412,0.04081907958319242
2024-01-12 00:00:00-05:00,0.0076999329475566725,1.0906670242832395,0.015430796725623386,0.02212496532409655,0.35169350632647456,0.4352193777987784,0.36961698588936814,0.6974003283830117,1.0734671466412555,0.0064145270986934125,0.7401332589848114,0.6789795558233785,0.029762593662861592,1.5581572032269149,0.011289527880582635,0.6291201643789591,0.039342589499682175,0.5214192023141133,0.34516887162783655,0.013129124763042122,-0.050802472021652556
2024-01-16 00:00:00-05:00,0.0223590587872615,0.7599763793178994,0.48715034634647014,0.050731658935546896,0.5182065904972321,0.4442984608041199,0.21580591386961745,0.6668162006831047,1.1281435821791115,0.017044716077982653,0.5724185495536266,0.5995833400708005,-0.06621117271458221,1.5696862679543775,0.02735954425385412,0.5640631673853239,0.02674162557350357,0.39196856814777287,0.4198736314562507,0.005365883431783432,-0.02123063822277782
2024-01-17 00:00:00-05:00,0.03526151765061041,0.6467324325230549,0.21352353348159106,0.02042656785829236,0.3511069464428636,0.4679568544951956,0.2760995872166268,0.5924565565438833,1.1448762963354748,0.021397371929762085,0.9649567117032396,0.5667128332480844,-0.10518497458638146,1.5382801432048667,0.028044298706379638,0.5146359670376842,0.04084422593871938,0.42970305955954924,0.42748007752653194,0.0035971067891812612,-0.008312756919660047
2024-01-18 00:00:00-05:00,0.05486504380911804,0.6508123048835927,0.007872051955771684,0.020267604701221614,0.05907897998351779,0.47785051528286576,0.2570899751789301,0.48967394709702733,1.1447191374189312,0.03128713202185755,0.8363527566315037,0.5463637999527021,-0.13369295840702325,1.5247187773784165,0.0312761732367652,0.3366627627749872,0.03467246144254981,0.44321225785641954,0.48177105810295756,0.012212482747874603,-0.005370132669483829
2024-01-19 00:00:00-05:00,0.026964404586827417,0.8791586482470393,0.5823726723627671,0.01573413261666238,0.0027996154069113276,0.531942026319692,-0.7381784936219956,0.5093596695413795,1.1356012270584606,0.03885663290607347,1.0103847399955903,0.5301890761628705,-0.110034150822963,1.5352051618570066,0.033885960589768796,0.16590442481999604,0.04671282722549875,0.43865484406141664,0.44916129101836155,0.01448329358413589,-0.008295919903618998
2024-01-22 00:00:00-05:00,0.014405205964713782,1.2182940632880865,0.8169001720626244,0.02405569933490295,0.172450483165898,0.739514844021892,-0.4121089230831071,0.5335698287805435,1.14615581971184,0.0366498209756785,0.4847573487771123,0.5181020488117568,-0.11705607704868724,1.520627993925138,0.03756155442459543,0.05809326604955123,0.05135412997158308,0.26821174785922536,0.4250572156547325,0.011795883706383363,-0.005577061032331465
2024-01-23 00:00:00-05:00,0.00133265432836617,0.7042551854360427,0.91762947881179,0.018419611414112184,0.2873485152204594,0.969137836319833,0.720438622033813,0.5758240900549678,1.1488713373070396,0.03819314734120546,0.558238512843701,0.5080057020632986,-0.08957158720889058,1.517233088170829,0.017081069971006578,0.0018239284834237228,0.05354005929228082,0.28106861262652555,0.45512629170644847,0.009476763238456105,0.020697240056130717
2024-01-24 00:00:00-05:00,3.525540356370204e-05,0.7183073446151755,0.994725854934443,0.023779190583610173,0.417922452387355,0.9022779984759285,0.8714645400493273,0.6150959828246544,1.1311606705732395,0.03593862223939594,0.1632554277755367,0.49953585771879566,-0.10825497159795595,1.48022955763422,0.010867522827291167,0.043596863380776604,0.0730856479703556,0.31332072348810824,0.4278550345250928,0.0045117298902787786,0.011904659202912393
2024-01-25 00:00:00-05:00,0.004124026413138307,0.6946357723293332,0.04207357282749598,0.013393968451439822,0.4391851533439599,0.7628589830794061,0.810657537044945,0.658063384662413,1.101293152827976,0.03454016852891017,0.17863045487711113,0.47823894140915446,-0.0911307366355665,1.4707014275574375,0.00866998997520604,0.08338537307222244,0.06520032759629028,0.2772787158846955,0.42246242335529555,0.006554248706171487,0.002068490369690812
2024-01-26 00:00:00-05:00,0.005174499526291012,0.7968720654968334,0.41864529486302676,0.025586498627240075,0.47465481904695733,0.7061014114477367,0.7834781084365786,0.6781775313140698,1.0965859536225688,0.032252888693690494,0.15186222635046068,0.45129168032451833,-0.0669778715408703,1.4693116231388579,0.012453425597393573,0.08240251839780863,0.06465609883228664,-0.25305056537629034,0.4536039807020915,0.01978607406393387,-0.00038700147239223437
2024-01-29 00:00:00-05:00,0.002027080668476979,1.022819134544905,0.8472468615209483,0.016174609904364146,0.2783956151882713,0.5568510147942636,0.7881703766793462,0.7049465398046988,1.103161831371405,0.03985027712815667,0.17475804810508389,0.42196704447887007,-0.05453679685435504,1.4772657677484804,0.015208968067031552,0.07129758170218169,0.06377244486143316,0.18380590625235427,0.47822395738213275,0.010783105915679637,0.02116682444225848
2024-01-30 00:00:00-05:00,0.002617294315586777,0.8036552229458487,0.7773740371784356,0.03156254542928501,0.00021182239296416733,0.29291613701450075,0.6930168369821272,0.4788641307652005,1.0907119554108182,0.013552899950142744,0.156253937269197,0.3897729847678779,-0.046729205025869955,1.4620193233568268,0.014166068261137114,0.07612752290331255,0.05698394695983238,0.7406686734026535,0.4746527749453891,0.002727615148713673,-0.025404594232652955
2024-01-31 00:00:00-05:00,0.0017404260367894625,0.7586977072389796,0.8060996460639609,0.02817083443366493,0.40468650986476096,-0.17466072089842466,0.9304136738247533,0.11917637589090713,1.1421931107454895,0.009710134512612776,0.25114878373206967,0.33705576832468653,-0.06963153152316774,1.4596449621107963,0.012538259661263986,0.054172392398854546,0.08263594161239872,0.6894255921497083,0.48457123715774897,0.0005053172521073999,-0.0023341609885852987
2024-02-01 00:00:00-05:00,0.0058780569396771915,1.0247264399314293,0.049674232612088885,0.021481343251512873,0.5264687791747286,0.3890195192573668,0.7385592132068143,0.08574177478808825,1.1533842710537054,0.007783656764887392,0.17793012893672963,0.30209762441040705,-0.06857927481190823,1.4677138833106476,0.010420459394169447,0.08904516200690568,0.08370822537014262,0.7238197701847413,0.49353357338389575,0.006085733526786451,-0.004419833737360546
2024-02-02 00:00:00-05:00,0.0067270441484933215,1.0145257836671084,0.07757819752748124,0.019869237164266678,0.4736939211163777,0.6800752788053052,0.6140233435929925,0.16232513042007546,1.1048315898855454,0.008586999908577034,0.34056212161335053,0.2692868549379411,-0.058423823068498665,1.5161272118776434,0.011340062938249752,0.1032847600359265,0.13585473539273715,0.6928204282285276,0.54621778002254,0.004183002546721814,-0.016190036974833344
2024-02-05 00:00:00-05:00,0.005746783564329133,0.6842134439231582,0.4025450411047191,0.019314166455323828,0.281672878668696,0.28826223450911365,0.03384439405338574,0.18336878816415456,1.0883555084516772,0.011252669298558662,0.17835282831900146,0.23991156220612825,-0.11882879689624995,1.5401395840321108,0.013130229980666902,0.1649963355762491,0.10959014522615831,0.2207597876529809,0.5563736207117346,0.007751889806322984,0.009024479308996636
2024-02-06 00:00:00-05:00,0.00220011227096448,0.6743207839093227,0.8778865988647226,0.02001585756642199,0.002989766597877546,-0.03470034690079289,0.22667016751382663,0.0852903123786081,1.0630803709516943,0.015328585484993676,0.1958132917828093,0.23188653036337817,-0.15166505446362133,1.540254369656143,0.01788967307730605,0.18082502853318566,0.10581445972386266,0.24278256373270393,0.5044600454806952,0.011193127155499739,0.00013172846502507163
2024-02-07 00:00:00-05:00,0.001610877267762714,0.959701107198442,0.6788549629977799,0.02459763503743769,0.22016438651686568,-0.5444630289031348,-0.3039748320738812,-0.01521495645102833,1.0510571903753538,0.008797998203508689,0.26129648329731187,0.22507411379113748,-0.15370109650101363,1.5520033587694086,0.0094387321673056,0.17941300045040273,0.09666466189605742,0.041266836252190846,0.5309531810358745,0.013607234219216877,0.016175642571373938
2024-02-08 00:00:00-05:00,0.002188966050851341,0.712952612570941,0.37471105995219367,0.02312062285048442,0.5061800870623028,-0.49411150207307836,-0.4061666635209765,0.02718722841743401,1.016335802943263,0.005828436703514803,0.31427760380545927,0.2245201041153348,-0.13757247724652158,1.5637605943154724,0.007822179771286018,0.18297574769059946,0.1200405562462396,-0.006093959961138043,0.5376341683948066,0.0015854504255689054,-0.005694397772550541
2024-02-09 00:00:00-05:00,0.003946677922235675,0.6073157615000021,0.2041770440233577,0.010899234080853156,0.34325057076242044,-0.41647140681359524,-0.6395514077778282,-0.01682906050132699,1.0340465192529513,0.007749896144559769,0.2500345425413371,0.22465771933648135,-0.14260411065843012,1.5676600383474426,0.009336762720026237,0.18005170336795145,0.13117439423780392,-0.033844328935913284,0.5468990217993445,0.0057091273277350765,0.009501563799041879
2024-02-12 00:00:00-05:00,0.001195057168135851,0.597510086281794,0.7789051899774541,0.022144027909055945,0.25327773368417184,-0.6077512368101584,-0.29102607275886205,-0.08925819007499616,1.0439016100424152,0.008412373648430936,0.22328090903048814,0.2195046921772697,-0.13584279937872992,1.5733713748484675,0.009701531064890287,0.11087124264660995,0.13495568823515172,-0.07651894086158881,0.46124863467107996,0.00026047471591505913,-0.014569358211720118
2024-02-13 00:00:00-05:00,0.0011457585920180578,0.635671095582995,0.7580611292267039,0.018214955955781608,0.0740421936024301,-0.8139792481235891,-0.7676792510139653,-0.13781098654619084,1.0892318696434422,0.01070082318889128,0.18087750935263738,0.1933909837362101,-0.11917323378014287,1.587520406484647,0.00914778434107774,0.00015140882322723796,0.11260583214919133,-0.18359211428277475,0.24183593536188414,0.010929013278878687,-0.0075886163636375015
2024-02-14 00:00:00-05:00,0.003406977349504886,0.3323154689392076,0.07579404960544937,0.027719699967688863,0.020854054563869347,-0.8692935893287745,-0.9513694479686805,-0.5343377638322573,1.069611171172581,0.00480362498693238,0.12602583485818303,0.1647522646824178,-0.130735152541461,1.6156839271571946,0.008101707418016748,0.02672734929660832,0.1195364467941896,-0.5225500764219189,-0.06900486930328024,0.015036630170004433,0.02953198566697135
2024-02-15 00:00:00-05:00,0.001868699295205086,0.7022490475266383,0.5711160431294426,0.04061643754403437,0.01064088156682821,-0.42182741847352917,-0.8112808978271246,-0.240132458102414,1.0446918475550773,0.004924305451500707,0.14739692025188902,0.15186152162454286,-0.14076761898519258,1.5681379813686211,0.008680729045664434,0.0143489117717615,0.11527412854840284,-0.47798222745512087,-0.04183184021607889,0.007444164778581626,0.00819566053597498
2024-02-16 00:00:00-05:00,0.007290798698148011,0.6667011572367251,0.020721191821859566,0.024455873232088095,0.2516880777884955,-0.5469004491595352,-0.7353669295726892,-0.22438519781107436,1.03848605847157,0.0056617549197447185,0.15813036222880944,0.11499611283181196,-0.11715683214510819,1.5545846800589385,0.01130103848420023,0.044187066853024454,0.11196579511540405,-0.6271149677319425,-0.04670920839951969,0.011395639014555701,-0.013717940892270852
2024-02-20 00:00:00-05:00,0.009513905374517215,0.5794154099279529,0.2861813953713288,0.017861719506730937,0.5116389242490377,-0.5558802439713025,-0.7713649067489184,-0.39494807677872373,1.0517709676213964,0.006110705918684821,0.13857808461863239,0.07457978565319259,-0.07463987209955458,1.528590540947891,0.015225406411225955,0.08152404666303062,0.1110377652285332,-0.50563540414393,-0.010938584092611446,0.0014034270758634742,0.07984566532994308
2024-02-21 00:00:00-05:00,0.00619946096361186,1.495603433929201,0.5019539940787773,0.06071702489313072,0.3983872283229829,0.8470334035479202,0.7933688707505796,0.7497663152450783,0.9756705482925125,0.005648452209634172,0.27124481716010995,0.047861850842482914,0.06868950249122086,1.9090076535670912,0.014159398386392859,0.051645057092043915,0.2497468041429171,0.6635205916585043,0.6433751509556772,0.0,-0.00679794081869034
2024-02-22 00:00:00-05:00,0.026271691134666212,1.5005743466411203,0.6719625528575873,0.026718541115896853,0.4432409957710423,0.6712029594730776,0.8470216290972434,0.7134546378811116,0.9864313225078214,0.02946665919338222,0.6614151006785354,0.003429237465773641,0.13809597184186972,1.895108936195329,0.03603844673875252,0.12444298576925741,0.25934103155346,0.6590907463543115,0.5857352929940277,0.011658964381455653,-0.016210355528351483
2024-02-23 00:00:00-05:00,0.02672274765799862,1.603631529366395,0.6701066980317716,0.017245545689827505,0.5599859788720115,0.6742431401940308,0.8767121017718422,0.6410496288012227,0.9954839759926127,0.03423784029981107,0.8040918754736119,0.007420276839941837,0.25110065983493096,1.8751567590138116,0.03654150619604371,0.2219994585108995,0.2853056250919403,0.6970822456533211,0.5742547028512133,0.0122662397516491,0.0006102055341266066
2024-02-26 00:00:00-05:00,0.03624193745550965,1.6554962252219918,0.47414416160097705,0.015524188098348383,0.6603842510583042,0.5835987050616043,0.8893800505763846,0.49378602848581155,0.9878023262957653,0.029314936766912963,1.0210658848208196,0.040612920878885114,0.25657708438361065,1.885694767787817,0.03369554826732551,0.3211065215470197,0.28567790173116203,0.7236618274421743,0.4950271192118327,0.006331478020831107,-0.00048776617870949224
2024-02-27 00:00:00-05:00,0.04315519396209678,1.7628764955998506,0.19211891014587285,0.015269052199317337,0.675136739777008,0.49352211909122473,0.9299238159628208,0.4223839770006566,0.9734561321335532,0.02853709219271048,0.91733936943866,0.09330182303125743,0.25882088790966035,1.9056705587167309,0.029672144279923412,0.4187903470046005,0.2828275443847829,0.7310877999257699,0.4574779550725118,0.005695603972647702,0.0013422882256888258
2024-02-28 00:00:00-05:00,0.0015167322310270532,1.1905002814315715,0.7958884060052723,0.016296951252460407,0.6746207366209266,0.8771271046230495,0.16320637810304864,0.23862151534263953,0.9787933912078676,0.02853125493974709,1.367757524056114,0.1481571129660159,0.2326429684754194,1.9176600455193051,0.011059499133739397,0.5035931254429971,0.2793519420858115,0.7803948980472867,0.3379746313720957,0.004656258431270908,0.008896976450574634
2024-02-29 00:00:00-05:00,0.0017242430707690064,1.2087782253804495,0.4377181876226822,0.0158913816552459,0.5655771816133398,0.5528284179723073,0.4911915539210151,0.1840177705963745,0.973665033921208,0.03222096978202123,0.2250415315923168,0.2206243524683053,0.21520418965430108,1.9070858920354603,0.007073162807718452,0.6605911342030168,0.28564168070089896,0.8046136158946904,0.29530093820225356,0.0018875597114840967,0.00036236393926136756
2024-03-01 00:00:00-05:00,0.0004784243327457382,1.4666050425769517,0.594118355935239,0.014887715813896356,0.43395104040304555,-0.18536265165147148,0.668932448554056,0.24682522988970912,0.9457795712116698,0.02823222377612505,0.16401035006200895,0.31205467129952713,0.21390651334891858,1.9482556321669224,0.004384496021868121,0.7257418059688256,0.3005370701519251,0.8533474119750352,0.21923853611198688,0.004562339407384187,-0.004709522538706601
2024-03-04 00:00:00-05:00,0.0003577240925342755,1.0274433780427037,0.7969100507111422,0.022762526263264516,0.30770485340845627,0.12802827791342017,-0.17022444001017542,0.3360617903942574,0.9268384133684352,0.027250597705745595,0.17412126637218417,0.3687415263619967,0.23249046028492665,1.9645641385536181,0.005372392215722735,0.7699724104706976,0.2848693978344095,0.782982119940958,0.24353210695161412,0.000834223474785029,0.006066578342001305
2024-03-05 00:00:00-05:00,0.0007839144921389599,0.7197888671887037,0.45724328609348003,0.02089145576406156,0.13370952350036855,0.29882335688645817,-0.26710510514139313,0.32542468681457565,0.8918234979807393,0.02454918774274648,0.21563056500702765,0.3962461066084074,0.2328928667106216,2.0166981300792615,0.004850161667287726,0.7806628040559451,0.336837214705235,0.8064115953226966,0.19880445365049143,0.00510139875627798,-0.00516135445790622
2024-03-06 00:00:00-05:00,0.0007254285229769168,0.5530507351859586,0.3707137920066564,0.018578712485600786,0.044532459630644665,0.39756225595743444,0.13449108326597103,0.7142594156518818,0.9096637456775973,0.004081690062567973,0.40720467251066134,0.40219248709747546,0.2208044588346409,2.0428568909537517,0.004344315459351552,0.7628549233981411,0.34420672546992187,0.2895423944129999,0.12497386164309228,0.002825885040919496,-0.004760650934728106
2024-03-07 00:00:00-05:00,0.0003734478867166843,0.6085405548676953,0.11588174161999096,0.011464749804891657,0.042520951353709945,0.4156341202706135,-0.13034486919808744,0.4204601023549587,0.9141368417258436,0.0022250259320881123,0.45516685789984757,0.4126281976688948,0.19884556073606177,2.0364613372618994,0.0026359926850301673,0.7298189723127015,0.34551898497858813,0.18704393962618576,0.13205935935133456,0.003658927066466526,0.005887459935241646
2024-03-08 00:00:00-05:00,0.0005509589994636637,0.38989126104949706,0.42553163375060676,0.012808038652867459,0.2728761902122998,0.3218697264579816,-0.21448065511402842,0.08558028935431385,0.9093918810402926,0.0011246707264980236,0.6606376954490055,0.41929868062509706,0.14466318036506237,2.030841096723189,0.003960374556373422,0.669211690242953,0.34318018437297343,0.0476976017351393,0.05239390985258478,0.005977134338853689,0.016339352261143025
2024-03-11 00:00:00-04:00,0.0007182765121721509,0.9572208630681167,0.07006541659207702,0.027353834532415675,0.19058567948725516,0.5869869243106335,0.8292182956989191,0.5016775431598421,0.8788065894949847,0.0010938409149698603,0.2834909643882226,0.42747600843680506,0.15158172332393244,2.020075457338639,0.0035254125212956667,0.6322953720366685,0.3718121191945025,0.5810237381226792,0.07309938069521481,0.007571165602675578,0.0046791707759836765
2024-03-12 00:00:00-04:00,0.0032524096784744107,0.9863126477230107,0.2318460837567355,0.01568117277509852,0.3214928633769042,0.8372157359268368,0.856370334961435,0.6146054821499408,0.8888256748183492,0.0022239432324793022,0.2932728110095945,0.4311273289341729,0.17163574332236417,2.0440879025942733,0.00823483891659548,0.6121509106611146,0.3697226953323412,0.5760248052543085,0.12198307690947216,0.004907872367920468,0.014568823015917332
2024-03-13 00:00:00-04:00,0.001746052972489446,0.7803436900365011,0.789297101267705,0.020477568213619318,0.41463731513242497,0.8694147313190298,0.629764034775665,0.6735827310065595,0.8856473747608834,0.0031310764427326296,0.30640527438601073,0.44155316003934897,0.2029223752335049,2.0275565956094916,0.011437452582255142,0.5995941973792984,0.3712264849707773,0.47674331789101304,0.14061891458061776,0.0,-0.00659120790732981
2024-03-14 00:00:00-04:00,0.0004511289428167387,0.6420143736582687,0.9730632755137659,0.022010300580726547,0.5048181988631172,0.8675359826091771,0.5755048548655687,0.6673439275463752,0.8915235921107749,0.005633770623837813,0.3080733006263132,0.4588993516772122,0.22036992360836588,2.0093214394295744,0.016313599932812135,0.5878983439108022,0.3771809876266748,0.45451250717587416,0.18867257116373376,0.011299424374030033,-0.011018952967663642
2024-03-15 00:00:00-04:00,0.0021756754690142586,0.6260790266632041,0.8073640976613533,0.020517117684949324,0.6629129413767374,0.44032396544874103,-0.0716845603561622,0.5664302212718888,0.9077619101744301,0.004833731936067633,0.2924918699623986,0.47425692071046244,0.3077036447005784,1.9521501183673189,0.013471200862922571,0.5706955796650519,0.3479225880856088,0.023392264866168033,0.34507351417760623,0.0039136839687979865,0.00011984143663790192
2024-03-18 00:00:00-04:00,0.0039529468924961375,0.9475559889447487,0.043755665119590156,0.015774374880619724,0.6470141545310455,-0.19577173177317514,-0.4468512798076012,0.5198956133337026,0.9150286785809297,0.005019518158458327,1.1007351191341073,0.48944593138476206,0.2906783378572994,1.9654407735012107,0.008149442512872716,0.5074791002465439,0.342396128866357,0.10458907905600603,0.3780756238218451,0.008006761423235838,0.014135084338355863
2024-03-19 00:00:00-04:00,0.0028534693198147107,0.8345741453747038,0.23764976566110332,0.021551670195292277,0.5248008687212928,-0.37651565423375244,-0.39290945149240414,0.4972643388648926,0.8818647404961759,0.0060236096266698316,1.1510176968138834,0.5086539133300385,0.27200271979621915,1.9860194543759582,0.007700399891266229,0.4356730684882361,0.3551198422085874,0.09428313173154342,0.33942618054625245,0.0043102609605638175,0.01807211033574263
2024-03-20 00:00:00-04:00,0.0035668737369717743,0.9208446566144672,0.12286986608036238,0.03198576088243346,0.593847798276746,-0.6225216668748353,-0.4742221227486382,0.24262116376505594,0.890982444436762,0.0055984011043624235,1.6966749253185602,0.5168217874477763,0.23345829035245097,2.0071969743816216,0.007954749842898505,0.456753456293705,0.36320092878516613,-0.07400961258852326,0.2518110597829418,0.0011890425200408211,0.0006961669220229005
2024-03-21 00:00:00-04:00,0.005834544732612188,1.1134805265022056,0.4573444983631527,0.009036218853672916,0.6395392650193166,-0.6489036975831259,-0.544717166463338,0.07854907028715094,0.8897868857468965,0.006593396312772116,1.3345945489577111,0.5426574561024705,0.21003134217209823,2.0069395654762725,0.012930190936049475,0.6593971256573034,0.36188241238429764,-0.12428364788852651,0.18034837456229977,0.0013902079124917513,0.0006955877018499645
2024-03-22 00:00:00-04:00,0.0015672823057293229,1.1377432817055537,0.904070892116596,0.00900222509984938,0.6311557830062301,-0.7017812463129031,0.19069111035778155,-0.24878677729732918,0.8968772285136313,0.006272047112009374,1.9516633706378281,0.5667988664279104,0.1594808989325606,2.014387175318934,0.01593349235355527,0.7860435245282804,0.369297108516281,-0.08601654572485022,0.06166923182027514,0.0054012818872193795,0.005445599347404517
2024-03-25 00:00:00-04:00,0.0024702378453112664,0.8940095835985878,0.8204833077141187,0.01351826409110774,0.6044885117112375,-0.6140323482910721,-0.37901227949263877,-0.6939688011661314,0.8937362515045524,0.005571225862483249,0.16363680687786167,0.5960082230914061,0.12573060743634082,2.0076015482462415,0.014583113026595429,0.8136371911220165,0.3704508090076831,-0.3976230206370604,0.026914251950410813,0.003581804472068046,-0.012099430628346286
2024-03-26 00:00:00-04:00,0.0015013704562317843,0.8736920854794759,0.733544668329261,0.019357072098788394,0.6381821390921956,-0.5104993737981571,-0.4258604719821826,-0.6993784363625802,0.8979638098053527,0.005732433011324881,0.14197428968452566,0.6255478349083199,0.10780867026070985,1.9948267865448612,0.009388763135794004,0.8366875626152123,0.36733952225073596,-0.372543576868616,0.002120572907756815,0.0005761383941736834,0.023328895208696965
2024-03-27 00:00:00-04:00,0.0011542880192635808,1.0122416374641925,0.02722960883511442,0.03093145210130146,0.5277137798243116,0.09874878570478925,-0.21213897519759678,-0.6493195389421628,0.870927544315859,0.0065362463662371854,0.13885744739979336,0.646593323933546,0.07716913174534495,1.9635233678838286,0.00425913063560084,0.8313664534777451,0.35361741047289486,-0.3617855658304335,-0.03196818775603298,0.0014059182112801157,0.012538520975555967
2024-03-28 00:00:00-04:00,0.0035638270135881192,0.6931142689039764,0.2501130350266785,0.0152273178100586,0.7428721771751747,0.48940727864117545,-0.044663047585072425,-0.5009844917722525,0.8607016243055973,0.004984401951724437,0.13283736528302495,0.6638163508484032,0.0457923435487829,1.9390872137428394,0.008470785153662933,0.8427134969936335,0.35544587736806305,-0.35655928398090136,-0.06753797455041355,0.0025000138716263576,0.010356914483784063
2024-04-01 00:00:00-04:00,0.004989324261265708,0.4760145944853606,0.5989734132578027,0.01678979249480694,0.8328840310709862,0.05788628460606359,-0.3055600342872473,-0.5025509147626321,0.8623903910806112,0.004580162701545263,0.22129822978789032,0.67993092783432,-0.01954749451277178,1.938674202603955,0.013635156733481103,0.8658286566075499,0.34771355011050714,-0.009412208069855224,-0.15990169945296584,0.00940224280638753,-0.008690822128460618
2024-04-02 00:00:00-04:00,0.004221548614478737,0.43963774567140257,0.8022070739637724,0.01691524885529378,0.8362105711191781,-0.43235308692718755,-0.22073578565821644,-0.32565840685767156,0.8590122235477418,0.0052890889792487185,0.22337409562641117,0.7016263971717686,-0.07411959353397898,1.9407671255757986,0.01793708262363882,0.8833468645107505,0.34816406188370946,-0.25067766987613493,-0.24805550974291324,0.006565813078986284,0.014948990191461897
2024-04-03 00:00:00-04:00,0.005138091607355101,0.4353697909190016,0.7437669586729198,0.014860355654242244,0.8040216438578636,-0.4612816253136311,0.13170992212518406,-0.20145254883990074,0.8709942825647687,0.00485721537125772,0.18883698056518383,0.7166524135774984,-0.12443884637348283,2.018822560650932,0.017257684962473856,0.8951114082391651,0.2993635515439857,-0.18089453004953557,-0.2300318374406312,0.00569834789084314,-0.01085297389125539
2024-04-04 00:00:00-04:00,0.0021705775637293023,0.32599985986426594,0.7282927021216103,0.022414520433900128,0.8062164563088767,-0.35480481580668755,0.3909477728701325,-0.14828712717675577,0.8756033227117682,0.005033448836725179,0.23689997546979333,0.7470482786463778,-0.14538128506859085,2.016018664450408,0.010952310790967281,0.9114017232730907,0.2976906182834757,0.07754553365340035,-0.24591418520115815,0.0034398307717040666,0.002127306831567477
2024-04-05 00:00:00-04:00,0.0025174350585791478,0.45608452474741673,0.16222893366999475,0.021065707077821478,0.7896686167838498,-0.1677169170846048,0.15243272833134813,-0.11453178344462839,0.8692512735419964,0.005334444328431541,0.17729889745578634,0.7731577587147888,-0.14544844624504655,2.02247253094751,0.006710019268557371,0.90920887762503,0.2953170662264089,0.07276145856948125,-0.284948846902786,0.008786738862153715,0.007597034786903878
2024-04-08 00:00:00-04:00,0.0020455661928022407,0.46092101352355347,0.0017050545254268573,0.01590396703829027,0.7378614462678705,0.4697716407381007,0.44068884612982157,0.022210982325980306,0.849814735010799,0.006103709607586149,0.15614986502321326,0.7948867076206424,-0.15454388699059357,2.0337589710597426,0.005520026976792649,0.8997162706323143,0.28879920729096464,0.014951976904140742,-0.3878609662980019,0.005803534061628229,-0.00310463169734021
2024-04-09 00:00:00-04:00,0.0021405218474431363,0.6121989955103143,0.20866813721345093,0.020385511791961804,0.6996417787696814,0.35041918639247016,0.4632249230474671,-0.3106592984302891,0.8794113110853473,0.006370298145444913,0.23608291205657136,0.8080570002895853,-0.19490102125181055,2.1258724992226257,0.006352133025391074,0.8954806115318643,0.21378720415288044,0.08589278718467966,-0.6180571657042604,0.0111899192590984,0.0010009536099790939
2024-04-10 00:00:00-04:00,0.0014857196050023626,0.7103559414971118,0.0011279951968399793,0.01614171568416587,0.5987890269367739,0.11971459933301569,0.3822310610667462,-0.3488146761143596,0.9143928065981962,0.007141782211605038,0.1902228429238291,0.8368628371097138,-0.20686109331253408,2.246029810115016,0.004707987913174567,0.8875808531440825,0.2917128399778619,0.15756266920860965,-0.6007564278519405,0.0036991574312450095,-0.02244436319184462
2024-04-11 00:00:00-04:00,0.00044062809391636013,1.2397161422150813,0.5983100471818529,0.031756614344685415,0.5267578905897736,-0.5601423278678047,-0.4335406749319401,-0.43162278802415505,0.8878670010620823,0.002741249311805439,0.17507972512664266,0.8967638605160907,-0.20657135569875448,2.3137738833946275,0.004089231503795327,0.8756364975429038,0.3060860925857502,-0.1555564353327121,-0.5629561023819357,0.008660964133203834,0.006933354919236523
2024-04-12 00:00:00-04:00,0.004517168046785048,1.088477185137303,0.3297606241901971,0.025496414167331297,0.0011665792578031795,-0.606362205535048,-0.7518637577980058,-0.461504542506624,0.8630333017842,0.004900716001344074,0.20768602327031385,0.9117407193137145,-0.19713222257775614,2.3711881315617873,0.010101104904969231,0.7905965859366908,0.27918055964355915,-0.3015359665928874,-0.5379688597443377,0.007897077539058944,-0.011626577891723833
2024-04-15 00:00:00-04:00,0.0026892174097247795,1.0055054056202732,0.6756756719082844,0.023887268926056228,0.16257142507589648,-0.5985122839543889,-0.7507557187819167,-0.41392690871750176,0.8659268820758893,0.004479729408333912,0.18619322857215262,0.9174802041909536,-0.19077917408894982,2.3757921744275956,0.011269726887613782,0.7120148627355101,0.2801497475333614,-0.18263299586280551,-0.5013885659649612,0.004957688022667194,-0.003312034360568483
2024-04-16 00:00:00-04:00,0.0025474482871159555,0.97596294383073,0.7578779860221296,0.02594423281363066,0.34320282962679804,-0.669449980310822,-0.8322916101213403,-0.3426068653442712,0.8641387972257814,0.0056373425221691205,0.19637292383105734,0.9155007760120383,-0.179496026527618,2.3864388172487163,0.0127158717796541,0.5452580494665756,0.27734374358412117,-0.20501163507736755,-0.2502897000864543,0.019113774582266332,-0.0013750091454663993
2024-04-17 00:00:00-04:00,0.002621302682009782,0.9793794449508878,0.7382973173532811,0.018348694489809504,0.6762540565569262,0.1668139556673661,-0.8780234740442309,0.09112468323224426,0.8581499349871754,0.003992695300071612,0.4268874096561123,0.9093662605947967,-0.19773010437958208,2.410394794701232,0.012415490278223676,0.34473137188853265,0.27555139864004385,-0.36136550929384037,-0.07827829587868365,0.004357854313206602,0.0019504317014986672
2024-04-18 00:00:00-04:00,0.0010437858809280605,0.8617512800873182,0.6449106087782955,0.010275163414861068,0.7062784407184716,0.5908976006318554,-0.2840705886892207,0.2187341257663946,0.8517027922985067,0.003971850689374906,0.3960230745066093,0.8996900125394569,-0.21946018926637376,2.4228056902629227,0.006719285854930503,0.15487727437002496,0.272842490524472,-0.3857572731304545,0.0559099523109137,0.003995872688142623,0.002176125040615373
2024-04-19 00:00:00-04:00,0.0010625209729215885,1.1013924724781061,0.6356570206878157,0.016353030316030633,0.8038563039352555,0.5437135102824464,0.09225822091306003,0.30892524656874526,0.8674430249592646,0.0029206854101732193,0.24957894832596203,0.8889875124683942,-0.24593941031092073,2.502719466896783,0.006685405956531866,0.051470588768082956,0.25620901110870015,-0.5081114222688758,0.03496189612284476,0.005393633509239591,0.010284519508689138
2024-04-22 00:00:00-04:00,0.0002446402393214845,0.8753813208831326,0.0021513155202809307,0.028692758852370184,0.7853858386126742,0.18900565705008918,0.3797139133952459,0.22565435280127236,0.8688340973255888,0.0031070799021447933,0.22590262173283568,0.8807361356753447,-0.24315859849614263,2.5272870790817863,0.0019285192740676619,0.0029641689227763368,0.2601169724338908,-0.4360146540747038,0.08392861525156624,0.005853259760270801,0.0013573717135586527
2024-04-23 00:00:00-04:00,0.000703093479848636,1.069332761921458,0.6760789897289721,0.01909742277894171,0.4558960384290691,0.17295743613676212,0.42391833388730943,0.078204124980582,0.8694511039539363,0.005743744945983246,0.17763521700069373,0.8780746973639088,-0.24820628496580996,2.5326089361538746,0.005734358072588043,0.006896398613407597,0.2602740049051281,-0.496134120640514,0.010195491303240387,0.007957310082109889,0.02439836951536689
2024-04-24 00:00:00-04:00,0.00032572243475322634,1.2839992837508691,0.9034141786365805,0.03261235797800901,0.11832113206624081,0.9313595004317267,0.7779706473258824,0.3826768773248244,0.8484146899879419,0.006287198698697307,0.16666633008578302,0.8749766171957313,-0.23438831948770694,2.4587200885130125,0.0070620459724230495,0.04261060761675263,0.27717238357751095,-0.005043998841612764,0.11569315298397372,0.004189730805303229,0.008600652181899315
2024-04-25 00:00:00-04:00,0.002354730169097577,1.0424557711586002,0.8390075289385728,0.018221993045497417,0.2546685120287282,0.8514145287761177,0.7209196678353541,0.35769378278281194,0.8589851026875015,0.007657514684958774,0.1774042728666651,0.8773723418753857,-0.24024101063461836,2.506786119577198,0.014644399278999628,0.08587723482504774,0.27475793121423175,0.433926890519176,0.24041898373215506,0.00728883092065844,0.006450365201802422
2024-04-26 00:00:00-04:00,0.0016677589777042586,0.8955630685324095,0.9266392121852288,0.018776755135641424,0.5063768253394546,0.7794333387798588,0.8468541390099702,0.49966375924283385,0.8317975368154127,0.010095105709404346,0.15637819408776057,0.8864663663960102,-0.24029604776336005,2.5537326407550323,0.01819877853405217,0.02622086550043018,0.25864826386091133,0.5048445319102951,0.271660220720023,0.0058196857480278825,0.009776303458963298
2024-04-29 00:00:00-04:00,0.0016336367798115235,0.8106113213125887,0.9279053510709252,0.01490348328637699,0.8035558189013501,0.8384693471301075,0.718543433891399,0.6847544864662347,0.821821610006024,0.006304321049305917,0.16947504855814946,0.8880807019712323,-0.23179444644897818,2.52124357667515,0.018080949693835807,0.0010002091768127092,0.264751106124844,0.6461488286948909,0.45823723085668405,0.0015774192836228427,-0.03313271021552344
2024-04-30 00:00:00-04:00,0.0016943122061394366,0.6998599719442192,0.9275887931501362,0.04081853503297241,0.9081231118151586,0.5369380293122784,0.5629135505858066,0.7362262886883987,0.8462270921487159,0.004277105791812854,0.18153842728543512,0.8892625487305205,-0.2300048877708329,2.4259121427268386,0.01868552890180159,0.0656903019628231,0.2572615801118198,0.44764681242990817,0.46654100875218224,0.0009692659059731142,-0.03560282189390396
2024-05-01 00:00:00-04:00,0.01222815786617784,0.9990226504397127,0.00029704590646607957,0.04386842466521236,0.7254018391699177,-0.800720104039053,-0.4144345041562054,0.1764481279566244,0.8632611782135824,0.011879608660436067,0.23635154350149953,0.8820764294357822,-0.2475232202705171,2.3252846654643107,0.013757155099241823,0.07196011523854381,0.19790460354888348,-0.22705115818810204,0.0841664516012365,0.00791526319540827,0.0012688703861554185
2024-05-02 00:00:00-04:00,0.02257863146939074,1.0740213253239201,0.5681322060466104,0.01852066678831368,0.14327502728462818,-0.6502316107019664,-0.3771837830810595,-0.02965151648533949,0.8699478098412224,0.03931642524436005,0.4579295323132982,0.8533541553636887,-0.247456826598916,2.357445203350546,0.028423767641098496,0.032242851014265064,0.1927580576408259,-0.19964309015084236,0.03048218359412399,0.00743113658177311,-0.0013826138314956271
2024-05-03 00:00:00-04:00,0.011879468222992092,1.119717936514504,0.8366550078293992,0.02401572354689586,0.001317216847833931,-0.6573578591111269,-0.301598592824758,-0.2799203225482879,0.8712670325810374,0.04870572453239995,0.31312916385300665,0.8239353162196023,-0.21347951969786813,2.3512039197792864,0.0335470450746471,0.005179936772921585,0.1879717717390286,-0.19883480377158355,-0.06877797342828781,0.017665382386731085,0.02780663982236775
2024-05-06 00:00:00-04:00,0.014188287341519638,0.9472574021447054,0.7836176948033903,0.0282544185820008,0.16458483756245432,-0.5113799541277485,-0.6028250017826998,-0.40639888028846727,0.8614074889001531,0.043115224697010346,0.40309016051941615,0.7922341981410926,-0.21005915828878652,2.3110459860040224,0.031420065849105325,0.00012706557667599736,0.16992965370278004,-0.30990978644018813,-0.07238493015222695,0.0,-0.00516387781364902
2024-05-07 00:00:00-04:00,0.019466862745004407,1.2472367721010527,0.02724446356749601,0.016109087663865422,0.2712394735567945,-0.660724182742437,-0.7759052824229744,-0.5081227056510089,0.8609481229247756,0.03708459110033065,0.4200242541334307,0.7777084730540559,-0.22563240778077834,2.3122831058200943,0.017402968321164374,0.003925110513805568,0.17543182094545448,-0.3003360406693789,-0.07845346278652844,0.0004490448440179453,-0.0028210950404482515
2024-05-08 00:00:00-04:00,0.003767724585975001,1.349239194634874,0.6806407837587094,0.013275822142385605,0.44361577704826977,-0.6458787353021141,-0.24459506229470473,-0.4979614126609638,0.8715873070717084,0.028296774451849575,0.8150107266776505,0.7593237941691153,-0.23653202896633094,2.3310942341639085,0.013381059698053841,0.01173663146906554,0.18393207315269128,-0.455329354000144,-0.03886089281710415,0.005446451180054318,-0.0007920968538720485
2024-05-09 00:00:00-04:00,0.004782139902745063,1.3890814336930009,0.5354654642711871,0.011915526066740864,0.4175492807424831,-0.531151263174447,-0.40475308955627076,-0.41937723566411067,0.8595697018387024,0.029200961877463943,0.4097043938582056,0.7377768249200627,-0.2598136137467885,2.3747354418473328,0.01250445780885418,0.023890095860135435,0.1927461280594804,-0.4293147069652696,-0.015956036136708682,0.0014613858380219135,-0.013363405762907843
2024-05-10 00:00:00-04:00,0.005734249520943574,1.141056059984799,0.19525307577520595,0.030134769841115523,0.3028844514978697,-0.21714494351112598,-0.36253719426091724,-0.22093077498525285,0.86460076801961,0.03170902447170472,0.49629553512719826,0.7168527532275255,-0.2635863890593784,2.3764154701292726,0.010473522052307244,0.010379128328953128,0.2008719748658677,-0.4126464474444372,0.029278384257814833,0.00940298926724706,0.014577601899217862
2024-05-13 00:00:00-04:00,0.0006544077194727686,0.7228160150965562,0.852797428588392,0.020123422424645397,0.20112815627038574,0.6897713705579354,0.41632416807706535,-0.12361690118780583,0.8773445657011836,0.02835840533947655,0.2470015644413412,0.6875667534639246,-0.24946523068708035,2.4350942284871837,0.008213116705420237,0.0005513997023986548,0.21568077767664232,-0.4656184419419295,0.03129847638675151,0.004687811994130598,0.02737834096850089
2024-05-14 00:00:00-04:00,0.0022936281196835094,0.9595808285773932,0.20740704903109553,0.02979162799251513,0.0009351468831431573,0.6705928913079995,0.6544764080660547,-0.2997824422835193,0.8609632388209676,0.011497505819368042,0.17206022369590218,0.6642802820618978,-0.23144152112648492,2.3814207831142546,0.006537514754062012,0.0016375256972215226,0.22989597182616087,-0.38684256609366835,0.056040770233667124,0.0,0.012819975428786101
2024-05-15 00:00:00-04:00,0.009710488431605789,0.7008015449970425,0.34016643488521375,0.024592902440011655,0.45080684021117234,0.9419231817770977,0.8419390007815784,-0.21002097641549583,0.8384042738107603,0.008629829608503082,0.16692560718230606,0.6575494316927581,-0.22615454233687687,2.3831816836478934,0.014649185861625877,0.00015887687718911249,0.2360494307422042,0.15058533474041602,0.09681676407946596,0.011853325962280272,-0.001534129599729872
2024-05-16 00:00:00-04:00,0.007764932037636846,0.6793617664534505,0.7610565615230852,0.013893409825918633,0.5354217019318077,0.8316198434689804,0.8594378598748075,-0.04409954572961387,0.9067382748953733,0.012200900146126648,0.19508532501458012,0.6607486758795885,-0.2296259731618986,1.2688343353758509,0.02178536377597079,0.0018022778148133606,-0.03252647931707075,0.1530884002261948,-0.006286091854446159,0.00109395547658804,0.0063659418190569195
2024-05-17 00:00:00-04:00,0.0037717283134956875,0.8072122095028572,0.9005144166540227,0.013972260351150359,0.5845163012655371,0.18166715481366016,0.8829964561923215,-0.22294062619969598,0.8948775831351763,0.012731474020766527,0.364906082402305,0.6697272245781145,-0.2231338168861268,1.2828319185285244,0.02345609444076605,0.005679885206940402,-0.0617254169054845,0.2578572445529122,-0.18360896844786948,0.009060166199375488,-0.0009816768418686728
2024-05-20 00:00:00-04:00,0.004488308561739431,1.0864064311225774,0.787565227706108,0.019849101596869145,0.5964390554826378,-0.08690546367009878,0.3030671524683597,0.08182092363971084,0.8812363887132149,0.0130326273439947,0.23057079245072606,0.6755361338965784,-0.2085115251306808,1.3213142698108802,0.01751892282270172,0.014091699848545412,-0.07992448526678325,0.3773861387292582,-0.25423122910815465,0.0036068882868651527,-0.009497921894587424
2024-05-21 00:00:00-04:00,0.0008873005805949448,0.9261990762123469,0.7353019610814476,0.017374112476769565,0.7499050315294336,-0.4450153089754434,0.07464422281118739,0.09711884590987328,0.8902294538554617,0.009560345427122242,0.2889318275080492,0.6742504762035281,-0.21109843138577555,1.3029073256581112,0.00701150381342237,0.03041408916098786,-0.07224332447123577,0.42114900310747216,-0.3211758606047194,0.004398521169346044,-0.010801172037310791
2024-05-22 00:00:00-04:00,0.0011984367197274955,0.6476075779569791,0.05019233877782314,0.02197435862873079,0.7256308541068273,0.3829470282681264,-0.030767583494295175,0.2050545570694975,0.8995110031308504,0.010406525451739385,0.37381844850411267,0.6679250954097676,-0.2348084625662118,1.2861336625315671,0.004325129112964602,0.03508978083303945,-0.05996570106621172,0.45341662315272874,-0.3699318117480064,0.0130300390568396,-0.007130853694478634
2024-05-23 00:00:00-04:00,0.0023750972812295462,0.46851141913349814,0.5459124426574022,0.02213613761789774,0.5096362058762953,0.13586345781675077,-0.09904753002935605,0.1457997873697446,0.9071874269744558,0.016629535458608513,0.1673622780652952,0.6534762785989524,-0.23821483516434766,1.2730080156164991,0.008837598145658683,0.05976736855119596,-0.06906012071185973,0.34952383578881996,-0.370709902623926,0.003431074309121766,0.006845398565901384
2024-05-24 00:00:00-04:00,0.0004831100814605473,0.471474632005488,0.9551578257409967,0.01310217493041196,0.2055746158447459,0.21659614790716897,-0.09494327764192975,0.15945739774027134,0.9090359388364412,0.02296747549643837,0.24887018957160711,0.6320570499911881,-0.28673811314629033,1.285784278569187,0.012640424932730905,0.09956793848739974,-0.08283992822218171,0.2564557898027618,-0.36172971230963086,0.007080755286235455,0.008582280353284677
2024-05-28 00:00:00-04:00,0.0020053405757665113,0.1973280815888804,0.7498009299916079,0.013524013225637054,0.001447247491204102,0.5419478720190005,0.18156061087042613,0.12807076386255087,0.9016273222266379,0.01476924532271931,0.17093624912323113,0.6164226918870808,-0.29898692503614627,1.2686418246289621,0.010856191934043156,0.20552286600018527,-0.0754069498162323,0.2597797847475088,-0.37689120878014387,0.005986042800218725,-0.012819028499813534
2024-05-29 00:00:00-04:00,0.0035165575810492044,0.19990860468712163,0.015316903530340235,0.010916740160252188,0.2514890881782211,0.3255539493891147,0.2733834485138237,0.3801188744267976,0.909034021054293,0.005392803853200945,0.1966648265897997,0.6057028234964595,-0.32302738279131016,1.2687181513773604,0.007293542621856272,0.4888948505934295,-0.04753878213094854,0.1685457413829731,-0.4746989352537128,0.00556978967023975,0.006492790389768244
2024-05-30 00:00:00-04:00,0.002258582109298746,0.21289576101665303,0.02627156962719974,0.013668806478225748,0.5976060697388752,0.1801230127730806,0.2890263932977292,0.4761054235032476,0.9086490791497877,0.0033974425403997103,0.14767736856030572,0.5825624434971328,-0.29779350195437615,1.2767553934476001,0.005858974157696426,0.5303953252310568,-0.04000921763827266,0.2206564125532431,-0.49136961543463065,0.0021200896628346603,0.011344456936887237
2024-05-31 00:00:00-04:00,0.0020795819465157274,0.37008469932564525,0.12699869492325386,0.021974986938051215,0.5304216090147496,0.5848522125430047,0.5974877093915336,0.43015270144418,0.8938193243401115,0.0037004892028706313,0.16308182700454385,0.5645416203855163,-0.2689014690839384,1.2607225740472698,0.0059040984327959865,0.4490916984316937,-0.04540478706578696,0.30345111316521406,-0.3350581956560697,0.007361905259020245,0.000605022166282998
2024-06-03 00:00:00-04:00,0.0026285894490048534,0.54889339548341,0.21008831626130325,0.024980824338260228,0.21416687004893525,0.9178656632018647,0.9249431094141422,0.42387612998598373,0.889026281931237,0.0059888702322796325,0.2086272411354348,0.5536582607910994,-0.28039798783707875,1.2685660665978715,0.006976117530937841,0.4036192501200397,-0.049529574382277515,0.4670955600417245,-0.1881840750742236,0.013064389186361311,-0.026652812116120472
2024-06-04 00:00:00-04:00,0.0028008165575756938,1.1343107339551899,0.3369191163998263,0.031691727296316384,0.0018620961061675129,-0.1361569544158528,0.2484258293096968,0.024524397786648295,0.9187475955950154,0.006252441219235272,0.23581773704925554,0.5432387028204525,-0.31768886363169474,1.2446104108139446,0.00796648727982474,0.3436064435413131,-0.06960947672131094,0.16593300741211167,-0.013044847212366822,0.0075088374945660764,0.0027101742267960915
2024-06-05 00:00:00-04:00,0.00915682286618858,1.270070090953802,0.004971853869044509,0.01516519544118539,0.002826024472688907,0.0203655930146144,-0.18166799573209425,-0.023282210262195374,0.9312355256777518,0.00638025718591735,0.4708620774447082,0.5045251721505858,-0.40526991347723107,1.282121246737787,0.011742884818592886,0.20734979072777165,-0.1450037518465957,0.004155604430867592,0.03883061315591777,0.009584012629576843,-0.005518282483163994
2024-06-06 00:00:00-04:00,0.006631853111881772,1.3060487985474765,0.40329615639496963,0.012394349004181269,0.008258793550771748,0.162961813449159,-0.27077765979003027,0.08436727914886322,0.9407844500864059,0.0067472084079259476,0.5206357283247735,0.4680750480124933,-0.3742301674561827,1.2906508236366976,0.012940757747656793,0.09875613851687674,-0.13931881513178443,-0.037540409976604815,0.14165255514959946,0.0034929302376759956,-0.00022641826627067818
2024-06-07 00:00:00-04:00,0.0032459142890556027,1.6650574989755322,0.7832850301397504,0.011983599849850288,0.1095152984663676,0.3875608838755329,-0.6224379274511453,0.2018863483192517,0.9547067352796407,0.007851157940930662,0.6215433891374411,0.4233637922823133,-0.34196399550967765,1.3344782814385887,0.015024323124590632,0.013448787550123584,-0.13974375956578586,0.005917731022687339,0.1540191954871808,0.0014837352058583231,0.007362191857233302
2024-06-10 00:00:00-04:00,0.0041667620277301785,1.5134774639900097,0.6172546534289683,0.0178955055530223,0.37705791926318266,0.4113059686270555,-0.6562969314113681,0.2363074450573156,0.9414826885137823,0.006394757417873604,0.6601901756477369,0.3823678823632642,-0.3167428361184735,1.3476575351473414,0.012762107927531956,0.010640778988048619,-0.14136866094697667,0.08938350486037906,0.18827846751487043,0.001925452114424152,-0.0025860962967257928
2024-06-11 00:00:00-04:00,0.0006971569661279659,0.6440354095744116,0.01863149711243604,0.017683643405720473,0.43976241264903354,-0.02909734562808564,-0.05221152637631156,0.325361332153887,0.9335227146845344,0.005917302227440874,0.6562440059772795,0.3470721808207484,-0.28409680985261937,1.3753743443834088,0.0032642960758798587,0.1880741396155092,-0.09489105050476979,-0.00944358382955449,0.2194451035751707,0.006440674517787879,-0.017359987710261704
2024-06-12 00:00:00-04:00,0.0007051636281223776,0.9319224928611615,0.05828154913906239,0.028884843377464307,0.3689000557045907,-0.08727646411269546,-0.4380542636737474,0.3762527938249166,0.950128813920624,0.006215743008530267,0.1083653708675524,0.30390804813859496,-0.11010758595782587,1.3429117827677097,0.0033808624722606374,0.5326312649107003,-0.11568644646882645,-0.17386498872973857,0.27787084259556843,0.0021271250857687095,-0.012848317462494374
2024-06-13 00:00:00-04:00,0.003291670628372049,0.8234953338982441,0.18664780773666698,0.021814397541122993,0.6185638095202227,-0.052025132107905984,-0.2512377807500535,0.4921608449582229,0.9761002102137275,0.005458007766455217,0.06457923204193906,0.2340404539994921,-0.05896455298955268,1.3576191519817218,0.007910792863163204,0.6556474302968478,-0.10589181851690754,-0.24619650049992517,0.3295729896688931,0.00865650975627336,-0.010575337030469867
2024-06-14 00:00:00-04:00,0.00422775820495621,0.5168892477137873,0.670936865677183,0.010978771446532956,0.7328500100068445,-0.7158858335517109,-0.23958306675570143,0.3567670640255053,1.0043618661465026,0.00588311334965743,0.12206096754589994,0.15304080869429038,-0.035823785936104656,1.3668097064271731,0.014170175771341859,0.6746051434546092,-0.099833993752157,-0.49456357709985,0.149694549063924,0.0017519448851558454,-0.005990065968372482
2024-06-17 00:00:00-04:00,0.000772385195961942,0.4941149911321419,0.9680070215364269,0.022825669451906182,0.7380840045265373,-0.8022572580956981,-0.21342442338732465,0.18921195418054415,1.0111177315693465,0.006980968389739181,0.15015817218924637,0.08354462513688188,-0.04939173168709021,1.3524349037726506,0.019482920272317756,0.6943047232040014,-0.10079907315900657,-0.5971548458958753,0.03364254977609061,0.005150354798547884,-0.008035076038612532
2024-06-18 00:00:00-04:00,0.0008289465480487872,0.27662880142374485,0.9655577404321093,0.01565813271517346,0.7382695900353914,-0.8162575101343537,-0.13966052661719358,-0.13167290638413862,1.0200169665151728,0.00692176563319831,0.15673093730703408,0.0322337455758187,-0.035187841953457914,1.3333226327120082,0.01953141498858832,0.6996240167134747,-0.0983068160686204,-0.46739181716178724,0.04114558565231098,0.0011772836266408164,-5.939924915088213e-05
2024-06-20 00:00:00-04:00,0.00031270687968059247,0.5430988558109892,0.9778849297718342,0.016670609918486377,0.8449845142276154,-0.6481404016536851,-0.30893506196969206,-0.662103219818165,1.0256324920423014,0.005658468453412591,0.1481813601201756,0.00404910590950645,-0.035227157484817764,1.3488162216344945,0.014971100199168138,0.7058985931080699,-0.10613130210962106,-0.34049563949758493,-0.00427748004481962,0.005138626955157663,-0.018166704510944376
2024-06-21 00:00:00-04:00,0.0005204037397858538,1.280288715730933,0.9273953984710923,0.02309526715959817,0.8853210311063963,-0.8472116555854541,-0.9000634799919388,-0.7426291253985703,1.031970424622814,0.004750572617814035,0.29557808538803293,0.001435606664577148,-0.1942223117210556,1.3597989966811304,0.010757179460478359,0.7345466769453209,-0.187649250792966,-0.5556750893881405,-0.36657758961999604,0.0017857324509392939,0.028633853354042005
2024-06-24 00:00:00-04:00,0.000987114526244307,1.0182103179325113,0.8938698370042119,0.029560526680832123,0.9423049663875734,-0.7639409514217534,-0.7857641891607438,-0.7536859143266709,1.0266482588278547,0.002966623912789429,0.6819730672236111,0.0273746639404574,-0.20405770227643108,1.3564336523815859,0.01208215024162302,0.7853448005163405,-0.24338332649645278,-0.6529407156573636,-0.37844550633760726,0.0021072010274189195,-0.013682400215115798
2024-06-25 00:00:00-04:00,0.007506356868120352,0.9214976548060524,0.04332238178480299,0.016327464602794318,0.8078747997160685,-0.7011979405441092,-0.6574702677199615,-0.6996276291113864,1.0539413570054972,0.0088249979062523,0.9547354498012862,0.052045361113280716,-0.18837398530139784,1.3625720486105255,0.011173861443025188,0.8345518758684439,-0.23574387546210118,-0.5899753461929025,-0.3579059045513335,0.005679169143376486,-0.01052378547425259
2024-06-26 00:00:00-04:00,0.006633836517337054,0.8894546990919882,0.0010475938251201986,0.014808160524653467,0.7161450744941465,-0.48754705091656064,-0.65117055628379,-0.6287929254037976,1.076182450753815,0.009842334108748985,0.9414881916132899,0.07976352652006923,-0.17553395539220595,1.3604622035341725,0.010334245844096202,0.8681956921967378,-0.22238738314808695,-0.5801495656294294,-0.3025023559836688,0.005095868280426855,-0.005076343426897445
2024-06-27 00:00:00-04:00,0.007870468999476967,0.8120876900840457,0.040726828302872,0.017579759552359783,0.6870993693903775,-0.2863224922423512,-0.6427906710684717,-0.5249301217563529,1.072272765300517,0.006718098990537836,0.9219699886393726,0.10671601705669093,-0.1627550794110359,1.365699845187951,0.011516037848656901,0.8796662977554501,-0.22515804745695217,-0.5979525836118245,-0.27725181476853455,0.003853096725653186,-0.0015792026304324303
2024-06-28 00:00:00-04:00,0.008601082686130771,0.9376443640440458,0.11766501497781923,0.018763502165576987,0.6632950339844492,-0.1567316747942192,-0.6873608571394035,-0.487266653326001,1.090023528374809,0.0052136333348301415,0.7229360602840761,0.14235400840507428,-0.17664329414420707,1.3941255523439593,0.012562524700646508,0.9108610772505137,-0.2368680380086456,-0.6307659465176676,-0.2586688877565074,0.005292307489011474,0.003771694034093054
2024-07-01 00:00:00-04:00,0.0010369963106901562,0.6144591829381141,0.902168801354405,0.01825039488311675,0.6289376239104103,0.46172052017885257,0.25083548720702054,-0.2900339570012517,1.0741421957689536,0.004570977831605822,0.1608484563515586,0.16752208884512548,-0.16782310411612228,1.4067935955643756,0.013075236806244454,0.918547825980688,-0.24876938352144018,-0.630802103621481,-0.22966707205111264,0.0092468927321456,0.006303225611473451
2024-07-02 00:00:00-04:00,0.0011557924520133362,0.5112731681383331,0.6038395179081817,0.01747913060154175,0.5446530609427369,-0.5373307863292727,-0.2058783329132564,-0.26109253250817427,1.0696847614157294,0.004544419870190514,0.09521864602311267,0.19865130164509903,-0.16373185944251104,1.3968286634004474,0.006838164808216908,0.9028407769247884,-0.2553293662532591,-0.6214302146460278,-0.27063315826891654,0.005927154646455441,0.007347450740394557
2024-07-03 00:00:00-04:00,0.0008698358295435311,0.3643192430315038,0.12390402497310621,0.013365357497521952,0.3416997870347395,-0.8607794100703238,-0.615313293081518,-0.28910894769035594,1.0699497903797153,0.0051028711644385836,0.42722601467732474,0.22485023760064698,-0.11388874650089822,1.4081641684313215,0.003974553711755735,0.8711844148350809,-0.263609970775699,-0.6592785210446269,-0.32289626896090134,0.0008428620379530696,-0.01578364852042191
2024-07-05 00:00:00-04:00,0.0004940269062478129,0.9391326703149456,0.8461420060443814,0.0223262593309211,0.1016759176926963,-0.8694620966817695,-0.945691769310954,-0.3070832014494714,1.0837332551348815,0.006643679792655619,0.20643704843659044,0.24068718666892222,-0.14170768592574112,1.3720726701132309,0.007204694115235591,0.815703712885341,-0.29976259831613933,-0.709303058387435,-0.5268345908871903,0.006121648322906936,0.0035229757615715673
2024-07-08 00:00:00-04:00,0.002791624386417895,0.9029572705166635,0.13264800952066746,0.01577290803978254,0.08151722714957933,-0.8404003474679469,-0.9208299788079599,-0.2178580977679525,1.0810096510501885,0.006452085727400933,0.3779442691847805,0.26473120023791824,-0.1103274656631406,1.3672159683962088,0.007200579015218644,0.7907704896363625,-0.30434030339442847,-0.6629092691139652,-0.514063899210569,0.005702514330802602,-0.0007261123062221042
2024-07-09 00:00:00-04:00,0.002459878910276636,1.0335859780229344,0.023504488612907184,0.012856247396336113,0.24233541969925337,-0.8203499143683564,-0.8957474187072632,-0.11725964857124924,1.057514952449116,0.0051859467176749545,0.24315570851072113,0.28520897417365904,-0.11977101094289759,1.4157701950442256,0.006372591616762119,0.7489620804981437,-0.28122804054919054,-0.5321821018840953,-0.5172446839096361,0.008489957236524978,0.005815382490073517
2024-07-10 00:00:00-04:00,0.0015546915756375762,1.1020911742211303,0.36566884577816516,0.014180169289149577,0.04364171416730655,-0.8387834955465394,-0.9481888352724199,-0.6795505681972994,1.0586903893939548,0.00262472382821221,0.36983809939973655,0.32475864709625196,-0.10300997459417262,1.422378444955374,0.006267571747525009,0.6972707373873117,-0.2813960125642076,-0.7709555988657579,-0.46291816969257316,0.006787118815772991,0.005540913849212847
2024-07-11 00:00:00-04:00,0.0022168376016141605,1.0396085353023188,0.09049430736526977,0.01639534654398278,0.06734762944208056,-0.7079325260618201,-0.8668868157192231,-0.6876178119861079,1.0406154823804195,0.0017861024375070854,0.29901523286161164,0.3545004969996944,-0.1019335931358868,1.4389806183817588,0.00623303503736385,0.6191898659542756,-0.27799282191517766,-0.8133815465099659,-0.4257417015198788,0.008616577809235294,0.0
2024-07-12 00:00:00-04:00,0.000216596876892291,0.7668035567239162,0.887836844219567,0.013229775858017228,0.25646818906332397,-0.3004589747086837,-0.556927600989385,-0.5735907160303163,1.0371689281466359,0.0019019339099596764,0.20647892558146355,0.3925740619993242,-0.10393572800302527,1.4490176145554858,0.005547998366458232,0.5150994375829083,-0.2790166979685116,-0.8573155304774782,-0.3691609490513796,0.0024917740497022558,0.0034737943383778003
2024-07-15 00:00:00-04:00,0.00022633917949880134,0.7535241153650502,0.8784074545511303,0.014537017715566977,0.29545255998532466,-0.04462453721481862,-0.6200844233688814,-0.5826272266468602,1.032157309168137,0.0019444583473622599,0.18677604763132022,0.43441093847086343,-0.09485590214845789,1.4427448660847613,0.00543761825832073,0.37258338279469305,-0.2862166537357173,-0.8552887647271764,-0.3462341761325007,0.006580558024748253,-0.011221203511232347
2024-07-16 00:00:00-04:00,0.0001820137705935316,0.8660690983493292,0.9139846711026973,0.013142156681335428,0.3046577759784692,-0.5709656118904268,-0.7236786127682378,-0.5272644041537431,1.0459067944997347,0.0020006381412713227,0.14190131990007676,0.4760269309789645,-0.11513542960977916,1.4126679329149814,0.005830381130990244,0.18460542774477795,-0.2970334177478267,-0.830044843258591,-0.2585563691394688,0.002031041519038909,-0.009416971943908559
2024-07-17 00:00:00-04:00,0.001334790613136117,0.8138327037545566,0.0013879476049675143,0.027948435551378405,0.09017576041661085,-0.8127899057604985,-0.7304940524640545,-0.6839229500183271,1.0581473624904891,0.002376892926272463,0.19469458714413804,0.5215063433778732,-0.1536438404584194,1.3811454734323942,0.004655812458792607,0.10246261456091092,-0.30359403495093373,-0.8454604179734498,-0.34846806720850537,0.00144564201293585,-0.008653173554519
2024-07-18 00:00:00-04:00,0.001567623710555329,0.7387000888728673,0.6448066958333,0.021607930886745005,0.001977033558977788,-0.46777921248729,-0.3841987599720733,-0.521592178129983,1.0783611458324285,0.003713480196865814,0.3021604238344377,0.567810338176445,-0.1497030069721679,1.3806984165424492,0.008496949248933319,0.08110930534112393,-0.28732293021970157,-0.6177444751584974,-0.3052142855201395,0.001569257112080721,-0.0040570274298906694
2024-07-19 00:00:00-04:00,0.0010253757897440983,0.5632952965473405,0.8906237538465192,0.017286103998098656,0.048534897650093334,-0.23136645432865094,-0.4478134597123955,-0.3083068339854205,1.084223607665215,0.005431988785961085,0.28702701579428774,0.603983658398918,-0.14526881478349032,1.3722544186656251,0.01240901427809283,0.11585128029119687,-0.28667356445103614,-0.3572382463679645,-0.2542427191622091,0.014199303077069817,0.0043203752485756475
2024-07-22 00:00:00-04:00,0.00029095252668669044,0.5157747371666942,0.9750014126885069,0.013515197063351617,0.3418973250830713,-0.10474591056454631,-0.286470432523417,-0.245597367040852,1.1058989972272695,0.005750242031267138,0.30349191182465896,0.638128782162415,-0.13678142494756362,1.410570295844264,0.013796675762243598,0.15241639760713985,-0.3371528774691838,-0.28335952060819675,-0.1937956890414405,0.005924410607589645,-0.017084579308505377
2024-07-23 00:00:00-04:00,0.0012570219545410997,0.645641198560612,0.747514705559069,0.025188806028571983,0.5567286883986223,0.20214487640620696,-0.3544211167186368,-0.3931607230809302,1.1347979962162216,0.004676540170529306,0.20507416446414672,0.6489025088834088,-0.16650354801318806,1.3868151752155495,0.009101572605366528,0.2858316754439829,-0.3408027622501526,-0.46024694519771725,-0.30063883009650333,0.012625377656913713,-0.028885611333908323
2024-07-24 00:00:00-04:00,0.0014229262376974376,0.8133274483234213,0.744515142767831,0.037704118151672586,0.8129853331827814,0.013390553728405051,-0.135457269876814,-0.40835681660743034,1.1760899344627012,0.0033160033836370107,0.22238718495290544,0.6568646503525618,-0.17934263298567132,1.3535508101859932,0.009768693146926832,0.2950545707173456,-0.31875113676991684,-0.10234113650932657,-0.44034730198082794,0.000810201155259332,-0.0033480295254059156
2024-07-25 00:00:00-04:00,0.0066187160798052555,0.9077276187991183,0.7212769144386733,0.013626398587458692,0.8561878603091962,-0.7258369700926218,-0.14105199929991302,-0.36687125741226695,1.1915771821446612,0.005595377865519935,0.11847627196859734,0.6608138084627775,-0.19276957111161216,1.3745820694774586,0.020204890290596737,0.3443302719438695,-0.33752856676287624,-0.2064426855444223,-0.4364001552290735,0.0017997093199738133,0.005038652402866495
2024-07-26 00:00:00-04:00,0.004418777884674715,0.7547148758709024,0.8669832956798341,0.029187680838474762,0.9058349128497664,-0.5662389639996596,0.4054818086913196,-0.5118852756283354,1.146321087168912,0.004960393602252178,0.22472971758154933,0.6618183711509643,-0.2977123515859645,1.3911961781054631,0.02383760962544042,0.4497933138479126,-0.3340368359551361,0.12841405653848378,-0.5874864656256544,0.012140028899669602,-0.0156831878906859
2024-07-29 00:00:00-04:00,0.00679013890252262,0.5474109867071345,0.7730943030793803,0.024026759637514012,0.919579374205658,-0.5979866516262551,0.6703949764722267,-0.5970615297343578,1.1231229702357637,0.004491936182601725,0.28897291840896167,0.6780350671649659,-0.3606511973335711,1.1611871967746143,0.022804149893291516,0.5663462258639936,-0.25736973534817437,0.3099610357698883,-0.6641249714226458,0.007837602415527169,-0.004309763752652018
2024-07-30 00:00:00-04:00,0.004736870188061671,0.6466680828997124,0.6982989562937207,0.029552024312148685,0.9193172065083024,-0.5179739259891333,0.748154462984458,-0.6135767106740015,1.1294155820499059,0.0045089055142807045,0.24674053903313747,0.722632781283207,-0.4475554325131405,1.1390940567283214,0.016553600458480207,0.6772273879719796,-0.25659398224749375,0.3625409546108012,-0.7413158296210558,0.005433289659278675,0.0011804002218269716
2024-07-31 00:00:00-04:00,0.0013493139729646045,0.857121904351154,0.7107371085983825,0.016143301799165358,0.9162955126004124,-0.29956929969142876,0.46333174538685623,-0.5919659850041223,1.1265242869264755,0.004581961973941833,0.40823678280202985,0.7641061593367998,-0.4673543644863733,1.141444090601932,0.009017561467329387,0.7601933335893388,-0.260726486746098,0.20866522385457936,-0.7288233207020042,0.003908834550590431,-0.016900221576143237
2024-08-01 00:00:00-04:00,0.0013623011818420555,0.6527182699428774,0.7144905670468148,0.03535161275261203,0.8900305220069471,0.09433249342084617,0.3788871507675694,-0.7074555653209246,1.1777534360555935,0.0055924403647663185,0.3344885113505419,0.8057416561612648,-0.5050746715640093,1.131997505182978,0.009198277356981505,0.8107416617158727,-0.237114173323812,0.19497776570406578,-0.724904028714673,0.00683595709657837,-0.034781617701889145
2024-08-02 00:00:00-04:00,0.0014167122899457556,1.005511174010449,0.8578064548504004,0.044263140045813255,0.8931762881955545,-0.27511478331155387,-0.7477177056605689,-0.7589326108786786,1.2138928171130938,0.0057364563157813395,0.19179328566489529,0.8222687171166784,-0.5753232859919778,1.3708308630851986,0.013529079920933183,0.8362072355194656,-0.2856270604399899,-0.1291155113002727,-0.7850524537075754,0.012837645094191108,-0.018362448538767895
2024-08-05 00:00:00-04:00,0.007590500363129018,0.9452969579207833,0.7577937307347735,0.030398243072489076,0.8790954397889058,-0.509010695387147,-0.713056876735127,-0.7082073619978644,1.2331112520147978,0.008774163654513095,0.2310183635893394,0.8342203729038266,-0.6211095472703423,1.3302238833901103,0.024217778542049165,0.8760503842838432,-0.27017697737852886,-0.032076739689147406,-0.8107900411515957,0.009276459664761724,-0.00534450399281472
2024-08-06 00:00:00-04:00,0.005408651507934265,0.9805602896380151,0.9080598011877288,0.02083039129312532,0.8664253628296911,-0.039995795721760194,-0.9443942739236888,-0.34370399896382586,1.2387550397275457,0.010969102386851155,0.45179936909669605,0.8453106893152329,-0.6096340304076496,1.314224639406552,0.03326957309561763,0.9032968528381901,-0.26478465710009313,-0.08708664015867053,-0.7208824577806769,0.000559218736334194,0.011170774013035567
2024-08-07 00:00:00-04:00,0.003479631031470169,0.8852531822306969,0.9455141965314889,0.02055845813100717,0.8678455353607963,-0.04215990184893828,-0.8006527438574583,0.0060309193701100945,1.208698950663168,0.011521077822222855,0.665287947148942,0.8588030730295971,-0.5775566034592493,1.3135275186262727,0.034472129382331365,0.9358747430125898,-0.2829453356885642,-0.24460249674434564,-0.5985861713009109,0.0016669363820390215,0.012865179609282684
2024-08-08 00:00:00-04:00,0.011143084277213862,1.0018710379342628,0.6416343080525678,0.02854345712444744,0.8893390024667251,0.05930462769963214,-0.6465407234453635,0.22597986589953922,1.2107424635280641,0.00994049982121527,0.7642761002594937,0.884825675629843,-0.5488708464096618,1.3152311370507461,0.02390049343984522,0.9563523301533559,-0.293769311099425,-0.23787654423035068,-0.47164028984780526,0.0002798974691376021,0.0012426045853253243
2024-08-09 00:00:00-04:00,0.006182184009323247,0.9638348069179422,0.006995397607696072,0.02066115745904157,0.8100616206083734,-0.26274570839993233,0.29860297948084813,0.40305800426812405,1.2423468376425593,0.015449774527629303,1.3448826342154512,0.9036260249481921,-0.48378959913908715,1.3614560850274118,0.010687916324405267,0.9536609842835062,-0.3447314551803244,-0.5863144737370654,-0.27477445680719564,0.011983404069872111,0.01172099590500908
2024-08-12 00:00:00-04:00,0.001233923752148396,0.5254332442120435,0.8111900700235737,0.016073611131054898,0.6503816712399356,-0.8315447434034022,0.8831258996538,0.26698089098638655,1.2436963339380047,0.021491620686514362,1.024343001060533,0.9104607837964844,-0.4401560892172933,1.3799517884708707,0.01088677073241266,0.9382633201778731,-0.3529942266413359,-0.5671969350666028,-0.13909506557399712,0.0,-0.015265037787903335
2024-08-13 00:00:00-04:00,0.00043840071150233657,0.4993343493669477,0.9593784689560527,0.013248270398157238,0.3811965997818902,-0.8846861595475843,-0.4158610761427385,0.22941549005711373,1.261038137398409,0.03017845328230095,0.4153453388080552,0.9132079721693304,-0.41743793949578284,1.357943495486161,0.01409824757944843,0.8953245131626657,-0.35364953527053333,-0.62681935638488,0.02455488103029621,0.0035694968328165494,-0.001107438882345546
2024-08-14 00:00:00-04:00,0.003082002517283026,0.772541949743496,0.3309644068917184,0.009221108788482396,0.2067369520252095,-0.572524190622785,-0.2870512970133942,0.05241451015032829,1.2704728037945838,0.02821957846215406,0.3200302876360126,0.9159517475383823,-0.365736280972788,1.3676139601566566,0.009215950753873586,0.8674694883557533,-0.3452941412612702,-0.6297770314539174,0.11585500759569867,0.002477295569827264,0.020462394571449494
2024-08-15 00:00:00-04:00,0.0021931528635673906,0.8216246741972509,0.06768161105697082,0.023135939541594142,0.02024037014853595,-0.011049515312122792,0.21913989002724626,-0.1601806556245605,1.2437749953518817,0.016603461917071002,0.18881851759349055,0.9171381548818132,-0.32282729433660834,1.3361136803803448,0.006519316810401938,0.8336358801774109,-0.31937487800056896,-0.3652828148704843,0.09455629306946098,0.0,-0.0017792974250858684
2024-08-16 00:00:00-04:00,0.004365996466981518,0.8066512396113197,0.061006954417641944,0.016102110188408243,0.40498831970001864,0.19316097153695275,0.2951539152611483,-0.5497344500224206,1.234157651122381,0.005738923902919877,0.10509493281281122,0.9161680400214612,-0.2873061195916274,1.3529987471952138,0.00917375158305714,0.7490020360423024,-0.32552205317029165,0.2937318363186301,0.17005430295515814,0.0,0.017139762027412297
2024-08-19 00:00:00-04:00,0.0044903560559210794,0.7603089022326032,0.13754143132304095,0.018442707101069548,0.7015163284428882,0.6757794162346835,0.5726787084030909,-0.5819838586161531,1.2002552132836026,0.003403543627767654,0.1301118710893215,0.9157735456889863,-0.2710149758814666,1.3375131035167342,0.00962536985796472,0.6561852417424413,-0.2960890506590123,0.4422467236103578,0.21857717243604252,0.0,-0.013480861338858618
2024-08-20 00:00:00-04:00,0.0015983885812100695,0.7693295205565082,0.867041864157644,0.023445954193940126,0.7339337134079612,0.7388227816429951,0.8948599997455688,-0.4722059135689612,1.2079809932313708,0.0041485540971043025,0.1491160619804686,0.9128709824870115,-0.23148152487988571,1.3297415462442395,0.01472573990595053,0.4951274318346678,-0.283161095297424,0.38737639264598156,0.3111981213133945,0.008851334855363182,-0.011068492185470125
2024-08-21 00:00:00-04:00,0.004099071805359323,0.5354841498778296,0.5402274646123677,0.02655475922907664,0.6362185861024571,0.8238169076396059,0.860207752545661,-0.09682764586571022,1.2298628317323022,0.004024249772758362,0.15383623779946212,0.9131735437174273,-0.2022878434658538,1.3211490282372724,0.01275209512116816,0.36656962387578085,-0.27077368674214697,0.45799800898407844,0.3439403951970059,0.0056903646149890665,-0.010501701967727595
2024-08-22 00:00:00-04:00,0.004228547070317154,0.5182125575339632,0.07395748373743492,0.01746579923992821,0.3246855925239929,-0.11526955096441899,0.5715012605750677,0.06183167404828172,1.2535826103157754,0.0054293682561863555,0.13383796401310188,0.9127358695061856,-0.17069107849154794,1.315105026096165,0.009174510218902369,0.2861762817838675,-0.2923990694411587,0.3109864924153149,0.36554195759751346,0.0009534370805849661,0.025555196028177463
2024-08-23 00:00:00-04:00,0.004311537381552842,0.29351693425930664,0.5422205029259963,0.01912943256298386,0.04008876304396669,-0.18483892112473532,-0.07732630345561865,0.18542926334280302,1.206676055954833,0.008014292381283225,0.2002471071351997,0.9116449286375224,-0.13886806420823453,1.2990999892946502,0.013011014374307489,0.22644318428976412,-0.3242769380791856,0.0355936801721708,0.3666740507623581,0.0009703312367129532,0.006127464962406348
2024-08-26 00:00:00-04:00,0.0077086675896624055,0.34416553127689525,0.2362404114689825,0.01810230370739269,0.053785806545152824,0.14809225675515283,-0.19116497292730542,0.37017317631649743,1.2071142006841848,0.008155195820541822,0.15867463346101315,0.906211012967514,-0.1162915206833872,1.2956482737225765,0.013427899028423783,0.08678759761959925,-0.3125342048786296,0.1074690157297274,0.24148347803133158,0.002960985352179208,-0.012315501363724723
2024-08-27 00:00:00-04:00,0.0069421419762234335,0.3554824737706605,0.18816374017887122,0.018993269758149897,0.19783536597560966,0.07312780287635481,-0.08606737557571983,0.3826718817485883,1.2360305921955415,0.008379532833955702,0.25919879036314486,0.8969754846759118,-0.08755196658374037,1.3017647913117179,0.012436556574696542,0.00500615182962391,-0.3096517086906402,0.2723188792341071,0.12941199667330738,0.004884013225112063,-0.013702303467178822
2024-08-28 00:00:00-04:00,0.005234147251206314,0.31425857991110306,0.38111443728029587,0.020052615497072285,0.0688540257303018,0.049979295725919096,-0.18031237861684737,0.2653219616796074,1.2539605663175826,0.008163352059358666,0.20806304705636813,0.8900361230373611,-0.0846597362416542,1.2769841782366649,0.01245378630817969,0.018996040675361158,-0.3168688922016863,0.20096492563156362,-0.07628403597668326,0.014105992350980378,0.027924347270621208
2024-08-29 00:00:00-04:00,0.009493276986184629,0.45843724068298236,0.002110241501601732,0.029273719969398093,0.06120851213818673,0.01618192278048701,-0.07882928635977865,0.13399848314076532,1.1873821202730646,0.00693794023013599,0.19122962455654247,0.8860192465314118,-0.10442279244582832,1.270824704707764,0.013027762548003573,0.1404598904769632,-0.2907992774626927,0.09008858179458357,-0.23951156854115363,0.006904170293315576,0.006757357856417956
2024-08-30 00:00:00-04:00,0.0066443168667892636,0.5529661663170418,0.024489520821261206,0.016589627488644017,9.928630722781835e-05,0.46028142079307627,0.2325007575198446,0.31121186727438205,1.1826088216805348,0.00856113765907448,0.17424527020120656,0.8736044679256522,-0.14972049321780564,1.2592549333021046,0.01098625899045365,0.4631315018055673,-0.2785438798541201,0.08693969012665023,-0.32832622400520106,0.002175736471545292,-0.030876487560238974
2024-09-03 00:00:00-04:00,0.0090743612610398,0.9008854268748074,0.12373097763483709,0.034543949386820115,0.04350815532805655,-0.2227631558928472,-0.4197713141520749,-0.10282347340867141,1.2135531096285552,0.010709073078653238,0.23286308767811056,0.8569820171834467,-0.17271609080261652,1.260931059348214,0.013760695108844713,0.5493637856112181,-0.32387827595474994,-0.3331499155791619,-0.31231652222579503,0.018978692383824356,-0.024518643664506623
2024-09-04 00:00:00-04:00,0.012724333776899839,0.7084265008655375,0.017950696372220885,0.035022132532007325,0.057811584872833915,-0.36394782397890024,-0.23034782539796186,-0.275134849152926,1.2437739903049136,0.010443444257013004,0.366566876107244,0.8505111621093645,-0.1674535033713486,1.218237012583228,0.015584485276345678,0.3786687283747544,-0.2849477816430462,-0.18963093384661175,-0.22989055073015574,0.0006920739734455482,0.022436791445808124
2024-09-05 00:00:00-04:00,0.02206256952881269,0.6338749561446247,0.22396987113943642,0.030537549162677754,0.01709062112220442,-0.3463361974671844,0.22306235194398635,-0.30192747365375794,1.2254360401847724,0.018319752409460703,0.29207347054969834,0.8484021828139304,-0.1837821355214088,1.2450556298443236,0.02283032545388159,0.0694528453869598,-0.17721002913981201,0.10680551573354606,-0.15522979618386826,0.014354020237973488,-0.01611090279220806
2024-09-06 00:00:00-04:00,0.011503587856199244,0.5391328387337783,0.6009674681439255,0.03497705791787184,0.07984355603070048,-0.5850666629551413,0.5367377262930251,-0.48376188208641213,1.2422812164989772,0.017915674540576968,0.3608543337520415,0.8409590812109012,-0.1985146435996436,1.2088838337636687,0.023177296637293652,0.007345765905963011,-0.16799172731872086,0.16543654623626725,-0.30237159174784356,0.0013158829214016574,-0.0074817102754780596
2024-09-09 00:00:00-04:00,0.012033835455881325,0.5077607551446477,0.5566854999079727,0.015018491930980286,0.4214011388845529,-0.24312762018025796,0.4633772751786804,-0.5061100226480142,1.2299171133528242,0.013073066026288377,0.6924931757448544,0.8372280053458261,-0.18080780644851996,1.2122498585659038,0.02257496476388171,0.014638207636323718,-0.15621356516013624,0.34289086706320676,-0.3458439933858978,0.005100603584755942,0.005831422947411236
2024-09-10 00:00:00-04:00,0.00541800330640246,0.7577633821104909,0.3554195089326472,0.023569445201221305,0.5348242823536411,0.6079270086054266,0.7540145182602698,-0.36730388918900914,1.2070757784342863,0.01275190238676879,1.0273640331725307,0.8341246994047038,-0.1537502766068484,1.2169725167045593,0.012525626856507594,0.10091310617472331,-0.16977775693640426,0.25039043632016816,-0.3547596307024576,0.018599993652101122,0.023048622494061144
2024-09-11 00:00:00-04:00,0.004441898226838215,0.8435292183646449,0.0654308856042424,0.03463811885033128,0.5054338621636717,0.0476152381984456,0.5740197529320784,-0.3602740535845448,1.167403502625761,0.012618060853837829,1.369469197511309,0.8297552084831087,-0.11470249063741683,1.204917511607705,0.00931212651257301,0.15940264711717234,-0.17317328851913885,0.13842507612240829,-0.34684166898115365,0.014925339463490818,-0.00013864045274514236
2024-09-12 00:00:00-04:00,0.008040801571870535,1.0119772595119818,0.010835838816686486,0.022243723009750766,0.3001722286065136,-0.2858350169792655,0.23488237635225745,-0.3137639614707298,1.1605715808027293,0.017044258570561868,1.9116287935366811,0.8182675710716059,-0.08861481698162826,1.2161184068837765,0.012179118929288548,0.21051765387849194,-0.1746534877759449,0.16120280003193732,-0.36740014485861955,0.017684427022224326,0.012164964252532995
2024-09-13 00:00:00-04:00,0.003029753896690067,0.6753238844464906,0.6844015009881927,0.015672249424360508,0.24156499423862132,-0.6206474795255479,0.5894214102033728,-0.3638229784486708,1.1374097509420342,0.018400039871016568,0.9964232794610102,0.8064214821148425,-0.07723477143349944,1.210658955126972,0.01315560869147492,0.28354005588258463,-0.16228310023011971,0.22308830392109819,-0.42824620234081623,0.005361553493290624,-0.0021851784404676167
2024-09-16 00:00:00-04:00,0.0011948650912334544,0.9275347191500063,0.9231293334482019,0.01997012917421994,0.004873081608227772,-0.7737975212599344,0.33866594961756374,-0.3633482867055909,1.1398329279968453,0.0208610686329238,0.4163782358746222,0.7890825658067141,-0.05734924655055493,1.2076004529487563,0.016758258029003437,0.18911947129707463,-0.16110517466324978,0.2120305974417441,-0.42930301617925515,0.004890648109856624,0.0038325195358808184
2024-09-17 00:00:00-04:00,0.002161528222880895,1.0359936619819383,0.7863205588625528,0.009698220499196449,0.332702783248074,-0.49443786912195264,0.24552214168327172,-0.4519768279831427,1.1148532232443584,0.009109219124891687,0.16571688459922576,0.7712455279705482,-0.035601844171697455,1.2351452719403861,0.013493301210325603,0.12963276464680282,-0.10241886546261483,0.6154705260929314,-0.43639623866382576,0.006010141331904137,0.01595308768375925
2024-09-18 00:00:00-04:00,0.000512145082430164,1.0752373245552729,0.7834595743128389,0.03298348205470181,0.6737922998065542,0.8344679227190893,0.983183388973812,-0.37003498284609954,1.1287684252867598,0.005300891568871296,0.18519514963319303,0.7548836068337513,-0.09056422233075707,1.243517010333512,0.006473055231634469,0.033082370799548906,-0.0063337110136661165,0.6468789538011613,-0.3640595506081669,0.0005451944122928225,0.02764733741630776
2024-09-19 00:00:00-04:00,0.0011426322873643545,0.9001645659556491,0.8115338762514144,0.029697794764069817,0.7096187867913251,0.8884224625865137,0.3806668349718982,-0.21161370036742785,1.0833718177491705,0.0057682645100603815,0.23352455760447116,0.7206520570944188,-0.10384807532123581,1.2242040882094567,0.010223435192678335,0.0003885397111271726,-0.020326514604462848,0.47636815416753253,-0.22341232021076787,0.012220766410291658,0.024683372954131144
2024-09-20 00:00:00-04:00,0.0049540887531341355,0.9195903429581094,0.7639520687257192,0.0404224589311964,0.8814537450324663,0.9488761121828291,0.5669144998262553,0.2514032267432028,1.0461481794711551,0.004635690717881613,0.2720542518570332,0.6655632750223209,-0.07320237900058237,1.2177719910236167,0.018790883459594978,0.05146911808319007,0.03176748194075954,0.6297209565169172,0.06405534909146152,0.010301224284494316,0.022941470877145154
2024-09-23 00:00:00-04:00,0.0031502193427979503,0.612805392066606,0.9364868377267498,0.03260322589703449,0.8870889275845926,0.870873757186152,-0.02055660013814254,0.6701072505041784,1.0174947459547665,0.007449024926670888,0.38837727081905704,0.589368702556651,-0.045231321319487254,1.1857306621206392,0.028561337611358786,0.13591320999190543,0.006222269368535235,0.3461355752303368,0.15926950133200107,0.0026744662945831043,-0.0021179805192771406
2024-09-24 00:00:00-04:00,0.00047169479776962666,0.6178124309534139,0.9937367759763635,0.01784401353086127,0.8780305360699434,0.6154408524287786,0.3984463972951994,0.7598156761676643,1.0180441131749731,0.011793054155089503,0.5193953301499188,0.49369158769696725,-0.034555404539474165,1.184367388844709,0.03523156911681681,0.2892667836547743,0.009068972660782652,0.40165309331601035,0.1401233436970903,0.003445714643564329,-0.023099164861722143
2024-09-25 00:00:00-04:00,0.004496650222778178,0.565600235939791,0.9223074599348876,0.027784790867134774,0.8918638026096666,0.24389733913589168,0.23865578815979357,0.8028083543672929,1.0460466685325678,0.011815079302414178,0.4125164258513056,0.4076140603814225,-0.03436456968982517,1.1538353987395809,0.031248564271962737,0.4492893594549917,0.009912429993533204,0.3605145903655099,0.1403295353034883,0.0004995119207380967,0.026329284575238754
2024-09-26 00:00:00-04:00,0.01579956786527574,0.630698215169691,0.26939644286725295,0.0444444335554205,0.8488831976470956,0.356101699922527,0.4800379318202283,0.8237735796103349,1.0256358777876138,0.01520697013768081,0.2547792643038056,0.345703488848089,0.01548502532011156,1.165821917856815,0.01885443522336213,0.542444038294928,0.08003008311545412,0.4526328545586183,0.26845226813481377,0.005651828139187155,0.02864255605076571
2024-09-27 00:00:00-04:00,0.009067969450498647,0.6347252049192776,0.06513639179786147,0.038658447265624916,0.8435755022854665,0.31317102347973913,0.20493232024007527,0.8127395958821659,1.0044030171606573,0.015054368583102818,0.3201812340744338,0.2656783485964118,0.06531332656896431,1.1462274281750569,0.01245031868334336,0.6119509869113016,0.06860979533438966,0.31931279993600264,0.32938025317095876,0.006535362830528725,-0.004237298054834193
2024-09-30 00:00:00-04:00,0.016551513171760606,0.7004220980544547,0.24962208284041953,0.02199802607494902,0.8666272131328249,0.6980095552430768,0.11174996657384252,0.8046577629645185,0.9927564780583428,0.014722580647840133,0.3046081704168673,0.1737491156304393,0.19154481652551159,1.140561728557802,0.018814837553783388,0.7380686108086241,0.0988039097332906,0.03318595700912439,0.4667213541691919,0.004132186958371329,-0.009604905392832874
2024-10-01 00:00:00-04:00,0.01176875631071528,0.5205245371689737,0.598137104697709,0.020820635532575283,0.844429445546095,0.6934512171240842,0.2225863332093007,0.7575104848704419,1.0059156598133618,0.015519564885914978,0.7074572851771375,0.10714395628774019,0.2197514649047822,1.113698591744133,0.021784306246145396,0.868260881603505,0.1196968811194827,0.1950747021727752,0.49554524316035153,0.008670156182250621,0.021851307182593427
2024-10-02 00:00:00-04:00,0.012281791811590817,0.5202491780580358,0.5659791197311702,0.02099580122419968,0.7589692666137711,0.27535201233541273,0.019667229439019256,0.4639621206280457,0.9836903324469051,0.01610311888846488,1.3732495184399816,0.05931310889246375,0.24882660755302194,1.0822295879817145,0.021183567678048635,0.9113974034579344,0.08562290741016725,0.09910751123349462,0.4675886575439443,0.01895613953911125,0.023666522289356395
2024-10-03 00:00:00-04:00,0.00642443748989709,0.4261143716823192,0.43735021257723855,0.02626532158246702,0.7540314464268001,-0.38363149718553624,-0.13725761337236142,0.3337791715556094,0.9665363147454753,0.011110961498716095,0.787798282477381,0.021201036830459114,0.2843787209107538,1.0543368856028208,0.013299728479521298,0.9230321725424795,0.11567699812172581,0.15864375356227858,0.4749535681441195,0.003238146461504474,0.004929066952993999
2024-10-04 00:00:00-04:00,0.009218304911059634,0.4526852938609303,0.48059249415945926,0.01706007581337688,0.7521933794112083,-0.35951457871631737,-0.03083944215162281,0.18488245085512264,0.9671247863736798,0.011664732866894926,0.7733846974834637,0.0010713121793710066,0.34096518279774235,1.0466035506091005,0.016540476639262773,0.9499842350053154,0.11379155134318569,0.08740953064289478,0.5879046617954603,0.004521046296462722,-0.0022189663666269954
2024-10-07 00:00:00-04:00,0.004854225973773082,0.6667418449276127,0.8345506349892358,0.009904433432110022,0.7738513545477026,-0.40028310372177084,0.44314489313931343,0.22918864095354222,0.9692755762774324,0.012378038403488318,0.814316987840759,0.006491863568739843,0.38300915090566917,1.0394376256767952,0.021290527250424116,0.9576966730422622,0.11440576207568036,0.16440015415344655,0.7164283784445445,0.004544388150026481,0.006554397881409768
2024-10-08 00:00:00-04:00,0.005108053462980095,0.8094998337563216,0.8220125108297724,0.03385417254622822,0.8492661131843492,-0.21633759063548447,0.13654221754006296,0.08124929376295205,0.9663090661904074,0.009336584098684446,0.3278662677571186,0.03524832300164014,0.39822434814900465,1.0299626620900104,0.020988109799987997,0.9560711310061847,0.11022386690596056,0.12702433860228593,0.711394777601256,0.014441301754553024,0.011976527538678061
2024-10-09 00:00:00-04:00,0.002985434220995926,0.8476163446265954,0.7067467031041748,0.020465141118958894,0.8774101849796632,0.42452808830259436,0.7832257025751129,-0.11945606833165977,0.944158179071419,0.007981974191893216,0.21025952223915778,0.08707993927419595,0.43603817408687207,1.0218615209983195,0.012426174005422841,0.9529276331304687,0.1252474415017628,0.14615123126330304,0.683291536371522,0.006162776503452017,-0.004825804375560128
2024-10-10 00:00:00-04:00,0.0009452367115730244,0.5660782950797846,0.7881321197030855,0.009414462792072933,0.8865580697384428,-0.637029762604248,0.5915841461572171,-0.6042916136697046,0.9398023703796313,0.0055872607934994295,0.3346932036939209,0.15434614338892608,0.4257228789863764,1.0327337309650875,0.008245999525114171,0.9537485736886205,0.13775836263153696,-0.00990357295868595,0.5907707851393768,0.0019517585754703227,0.009005946786272201
2024-10-11 00:00:00-04:00,0.0011321899728156477,0.5527472244222388,0.7069412522802067,0.02462247566502228,0.8472215608261752,-0.6139767683643089,0.655781459465372,-0.6127014126810929,0.9233544166208314,0.005835205084493918,0.28189811337344,0.22751273851703813,0.413745950902274,1.026950363897658,0.00763907933513124,0.9453738936765644,0.12966166067294801,0.0885785430108135,0.47808399980350724,0.0005806669366934825,-0.008810967857682206
2024-10-14 00:00:00-04:00,0.0009281502043797784,0.4101786421234975,0.8273351562078737,0.015997230974938065,0.8705605901972648,-0.4125243239022806,0.04146191385621528,-0.6008622257435786,0.927783008693593,0.005270396183411493,0.1777070530429664,0.30432733629921127,0.43649185201534557,1.0111176248827596,0.009050814029938934,0.9387479343252106,0.12180041847317644,0.27077919463203365,0.4184081348886285,0.004718651916094034,-0.009582140720182264
2024-10-15 00:00:00-04:00,0.001830063818066165,0.36906961407197597,0.23595613913061028,0.02288728894470245,0.7646233201034864,-0.35375829860906916,0.17637543776265774,-0.37863913918159936,0.9408063179696233,0.007838409084869357,0.16529244705748336,0.3813256844039155,0.4602784380082068,0.9925184766509615,0.0060707899953251045,0.9202896848561289,0.12076293634984823,-0.0059577230710715955,0.2967427444666168,0.008215926916845213,0.007809654016709411
2024-10-16 00:00:00-04:00,0.001789205319051599,0.3606297253493626,0.42755621829088425,0.016627910525299806,0.5216531648842848,-0.5178239451391345,-0.2773390564019115,-0.028747429151302475,0.9175671557924928,0.0064847869321644665,0.21538203395992817,0.4633712371564356,0.47119026017354915,1.0006605062675293,0.006907893760523797,0.8886454218154128,0.12838615889203228,0.32766675484941293,0.07743813699421061,0.011279083961664313,0.012838225057518082
2024-10-17 00:00:00-04:00,0.0020241493010681806,0.19883818981009968,0.2783518073729295,0.02131215892124939,0.31910661938297674,-0.7709828024576536,-0.7254201181265021,-0.7544043207883807,0.8797680078740201,0.0033903156619884797,0.37533787544550884,0.5359283137314557,0.4474528262254664,1.0139331446143978,0.006502351551665671,0.870174819995926,0.11160155154335252,-0.2756191526175691,-0.11701323537896818,0.005371333481920212,-0.010391417480022813
2024-10-18 00:00:00-04:00,0.004587913804272203,0.19251298538881478,0.0019010234445721442,0.016661843410723635,0.3327555991825849,-0.87347681818317,-0.8919255469799797,-0.6865091855468893,0.8860296223132745,0.0035430601769514953,0.20134445570095127,0.5893469272848163,0.4568336811458947,0.9951478043196103,0.00836760232750518,0.8596705135188178,0.09022609695633493,-0.484943965015467,-0.23245994548579443,0.007009486925089699,-0.010500904779152775
2024-10-21 00:00:00-04:00,0.002810763388576808,0.19896680466822936,0.21374092370078915,0.026708262407778502,0.1858588845748164,-0.5935158491808856,-0.6205903028293367,-0.5360709215824008,0.8999442464371369,0.0037012924324848133,0.26250035555422474,0.6380896950366507,0.45399965324733144,0.9910936146964625,0.007418256052389679,0.8176628576381652,0.09538555664001798,-0.34737681362937195,-0.19772087276565356,0.00647470889611774,-0.016093274376493105
2024-10-22 00:00:00-04:00,0.0049893413623667525,0.16867933592214154,0.0006475987365077518,0.027012861118692316,0.011561769131160514,0.21218688752709158,-0.2927710836456761,0.20189629969298875,0.9003193378597613,0.0038948188155722586,0.4773825812087246,0.6869817910178564,0.43990182632525665,1.001122825424885,0.008838077917205006,0.7423601736229025,0.10241733924591967,-0.08961031557449435,-0.20320879346663853,0.0028465521953145796,-0.012800729871454086
2024-10-23 00:00:00-04:00,0.004775781160644133,0.16880140516809702,0.6315456268801354,0.016778199719769595,0.350901479621889,0.5714620828310325,-0.24355460065081516,0.45921924263569547,0.9080630439434115,0.005770157906272634,0.40936788777048283,0.7212907501783864,0.4306583960120007,0.9986502306711607,0.014332550654353998,0.5829151893313984,0.10646898617224783,-0.21342370916760955,-0.2661451769859273,0.007045664943113505,0.024132486071682502
2024-10-24 00:00:00-04:00,0.00017281464670963767,0.18694245196318685,0.9934317476244067,0.027240129778102078,0.5089953481815714,0.49753920387498646,-0.05675873200896993,0.4542101787591512,0.8877122190012063,0.008657218324505287,0.48612353132047614,0.7479426994808354,0.41759963940834105,0.9765853789966996,0.020178107014395368,0.34367810015800254,0.09693834753155099,-0.24919298528643327,-0.45537327863507815,0.007885257548133016,-0.00597898712168754
2024-10-25 00:00:00-04:00,0.008975887912854742,0.38800989279468356,0.40038254202652224,0.01830689897057441,0.5184815571562125,0.6995313595466429,0.29998307401277263,0.53519692512426,0.8779589913066284,0.00858400590800396,0.6097188755215887,0.7806405729132738,0.39236311242245925,0.9980036176431254,0.01526577496624834,0.21061780521586443,0.10367383352883136,-0.30496454106542115,-0.3248267686177397,0.00221551348732976,0.005543271592562293
2024-10-28 00:00:00-04:00,0.007707104027458086,0.5227654116278796,0.027473477434810958,0.032515347550584654,0.45026788657644096,0.3446898820975747,0.3232821623796452,0.5576262022552899,0.8427505620627666,0.008793544735029411,0.25177212829387524,0.8015446391442921,0.3828288392943259,0.9621010296630711,0.01107673540098982,0.10187054474449049,0.17102351718467673,-0.18058443070441654,-0.2746964176737196,0.0004835115907679527,0.005512524134302366
2024-10-29 00:00:00-04:00,0.0036558010104260907,0.6048738742208745,0.3939824641693881,0.010137440227000583,0.3478300350947313,0.2333197738492706,-0.019995963543990452,0.5098248544517485,0.822740222900869,0.009693060799462059,0.13037085896503103,0.8084662735236304,0.4121243357672837,0.9836190617506461,0.009637665182671942,0.025164884825511248,0.16253314329670682,-0.09955155704993608,0.01622199917542438,0.008389667015421192,0.03464349995263505
2024-10-30 00:00:00-04:00,0.00264070673581651,1.23788747761727,0.6544724221738935,0.05115685869778007,0.2689355231229458,0.8531419592152215,0.5769372991629316,0.736056522544096,0.7909420824970039,0.010479448583155686,0.2512076117773286,0.8101679506824563,0.4635706968121036,1.0016855276029604,0.010664647809659217,0.009701157345120047,0.19890796162756422,0.3604255362982555,0.4472308766405765,0.0,-0.04487031012901865
2024-10-31 00:00:00-04:00,0.008638264558432881,1.0279015256709407,0.6078969730790226,0.05191161707232439,0.0027442108771254603,0.7529722474318516,0.9521167708716735,0.641899131616985,0.8373496565330426,0.02470456077029565,0.37581068558934844,0.8150383680413547,0.4764519409258203,1.0012246833085834,0.018527199134026895,0.005998806368092384,0.23502720221373957,0.5778866488452293,0.442451718409561,0.000672693765572603,-0.01251171850259547
2024-11-01 00:00:00-04:00,0.02217638053738808,0.8839694639835168,0.10004568937077404,0.03286171345793579,0.03766832631680035,0.5170604641337604,0.9930250907555083,0.6072886065889402,0.8588682277566253,0.02075458556376603,0.35359270911290996,0.810974931628283,0.47726577566478934,0.9931641870535243,0.019718130797962148,0.04876620900054504,0.23774857250074308,0.7435474716018373,0.42719219222868515,0.006549002151772881,0.026057757349485566
2024-11-04 00:00:00-05:00,0.02759469885065976,0.6747794465594451,0.12412396608933857,0.036382115791566534,0.023560880309855606,0.5230809079943779,0.6909741503938067,0.5611146965260944,0.8380965449508543,0.02147406462914138,0.35290955673356805,0.8036971834013018,0.47116037853845877,0.962686351080575,0.022010821153672668,0.13845958544000095,0.22189774603032725,0.6034061805368692,0.4582078384203032,5.9904741400906225e-05,0.009669211960163793
2024-11-05 00:00:00-05:00,0.025817532414396157,0.6299718126248641,0.16432707382961984,0.024671033909305376,0.0953710458913922,0.4484479312254617,0.6657511850392822,0.5374223896116561,0.8397996701078768,0.019816973848284784,0.33676117465284683,0.8041263809488542,0.4522271447716024,0.9564217586429172,0.021691739475336497,0.1627674802329492,0.22214032184890636,0.5494837118752968,0.4881366495275006,0.0008223648092753828,0.06565130268717811
2024-11-06 00:00:00-05:00,0.028668110716489118,0.9316261145706642,0.05822569293646693,0.04367685982111757,0.12809644456261096,0.7493020404896807,0.8298654704223025,0.7076408807952874,0.7760325486620939,0.018906211234310417,0.21254371299590671,0.8088084968677488,0.46314560472393435,1.1415754265323075,0.02085805161531119,0.11661035293142416,0.29884643879354766,0.7366899858475198,0.6028813265929429,0.006016723292783755,-0.002381954093866878
2024-11-07 00:00:00-05:00,0.02563831468961319,1.2695100831995916,0.7284047999529617,0.01607650875714617,0.2561962047762998,0.7533973947471191,0.8217216895360644,0.69819975724698,0.7770239754831747,0.04356103813740724,0.2445556751726777,0.8152814747047223,0.45898557077000096,1.1362516311170434,0.0367747021459674,0.009480434465747858,0.29986270412520194,0.7939914846976397,0.6091193708163227,0.011188342457225265,0.0037985759668413
2024-11-08 00:00:00-05:00,0.012692605668769135,1.3980678037939336,0.898931643177691,0.024233175482069345,0.4366357814710069,0.35094392556324633,0.9251242317908581,0.48701395813971654,0.789923163516403,0.04924176405515083,0.4804351271317258,0.8211700593635572,0.41732445302564114,1.1479334261550496,0.04233601494844316,0.09603736853786678,0.2926085167935946,0.7323550797649051,0.4554560752349281,0.004038890340758576,0.03513892580144651
2024-11-11 00:00:00-05:00,0.018718601090414278,1.2543289773819986,0.7882817901784679,0.03172419621394224,0.5364387159660559,0.45435699282768216,0.9579733710140492,0.4090468907598201,0.761750558897242,0.048096213383880586,0.3142020085504083,0.8309938797471392,0.4060117897014531,1.1112442277066354,0.03491406791435292,0.23901126776453382,0.3068592156073408,0.7679962975614949,0.44066071417781233,0.006578278478323866,-0.0016710956001662058
2024-11-12 00:00:00-05:00,0.018496297119763926,1.332595275126852,0.7814641482831136,0.013388653585362684,0.6531504280307041,0.2044113570441926,0.9573421902143618,0.1969672860312393,0.7761037257223162,0.052030023842577204,0.39779782464937463,0.8376936945150151,0.373928620106668,1.1249267927339115,0.03418905452085991,0.3788535484224376,0.3027863732733489,0.789067713515257,0.39152069585935567,0.004935432155152744,0.005858793509159854
2024-11-13 00:00:00-05:00,0.00650462650153424,1.426273606135295,0.7532593946696144,0.016952728121062677,0.7344965789808873,-0.4567378949772777,0.9008448363114584,-0.04301017422630248,0.7611815733500469,0.046589192288984185,0.4655040238332266,0.8493485585161428,0.3406160285260987,1.127697886938829,0.019025163703180817,0.47928501566776543,0.29652080606101144,0.7895107215504724,0.3547321976123761,0.0008423905446601511,-0.0039239515660484114
2024-11-14 00:00:00-05:00,0.005282240201990469,1.4325440252518116,0.8215808295624305,0.019516281105969598,0.9157284525272554,-0.31718234142031154,0.8008763869119853,-0.0980896058140063,0.755721857018041,0.017645686951055718,0.31296246839382724,0.8570168634958719,0.2999486607987839,1.1312700155042994,0.020201313098700834,0.5849797568913815,0.2967006059846635,0.8091275110578047,0.298154636990051,0.005337792403789101,-0.0021011194219777707
2024-11-15 00:00:00-05:00,0.008204790203269323,1.462159951225561,0.5381570723811004,0.016882393861601924,0.8745448737722196,0.37827581526073517,0.6912944607799315,-0.060241376334752385,0.7493599861260422,0.02400503533024889,0.1600655433218394,0.8624618422125786,0.2740373622551751,1.1388799098006788,0.015665151826394944,0.7050707553427309,0.303243313565304,0.7692981323783622,0.29922131097277005,0.005052054696839194,0.015054205476048743
2024-11-18 00:00:00-05:00,0.00041686260399273776,0.9986434358712247,0.014013178550629005,0.019808189763852773,0.7818550838392627,0.22446379070779018,0.09023104371100311,0.04685718717640948,0.7571123032850677,0.027827276560504037,0.14576171076902414,0.8657769443435163,0.2604107277151021,1.131892926367946,0.002398635808232601,0.7840363539268518,0.3240212729764565,0.8321305462784248,0.3638684296129546,0.0029190865788351257,-0.007363515323975944
2024-11-19 00:00:00-05:00,0.001834869923465457,0.7600666908046393,0.3541741523809389,0.018330365325485237,0.7269858378138176,0.48231633229520865,-0.017707872648146543,-0.02278940244763352,0.7674022607023895,0.02330023502725655,0.12895527435532148,0.8725035037184714,0.23692753255225069,1.1261535328141703,0.006240986054856092,0.8377938172548723,0.3269861477087499,0.8147586369411285,0.3981872668210631,0.004818257867298651,0.02664284490237434
2024-11-20 00:00:00-05:00,0.001923057866867764,1.1365751419680308,0.18894771689417136,0.0395025539892325,0.7333040032539636,0.9069680953762377,0.7730627671653115,0.09051716084108416,0.7382814002724181,0.007689007719162946,0.22107482856679683,0.8797414687325835,0.266966941422547,1.102643169377455,0.0056269148214442176,0.8489377251277368,0.3341409834559047,0.6909336747282766,0.46383739383689504,0.007689085649085234,0.02757986872038587
2024-11-21 00:00:00-05:00,0.004289808170923672,0.810660310448391,0.6742733756246649,0.021999969482421826,0.7470189453190346,0.7980292808182156,0.1589198428978186,0.5580604144001735,0.7086215550217755,0.00824605111849752,0.27321610126323204,0.8838489453302092,0.26731223736785714,1.0792595739571493,0.01308226985214842,0.8550249531569646,0.3269477834594968,0.4994798220351733,0.49017761639864604,0.009300003051757705,-0.015252020737684835
2024-11-22 00:00:00-05:00,0.007627691308607901,0.5957439894808961,0.8271163586041665,0.02230003356933587,0.7168364979061792,0.7542321637290066,0.4616283741298611,0.8066416331378796,0.7396911339217066,0.013581195177339628,0.26988519675735206,0.8837248992958029,0.25743950628911944,1.0744979583606722,0.024129473792366754,0.8769494193170992,0.33796696518948754,0.5561711032732116,0.47152535899150794,0.011800003051757628,-0.005632082792140336
2024-11-25 00:00:00-05:00,0.011225670745523882,0.5961990490832393,0.6859561148347171,0.017267225419475885,0.6912723815425031,0.5080688149689093,0.09006650833881699,0.7368995179564306,0.7489074000978326,0.012158406289120079,0.23772621251320317,0.8891441717864083,0.28815646376083154,1.0590619522482476,0.021780391141866473,0.8810957478760609,0.3096727597425959,0.11576808407860976,0.4638770985960885,0.0009981644982404979,0.00020225906445814346
2024-11-26 00:00:00-05:00,0.01777343300749843,0.707002427137347,0.37816379574369646,0.01754924174282124,0.7174644953499972,0.3004428703776464,0.12582833091259596,0.6971317309663186,0.7256370034134945,0.01145216183688341,0.6421467122556134,0.895240270525089,0.27075427552409365,1.094741040365625,0.019474146773135737,0.8723499813907531,0.3754416306299173,0.1194692398972809,0.37874624459326556,0.0023467335161763596,-0.00141568911690515
2024-11-27 00:00:00-05:00,0.008042926119002296,0.9736272785274572,0.016644726032736267,0.016296582492847426,0.6730687529429006,0.04324877186777121,-0.16820153543027141,0.5006285842303657,0.7088488779390473,0.012569612412145556,1.211185448771886,0.8966854698359591,0.25208536573117274,1.1218203533160809,0.010424859841710613,0.854562187982648,0.3634216118080533,0.15858608450765996,0.22499370297486818,0.0003055487798289602,0.002126503651210143
2024-11-29 00:00:00-05:00,0.0018245155321068311,1.1009157195744879,0.7235333330377107,0.015066636230900524,0.5964326834440711,0.2838672186277323,-0.18229329352686388,0.35072256948754865,0.7232152525048983,0.01441589497444456,1.1132570261606232,0.8963180194946949,0.22022511938119116,1.1542910956969934,0.009354262020315363,0.8504356068579008,0.3436381296817228,0.14813761129909972,0.22087643997179035,0.0,-0.011317583288216304
2024-12-02 00:00:00-05:00,0.00031866168005668596,1.107858087251633,0.40711201382888035,0.022727272727272752,0.4608518325093897,0.31856468337296523,-0.4052130268116924,0.24899946530258354,0.719708968063282,0.016069473006902674,1.0492854032704586,0.8962819149650901,0.2624941176407675,1.1760598110718614,0.002684771487962479,0.8120823411443443,0.33512814761123677,0.15365733472056575,0.2046687453384798,0.008686797787444755,0.0014308819204413847
2024-12-03 00:00:00-05:00,0.0009167946430700768,1.279294793103531,0.4565115238112189,0.008124332708849293,0.14692300576524264,0.3368954040735581,-0.25914044724142354,0.23652568098284393,0.7133036607695894,0.01663158954442504,1.15485631083665,0.8941473648477051,0.2997429806824039,1.1868786403517575,0.004752904683786335,0.7626003103424916,0.3246242639222634,0.14872913970689475,0.20551421166917636,0.0009140242324502054,-0.005103142592269405
2024-12-04 00:00:00-05:00,0.0007537207114364299,0.9887598596079059,0.6590156799075167,0.017697370815346433,0.00555222295164872,0.48026244315108074,-0.07413776251790559,0.3218806144462279,0.7211433333651003,0.01558173273120516,0.3049672801455745,0.8921105028582751,0.2687026410565797,1.1883746629611232,0.0054546543089109755,0.7087410293851822,0.3317265683965792,0.1740754420808254,0.13602245625457407,0.008645302137448716,-0.0076937308843879615
2024-12-05 00:00:00-05:00,0.0006646455330602397,0.7330637617653885,0.7859577815631255,0.017554655786731963,0.44349924581274186,-0.03513739410499578,-0.19112213730887911,0.4827067138857435,0.7434848662978522,0.004791487979179309,0.11493035148482283,0.8889980305605762,0.2297497870684744,1.198709556357588,0.0064901041722261734,0.6649315357332556,0.3338139841486577,-0.2093935851160511,0.07022118710388432,0.0007186088922346754,-0.0016542008256099638
2024-12-06 00:00:00-05:00,0.0005990578365182403,0.7737804025146499,0.8844124830460371,0.015206385109618824,0.8615202384289697,0.313358250303677,-0.5234047374017561,0.6029488329059718,0.7446135295346962,0.001683999314934901,0.13248188802520194,0.8833119499540123,0.17196134407737584,1.1966231775989078,0.008391599657975576,0.5207749214629263,0.3338880237436509,-0.24183644129885176,0.2167839767648008,0.00899971824827789,0.005798964369947424
2024-12-09 00:00:00-05:00,0.0004036659772780972,0.6428920422690523,0.8746900743448113,0.02355737135961396,0.9019632632967461,0.06896611859494002,0.38152953405407175,0.4726358920267184,0.749326409354133,0.0008468507914789162,0.15241020901109073,0.8769186555954387,0.11285928707147981,1.1983008957096808,0.006596728222755211,0.35328849440223375,0.32842460928775574,-0.11427679963229004,0.35442955533500486,0.0018159836580715055,-0.001132641496086051
2024-12-10 00:00:00-05:00,0.001229098134416301,0.6730497247014248,0.5211682323191259,0.01485660451133299,0.8458162184030227,-0.006163369901117666,0.3601105293292877,0.42310547481207134,0.7485368213046973,0.0011627411181028863,0.22553651727384785,0.8712158058961238,0.0535993294955597,1.1986754081464963,0.005891937701206223,0.20466537836719245,0.32830182061065527,0.028763178641844737,0.33356840844882263,0.0028688399966637665,0.02659265318089843
2024-12-11 00:00:00-05:00,0.0009133831828181853,1.3484163980651935,0.05359873355730883,0.03287855683918323,0.807866910593135,0.754854845142966,0.7147167499814118,0.5148717618102077,0.7319413410639971,0.0013315019744306793,0.22294525179452063,0.8653187541865773,0.003522221778562169,1.1621563991342896,0.003565710807994628,0.11397014683309477,0.35155954071769746,0.6422424891553113,0.4155036004160064,0.004513771299280302,0.0006024102682486987
2024-12-12 00:00:00-05:00,0.004517679899267422,1.539757528443426,0.6185352963849232,0.013726107404999565,0.0678427031097336,0.9356669639075345,0.8760139497364676,0.6187672292342256,0.7431703719942119,0.008321779607549944,0.2477094189371445,0.8649036563940445,-0.04103232239160824,1.1830202963014906,0.012486969300875539,0.103613570680685,0.343909473635002,0.6824341578798306,0.46207574584570604,0.005209941741113149,-0.011338616491105569
2024-12-13 00:00:00-05:00,0.003085278809942696,1.281594328986636,0.8242415408891777,0.019238458018378767,0.040827274560537495,0.8034233036051032,0.913229710697505,0.6770370762442538,0.7724758615695119,0.010945714794761948,0.5230964079750686,0.8637460207825396,-0.07996819578094949,1.2023105999613286,0.015289447791143601,0.09787524838796637,0.3642829573547318,0.7272275082278298,0.42092218172194046,0.0027053771023071486,-0.018471524938554085
2024-12-16 00:00:00-05:00,0.007095943383099407,1.12136619480132,0.45104609394240314,0.01932655827147125,0.2467041108607073,0.7915378393816151,0.8096429518902414,0.7674857173573532,0.8064393356587475,0.008203242607670202,0.5423740299087146,0.8589076094074433,-0.1134285845473589,1.2217226823267917,0.013243061309196311,0.04525234380492303,0.34320829258071534,0.7130119088975039,0.42134655230783935,0.0016274645172222571,0.00041355294314060487
2024-12-17 00:00:00-05:00,0.014717440169271422,1.1379608276137385,0.03680938109955439,0.0178162015489146,0.09465732075563262,0.8997350174990966,0.8548247571331944,0.7761952680684046,0.8245992247556377,0.010907594859389724,0.5682556650792435,0.847980025360289,-0.09766281354689822,1.259801102282473,0.014395325610888384,0.0028469168351475654,0.36427674762978435,0.7210631152326907,0.494303933916004,0.007709996533466488,-0.023255840903725566
2024-12-18 00:00:00-05:00,0.0020733611202001546,0.9285111393646279,0.8791691073706608,0.03311705713479621,0.040956116678940446,0.5324601349294636,-0.1914066125861914,0.4956775099593317,0.8424444948027464,0.012577700897668147,0.37787073933702786,0.8376599311239252,-0.09208928787825493,1.2276353560043989,0.015435458951413539,0.064953267609599,0.3334010538646654,0.474705212824883,0.4500293491978311,0.004944410258344708,-0.0019046794180892501
2024-12-19 00:00:00-05:00,0.0018333923370222878,0.8797717622634699,0.9416286524075937,0.019321132888993144,0.036981980893382414,0.11929007092450596,-0.18942309569565705,0.329094849965452,0.8245552439326436,0.02122791312306254,0.2925025379711121,0.8152438477059024,-0.11168221979447025,1.25479850659406,0.020903205981597825,0.3491101949472172,0.3398184181743504,0.5054867908716572,0.39525463722710136,0.0007310673088691139,0.005831162723284322
2024-12-20 00:00:00-05:00,0.0022272345348479964,0.7861512808581854,0.9106277762304512,0.02558118761840194,0.25148650196488337,-0.5734767056063824,0.45538463558564385,-0.09891488184679256,0.8413590918250051,0.022470421640653004,0.3082892164561318,0.7896708941326788,-0.09836499292109371,1.2602697086308456,0.018565395463460328,0.4741955054049901,0.2895048578382822,0.4975379723491815,0.10279003193943306,0.002229053035913566,0.01855169559365888
2024-12-23 00:00:00-05:00,0.004058259050441838,0.8124541436991458,0.6446129286804663,0.0295425756395798,0.5018713168242347,-0.6419195218174086,-0.39910416828593454,-0.09639041916887238,0.849694493186225,0.016808719791556088,1.7820087602943813,0.7663496521200259,-0.07384219489772709,1.2821183583433877,0.012452313425188339,0.4653083694761965,0.2585128338955042,0.09957189946887396,0.03905579341511664,0.003706121288304511,0.008693045464174487
2024-12-24 00:00:00-05:00,0.01092719345122669,0.7015440847032136,0.00030224610353951083,0.01967858757627014,0.5028797153483898,-0.7270324024049012,-0.4363783767357453,-0.13129020762627108,0.8388023375076341,0.016632069884689144,2.492569290681462,0.7536709282563154,-0.08086730858359835,1.3061496259330312,0.012130296518717694,0.4102546321517419,0.2871049879567225,0.06102211751622716,-0.010791687272183742,0.012157431844807085,-0.0130297736185494
2024-12-26 00:00:00-05:00,0.0022262174506928883,0.7136559659060207,0.858261890031327,0.013043500581089594,0.4066597188169759,-0.7298645090619387,-0.4510580830291159,-0.0878994123355729,0.841713050917824,0.02030558996295762,2.048471365937603,0.7424891843091557,-0.014194956921290131,1.322800315507183,0.014636589957926436,0.31635466371735943,0.263989799311822,-0.24080141336306624,-0.10789723022938114,0.00703934074448223,0.0042620148467895635
2024-12-27 00:00:00-05:00,0.005127912315380825,0.7218329800940924,0.608712612511667,0.0171105084554228,0.22818982380951958,-0.7944298466609926,-0.45211585828640194,-0.23568625706024485,0.856455355910524,0.02026678284692379,2.4561847344570604,0.7228395139840079,0.004226632966293875,1.3543027407753898,0.013341304174103516,0.28960712051972265,0.29715169648811574,-0.25546463644603246,-0.11554308352539075,0.005720855577798476,0.03343331933777982
2024-12-30 00:00:00-05:00,0.0051199343125897774,1.056692571975837,0.25746315005603176,0.04072213875982173,0.0199871510232986,-0.27170404563942174,0.22221451488010444,-0.3423474487517313,0.8483611465544976,0.015070185839092417,1.0250201001302002,0.706283253483533,0.005391242144782965,1.3536678159699251,0.00951936270417611,0.23722325407638079,0.32920352309004386,0.06771991491635196,-0.029850849138500994,0.0,-0.002904624192838101
2024-12-31 00:00:00-05:00,0.010548864932672727,1.2998809631105346,0.35933384934367063,0.014742998106326469,0.2823108565265834,0.7887054988396891,0.6796981645941194,-0.3387102434229934,0.8550263055387644,0.016215644227009374,0.3560334332656192,0.7063203660050055,0.010587453224117551,1.3655249238016358,0.014731715086386087,0.04001370264264197,0.33187511199470826,0.05851775248470305,-0.044552777595937065,0.002221561379531558,0.01677548268117479
2025-01-02 00:00:00-05:00,0.009666472573953973,0.9650210691333903,0.5422769635016073,0.02286225634827418,0.576532765811265,0.9057387145767145,0.7759130272064952,-0.08669981547039539,0.839053503409173,0.013027607608465962,0.28294739550199877,0.7051432593202555,0.05679816963101215,1.3315194999664568,0.01654574885943427,0.0005104737466530603,0.34478161141912683,0.1309107902511682,0.08326259640031636,0.009607304388977844,-0.011954041577217911
2025-01-03 00:00:00-05:00,0.004079373762437766,0.9108729589629433,0.8872382064630863,0.026476983529492706,0.8584563443975517,0.9071976520914458,0.9538789211459866,-0.09813107534803595,0.8547709615274047,0.006923360102428983,0.44983631057908385,0.7068015499147418,0.0720560299991906,1.3252086371868579,0.021786175127347977,0.040603822077000744,0.3607202808664331,0.31861203169494057,0.07758124504888823,0.007508418564166375,0.014898339208619715
2025-01-06 00:00:00-05:00,0.009353557735144274,0.6449789534445307,0.5731716395990025,0.017850149514310833,0.8442819530370529,0.9347471846245131,0.9612823215976406,0.04133599248832361,0.8523101438533255,0.007276967720181864,0.2831747337163012,0.7049821630266444,0.09387479932473722,1.3175899084914378,0.01683122552887827,0.09719831346196375,0.36681467683503033,0.3471954208306087,0.15455311954986847,0.006213065811953925,0.011625735336991294
2025-01-07 00:00:00-05:00,0.00304103318016556,0.5451957215867098,0.4657702373236241,0.017131308725028296,0.8392310283591887,0.7704956995502531,0.8918051942174702,0.20238441597850468,0.8384494701978233,0.007167487202021677,0.23208116269684056,0.7096032959700203,0.12340416296873166,1.2973793845410868,0.008528851697693029,0.16798910278789167,0.36033658771286836,0.43241358218743187,0.20731693709636245,0.00206164424910985,0.00233736139758145
2025-01-08 00:00:00-05:00,0.0035653381936409222,0.5328939647744971,0.6895243485457594,0.01648778426336551,0.8391315891372112,0.6707841390891046,0.8732028218945536,0.8826070720700429,0.8440277037362007,0.007142408757643829,0.29063774811587145,0.7140466717381905,0.12011682821143299,1.3101426296369865,0.012099673633728068,0.247103052932517,0.35889545408697915,0.7462777368531425,0.1955131859291058,0.004835122157366529,-0.007481521466022545
2025-01-10 00:00:00-05:00,0.0035159445413668186,0.5336289745201523,0.6615480852799488,0.02777781216847614,0.8602478613278226,0.39955688841163967,0.6798277637557215,0.8870825903171922,0.8428971559333526,0.006726303399984131,0.19302196076668687,0.7201368047488783,0.13040919710339788,1.3151101521524011,0.011551550570804118,0.3362064986860838,0.36585113579705625,0.7598726926683388,0.22493615821758162,0.0005727871970663585,0.0005872937572655168
2025-01-13 00:00:00-05:00,0.004069110783988934,0.7803313682703876,0.5981376979904229,0.025636834613347443,0.831528865829438,0.6135789832226451,0.4093337329495717,0.8878257934300804,0.8343303997372952,0.007774581871509876,0.15663540486336539,0.7204391091349656,0.16350743895565886,1.3412997443827632,0.011401221803454395,0.39589145200898307,0.368729148523668,0.8580720617372063,0.24119321547787628,0.011525447374394539,0.018687091124877542
2025-01-14 00:00:00-05:00,0.0020493031196927884,0.9430853263038309,0.06606002166376887,0.03262257840558159,0.7294059588627622,0.44071796765183346,0.2557049672785549,0.8768210959624397,0.8254215046215695,0.00820055514577967,0.12548027594632047,0.7174210534933978,0.22267857324167042,1.3139143601209708,0.005258519486547137,0.5565322698597609,0.37741238016939715,0.8451123766520748,0.3065184728598467,0.003635601153502883,0.010756779636312608
2025-01-15 00:00:00-05:00,0.003746968593892272,0.9212901160961331,0.1853506929843742,0.01623811267671127,0.782350341129515,0.7662174029080983,0.28935028109068717,0.7691588470569857,0.8271212902138833,0.003923178003224873,0.1523993972250757,0.7190512590073147,0.2606025478605472,1.30147024270547,0.0075727081388177655,0.7467225087032797,0.38712848116401005,0.7191045828398599,0.36718388391963647,0.004095241001673957,0.02413538804986204
2025-01-16 00:00:00-05:00,0.004804608560228545,0.7553279683107978,0.6165023477725028,0.035592254919098634,0.8071944537275647,0.8162849140609165,0.19717454077779056,0.8049726816382529,0.7992364458172634,0.004589791663029376,0.16971282528772133,0.7240740071126128,0.2866874363711645,1.2824144946846217,0.012349958627764192,0.8698539080088835,0.4106906203606813,0.5982074148589737,0.4344956317668229,0.0026575434479392188,-0.01317509918736759
2025-01-17 00:00:00-05:00,0.002860135079515458,0.6461539378673641,0.9274830357557181,0.03241040901227995,0.7659599621613995,0.749711818083117,0.7847987552900082,0.7143365705182011,0.8014022947257029,0.00941887025390558,0.17574166913462216,0.7274561168262412,0.3252133609816153,1.271157697202981,0.02205826079577394,0.9056104516681865,0.41110922126694754,0.6457928576844614,0.43133217126159074,0.003611439923727377,0.004136948646854988
2025-01-21 00:00:00-05:00,0.006759858380622755,0.5868575779182301,0.7905770041800158,0.01807004462871128,0.828044386528299,0.030680244852857336,0.786084023611252,0.5081520856176124,0.785256541723016,0.007759017264799334,0.31546154092765755,0.7278638897901739,0.32429334989421416,1.2833641075187103,0.01991397434039402,0.9447602923616645,0.3973949021940276,0.4928812952121846,0.3698943813257868,0.005297990300491321,0.00243443467162896
2025-01-22 00:00:00-05:00,0.00682143675188042,0.8724208411702816,0.5227866215962849,0.015011660702578528,0.8040888832368247,-0.3639315096367224,0.7947402636114791,-0.04911362349372284,0.7733220827620153,0.007796960133362446,0.5399308904453187,0.7270475458033218,0.2798351531250096,1.2964838340816038,0.013235945285394738,0.9451016323839834,0.39876222209970885,0.4674071470908152,0.3117157661017259,0.0032633890360941405,-0.009900951585889217
2025-01-23 00:00:00-05:00,0.005090679008557034,0.9645360494143352,0.19989143878766086,0.01474838273282735,0.7876097940602118,-0.09463760504293209,0.06044102913551173,-0.05285881588208565,0.7999040787098556,0.008167982845115725,0.3801993567067432,0.7267733905630973,0.2562178777083137,1.3022169919213065,0.008874571986462226,0.9413809880795652,0.39917571786589423,0.16349144906119792,0.3419206173857336,0.00018665773900003942,0.0
2025-01-24 00:00:00-05:00,0.0018759239975996485,0.964915918229826,0.4393840520295308,0.007698131057451367,0.6894326419411811,0.2626922231293358,-0.33080192585013096,-0.0365912405445639,0.7951214625246641,0.010909465264364076,0.29434397978890764,0.7239565452284731,0.23222481810166382,1.3090327703268287,0.006435894465180114,0.9202917237006658,0.395601913944861,0.1415654704266126,0.7149406738863492,0.004339614004459079,-0.04320756986403296
2025-01-27 00:00:00-05:00,0.0012708593896159847,1.7321500677817747,0.2545796623748115,0.04939338747612777,0.5514587027492811,-0.9518091123397938,-0.964327639997184,-0.47237908524870226,0.8356347850984719,0.01450040693421335,0.27454495460968914,0.7209855119914865,0.20356541135861422,1.447795253088233,0.004696488738952582,0.8938394239819789,0.2571072794878785,-0.6057292780431167,0.550268587235338,0.022626597923270868,0.007000573201295879
2025-01-28 00:00:00-05:00,0.013598343146564535,1.6992996201907504,0.6571506104801378,0.017409471333490217,0.005057943715591995,-0.6433344534366121,-0.9062004952233483,-0.3571647208882376,0.8343999639917073,0.03675168660034826,0.9839968563299758,0.6995912172895515,0.1682368865949196,1.4447462713313095,0.022573640383718153,0.6870119189905101,0.24102779900615745,-0.5537224409872762,0.47734902462866474,0.0004973679271081827,0.00430821341939347
2025-01-29 00:00:00-05:00,0.009850942327079051,1.6908834834730875,0.7972384181099058,0.01688759201248441,0.2233879072380416,-0.32021571672055515,-0.9126817593687221,-0.10307373878855829,0.8596031452988037,0.028924483948091963,1.631029518375529,0.6812080490524752,0.13258616069186333,1.4960958839222354,0.024930032224997935,0.500490001884893,0.2046086971894453,-0.6578326031685963,0.3496603191765258,0.0013745644746771882,0.0014624176238424713
2025-01-30 00:00:00-05:00,0.014798128424398047,1.8351962728329638,0.5906888340199232,0.015926655889778724,0.5557280547432863,-0.09270123126553217,-0.9016094399950338,0.073222982957079,0.8198335465542682,0.01890913809822361,1.6244506382606123,0.6644942985949601,0.14772143186462394,1.5542449885025869,0.021489982355163594,0.3238449546987789,0.17917428112817282,-0.6740639700710838,0.14898224236661542,0.0035714551354408272,-0.010903231636212318
2025-01-31 00:00:00-05:00,0.0179742064212231,1.6897279644499672,0.2339309722134826,0.0184340887892166,0.7486402367223141,-0.09429220678724264,-0.9179932161393692,0.10741831552066684,0.8185003185684622,0.012039836592370404,1.0832056707144726,0.6512129710195859,0.16026896574113014,1.5616380564102421,0.017407282522004613,0.1956409585527544,0.16422498114910805,-0.8469229467928782,0.17043019282261618,0.004171924967972706,0.012499880778226169
2025-02-03 00:00:00-05:00,0.0022737045057868426,0.6794586348164926,0.06848687286783083,0.018513071382557818,0.7388570500758189,-0.6946566397917475,-0.5295773197632319,-0.048562899338539925,0.8294604445925347,0.01201023237515139,0.9793685063530779,0.6389779658281831,0.1821047615021563,1.5797474429709257,0.005579754597618929,0.056972237989923104,0.17938329339267986,-0.8261437364217232,0.0841645521492184,0.007052538124554414,0.010498621255552676
2025-02-04 00:00:00-05:00,0.0019000742973347068,0.6423809172298307,0.024479542799449406,0.023563760865201542,0.6529910576315298,0.12696610957974752,-0.5424127845775336,-0.13340511676493705,0.828779630004141,0.014631445067234128,0.1945441746904085,0.6307184530378714,0.17936309291754662,1.5759332731151283,0.004958402930665401,0.013884438308127689,0.17986102247589644,-0.8035321817524405,0.11691264631898757,0.004381664670048273,0.010966746598098931
2025-02-05 00:00:00-05:00,0.0035590176562662365,0.4635851639732332,0.3013754122222749,0.02161591006974538,0.37498251792509696,0.460066760406197,-0.8298484518906573,-0.1337983357730236,0.8736094390111675,0.02089875742664722,0.20018715431559433,0.6304670665186526,0.17021356957685227,1.4971493711252775,0.007975343867635903,0.0007669525947561804,0.08486426294798895,-0.7781225803835335,0.0408300762876821,0.004707444336715079,-0.011609009510736845
2025-02-06 00:00:00-05:00,0.003662156814039272,0.08600520847243316,0.7157345491681693,0.021315043694238582,0.031563458979505035,0.4466843579223299,-0.3618136257302186,-0.044898023635224764,0.8817649592294027,0.023867878968183456,0.1676786351240171,0.6253625723701152,0.21557022352737512,1.4793022653721308,0.0127569930512621,0.008082554434254052,0.08491560042116245,-0.7368719807374275,0.07440539156006366,0.00675610533080459,-0.008375941006729004
2025-02-07 00:00:00-05:00,0.004257769234032499,0.23769288686592582,0.6650294770310625,0.02334427335266425,0.03588272418687834,0.41528728224112804,0.7329990167599313,-0.062036329699463585,0.8925906974368201,0.017859462870408224,0.2051812149351177,0.61303378857632,0.23133311698521972,1.4731455354854603,0.012724951236756201,0.027426462782159173,0.09823685677167582,-0.6881032846185711,0.12256328636158638,0.0034174371035796502,0.02058267893224386
2025-02-10 00:00:00-05:00,0.00577005929220424,0.3923099521159606,0.001016456561586782,0.023347427579029377,0.5109893961560535,0.5077704986949987,0.8206575583474599,-0.2026071443979359,0.9053214352920201,0.005078746844975609,0.1417994899444006,0.5940137841147067,0.21232177430390475,1.490194050444747,0.008490929538629875,0.0736120260981719,0.0820512301888668,0.08495268807028909,0.11155058277419999,0.009319765599905237,0.006326008668311678
2025-02-11 00:00:00-05:00,0.005841902576850979,0.4490114193296683,0.0019235232944038241,0.016087864172371433,0.5334424412849756,0.8180603908175479,0.8628195290977632,0.5457881449082609,0.8981269974536311,0.00532190808701019,0.137596416415217,0.5953292754151164,0.22498974420931347,1.4771473528220846,0.008520599698398905,0.10969073572628804,0.0807081652225149,0.24699390059232923,0.12671794302588082,0.006719022397800205,-0.016779310780789314
2025-02-12 00:00:00-05:00,0.007889849876641784,0.4445272162953083,0.13928262596634913,0.027546346549865784,0.6052596739457295,0.8613692798792372,0.8862043313232615,0.6102747059770406,0.9188058672708641,0.00585542896258783,0.16796979933537443,0.5971550812049956,0.21830035898230432,1.456008142467874,0.010753590595177765,0.13966734563981145,0.09350825606705486,0.43230338486206465,0.16513597633436738,0.004449083902107422,0.00980676067751074
2025-02-13 00:00:00-05:00,0.007040356223621192,0.48944840514463794,0.194884563151018,0.01831954722405584,0.46931024451926573,0.7347056131750216,0.8285498757621668,0.5004477030492173,0.906312527492939,0.007186320120851561,0.18150647648126092,0.5906157421171517,0.1979962701556873,1.444622782883941,0.010451978704862181,0.1691156583967192,0.0886179698750124,0.3751064605154434,0.17180101199205225,0.007864949913896814,0.0028564062808456026
2025-02-14 00:00:00-05:00,0.007048905537171293,0.598963335331267,0.1825559973620311,0.0139165610773023,0.4590219936242091,0.6703125732345219,0.7920684483910637,0.23003970519357278,0.9018322573149782,0.007209825899043597,0.208803561541915,0.5868742166911641,0.16917032421347916,1.444607588153185,0.010364365950870551,0.12220326993796678,0.09072573987628989,0.762913450424775,0.13266669637038062,0.002327302412844177,0.010063569631586944
2025-02-18 00:00:00-05:00,0.0030340701007584934,0.512638180446729,0.006580456757339721,0.028102145950973996,0.34411717142225023,0.6473707689537188,0.5504753737293604,0.5149277227089268,0.9062881317018641,0.0053506970195556815,0.15993782937930134,0.5823501822309582,0.18612684383504277,1.4498595776600238,0.006137379825479271,0.02609540947338765,0.10201956634774498,0.6432183941076633,0.03387269644376535,0.01205738393983868,0.009963303235713594
2025-02-19 00:00:00-05:00,0.00446977826842304,0.46109429974045807,0.20251034009957186,0.01918775658422576,0.35199423276189745,0.7900424289266371,0.5022119444533816,0.7695382459835866,0.8907399529012199,0.00543046927287074,0.19555912082495458,0.5878654510973135,0.20902353968456622,1.4385120464871963,0.008273022551712155,0.0019773703318437777,0.10009310917906743,0.6625253196603818,0.06332827118944072,0.0033532098389058105,-0.01209868920618673
2025-02-20 00:00:00-05:00,0.00031216269680418136,0.46587342303170776,0.9750255599241817,0.027169308216844077,0.4805298115394503,0.7887138864205642,0.4051924050773982,0.8128029660300456,0.925671207562125,0.0069113030074282305,0.2254497329333607,0.5918584158380865,0.2259930118646167,1.4562918883170488,0.012429955956768747,0.09913185299845843,0.06691300157179489,0.6733277264776693,0.10092999370650767,0.01758017014474621,-0.018935491057771037
2025-02-21 00:00:00-05:00,0.0031860905706432075,0.6535827572261219,0.5218951687680744,0.029942364094702495,0.6380271701614728,0.08461786902581092,0.13561474731964157,0.47912166494974684,0.9695601963733272,0.005231387428806645,0.21877715511085133,0.6048980817198473,0.2650084840572873,1.4571701087459124,0.009163168608493833,0.3077102482581249,0.06814989757491502,0.39498982180570585,0.14475998524801317,0.006989683995199562,-0.0023045158498041785
2025-02-24 00:00:00-05:00,0.009977371368113871,0.6429330861720326,0.11203307831273554,0.016299107368181034,0.22109698547014095,0.035921231655653,0.16741846478727013,0.4387754800381915,0.95697781469368,0.010811787516226513,0.31612049262905145,0.6302346730656594,0.27080317588141245,1.4938353059061973,0.011912114438010431,0.4247033660257067,0.06328172327084741,0.32627151088802175,0.14128312105329924,0.011313521290984426,-0.009720947842516314
2025-02-25 00:00:00-05:00,0.004625981284805167,0.6602756199767081,0.7334083952941363,0.025517515025720076,0.0030921282963238903,0.11615825927379732,-0.43243896272312793,0.1094283780743996,0.960929178838929,0.01092405381912341,0.1947297705993353,0.6362092821083832,0.28136796477458237,1.502251053116378,0.014875757408375967,0.568943084160387,0.07853335248110056,0.1551049092002532,0.0976701862056132,0.0111699186303207,-0.004470669660967763
2025-02-26 00:00:00-05:00,0.001404080024086638,0.7962958054725893,0.94483211786346,0.019270105663587275,0.13533096337527267,0.21956861225230387,-0.8337577355326096,0.042692708362025954,0.9654396974404926,0.013871799776316033,0.19869275812302076,0.6265747141663872,0.3309808719371647,1.4881098779466806,0.018056190601288276,0.32741212886333604,0.08005240012573114,0.13179893220033076,0.4295980789315629,0.0025304344158685013,-0.04559221252659984
2025-02-27 00:00:00-05:00,0.0014607121273759389,1.3839976174780637,0.9097126550060963,0.04269548718880964,0.26162246680396023,-0.7882957369182051,-0.9778896231224613,-0.6245168739325636,1.0101268531347427,0.016429747044254792,0.2603219158320219,0.6112013326303296,0.26174197593345483,1.7290901168090118,0.014735851807609017,0.12761964028734168,-0.07296850007076423,-0.6363358219627006,-0.2448652299113866,0.0009837528049191316,0.011456669237060124
2025-02-28 00:00:00-05:00,0.012802413696314963,1.5077947868639339,0.7529472133133672,0.021752542237811333,0.6028064920241372,-0.740065901608645,-0.9817505116861459,-0.6427406864630187,1.0008089544158882,0.025836305607223217,0.5230198682095335,0.5311961561916443,0.23584407462766765,1.6927470126498987,0.02622308470334084,0.0050066220683295136,-0.09057968917121431,-0.6756466264795089,-0.39323296548582787,0.005540744106300347,-0.005360092435271913
2025-03-03 00:00:00-05:00,0.011348994021907087,1.438172573129523,0.7970905797385106,0.024627080783900714,0.7880891082445204,-0.8532435001792721,-0.9983619540686685,-0.6404736578857437,0.994814513466826,0.01861639190778236,0.5033787838170974,0.4748903585096646,0.20912327243445486,1.6924810525843297,0.027316645477146108,0.08618229659914851,-0.08999293348720687,-0.6676166640056669,-0.5184691739932245,0.006707359826200425,0.023894229461667527
2025-03-04 00:00:00-05:00,0.013775405867795023,1.2075019499906499,0.6866171364635766,0.05002551578333445,0.9014987032687708,-0.8061834711670531,-0.8524423925660569,-0.6539553957189715,0.9729891495649214,0.010198478087855293,0.4503648774677512,0.40716623754533166,0.19524846944715937,1.6293239768508716,0.02393243121790134,0.26790662385826547,-0.0891623431800823,-0.7650983063742732,-0.590069432932819,0.011241681055437389,0.009334695290891704
2025-03-05 00:00:00-05:00,0.02597939131024814,1.1364610831489446,0.056101131316371476,0.031094231922044847,0.795917836775668,-0.7499285646732778,-0.8668488425085505,-0.6453457785610679,0.9590712096892448,0.01876752279500176,0.492891700023871,0.37068858962912443,0.18506390242300597,1.6064023587261815,0.018849784603754523,0.38470644577479,-0.09821071665181072,-0.7910877565168501,-0.6112258875254518,0.014251472273985417,-0.05312859469848674
2025-03-06 00:00:00-05:00,0.0031095630675776935,0.9935286650681422,0.8538667776908323,0.050887858417324135,0.5287208667913869,-0.5870110521542313,-0.6681357012844591,-0.7239845858188574,1.0050914713174623,0.03183664088502114,0.3123864369725317,0.34049357611004816,0.11786756722042555,1.609771651620824,0.017032733156249324,0.4309383945561033,-0.1224666682946984,-0.741327562606495,-0.6659806233559464,0.0010911676720122983,-0.002182047248287966
2025-03-07 00:00:00-05:00,0.03449680748384268,1.1278128764836537,0.02226901110128689,0.036553524804177576,0.5284593245523558,-0.5748070437519647,-0.7138404360104235,-0.6388348822280357,1.0056231654367513,0.031863676380235254,0.13978341402824235,0.2513899013508562,0.07502561652960402,1.604539739571144,0.021956506661745635,0.5118745569269768,-0.12139578475557118,-0.7343971359441337,-0.6541483343841354,0.02778071709774805,0.03186490992819335
2025-03-10 00:00:00-04:00,0.033855357290844094,0.828830597495062,0.3198733856345819,0.031057798842984485,0.5423130711793047,-0.4268921066946562,-0.34813675969606184,-0.7362760488989785,0.9802201127404352,0.03141772926427123,0.12766492688614298,0.1737427647343874,0.03248072707948954,1.5517721702262048,0.025673842662511555,0.6192468220165149,-0.11038902590572314,-0.6083078366581692,-0.6715607777299634,0.011992601457811683,0.018119096683162805
2025-03-11 00:00:00-04:00,0.03431797093945929,0.8745350384132796,0.300248208879485,0.030980224949740565,0.3264764335032709,-0.46089597716875674,-0.43015073052266295,-0.6427823223557352,0.9616850110711014,0.034070538796619435,0.14984730596897522,0.13341793135031196,0.02560883932513066,1.5072536077804264,0.02525582499019118,0.7046789300159416,-0.12073829889144942,-0.6267809615741037,-0.7225535438298226,0.0010157285649657665,0.0051845602967195425
2025-03-12 00:00:00-04:00,0.04986964920556537,0.9268993932921337,0.006727710422538145,0.02448142282545972,0.041188344816151606,-0.5771964577228874,-0.4093999098570789,-0.5870041454818105,0.9821666647449854,0.03890994238113361,0.22692670303999796,0.10691958579634706,0.00281839873717685,1.5435238182187405,0.02548788858413968,0.6610167759716475,-0.17190319390267023,-0.6309323177747156,-0.709874953611213,0.011306671283359356,0.003570694684676745
2025-03-13 00:00:00-04:00,0.004416325197478746,1.0893093956939905,0.907272848714432,0.02176292355962307,0.0783988429958743,-0.6353725170599821,0.8990987804414545,-0.5758624904051637,0.9792616875264011,0.03238491707456532,0.4581283102142047,0.09535688089996305,0.007307280889385115,1.5385725819866263,0.02478009354141789,0.5725887771494892,-0.17346822921666172,-0.3369324427104223,-0.6778252300325613,0.009661366593237488,0.014034285886958875
2025-03-14 00:00:00-04:00,0.006121642694719787,0.882654663742161,0.8517026924877296,0.02619872947012175,0.12035699795945211,-0.46682944871847193,0.618792883088508,-0.5818290252711303,0.9547588560679431,0.033520293343564066,0.2649851903201876,0.08607114549136675,0.017879328217468494,1.5199144975083627,0.022909568726707054,0.5059492261710584,-0.1819202511352639,-0.20748990367230472,-0.668984293076914,0.005832960537664238,0.028947360252303156
2025-03-17 00:00:00-04:00,0.0010843400396684049,0.8055179255384153,0.9320260730001724,0.03717078232183686,0.25782567562019526,0.009863994264723808,0.6655148294892738,-0.26216838894810546,0.9107589369955634,0.035101166603904874,0.21316151005794334,0.07848825211812709,0.028456179865500007,1.4823402060745277,0.014039917190248927,0.3602036922815288,-0.16885662888595443,-0.07448124682781784,-0.553991935365445,0.005365883431783452,0.013545491556062217
2025-03-18 00:00:00-04:00,0.0050816985920187595,0.8281988937908605,0.8425096557491357,0.026073895213682217,0.4082487225181553,0.6302677005524345,0.7853605635512091,-0.0647860897110912,0.898958745932177,0.04357924436822033,0.19622280533471823,0.07528338516419462,0.03284904425569014,1.4449878766102935,0.01983393297761297,0.14343785543510804,-0.170184736138972,-0.08248774969380832,-0.41099679151851304,0.005252346403698215,0.014579461895827928
2025-03-19 00:00:00-04:00,0.003233494251799661,0.6207745817064226,0.9387149119910068,0.024011956686309337,0.677138936248593,0.9051544982007915,0.7298880704704042,0.1718312617828592,0.8654351259161599,0.035532559072094703,0.2109365629894184,0.07607614167574026,0.05239102941079503,1.4338872484359295,0.02517949191994024,0.010136981653200556,-0.1529410211887844,-0.06316547122672984,-0.21146507803705278,0.005605890693863699,0.006356022327855371
2025-03-20 00:00:00-04:00,0.0011204234760784006,0.45877038526435515,0.9828987004582864,0.016060530945033458,0.9685229568656681,0.9640620221189736,0.3914929216077162,0.3595637259774317,0.8583311773164184,0.00493953654765437,0.22589254717883372,0.07345760457183934,0.09724855481548607,1.4117004759035487,0.02796977939415,0.0482570965412591,-0.15148077135627233,0.6625954678969244,0.013869047522458305,0.00415356252033376,-0.017391294841811678
2025-03-21 00:00:00-04:00,0.0027644023476751855,1.3370597764718413,0.9448639101574984,0.023019094966579952,0.9720127770073821,0.32852096611324627,-0.8423669590462792,0.45145829922525976,0.8786165251231229,0.004617025185930627,0.3686318603349493,0.07095341572027043,0.19127984760027897,2.0155032803443285,0.024683391933962667,0.2239147183388459,-0.229434318018253,-0.6084849424008969,0.30888487394320296,0.0025678537871050215,0.016301754720637884
2025-03-24 00:00:00-04:00,0.008426862142341288,1.408333286867105,0.4130268898898791,0.018883652120509884,0.9114747028230115,-0.04886453377536211,-0.9536536225856821,0.43462749375430554,0.8805616513835117,0.010474027493976207,3.397173318894362,0.06257831862752448,0.2903797595637949,1.981058193458387,0.013101912604006952,0.3805878652808565,-0.22654585803555843,-0.6785676385158088,0.3130861685573467,0.0062019640518011275,0.006507887275633006
2025-03-25 00:00:00-04:00,0.005754129554479265,1.4713110206631081,0.2133152752520645,0.012087909631076898,0.8822450254817259,-0.4886723025350793,-0.9463222232166523,0.41350441255486303,0.8824733765943736,0.012023192139477962,4.3036870483925975,0.06374762625122654,0.27234530407063284,1.96924914867664,0.009321627079471212,0.5600400143976104,-0.22505243346596382,-0.6522043781738954,0.29923928228119145,0.0038461371857396714,0.001183834478086121
2025-03-26 00:00:00-04:00,0.005089105426506599,1.6157559044055378,0.1590738224940181,0.016090878573330875,0.8548921818786113,-0.9070967243317513,-0.9744036062094129,0.3494036358723065,0.8699450772964072,0.01337082244002872,4.665597068579445,0.06840772958742804,0.24003059432762033,1.9761604683015461,0.008473974230547498,0.7064924963879611,-0.22263774883748305,-0.6384556066670641,0.26144051891293363,0.004909099232066623,-0.002728790100717915
2025-03-27 00:00:00-04:00,0.004928540257867689,1.687786596084593,0.34338491344002353,0.012365820507781261,0.7992735672109884,-0.9614920718077778,-0.9147823427964241,0.20219528032706022,0.876043334510749,0.014706609278518683,7.052218741327987,0.06812399945071544,0.18180609191743521,1.974377271443663,0.009450231249332837,0.8268147728774726,-0.21684322267935446,-0.582367668977781,0.1760804860320439,0.004364390915512676,0.011857064261330486
2025-03-28 00:00:00-04:00,0.002769174260592118,0.9295846838911067,0.6469602807257169,0.014900228617619339,0.7152140840208777,-0.9151837219279406,-0.4756299296678058,-0.12257027620856444,0.8947235761288925,0.012093123779382436,6.621416361667012,0.06673747749275596,0.1142674505644955,2.0006860827367796,0.009603786234280435,0.8338490793762273,-0.28570253907249665,-0.6031103554704323,0.16681216301880014,0.001731545025002731,0.0034251149402231285
2025-03-31 00:00:00-04:00,0.0009742621756059972,0.7077133212787735,0.6852401648300308,0.021002359651878338,0.7621390148701692,-0.6638369466263251,0.6917699091110387,-0.4669915844390051,0.8890795407656429,0.0048442661985334465,0.3670049128484521,0.07876593759923727,0.09860249673942352,1.9972044069828858,0.006022612333033969,0.8529887673484617,-0.2922646953223526,-0.7773921109112872,0.09728102531048662,0.009374444678569386,0.012756136405624341
2025-04-01 00:00:00-04:00,0.0010790154500025745,0.75636711152299,0.7179809178582728,0.019120262336110812,0.7650952479844186,-0.394545374564472,0.8137448023449165,-0.6311343374547044,0.892608049171948,0.003441459286403947,0.22532920077994803,0.08985591853480804,0.06566927775107766,2.006511748233719,0.0066536321247934556,0.8562333717711283,-0.32110276210550587,-0.7800026101108534,0.03296169276154572,0.006373420778703649,0.010023010507769436
2025-04-02 00:00:00-04:00,0.0012987584079408475,0.5339349222336536,0.8728996776851842,0.0192761507231131,0.7589544511103704,-0.2436941497598623,0.8428117536296036,-0.6938171994446715,0.8731858247433493,0.004176326746429465,0.16009105506793367,0.11061000826890324,0.05602160982287431,2.0023946877951344,0.010819555704158195,0.8863747832172489,-0.34169378923640403,-0.8196100510418222,-0.02462253042834204,0.004051122478424587,-0.02915595103744073
2025-04-03 00:00:00-04:00,0.00039755557255138614,0.8824422718515156,0.9786789144322494,0.020435864102259168,0.8251146789063569,-0.16225463154724246,-0.9537869508184921,-0.7110508927673728,0.9128086475881673,0.004866903213504569,0.1527850093972459,0.12836411829343083,0.054329605221980416,1.962042329957907,0.014833310809030798,0.9245142211794185,-0.37132171099601197,-0.6277901957236273,-0.03697064415249012,0.0013563751771958608,-0.09534155373250797
2025-04-04 00:00:00-04:00,0.014088956803247921,1.5629159394847907,0.04086960381513249,0.08175863179621844,0.6693798597074252,-0.9520515056043274,-0.9835028202099951,-0.5688878050874437,1.020739620735608,0.00970849403441729,0.28436771738490596,0.141195637255379,0.0159694983510715,2.1354442277728407,0.013842103780017526,0.8788533991943833,-0.4130237175988561,-0.7529978067622942,-0.09128752752965244,0.01637043942956679,0.0004998093670707249
2025-04-07 00:00:00-04:00,0.11936045115708212,1.5748752008417242,0.49690612726701705,0.08457379704410764,0.05390958481764586,-0.9539270258772066,-0.9170392563528152,-0.8838279004471181,1.022614345893119,0.11394034295315547,0.40875502305212874,0.10808196601999955,-0.0092919768096903,2.13647514035481,0.05561586756053401,0.4644535031696374,-0.411627318464364,-0.8566983137225704,-0.17237667592852063,0.012999607484460617,-0.0004995596824620696
2025-04-08 00:00:00-04:00,0.06698277646692222,1.6412514060494265,0.8148322632946123,0.06704762776692721,0.29050132699820713,-0.9245009777648875,-0.9292176162895721,-0.8927328966757208,1.0154709230447228,0.14399268638904011,0.4588524701836631,0.08116179297893693,-0.03076683466317025,2.1454664899085083,0.06869109239766644,0.1616265273163483,-0.41074717404760547,-0.8509216708677768,-0.19317552630593468,0.014000011625744064,0.03789618629848812
2025-04-09 00:00:00-04:00,0.06948055955668414,1.2573713161782791,0.7950653474146875,0.09051947076183767,0.4872781907967251,-0.864377154675577,-0.6630947679753159,-0.8874248404956541,0.9789681436273254,0.13261537612897376,0.3082193216543947,0.056018290614293066,-0.03632852226365751,2.039646503082769,0.0652752441932819,0.018035040014673553,-0.382829489932985,-0.6485433673837866,-0.24033635667667233,0.026941519003997397,-0.04094411241413243
2025-04-10 00:00:00-04:00,0.12681851899235969,1.215944871352463,0.21670310131570372,0.04586205693888528,0.5394325791197753,-0.313134094017292,-0.3785566153866684,-0.7943106137453679,1.0398374312115917,0.12819090546993955,0.5581376275344685,0.04736429408186657,-0.0445385842040157,2.004688090552049,0.04606072065873429,0.0027628375950035657,-0.33618087895864435,-0.39580516546153377,-0.25479880967567936,0.020788183353217173,0.038874863382952096
2025-04-11 00:00:00-04:00,0.021306611765921035,0.905919493192234,0.06468918919727898,0.046902796413963235,0.6662852866320131,-0.02499112652377076,0.9184264707672452,-0.7735231528500832,1.0116932946998198,0.10310071265313697,0.5677579183109799,0.03227452873628648,-0.04501820668359378,1.9601478485444324,0.01695119007279393,0.09904986527762065,-0.3296849864203541,-0.38979924801461435,-0.33405267667784616,0.004303015149230553,-0.004834527003785061
2025-04-14 00:00:00-04:00,0.02433098822016861,0.8787431028054553,0.23071315133194636,0.03399760245789149,0.5803241300577066,-0.10926715558984705,0.915162836546893,-0.6333964195284876,1.0411443454075544,0.12281900334506977,0.8178734592356839,0.032148423378049774,-0.04322476377295908,1.9954385749882046,0.020022073196104787,0.2289519327341568,-0.3294646489239076,-0.3720515207357304,-0.31455094463569794,0.0037775193897868617,0.012728263802587625
2025-04-15 00:00:00-04:00,0.02406438041972443,0.810318244192246,0.18441411601722477,0.022108007757377358,0.4547516458922266,-0.2508141802711577,0.9108785834925657,-0.5030754294126514,1.0145141615092919,0.14066121621755223,1.0760112471280454,0.0378652876353684,-0.04802127728239746,2.0015531584117956,0.019216723934533383,0.33428955796001336,-0.33965438458713054,-0.3929934783969548,-0.2662084740302963,0.004072512170375328,0.00498899952722498
2025-04-16 00:00:00-04:00,0.0223488267807733,0.9336849230966259,0.12776201613631186,0.022301256580288736,0.211960328893338,-0.14202768324475654,0.6428337805241755,-0.44162378865950724,1.0136540349956003,0.15054092271494654,0.7516711315844434,0.04384334034500427,-0.04771560247933743,1.9986951136533921,0.017863068853903024,0.388251143234882,-0.3359480764679086,-0.3542242969728982,-0.2469323645646091,0.0,0.016419973957349843
2025-04-17 00:00:00-04:00,0.007363486201406056,1.021249568388204,0.7544092132939643,0.015150095616913656,0.00017032654293078897,-0.3651581195993561,0.2617170787897492,-0.38750833964102166,0.9997065539426989,0.09068366233053417,0.23530372769393781,0.05357874894761207,-0.04101664852906754,1.9758734220558603,0.01916661031886504,0.39243884314944105,-0.3334473112831338,-0.2957694211536921,-0.25030910672888934,0.005457741789605861,-0.03972948521156028
2025-04-21 00:00:00-04:00,0.002417594899761169,0.8490642158855948,0.829807068442587,0.048684212696330505,0.7260039432838635,0.1270251247198399,0.30135183248567554,-0.5291990733124905,1.0307600749046053,0.01375923627279112,0.231729970373093,0.07139147640362178,-0.027530283855805072,1.939664532355089,0.013462751160332373,0.339938235963019,-0.31077856274485727,0.6495898919751776,-0.2322289060625456,0.00958643447780706,0.007531345627312058
2025-04-22 00:00:00-04:00,0.020145556417514886,0.8116371520064836,0.007100400874395459,0.023092480696927223,0.4469592723649361,0.46066160233988634,0.23460625796452206,-0.41485903991140705,1.0230550934004248,0.024103252184551165,0.18529039990167015,0.07074223824624458,-0.021450913163596794,1.931522821584748,0.016029519171861732,0.3995849310385963,-0.3126276532245456,0.6494039218487632,-0.4020981937155954,0.00942945592279377,0.019512621182872447
2025-04-23 00:00:00-04:00,0.015047038295480729,0.683735108835992,0.22908131661490716,0.04457814915084565,0.24447517885268932,0.5057382243600197,0.5464843284085408,-0.28100140638242443,0.9601169702459155,0.026776700693077332,0.1489666662532235,0.07350841428016198,-0.019444307324613917,1.9951241555709018,0.015570711348400088,0.40180545477223367,-0.25740436038391196,0.6574254700949516,-0.436490964006348,0.016037281749216186,-0.005903553906396408
2025-04-24 00:00:00-04:00,0.019246602510370518,0.6936140471969124,0.07520579020616108,0.01476896709699029,0.15972423865674407,0.5310067880702105,0.5609112708359199,-0.11855302068030005,0.9725800179421337,0.023964369816623678,0.19772210811375968,0.06703543124074669,-0.005233081083994832,1.9953777089522702,0.016126029619919012,0.3423304665869688,-0.25082497332982107,0.5857572907919315,-0.42866860003878793,0.005669378161073849,0.008620704776705956
2025-04-25 00:00:00-04:00,0.01989979169741953,0.8750260329735453,0.016633980147422567,0.02345876029886864,0.24906569459922967,0.1372455168719212,0.4210206561879059,-0.3578116668138957,0.9684216233129069,0.021667128059845782,0.32561628667730336,0.06055757371061581,-0.020103240389320164,1.9903479974346063,0.015833455020054964,0.2871447098492326,-0.2522807082425048,0.37385066460477057,-0.4223967997577169,0.001357183153090572,0.017189017109698668
2025-04-28 00:00:00-04:00,0.002375899452561847,0.6403367595699431,0.8094276504934431,0.01834642586705394,0.09662245697630867,-0.09715964457666869,0.8945619527022332,-0.02022951498636188,0.9534490088360418,0.012023499384205938,0.18922945212177952,0.058362780557182414,-0.04049490232302268,1.9700185806502377,0.01232231422926683,0.21456699248434657,-0.24248726951884886,0.4589505389965572,-0.4117556641658819,0.0006163121328710101,0.003360932381650139
2025-04-29 00:00:00-04:00,0.002971619397233538,0.7191089581261311,0.8118627320422492,0.0230414455567764,0.22350118863827567,0.3366710767986167,0.8650460066159555,0.2183691186795741,0.939894411875182,0.014921704827468248,0.17463690003589824,0.06201611507458191,-0.05971685553217893,1.9755243609222106,0.013846460690804873,0.10214319313624187,-0.23739347923723378,0.4308477232537032,-0.4068714775406523,0.007335641548621481,-0.03321847451386273
2025-04-30 00:00:00-04:00,0.002792901276537749,1.2473795199431896,0.792731609305545,0.03875230091832305,0.2785817356757515,-0.3255889950800821,-0.48400774616398634,-0.017511263346186773,0.9843412962294844,0.01689760103092239,0.23888000739736542,0.06265648858641579,-0.074587837357645,1.918669176872532,0.013006986352553384,0.019532654045916087,-0.264142381408691,-0.05755352196671289,-0.39914758768165853,0.01932833442896524,-0.00452367151298505
2025-05-01 00:00:00-04:00,0.018628113841922585,1.2256367717135148,0.013433188810941375,0.042872628607824384,0.10453260276911094,-0.39432107670722555,-0.4850862844274186,-0.12843403159610894,0.999195555153547,0.021572513056295442,0.37408484545104415,0.055172197677467366,-0.08241277806237504,1.9212398770355956,0.015431962251754274,0.0007266570862983536,-0.25851762532898015,-0.050072081716654414,-0.39744361777695464,0.0,0.023687475101662248
2025-05-02 00:00:00-04:00,0.015404604215740789,1.0051315379027324,0.36205970568652407,0.026959004271504834,0.020297526293426824,-0.5313212747593856,-0.5749900150059952,-0.14774345517129714,0.986779172528749,0.024953991643661248,0.5110440045870177,0.04977458285347751,-0.08981127597890026,1.9059137252182392,0.017248507488664272,0.10414999035623251,-0.2676810429846668,-0.176619377214445,-0.4268635682119338,0.019127622253541084,0.023328262157267687
2025-05-05 00:00:00-04:00,0.0163085796843111,0.9218825420516964,0.314234791686906,0.033636950274937794,0.1931425280913031,-0.6846857497087376,-0.6487404369743096,-0.1356797493715874,0.9530897169533812,0.018929844631513586,0.381474616956123,0.05581170528089173,-0.09325638724997073,1.8871940281699813,0.016921120891326424,0.514012556936887,-0.2653757704257911,-0.28230069336525215,-0.5585769068561732,0.0008065194512280366,0.0014767509099073983
2025-05-06 00:00:00-04:00,0.03024629024368319,0.9545234505657851,0.07550776686165078,0.020950164204084454,0.21426516305951496,-0.7190642450114811,-0.6314417970923345,-0.19539473809542215,0.9437130645832448,0.020217285579612148,0.45741118398365993,0.06545881399265788,-0.10714476396141866,1.8909515376405552,0.019832285717663503,0.5228635652657111,-0.2722319873975405,-0.2618167231310308,-0.4872282740941283,0.0061564438763859145,0.016588289601330297
2025-05-07 00:00:00-04:00,0.0049634430909169065,0.6693931203926303,0.874973426687264,0.023700367577752277,0.22485024995692338,-0.7764515583848787,0.5368482586746327,-0.4041432138898665,0.9474211118184666,0.020345319102846714,0.5405503329034173,0.07249664355122279,-0.1410731036484574,1.8929794082876523,0.021667367739165982,0.523071349297796,-0.28594287223666665,-0.3824479687261968,-0.42720101934361293,0.007013838743823871,-0.01359797090026138
2025-05-08 00:00:00-04:00,0.003094008118183109,0.5328079191925036,0.9386196907601145,0.02679377202145618,0.38927631432765686,-0.6657473657516131,-0.5589728864305031,-0.32552002448622647,0.966557729868547,0.024578133239913647,0.15664643500411135,0.09314755201207991,-0.14512589773704357,1.8812027835314615,0.024583007006323657,0.5275531485774648,-0.2906458182602037,-0.5340053220688211,-0.29631233936955265,0.0007642427939196602,0.03280946007135355
2025-05-09 00:00:00-04:00,0.006927017350857572,0.5969212322213641,0.6008738455752198,0.030295360148833116,0.3788490452204191,-0.13024391646250513,-0.5339884771971819,-0.40190125191146325,0.9201499347864731,0.023822959197352486,0.11787801321067101,0.11280421354956403,-0.15615913875795426,1.8599140634335298,0.014193737098869091,0.596872045371508,-0.302847326230187,-0.5571067160742116,-0.27901892450510807,0.006115196948352584,-0.012991693662140702
2025-05-12 00:00:00-04:00,0.007934398296058026,0.6117647933340613,0.6034723923097947,0.040148265933505324,0.5110779122688318,-0.008731870699968352,-0.8177544672551202,-0.5097193058791065,0.9414040581197388,0.028442045335280084,0.13397969375510294,0.1369601590192946,-0.16034499204729952,1.8475269470218547,0.015340467434454169,0.59315186916373,-0.30511917409197875,-0.6900815020956423,-0.06527373898621663,0.016059292909369045,0.019653818923550226
2025-05-13 00:00:00-04:00,0.00901943900556,0.32689529790325844,0.4714152923277334,0.018484033936736432,0.6767973859519697,0.1426701635118361,-0.9548290718126253,-0.4960810759175243,0.9258957040741983,0.020962937699227118,0.16413726330103504,0.1614025230995096,-0.17225439330272013,1.8255203030453642,0.014028925205217356,0.6342415436931041,-0.3093416416193879,-0.706060215599252,0.027871358188164382,0.007491145370939455,0.001856833073198727
2025-05-14 00:00:00-04:00,0.009514175351417582,0.5621028879748305,0.5124923007435926,0.018888121765247637,0.8926559693136735,-0.3285771805096091,-0.7630502834656917,-0.5868681121839857,0.9334802030495377,0.009001383616985827,0.24037881914213408,0.19492973510886094,-0.20079370074643585,1.8361833479717464,0.014989389262565909,0.6618310090390487,-0.3191718887867472,-0.40163513803985434,-0.08379128846168711,0.007038497243079093,0.012019289720120119
2025-05-15 00:00:00-04:00,0.00756579568036425,0.6173169773854849,0.6760566473398709,0.019964398877812373,0.8768161003986517,-0.6869244890109943,-0.616410177457797,-0.44330585136245976,0.9315837740976136,0.009384627876054399,0.20817365266467203,0.2357325588126603,-0.21879639346461435,1.8365712881475849,0.016299995126800366,0.7126638009273863,-0.31839808521052454,-0.586060934192759,-0.19102122044492226,0.0,-0.0006135149937620543
2025-05-16 00:00:00-04:00,0.004468891301105122,0.8112750584458543,0.6453764281169602,0.014099240427052013,0.8953218043306288,-0.8324495325859971,-0.4453174625737506,-0.40145868656162886,0.9208778038853865,0.0059898852880465705,0.3731143734088895,0.2881775608804045,-0.2523326026884753,1.8506479211467266,0.011976890147316744,0.7685154590991715,-0.31963758241280554,-0.3943234762718056,-0.31295114436932314,0.006440364264075707,-0.004735914049614154
2025-05-19 00:00:00-04:00,0.0021760161714739525,1.01545870200705,0.860422232058753,0.01727768179883485,0.8858542481846877,-0.8398502259546691,-0.2522301433744798,-0.5286893342410373,0.9077395067480127,0.005191954341851431,0.2761768542257318,0.33200816958558627,-0.26806936944832616,1.8763343535149526,0.013353088852769226,0.8633603349392727,-0.31540804961631763,-0.5769590584288645,-0.3222654449175017,0.009822862476379021,0.012689268895336836
2025-05-20 00:00:00-04:00,0.0017582479322445798,0.8178935534300572,0.4928617004979884,0.022896751112065003,0.8319995397239971,-0.32313876221374466,0.013358776433962499,-0.4589043140894944,0.8942995985877469,0.006627027056201713,0.1598512382170159,0.3609157174616712,-0.28063652646721526,1.8650979412698605,0.006257452372502477,0.8589788041877573,-0.3202062435166474,-0.5993676494720346,-0.33230603635870387,0.00578994688203793,-0.0018273208349798287
2025-05-21 00:00:00-04:00,0.0020112265538567513,0.8193478972396513,0.5413601561693876,0.016620223313151536,0.8152567663863631,0.11718118039256402,0.01302187007458274,-0.5726159425337608,0.8872274079622267,0.006422200451260819,0.11909756689466991,0.3906879178935461,-0.30575501050012344,1.8747836902365957,0.007043888413995778,0.8615246002187155,-0.3189850209050973,-0.549760751835328,-0.42704620053302483,0.0013922383855213467,-0.0027896093801038635
2025-05-22 00:00:00-04:00,0.0014712705257547312,0.9493482219565276,0.3438905552141426,0.016174063278805068,0.7912036779225491,0.21595349697611377,-0.2313343133395281,-0.6132722713448328,0.8857317529132535,0.0069081363245899535,0.13351799895410976,0.41288091129134397,-0.3160439716730309,1.876456571736533,0.005044087199645086,0.8750125854115511,-0.3207615424445189,-0.4800693063757142,-0.36050111082387126,0.006888141064701439,0.013724948540964954
2025-05-23 00:00:00-04:00,0.0015335274316444234,0.6449094801114472,0.29595538984221664,0.01919389744302121,0.7425328952508274,-0.38815616606685016,-0.7278902996772655,-0.709169140642749,0.8339039931981251,0.004014821459572386,0.29613426657829156,0.43031090898832863,-0.3559837736687177,1.9592317216903004,0.004937533795467727,0.8648459599315568,-0.2666542048744137,-0.5559084710047383,-0.510953455684731,0.005496465431128951,0.011383207509442439
2025-05-27 00:00:00-04:00,0.002065758408381416,0.573741545671053,0.6094175056254649,0.019815507845412944,0.7854087082484689,-0.7748158010834019,-0.5419047035741651,-0.7699097019658625,0.8339645637390959,0.0038549872987880328,0.29031404774564373,0.43260275746000726,-0.3576041799070916,1.9696643275154,0.007650501484346975,0.869619925235435,-0.26243376906600946,-0.38092311746597823,-0.7113072563376085,0.01511790437973378,-0.01620046216980975
2025-05-28 00:00:00-04:00,0.003333838767136088,0.5417288530623788,0.640901226203872,0.02243759082843857,0.8127148769876054,-0.7785294052128825,-0.5009571418162027,-0.6460126232260577,0.8431539197702783,0.0028865065601302426,0.307209500136238,0.43886375637617203,-0.38318946415346744,1.9660631713594177,0.010219238959549246,0.8980177668216399,-0.2601717571602397,-0.29166566498286084,-0.7475556776512376,0.0030596685292090314,0.0026000506278671676
2025-05-29 00:00:00-04:00,0.005747323467368377,0.5571662750476182,0.3414102361089671,0.009151387129686373,0.6863407723989773,-0.6411826535687263,-0.5044204575286317,-0.5660710069256505,0.8610616291712146,0.00392621247225442,0.4427774363600573,0.43817545056692486,-0.4143317199251304,2.00718110165215,0.009894974750257118,0.8984168077100817,-0.2614980277821231,-0.3004599133872951,-0.7558462889651104,0.0063023685175998745,0.0038900303232813904
2025-05-30 00:00:00-04:00,0.006594280575925896,0.4470284253431557,0.09141496625094693,0.015534676871412254,0.5589731906507909,-0.1962249637481372,-0.09711711841828521,-0.16020096942170386,0.865731654717531,0.0041284602317118125,0.27154729341543077,0.4436725025446844,-0.3861232370821795,2.0141290978959234,0.009006316587596281,0.8715005839357783,-0.2393756602317122,-0.09745797699844617,-0.4703290544966957,0.009666028480482525,0.027297072799947975
2025-06-02 00:00:00-04:00,0.0031451312815484727,0.7670617275728551,0.07535923591757321,0.017826973635272424,0.5638688145342329,0.19229173423739346,-0.2704858514499449,-0.023114601068018777,0.7979547204219722,0.003998567300809916,0.5155427337045536,0.45209332670026614,-0.3959933546441228,2.0780362050098793,0.006083186528089141,0.875533733514364,-0.24315987539204473,-0.33449999762255145,-0.3608402417042887,0.008955707613447347,-0.00905275490363655
2025-06-03 00:00:00-04:00,0.012863835808916212,0.7480992109063327,0.22517451896651994,0.01712728762823418,0.6174963336297448,0.18484229306651845,-0.2056882952826127,-0.0498988317702978,0.8034873192897269,0.007491018891904579,0.4890228085509354,0.4518708965088824,-0.391199181488737,2.070735748570672,0.013500700153966733,0.888366896298352,-0.24536748834881952,-0.28168328270413345,-0.36310205170578785,0.0018844093069155484,-0.017086882183749985
2025-06-04 00:00:00-04:00,0.005364688553686033,0.7251893089920769,0.7277071703622873,0.019891705736046896,0.6055564881556774,0.23889010840514727,-0.12848732340806765,-0.021476535733297546,0.8435032103237565,0.007518259594035126,0.5943623814297735,0.4488264612539843,-0.4113624590099348,2.123495144139137,0.014834386291150622,0.8838172131627148,-0.24848170232927455,-0.1869564165417455,-0.34107590577507246,0.0015236186397980397,-0.005421643789931485
2025-06-05 00:00:00-04:00,0.014803444680630619,0.6624320836353683,0.09934538624323505,0.016570704160665924,0.41322755444724496,0.2651085633168985,-0.07781414121730759,0.056769527400426074,0.863468143240776,0.010367569744327733,0.7699583923982902,0.4438565838326322,-0.419039862238511,2.1574742122522976,0.013586205552248293,0.8326372249696335,-0.24088549369147388,-0.16717925062061675,-0.36701177614586433,0.006600754205166897,0.015401924424874647
2025-06-06 00:00:00-04:00,0.013794715299835754,0.6344886736438283,0.1748489200660671,0.01710028066023433,0.1354407081526965,0.02668752609335929,-0.6154078189022688,0.013058220506208685,0.8547795951689865,0.01354532113284553,0.8387315781409633,0.4395570332584136,-0.4393756439101111,2.1546730078411973,0.013597734934720563,0.7441112483548777,-0.2421494244905405,-0.16161744076215898,-0.446487152432588,0.002498284897939855,-0.020536883683887286
2025-06-09 00:00:00-04:00,0.007973039629208221,0.48740347665498784,0.4741714582562976,0.017510737472337574,0.04806368005577072,0.3157880282437149,-0.43998676960447547,0.1549997373031567,0.8758183313246574,0.011973502295625535,0.19256659653564073,0.440624023464499,-0.4517661548861472,2.1335947108830577,0.013084971368117364,0.7355960771634023,-0.25466268502383904,-0.19702514886542927,-0.3907454247980227,0.0029184889895720067,-0.020619513056118755
2025-06-10 00:00:00-04:00,0.00707193875001806,0.5480027784136218,0.414578739151974,0.042369164131726464,0.013097430689528252,-0.519851510744189,-0.5293164061552043,-0.1398742401014365,0.9068077504206961,0.014751962155260076,0.19936476706877446,0.43293056958037474,-0.4760720084052992,2.125561900089049,0.011801634754268249,0.5856790087941316,-0.26772125787888734,-0.2220214206587623,-0.40623882008534656,0.010981380253438368,-0.0030201872898938387
2025-06-11 00:00:00-04:00,0.011051859294988213,0.7427973379696541,0.4915468935894097,0.017203393064728754,0.1377016071899914,-0.8838473986909036,-0.7360026209774472,-0.17267995338306774,0.9358839859709492,0.02299759351993261,0.24446466129718283,0.41714082813865966,-0.4822763406847259,2.186149773094638,0.015854633545641424,0.24557472702195698,-0.28081036442951035,-0.2436708217468172,-0.2966706332185834,0.003970044849532637,0.024324898346273827
2025-06-12 00:00:00-04:00,0.008713734224884879,0.5415550664609268,0.7163398643957642,0.027094483050028248,0.4443063659954333,-0.8754178620441238,-0.7699434791478993,-0.19537098445986326,0.9260352805362648,0.020837297640469807,0.25996605424116453,0.4106512016001519,-0.4806305970215557,2.1878137864009637,0.018622934870970408,0.045659110012520106,-0.28143786234367646,-0.2461703561969898,-0.24355662404456843,0.00204987285022096,0.013048025296992005
2025-06-13 00:00:00-04:00,0.01944230804799522,0.5039871826734685,0.32306499797516497,0.0448550934680245,0.5435905433729397,-0.8603412990501959,-0.7719310448384445,-0.23345694907552755,0.9274351789468172,0.017145577660049306,0.2549574543827435,0.4236173486732151,-0.48336118346557977,2.214206694837044,0.017890831698400465,0.006049145936807787,-0.286375501699543,-0.6445424012150026,-0.24791465656692985,0.03140727641409759,0.01846125905396323
2025-06-16 00:00:00-04:00,0.015942568819519314,0.5072428084124174,0.23097387242925194,0.028015086756015033,0.4198634475744036,-0.6182691996600542,-0.48506346031936287,-0.3070825964249296,0.9164118608878662,0.02156373766723308,0.13356027008910823,0.450432617069622,-0.4831519618476669,2.2115902212330676,0.015061438451415386,0.00393886536317181,-0.2839220904429894,-0.3839927673822539,-0.18914629833699612,0.003245685658263554,0.008262426064470585
2025-06-17 00:00:00-04:00,0.0034398735459027297,0.5480033529253677,0.925682792047587,0.01761602314943,0.017494712383890103,-0.3074761597879416,0.3726390454949442,-0.20037819344115437,0.8930951394603032,0.032715982656447,0.11776723650559494,0.48718032243587756,-0.47931354086273054,2.124631758708445,0.022412876780017337,0.01635803420041498,-0.2803446100610475,-0.3581614059839023,-0.13866818907980372,0.011156797594740522,0.009867086223783073
2025-06-18 00:00:00-04:00,0.0012378146509248117,0.3674613818309652,0.9775187960819647,0.02332746355777034,0.1344593730543299,0.4422399017076535,-0.32465081851758804,-0.022607525448066657,0.8987857607677747,0.03445073925433082,0.09014178197238075,0.5130841635643266,-0.5706178326213217,2.1598941264516753,0.02432523111641676,0.032686786037917755,-0.26734711201410905,-0.5422599895845214,-0.01991692922834159,0.01441302795245428,0.010598593828885727
2025-06-20 00:00:00-04:00,0.0006306910646350447,0.36113903159843375,0.9819631330854709,0.020145008152709212,0.38207993857534145,0.7706378947559742,-0.1849942097500633,0.3874480156077434,0.8951476508159163,0.03507086260252901,0.22520074922427946,0.5501237846909259,-0.4914489243191638,2.1400309976641907,0.019283123919432085,0.08723080589682546,-0.24479826970699603,-0.4200001617163952,0.27207555555137697,0.0038724660959634652,-0.0049160471144004125
2025-06-23 00:00:00-04:00,0.0005734336380339547,0.4712649651841446,0.9800873152278312,0.020096767079366983,0.5831102307322457,0.7813699848578471,0.6601384542859781,0.3734845536027551,0.9006349211732922,0.03312254128594172,0.4215182475614906,0.5919004960400657,-0.4795201838842422,2.1332926781673356,0.017542699152170455,0.15380014337055942,-0.23212224233936257,-0.17691955302167095,0.2968370818142284,0.006234061881766363,0.008892496891337531
2025-06-24 00:00:00-04:00,0.0018109309887629076,0.4742078045080098,0.8518923426561761,0.022563876395861052,0.8623110828591943,0.7503328467055939,0.8580066741219006,0.5511757770407192,0.8902606375640156,0.012832831751203807,0.3014461224105621,0.6322057129173171,-0.4424947280812709,2.1154145495156027,0.011380451439486966,0.1940847962775669,-0.23344712131645537,0.08274022796205074,0.4175859489661836,0.003554015313397556,-0.028156312456821375
2025-06-25 00:00:00-04:00,0.0016129232299068308,0.5041118987266343,0.8118787516443299,0.02839602027795727,0.9393887283221434,0.7411032422893108,0.6964240725536978,0.49445843796946254,0.9269150241951047,0.006551297370044249,0.4426751136783628,0.6701502983539379,-0.44459064095223655,2.092816085947272,0.009666895178546343,0.2776380393452066,-0.20535480705278283,0.510866746385073,0.4053120950811737,0.0028641447042698706,-0.0034430151914830454
2025-06-26 00:00:00-04:00,0.010370838123424368,0.6542582007866222,0.11631856341915954,0.013979792673923378,0.6952656635828021,0.7521664937449908,0.7403661511606804,0.6236354663141268,0.9333031917602829,0.024607023418458537,0.4492293646229224,0.7088129242039145,-0.4451254273097034,2.093530296194742,0.011329404425903562,0.32375671741785783,-0.20499625814289826,0.4840248817776545,0.41180106452200876,0.008480222668142025,0.0024437904498921803
2025-06-27 00:00:00-04:00,0.006683755541874347,0.8377208230683675,0.66880835517511,0.012428430230222241,0.3525553155774454,0.41774245983778535,0.6182661559642187,0.6068468142847869,0.94290427412192,0.027544556843906522,0.2607991318410099,0.7478680624968728,-0.40869461884868863,2.1103682150155523,0.01483845199053442,0.2956618718272068,-0.19827311799431255,0.4788573056932393,0.39662137502956,0.0060246373900116204,-0.01698052597098787
2025-06-30 00:00:00-04:00,0.007067214363322675,0.6808363701992505,0.6455593501172419,0.01954953694796045,0.0607662061093935,0.39135947583709896,0.7999038673851835,0.6371741801784678,0.9688058464049895,0.024206094868954878,0.3902416556130879,0.7980770218658406,-0.41193662093264094,2.1022850787865814,0.014876107660823428,0.27525433956124445,-0.1716316499050747,0.6459446852878622,0.3705378708901542,0.005014908284173385,-0.04917047649750583
2025-07-01 00:00:00-04:00,0.006537766969719868,1.0142475428160123,0.7718699853552705,0.04938165475299987,0.15287715679191657,-0.004507156638153807,0.08006804775609956,0.13915350569101587,0.989198765218981,0.02074863358830789,0.25717420900705434,0.8504624703322585,-0.41080909095078316,2.082840857880011,0.018289806785985272,0.2022645704866028,-0.18212069234008246,0.2193106001986339,0.28577513839917906,0.002490560884978317,-0.007644676365844205
2025-07-02 00:00:00-04:00,0.024529699972677965,1.2169152780358996,0.6857293652720794,0.02920197486687676,0.5281037572173355,-0.22252465965330162,-0.07813061250835392,0.10118703471211285,0.9017808406725858,0.039728098837904006,0.2869969211311635,0.8399981427185824,-0.4118401649131383,1.209896058909753,0.03030025115505235,0.07375626035196652,-0.016127332782281824,0.21810213974389928,0.20661713706329682,0.010833672058490779,-0.014500600946049436
2025-07-03 00:00:00-04:00,0.016334515077952076,1.1172682009351602,0.8661713697006749,0.03123313395017625,0.7618402010133571,0.3728212906414623,-0.0807034722550886,0.43096348884328894,0.9155069602781226,0.034766337367095564,0.6551947241616132,0.7816069844350443,-0.34225342085838756,1.1964595949032266,0.038168266520151206,0.0095593196880968,0.00444529836324911,0.2487659294798663,0.32255044291628415,0.007179998523696384,0.0014714180789914266
2025-07-07 00:00:00-04:00,0.010886061747431359,1.1680370464268697,0.9223605720877626,0.02124714135573035,0.8811160800363053,0.5062926382754722,-0.16499318770220261,0.44769050302517094,0.913705167609266,0.024517114666389624,0.37869102283524786,0.7075563780033506,-0.28805924717524956,1.1955784370000297,0.04087886070217454,0.011305162089123227,0.0031837337112242646,0.1628750972736176,0.28135511705150773,0.0044342111495022,-0.0231406031180994
2025-07-08 00:00:00-04:00,0.019356930695397546,1.011830087263062,0.7625757580109794,0.03685703359598694,0.9129185365898821,-0.19750218104490894,-0.2079472390069106,0.1454310931797638,0.9707959117657221,0.020172348299556452,0.21393021683822785,0.6342000187269008,-0.2442639666244294,1.0145245253915396,0.03153873269575705,0.07309382518858978,-0.042052662859589154,0.19057341358002272,0.1553594463057341,0.006326164976091726,-0.011092208370913736
2025-07-09 00:00:00-04:00,0.002271991954415064,0.7907990045072189,0.9079028241265875,0.03422697087878257,0.9389307445331324,-0.020016074594999628,0.338312575156825,0.1371790840352127,0.941490746361131,0.01600980054278251,0.24109788051518494,0.5441037064331994,-0.19568299845100562,0.9920847320633274,0.017445798801738188,0.15476414598739638,-0.10345429316434293,0.12148495926168675,0.16988876312278095,0.01940125585792387,0.0
2025-07-10 00:00:00-04:00,0.002347207055810373,1.0344103417222024,0.9257235228924073,0.022536666750032165,0.9328956705288192,-0.16252177632759363,0.1835448417730244,0.08521328653196507,0.9780910705022334,0.01640274251563316,0.2897703487121889,0.4394692025377573,-0.14961749974652552,0.9868615066513975,0.01974516075338714,0.28377500247735904,-0.10562850025976722,-0.02206280838720654,0.21171304618418477,0.014817993796446025,0.0035170883415152066
2025-07-11 00:00:00-04:00,0.003309590193889244,1.198990108565354,0.8649847595774699,0.013765391419709736,0.9200064235137855,-0.4041515723381845,-0.06953074525005665,0.22219303707990412,0.9699510592474099,0.018686633975705406,0.2823509797759463,0.3488044626536438,-0.1119795441554605,0.9898889865396514,0.01735976927751372,0.4657041017916927,-0.11296174423890391,-0.025811003457396106,0.24712954511835258,0.0031693386390229386,0.03798427310653785
2025-07-14 00:00:00-04:00,0.006258243476292058,1.0003188639887257,0.6332210060998135,0.0453773354584316,0.857891371756338,0.5375380651708292,0.503110751158378,0.33023184691084506,0.9463504194193972,0.026343693589581725,0.16089368763375478,0.26810086171507985,-0.12281047558258201,1.0072142896788254,0.014215981474555583,0.6605113756293834,-0.05507429530776732,0.15745589356633802,0.18544338416127684,0.004056606652601746,-0.01889021069430541
2025-07-15 00:00:00-04:00,0.016299387940276047,1.06905324444234,0.3350199276252527,0.03110742517128048,0.5393962927777467,0.728701709109493,0.9431809439465588,-0.03952900058288161,0.969383622079154,0.04834870872976946,0.1995138551781846,0.22180040880884785,-0.15029258712500176,0.9873868854827732,0.017201858737976045,0.74203890393291,-0.04527193656707328,0.14016706673987422,0.17547395658874532,0.01140302835869949,0.007441113352306683
2025-07-16 00:00:00-04:00,0.011717406616744917,1.1313271337819557,0.5514465825619747,0.01675620481612425,0.3068641828180846,0.8408493903049504,0.9414994853128119,0.26493929876206035,0.9780232937186185,0.026972383906889757,0.1741349742776664,0.16923174085168413,-0.1505851050106388,1.0001704784473424,0.017692649522791187,0.8075259113950164,-0.04862755271849913,0.5324676803967765,0.19301510991746576,0.007591184227988517,-0.001477259686937571
2025-07-17 00:00:00-04:00,0.012440894954060958,1.0960574747844933,0.4880327449661063,0.021247141355730487,0.06346929076266764,0.9612474423971583,0.9857847279075481,0.1390241597925464,0.9405563777544118,0.02673136018905916,0.19099759533714325,0.13062859967042703,-0.14256737002837727,1.022940049861121,0.017076935896026907,0.8116764470046838,-0.06847129455160082,0.5217929664534763,0.23711386031090861,0.01764437563149571,0.004530773493187867
2025-07-18 00:00:00-04:00,0.012574070354506119,1.0900779160782523,0.17585089994373138,0.015527921959407895,0.011806930248225588,0.4508279794642449,0.8633493599157015,-0.021485006203555618,0.9433658559029494,0.02124302946477802,0.31324224509651527,0.08580870773399368,-0.1282009140232247,1.029027679597623,0.013500773608721746,0.7905068243765281,-0.06769596266672194,0.3952187129061705,0.29726772237180304,0.00767260058580773,-0.08495952865449441
2025-07-21 00:00:00-04:00,0.004169219827221475,1.5834068718793688,0.06669339889844268,0.08323255881934737,0.16871939420914933,-0.7238005508326756,-0.9217094319517716,-0.5202255674432368,1.0510719761627774,0.019313101458094097,0.21236854726456733,0.05103462269944618,-0.2216544290653882,1.5290099094411667,0.007636927770817982,0.7351604869110154,-0.2694239074654057,-0.5663457379593667,0.07939150416601902,0.007718793271431614,0.002011855339895563
2025-07-22 00:00:00-04:00,0.07084216877916953,1.7799960805925628,0.40740197424891944,0.02790323051224913,0.012644969528759972,-0.8392502260181146,-0.9634256789577988,-0.546591668829085,1.0427690156795255,0.07207774837387132,0.29856333463136725,0.011845173524014402,-0.24514066445349267,1.533100678808756,0.039466884862753994,0.7385920769957791,-0.2757952940835284,-0.5588409930949808,-0.15921210810203984,0.010137530503603677,-0.009135574295630278
2025-07-23 00:00:00-04:00,0.050630911078338676,1.7080915347124808,0.7248054138646699,0.03225152489237025,0.16162284448609082,-0.8624286687912562,-0.984564572059353,-0.6454318427940701,1.061455424405148,0.09567813128074822,0.27078946052749975,7.645727564015956e-06,-0.3088035423867454,1.5159341134758029,0.0491867168240492,0.738363150443622,-0.27363198549260764,-0.5758705186937223,-0.24081457676491758,0.030223080868720425,0.009118433938607007
2025-07-24 00:00:00-04:00,0.044762706804009046,1.5967766207071206,0.7711830051334141,0.021082833478890898,0.40956539326274927,-0.8646276044610911,-0.9838531857173898,-0.6297668000014186,1.0699445808777264,0.09232770075462257,0.3395326794837889,0.011523353520755125,-0.357959662759383,1.5236105494398386,0.0504897090496152,0.7368982314651503,-0.29465738290982724,-0.5906450020773484,-0.3573186306418701,0.005233010547328549,-0.014357401362607769
2025-07-25 00:00:00-04:00,0.0678676951057522,1.5159602128067367,0.5051319669690867,0.030720062255859545,0.6151860525715207,-0.5481606518219103,-0.9223209408406214,-0.36685048069068177,1.0891783631818395,0.07114797424613452,0.6118295950172952,0.03669123410251873,-0.3210825850684364,1.5082056091954041,0.04258100954367575,0.7273104073592177,-0.27856593218910275,-0.5283269037082842,-0.19927010477554874,0.005400009155273351,-0.0004074212149528522
2025-07-28 00:00:00-04:00,0.0019846223347524243,0.6776714261554683,0.38012718673461393,0.016681918730299772,0.7924522391523567,0.6437649366400487,0.0584886026282865,-0.2906809717161527,1.053426707872618,0.045226456623406776,0.38515888115846764,0.07427509610826931,-0.31970747825715257,1.563017189564512,0.006507366019213095,0.7208323965947786,-0.23951945577425193,-0.8006720857079935,-0.1315549024525338,0.013426912090374974,0.012636335683034794
2025-07-29 00:00:00-04:00,0.001793150848637097,0.5168751193516459,0.568349365193003,0.01730593185632517,0.759749576472152,0.610936454316275,0.36348595041335446,-0.43120039831890716,1.0355754721914685,0.04818269633286055,0.21546533258070205,0.1346937731283992,-0.3093439505029659,1.5418470155354123,0.007366022823094317,0.7157041835502641,-0.2381933816813586,-0.7721740036780287,-0.3813338804178037,0.005161365443142752,0.0487067030270254
2025-07-30 00:00:00-04:00,0.003361903191224361,1.3880586854511692,0.0009282317299396456,0.05680000305175798,0.6697073192299935,0.8454866738792157,0.8056379505419565,-0.23777441639149513,1.010869518946497,0.05708156362969712,0.23686870010456199,0.20874359545681676,-0.3254444706003736,1.6123692042216464,0.006473782069350095,0.6955160144723238,-0.14197655140838567,-0.38598286049056724,-0.2911447099444817,0.0020999908447266766,0.005469765057418252
2025-07-31 00:00:00-04:00,0.026131934034454594,1.4390614947633962,0.4330472072711208,0.02387480844802943,0.24715015730949624,0.7326534241243575,0.7482763880033598,-0.20349604582377093,1.0288239229472989,0.10298070577156204,0.43482382192092284,0.26807426881098845,-0.34196754899888265,1.6418332072457247,0.023894152790286928,0.5745785608609723,-0.15318777784857215,-0.389146153735546,-0.33406319096599135,0.004476499041064941,-0.026818025766842446
2025-08-01 00:00:00-04:00,0.011755269405580722,1.3123426148615116,0.8568495396102327,0.028387831397033738,0.0008015617030775893,0.6138386825645032,0.7442973088272281,-0.14101131357359545,1.0587364613113903,0.10714893795004601,0.7158319941626959,0.3164944087432026,-0.325382986114257,1.602370641032345,0.03232973911022354,0.43735150490999847,-0.12698296073309243,-0.2959893956589363,-0.316312368677504,0.005178871515416327,-0.007257068815408441
2025-08-04 00:00:00-04:00,0.03215352428038921,1.2194335560673426,0.5034790764398183,0.026382071414204893,0.42750801613461004,0.48761766843544274,0.6926964296368151,0.3390901150020299,1.0841669625980779,0.02858748544844062,0.4762522378437772,0.3748862227787594,-0.336208073589213,1.6111534885923788,0.028814387562931663,0.38732670196436175,-0.1260470003920061,0.588032601301933,-0.2307753334774541,0.01220941622908927,-0.0018768494408970549
2025-08-05 00:00:00-04:00,0.037016861281548984,1.385744612189206,0.011154781439168374,0.023445157272996658,0.39975827851909607,0.48171040377974267,0.689713761822734,0.39991909101327744,1.071435414748773,0.029683824010986966,0.6360517763057769,0.4255155950148101,-0.32864408836134157,1.6374112855666965,0.02192842561463813,0.3385191004292162,-0.11858433527824215,0.6065335696110736,-0.1732857546662872,0.014616419737933192,0.006037219642555769
2025-08-06 00:00:00-04:00,0.0042827702133604265,0.802300673070248,0.8123029083459264,0.018720476927276422,0.3458440963478015,0.7150755968534752,0.03009994788922556,0.3586942816906135,1.099948004509393,0.03158248095610848,0.7420820014673938,0.486848246188847,-0.3108347596343396,1.6804418469300715,0.017068619855887358,0.32421847271683696,-0.11068719398853584,0.6428102310696788,-0.16492606892165204,0.009960640283429112,-0.016133876542817616
2025-08-07 00:00:00-04:00,0.007909955991493656,0.7247920292290526,0.5572776582300436,0.027840647206819887,0.2518223243590968,0.7381408947858852,0.35733813898312927,0.5133153614648175,1.1034609192312246,0.03377041055278849,0.29443374289925456,0.5243156147638284,-0.28473944463649375,1.688771348375502,0.015227131614790656,0.3114090068770034,-0.1000573896667305,0.6649381345274413,-0.10604707449653672,0.0010821506020690002,-0.008699110500604457
2025-08-08 00:00:00-04:00,0.0019643116901067164,0.5067845436479329,0.547850693111176,0.029199981689453394,0.094410530788048,0.3650995721343044,-0.2410743890661019,0.5844143630686944,1.1350218205646987,0.04034651349187693,0.1847923258660951,0.5734126500007425,-0.26567142859349585,1.7144563352262085,0.007541509898329109,0.323631876995671,-0.09180689230522092,0.620191040137454,-0.03262039462937081,0.011100006103515718,-0.011902409495016086
2025-08-11 00:00:00-04:00,0.002865564794001177,0.5079844067360176,0.6506677565689182,0.023725375080433944,0.009229952736673831,0.5282630309213485,-0.34531870162979267,0.5800078154821043,1.150826980600951,0.04004437052206002,0.19713731161395023,0.6099753885458992,-0.24432035645378067,1.6965933154129693,0.010425092073532023,0.33359511331186137,-0.08828956485863039,0.6471240082032985,0.05908935771572473,0.00312970771370642,-0.02113112735088818
2025-08-12 00:00:00-04:00,0.0023713817102726507,0.4705448843375573,0.8642688453324563,0.02526080232705094,0.3848871942876311,-0.19998143111357394,-0.5535896208334324,0.5722930545951387,1.1898009386554596,0.026049054598385215,0.07152734709101309,0.6455872933586106,-0.23172898825763674,1.6800209797780314,0.01537775088872217,0.2921842719545005,-0.09389020007008661,0.5466848662436328,0.03548616191847367,0.0014317794170197915,0.005944437895138988
2025-08-13 00:00:00-04:00,0.0007526584332224867,0.37657528924680855,0.9799423208428324,0.023907423632310132,0.9064626828546265,-0.5711927058946634,0.7799384364028221,0.37600649417375726,1.1820443884833653,0.0061035931304446395,0.19172527517138466,0.6746443409405903,-0.26030014800703366,1.6607595843877108,0.022470021570107825,0.28931141621661854,-0.08241422505813836,0.13314226235024654,-0.02748703932304297,0.013881732381707835,-5.2641446787293766e-05
2025-08-14 00:00:00-04:00,0.002784722467129933,0.6880806815125686,0.8848199282386692,0.029894698293585504,0.9094009040839963,-0.6889039871604787,0.2796579159504141,-0.04070322417517298,1.1765082609536932,0.006004022575331962,0.2573225055123762,0.7019596192325315,-0.26191244515996903,1.669829966095815,0.01803676228410043,0.2542407656639833,-0.08264444283413498,0.32958670542853113,-0.04576020750185634,0.00515787225020551,0.00147379172074813
2025-08-15 00:00:00-04:00,0.004862238489363546,0.8054382607492895,0.6593639055022595,0.037161794490820244,0.8943553714296635,-0.522697768888505,0.41494602318984347,-0.5030892907635001,1.1896839442871223,0.00520068589721202,0.24624725785603485,0.7301778941979853,-0.3020802294713179,1.686676391192446,0.013848709215365256,0.20567943344164522,-0.07572199656767802,0.2148000978653324,-0.1196706322897198,0.025792157104328705,-0.022075080894153
2025-08-18 00:00:00-04:00,0.00387669270010319,0.9141400250592917,0.1971786021752794,0.027854590841871165,0.8569154388528293,-0.34638171236333865,0.5887688601310946,-0.5414176761936665,1.2143161369836755,0.006620114603163994,0.34077675939546875,0.7502131760473757,-0.320166290646633,1.6345899750424124,0.008145260202262406,0.13605185158702984,-0.05868497096443073,0.393944314155211,0.027742415068054412,0.012970457711772044,0.00021501342114782496
2025-08-19 00:00:00-04:00,0.00490183153155321,1.3455887379386013,0.23443839589349016,0.022858110985367254,0.8807940117770343,0.39057251954187183,0.5755953548518017,-0.5513475497573789,1.2106683593517147,0.006266454540857584,0.44896211526137336,0.7715777413344364,-0.3081350898383751,1.6407529593194963,0.009378344417988044,0.2472390071471075,-0.06098288861159193,0.34451908680576404,0.05807557984825255,0.011673330339789218,0.010209600565957322
2025-08-20 00:00:00-04:00,0.002876794544186387,1.3853442113663974,0.7122546728489197,0.017822515274810307,0.8730168969213679,0.4472996667014976,0.24762089519701933,-0.4369375456619914,1.2148812678046421,0.006400227844158662,0.6307661791183147,0.7927252365745848,-0.28522941042958716,1.6411545633061404,0.011659544841677218,0.34968900002155534,-0.05126974730154764,0.2341136903143414,0.11659889167407216,0.0011845855010614794,0.015425454439826902
2025-08-21 00:00:00-04:00,0.0050082261994002135,1.0100279616444614,0.4027847168138062,0.01797874937666235,0.7804579332211171,0.049220958988245786,0.27648406116835716,-0.3957124236544377,1.2100450190636907,0.006707671038591848,0.6547478183766092,0.8055802073574359,-0.25112991861815664,1.6307366557155327,0.010597021170830114,0.4628446067086042,-0.05122023160708392,0.18361852966258135,0.14894588759444982,0.002340438518118396,-0.008276475457086985
2025-08-22 00:00:00-04:00,0.010075997822005843,0.8621793164464508,0.05047235934881405,0.01682868862930686,0.40879381690247046,0.03563571042703354,0.12903202961153498,-0.28092574292808503,1.2003766181277782,0.01115561732104749,0.47195397523682875,0.8104995548009121,-0.2343399251957856,1.6321920062351372,0.011970222133083392,0.49799225103476913,-0.05550364929929048,0.14264389393879917,0.1372908485616793,0.005539943752851903,-0.0004226219439028567
2025-08-25 00:00:00-04:00,0.002419994243871856,0.8169396927260864,0.7323662005226702,0.012148677920922939,0.14683389520160436,-0.6110569862748578,-0.25599078730594904,-0.12367426657854952,1.204006497673937,0.008880566087593588,0.3802725339011016,0.8210167223315878,-0.19187369950889743,1.634282353018647,0.011051989414983114,0.6105072812337798,-0.05417343495894322,0.10384837095525869,0.17482891148710705,0.00454257646883955,0.017543917508365592
2025-08-26 00:00:00-04:00,0.003549631224286559,0.6935782995052036,0.4524795561929977,0.031990287690145856,0.0014524116554348713,0.3187115222645145,0.2025894989848322,0.13707785424026026,1.1878505670978858,0.0063911018246180385,0.17355766974106093,0.8290431641510442,-0.17493015625015704,1.6062730151213669,0.009277236764515077,0.725410400887942,-0.05502409106248325,0.37199379577916125,0.16713176137933625,0.010945389799460697,-0.010178640533772931
2025-08-27 00:00:00-04:00,0.003508703779770103,0.6837768569368929,0.44867846025678343,0.02030529940223192,0.0712415865933149,0.5928971666165649,0.5225573848523439,0.06141358812007875,1.2328238816360402,0.008921924274561144,0.2759555381273854,0.8303171622448253,-0.18862830154183471,1.6305684226592454,0.009238886968673176,0.7175485150926909,-0.009452661616595586,0.4158443001682247,0.17658845979335172,0.0005712536962308182,0.020356647568197106
2025-08-28 00:00:00-04:00,0.003365999583198823,0.6688281502899055,0.0943050274006394,0.034384823296881785,0.19688958640951698,-0.0065779179016721805,0.38410891937851893,-0.17676135624924594,1.197290606287335,0.00781313762878002,0.3102583901139478,0.8256603118888796,-0.16043486538045937,1.6169544844542263,0.006989382897900886,0.6310026768029061,-0.016262505699083253,0.33732225163314544,-0.10302288881245243,0.00883276920471452,-0.00473047986094266
2025-08-29 00:00:00-04:00,0.0033819909305123704,0.8483256924430711,0.6708414729555932,0.011768342699759689,0.5220873115889073,-0.3330365452445685,0.7400441777285812,-0.36805909346363824,1.1824260855427056,0.007608551217994276,0.6028219552760473,0.8157427262288989,-0.11015969122184203,1.6362863628307582,0.011648931587150293,0.43936286078941306,-0.02177340657818922,0.4539433283254349,-0.26653975786701584,0.006090598959040971,0.014775757539605694
2025-09-02 00:00:00-04:00,0.0036271729938503485,0.5439539228635998,0.6048537274536381,0.026052522132678297,0.8255949425205601,0.10536208786092371,0.7048284614912728,-0.3469505285042969,1.1588918869625946,0.0033072698719547513,0.2760678974281079,0.8098881910698279,-0.08936883567726137,1.6133980575191804,0.010930060819690552,0.2756647210474126,0.007013150481349178,0.4794872041575343,-0.24825946709504929,0.0020841699682191597,-0.011505919853991076
2025-09-03 00:00:00-04:00,0.003714598166188317,0.4689426136898924,0.6073252084373767,0.02893761023297201,0.8336901415633393,0.004032526166329208,0.6112080698607284,-0.13636451659904628,1.1904381380294948,0.003745879643201498,0.31872881579014456,0.7988809013252772,-0.047851646219720406,1.6094238570922175,0.011160143049719717,0.08827975735354388,0.01635974554231489,0.47019276302736934,-0.33902555333903883,0.011391982085842297,-0.00432634966085621
2025-09-04 00:00:00-04:00,0.004823951886890293,0.6024315265597489,0.4625935162185434,0.027694789334682765,0.7529811513209851,0.2497113703399368,0.5401561988349406,-0.027825322409350383,1.1710566489921301,0.0041869122772237735,0.21880388275966473,0.7865497445355842,0.016789299855479743,1.6345230924786571,0.010894865626192856,0.009559995191676333,0.03661794380073023,0.5312509422374095,-0.3684068111120187,0.015855049511731948,-0.011897362588529026
2025-09-05 00:00:00-04:00,0.002928356537767903,0.5809506777728924,0.04917640457913994,0.02394114494400999,0.578819373707961,0.3815494966913281,0.8469483514857782,-0.06626423655231807,1.1607195322677595,0.005469730905069408,0.2174867195861807,0.7792179298755441,0.04687719468726428,1.6569985881168259,0.006419967315162891,0.030505352153679534,0.04887263375278715,0.5454063677780886,-0.37651830339390296,0.010953505581810168,-0.010365497698185178
2025-09-08 00:00:00-04:00,0.00427574758553263,0.39765260687233733,0.4473856654924698,0.035348897140463416,0.2814544727865617,0.13953278552606835,0.9288867045437187,-0.06988875130965383,1.1693346778004212,0.009362238773541127,0.20306875006267422,0.7809331845545114,0.05627936740152152,1.6445268721310815,0.01022888647417524,0.12828070286897744,0.04782943976099433,0.600654756260321,-0.3316167887348563,0.00516795865633065,0.002221886756572644
2025-09-09 00:00:00-04:00,0.0002524546421678568,0.5305889383953541,0.9849652937523741,0.01692224666820208,0.0004948782952335011,0.7205347254169249,-0.7267728296492335,0.20011925313246895,1.1951231965677624,0.01346710797293948,0.20678359192581128,0.7850893983202554,0.08764689615180658,1.681670422132578,0.015052050530596547,0.20305882984456633,0.050442020198942006,0.5950129906955114,-0.27220257885292437,0.0005288529893587219,0.01836799887735463
2025-09-10 00:00:00-04:00,0.0010479073115386432,0.7119245824804821,0.9005177750887411,0.029171529626889875,0.20818368930033032,0.5203224728218804,0.6018591803557403,0.1840866371923568,1.1888798505101212,0.010202501172882789,0.12196738431917954,0.7793895177402053,0.10281460877862086,1.66682308301996,0.01181375008585535,0.2351588100219148,0.07723949532096809,0.5785845815045788,-0.24975368996525257,0.00021212096932749893,-0.006530680174258063
2025-09-11 00:00:00-04:00,0.007499860386234159,0.6575919250278867,0.0353213158582384,0.018701793146120263,0.171316016625487,0.4827967354354263,0.6142058482088127,0.22835993909894758,1.2187875813083078,0.010790948931579268,0.1558568714474669,0.7632184685543713,0.1409554725977176,1.6880943761354996,0.010182563034356681,0.24190906754878028,0.0758670432316197,0.5545434305868954,-0.2606687587648663,0.006355417374685655,0.003965151082252039
2025-09-12 00:00:00-04:00,0.0038454050374122704,0.8591215919144058,0.2647588879399243,0.018353345066968545,0.4245706972149303,0.11418498508550948,0.5672626524444393,0.252882689795409,1.224004361368999,0.007016965298267161,0.27815679919464087,0.7455196263907617,0.18030295842060584,1.7008435687164096,0.008335251218833816,0.23739015733726535,0.0682282948781436,0.6606294402949482,-0.2734688280901342,0.004458733868625101,-0.006651509331069061
2025-09-15 00:00:00-04:00,0.0022070352242932008,0.8675440245617752,0.6534939581925524,0.02136491627368403,0.2720394493630039,0.09091775933771094,0.06017257681912577,0.11468079846912842,1.2443585806513116,0.008211645552082791,0.20287184889727491,0.7247284057073219,0.18390378238537344,1.7045365032414437,0.009229133928317335,0.2481795124622786,0.058956325126182825,0.40561071312828534,-0.2542739598924293,0.0016594447744028296,0.02029701337871037
2025-09-16 00:00:00-04:00,0.0032187425710028437,0.7396341353351671,0.11583487324304302,0.03392750469024058,0.2612151160125253,0.5117333829322968,-0.06155044762220278,0.4205825293270751,1.2325303468847377,0.008100393507233091,0.24285265889113802,0.7060184709121852,0.18763655220372974,1.6968107242684565,0.006907562853542423,0.22463662395370895,0.03774687956766652,0.12146538420559928,-0.1499357723238544,0.01308114291094551,0.022149331976147657
2025-09-17 00:00:00-04:00,0.003751219916089318,0.7722532860798683,0.1504480364092161,0.028660658790156543,0.011481188254899398,0.418595299058384,-0.32946733976296594,0.5188255164517857,1.1998943121729149,0.008171229282231882,0.24216988955702323,0.6800819150838951,0.11525827074424329,1.6591285961388067,0.007524584580197221,0.1981057328759081,0.03056518406425936,0.0019288248399623828,0.18789424457939358,0.0017913204596395334,-0.007925334805950479
2025-09-18 00:00:00-04:00,0.006633804077439475,0.6729596170439248,0.7062525247006017,0.029177087798083007,0.38361105355079583,0.5123244206847242,-0.4827741863615694,0.6152919610046189,1.2202351406454472,0.012226565564545986,0.24336172737346506,0.6411563601240201,0.1218111500641348,1.6623442364479544,0.01708493414458736,0.2149021053962292,0.02405297129591769,-0.019899160364706243,0.3727530256526303,0.00812970016365342,-0.003943755705669627
2025-09-19 00:00:00-04:00,0.006091957833166193,0.4451340598083212,0.7438964785758618,0.01710182601320878,0.7056903277754147,0.4138175415790041,-0.6150849641906324,0.6171822388580431,1.1905731484016668,0.007673125118530491,0.30109259048470655,0.6109607547605458,0.062112454400102504,1.677487508566018,0.01756903055038537,0.2275037297727936,-0.0011624991674291825,-0.17913897350111765,0.46513061287188256,0.011232550230514464,-0.0024365600593760917
2025-09-22 00:00:00-04:00,0.009449298805513059,0.5598359856035389,0.5226898459061821,0.025224608226064663,0.7777508750734984,0.13473529688410707,-0.1769334545404032,0.6003544370160533,1.1893719631863897,0.006284080233773359,0.8816247318142263,0.5760441010306464,0.08718727102576677,1.6776784192007084,0.01604746071455163,0.2725514027043521,-0.0016913074098520544,-0.0977169833817068,0.4742045458930112,0.01838230653617562,0.025035662301761352
2025-09-23 00:00:00-04:00,0.004911150264084737,0.5827700624580223,0.0035464962825282284,0.03077703273967406,0.6835691059476664,-0.24979952039859404,-0.20171938958702842,0.5045379349948956,1.1631581054985751,0.0073680044022990995,0.947873373174849,0.5425762431070257,0.1193012702322482,1.635915669501548,0.007908615668721057,0.2612983721271891,-0.014339229552803343,-0.15286943211884368,0.4958974797231439,0.0014220354899760887,0.023629798328701934
2025-09-24 00:00:00-04:00,0.007208522977295107,0.5852526167897992,0.052432482926532055,0.03574258030051045,0.6934001297086937,-0.43004863961159023,-0.1880146549593962,0.2645982443407184,1.1170122938455407,0.007867974412806903,0.9675560424675403,0.4918352653995808,0.05621251234411524,1.6174218712793476,0.009711447804716831,0.2998707546399245,-0.035330203182896605,-0.23446575563572625,0.4195838061321295,0.0,0.012415141245178063
2025-09-25 00:00:00-04:00,0.009858172488134889,0.5157681841619435,0.6827295400695949,0.01827322231530417,0.774786935612622,-0.4089774624324892,-0.23978283422817293,0.2181965006632305,1.0490639894987266,0.010424487302482343,0.8450696997552948,0.41011263339649123,0.10774492823335395,1.653813895112276,0.019506079526617023,0.4032435958838265,0.008358031014001784,-0.3160340119554665,0.4423900546499062,0.004834187358838905,0.013316730084827588
2025-09-26 00:00:00-04:00,0.003909379908100186,0.4897389111317597,0.9287470989064377,0.015915427365699515,0.8085193441671867,-0.41465476549035885,0.7292918326947972,0.1419384986075036,1.027363117477394,0.012532562802155619,0.7529892032487069,0.3108845864970207,0.10866305426089289,1.634989339038538,0.025749373052247098,0.4599723487025615,0.007527185640010311,-0.3595988873545056,0.4597044868808754,0.003526186462459841,0.00983265457702287
2025-09-29 00:00:00-04:00,0.001509791837244688,0.25457268806202354,0.9769174411226746,0.026982180906948854,0.843920855782689,0.7438384861467875,-0.9766458727776798,-0.028482929954920064,1.002607442228381,0.013480179051014406,0.11579885570846378,0.20880623443743368,0.13681411680518749,1.6213831291598662,0.02797730337100944,0.5745389788688435,-0.0092695300482642,-0.20906259053783377,0.4985422603454988,0.002702993697935016,-0.00533649546296
2025-09-30 00:00:00-04:00,0.0010454558136898918,0.37012856104369823,0.974895589953334,0.02045028458143014,0.848378112258618,0.8775949748388338,0.5506888538944735,-0.11178995581529373,1.0094697275661595,0.01439900660680928,0.13543332306190134,0.12103443506861433,0.21093995193887619,1.6091007852256263,0.0223835533407848,0.6603445935771941,-0.008437254115719477,-0.12738465470860785,0.4974316590040332,0.0005628288879226427,0.02767317867090724
2025-10-01 00:00:00-04:00,0.0026452251891678357,0.6485068830643341,0.837076709604306,0.05044739363145243,0.8529498161660188,0.9440946612064322,0.954470177228682,-0.06338939899669858,0.9595560239454279,0.013774874092816648,0.1245721246827231,0.05876735248914234,0.2610029203664072,1.5961518062352322,0.013786798476075173,0.7836770841369175,0.015827406693951395,-0.04759849781561325,0.5347583149134583,0.0,-0.01209018456534694
2025-10-02 00:00:00-04:00,0.004043873459273945,0.5917455132696176,0.8197317733544721,0.026074149702844475,0.9365964262547726,0.8031410645824927,0.5240378537264442,-0.02198843999667664,0.9605253574353488,0.007890685219140273,0.1333395388605439,0.0161783409236507,0.29456595364860677,1.5776746708329719,0.016304377573697022,0.8519653425908422,0.007079530927144913,-0.07414930319513796,0.5745028982834377,0.005600446388232586,-0.003893810891199223
2025-10-03 00:00:00-04:00,0.005789881088685681,0.7871805628117159,0.574278917556016,0.016942892277203747,0.9212951060888296,0.32947545459169114,0.46039894156380806,-0.18973736734006535,0.9642800817197156,0.009501018259777507,0.34885692398094936,0.0013503833674107213,0.2802037366968285,1.5694483273094975,0.012719922427903069,0.9062371782853726,0.012760075404865697,0.45025290332662204,0.499586859562654,0.007129008955020229,0.002699109029714819
2025-10-06 00:00:00-04:00,0.007606635016015863,0.9903217623136982,0.1652585034592485,0.025556157478335933,0.8323378315564016,0.26810453842822984,0.41905645796305513,0.40644377012367594,0.9650667196557872,0.015942605239326516,0.3570198310956221,0.002107306557401074,0.28507071549512836,1.5696699191514134,0.01039793725189485,0.9254367970574391,0.013197836511466568,0.3456918030597991,0.43386498886272507,0.004688381521912164,0.011881492265548577
2025-10-07 00:00:00-04:00,0.007646791758387753,0.9058812796050293,0.03482226294472486,0.021615574911440668,0.7556433022437432,0.11843170270576059,0.37041742377204967,0.2673388894650176,0.9899618533968998,0.012771389550501893,0.3914811371599367,0.0165314603059407,0.2847258159139538,1.6092947929127572,0.00963824723619309,0.9239218011331058,-0.02887059645279368,0.4139479568551195,0.3515611759073124,0.0028417059533444398,-0.0030272241921442955
2025-10-08 00:00:00-04:00,0.0044971094986108835,0.9146443184208842,0.008763061423932881,0.025063798481631018,0.7427516006722222,0.03390392372258827,0.034271173027260224,-0.04242685317065514,0.9742104187548007,0.007834520146073833,0.6148662129638319,0.05898730834684304,0.23223309211565854,1.644044681885673,0.007304633341698051,0.9235127221269208,-0.037706101546857045,0.5165614564430728,0.1656609832444723,0.013671162808162494,-0.02484355458230736
2025-10-09 00:00:00-04:00,0.0013924546996807372,0.7360799032609607,0.5772899455264736,0.0410516550134961,0.6688213737055423,0.3493273045033073,0.3298737599622479,0.03237202598667467,1.0064637664260743,0.006451597941802813,0.7747530259100938,0.11356375645429,0.19298758389151832,1.6308980142859988,0.0063030757993834665,0.9237137580410748,-0.023950372781630303,0.5084199184009058,0.07413937021215462,0.007946989556694704,-0.03986608860900742
2025-10-10 00:00:00-04:00,0.010172473338483779,0.7668492005294504,0.06832426789862588,0.04488521047840672,0.12495173047903556,0.5973592967688212,-0.14266046514820202,0.39490935745266126,1.0467049920376323,0.011806793107947935,0.28118892169957055,0.1804506187898689,0.1805382515630015,1.585541096258572,0.011711115527017759,0.8600453849113874,-0.030440675084486352,0.19117782295199504,0.010035161160169276,0.0005219235776172812,0.009090538992984065
2025-10-13 00:00:00-04:00,0.024429833171684873,0.7086795202092578,0.6363261406963907,0.016770683128385297,0.15244871675259206,0.7136720000388934,-0.4630838580866166,0.5908050873398802,1.0419752585531419,0.03406389643507108,0.39129088923211985,0.24356075140328437,0.16065373038674285,1.5817709991913,0.02891721856417607,0.6489950398637372,-0.03153452997400366,0.09410960196651649,-0.12953052806654203,0.011797963272974664,-0.012855459522598589
2025-10-14 00:00:00-04:00,0.011983106745909895,0.709380898506427,0.860661292380184,0.04618136272848793,0.39689565871603016,0.30121123136426625,-0.28022421350196436,0.5340771136520743,0.9658661853670549,0.034730283513477206,0.1993016385805528,0.3313119913662341,0.1910144552465526,1.2236973131400164,0.03293144295280759,0.46300974817885193,0.21366236437332597,-0.031232427764699387,-0.11765982961634691,0.019664349080593488,0.017857087880793543
2025-10-15 00:00:00-04:00,0.013932528229482379,0.480036104875603,0.8141043092812157,0.024258507445553225,0.7037746554199501,-0.1644790098285778,-0.26668848960521974,0.5460775716618061,0.9508303080393299,0.023916072536551657,0.17414745454327435,0.3366111345453159,0.1951146051913294,1.2007122386921305,0.030471851107711508,0.2532653035420581,0.20797595678386716,-0.24243573853324119,-0.1027886588049868,0.0023570797926620755,-0.04439276470156772
2025-10-16 00:00:00-04:00,0.019110202943963185,0.6668748766814664,0.273043138996314,0.06285689181735822,0.6727172289596755,-0.677172154314934,-0.43181608680016187,0.29573003396284303,0.9859112534068161,0.0264491417168366,0.18591057184944834,0.3529631374005453,0.19974481372871508,1.1915440212862016,0.018461081858173262,0.14587050238388508,0.18190670269755266,-0.3086416666343046,-0.07701436251070354,0.00987125350809646,0.022213354457709222
2025-10-17 00:00:00-04:00,0.018093599640406067,0.7282637157394688,0.26784287352041336,0.03164497792867384,0.7713163018279282,-0.5561066967522975,-0.62758076498946,0.18296644964321437,0.9732813758514599,0.02580588753727652,0.23416572530866955,0.33232968367546356,0.20597252024460047,1.1844585396930518,0.01770387702970132,0.01071856091204333,0.1673020875980328,-0.42791110140362754,-0.015720314023072092,0.010817988925306762,0.060726158447871104
2025-10-20 00:00:00-04:00,0.015921113974624247,0.7131671875899985,0.331574275744916,0.04951454829243765,0.7891930890266978,0.2110885051161637,-0.0036389691212402025,0.21589225764473013,0.9043875998149566,0.02293143181176805,0.18480143346284603,0.33303651849614296,0.21514202067886357,1.2037887311786044,0.016875884781382938,0.018683028580091503,0.2008710071644368,0.07377499488674061,0.3178529226636482,0.00543686950091013,-0.00748361768175998
2025-10-21 00:00:00-04:00,0.05756270081328837,0.7867275618680418,0.1947446645480657,0.02810304449648729,0.31381244098242267,0.06347664593311367,0.340841194217688,0.08910259099414876,0.9108354776056355,0.07165391174878569,0.233102323910844,0.3542692258858856,0.18384027045619186,1.193568964417133,0.02934548809682385,0.07138073577183524,0.21038641124953192,0.1006824034125205,0.36704924847142056,0.005433272422058109,-0.01611676605869694
2025-10-22 00:00:00-04:00,0.05450121983167351,0.7906939598744296,0.40838109770521214,0.042341294073403146,0.03430107036861774,0.11483998671179625,0.24816115228180913,-0.07247030575998441,0.9374538244318771,0.08243235320884199,0.1823216010980332,0.3709235459703259,0.18055544298423917,1.19565599132386,0.03358519485491857,0.1413810188579701,0.19540398284358287,0.06922857088071606,0.41114498495058016,0.013772526895106883,0.0006704285197347559
2025-10-23 00:00:00-04:00,0.040968846433702216,1.1685039695715507,0.5668030150339426,0.04307760799632371,0.045102160231714525,0.13474726009475815,0.47527588479458693,-0.00010875733813112744,0.982455443311465,0.0572942485025947,0.1739688522287787,0.3862635258231212,0.18385779681766393,0.9394535912528437,0.034017657475272745,0.21803023030821297,0.1319385488709854,0.009338519160026234,0.4280590493597799,0.014842313878676478,-0.006605319730111359
2025-10-24 00:00:00-04:00,0.03735095687430173,1.3565054579319145,0.10610624639133724,0.03102572485194625,0.28326189542497004,0.5461181261500462,0.6611008837043904,0.14107575593352834,0.9943975575723677,0.03892590960582942,0.25801059688123495,0.44038308191685765,0.15456454585686286,0.9442505269631262,0.022686486894976675,0.2661738746687673,0.1457012419155152,0.06867673974492328,0.4551527692063799,0.008830728965319841,0.0010600292297422431
2025-10-27 00:00:00-04:00,0.0012779049368819892,0.9559289251641824,0.901916830677958,0.02205879995861843,0.2367717506558405,0.21602381490766412,0.18270137693718103,0.11719500959058023,0.9667050426491595,0.04037385306074519,0.17115813878798253,0.49949334337080264,0.14992571486982306,0.9730801469992917,0.01266138754103017,0.2899090572275564,0.12024844477054615,0.08288399345889502,0.44624319849334276,0.012414012673887151,-0.027724356808019435
2025-10-28 00:00:00-04:00,0.0017983302764633662,1.0759766564725857,0.7338402100244987,0.030034682605648556,0.23677190608483067,-0.5624257334609016,0.25243396539543433,-0.007971472832458715,0.9870550644257543,0.041525103646698244,0.15520916725436754,0.5328845397585321,0.15158931312388074,0.959688461259912,0.009246940764857334,0.27530807124035006,0.12861528419934504,0.20900215865289046,0.3848638408893872,0.002117840070465591,-0.005841522770754115
2025-10-29 00:00:00-04:00,0.005384151112897136,1.1557320364695465,0.662139982203448,0.049196972275979495,0.028789881842539326,-0.7188111482007814,0.3445626049183775,-0.25366812320971377,0.9909914095645452,0.054610187169383144,0.20392506546953915,0.5395666592074887,0.15151510576184835,0.9432225232511531,0.014242852606526388,0.33294938864066453,0.1175424507944583,0.20023711904694627,0.19637568265732747,0.016931114451103943,0.001095500786041148
2025-10-30 00:00:00-04:00,0.0038006119328880318,1.142016168412493,0.858141051038476,0.03047510284219827,0.000779772421662375,-0.4911283400193932,0.019173089577496746,-0.2122409573032271,0.9958832514831674,0.06350757766039444,0.40695393534824487,0.5394058838878988,0.1505678593704901,0.9520176891981158,0.018457267233275378,0.3234125976482305,0.11611213274091522,0.24587497930999497,0.0828750311517038,0.014839213612401607,0.02775561147964689
2025-10-31 00:00:00-04:00,0.004563557754245613,0.8969018430577503,0.8048311257866531,0.023010510611678046,0.3349980496686224,-0.4992242467305129,0.04620287007172097,-0.21858168887787036,0.9533548473085441,0.03245066905299956,0.351402996254097,0.5453056928496968,0.15167547481387184,0.9435872009069023,0.017008678574097057,0.32040848875771566,0.11604987243915717,0.35144624118855994,-0.09351390502248003,0.002256926196334896,0.06553100968808523
2025-11-03 00:00:00-05:00,0.018748316479371988,1.1656034597883895,0.02426852494120673,0.07056781507695678,0.6949373290322558,0.5636742106278042,0.5376648935368427,0.2217441276770318,0.8869394691968371,0.012184702806779605,0.22860354354539164,0.5577278571067825,0.20197612063007195,1.2565903871670117,0.014936780912992656,0.24415684994367842,0.20038184676406162,0.4823617822714748,0.15798045917176573,0.006748332738677177,-0.0002724949545912514
2025-11-04 00:00:00-05:00,0.04035911136948035,1.444157617968004,0.6613781934241747,0.03316277438132099,0.0007734654486754056,0.36922435813309373,0.6000562293994858,0.2049328390768953,0.8766216274077183,0.06735123483423071,0.3996992008301614,0.5869396558945987,0.2013068143592318,1.2739989235547684,0.03720604837340472,0.029850947546404074,0.19905978198280969,0.4435453414195194,0.18132729578714307,0.012059197020507539,0.0
2025-11-05 00:00:00-05:00,0.021415661909401328,1.5731122187932989,0.8734609297105866,0.033842103743869874,0.16750653095555426,0.04436048704569807,0.9740464025170713,0.14099529156595086,0.858097624160423,0.0799900899926345,0.5592997841799163,0.6071540614217634,0.17457424215244188,1.3069099357839264,0.044335707298162816,0.02021159814642646,0.20811570274576421,0.5052625306642086,0.13362592757299316,0.006214588891930429,0.005179382452411341
2025-11-06 00:00:00-05:00,0.029948508858576733,1.5337515514350237,0.7971559033717005,0.03183620911559942,0.38094437497502,0.20932304336010135,0.9762635100831801,-0.029760068653907158,0.8587507337140171,0.07621253265669037,0.5929673203662357,0.6159616992259995,0.14124645117801657,1.316592688338343,0.04130330831791404,0.1799485205250568,0.20630319335528788,0.505285383321919,0.1119488690070369,0.013708552580380805,0.016543095697323817
2025-11-07 00:00:00-05:00,0.02944172091693007,1.7275923863572626,0.5570491967843649,0.035698007978314066,0.59044012474064,-0.1691645370944354,0.9756886797113569,-0.18453773482291042,0.8447310610514881,0.06047913712148521,0.6413546066087921,0.6265445294980078,0.12916435403311582,1.2932605234989896,0.027486495762215537,0.35439055672860537,0.20251517018039633,0.4720190733717457,0.052215152053864546,0.007376355310103109,0.021165043087883584
2025-11-10 00:00:00-05:00,0.002497359925029013,1.0318546056747584,0.65789541988749,0.029798692710075465,0.7508790762856525,-0.41413279025718497,0.9035708008179189,-0.3309122170577401,0.8284420079024563,0.044521976091938115,0.5585364772003102,0.6373362990701681,0.11602054558668978,1.2685336355284056,0.009014230965781037,0.4286200629801149,0.21319460117109112,0.5515818674087818,-0.024014561110828368,0.012316830709423942,0.033179473288701855
2025-11-11 00:00:00-05:00,0.004313857880687173,0.9458881036979122,0.8453581312995089,0.03556865267218418,0.8891063214504824,0.4372640162923466,0.9791334138551441,-0.20312009221022945,0.7841368363456764,0.024327913126803408,0.16251653189496418,0.6472420330102912,0.17897564996550103,1.266234548228887,0.017336005819639958,0.5188926353403344,0.21222267696502906,0.6582486340537027,0.021645885248935664,0.004077328055833357,0.00691167710454188
2025-11-12 00:00:00-05:00,0.005843663855246216,0.7525612144850986,0.9276372760148741,0.022941204680114315,0.9112485525987226,0.8950341264079417,0.8662070012886238,-0.100738921711319,0.778921780453319,0.0234533619039069,0.1830074755466418,0.6447824300621305,0.2329880630722272,1.24942420657666,0.02939470749799058,0.5730454091942137,0.21069258932851906,0.921502361882288,0.11865911341922883,0.012016809287191432,-0.007780662165089436
2025-11-13 00:00:00-05:00,0.002771089845219097,0.6803881912097406,0.971370702499666,0.020134241504393944,0.910211945769254,0.9242567930942214,0.9206471640394336,0.16056640051993293,0.7930446733893377,0.02359300739904514,0.23565201972492247,0.6437535921633365,0.22693229473438936,1.2495139229197172,0.03230725782375891,0.6512525194104033,0.22161906557554184,0.9406310214845461,0.09023599670932321,0.003020139425908583,-0.005764677728017031
2025-11-14 00:00:00-05:00,0.013383509031857964,0.7617584027869657,0.7775980300702414,0.04280574721120754,0.8916145225167983,0.9238891705140344,0.7110489322975587,0.1229214894717611,0.8099468303210824,0.02094606862637165,0.18443128375900514,0.6486712735829183,0.22617409413059045,1.2580083735655436,0.025547665959283334,0.6622613820414928,0.21826071400819197,0.8366429560881302,0.13894303956361642,0.03359333033100408,-0.0025579277290087576
2025-11-17 00:00:00-05:00,0.015455681726832112,1.0174893008593966,0.2742819025088067,0.02364688968327926,0.8468948377542425,0.828109044643687,0.7390557144024577,0.13385344411698744,0.8053032327276389,0.018737776661825713,0.1518265482696292,0.6586460799519346,0.2157827842615688,1.2697588605949857,0.015217797843308161,0.6762288556864748,0.23015501106517297,0.6323593147191484,0.07770519610758143,0.015366254576887912,0.0015386925016214192
2025-11-18 00:00:00-05:00,0.0013099346915704992,0.5300672376448073,0.646965782246647,0.029658454474021115,0.7807004312505608,0.5806443996808397,0.22809601635386131,0.606105318325669,0.8037262064228129,0.024577663920739446,0.15975952022499212,0.6658427302336978,0.20969355033504705,1.2673912625196986,0.006347084197866871,0.7607260165792867,0.22896240005560245,0.6750163458925078,0.058942371791677856,0.01184611092525976,0.0009388674560100174
2025-11-19 00:00:00-05:00,0.000812314721667408,0.7336840277272192,0.8019386369361098,0.01928987765098021,0.6629740788570054,0.5406560152863787,-0.15664333684387813,0.7305450774227215,0.8170596020176516,0.03130384056453175,0.2234270761482769,0.6722413456825126,0.1676822905334808,1.3017117208996374,0.006669854217225612,0.8177806967687521,0.2160083832711493,0.6795120920482459,-0.028227507365087105,0.014766159976598553,-0.02362074296129213
2025-11-20 00:00:00-05:00,0.000565403563458903,1.277333177905128,0.40584663836695933,0.05799629979552731,0.49248892086691565,-0.4428502458334244,-0.9154710251857063,0.6941033419254931,0.8283083035652654,0.03339252065495553,0.12960781052605014,0.6824255583797435,0.1917445626344194,1.277416114475461,0.003251432785230642,0.835603853145625,0.17904374148063842,0.14186190633512402,-0.03177532071306163,0.0011471969398398907,0.004279522801406532
2025-11-21 00:00:00-05:00,0.005118618109053032,1.3826819970559017,0.48115984886921437,0.031820918986228575,0.07992783341743928,-0.3672861831726935,-0.9819609534727819,0.5992424014707055,0.8415683727386771,0.03311690508192476,0.14860956107493567,0.685121445192292,0.17986458608773465,1.2953381121470984,0.010446650402812615,0.8037201037662959,0.18502621416806225,0.1723177791039551,-0.04790044391572391,0.018907597987560233,0.01356638502952534
2025-11-24 00:00:00-05:00,0.0044147865378327085,1.04551934285226,0.6274321482568572,0.048552050498511364,0.11440246922739453,-0.10203931745661973,0.18382178508184066,0.13290122827763168,0.8263764099432239,0.017029738349439178,0.2519161788457773,0.692857761645415,0.22281371526841248,1.2563557180750662,0.011372175468180472,0.7576816768743235,0.19198410844492056,0.28529117659766956,-0.00854870934575812,0.02721973486012341,-0.004633241566453172
2025-11-25 00:00:00-05:00,0.008914457405348223,0.9835785394051463,0.18884157742392002,0.017694517298356496,0.6282162303556532,-0.06235611322532658,0.24382724703698858,0.04613792206358622,0.8424902080643282,0.005125358177176079,0.8069220214264703,0.7002242545855718,0.17019826559304313,1.2742889965537343,0.01097727226008917,0.7212618249456039,0.18600176892789053,0.23452026908659243,-0.04006856981098929,0.006852293427477606,0.02379109430762072
2025-11-26 00:00:00-05:00,0.008391412811978284,0.6999711625936023,0.004337322363280607,0.027542563680089432,0.5796718237600075,-0.2884482988772405,0.09654884537788082,-0.1496860601099548,0.8134438635801765,0.005404979277235056,0.9420602766400961,0.7097921687850302,0.1337886938580344,1.2631593296462376,0.009500699355284501,0.64716623163441,0.17235730975987465,0.12021157802308861,-0.10865283060820957,0.003635300987468648,0.026606080549387734
2025-11-28 00:00:00-05:00,0.00317826492491119,0.7837639827317329,0.8225412758782423,0.028163087197486274,0.03415290112693167,-0.6452393174256688,0.2374288230711234,-0.6219367160425981,0.7889341747941139,0.01172642951897805,1.6754597578374582,0.7178735361535782,0.03368301892077213,1.2485125094745007,0.013669058432195952,0.6066714073459327,0.144580119811961,-0.08788866355075789,-0.1068659394389574,0.0027578290235270933,-0.002870439698766769
2025-12-01 00:00:00-05:00,0.00747970773433451,0.7988788314438791,0.8485328712116326,0.020490586967279113,0.17187377623532044,-0.40267949077959864,-0.2076579394829669,-0.39824550176961976,0.7817920257249265,0.026024432028533176,0.5722675350347556,0.7245511267921985,0.03812697118481341,1.2580305940728558,0.022730006080102262,0.6125335894248214,0.11504974225287806,-0.1450940517665558,-0.12413752053443151,0.011347396697676348,-0.03174868234529482
2025-12-02 00:00:00-05:00,0.00783953718640081,0.8010789229301332,0.8446784164879442,0.03208246919297675,0.4175216409672298,-0.46620210790688327,-0.1107563428958321,-0.3949362571093295,0.7990573812549414,0.027565134027654842,0.6798520824153952,0.7284508727634431,0.02226965778184238,1.2317076558696425,0.02335348470990527,0.621566174807385,0.12763648222157403,-0.045172160493820536,-0.14503743037182193,0.0006598089159149776,0.04391764712399926
2025-12-03 00:00:00-05:00,0.034844528451456906,0.5954720645351356,0.1512083339764245,0.04511662672987624,0.37219472689078414,-0.2582525976793416,-0.36587784121799455,-0.43188366670489253,0.7671417362034196,0.028266353237083795,0.4113432517091189,0.7262150785713234,-0.02583785121388098,1.19453163525248,0.020613702724637726,0.5402450913001756,0.09273951397005988,-0.16423910901252703,-0.06182163466904953,0.004393412215101542,-0.006509815169541744
2025-12-04 00:00:00-05:00,0.02896009279077296,0.7331449178876852,0.08280100033925203,0.026668825402615073,0.5896418690069546,-0.2315985360287203,-0.3704924807068714,-0.38995745887231315,0.7863515983160875,0.026509876455501017,0.3028984646757785,0.7278489884494559,-0.06798110047698507,1.210098943488588,0.018137426442385498,0.5378792593294712,0.07525493945193848,-0.1874441573843109,-0.009551727791194998,0.003902721651159942,0.006306882462830066
2025-12-05 00:00:00-05:00,0.02585305444819434,0.7986892451732741,0.01617343967418672,0.030871772231900168,0.7344738158928458,-0.2134589780661057,-0.24572660427948248,-0.3297793182830937,0.7763200283506202,0.019539617867969074,0.2675768035014149,0.7312213039059666,-0.06067426315280281,1.2055645798249695,0.01649449080812777,0.5186134429131608,0.07030267804300203,-0.14281641785950147,-0.0041473528269562855,0.0004847504259594356,-0.030848171636513877
2025-12-08 00:00:00-05:00,0.02244186851845927,0.6604331749424727,0.2610233058227826,0.03466079420846172,0.7069307580510136,-0.4783592758397435,-0.5467892814389678,-0.3065960214830667,0.8042065564353357,0.020469489613772325,0.19170243753812757,0.7332045628415089,-0.05445477193415492,1.1718771419181992,0.0180119395392367,0.5046709167975283,0.04676014440364102,-0.19479217533398355,-0.0726927456295822,0.007374643716217799,-0.013521502738395474
2025-12-09 00:00:00-05:00,0.0367487302842045,0.7822022803104268,0.031438689136990106,0.019988283269609913,0.36072928694634604,-0.3948079920818657,-0.5305905162575784,-0.3520922370506094,0.8098071790096504,0.03342207152037365,0.31136361303521853,0.7299524706368907,-0.10795897032861146,1.1632130124605062,0.020270298472336384,0.39239563000699706,0.08055989353993807,-0.24126920918460557,-0.20102661251876555,0.0021836074317364766,-0.006555353164967359
2025-12-10 00:00:00-05:00,0.008642870247224318,1.0193285554871043,0.7896651279390302,0.023311011032840355,0.0372980898127255,-0.3077724098869276,-0.16269625111135907,-0.15113322291993503,0.8316959065494743,0.04625557852659545,0.32103365641883785,0.7207705518387435,-0.10115462981673047,1.1848978768493208,0.021164306961363698,0.23714168648206593,0.08265497291527053,-0.3084632436078776,-0.25791917380311286,0.012460805336035989,-0.020224504548740252
2025-12-11 00:00:00-05:00,0.006715496262226189,0.8376071190890533,0.8704319518545054,0.026447928739303034,0.13394950216780072,0.21617517722953297,-0.22785583755667527,-0.2241224649944822,0.8676655205540726,0.03870257854917476,0.2741584934492194,0.7100766904520889,-0.0932127504057142,1.1894283046400638,0.02401361298189963,0.16416165702949048,0.08804811767815031,-0.26092056271016945,-0.23574509116227024,0.008700587518189275,-0.013469771277503484
2025-12-12 00:00:00-05:00,0.004210144326073795,0.8038374543070134,0.9399081516274501,0.03123086143881916,0.48789334699807657,0.6727960101685891,-0.7058810221959628,-0.04258123249816691,0.8725419209087771,0.03640717897367002,0.45633195963810586,0.6926800836110629,-0.09509798369098167,1.1894814338556818,0.028109487103407896,0.07253232175208701,0.09792726255153189,-0.09997187404498098,-0.13017672147738393,0.012159910938113073,-0.01994864277820463
2025-12-15 00:00:00-05:00,0.0008620898281393151,0.39489708404697305,0.9806842476979216,0.0348496978111549,0.6032568081895691,0.6290569030097325,-0.43397227367642927,0.19376711197217583,0.8867911077572957,0.04067510311912805,0.3113280291424476,0.6647481110888387,-0.08524971742827915,1.182659291142507,0.02266252207852106,0.0070164272821142395,0.1059271015627235,-0.3423097561433975,-0.12760240271809992,0.015074972317481825,-0.03582409364111783
2025-12-16 00:00:00-05:00,0.0011549763037837378,0.6753575206312167,0.9804863399073004,0.029794025202910256,0.7036261990542999,-0.3849007495131981,-0.5145955678190639,-0.10080134356320333,0.9174989564962749,0.04440175343351123,0.14252777100805925,0.6220473553404856,0.007440566283160675,1.1487285771426314,0.026578277120291583,0.016761387535940205,0.08476023593927046,-0.48171637438678294,-0.19900533685994576,0.005354682695401734,0.027772569364770128
2025-12-17 00:00:00-05:00,0.003114930625217193,0.483841493979227,0.9707648256639297,0.02547183695210051,0.9545974023206178,-0.5508916169568984,-0.46755905166507516,-0.14280119259013563,0.9150557025613214,0.011098499514233444,0.16757189566596303,0.5513352704430503,0.02110500534682931,1.1464658873902582,0.03517486912802421,0.11606691520079426,0.08128341205171466,-0.315073249704878,-0.2159827970872785,0.00446224187315561,-0.01643236544837945
2025-12-18 00:00:00-05:00,0.01996113642786592,0.48696584206333937,0.6949816050646893,0.02655355196050185,0.9417372439106135,-0.7588344522369698,-0.49325574078569673,0.019282624042575785,0.9523272740662904,0.013979917522322858,0.1688965716956306,0.5055285211109894,0.02473077539005372,1.151570240182227,0.027796405973551125,0.2076100179157288,0.0832213363819267,-0.36950018708380344,-0.2393083446016197,0.00100374682021542,0.009281554688153504
2025-12-19 00:00:00-05:00,0.020226834226330783,0.40726186508985524,0.5240284371548276,0.022737767159261825,0.9293378555475201,-0.7545584184035885,-0.4200300948187553,-0.08177383058522876,0.9552840307116885,0.015997370028340712,0.1935561630563007,0.4549643124178699,0.022259818202886472,1.1506423936480248,0.022295967184718695,0.3131471242855877,0.08662033928780723,-0.2272355015167663,-0.3122249281980778,0.008688440892820285,-0.00827666536984173
2025-12-22 00:00:00-05:00,0.016197380733598738,0.5524374215607845,0.06278291197111843,0.01902445176536153,0.8654451956351171,-0.14123691777602057,-0.10891873391136796,-0.026357288719398617,0.9760840110352136,0.021208176673340507,0.3091229941755808,0.41575075605400524,0.03394526853323699,1.1645917236184653,0.014277753912958118,0.46713586868710527,0.09360367448137029,-0.09857441508836705,-0.2658869258049731,0.0032547513388863167,0.030879087809429606
2025-12-23 00:00:00-05:00,0.008298957098556478,0.4039401310855405,0.0592836976898663,0.027918348704529188,0.797960651704297,-0.48923965282743903,0.058204901193292184,-0.38233309832315504,0.9561562743972288,0.024198374023408124,0.45045137006753727,0.3770406749754217,0.04474797936263631,1.1564207541488987,0.010046994300147178,0.617720365451535,0.07790023998070988,-0.23871641759341003,-0.22389738631208092,0.0021617202863644367,-0.017990441087582187
2025-12-24 00:00:00-05:00,0.012371872839226236,0.45221649876280795,0.14109786102419983,0.013771039542389394,0.47719889251971237,-0.285575097277354,0.3479276583162621,-0.15818596410585112,0.9684770806409723,0.0436083994249768,1.300509549665229,0.3609154139343265,0.06541624612804436,1.15719021828854,0.01295512940194594,0.6808727651869678,0.09601690798514603,-0.10043775523762356,-0.0991575819881104,0.00045595459797128366,0.002931289571129092
2025-12-26 00:00:00-05:00,0.008826257889505949,0.7187888644599464,0.36269936901117283,0.011535649711869475,0.2589428214974759,-0.37686774381385746,0.5278425403090071,-0.1840777591108569,0.9923689990346465,0.034524368871258385,1.425328035043299,0.3321683675250035,0.07874282323090476,1.1950309447472995,0.01268458945043462,0.7759711123605705,0.08570654146460255,-0.07871618609885787,0.015972410023749984,0.007796787333452287,0.020915070590499463
2025-12-29 00:00:00-05:00,0.009129860883468816,0.7376461356514353,0.13362860979548657,0.021976008977355615,0.04282073925252761,-0.2603774047048571,0.6751985671724928,-0.38191032692010773,0.9602866123940559,0.024879569958442177,0.8832580600441108,0.3173550647614339,0.08258524548319279,1.2077082709549807,0.010950791361379907,0.7953353265722185,0.10644959930537998,0.046394494239946495,0.05997045555657932,0.00399566318953727,0.0021470300216779314
2025-12-30 00:00:00-05:00,0.010960923299038187,0.9408784351512327,0.38092068885494035,0.012583058822734031,0.19636874403843546,-0.052870518821015906,0.6035413074469514,-0.46454043273924467,0.95449810184375,0.016606378525568597,0.4156665554610196,0.30785941050467813,0.09539909434445835,1.2125720802185211,0.014179149383445333,0.7188803782273593,0.1025508856481279,0.17220460788645547,0.2133123198645442,0.00017719666226653218,-0.014818683194170013
2025-12-31 00:00:00-05:00,0.009035580233873311,0.7370862014268035,0.2680032472506957,0.022433416379016365,0.6289800216027636,0.7689421160327419,0.8513393334703319,-0.5302287934653078,0.9714703070012771,0.009686092232814136,0.27771366669324277,0.29725113668220904,0.0962426324709423,1.203824901983973,0.011927930954569076,0.6254261063966331,0.10277811447004276,0.3769937700164434,0.19420301054207467,0.009055878663005222,-0.0053461692798365545
2026-01-02 00:00:00-05:00,0.007745605636623322,0.8016347691533379,0.35785220137266144,0.01904885913223167,0.448453659760288,0.38431861784245247,0.4817710016832212,-0.43865610971401825,0.9882964239210619,0.010273308305591285,0.20118837343589752,0.27987392795050847,0.10075732724226609,1.2163438951048713,0.011822678567892741,0.6004213575233095,0.09877696536202006,0.36455038099843246,0.1818149376209292,0.014002484443784257,-0.026874309959847853
2026-01-05 00:00:00-05:00,0.009711162677146239,1.0357337439279146,0.013819110178995682,0.049967708782189285,0.4051461404819371,-0.6693263360549607,-0.0931553559046757,-0.5600678094060058,1.012515278511354,0.011350342421607951,0.26371108084848494,0.26482007495697407,0.08953763588763988,1.179813427034557,0.01082875542706739,0.5223365692313455,0.06423739715118575,0.06320029288487933,0.1730256159300273,0.03639052889597136,-0.013012636438187397
2026-01-06 00:00:00-05:00,0.00488461862228044,1.0642541805220216,0.8496772482588176,0.02100483649750962,0.001092147997864189,-0.7519354157819316,-0.3992189156831091,-0.44956595438629243,1.000378359821221,0.023563341623786923,0.40796898425896927,0.2351189249084988,0.08982080573936951,1.1855613617055867,0.01980014621398426,0.48406591138330307,0.0648917999492675,0.07729189501773931,0.1675364713204543,0.010786255684689426,0.011666560871232079
2026-01-07 00:00:00-05:00,0.0019022752617882447,0.8556065896681789,0.964386925127676,0.02978278839570761,0.1559746012548124,-0.7186485797478953,-0.2760918053595507,-0.5204077500699991,0.9494207129460609,0.03237226622253415,0.37716326536808653,0.19239901395303682,0.07790269767673874,1.2042075474988878,0.025239379371125824,0.46401398553940787,0.07202924006797636,0.03871706670692017,0.10062923586433352,0.0026557789859280156,-0.022126359013120878
2026-01-08 00:00:00-05:00,0.008532922636024318,0.6976999929717026,0.7527006598174756,0.04322190296718396,0.5021670555736646,-0.661071271624904,-0.3538588207658273,-0.600909001885391,0.9797293012121376,0.02182423630403225,0.268282681979357,0.14791915014484552,0.0487506376252396,1.1787776583616747,0.020513642529503762,0.41716683604462623,0.06388073060820416,0.10981023757845917,-0.15466909394553127,0.014696233307240581,-0.02559929492962698
2026-01-09 00:00:00-05:00,0.008583823128921133,0.5119379607117743,0.7351552964686957,0.038832133616297886,0.6001917205460127,-0.6499954358044924,-0.4859575343868454,-0.7552808186187533,0.9925428274063625,0.0243003702151947,0.20886625759402697,0.1021530235140074,-0.013769548971656576,1.1586455445878918,0.020141012421954808,0.4026464915926918,0.06577151838078012,-0.11083058159674526,-0.3497485204306714,0.005685067882351114,0.011905991467215049
2026-01-12 00:00:00-05:00,0.009262487241743902,0.5693331679146508,0.7321491746827771,0.022851600902503613,0.8100676744336551,-0.44479138660078,-0.49243189334800413,-0.7998410506042257,0.9983800475733628,0.019079705576406945,0.2601198099315579,0.055362957480626564,-0.022775428051167154,1.1613102281943535,0.020681583915996338,0.40292382119016457,0.06268900691907547,-0.22655174755437646,-0.45892180807548405,0.007812529685906637,0.0013613096354330168
2026-01-13 00:00:00-05:00,0.010688922642334682,0.7380642627023986,0.6505045073399947,0.02753707484637298,0.9307642264565567,-0.8592930221780798,-0.8799269660168587,-0.845101573843788,0.9527621926855195,0.008113003251816039,0.2445481509227522,0.026660002741607493,-0.033739934844507165,1.1989641144318464,0.019436463780174267,0.4021150965950762,0.07595250793996446,-0.5559295278920359,-0.5304129199813009,0.006595466820361487,-0.014760217428999911
2026-01-14 00:00:00-05:00,0.013334266092280602,0.6363062880778008,0.5305393877877527,0.019309951828321514,0.8930708180145427,-0.8604200077311155,-0.9787204964440909,-0.8356858782512792,0.9885169622810704,0.011516413200139465,0.17611014540462136,0.005307353769658139,-0.05150705361269074,1.195139484671553,0.01887057286130082,0.4059389248023517,0.08420623704307675,-0.5446023514167869,-0.5547892521344511,0.009703958991816183,-0.019120821889946238
2026-01-15 00:00:00-05:00,0.006810890363005744,0.6537021912514596,0.35217995933120294,0.026375636765766697,0.8724795921589714,-0.14657309788260628,-0.6807567792119104,-0.6917941446561814,1.0689856848437584,0.011377069131319938,0.17563052667607762,0.0003407189688058058,-0.08089965542663201,1.1843270075501702,0.01159223304710425,0.4564648925339474,0.04026431136460967,-0.46685435149400417,-0.5587838458874713,0.0024696235474627017,0.003617444304073736
2026-01-16 00:00:00-05:00,0.00908293777113446,0.6797270369379962,0.4045453587912817,0.019341809236550753,0.8714991879189444,0.14976589399896464,-0.4698236619767217,-0.42631211958777454,1.057161581529524,0.010718794265183948,0.2053343640396474,0.007933964538022174,-0.07662142241799107,1.1875387399184623,0.013937891348018814,0.6277986616609688,0.0331620864243474,-0.5520881223925753,-0.5428516025667238,0.0015190027937105135,0.048758504982428175
2026-01-20 00:00:00-05:00,0.003001040850165416,1.183532912579672,0.8461726176798314,0.03552534265238233,0.8665039909742877,0.6671217235290767,0.7878328655190977,-0.04533705837211799,0.9917665036253487,0.007698414323577148,0.1674772096225833,0.025042816942723714,-0.11029062436841637,1.218407776384747,0.015391807686451514,0.6879510185836857,0.0976482379662649,0.30317162090471106,-0.5756473786173658,0.015211646504707908,0.04534608115679095
2026-01-21 00:00:00-05:00,0.03352360070836678,0.8241145735976454,0.02015376799692153,0.04146095687803413,0.3662694292233682,0.8459935201409291,0.5850149844622647,0.2412307562847148,0.9493807171267737,0.028517277525208242,0.20842724564366655,0.04640532896600133,-0.11766446628364624,1.2104854428350884,0.019935944602556134,0.6976305650304658,0.09480892972353258,0.1825531863499317,-0.4920946448924904,0.0008385723073667068,-9.132229723207708e-05
2026-01-22 00:00:00-05:00,0.04328675466584074,0.9892172267796538,0.6531564509559806,0.027363586425781246,0.002555284564220533,0.30801235667731863,0.7439640968112807,0.10786068952291061,0.9431958887598505,0.07634293276490454,0.4654282895365701,0.06456215952645422,-0.11920431848761211,1.2181743119262496,0.038077724376109914,0.5002349761505245,0.08997274370478371,0.17522205462146448,-0.5546593518869597,0.014363583651456019,0.0
2026-01-23 00:00:00-05:00,0.015519982455868482,1.1824881539885095,0.909960367394387,0.029456657604348072,0.27308531479041304,0.05581026342280909,0.7848777496290904,-0.025499109888125107,0.9441957039713086,0.0725549584920318,0.5802180155510801,0.08883991954127743,-0.13743408337208854,1.2202025731587716,0.04474958778815551,0.3606739446778506,0.09118111286738655,0.2975809779148123,-0.5574714479901587,0.009429685107784675,0.02621231848922112
2026-01-26 00:00:00-05:00,0.02848448262777543,0.942559527839403,0.7790212474610253,0.046901652378628436,0.5457641924582092,0.011277790180612842,0.7540635674550319,0.01107541157868201,0.894569738481902,0.05655324619945123,0.3663108136438603,0.11797237634637767,-0.13224737101925735,1.2179102592540805,0.03820063485921393,0.1925609865631374,0.1083350433619481,0.5445480047576032,-0.47126573048597514,0.02250921072680122,-0.03150577366311902
2026-01-27 00:00:00-05:00,0.012422684623615416,1.0246106959631531,0.770820699623633,0.04887818624186217,0.6717930479071399,-0.3749653313829455,0.4874738900059132,0.06268256189902677,0.9182750550287566,0.05684916108561137,0.41610547783957896,0.15680351522553912,-0.1323809924475249,1.1954808322506216,0.025171737190765025,0.05568636140503427,0.12668525195518573,0.5771270974449317,-0.4499159043535255,0.014334051057033195,0.007719151148790182
2026-01-28 00:00:00-05:00,0.013407791073129732,1.0711018163236743,0.029576418649971275,0.022881803627573166,0.6987472167529899,0.2010873792142505,0.4476355610630802,-0.07470797671005411,0.9122393129329446,0.05276222812544816,0.5648629938003156,0.2241316401669154,-0.08666710824491566,1.187715804679927,0.012659639644578132,0.01533419918476184,0.12303928976568933,0.5415290118708262,-0.45356964535879074,0.009373246148933142,0.002188537337457941
2026-01-29 00:00:00-05:00,0.013556195623132252,1.0245108572995947,0.001434619229170663,0.02457102390027324,0.7122663138315729,0.581381668951271,0.5661593670481697,-0.15770140031917637,0.935511670658308,0.05083781095813583,0.2280091502954024,0.305941984739904,-0.09652165437919617,1.2192900251595404,0.012535144445005133,0.0037716657237194346,0.1192795590501761,0.6353716208131017,-0.40811128436521915,0.007636317426686183,0.022839035297731236
2026-01-30 00:00:00-05:00,0.012210148404420383,0.6873639489791258,0.04817221144720866,0.03322499308594721,0.6242092510587763,0.5711845714563553,0.6029036010966629,-0.10288273535930884,0.9745587141395886,0.058064949904161244,0.18949195815786518,0.3800669756007262,-0.0957900260529385,1.0573238750334848,0.012048315074107958,0.07527228594341019,0.03743254731250323,0.6332202698608235,-0.3034014260333625,0.002257132495289315,-0.04866117216243715
2026-02-02 00:00:00-05:00,0.019796967568454636,0.8021209322471046,0.012761694206517986,0.024392432910275447,0.549989180962782,0.14858933146362807,0.08475122471980932,-0.1404311730057117,1.024128442251901,0.05159254278185184,0.167057549297364,0.39150905853123513,-0.09081762041690544,1.0305174937304977,0.015444212213464809,0.23771671180645515,0.03072478766480353,0.46190142483286456,-0.22944850625019794,0.0025773083658865484,0.01458760567523587
2026-02-03 00:00:00-05:00,0.02818022488230929,0.9959237578402418,0.006514339684623438,0.026868358575545134,0.10042883178071352,-0.037961487465968814,-0.2411919291311597,-0.2718761227409546,1.0094036596970997,0.037583864957389385,0.26083137796137223,0.43342688154368025,-0.0790838725350871,1.0145578490223974,0.018235768620765987,0.34642283310646005,0.016823680102974962,0.1860075796422944,-0.21983631531917683,0.01001124046039842,0.0063594576951233606
2026-02-04 00:00:00-05:00,0.02415157033563987,1.0187752037587383,0.17202786991720875,0.029470484962311642,0.04381042398294001,0.05588956123055597,-0.17926275493890792,0.17979963260533965,1.0082200147682392,0.021015457766164675,0.2486382023082904,0.4691106417388243,-0.07474497031594056,1.0135633847421954,0.0184340562708689,0.416491094245887,0.018326480913202454,0.1447209909012821,-0.2678839738544607,0.016392700891567184,0.0016484682662392114
2026-02-05 00:00:00-05:00,0.024033385678313774,1.0352290454862811,0.17519971642884868,0.02616838103286758,0.08136927588925218,0.06753618742744305,-0.20810525767956076,0.3015516601290902,1.0232123618483766,0.020334066437573777,0.30378713069868823,0.49760288370478434,-0.06987968943354435,1.0300745855895124,0.0184090548927741,0.4590947079076798,0.020368622323138227,0.17386268161863142,-0.31989821605687785,0.011477366247072199,0.009143297909321557
2026-02-06 00:00:00-05:00,0.025696040174941592,1.3237259448824399,0.0922747230454978,0.02532735591035611,0.11430706346190075,-0.09591685626902743,-0.6649696275364945,0.1816102594277805,1.0354017092910837,0.01947277635935567,0.4170593460050491,0.5119039924650088,-0.06267816869369387,1.0467284059645148,0.018062500917115983,0.5352354124272862,0.011085139911319852,0.1502717903391565,-0.37204949094849693,0.004228777207731993,-0.06460102003720891
2026-02-09 00:00:00-05:00,0.0009305845628828202,1.6734215327236008,0.9243776950174529,0.05674098348448915,0.08216736446082389,-0.9923007301200227,-0.9934514528275766,-0.4894937168011465,1.1436358340802733,0.021914387148769084,0.2806514194175211,0.5045466391277903,-0.10489807299512909,1.2270838875849925,0.01231335827553519,0.5583696987667328,-0.1982642088675425,-0.6751032605627952,-0.40766499461513284,0.025547776426843184,-0.009976622074366004
2026-02-10 00:00:00-05:00,0.04423433679832837,1.617785799091534,0.2749513351006621,0.02809311237597255,0.18145552297276965,-0.9477653115516667,-0.9317002827024198,-0.7348042653914668,1.163144529075068,0.04121523924490076,0.42973185707359113,0.510629763946117,-0.13920335903524583,1.2196442477737592,0.027554783688078305,0.3178603687708291,-0.19235450986834865,-0.7173784221881883,-0.399015985045628,0.006061162580528919,0.011936265174985694
2026-02-11 00:00:00-05:00,0.03499012017321968,1.4871505116723998,0.6867034327198419,0.021311677865880226,0.44257421342403624,-0.940208537489096,-0.9330039592699486,-0.7672304243535033,1.1404814059565254,0.04870214390807861,0.4715822294391939,0.5149991011488733,-0.16988487620513715,1.2094047849029073,0.037061171500202286,0.13134334136869696,-0.19908077949852665,-0.7126924981882332,-0.4164395016576209,0.004359242109881152,9.66817299001832e-05
2026-02-12 00:00:00-05:00,0.03514919127738834,1.4986958464265845,0.6846302022248406,0.026653166055385983,0.5661908843070902,-0.9367764785176518,-0.9289601920498555,-0.7776410179028611,1.1337972807139345,0.04468918010519265,0.4195377991192436,0.517336679067019,-0.18686351166484239,1.2201973930829575,0.0370212322371825,0.038849843667952244,-0.19819836268957755,-0.716592344541257,-0.4464181128852843,0.01937538247176341,0.005897090446472131
2026-02-13 00:00:00-05:00,0.04696323240899163,1.475413800142278,0.42908965642861185,0.03149031932873223,0.617866133529001,-0.9059366296066723,-0.9312184401350467,-0.7769953891785313,1.124267203823572,0.04176020864601368,0.42628311885094045,0.520498606199555,-0.2050573809904579,1.2135876102922432,0.03171184499934319,3.8622130839818117e-05,-0.2006563095775364,-0.7912984081897446,-0.4332425153251557,0.007106038480279404,-0.012494031638305092
2026-02-17 00:00:00-05:00,0.0018650596502189825,0.6004963920198821,0.45446079946641216,0.03356837892975184,0.49389567416572494,-0.33077716046058714,-0.23216108334943,-0.9340457951862463,1.1402433417268156,0.04194200491756474,0.22138616388951715,0.5209585317762099,-0.22798786164348855,1.190418980215501,0.006505639478819263,0.07701129787540531,-0.20262040720032154,-0.9320214058630887,-0.5045976198046722,0.018836910852747683,-0.031435549955702635
2026-02-18 00:00:00-05:00,0.0034041196325777594,1.1947164797005827,0.14358405842660452,0.06316599737654863,0.6170749848078781,-0.9822273378297244,-0.9846676383838951,-0.9615366557251525,1.1783561527992246,0.035994162952167605,0.19999391389965293,0.5236813624642115,-0.2775610857092108,1.1683915407573853,0.007127748773990596,0.3938234959505183,-0.22449823814741365,-0.9289441006264683,-0.6795140076649164,0.011231623207363315,0.04350887572764295
2026-02-19 00:00:00-05:00,0.01089456551068507,0.9809049074643152,0.5571360926626757,0.03616830713308942,0.6913247802507871,-0.7134335992920676,-0.8740941768993558,-0.9229099917885747,1.1025517192604932,0.03407912975497734,0.26311270021795385,0.5326738859677779,-0.29068377597129524,1.1845908117183783,0.01735857572131039,0.6535206522208359,-0.22481764803692708,-0.854423404500546,-0.6860270202770212,0.012220339497902083,0.04053921910910452
2026-02-20 00:00:00-05:00,0.0226050522337673,0.6411932602213684,0.09970412903114607,0.05374850884169164,0.4790859802948733,-0.31595678577873154,-0.8849852054658999,-0.7630882240903182,1.0641310718022026,0.04500029804264621,0.2882871954040182,0.5385088305282352,-0.2975899182889922,1.1563282102754566,0.017191951446563325,0.6740122522199756,-0.23019548914893975,-0.8286373670519016,-0.7175891256401523,0.007616748924027072,-0.04516002071212566
2026-02-23 00:00:00-05:00,0.05561542312976787,0.37812584295144325,0.22170958801552415,0.06972221091941541,0.035973775851507676,-0.3468358531419651,-0.5898111786647334,-0.6868806833497445,1.1295793086172985,0.07625509562642495,0.2874123803751553,0.5193351252808416,-0.3133980116689532,1.1564046618487225,0.029680863597471175,0.5479487342709595,-0.2530879444132542,-0.700449892389085,-0.7258335146243782,0.009351871631763544,0.0
2026-02-24 00:00:00-05:00,0.054441960874593805,0.5088927942468982,0.23614701280294909,0.023619754763310734,0.0668704038781691,-0.20013537847728455,-0.4507425370030089,-0.182249204604361,1.1243456948120074,0.03492891081400037,0.5667837860682803,0.5168244226688776,-0.3649644949662756,1.1613961935738706,0.029642289139963387,0.5651175623421006,-0.2641057965959339,-0.41188715818115,-0.6804882870583596,0.019731714944514814,0.027815415074694982
2026-02-25 00:00:00-05:00,0.06027179476011016,0.6430029393421769,0.11970078698922636,0.03244764151951176,0.05310153659266888,-0.3847679789157401,0.038343334474756796,-0.32146627607252454,1.1199434182333148,0.03450193224503344,0.6517588043912896,0.5146253210912475,-0.3577764849968868,1.1525632044035354,0.02865722226432066,0.5184378107958718,-0.2586384075278844,-0.45301894125990666,-0.7430091281765483,0.015483084772178793,0.0022630363986329005
2026-02-26 00:00:00-05:00,0.03383390392009219,0.934739717276712,0.001257530123226831,0.02480211826864061,0.09838338271117239,-0.07141841360899398,0.03589731462306013,-0.431857988930599,1.1471446928352025,0.03643327972811625,0.5902129159041178,0.4890266864298379,-0.3415434276219667,1.1640391833011106,0.020134953308676384,0.43668195323882275,-0.24220041701489806,-0.4453709214643032,-0.7462332615747098,0.0012401495806707284,0.015335450236938941
2026-02-27 00:00:00-05:00,0.03294534083800295,1.1040870286208824,0.002475337401091121,0.028145354680089534,0.19990695942805056,0.18251531807738522,0.2602962483624353,-0.4181739867897168,1.1265753430570449,0.03586805649475419,0.3058584886078899,0.4555859684290446,-0.2876549486135684,1.145575065919117,0.0197302113121814,0.3273201091482977,-0.24712578576040833,-0.34149373250143744,-0.7123749999719682,0.0051258437662158925,0.005281724211235961
2026-03-02 00:00:00-05:00,0.002793636396087551,1.0012040457863758,0.9113367735631159,0.042693413826578396,0.3565136142814216,-0.38219965501486725,0.5856224532826974,-0.5248098140332306,1.0850769829802238,0.03610647246077711,0.3790876628959069,0.41088813095271653,-0.3209033690562516,1.172330493543819,0.019220551107856237,0.1753021088791883,-0.26455562363762714,-0.3223016972554136,-0.7092391777957818,0.016698244054818998,-0.004608695285027387
2026-03-03 00:00:00-05:00,0.002876444791463505,0.8697201911529966,0.9080061485451909,0.03970755341058257,0.5436082828681028,0.08219314819020905,0.31476721609800434,-0.5954080590082083,1.1379755937746283,0.031491267671328704,0.19557304025686104,0.36763396094421485,-0.33044487071353235,1.1991129949577175,0.01919129851430578,0.030294515746605827,-0.2417851345089767,-0.2887435170144631,-0.7670236099584451,0.014258588904170682,-0.019538942076733234
2026-03-04 00:00:00-05:00,0.0021365933976512817,0.823245580210354,0.7625596667688065,0.02356192092919353,0.5635511309491659,-0.12679149067529175,-0.07501806999221616,-0.5995337010398522,1.1530978959902627,0.031475242593207615,0.15986203934360393,0.3192103313147304,-0.3126080655029173,1.1817362724323377,0.010397388221643149,0.003340668398458819,-0.24679908858842312,-0.11911156212273387,-0.7681097254295182,0.009040625418807144,0.012962445739277184
2026-03-05 00:00:00-05:00,0.009631316509204967,0.5958887918878093,0.01058869343928324,0.019960206478358614,0.2710592522672462,-0.19421684037208345,-0.18140716028074294,-0.34877420993136277,1.1455215874676894,0.025806478356935055,0.18387161938043803,0.28222169066244207,-0.33031275745113997,1.1750697507284917,0.010744798769037481,0.0019044592996913428,-0.25297753183878013,-0.06755942196781349,-0.755890043665878,0.0006163705857248457,0.0015936264785654242
2026-03-06 00:00:00-05:00,0.004620950710052698,0.8538771057284494,0.3812683245713924,0.0248263120049993,0.1784762762601403,-0.35106601326426157,-0.8366538714989016,-0.20019397197714275,1.1084179367508313,0.025417730571496343,0.23555775252969005,0.2351267041290613,-0.38081454030287043,1.2139410035764497,0.009403999778438553,0.04998937101349555,-0.23792994902383732,-0.012662169409195847,-0.7412183912187015,0.007318140884353972,0.009640644736184978
2026-03-09 00:00:00-04:00,0.005516974806206931,0.7006555562488873,0.2130299607373188,0.022708356580746988,0.4826853894112375,-0.16672779456932146,-0.18467657169378013,-0.33586405190907226,1.0829897412355831,0.015050517345024855,0.14486187762240532,0.188405401576597,-0.46948337749148633,1.215196802884415,0.009067469541650842,0.19073773554442675,-0.23846348732454103,0.047771763987455744,-0.6734727172448565,0.01075172554149309,-0.029665326180862484
2026-03-10 00:00:00-04:00,0.005950941569570847,0.6218439969341519,0.16193499949055354,0.030952404188943496,0.3936050553324496,-0.0379588986847397,0.20716981034019052,0.11506295059271941,1.108782763346128,0.013339091640114095,0.17191395038000284,0.1383511981923609,-0.4975028396250915,1.1912639368175404,0.009264199955051866,0.5746390249994013,-0.22155799530213516,0.17498391710337555,-0.5845331964074326,0.002894468375446648,0.03735554087996862
2026-03-11 00:00:00-04:00,0.011894549183353444,0.7229253138748893,7.492793931759123e-05,0.05219621456399044,3.9919290960715755e-05,0.19536573559994616,0.3954454348489702,0.13565089862460541,1.0472380379669375,0.01086602877145255,0.14689788951131805,0.1090982072983786,-0.5211580404940109,1.1771509638736228,0.011772816579788384,0.4946792293283963,-0.21711297028190438,0.19619763520922764,-0.5611829278329352,0.01207450693460307,-0.006907385212989947
2026-03-12 00:00:00-04:00,0.015608492206146561,0.7880626279257404,0.030975658210521912,0.021254084198761677,0.009557998816396336,0.4194377051924845,0.4376134978553476,0.16605144506277478,1.0403178573067917,0.012831643668337665,0.14020950927496098,0.0679795082712879,-0.5335664944767267,1.1785837879506669,0.013747013844820159,0.5066890140180693,-0.22793891072212172,0.1860983135542704,-0.5443743259143136,0.009594180926485278,-0.007511906329640938
2026-03-13 00:00:00-04:00,0.015784232617328996,0.6946218659075546,0.07804465803943474,0.028868472230966544,0.002629927456308727,0.35484128317382596,0.48559959423750065,0.07484940420379811,1.0272817724443406,0.01238331171027276,0.23325182949447215,0.04104202801706824,-0.5237971844048994,1.1942235568800714,0.01422621534752114,0.5194208342206851,-0.21029962410619826,0.1312944998487864,-0.5654789370687238,0.002970386009958563,0.0064473838956458085
2026-03-16 00:00:00-04:00,0.01645716433711847,0.762570808702755,0.023211184425448315,0.03305014373405985,0.009478993386746919,0.38839111729831777,0.47404237310815245,0.09900658616461712,0.9841352363584462,0.012132592676732168,0.13777759179014726,0.0273747952502663,-0.5244142909577515,1.2236090552571968,0.014067412123783558,0.4926223451136057,-0.19506942676044012,0.2301708763800711,-0.5489393733582933,0.007002147285279011,-0.012162227941910575
2026-03-17 00:00:00-04:00,0.01289756317052965,0.9030867566604898,0.2273173677364099,0.029422553194086536,0.11847034752521653,0.3958134578983515,0.4512555420079665,0.23444413193939484,1.023920353204561,0.01067870369713923,0.2059108233733353,0.02391671671800904,-0.5241570864528029,1.2440191810266372,0.014087939872679995,0.49446339423877794,-0.17915407759970342,0.28923165060306616,-0.5609725624249525,0.0009194416343963745,-0.008270729783807385
2026-03-18 00:00:00-04:00,0.0014091143559249834,0.18749084409367178,0.7273279725976552,0.028166980773179893,0.11000845861300987,0.08770170229440491,0.5740257829173703,0.11751119625765473,1.015493794542464,0.010934521468998886,0.15561721603314857,0.01696856118858019,-0.5313892615661298,1.253801134257844,0.007871373010148532,0.3998401240152656,-0.1843571718213006,0.3023999487511949,-0.5487726163834485,0.01772777649182173,0.023028844011304006
2026-03-19 00:00:00-04:00,0.0017279826079092005,1.125151426494708,0.7441664411204334,0.04960882689526864,0.015268078597508367,0.4165834504049371,0.8070380159043483,0.32988168033909115,1.0018477599451394,0.011249562415521476,0.261950119005783,0.01643142749887271,-0.4850942428877901,1.2318652996106643,0.008897021810425934,0.2252479993296333,-0.14683710974572084,0.5133980089762186,-0.09247582185628372,0.0023422494830226226,-0.005835980117839812
2026-03-20 00:00:00-04:00,0.007207865869652666,0.968147662806101,0.0027741129093117383,0.025048516714290137,0.00034374726809694367,0.4740418827981985,0.8232792637987223,0.2924410269261482,0.9993882110140293,0.012276382227510946,0.3267242766797334,0.009092227959230483,-0.464518372474784,1.2202382454599672,0.009230628731193917,0.1830711258681822,-0.15903970827178548,0.5373875337374309,0.12847044206184982,0.010074834211053365,0.0029816708652963264
2026-03-23 00:00:00-04:00,0.007339918783558245,0.9912298480653192,0.014613487322113388,0.043277234837397635,0.00017976391263773054,0.5749756725316912,0.6486553095838735,0.31527967819501507,1.0271856777291057,0.012256872810625982,0.4247704126899107,0.0057771238899540665,-0.4415236350219521,1.2386167537568655,0.009356653123894129,0.2811905394175743,-0.14894714701385456,0.4683395101735716,0.1441750217720947,0.0016564456122124139,0.019045017426081667
2026-03-24 00:00:00-04:00,0.0038323850307090336,0.7959931875571629,0.4626880948466543,0.04027369160313686,0.037473176668256766,0.45578918070469676,0.21015968526179443,0.3605016513563259,0.9898543607579933,0.011308156838994395,0.4786575547267615,0.0005866213071009387,-0.40307843899303697,1.2122680583295882,0.009069907541866562,0.19578524395741234,-0.18326833067146703,0.3107866653693116,0.37234282550160186,0.0,0.038563199974770646
2026-03-25 00:00:00-04:00,0.0042429971354977294,0.6130965988354117,0.724983742332718,0.03891750842157707,0.025927997785640932,-0.46336814619796524,-0.018445836870750583,-0.02383857126338968,0.9558935946765074,0.009873811187955668,0.6944344377129175,0.0008576832026373413,-0.37581679567265003,1.1752785239392196,0.013089475491707166,0.16896326394408182,-0.2092871582751985,0.04841849982194006,0.19323006596971387,0.006244862207911951,-0.02519303787987559
2026-03-26 00:00:00-04:00,0.016935783415160034,0.4983772953858724,0.6827028014876948,0.03568906681844806,0.38599293673950136,-0.9434416180142334,-0.882937083577517,0.01044957126200435,1.0011071059276198,0.02632140841070292,0.4576744345966282,0.013865057723866663,-0.3361136150413777,1.1540257562060452,0.024658989437446596,0.2403534848190689,-0.24266146212445935,-0.0785445354829424,0.21103390647907247,0.002555524382698524,0.022062016427749853
2026-03-27 00:00:00-04:00,0.01812329235024151,0.4641244223326544,0.644588610997839,0.027605682422940692,0.5643874991604101,-0.9604908165747474,-0.8759390039093125,-0.15400893293668763,0.9816004281672494,0.021150157726557137,0.7428985923724358,0.040697788915639216,-0.3085226879285092,1.13138939582454,0.023840754819698683,0.2829988848276428,-0.25621353737679814,-0.2362695595312002,0.072634473871683,0.0,-0.01806172408887774
2026-03-30 00:00:00-04:00,0.018702409880860218,0.3319282127949155,0.6186102807959898,0.035207537505008935,0.7024361640267338,-0.831006417160233,-0.8678908527769668,-0.3383285407353995,0.9848423532545011,0.01988945708383505,0.534916047059414,0.09167574634207053,-0.28283518273439306,1.1221453442965006,0.023593334409689803,0.4062857740143689,-0.2524478756223363,-0.20161834634572545,0.01618894757411173,0.00858290177719172,-0.014984230025258727
2026-03-31 00:00:00-04:00,0.020675596066709677,0.4147094161144853,0.07720568069552125,0.043946288412687017,0.7487676147329184,-0.5433157257163862,-0.8861991394130461,-0.3741911430601936,0.9944787171734004,0.01759436387896986,0.3019554828715422,0.13826564364341767,-0.25850024186466114,1.1080678301960292,0.01606867254190952,0.5139227694771409,-0.2547200917951853,-0.3227652106060643,0.0037446437280627106,0.011031027696581213,-0.034159196413743875
2026-04-01 00:00:00-04:00,0.010888449546494232,0.36934113125940515,0.5152326082110779,0.03599606675475437,0.5254561283516848,0.01611760216870656,-0.6218717447481162,-0.4293577242644309,1.0019796060450699,0.02985598942991906,0.23769703790049895,0.17945841837051357,-0.2468504373228926,1.109164796138623,0.01637069000470461,0.5396206955490271,-0.21781857447012767,-0.18593412588515384,0.011693609174677374,0.0031380897508879752,-0.020182980471207812
2026-04-02 00:00:00-04:00,0.022207618963706658,0.30534403888406625,0.6185688173276429,0.03360475780547093,0.03627625019739457,0.2023271702988287,-0.6072233718532298,-0.2452294137019251,1.0093121368607405,0.05811177840017445,0.2584259744609785,0.17674874420038833,-0.2400930708026831,1.1002786541823868,0.026626928657663692,0.30827339418267163,-0.22924565497046198,-0.7046329081701337,0.05415937065851553,0.0031825922686804105,-0.0032726896236072722
2026-04-06 00:00:00-04:00,0.0020160600947238725,0.549669111439023,0.9828970520494568,0.01732864834641479,0.07051003183097976,-0.08217244820759907,0.5233262654428249,-0.0603010775599995,1.0244400125425557,0.0829495578605455,0.0767617449313532,0.14970144810875224,-0.24319757534534148,1.1078066022670994,0.0379495162232043,0.10122060928233653,-0.22986551856467502,-0.7016355888072008,0.0791519511792311,0.0,-0.015644563954171242
2026-04-07 00:00:00-04:00,0.005782682545309015,0.539722957969553,0.9403781052975858,0.030010621371979115,0.37344314121729405,-0.31204346731061855,0.5683445484202718,0.08978326013770527,1.0176942681007284,0.07422166544257007,0.08145947275190168,0.12996302954172276,-0.24122639843907095,1.1136462156832814,0.034695712565787185,0.012829699107258282,-0.22228795788771538,-0.7181878020198104,0.08025621008068227,0.003184423813576814,-0.017070506023008303
2026-04-08 00:00:00-04:00,0.00712233710551312,0.5136966271867767,0.9015042020136017,0.02852131549577067,0.7397970624960194,-0.3478108114008951,0.5985261183744868,0.02925650125024286,1.008863828443263,0.0430205326545263,0.09994310630095811,0.0907271726454577,-0.24817840894184187,1.1230234405844481,0.030217271725865948,0.00456273739868364,-0.21555957013268778,-0.7173803925241214,0.05321277233733995,0.02215537929295881,-0.006887058286396575
2026-04-09 00:00:00-04:00,0.0012748739023678885,0.5441393024996516,0.9666480433855897,0.02656800453354856,0.9321580984091455,-0.3858339453614848,-0.37985054540736923,0.045753034541175235,1.0279549381511264,0.015216292016568794,0.14810418287056706,0.04315519942897305,-0.21368951846397902,1.129865286468293,0.02204583105708786,0.10475791002326965,-0.2041192545330296,-0.5703386283489584,0.10380210554569012,0.011476888841574821,-0.005125624279975427
2026-04-10 00:00:00-04:00,0.001179620250911766,0.7082064262919965,0.9614509917923407,0.025243283186146506,0.934380327243476,0.027642360233016177,-0.5955466548439656,0.17093399394217085,1.0346575690707116,0.014978817029832343,0.18068428569778092,0.014078539495258158,-0.18869570588775417,1.125753908699439,0.019775792696369008,0.1909709431941999,-0.2027771615456172,-0.5234498865088026,0.1854294794073279,0.003278349480824307,-0.0122234384834643
2026-04-13 00:00:00-04:00,0.0016818823114521794,0.5423854407632336,0.9412796351045022,0.028330316143128944,0.9541348092799713,0.3943658172941091,-0.8465595083482738,-0.014350948333078803,1.0320003916893936,0.011117763255640978,0.18402655170215135,0.0009411259118357333,-0.16487142902362945,1.133612581116225,0.01925056435086649,0.2913700185467505,-0.197118071016384,-0.025282189462423423,0.24261383808589201,0.00522399676796953,-0.02137447440771789
2026-04-14 00:00:00-04:00,0.0008592419538034295,0.602712516720547,0.9559295115133885,0.02212618674892615,0.9424894768946249,0.11372383126760183,-0.901403962207401,-0.14376972293796064,1.0343769598661379,0.011360580934804607,0.14903720924966796,0.005349726801268794,-0.1561736110626274,1.1290466024930284,0.01605519454110054,0.41109486998376976,-0.215336070119872,-0.164343420035964,0.244008142009138,0.0029844697025015166,0.0037622167342832302
2026-04-15 00:00:00-04:00,0.002045733743645608,0.7861472730661294,0.9203646629789538,0.018772951695570122,0.9518460575916067,0.11661587287104377,-0.8521153087757364,0.1712299390785614,1.0342277718774526,0.00783878677080119,0.19514772959044957,0.03981002766838358,-0.13683584085213782,1.1290441012017502,0.018394500055653094,0.5157391757288232,-0.21588505284639375,-0.3710555669339957,0.28870459832695194,0.004299906022821006,0.013638661020040965
2026-04-16 00:00:00-04:00,0.0024784167135439915,0.7077273186145826,0.8949608170207598,0.019885434378233292,0.975928464331148,-0.44310302367810345,-0.8853007005589415,0.15129463895749803,1.0700609729644674,0.0026123634448418655,0.16949455332046,0.09792178468705941,-0.11137552789833266,1.1427739290089087,0.017510004561256294,0.6320408353751702,-0.2968894994595735,-0.6693013025794734,0.36484631005082785,0.0012493778528808444,-0.01581756664424583
2026-04-17 00:00:00-04:00,0.009641895680907796,0.5610570306220661,0.34750743631750225,0.018117828911967882,0.8964369119402692,-0.6704637020410688,-0.7388777702672148,-0.12059764974951676,1.1365616848831646,0.00814503183585674,0.17577837556748857,0.13939689710276587,-0.12933568090245828,1.1414016537653524,0.01396787656810419,0.7459461360350632,-0.322926220989535,-0.6431738573258058,0.3059263144486074,0.002520721206567781,-0.0036526743246014792
2026-04-20 00:00:00-04:00,0.006591989050073168,0.724188581692782,0.13715726044469997,0.02477967304582657,0.8627719750986043,-0.4402273177843816,-0.6611463024745549,0.06721438686807964,1.1406242202625265,0.009077572839799103,0.326187034181653,0.16269029336266924,-0.11006989136783805,1.137098905567646,0.010061760880491094,0.8072131436623907,-0.3208956110756364,-0.6242596438845075,0.3248488873401318,0.005287736157255931,-0.012674118284491276
2026-04-21 00:00:00-04:00,0.004583207598902931,0.6840946968493987,0.020120333054775362,0.02570532040667797,0.8371198112364858,-0.6206842972143461,-0.725342138672557,-0.11784006848147305,1.1552662007407901,0.007524628916718385,0.21464770030399344,0.18570612554408353,-0.12120134198375812,1.1151236101694386,0.00792318339940374,0.8672331885592262,-0.3263094817618646,-0.6156966818401488,0.23433525296873595,0.005329176097114191,0.022278755180841436
2026-04-22 00:00:00-04:00,0.0040698740576998816,0.5197038619884811,0.6012238980965797,0.01710253307873281,0.8404746943105631,-0.5653368559986944,-0.6669514810178793,-0.24274201950255841,1.1597114782305304,0.0057022398048168525,0.25790421899209726,0.21014308455189284,-0.10842675833223595,1.1189540866480001,0.011575574982762236,0.9152911438021253,-0.3674095720799439,-0.5663787607903786,0.15801047064442586,0.00742676878457119,-0.0006226362160962617
2026-04-23 00:00:00-04:00,0.008097607951479702,0.7416770083936951,0.2430914491574156,0.02568067127971191,0.6279505356686312,-0.5745886017427365,-0.6012848909447809,-0.48021717219610116,1.1238736353105383,0.00934365820831517,0.4113625202556604,0.2163547740485841,-0.0812299966458512,1.152015744462875,0.011855191198959522,0.9027979831503802,-0.3821402582329985,-0.6029271645773068,0.10230923715042092,0.008250856634815186,0.001453722978132399
2026-04-24 00:00:00-04:00,0.005281267427225417,1.075208770373482,0.11722202950386933,0.018663339038475217,0.3775161249600993,-0.5422928454505483,-0.40511575205906225,-0.46133291670476706,1.1309049632424912,0.010173708209918501,0.571250725725802,0.23545205199495406,-0.03146993615028114,1.158760291776697,0.008858899782389112,0.8611389103470918,-0.37880801481405274,-0.6149473591544141,0.15782868044531612,0.011469148801108973,-0.0014516127353436659
2026-04-27 00:00:00-04:00,0.0038247253514081723,1.1350192473327183,0.4594179972684914,0.027966966375629138,0.08859155517625036,-0.6208434151344515,-0.5737914421479503,-0.5251002938476692,1.1350276115155065,0.008076219946215721,0.28547270843517114,0.24900951356595025,-0.003962210745266307,1.1592940445533841,0.009640981088306548,0.8085945822300689,-0.37463499795991284,-0.5851330671631257,-0.00721616930230961,0.0024768368357554332,0.0068535862014826865
2026-04-28 00:00:00-04:00,0.0036218622921207213,1.4115665121562864,0.4933635095486723,0.01807718257808643,0.0058014109101563825,-0.7048557767744434,-0.2749186917191681,-0.6020029861714838,1.153048033109443,0.0058680174260440825,0.3479455831219566,0.26047696053076225,0.03143313654973314,1.1786142331752132,0.009657983701216625,0.7641591296614688,-0.39078463136612657,-0.5923193631544905,0.02700088230568097,0.0056490901696318215,0.0415634398965159
2026-04-29 00:00:00-04:00,0.0003265393842660267,1.7169929925622738,0.46320400862782585,0.031221641344254102,0.03365871880709483,0.7296256575333872,0.6701788436429161,0.19120893201790892,1.0531661560314856,0.006091956970516931,0.21499731083460122,0.2589507533402738,0.031134320523266385,1.1811839377296283,0.002760508086209025,0.7014856401303073,-0.3169309256677928,0.004868889376976708,0.14015263730660113,0.009381623433301267,0.011486366992590868
2026-04-30 00:00:00-04:00,0.012810828310017362,1.4096983531236285,0.5967753749391886,0.03951470200352076,0.28875270900608513,0.7791437259308676,0.5600778466761166,0.22620365038187704,1.0563951858324987,0.01898528573361017,0.291473653548239,0.2619953307942925,0.031982291007568366,1.1771070860088544,0.019836312253684416,0.4744331988510711,-0.3130389148278803,0.001077372644125805,0.11911658126069487,0.0029195702223042586,-0.019872723917848334
2026-05-01 00:00:00-04:00,0.009871523955132428,1.1310601498523192,0.8384269046040055,0.029472571006034308,0.6521447664920486,0.6558078955175689,0.6328668350608968,0.13623030868376362,1.0846686060770592,0.018976225981226072,0.40337572894015167,0.2508680962691097,0.0635261627740202,1.162454722951967,0.02778511480979069,0.18405966647279248,-0.2959366799410233,0.3198594286014062,0.1104091225962335,0.01348162477419451,0.006492140297729376
2026-05-04 00:00:00-04:00,0.018954282623990928,1.0712116285278053,0.6300461042623506,0.023258153563154953,0.7418476348553622,0.31381810287933715,0.8625396928460115,0.11016703756616963,1.0794487153493117,0.015406850098180467,0.4234579182591102,0.24572337214216627,0.09933690477023688,1.1571014200271221,0.025361754600290082,0.046820809318799304,-0.29708677994462146,0.278442758440887,0.07204191900560694,0.006787785018010619,-0.010022820899843188
2026-05-05 00:00:00-04:00,0.021193624662241475,1.0490349257644258,0.29866334210002965,0.017760350973570854,0.7783027041708811,0.44801654858641304,0.8260532083265874,-0.0038145494221487226,1.100347017616835,0.01410991936667501,0.4827893231477881,0.23565200085347712,0.14852763300572835,1.1542424056316016,0.019576100251285145,0.004699619450428924,-0.29230557880382796,0.5297494083347775,0.020129752281669865,0.009030719373945645,-0.0283680883735824
2026-05-06 00:00:00-04:00,0.003914544663677781,0.6219015227786073,0.4343731341695113,0.02303347550811364,0.633627410371688,0.16147041597503037,-0.6072910555951254,0.24140825471452654,1.059314196629256,0.01853485044683035,0.31361818955845105,0.2252558180602585,0.20906716612762744,1.0372597550349263,0.009504112260794558,0.09299364878407855,-0.11935490677637974,0.27410033790479943,-0.03542244464079703,0.004215975959993493,0.0050551998862424785
2026-05-07 00:00:00-04:00,0.006153691087847971,0.7711694798136609,0.7935936281954395,0.028296952902408516,0.24520568420729583,-0.10176288012422449,-0.5054037476343374,0.3513574427842332,1.04347086543125,0.036249023985497245,0.1934591564733166,0.25941028450057985,0.2268022056187824,1.049216941345052,0.019676474357939556,0.14194244546459484,-0.13097508016426515,0.2676335361339964,-0.11006873357049639,0.007622384391008842,-0.01519196371283793
2026-05-08 00:00:00-04:00,0.006608500242403754,0.8411550098802482,0.7268540580680541,0.0233415107716378,0.04227435859021998,-0.25610261209216495,-0.6079019299098587,0.4070097049767744,1.072215062708434,0.04257724855527602,0.22614425925741208,0.29916549219196364,0.25980186426344315,1.0548768872719962,0.0178615554097881,0.2037179031638604,-0.11363790684439798,0.3354810670899861,-0.05276403395576063,0.00040950978094141094,0.007921573652188041
2026-05-11 00:00:00-04:00,0.004007222836839195,0.8314210500414301,0.880146090561987,0.008855030745783631,0.047730095743777026,-0.11938990163369743,-0.5286077013709629,0.392684569392948,1.0638910351228932,0.04450162713733662,0.25623891864131676,0.3369174604451629,0.28425258274655907,1.0471826102430277,0.020914499231361013,0.19887638080671352,-0.11456031076449574,0.37780850981956804,-0.018934812635004572,0.0018533803550794831,-0.0027920916236611193
2026-05-12 00:00:00-04:00,0.006854343670495092,0.9619276015523965,0.6018118684178277,0.025954683978311306,0.35677411910848694,-0.07058491540373305,-0.42347745998936986,0.4613427520912306,1.073161261350859,0.02895509364910367,0.19458052209525942,0.3717453890511779,0.29634365089541964,1.0536566689691638,0.015027881129327084,0.18524550959629682,-0.11271306712011525,0.3797736368469007,-0.010520423815085864,0.015829787300785665,-0.008088715627523002
2026-05-13 00:00:00-04:00,0.0019103643473817426,0.46317497371715494,0.24238972812839685,0.018666421715869158,0.8387406136093407,0.746361807993907,0.4592880679483461,0.5354652904812637,1.0683950946973855,0.007680779057883725,0.2841477775767409,0.4031060026006799,0.3216496257510255,1.0693431264075384,0.005775076325999549,0.1041158212244913,-0.10065188301304734,-0.28610827493891905,0.08198469629582973,0.010577665345150757,0.017091689776453922
2026-05-14 00:00:00-04:00,0.0019728112348432816,0.4842989022454725,0.4892233822817992,0.02974486633094217,0.8525465269583274,0.44472488405917693,0.48807882007550824,0.4385699249485983,1.0174200789636167,0.007119503262970378,0.20887657874193014,0.44602176793231296,0.3414744970431597,1.0591459948179298,0.007087119614226393,0.036226179991071666,-0.05275491067859759,-0.11127644501687763,0.08772111660227172,0.0,-0.00010334180572124652
2026-05-15 00:00:00-04:00,0.002801498326585273,0.7662763713559917,0.1631463400788627,0.013559319111598191,0.6432840569457122,0.04402539219528839,0.15177415262179778,0.1236534270467195,1.0617966107211139,0.010971877867746133,0.12002956781476373,0.511240543139558,0.40255156616747373,1.0244574436075005,0.006598350264697869,0.033670668158904765,-0.03290849184272826,-0.27465880833111217,0.08861420744574929,0.0019517457050267457,0.01820242084545054
2026-05-18 00:00:00-04:00,0.0028747586203924785,0.7724904621455131,0.21803292506614233,0.025927828759262334,0.4194166197998217,-0.05196125335299249,0.07385614445489268,-0.010881929080705286,1.0850897557825998,0.013783909791061618,0.12355220126523725,0.5402903891853372,0.4197863370688382,0.9937101077370396,0.0068525835312935705,0.012355235806933762,-0.018167285783002522,-0.2401830218749533,0.14271382320236511,0.007216463383940123,0.024784179400704875
2026-05-19 00:00:00-04:00,0.003297959108500963,0.7659149342741189,0.7350651068042958,0.02290149899279222,0.0069181217048736665,0.6194206212352007,0.7209087123968095,0.2942856709872023,1.0110295423792035,0.014411090128031045,0.14024463441186621,0.5332324975527216,0.40725241249282645,0.9229077691558222,0.012456175718546148,0.007465374555123565,-0.0007275185775607404,0.019749595459602122,0.16951432599242844,0.004439088268905855,-0.020220041584254722
2026-05-20 00:00:00-04:00,0.0033190044374458547,0.6281589853249355,0.9155985891230942,0.027476890242631096,0.4155414766143443,0.7349372200117039,-0.008280919010634545,0.4925731328318949,1.0318944919163147,0.015324723048778117,0.18800857191382145,0.5400085121161293,0.4097902936837684,0.8934249295621887,0.022366419220660294,0.008077820672641156,-0.010924821517670573,0.329237135622084,0.4134022645384136,0.007254255663951866,-0.012746631380527118
2026-05-21 00:00:00-04:00,0.010102050339537995,0.660349947836711,0.5929950082617973,0.024551671304002272,0.5458068797285198,0.6961524119912029,0.4243471442721324,0.5865086984172116,1.0742906524647728,0.013548651565891103,0.30294275084507255,0.5600673591111806,0.4186868598587252,0.9078789242743854,0.017883724941745206,0.005518151608640495,0.007711800465310931,0.44945182202022804,0.49392438685075973,0.0033096060602374705,0.0035864941072396572
2026-05-22 00:00:00-04:00,0.01919672623795378,0.613032255264128,0.048685949141613706,0.017060595895683733,0.571166267584145,0.5295745484482,0.3621420099257791,0.4211692119993912,1.0728739551958908,0.01280713029391112,0.5491994340436527,0.5664272047473701,0.42733986198790364,0.9087086983209899,0.01609634646324661,9.309220000465763e-05,0.003038059014204266,0.31143500701223986,0.4266188842548689,0.009249758454788263,-0.03461299322614131
2026-05-26 00:00:00-04:00,0.010124033116122534,0.6564546899505855,0.2793296042293433,0.029627772322449213,0.44215809882328916,-0.037659792572253575,-0.35756665543246,0.12630405133405534,1.12838369762882,0.015338276674364685,0.2536884115623673,0.568067489149091,0.4233852829589989,0.9084345291354989,0.013668894580239331,0.007112945293766435,-0.10778497228607625,-0.32703136300625846,0.29626279334021505,0.002326847059116833,-0.020200999346854376
2026-05-27 00:00:00-04:00,0.005737357119447597,0.6790737649646761,0.8735467900154378,0.021928864222444926,0.044081922052195695,-0.1245655845813197,-0.8411559343263085,-0.06867766969711489,1.1577308288414085,0.03326999839324893,0.2787101680183743,0.5752425777444585,0.4127353576658179,0.8906460632637971,0.02481689670207138,0.0945613492905347,-0.09230010244457322,-0.26573354856508874,0.24531406919068383,0.001064492990443129,0.010254769824638466
2026-05-28 00:00:00-04:00,0.007248181667675649,0.784650462657877,0.8750731176845365,0.019139771820396823,0.07454715822070011,-0.3971143121085565,-0.5888378857886231,-0.18137291073941114,1.1406976088113208,0.04988723095109055,0.2562666304709824,0.5839802701332109,0.4160827228025287,0.8802890559409496,0.027920782772740745,0.25849646269850973,-0.08901322383512615,-0.2886545154503581,0.1599587684643154,0.010215020948840761,-0.006517755627300614
2026-05-29 00:00:00-04:00,0.010861145486123488,0.7407861763913045,0.7769001135802251,0.018224438357696982,0.3841790489342259,-0.8319692222893752,-0.6189838260352518,-0.4490265421913665,1.1257469276784808,0.03836253199789164,0.25339646637655516,0.590499808792341,0.37342921181514505,0.8895133947284887,0.025659553314547688,0.2749101871133957,-0.08316070170934815,-0.2843616082727339,-0.20080949148162075,0.0062880097599005026,-0.00957199975037748
2026-06-01 00:00:00-04:00,0.01396488729755992,0.5812647245553156,0.646635174869322,0.017399680105280493,0.6236577494993959,-0.7758505415344851,-0.4384311258576908,-0.45475854660992815,1.1513601805050602,0.028999152579886157,0.4246195184020742,0.607583121155232,0.36510521152394804,0.8936721701460771,0.023230392907065668,0.2652287509887631,-0.06475073334538449,-0.21848841173350375,-0.3737255001750567,0.0032261041967414426,-0.005972412503269187
2026-06-02 00:00:00-04:00,0.0031850771013986435,0.37388626772852757,0.5885293151662259,0.013196630518642186,0.8512006289675085,0.17120385326535129,0.30083447866177104,-0.43565465275195386,1.160123756201959,0.014205976738060316,0.3227670048073322,0.6185670540132887,0.36387181369370647,0.8853040420260793,0.010311950090081788,0.29659173133214944,-0.062304679912037336,-0.20407027424428245,-0.4045408884506746,0.002126727992496386,-0.005134373159325523
2026-06-03 00:00:00-04:00,0.0024791993558422455,0.252987323970977,0.5465754092604189,0.018043435138204857,0.9025475039113396,0.09470629474517656,0.18573245666546517,-0.4398139270985281,1.1773530671726513,0.010258142916917823,0.24865922411580257,0.6285183616787913,0.351743980459066,0.8935807550713112,0.00868902915635888,0.3077805485006974,-0.08089719988685848,-0.43940283697730553,-0.4687009333588056,0.003043464992357511,0.025584725520901408
2026-06-04 00:00:00-04:00,0.00010957880509932465,0.4726007032870601,0.9878883902564732,0.026163102677286734,0.8800879567306026,-0.14634859278287798,-0.43337647403281776,-0.4969933878919475,1.1139269881624747,0.009287172009553613,0.444951063321877,0.6340189827158094,0.3517907108150176,0.8961483733151431,0.011036837237306743,0.33169865825846634,-0.13301785725903792,-0.5158897421802011,-0.4287118002892376,0.0,-0.014239856593135314
2026-06-05 00:00:00-04:00,0.008137248465207674,0.4702652614887327,0.0008590915170118066,0.024661099958835062,0.6477679979587487,-0.10527356110179355,-0.5388167001049439,-0.7327589954610833,1.1722307308068338,0.01891372346037985,0.32567507187172506,0.6448414749980624,0.34439087532330664,0.8960645441983709,0.010546833327494452,0.37084510317221026,-0.15230430116751914,-0.6165133668967343,-0.46826624807563155,0.0005338214234574078,-0.017921129922252366
2026-06-08 00:00:00-04:00,0.0059639098335784475,0.44560093284034014,0.1088269413567072,0.021288140447152035,0.5021723217078825,-0.707667767581658,-0.7555432667470207,-0.6625084021409852,1.1853769763914033,0.01896013726166668,0.16053440679007713,0.6429594631367972,0.33743006875477294,0.8846641667196197,0.009647349035659239,0.41749281386409764,-0.14757087712315925,-0.5497282692826738,-0.4902354051873916,0.001194749763399342,-0.01813755336989975
2026-06-09 00:00:00-04:00,0.011048826981393842,0.33976302717183265,0.030221440487408328,0.021890916065160502,0.5048819679348268,-0.785059396470418,-0.7880610956888174,-0.21924999731939707,1.1982050435040763,0.007791133685364991,0.1508030047596024,0.6461273050033299,0.30292770848258155,0.8675625882791209,0.012703399427406562,0.5376913109341355,-0.16106439664003108,-0.3071313590484517,-0.5432307238990658,0.004710656357935795,-0.0024780677088948044
2026-06-10 00:00:00-04:00,0.014254277911713908,0.4600154668777677,0.4737108315257361,0.020239265933324594,0.5201723171532008,-0.40992696133717715,-0.8022888383537643,-0.03365137467614554,1.2089261322159293,0.010561867203986063,0.2244554217093512,0.6534346617629628,0.3210269674392196,0.877295821745398,0.01961089094976232,0.6311021854827374,-0.17217622519257444,-0.3917740614379176,-0.4949339292036241,0.0010063327472158814,-0.016711830301099462
2026-06-11 00:00:00-04:00,0.0015401877474353314,0.4634202569007602,0.9614426612251074,0.02598277801158779,0.6720701731251392,-0.40649634303446247,-0.7185590665716218,0.09750991314664864,1.2145197449051768,0.010560533761309727,0.17153626436399577,0.6576773298339649,0.3082398044498313,0.870195576001171,0.024017612251890433,0.7203636509657546,-0.18470098826335715,-0.4617784318571039,-0.4706086099648363,0.0031631133067696196,0.019522307576030684
2026-06-12 00:00:00-04:00,0.001391763734790812,0.45220017292355175,0.9575469419833758,0.0268717993648012,0.7088779152402692,0.19189746046141232,-0.3353217817865488,0.1588987018366809,1.1814109130595398,0.01254626395629378,0.13354134998395842,0.6663840938935456,0.3207987804392756,0.8619338032227589,0.021548965442504252,0.8278791697005262,-0.17950244728575968,-0.45270942170253653,-0.4617550563412522,0.0,-0.009912097931050301
2026-06-15 00:00:00-04:00,0.007084360965954268,0.4915363096027128,0.4418916293373579,0.02947585299761074,0.6669424030225386,-0.03190288654070514,-0.42705288275359626,-0.32323726973787,1.2207173102146158,0.013576550176152141,0.12340123130640437,0.6744124698220445,0.29018828751231307,0.8109838182063376,0.01347573158736564,0.8599514646842378,-0.2664812428841937,-0.6235120000339048,-0.4624126040638635,0.0005734952443820904,0.005233128395624176
2026-06-16 00:00:00-04:00,0.0042921048273975955,0.6034988143727218,0.11057280673962687,0.024250688190252105,0.6921522598243913,0.055413402592131414,-0.3491494552096943,-0.2030107575270809,1.2072754010799702,0.012990004053054578,0.19907256474743662,0.6756360353988772,0.2438835751808393,0.8274759650576259,0.008287200409075227,0.8885886265064633,-0.27151230289961004,-0.6419159363283365,-0.3931737374344704,0.0038892283803708023,-0.010185578884598367
2026-06-17 00:00:00-04:00,0.004086763548595618,0.39023258454845267,0.009716416241463273,0.01793465476815813,0.6651054422418472,-0.45207970306386075,-0.542707827997888,-0.23962167006271703,1.2233354789933741,0.01391600128386806,0.120378783592728,0.6760374908687955,0.16261101943620074,0.8196887193478303,0.007703018843337824,0.8713228132078514,-0.2720154891129742,-0.6710123387510404,-0.34457657760407445,0.004455099218296525,-0.005488150822788196
2026-06-18 00:00:00-04:00,0.004203675350102044,0.392550807428114,0.006246116290943457,0.023847674530488604,0.6976711048293249,-0.6050890887282604,-0.5581525386535994,-0.4959796682513863,1.2535133950793276,0.013122299388374002,0.21670167622456799,0.6762816974619729,0.01978545658173876,0.8241536338396073,0.007820259745561971,0.8707588149749027,-0.25903232468478654,-0.33516949265495377,-0.4604768097828195,0.006993815659415127,0.016785443920555698
2026-06-22 00:00:00-04:00,0.0008851213430815374,0.507590685170694,0.8056417491144638,0.020596303698209226,0.6485772738259179,-0.6837435513342879,-0.776377088935741,-0.32122327715548593,1.280361447529281,0.008763294508157916,0.30661479253292095,0.6739717165905827,-0.08150066218423375,0.8069612748108272,0.00804694937239237,0.8658068800818933,-0.23756603669592483,-0.4477073050800682,-0.5825768391635138,0.0033256111958918618,0.00327907009237971
2026-06-23 00:00:00-04:00,0.0033793882888930203,0.6660351100675586,0.005931462292672083,0.02084748870915784,0.36030695459757567,-0.584492123363889,-0.7901454485464764,-0.3805460881716993,1.244026004615865,0.006547648322377652,0.3629191690590614,0.673730546369657,-0.12260542427661383,0.8117382000794089,0.006941148890967565,0.8229082739828848,-0.2232140242884126,-0.5358504011934844,-0.5289153504475893,0.014424233034763284,-0.0014651535569677465
2026-06-24 00:00:00-04:00,0.004245532073599539,0.7686806411084934,0.13521842530864633,0.016200493828959515,0.019011125512752015,-0.6543136471520732,-0.6898806273521213,-0.4231429401017521,1.273337361530715,0.0049091171836764475,0.5327060048270397,0.6685133128103511,-0.19775012285785004,0.8370638736310427,0.008347409394762924,0.7931612052621548,-0.1957313990865621,-0.4755221003748008,-0.2070945099001076,0.0046611645859738655,-0.0018058452175984119
2026-06-25 00:00:00-04:00,0.0017659325129010333,1.0187888066205348,0.6739869629462228,0.015177009133738886,0.03061038630776883,-0.6814182429046962,-0.6686742536153665,-0.5033589685149101,1.2526006964118637,0.00462764288362874,0.4313589891704454,0.6748189550936653,-0.22094797993850615,0.8592487611092168,0.008776087020240108,0.7270417470340814,-0.20151623706034438,-0.5262743456436401,-0.19609412695384024,0.0033042764602753297,0.00033915429602537905
2026-06-26 00:00:00-04:00,0.0024463358918263537,1.4263937871575274,0.4656398953270524,0.03165133168084217,0.16200314680540345,-0.7807823625435751,-0.5154350194916036,-0.3868525191050595,1.233413122087899,0.0039048215751250615,0.29337735991504443,0.6797351556152834,-0.25302662751411864,0.8856763719404976,0.008066752826999908,0.6790950254808605,-0.18813072153158947,-0.5598777642436091,-0.18636640616894562,0.003379173866667989,-0.0105120404501311
2026-06-29 00:00:00-04:00,0.00013451345436480834,1.1456446012558097,0.0819971710146358,0.01867413260129026,0.05414833968249,-0.27530085894624073,0.15296217668526446,-0.6007266779481448,1.203936550711682,0.0033449836774496144,0.18920767403257,0.6832105316351723,-0.3198894051297041,0.881556845190207,0.0014508192705701035,0.5994268395788044,-0.20568045214470299,-0.53267318200834,-0.19375929095622904,0.0027812777473875568,0.04169525662929119
2026-06-30 00:00:00-04:00,0.0005566062749711751,1.6410967741432356,0.7116214833956429,0.05745367484869398,0.05617202052307412,0.7289410258856907,0.7870166188840979,0.30405529365387574,1.1324209410698056,0.0031889224934310545,0.22548519847955115,0.6811250017361389,-0.35039881809976825,1.1328733372190614,0.00515910915322921,0.5539568107291621,-0.10431097705662423,0.20577549181467583,-0.20501290110235762,0.0034562898258575733,-0.017765144800882426
2026-07-01 00:00:00-04:00,0.01272882182725145,1.3536378535714553,0.24209201560325136,0.026382087601152085,0.2911039707046461,0.6643696192584794,0.8544500402400419,0.24670751324871068,1.1491293277080858,0.009108520783601392,0.46412945752259144,0.6603365473888168,-0.36452924025406486,1.1070469975975212,0.015355370904819504,0.28022110707507086,-0.07144584373734346,0.39090569595427194,-0.17528952313258747,0.0007662801969728206,0.012839154739008318
2026-07-02 00:00:00-04:00,0.011742181729132087,1.2129077775579726,0.31639961124969745,0.01436518087186823,0.43993114697075003,0.33320242588141397,0.7881519447389427,0.045662450767336105,1.1168127684998728,0.007823069751870753,0.5354774047122327,0.6485685423072451,-0.3765161882717637,1.1133761228655905,0.015430409642813064,0.16645318479248503,-0.07657791798862229,0.4115234216061677,-0.16601271678835072,0.0,-0.020171934674570013
2026-07-06 00:00:00-04:00,0.011155387272217744,0.9829559836353382,0.4608887717414319,0.01893572708731413,0.5109058424524655,0.28705808008636224,0.7406673118169733,-0.004956187903152356,1.1203477918792093,0.008345256011138325,0.4719113309791555,0.6305916175298556,-0.4000805786142881,1.113853716478726,0.017109306542320846,0.04914552006260326,-0.07456226361050636,0.49879624146643664,-0.19261329739038363,0.001280172118729421,0.0075373385051853425
2026-07-07 00:00:00-04:00,0.017829890704383528,1.045993692036287,0.05830286421997718,0.01816138085887474,0.24313987536539933,0.3524695135027027,0.7269015470605141,0.2928631212183836,1.104308345521207,0.009517056226324894,0.5338101319689755,0.6273504598763124,-0.429300785060794,1.1120692243825718,0.016304872647141228,0.00011473851767610169,-0.08299884728339735,0.6079615403677483,-0.011764320229535599,0.008520118081135394,0.006029462402930452
2026-07-08 00:00:00-04:00,0.004394816156427846,0.43225999226062123,0.4380105005777095,0.02325579626965699,0.21228540623137312,0.6245233638063391,0.3040681673108191,0.36967801550940965,1.0920635199178674,0.009621802215070063,0.4015738380145091,0.6218108987496538,-0.44067371229062385,1.1053950632043879,0.010447192598037927,0.11057160781631047,-0.07783217021765779,0.6266647101887466,0.06634769373941767,0.017718697896433117,-0.012541551460091616
2026-07-09 00:00:00-04:00,0.004176046528619077,0.4229615831280208,0.0005348834181577574,0.01724520852884421,0.25796329212369956,-0.4210387539729779,-0.44408582194668317,0.33036287839150263,1.0924153317611918,0.009577635071803163,0.1426345598639054,0.6136457358831373,-0.45300519901615277,1.0952221535992652,0.007684803630163324,0.34584311745889,-0.08218570184722905,0.5979474513283635,0.12511137180736967,0.005246135058768188,-0.01933240578365869
2026-07-10 00:00:00-04:00,0.00426334624951194,0.5774679085343648,0.21891825571505638,0.04562885616831579,0.11452899320205595,-0.7737845033513484,-0.23795213156783845,-0.0052533666252744015,1.0901405680322922,0.01125004226539339,0.1937326318168393,0.6178362159375843,-0.4771730887629617,1.095158773580939,0.00886951918205576,0.3763329414000548,-0.0775445615384901,0.5221478534387233,0.01047437553083826,0.025549908072897552,-0.0017191640831849542
2026-07-13 00:00:00-04:00,0.007054789044569348,0.8416162156976225,0.3264007418473716,0.020468649012963636,0.014248974791951608,-0.4428719444735983,-0.2710027538822752,-0.0040502379341801524,1.0961263341443583,0.016402595555972878,0.27699817773561747,0.6442686810163563,-0.48733245725351715,1.098122563618421,0.012296679877464045,0.2191453552075094,-0.07255651745355667,0.5004447761205383,0.009973736520248093,0.004960346201123541,0.008151519480065206
2026-07-14 00:00:00-04:00,0.003042038368403224,0.8213661783879829,0.8179585048638448,0.025602706849663613,0.21092683670885423,-0.2748342694916205,-0.3173904493271531,0.08098913701545937,1.102092302775985,0.01638295885055813,0.3249600535810296,0.6665419555842955,-0.48301435189806813,1.1015913486904287,0.015469664449269385,0.05184703391893084,-0.06933050505795103,0.4583966733740911,-0.028187290394147472,0.014580903160908194,-0.002049875287307712
2026-07-15 00:00:00-04:00,0.005210429901781797,0.9574876168143519,0.6443089053707984,0.03332958249541317,0.7126320532908588,0.0856473986634332,-0.7484605313981972,0.177271185379014,1.0868878689112713,0.005727392369362082,0.3679632580531762,0.6745988852274942,-0.46709675847742,1.1322879040360965,0.014498718274864873,0.030299510105869194,-0.04054219372355905,-0.061288550887916175,0.019411782675859524,0.00646184900510398,0.006276383337344704
2026-07-16 00:00:00-04:00,0.003899104006845355,1.1778727036379402,0.20627180491351876,0.014888028075894968,0.6413654799040972,-0.013151492965439715,-0.5032888447790538,-0.25693001943301347,1.076163407420186,0.0057445525235779666,0.38304489177408346,0.6930893535211011,-0.4799358000053759,1.1256829394531136,0.008369840739963278,0.0021961652770415316,-0.04511805650755462,-0.42338194606059965,0.029746894400243598,0.005227856525065955,-0.0005670689359984493
2026-07-17 00:00:00-04:00,0.00041170637612600173,0.7364067999256687,0.757855742146161,0.026087388638048208,0.5788536190069901,-0.20824346552579936,-0.06963376854967705,-0.28547868374789237,1.0631268513135073,0.006506046812201036,0.23695984650602675,0.7101439981128514,-0.49084020889141244,1.1544272131898277,0.00492550279413192,7.537847786662359e-07,-0.023604117729067373,-0.19865452761058444,-0.0053023991815129585,0.005127273074297925,-0.01338928801221484
2026-07-20 00:00:00-04:00,0.0004054077532261411,0.7325180185040309,0.7690655115392301,0.0208276381747066,0.3607775284529625,0.2831431153491473,0.37232515000625926,-0.018614986869444097,1.1015611131673535,0.006475324370596792,0.30230852235196504,0.7371739638553095,-0.49262431400334133,1.165983215217091,0.005038747250417052,0.015499882375720172,0.010884513255118708,0.041178743837853055,0.029509632574569712,0.006119042691168414,0.01874645754254689
2026-07-21 00:00:00-04:00,0.0018806802078709765,0.7727530399290793,0.150833183159391,0.02011494252873564,0.4607414092805726,-0.01005614034164783,0.13839161517399473,-0.04071530027842399,1.0806174914017557,0.006172216192358472,0.409133278811989,0.750417827354338,-0.48670016688062584,1.1383350452292496,0.0056072363360950665,0.1425555024042321,-0.002746705852252165,-0.06448207002192737,0.16683738464203288,0.0,0.05181752148575458
2026-07-22 00:00:00-04:00,0.0032519757635822255,1.231300879263995,0.02861209716600023,0.03563945111795509,0.15069746784493035,0.4593748256565049,0.5738856275639888,0.2375029848765239,1.0288746743360226,0.0075530384563904426,0.24661523870324578,0.7538086891442042,-0.471463857639717,1.1717226152740152,0.006721945636849204,0.15541780068347888,0.09573632136196676,0.41688238302430003,0.24895751009818948,0.0049652097746832385,-0.015455580282008996
2026-07-23 00:00:00-04:00,0.02669795046612626,1.0604870313036898,0.4689597543492945,0.03014108345885925,0.23714171439641968,0.4186276765567944,0.6132327317644677,0.2073441478324299,1.0435091867667716,0.024206653252949135,0.28316410139335,0.7118912496496307,-0.46229589723723613,1.143401609056763,0.026252778664959443,0.0016012377412197318,0.10638824667788006,0.4867727743243463,0.23994332488958764,0.00267208215608871,-0.0022893494753348786
2026-07-24 00:00:00-04:00,0.020491445465396985,1.039406457678031,0.6562599797747487,0.020688947881533026,0.5499163666916315,0.27261005985784487,0.8884132504421741,0.11958258890288073,1.0530718163405461,0.019266274903022088,0.3344568336108186,0.6867203892172705,-0.46310811430071364,1.149627508411509,0.028619957046022396,0.009148985574442086,0.11210240632554413,0.6209309945239793,0.17557279821796576,0.0007582289325781049,-0.011035830134830671
2026-07-27 00:00:00-04:00,0.02373582339997231,1.0283154388360622,0.5829435880329358,0.022529383507868986,0.6230455678359786,0.7345837273030825,0.6796520594809244,0.3707100710648638,1.1090807300281358,0.01814911503872218,0.18843456321333266,0.658533107828499,-0.45881863501349285,1.131147436466401,0.028119798251020768,0.03335449487070445,0.0225729667350896,0.5356976689932229,0.16971941078221126,0.003265161740594752,-0.02198655973634711
2026-07-28 00:00:00-04:00,0.024858005130312454,0.8842365241285147,0.04226214843639765,0.039080946789481555,0.5496854678735299,0.3357715431291335,0.7659916914489409,0.338044926954437,1.1470394905976233,0.020632177117592108,0.18023119503684806,0.6244689145031868,-0.5300821668725385,1.1173956399151135,0.01920192857345614,0.04391020998182151,0.027021047428869734,0.47964935681360826,0.16714598448246873,0.00461703570314509,0.04450975925937639
2026-07-29 00:00:00-04:00,0.001709740123131193,0.9374975755757601,0.932966810105981,0.04697694364759563,0.28182542881918915,0.10838565008778053,0.34870691608849336,0.46211120384303167,1.0763371825987227,0.030086638966824442,0.15871513717023786,0.6047590028845402,-0.5443817288080777,1.1862972780645828,0.018625112154620652,0.007378875419232174,0.035190500642343164,0.47043817087096146,0.2869194623604941,0.03479770530774731,-0.00043265531574565586
2026-07-30 00:00:00-04:00,0.01952075679118849,1.154901713152562,0.025468644173270383,0.03217420972000283,0.31857450285606664,-0.21982946627076227,0.1491060828891134,0.25158019320775477,1.0837938237548361,0.030764861407531173,0.38047352734589185,0.5470719978171259,-0.5396229356935235,1.1948485221761718,0.01650909151797947,0.10475579466128586,0.036320650519274134,0.4444079069154492,0.11319020469210123,0.018632881228399477,0.01742050233823833
2026-07-31 00:00:00-04:00,0.019801658078510056,0.9919868293675819,0.13054733985311495,0.022864924250422407,0.33301727673294806,-0.44646229035609536,0.11519330517873959,-0.0004467395215608174,1.054560184212105,0.03027284848985074,0.43040287600132343,0.4878374374998068,-0.5266950163684351,1.181033751107723,0.017452205740152917,0.19803274953237013,0.03103841304939863,0.5519059451101009,-0.007735754574450716,0.004756783150338196,0.006700054158424118
2026-08-03 00:00:00-04:00,0.012648149155455726,1.0683928145948973,0.6652527511723174,0.018489060481131078,0.3725551389312839,-0.48200131783031386,0.25171899692587996,0.1347032482558254,1.0178248461183323,0.03128984391771589,0.3434465548841177,0.4094187684166887,-0.5004413869427301,1.2052023581347369,0.022404097340345593,0.38903993393432884,0.06939730506008492,0.48741383118661036,-0.014543785248281614,0.0036128356718739445,-0.016796968307762894
2026-08-04 00:00:00-04:00,0.007773287260318555,1.270484209603784,0.8405425125228919,0.02517207789303276,0.3309662994254664,-0.46571836415010587,0.7106387404787148,-0.07758822392064031,1.0404465010690236,0.02765880712276263,0.5909527260683382,0.3363630465715376,-0.5092187058195067,1.191682894594129,0.025664379324855963,0.4908977874073219,0.08871804127959781,0.5931584873108324,-0.1269182422807965,0.01409205649199006,-0.024175372327502775
2026-08-05 00:00:00-04:00,0.005941675874399212,0.5839100483686656,0.30606492578496647,0.03654361719689252,0.18739099452948238,0.16135962993778155,0.20920264140596667,-0.22145202394553418,1.0500248164709365,0.02516596937874963,0.5827530794477752,0.28287286802090267,-0.50244999896398,1.1802839093694977,0.010888298965359934,0.582711119543601,0.0760076978855903,0.25886408125471716,-0.14875957052382738,0.0032103056346162386,0.012552241143249487
2026-08-06 00:00:00-04:00,0.015521502815064193,0.328758624426168,0.19422057244070726,0.019796561589449348,0.1678079628786073,0.7393210125767173,0.35494919415964826,-0.2708307108838233,1.045222777045346,0.025860940792344307,0.23853091842873012,0.25829303237022033,-0.4857027769436052,1.173977790114248,0.016229870511820815,0.6133662499957311,0.0723577484464175,0.21150715187616068,-0.19446526668727318,0.009681919292826703,0.009569419122779976
2026-08-07 00:00:00-04:00,0.0069488635179646594,0.4062650306910079,0.6624352191040399,0.024212031427546105,0.14533071563312588,0.7378556771325854,0.3751752832494018,-0.30092169983968176,1.0324247144791305,0.02624854598573915,0.26019963740358204,0.22035024488076788,-0.46906503670983973,1.166224536697817,0.01669807822955572,0.6305435170461399,0.0727666146152807,0.2052776649448796,-0.23379263296159225,0.0009816115703853688,0.0508401460939607
2026-08-10 00:00:00-04:00,0.011858550376011126,0.8258837678402409,0.2793922763039551,0.04530463216143162,0.1624970530025438,0.7041567065685367,0.7825401870853007,-0.2289572021931228,0.9745285506681765,0.02474049806705571,0.18681253045259874,0.17799187134065556,-0.45522142087309864,1.1404461199279352,0.014564184837014665,0.6079785316313938,0.11155985180798422,0.5030613946572372,-0.14660559889372315,0.007444400269377729,0.006970095860157954
2026-08-11 00:00:00-04:00,0.02882845943255653,0.9450629899980284,0.4592789554761644,0.024002424752952577,0.2959160402942606,0.5686883336639789,0.6446348641213993,-0.2684123785949484,0.9843240572976698,0.03626026778586218,0.148599981880025,0.10774296179047228,-0.4564287911390174,1.1491207838133641,0.02612375676187341,0.6213825586488071,0.10760650516828861,0.6479177369559439,-0.224971937630031,0.009744558098870091,-0.019951150085553482
2026-08-12 00:00:00-04:00,0.008441517535216766,1.0038807031855128,0.9108702525985817,0.020454080844429783,0.2992183518167887,0.4354502616817254,0.7918481941049006,-0.0867998813170802,1.0042584464622266,0.037668785406583125,0.17135425258640272,0.048638376200003594,-0.45097904624509083,1.1267643093962183,0.035171153675457575,0.6480103323663733,0.11283696906073516,0.5430200882253184,-0.30180519458288524,0.0014317794170197926,-0.010710009991831915
2026-08-13 00:00:00-04:00,0.025417707310127075,1.0464142842190158,0.6181316646194683,0.013200971251146547,0.34579445540704756,0.5024232406928858,0.8201700687469323,0.08678804016042006,1.0336083369587998,0.03749150624857624,0.22351479714167397,0.017949535681735303,-0.4484215157320445,1.135325133260358,0.029644030016727226,0.6508071203429857,0.12049791011425226,0.6534545549327248,-0.3816686752773556,0.004963578082004589,0.0010561731495435378
2026-08-14 00:00:00-04:00,0.035074686451673796,1.1824453557212566,0.06924521972777778,0.013311017961581652,0.27893309058061283,0.528961292795085,0.8214713793851992,0.08895914270557284,1.0581079262310467,0.039174292949443364,0.29731484199649566,0.0017031669147499838,-0.44192700528750595,1.1672292405354812,0.022293379963291757,0.6278223982913818,0.0985315113925907,0.6624034659140132,-0.4430281517249173,0.003773195645463716,-0.006383158211975326
2026-08-17 00:00:00-04:00,0.0033328002960463397,0.6714881205261374,0.7757485243551647,0.021177466627458712,0.30176604708304017,0.42150348505184215,-0.1888001582941457,0.11944111463427491,1.0433729546053676,0.03847302973082775,0.19586651953781695,0.0067950988805748225,-0.4626128832184423,1.1902263700748057,0.01404507866105303,0.5917813342778686,0.09891057227167468,0.4181394739710537,-0.36654228728796695,0.016359654366786124,0.013538559651372406
2026-08-18 00:00:00-04:00,0.0028535068429839886,0.6102863671669964,0.8201908169796231,0.01469964224995994,0.31748935721672383,0.16705876851137588,-0.2264049522454783,0.1271690512111105,1.016314035960227,0.03711500891600208,0.17080208475755565,0.03757691877480909,-0.5139155514785543,1.1893272944834106,0.014416192484979398,0.5132051053451464,0.07469872397818285,0.27279469794192457,-0.4153966538681623,0.009134766240040294,0.006076499210043718
2026-08-19 00:00:00-04:00,0.0029555374605806464,0.5766138171132058,0.06768426382829791,0.012436254973120456,0.2891481645506611,-0.39180198574931235,-0.5068208775279055,0.060226043998002514,1.0137986933023084,0.03750744603228605,0.209815520375385,0.09484857804823055,-0.5208753640693028,1.1856782956368663,0.006423744689848603,0.471895736200371,0.07602112089227288,0.30408557742588105,-0.5323268094750458,0.001769155743825105,0.00041654603806962065
2026-08-20 00:00:00-04:00,0.001991221895503353,0.8663344394867585,0.5428271273923005,0.036604290652875474,0.14427248555123687,-0.04588630623011478,-0.8196425877162259,0.2530696376004674,0.9783005787682375,0.030035212940727345,0.16915754965107294,0.1891952670226832,-0.47726736130913533,1.226368832948691,0.007528019148212391,0.5616730945316704,0.18856092519076326,0.24375230812933152,-0.5369782348437853,0.02409266728479162,0.0002081465923797765
2026-08-21 00:00:00-04:00,0.0014931646034599838,0.8924936023215367,0.7327467487859094,0.024767152586533996,0.02090222489745755,0.26329254949333564,-0.8803943508814612,0.30837520718680944,0.9583384545318557,0.020996462103579947,0.22997246303265217,0.2655627273950913,-0.4371391563000718,1.2571114784817807,0.008525272361469468,0.5817949377313996,0.17628324454071076,0.17943978604005567,-0.403093848737409,0.0058281804784095686,0.002497715707263648
2026-08-24 00:00:00-04:00,0.0014780990372249027,0.9903123114197072,0.7355563607374447,0.02549167164788079,0.07445405971059424,0.2407731527603395,-0.7432282973125458,0.3574420012065339,0.9657538163208055,0.009687399688606631,0.26795135286746263,0.3244312534690795,-0.40823011223997796,1.271127780163816,0.008516466190451344,0.5811959900880007,0.17312843009104673,-0.20920399329384143,-0.3238322225176286,0.017271913969071077,-0.017336220670629454
2026-08-25 00:00:00-04:00,0.00019835420187066266,1.001224323916744,0.7791677000868803,0.01489388073709607,0.002598601919516861,0.6704809403564417,0.5641844467832354,0.3737945547444696,0.9763861140833814,0.0093618101800043,0.6768297904109678,0.39946151230668975,-0.4321858901386672,1.2744717310222142,0.003443984218325564,0.5495216719119013,0.21723093354157066,0.18524785815367906,-0.2663477253118343,0.0009507126758842626,0.02017743459563559
2026-08-26 00:00:00-04:00,0.0024207862193762718,1.0273922070519481,0.34476730821467877,0.03554919621341053,0.12959210267013305,0.5211650116248697,0.6562887305170046,0.467624164632925,0.947913680159379,0.004716845956995345,0.47473231308719993,0.46045014627008096,-0.4702216328392447,1.2653479438647177,0.006915352647966138,0.42774341577433855,0.22197220398191156,0.29258535653373563,-0.0759101277659525,0.002940545848638476,0.014807914566581815
2026-08-27 00:00:00-04:00,0.0045065736956419016,0.6976203160055324,0.008303445948822104,0.029881690552920708,0.393170967066014,0.15087963185677172,0.6014915556033292,0.29976752935428513,0.9285031532754704,0.003987415503219093,0.4809288229629134,0.5188011949897492,-0.48791515563295074,1.257059755568712,0.007613350170340896,0.4150927241955381,0.2164651222812356,0.1978819080758022,0.0786388013199587,0.009753007250458117,0.0016326904296875
2026-08-28 00:00:00-04:00,0.008240882266439214,0.664256314450875,0.28954282234661205,0.018463910326133082,0.5015245178335086,-0.13875986563805962,0.9509824029949282,0.04197512541445537,0.922230155258484,0.005598407342794717,0.6424084825538792,0.5717616254453877,-0.5177226049683352,1.2684848078828532,0.01215361921200135,0.42593490498318404,0.2222180738310429,0.19724927101182813,0.042288782502654075,0.0055443111029497795,0.0
