Date,RESI5,WVMA5,RSQR5,KLEN,RSQR10,CORR5,CORD5,CORR10,ROC60,RESI10,VSTD5,RSQR60,CORR60,WVMA60,STD5,RSQR20,CORD60,CORD10,CORR20,KLOW,Return
2025-05-12 00:00:00-04:00,0.0094163689225518,0.8820743316698759,0.8096128776233721,0.054448267177914,0.8332716543791113,0.6351111812611662,0.6519211477678006,0.7363579108299525,0.8723043276154778,0.0128439287742172,0.3004263161752198,0.4512152919622771,0.0865541744840042,1.7558736502098584,0.0387044336957227,0.4785201077011338,-0.0948197092687161,0.4378975058427531,0.3416312294908665,0.0277102432319258,0.0176883822180573
2025-05-13 00:00:00-04:00,0.0088450908537474,0.8817118852551149,0.9437296170420716,0.0597371586894067,0.799706283336264,0.2263991991089211,0.7634005611918467,0.4961404268269533,0.8726190839494977,0.0332565625514077,0.7250005202148765,0.4886468282995959,0.0626712309154226,1.750170673821203,0.0683977121238372,0.5451802234290798,-0.0954580267518447,0.4190591093808978,0.3157264879926901,0.0131421566813352,-0.0016666594005766
2025-05-14 00:00:00-04:00,0.0070889032912033,1.1004986570079114,0.9591066876213512,0.0576190948486328,0.8775845628798623,-0.3555756542051174,0.836751260442187,0.23978317079758,1.1244932311641025,0.0304374310964291,0.8539598179059672,0.5216539182667291,0.0341326075462311,1.7699517527420114,0.0718879260522342,0.6812928605031842,-0.163167957910561,0.6478755736610378,0.2315273227036911,0.021904809134347,-0.033150474112371
2025-05-15 00:00:00-04:00,0.0180808994329619,1.3893718248769982,0.8566624056013186,0.0513237565309434,0.8974603563434725,-0.333825907736422,0.5759685605680317,0.1568822789366678,1.134681770132408,0.0289081306707517,0.8540870294615404,0.5053442461865255,0.0599252768575271,1.7602545954248607,0.0623653105067678,0.7963486795831842,-0.1686460814148474,0.5565771225490354,0.1756856739915914,0.0191887527486762,-0.002466755958559
2025-05-16 00:00:00-04:00,0.041524003246839,1.5587378057608972,0.3182124398870223,0.0265301271173475,0.8396129259841602,0.1723931710962385,0.6853757444248454,0.0384679875319665,1.1933728971409865,0.040078615359916,0.6444178043028684,0.4987478573857392,0.0950192091006301,1.763068306752046,0.0433884876050823,0.8579121865080108,-0.1818278447273647,0.5605599622109003,0.158470166162865,0.0127097577450731,-0.0410484644852517
2025-05-19 00:00:00-04:00,0.0062458983539667,0.7851564222368017,0.4456086943163469,0.0246631369322035,0.771681867316658,0.2715613099747492,-0.5697493297348406,-0.0111334800339776,1.2988654078755495,0.0546809944378421,0.7931074114357108,0.4837002795892329,0.1428622946833469,1.7602388561051678,0.0190563781252871,0.8867616612648228,-0.1987444582683425,0.554929960170313,0.1154348408042368,0.0063564705914303,0.0361011235159272
2025-05-20 00:00:00-04:00,0.0034185635859251,0.739250268103256,0.9015396023621154,0.0686178283098944,0.5258699545775138,0.5054588660681073,0.2351658815802654,-0.1218231770021523,1.2095569463661922,0.0907736152724122,0.1063280727026441,0.4677482431972492,0.1729433784386065,1.8242275961840049,0.0328655630595596,0.8519250703725352,-0.2362943032313327,0.530892105617513,0.1073239718921738,0.0085094901171993,-0.0393230915643165
2025-05-21 00:00:00-04:00,0.0117345216984331,0.4573737823166963,0.5498854387537275,0.0531968286566456,0.3233904100105752,0.2913981892648198,0.2714291464089282,-0.3351072863439986,1.2476684391503383,0.0874577154135136,0.0782775783416737,0.4505610062489347,0.1499933651392003,1.824718814407784,0.029055779269856,0.8299925286914822,-0.2475803844428177,0.4765159172292137,0.1600310494831479,0.0062437561009907,-0.0196890764657083
2025-05-22 00:00:00-04:00,0.0096496976080421,0.5253642313651198,0.4842132665110828,0.0394270801771849,0.0266142074817262,0.6278451485978768,0.3880845761712808,-0.0998144054828866,1.2309725592817966,0.0751674093017357,0.084005491455035,0.4400135643437644,0.139656074468912,1.863227737405216,0.0248600049092087,0.7636765992016401,-0.2474233046308553,0.4299467510156564,0.2185189516319985,0.0018229086469448,-0.0147991905664067
2025-05-23 00:00:00-04:00,0.0106461503203736,0.4176036515463082,0.5932585759394357,0.0490207014412715,0.1747170507699515,0.7550511749270479,0.1759850825644461,0.5031404644376571,1.2113734261303497,0.0509841607938534,0.2346335536995896,0.4364582915258544,0.1368700030881124,1.909094768284099,0.0296247133205014,0.6799888904360991,-0.2421907508713098,0.605833726243048,0.244090284607194,0.012689629916487,0.0241416726220149
2025-05-27 00:00:00-04:00,0.0103549653622048,0.4478925376331008,0.5905901746306638,0.0295163774118447,0.855705996534826,0.6187919237311426,0.3061913550739594,0.5875649304540201,1.2270821922379602,0.0095381641412827,0.1714580969364657,0.4389706225068163,0.1336150288251411,1.9526825815254731,0.0287761201060429,0.5730956683323402,-0.2361076196512027,-0.1236459362314378,0.1650750803792951,0.0117274923811612,0.0104767292478171
2025-05-28 00:00:00-04:00,0.0103332462356483,0.6151057722553074,0.5867577896129558,0.0289062647459401,0.8569793054221738,0.3639785986158049,0.0536738982969589,0.6639029565324236,1.3040435195831004,0.0093708653612917,0.303159272427761,0.4313117294786401,0.1245826385367688,2.0126089377205134,0.0284636070939191,0.4781240239833947,-0.2229074491126343,0.1236015530125642,0.0591859760855555,0.0156250589837607,0.0005183162809054
2025-05-29 00:00:00-04:00,0.0063094395640385,0.6659433864047307,0.0073369602295587,0.0394466461248869,0.7045898557368019,0.1100311231517519,0.291032367549857,0.5942531524982786,1.2613989780168673,0.0147180500362446,0.1972602444069337,0.410826763228706,0.1133972977083201,2.051836479919653,0.0143468259341091,0.3940844401063059,-0.218408456784609,0.1844475373976138,-0.0251351179143824,0.0234374251888439,-0.0235751265125621
2025-05-30 00:00:00-04:00,0.0022896385648983,1.2053773277366553,0.6482639900591124,0.046347224964962,0.4960952427966089,-0.3394792087881678,-0.5303161540116952,0.0049145617020893,1.286017590522142,0.0150580005853299,0.3079479493974587,0.3937368781891388,0.0845044944676487,2.0296524083124665,0.0146932204654593,0.2871593367366207,-0.2194225290461022,-0.1302445450182846,-0.0026535558939551,0.0264466708000044,-0.0095515205298833
2025-06-02 00:00:00-04:00,0.0062564358234099,1.2294841652061006,0.1163501795602542,0.0445658043391619,0.4211882061893436,-0.2738568924254214,-0.448787853002626,-0.0016401270348111,1.2456468716622675,0.0143213052638525,1.0486816286999836,0.3796618792276488,0.0747571062560055,2.061094733356432,0.0153974712251345,0.1510374333067833,-0.2165458171942144,-0.0994003683659829,-0.0191996454680735,0.0299147861279968,0.0350923518440324
2025-06-03 00:00:00-04:00,0.0029715764407062,1.1610303973130374,0.5388384898371321,0.0632844512229593,0.3435787204001385,-0.558028595254369,-0.5066352833042104,-0.1417657992139509,1.3198757972460728,0.0112159695503805,1.3092626560687004,0.3717815481296074,0.0704706604058038,2.161978680856849,0.0144378783411944,0.0518247109947417,-0.2656351198493151,-0.2219220106439742,-0.0182915573000754,0.0154873649997,0.0305383106577352
2025-06-04 00:00:00-04:00,0.0069192743239239,0.9022865193029536,0.0875900989119504,0.0496894931151823,0.1711255762647332,-0.3347335525634086,-0.372856991565967,-0.0948496349120661,1.33098946273696,0.0135033683934593,0.8972303031284532,0.3458416012855319,0.0315935209028433,2.1947806266557564,0.0154290668307204,0.0085841738074719,-0.2507406220535648,-0.1420063896991185,-0.0313572108676576,0.0075051997957598,-0.0175791252713253
2025-06-05 00:00:00-04:00,0.013356361062698,0.5815868165833971,0.3055020828884103,0.0792380681113591,0.1366785866131699,-0.0563511285511717,-0.4890090263760904,0.1107575263856951,1.3333333658375712,0.0115737110984745,0.3714550531818281,0.310422271971901,-0.0052403858366385,2.1838237056928764,0.0247892958712662,0.005857313024034,-0.2542162801678223,-0.3097558905405355,-0.069890166216664,0.0454602438306051,0.0007669374952279
2025-06-06 00:00:00-04:00,0.0066776361778978,0.7079140327231634,0.6864899791725575,0.0409010827768192,0.3762313836522509,0.1534332905648945,-0.2649683754664474,0.295658801109262,1.2883779479131607,0.0093136018858952,0.3393401750770914,0.2788539626268989,-0.0183098631020635,2.199512928567556,0.0260780298499272,0.0938609060998292,-0.2576435246918756,-0.3734428504724372,0.054179732628116,0.0156054053291118,0.0681991842881639
2025-06-09 00:00:00-04:00,0.0083865874411587,1.46720331302787,0.4918581443825373,0.0666749774713094,0.4240717649970405,0.6175629606443276,-0.8797507508737099,0.5649431154947498,1.1582974409419728,0.0084886621191091,0.4185074675907491,0.2505216419296678,-0.0005011667559574,2.115952593092373,0.0222107461723725,0.2278718055170858,-0.2509372579712894,-0.4622019072997332,0.3352087492408028,0.0178793447359972,-0.0054997499740487
2025-06-10 00:00:00-04:00,0.014586134710835,1.5171543066506104,0.5162998397565359,0.045704709393831,0.4727203680330797,0.3963658209477309,-0.3104581010614101,0.4949537558832218,1.3181053016036863,0.0179909041425089,1.0603377098923217,0.2174789762546657,-0.0061445126534979,2.2188981711451192,0.0301052709319376,0.1583018144127922,-0.2755328694162985,-0.3309636420331573,0.364199912792539,0.0201005057235062,-0.0327001828651577
2025-06-11 00:00:00-04:00,0.0150436823755938,1.3852149882067133,0.5626987466060511,0.0788107614065341,0.6169402149929046,0.1039935655068598,-0.1651383686784204,0.4678046373892105,1.3832961013945215,0.0188466142906762,0.994300670135258,0.1736229201762908,-0.0380778567645377,2.19924844562711,0.0326938984488059,0.025242704245192,-0.2701269829386215,-0.2442799218986288,0.3307918730945135,0.0080226555927033,0.0265970595823858
2025-06-12 00:00:00-04:00,0.0217390740504981,1.4633568126793377,0.3260268208676386,0.0602471216199013,0.6423462916776668,-0.2586122787137316,-0.0220250520587744,0.320683986123785,1.3661016758159366,0.0173936514390135,1.8651115180501583,0.1342559762741093,-0.0464938925289599,2.194641052818654,0.0312449042855691,0.0020816514929152,-0.2753323688756051,-0.2892677150609651,0.3395177446205554,0.0057978208432685,0.0290557090824987
2025-06-13 00:00:00-04:00,0.0198864324721439,1.323095259076156,0.1480578263199729,0.0500000744331172,0.7344564544794278,-0.4377153443657233,0.2707273399743627,0.1735169414408168,1.325411807789522,0.0139530223966833,1.4829531227985562,0.092767043885911,-0.0454534057589883,2.176072810553515,0.026201968642992,0.1185334844210714,-0.2699123871400028,-0.0806812175177719,0.3821853323155941,0.0053658834317833,0.0402352725758272
2025-06-16 00:00:00-04:00,0.0119800560381738,0.4848411423117655,0.0414416009751901,0.0528014101274628,0.7504321514993868,-0.1515799357562631,0.2570914198991347,0.1837051996756626,1.2714318083805305,0.0136137195028288,1.1352284609114065,0.0529930932738472,-0.040990473401149,2.149943823612572,0.0187981404396928,0.3161313586546079,-0.2690127020243145,-0.2351677734204672,0.3584734522237884,0.0186764486636465,-0.0027142939237678
2025-06-17 00:00:00-04:00,0.014875531375217,0.5605519342971863,0.6323361536629534,0.0231516678972653,0.74426108134501,-0.254381962711088,0.0213365798876207,-0.0471575585044864,1.223860260778553,0.0161911650618801,0.2581702975174558,0.0191965821252139,-0.0412967510366561,2.204342745739252,0.0338684824313625,0.5379423009211282,-0.2568633734780087,-0.1815016335645948,0.3448061129581646,0.012548051343428,0.0573825985606937
2025-06-18 00:00:00-04:00,0.0031730110453604,0.6873794580871663,0.9385655677898306,0.057111104329427,0.762774701395913,0.1304707958248107,0.2074824612071426,-0.298728118780995,1.1366366986813763,0.0156155543957918,0.1835017838728068,0.0020485354863931,-0.0971810076222532,2.1757132893440327,0.0372133480152926,0.6318461914751348,-0.259202233125713,-0.1902307755916142,0.3215281865348654,0.003111097547743,-0.0008579386904001
2025-06-20 00:00:00-04:00,0.0050306050296399,0.8800368727047821,0.9273585468110256,0.073435521425193,0.8241871039757478,0.8893406029348476,-0.1693661122566655,-0.3710434576008083,1.1206526129446808,0.0192674006444012,0.1904746774160701,0.0042391722163943,-0.0971474920231423,2.18608111093944,0.0431095117744128,0.7711141623728256,-0.260710045656315,0.0345709965268149,0.3696927494543143,0.0387399643945345,0.0079433000717077
2025-06-23 00:00:00-04:00,0.0061789395167949,1.1241211983168833,0.8850902579725136,0.0527609817365199,0.8421825050468591,0.063901688130331,0.1628656328839336,-0.470767966369534,1.120766732200375,0.0192352757184114,0.5428329422212164,0.0321801943733716,-0.1259108733299528,2.1850137644763645,0.0378369178353486,0.8320714045583844,-0.2603998363959771,0.2302133521465983,0.2550749920156177,0.0119930920737569,0.0083066961301583
2025-06-24 00:00:00-04:00,0.0069408846013929,1.565701166512118,0.7945082830116269,0.0432386795746491,0.8368429179418465,-0.2856683247429378,0.1243757656495483,-0.3826196693584583,1.1170257899803682,0.0189211570606931,0.6421076253974367,0.0942489943217418,-0.0948164322286748,2.1833848135025327,0.0298642168555416,0.8648582267882152,-0.2616415209897764,0.203667127229502,0.1471390835333411,0.0099618740496609,-0.0019011439015166
2025-06-25 00:00:00-04:00,0.0080543001767287,1.5972690179283444,0.7102756891595544,0.0234474145917568,0.9114564603306452,-0.3296100568132278,0.0016356574745138,-0.3258708819340644,1.0364021422371033,0.0117670721087481,0.483619527710864,0.201832708003335,-0.0653787236537074,2.2478697582116123,0.0271191164840424,0.8809253300430538,-0.230306381322727,0.0135208644440594,0.0525860495214158,0.0042247731790199,0.0040211349568037
2025-06-26 00:00:00-04:00,0.000336590611666,0.4749191456788773,0.8363544794349168,0.0554491366531518,0.9110525915777932,-0.5046347365938884,-0.7122026854620639,-0.1401095295239358,1.0035835157791697,0.0117649126231218,0.3390984519151937,0.3186879364302327,-0.0766024393408235,2.259465094634869,0.0073617592511427,0.9057425993291868,-0.241671330148339,-0.078711165956089,0.014639198000558,0.0074604077583993,-0.0061129238875399
2025-06-27 00:00:00-04:00,0.0003386632789904,0.4051641852915609,0.8363524515815364,0.0328181890065804,0.8557742409193284,-0.4097704937339959,-0.4722730629297612,0.1534236644454938,1.0203605313553543,0.013757383373312,0.3298532070527772,0.4483205955605479,-0.049806065392587,2.2594821629677524,0.0074070189139369,0.9287523091983898,-0.2412634626963734,0.0217260562817433,-0.05832033272486,0.0203261255234912,-0.038176097423239
2025-06-30 00:00:00-04:00,0.0005129825705122,1.2067355758840976,0.1769049911992744,0.0425576612537487,0.755886520228195,-0.1831393742568326,0.6090877302790186,-0.0777840195619335,1.0511576576159782,0.0147910784016355,0.2710804424624022,0.6078653380707707,-0.0323579883770133,2.234494756571119,0.0041446960648043,0.936402245417456,-0.2365799315915281,0.1033795419917424,-0.1415090551874806,0.0004233885932714,-0.008599766323498
2025-07-01 00:00:00-04:00,0.0062628233695275,1.1154469489593228,0.5417830448286112,0.0353392046281208,0.2991912406550323,-0.1982854524051504,0.8277853365798421,-0.1405335963841669,0.8509786276829939,0.0230134739400691,0.2427917997268388,0.7826667284729248,-0.0059470577854488,2.334022746029881,0.0194935691869346,0.8798050487595639,-0.0311070534593518,0.1223038223538872,-0.0783369946170568,0.0144420095490969,0.0278024916693493
2025-07-02 00:00:00-04:00,0.0047146192866269,0.7815002843948002,0.8033094326052967,0.0464960352254557,0.0025086313449357,0.1098414163130098,0.7280714926964599,-0.1617418292532331,0.6515905909305467,0.026202045636155,0.1366583083029256,0.8308083096397095,0.0044149515949844,1.5131332790953842,0.0254635279266854,0.795566101520026,0.0511416807151116,0.162376475601795,-0.2028457586655876,0.0078616865503046,0.0043280841138699
2025-07-03 00:00:00-04:00,0.0109270979093561,0.8327429447748536,0.4602606615803449,0.0310228933139394,0.2553557055968586,0.1476926833882126,0.1958388668745024,-0.1447173848553626,0.6783020824334629,0.0104347393624417,0.5628426939404984,0.8307748647169921,0.0452067069196031,1.5703662096837523,0.0233512215353498,0.7450356726055426,0.0714432527481583,0.0583475622443989,-0.4369647708738028,0.004447376627091,-0.0256409961349167
2025-07-07 00:00:00-04:00,0.0132644251648074,0.676874623572054,0.0126551438697456,0.0455027680427738,0.2808973515594857,0.0469131629210032,-0.1373650725657038,-0.100173496332302,0.7153913666705134,0.0103817422276587,0.3277034355154696,0.833406699774203,0.0809381570262545,1.595828354804948,0.0192707893711158,0.6985572268324268,0.0561056925445385,-0.1566498027699802,-0.5672226318081515,0.0027577655875782,0.0210083353073251
2025-07-08 00:00:00-04:00,0.0064916107894902,0.6537911404200191,0.0863379514247707,0.0355593978237201,0.4959219469998059,-0.4348512198966874,-0.322482902003098,-0.1431233766783787,0.7922894364691352,0.0088975882228934,0.303092411825449,0.8343085693423854,0.1117089345439105,1.5426484118796844,0.0138694270846522,0.5856113686649964,0.0728560918795888,-0.082419550711735,-0.5438855146289175,0.0110580731427688,0.0006498287889107
2025-07-09 00:00:00-04:00,0.0065559640120699,0.8325247848833764,0.1189644364553277,0.0239592274030256,0.4211740529814891,-0.4541713282530838,-0.2918411611375794,-0.0472302518636949,0.6726190530253645,0.0098761279590605,0.497664775560764,0.8606376279919749,0.1023424925927562,1.5068371623801915,0.014189123734387,0.499466002160858,0.0331907423600881,-0.0825594797117183,-0.3886195974302974,0.0029271102484755,0.0162337659656843
2025-07-10 00:00:00-04:00,0.0037227579069902,0.8095718141720876,0.0076758108447779,0.0238547834831093,0.247532061918673,-0.3959503993552617,-0.4643420339728772,-0.0012888140149159,0.6809371415088536,0.0108907387041705,0.4448241441794904,0.8586142595253035,0.111491972359503,1.5422442514696848,0.0099940798049158,0.4294740656661314,0.0309052219329522,-0.0580978304879022,-0.2776388257142433,0.0069664732635778,-0.0183173715948139
2025-07-11 00:00:00-04:00,0.0049600270917415,0.6540766855962812,0.2707419211441678,0.0343486740363089,0.0172889042924729,-0.4582636646515561,-0.2916351693862372,0.0378091567241689,0.72792360872181,0.0133640247461477,0.3963369654494859,0.8594030948268832,0.1158559886606282,1.5921381542580015,0.0135816661695794,0.3706085975249572,0.050987410572609,-0.0276341797739815,-0.1979663506827609,0.0057247652712736,-0.0783250292558063
2025-07-14 00:00:00-04:00,0.0041124235636136,1.530214084492335,0.4209693325157304,0.0759578603745615,0.0284089997687659,-0.8898112076941004,-0.849216884270044,-0.5779430708471435,0.782250468463328,0.010466780417494,0.2819602151539111,0.8615518734699953,0.1497673003549548,1.5605521427091804,0.0144564244607046,0.2453682748768881,-0.1244891949850308,-0.6713835275262968,-0.2156757835766508,0.0228545918295391,0.0056497570869362
2025-07-15 00:00:00-04:00,0.032160472242383,1.672047554739541,0.4495383671015103,0.0218458268681789,0.0414458688784939,-0.7676656711928235,-0.8837535222750812,-0.6322862069286304,0.7497658676042916,0.0316970047887375,0.6452218469678332,0.8415701217183822,0.1420214005165463,1.5873972922893609,0.0413463388830422,0.0069396867381018,-0.120356384701522,-0.7533561170839771,-0.2998036315581873,0.0047897624932006,-0.0318352193700891
2025-07-16 00:00:00-04:00,0.0234632091756461,1.401622657155218,0.7291802347358314,0.0622076695936767,0.2541618765379327,-0.6930426012990228,-0.8371577817065404,-0.5121734491110288,0.7565280573931156,0.0391090486919639,0.6617807008316865,0.8182369401876894,0.1418872128726465,1.5775951032706446,0.0511703356575814,0.0919348903787964,-0.121591387438571,-0.7163712977431888,-0.2316477855386121,0.0247895560079387,0.0038684682072287
2025-07-17 00:00:00-04:00,0.0134236644448336,1.4712633718886996,0.883676891698735,0.0294685352908319,0.5737677053784751,-0.5943923063589573,-0.914534020727366,-0.4654523379063975,0.7179672239230026,0.037053959112993,0.6515188867380631,0.7812081609855243,0.1351076647311998,1.6185583410914082,0.0589425439676572,0.3104382300078168,-0.1154487284373623,-0.7986928461272711,-0.1689448762147243,0.0086956665962084,0.0161367572629693
2025-07-18 00:00:00-04:00,0.019494485021012,1.455596083518253,0.719084068391317,0.0347857405627569,0.6871688431947078,-0.4960574875839862,-0.9129771930232258,-0.5076890060912899,0.7020621427676946,0.0328946181875231,0.8927255632092792,0.7433939777109374,0.138756191765425,1.614709538779067,0.0453438037971049,0.5693001454843398,-0.1179195550579698,-0.8045164899106184,-0.0637476315988134,0.0168512457272912,-0.013747286921935
2025-07-21 00:00:00-04:00,0.0052558451663982,0.7550879768652865,0.2246589638291468,0.041458960785721,0.6873122967117029,0.3649740466653619,-0.5381579920098232,-0.4289059547567176,0.7296323038937598,0.0333441873138496,0.6330400984306548,0.7101821906804351,0.1574798269822247,1.6301762796333987,0.0142702322583094,0.6394023554685135,-0.1199832401257354,-0.797142877634683,-0.0627486762380224,0.0254026398823631,-0.006008171024583
2025-07-22 00:00:00-04:00,0.0052291537651456,0.7799246070685375,0.1515855210648205,0.0262587375731705,0.7677345264698628,0.0334561484455704,-0.5350168982122119,-0.3993426234768592,0.7807060067461851,0.0269228508533536,0.1581506510313397,0.6699413977707654,0.1726681494966008,1.6829507089698903,0.0136482323940496,0.7053568392275728,-0.1138372894353441,-0.8298191150216702,-0.0777164640966186,0.0113226027392854,0.0396518221819846
2025-07-23 00:00:00-04:00,0.002179849837916,0.8718867531684195,0.001725327349315,0.0630784234282235,0.7333079099179364,-0.090723386182864,0.0033715766826908,-0.4728567580216398,0.763953452886537,0.0280846401562146,0.1198769638693098,0.6262013634614425,0.1816378400904497,1.6564876707145757,0.0079672609394064,0.7449460566906221,-0.1012607638733633,-0.6931414758623378,-0.0413171178340179,0.0,-0.0218604331792786
2025-07-24 00:00:00-04:00,0.0064385512183079,0.7111903497735294,0.250974156413103,0.034122589559489,0.4716104858702501,-0.02088996172331,0.35604066032148,-0.3318072340318964,0.7672372659087882,0.0447301461593854,0.274503375746742,0.5963302858915761,0.1449725616698742,1.6545214810472155,0.0159832849254356,0.7117736528931886,-0.0864333294547966,-0.6585273597755924,0.0876956954694419,0.0006964390139024,0.009985690804376
2025-07-25 00:00:00-04:00,0.0068927833825836,0.8589919851394106,0.0802221757874232,0.0260122305589402,0.2460815792238172,-0.1745453643791228,0.3555415170238739,-0.2712201886592955,0.7754237048415675,0.0315749253711763,0.5938486836355651,0.5558225004305822,0.1002859023463139,1.6639163333409852,0.0148497315505617,0.7002798489058137,-0.0871295226961842,-0.6990868727603738,0.1638141087679506,0.0230696693219582,-0.013888892630549
2025-07-28 00:00:00-04:00,0.0054825434190771,1.007484616942535,0.3414387970887491,0.0387651326058844,0.0060902276542998,-0.0574733108045914,0.6214825235583474,0.0856266761837529,0.7665314174792364,0.0074970495143707,0.7280048320372261,0.5182669795808437,0.0613851683845846,1.6846411590275523,0.0157613276870188,0.654588759686033,-0.0705620907614314,0.0235515941185065,0.1760937053087765,0.0074280334545748,0.0248269498849489
2025-07-29 00:00:00-04:00,0.0069961290076843,0.8521189663029505,0.0190476784306974,0.0358021899757226,0.0278529233950517,0.0714722530205477,0.6837436038009028,-0.2185897113071654,0.7591427887471675,0.0067905107437627,0.4550221820596564,0.4727375231667408,0.0550290630649925,1.6840443544079209,0.0144105154591387,0.6226647851609937,-0.0612997117590071,0.2994953779566434,0.1072075994532294,0.0137955562295517,0.0107150962311359
2025-07-30 00:00:00-04:00,0.0045516007366806,0.4793137786718827,0.009638230211807,0.0332779067277042,0.4071067681048554,0.5324248093529262,0.649373025297791,-0.3739510454867926,0.7928094494070383,0.0045540285627756,0.3742279120767192,0.4356357386360384,0.0340754913728072,1.726696308839137,0.0115065553366787,0.5845277663527669,-0.0670572762148349,0.3786673460275927,0.0740463447230269,0.0,-0.0108320172231957
2025-07-31 00:00:00-04:00,0.0026253063728288,0.4400240998598351,0.6319148106178918,0.0543562526011778,0.4722903738358249,0.524979344432244,0.062323126327984,-0.2041603584953915,0.8063840187997391,0.0052633336956075,0.1996516155098325,0.4036260808501429,0.0297597210292514,1.722772446601741,0.0144125552101789,0.5278625053843183,-0.0710284727593864,0.2332550216944953,0.0416567277336674,0.0154813205011324,-0.0370455826123744
2025-08-01 00:00:00-04:00,0.0034504771323153,0.6585134675234114,0.442710140617297,0.0503793263306175,0.4330635840988558,0.0931775427356682,0.7034252145751663,-0.1141481649565801,0.8185337607615438,0.0055149140038927,0.2451710696466343,0.3662872232030645,0.02301374518562,1.7127448627448647,0.0136842594818207,0.4426491338148514,-0.0690580063566865,0.358198648165779,-0.0609999159666532,0.0291608190619825,0.0285506033922284
2025-08-04 00:00:00-04:00,0.0130152190694621,0.503301120422982,0.0441209781089676,0.0223225463733473,0.0924046536905856,0.1062569817840829,0.2511358565114167,-0.1043124483057174,0.8226300306153921,0.0107135132143125,0.2312174705019319,0.3099292174123087,-0.0009605662821136,1.74245149371391,0.0200093849088221,0.4101578353721041,-0.1006779983064432,0.381321074792207,-0.0154185159351484,0.012111188051256,-0.0136438023819828
2025-08-05 00:00:00-04:00,0.0076990836306156,0.5671315905581964,0.3425506760173965,0.0476134865742026,0.0304297228899791,-0.3431667788735009,0.0522463293806345,0.0284025316619368,0.8743143234102684,0.0104296469101899,0.1637307247870404,0.2672645462281974,0.0342670659317217,1.810549563744008,0.0186844772049257,0.3455653761578113,-0.1144640421592216,0.3774296571645739,-0.0502512715508078,0.0131672087788447,0.0040543326426907
2025-08-06 00:00:00-04:00,0.0072124643811882,0.6550956590285872,0.4220941170918986,0.0324203717686693,0.0628603761478771,-0.2172913273595256,0.0216407444843387,0.175780853179225,0.8964371269910049,0.0080848493460819,0.1165397029912077,0.2247888145329882,0.0836408828084245,1.8384198451378724,0.0192498455543159,0.2706596849469801,-0.094793526731326,0.3035141977786503,-0.1308240851632118,0.011352920922185,-0.0334916840502699
2025-08-07 00:00:00-04:00,0.0065731771352282,0.6151410950442339,0.0748268476313655,0.0433333260672429,0.0288903652027458,-0.4716976809978436,-0.3326298181433215,-0.3443085497416027,1.014254161971733,0.0080195494098732,0.128868677696282,0.1897033898998734,0.0811014642578543,1.8280220160574472,0.0147736336750352,0.1750086239785764,-0.25271655797874,-0.091508209117661,-0.1618657266830501,0.0038095201764784,0.0897026701663008
2025-08-08 00:00:00-04:00,0.007846935307525,1.2435469487488036,0.1410236816594187,0.0929726753998452,0.2948926959148182,0.5790462226799891,0.3968840669277342,0.2545512742578791,0.9472259777957778,0.0093107983705051,0.2274714913066225,0.1655399140968368,0.10299205156324,1.7705847499250302,0.0160478406068973,0.1112353576751053,-0.1719678394341811,0.4699449548261604,-0.0593061140032525,0.0099009864506853,-0.0218764370177051
2025-08-11 00:00:00-04:00,0.0294585383293681,1.1657664977304945,0.0839782144497338,0.0695842505927178,0.0010653192836799,0.627544013520267,0.6099184281456521,0.3868307831299911,0.9667973561869212,0.0229107977791122,0.2885663344486306,0.1766300532290287,0.1059099540736252,1.7372874397359808,0.0304447909739714,0.0302992335238342,-0.1669650229617351,0.4925304524040597,0.1791423890291576,0.0043763842363356,0.0797787176477469
2025-08-12 00:00:00-04:00,0.0225542828789871,0.8318566012285156,0.3317217078182846,0.0632603554140267,0.0004126120882214,0.6794515956787182,0.302987303248369,0.5431979327419219,0.8656843760497952,0.0221985840294407,0.2799795020534633,0.1797812487490019,0.1193531611133422,1.693896366984294,0.0300143369423803,0.0902669433094365,-0.162140875384746,0.3178647571787119,0.3716322383469735,0.0046449698899635,0.0038436148503233
2025-08-13 00:00:00-04:00,0.0294565743004752,0.8243934019778208,0.6803688864877131,0.0353041223149971,0.2156418167579638,0.4662308676517294,0.3310591380506119,0.5526469567215795,0.8602425030971592,0.0451245516241195,0.3154879417784463,0.1943045573715107,0.1167827362869376,1.6918737299061437,0.0495024260896515,0.2627154509483046,-0.1616700572997956,0.2979300954520694,0.3873557825773467,0.0044661650877968,-0.0070197410793411
2025-08-14 00:00:00-04:00,0.0198903147034048,0.9379438071434338,0.8313944995280824,0.0255007129038975,0.52544815582288,0.4087931573283539,0.41354287761582,0.6851210620018876,0.8307626076642728,0.0427887754555898,0.1628915082911856,0.2079648450177309,0.1323404492871676,1.7135120373309327,0.0562049465772814,0.3413260375483968,-0.1804068756148981,0.2784982524030467,0.5252588977187154,0.0075381966793155,-0.0458440311837606
2025-08-15 00:00:00-04:00,0.0192864179219498,0.960364368048636,0.6171025252195845,0.0768695138812541,0.7268497682330175,-0.3845355825170694,-0.4564981184305504,0.5519279999693066,0.9021104508143016,0.0318492307162057,0.2445255466118105,0.2078525180260589,0.1392543670643763,1.6751603325444206,0.0375979729669186,0.41080701810128,-0.2142763087726468,-0.144843990394661,0.5477720590967579,0.0055736570091162,0.0220026834775992
2025-08-18 00:00:00-04:00,0.0450233393159272,0.9865113239002696,0.0447109632802816,0.036610145353328,0.5745709758706592,-0.3795814309248689,-0.5235561626515023,0.4889800593393583,0.8479788683204562,0.0431098506052858,0.754501681080259,0.2010885804747321,0.1343753277348449,1.681380345603337,0.0359753752157919,0.4368457773027254,-0.2320706479548279,-0.156559688306345,0.5510561996076009,0.0,-0.0206502332437622
2025-08-19 00:00:00-04:00,0.008413218008686,1.293787441658196,0.5801035731970068,0.0484534220343286,0.5515067797639898,-0.3735352347413214,-0.8860888602072552,0.4352321217191528,0.8488110946246827,0.0455846461759532,0.8367273980114911,0.1905576589611802,0.1257217609092862,1.675076040994811,0.0237025432352455,0.4606196400377181,-0.2308198368240235,-0.1500110448420886,0.5747600410281646,0.0069219881611533,-0.0040376917402994
2025-08-20 00:00:00-04:00,0.0075634167190682,1.3057099319628522,0.6833785099662032,0.0400802566034398,0.3507161605452449,-0.0348246324236056,-0.8676244743274744,0.2930970166765085,0.8396395832907332,0.0571265389801827,1.4153103586461155,0.168551525458295,0.1072519874415331,1.6810909000379957,0.0259329745845113,0.4226341154753572,-0.2350432467413921,-0.1171452395162505,0.5655047608296113,0.0267053465285915,0.0247747395567081
2025-08-21 00:00:00-04:00,0.007446500547307,1.2341599110758714,0.5466881554888116,0.0465009608046149,0.1391443103274607,0.0495104264323532,-0.6901457061079427,0.091870861397474,0.8391208858280391,0.0614561159957594,1.23185983216239,0.1420533090120605,0.0638707284665252,1.6763567200582083,0.0212435399440577,0.439828466848912,-0.2341352414787977,-0.0420585381400493,0.5477403605558625,0.0070662768666821,0.0191208556458191
2025-08-22 00:00:00-04:00,0.0050121944526645,0.4382163627738012,0.0521989001361797,0.0338320871382406,9.6780869806393e-06,-0.2442050781053185,0.0263887097700794,-0.1209077410153841,0.8320035091595926,0.0297711340735208,1.0177841509468308,0.1261930520593008,0.0338863462478378,1.6617947544497538,0.0119396560237678,0.4494612252119986,-0.2294306812057068,-0.3192001804839974,0.5207620147311207,0.0104098793294869,0.0088419205705478
2025-08-25 00:00:00-04:00,0.0080028870569197,0.5868495188858722,0.268316475960585,0.0187662367370153,0.0001022044743116,-0.2403762731339953,0.4549141358056444,-0.2099919013651952,0.8251389371819315,0.0293035357968831,0.3709046511601129,0.1163504931021073,-0.032479643677002,1.656339753454477,0.0170956890318129,0.4930713698317467,-0.2301250459640492,-0.347214147765949,0.4004777134341214,0.0075496610054014,0.0121846881081251
2025-08-26 00:00:00-04:00,0.0016499654829122,0.5766915052252469,0.9121847464550672,0.0312299269405915,0.0460202093460893,0.1573630156723437,0.5203651201223928,-0.1392631120754975,0.7959873250536272,0.0197135854502434,0.1930327204532901,0.1076677985062736,-0.0565820662126315,1.692593377180259,0.0222713976138327,0.5097124873546715,-0.189582467263266,-0.4289368682898813,0.3459896140276435,0.0,0.0230200673223595
2025-08-27 00:00:00-04:00,0.0007867844418029,0.3753985442545007,0.9643534007407796,0.035443043272025,0.0439137507239429,0.4986348480519401,0.0260722769013045,-0.2078735185625916,0.7706441554371054,0.0218640330124945,0.2183252380188302,0.0967735693940781,-0.0032727044412668,1.6768523705713092,0.0238655680114935,0.5669673945437579,-0.2146865591166748,-0.4518718065320691,0.2830757401288482,0.0,0.0501651604885868
2025-08-28 00:00:00-04:00,0.0004824851447663,0.8337072076636677,0.9745851447313544,0.054983486273414,0.4368376117579248,0.6319030461885238,0.2042599214485914,-0.0455642521389094,0.7595832553758775,0.0179007636404426,0.1931931044449375,0.0884311019402908,-0.0163433070979783,1.6429952219176815,0.0215984355597359,0.6487033785508307,-0.1886597415816073,-0.2573048520954444,0.2901784963494346,0.0,0.0314527682801955
2025-08-29 00:00:00-04:00,0.0062036246111152,0.7372731090716617,0.874720125212467,0.0414467031992592,0.7955948530298802,0.8138918187620722,0.2598674948762037,0.20721143215793,0.7589098297774084,0.0146221217361518,0.2305208157471664,0.0939568727844212,-0.0014793472827853,1.6181202189304331,0.0343464273413827,0.698109295957467,-0.1879277745540693,0.2954246882350914,0.3861096171154407,0.0064516485085093,-0.0266819419345946
2025-09-02 00:00:00-04:00,0.0044475504456648,0.5702312074277679,0.9513349316309374,0.0319545407126028,0.8332841132150645,0.7307610793442993,0.6086529673256182,0.5943632432436926,0.7660074244302267,0.020917390427273,0.4897717312845883,0.1085703425994576,-0.0290928577072189,1.6332585811196885,0.0472959388970128,0.6982843040500175,-0.1355900079119856,0.6032009459860688,0.2826009600554959,0.0184277329472519,0.0379870498982124
2025-09-03 00:00:00-04:00,0.0162034133915188,0.4651425158268417,0.7538960613475014,0.0495954745580548,0.9177972074398868,0.0580963389607847,0.8119240740757828,0.4242720321157816,0.7385399503017108,0.0112952619713818,0.5372806064778785,0.1136364736640036,-0.0119949681712582,1.6092690616753058,0.0394021649912238,0.7259278004245208,-0.1411009732397305,0.561166127741657,0.1145999929958099,0.0244606449895066,0.1790228632135584
2025-09-04 00:00:00-04:00,0.0124957597597828,1.5547448176926293,0.6907843767477042,0.1275373185260672,0.9409430834380978,0.8482366349296182,0.975180439141742,0.8430523823046895,0.6691199951171874,0.0078234284079538,0.3168136394763779,0.1236738296277296,0.2993404146866024,2.571136144389413,0.0284292640326475,0.7387526916467685,0.2581101647080966,0.9065302621142988,0.466959934973598,0.0021555404316809,0.0968000488281251
2025-09-05 00:00:00-04:00,0.108847643982097,1.1682267348508302,0.6029066005813447,0.0752441505352279,0.7686553121060218,0.8532681668019327,0.8652720113399949,0.8766484034644058,0.6067104055587844,0.0758200600910436,0.4077024196762631,0.1538914606213545,0.4966517542273134,2.415397737546872,0.0706991918939651,0.6393904329518215,0.2292450632080194,0.7956684013690308,0.6038830883323498,0.0271672017063202,0.0283734443214491
2025-09-08 00:00:00-04:00,0.1245411100705614,1.1478410473650231,0.8123282835282226,0.045739247193822,0.7696898397820057,0.7758477976190854,0.8965512429742751,0.8372933751538812,0.5706787428160912,0.1552779647126965,0.6045539222625353,0.1799374325897079,0.5488057954907302,2.401722212100595,0.1084757830250741,0.5857405688278106,0.2193365481015435,0.7983787629635571,0.6219051057327352,0.0115076605676336,0.0002127723819282
2025-09-09 00:00:00-04:00,0.045233872743103,1.183570206609762,0.948850208161234,0.0260461397013112,0.8372201561898571,0.6739317467759313,0.91418909835203,0.7317295352489127,0.585732491643752,0.1596861778030681,1.0781304088345405,0.2039946960362026,0.5439464234457747,2.42433991617323,0.1252101665466126,0.6314489135155114,0.2323667218350867,0.8019112406377034,0.5772896627890822,0.0098207005469252,0.0483618767465994
2025-09-10 00:00:00-04:00,0.1036523395741356,1.103146271433173,0.828335262232118,0.0339685052011992,0.8833951552708021,0.4110686886861169,0.9064437572496156,0.6275784263899068,0.5749459016877352,0.1263684171930568,0.823155443656146,0.2335378948320002,0.5363805794135065,2.3835535650513893,0.1010469106396588,0.6772316286795936,0.2313109059319666,0.8802353184380372,0.5675102092334999,0.0053852444008438,0.1404221474558054
2025-09-11 00:00:00-04:00,0.022490898887484,1.0093769655002507,0.866449781473356,0.0547995378978803,0.9108007589902906,0.0180814415895095,0.8571265110825107,0.7056749789679896,0.5244365063347503,0.0947738057264692,0.3031674360815513,0.2658478551826957,0.6130837921846692,2.3663193439140757,0.0499714920016214,0.7499859198665941,0.3041949385384499,0.8854759756286077,0.667588596254898,0.0111786848630037,0.0217081154853173
2025-09-12 00:00:00-04:00,0.086609484600005,1.3764247256372149,0.765822445201231,0.054858755586781,0.9213032503749224,0.2884272655819841,0.9735255032083724,0.6204793546015976,0.5119006334443861,0.1106291721913168,0.4807783522798483,0.2956426941088003,0.6218768685295161,2.329317749844906,0.0732635373110193,0.7922310715097434,0.296912249490104,0.8907659032938093,0.6562848618294417,0.0355175110304717,0.0459770023308052
2025-09-15 00:00:00-04:00,0.0610564848938593,1.193653532180557,0.8807039328585611,0.0813012580361313,0.9467331032191224,0.749820508520485,0.9210209265225086,0.6379624057810696,0.517482526661809,0.0839625427489404,0.3004999014771955,0.3277021782008116,0.6637755047780524,2.281215831259307,0.0842693332096256,0.8412422069143854,0.3052252913521546,0.8970681569508349,0.7090028855757378,0.0021102027987802,0.0162060913887851
2025-09-16 00:00:00-04:00,0.0352011893968622,1.105743989915707,0.9424525256407028,0.039530503724219,0.9627978301948472,0.7782994743567891,0.9109954963278392,0.6316115614870481,0.5087930123248677,0.0641364923908899,0.4274303939871524,0.3657292538770411,0.676037095419366,2.251161601858077,0.0913884601733451,0.8718237563778614,0.3065660194893435,0.9021810541075794,0.8017403339845055,0.0083047283830719,0.0264336219363878
2025-09-17 00:00:00-04:00,0.0524372422372984,1.1130788357938124,0.8724416012530974,0.0505645415668991,0.9557108944021636,0.5524494842888777,0.8962212511591198,0.4983627505167149,0.4996275423331122,0.0676284454420737,0.3179358624751644,0.4036675025309933,0.7022420247691649,2.2030377586580894,0.0739478893142714,0.9058801140644672,0.3095533222220833,0.8915918079024344,0.8042584783990313,0.0061140214359297,0.0521443169333424
2025-09-18 00:00:00-04:00,0.0024199773450943,0.6050239946017854,0.9808595856162736,0.0624049168113742,0.9595566440828872,0.1167115316202673,0.8612244532599755,0.2163278457658298,0.4788105475624096,0.0464191006457914,0.1960019127654973,0.4413525194191338,0.7272474261746903,2.103980170712552,0.0399809137554598,0.9297890735822156,0.3130662897537498,0.7704488018320523,0.8177416947596035,0.0045426652508767,0.0337816956114738
2025-09-19 00:00:00-04:00,0.0060853394589713,0.5185244337305039,0.9651788257825914,0.0640816201969067,0.9588157654981356,0.2980451764708457,0.7484269557707222,0.4138960375123146,0.4622835380416125,0.0447429151498711,0.2393976079567416,0.4770304773274718,0.7289023612760208,2.0520230573146736,0.0462305449786036,0.9465371343807784,0.3083138665697271,0.8883055945855342,0.788305796352527,0.0131632746482382,0.0069464738365361
2025-09-22 00:00:00-04:00,0.0074969026787205,0.7257669276073041,0.96271160236037,0.0681732844953983,0.9649454388987548,-0.0583856026588804,0.2575823793159921,0.6399671860571597,0.4609405311962329,0.0397893344531857,0.1707774403225032,0.5109691166535495,0.7397454099932134,2.04157785144513,0.0494150452653731,0.9614245398537992,0.3110959292945413,0.8359881134054792,0.7743859929627125,0.0125756600244912,0.0338127032534636
2025-09-23 00:00:00-04:00,0.0084749705747109,0.5892215415374049,0.9551306156661874,0.0524762108212424,0.9547427123543104,0.3722287427083031,0.0610987588617392,0.671594086948787,0.4431391057302847,0.0466053999592796,0.1474216920561181,0.5454380249173276,0.7528171665957487,1.988191378635738,0.047106217573873,0.9726783867912634,0.3100242254403444,0.8129277134782115,0.7599520029137256,0.0028571719215028,-0.0617481165470308
2025-09-24 00:00:00-04:00,0.0092359249034901,0.6886616818704111,0.9477245770249336,0.1070832358063092,0.9568918966851484,-0.0693569597393122,-0.5813909798983522,0.5013263772982742,0.4542722392299286,0.0386767868915691,0.1750069014837872,0.5775297363352523,0.7775835135100232,1.9164868979063412,0.0470344300503753,0.9795556873723468,0.2723847092049859,0.4239044270887477,0.7558332065994572,0.0308918460482416,-0.0554943485316452
2025-09-25 00:00:00-04:00,0.0657810863885824,0.6879415448547144,0.1074438072024337,0.0718328918088209,0.871406470055197,-0.6179707364721614,-0.5024972665733113,0.0724217514160083,0.4768267965629938,0.0694565209723444,0.2063067349763469,0.6078517891109672,0.7930895176251833,1.8370929100656588,0.0312575492093019,0.9667773478695392,0.2760672991062978,-0.0754051891721203,0.7428679639211823,0.0078429050870503,0.0300138063800641
2025-09-26 00:00:00-04:00,0.0922251374132415,0.7063087077335803,0.4444915788794446,0.0547500451405841,0.4921572424545414,-0.3194559086471447,-0.5034760667639614,0.2578073246818602,0.4758031072656547,0.1949328247591931,0.3760948389357547,0.6355424475874708,0.797613614028955,1.819966062842525,0.0462253273689872,0.9222589451225488,0.2671259425508996,-0.1035658325033055,0.6962411612433327,0.0167708396911621,0.1686572980867673
2025-09-29 00:00:00-04:00,0.0601492357667174,0.8833912471211691,0.6221993299930915,0.102177462131857,0.2203764476251798,0.271933049013024,0.4240751960692951,0.3510472729165819,0.4088986770697102,0.1722659379486523,0.2088997867594823,0.6644721427685413,0.8160011543496466,1.902674599118384,0.0418736453748676,0.8816963836120704,0.3040371080582958,0.364356625496145,0.6919107252470251,0.0086522822757419,-0.011453771381126
2025-09-30 00:00:00-04:00,0.4030578296175343,0.943718633071131,0.0551652441883362,0.0756353844770236,0.2921333008177299,0.3824215682377626,0.4564083132892682,0.524153014819425,0.4030303248721396,0.2438698911042639,0.2194849391889611,0.689905576703571,0.826405814438039,1.891136213977271,0.0689388976597701,0.8804432812926053,0.3233127997296834,0.3895625494939232,0.7047206352158629,0.0007887496853126,0.0795009451065729
2025-10-01 00:00:00-04:00,0.2005686975378015,0.9015650562153856,0.6139385775410782,0.1048115932249139,0.3149023610378416,0.5333298267357186,0.7994679135001782,0.5373756791754988,0.3811921823148093,0.2367828785876886,0.1894897519393136,0.7140305541112567,0.8352294986860792,1.811545866819671,0.0732234933493058,0.8770518914875569,0.3185911912138998,0.3707688199153415,0.6494502989185511,0.0093755314123761,0.024933921520668
2025-10-02 00:00:00-04:00,0.0857379629022741,1.0347610667347145,0.8987751940713101,0.0701685521687185,0.3980727023150263,0.4807651422017249,0.8760685253577292,0.3861384084253243,0.3721604719678442,0.3097796927405914,0.2380777918858203,0.7358407255309547,0.8355336264501575,1.7767936691872452,0.0923511357783064,0.8858295533091349,0.3134425673642211,0.3425852761079646,0.5058470030832496,0.0068381166891237,0.0343966835303286
2025-10-03 00:00:00-04:00,0.0950168267053035,0.9651316838944094,0.8617284499705872,0.0806766438940516,0.525545581144255,0.5896462100691128,0.914465163840932,0.3861038336376173,0.365625725597524,0.3368107339288731,0.220815902606121,0.7569329751091709,0.8367026582089638,1.734441660522913,0.0817879688135331,0.8860963424368221,0.3130296385580023,0.3829902552359749,0.6334006540699119,0.0123937674105598,-0.0563819428914197
2025-10-06 00:00:00-04:00,0.0292861099290499,0.6614117271921087,0.9076524853117718,0.1160179016653322,0.6765783799760731,-0.657404045800758,0.2738483082972355,0.3255509992070666,0.3803746872086716,0.3360001433183925,0.1258660592897413,0.7776773067889573,0.8396961089384755,1.6760087603334513,0.0571973218080494,0.8856030509314153,0.3059504431744083,0.3954914279352111,0.7185749772621728,0.0140718350863047,-0.0018156410334873
2025-10-07 00:00:00-04:00,0.1285878106043509,0.7637908898956486,0.4501191807105767,0.076038313699017,0.7124581488497785,-0.1940390128138274,0.3016615236884252,0.0932859040254943,0.3512195172722053,0.3091561404373831,0.2951211777182034,0.7996590258003757,0.8349531200143006,1.7259115973888115,0.0491606584406194,0.8755405066564328,0.4862773489599652,0.4015039850150391,0.6430206511427053,0.0420926259706303,0.0903679885105539
2025-10-08 00:00:00-04:00,0.0613180267633024,0.6310497854349941,0.0263821833405176,0.099423883383166,0.7528331802666389,-0.2784107173083467,0.3441707429552475,-0.135066085701056,0.3239308434865753,0.2498816551375018,0.2905982185213955,0.8166310204423417,0.8414160209932332,1.6620057151383558,0.0244323565872948,0.8617773821801342,0.4803934176203007,0.7052537443057216,0.4414404444100039,0.0106996135947143,-0.01668192391247
2025-10-09 00:00:00-04:00,0.1293354225005268,0.7867338890667962,0.071235174241164,0.0431889211098977,0.7687541052643658,-0.370147392582244,0.454839866989833,-0.251274100300467,0.3189389493085302,0.2489480688874744,0.720826706123427,0.8313479174553736,0.8110890953697318,1.6640935344967722,0.0366373776565841,0.8645983235757141,0.4895809521423471,0.7469366792424942,-0.0146646147999313,0.0069291122316374,-0.0984730855560633
2025-10-10 00:00:00-04:00,0.1442589009215067,0.7643395834890958,0.1723177779574272,0.120416864617312,0.7021570563862851,-0.3270747848900299,-0.4390869831685668,-0.1727438072113431,0.3551449761114013,0.242740783565531,0.310980321965931,0.8451167603068579,0.8127508648426957,1.599180682231248,0.0431686696980621,0.8639421088351634,0.3874489687105094,0.1390589888653146,0.0349887976403952,0.005629130194514,0.1513984808297357
2025-10-13 00:00:00-04:00,0.2404906628768049,0.8484584942264916,2.724639041803013e-05,0.0914290630405305,0.2742662792280433,-0.2653748865686175,-0.3064704775434927,-0.5016382184189685,0.3134239539069176,0.2151313336643279,0.257782740418449,0.8570150573102512,0.8109958284335864,1.5451853562887088,0.047257568189279,0.7920435410494306,0.3659648199855696,-0.2287174146961728,-0.0681231543598019,0.0438724274022624,-0.0543793155161854
2025-10-14 00:00:00-04:00,0.3329075868328081,0.6399215107738325,0.0671517534554416,0.0770288609527835,0.3030756642525646,-0.1203181284825519,-0.2777748009434715,-0.4280278734247589,0.3268913529033985,0.2416683707596419,0.2372668683149878,0.8696251194751181,0.8064825462923552,1.5100912524384429,0.0591989778713956,0.796885266769465,0.3755921755972042,-0.1890101578751018,-0.0784027160660468,0.0212800172453088,0.1336318800682443
2025-10-15 00:00:00-04:00,0.2539534366500865,0.6288630455257883,0.009761737488425,0.1042671840575718,0.122662158500291,0.2080349620735086,-0.1777187383751821,-0.1203508456505778,0.2866250847930784,0.1744826323472534,0.2116137623184474,0.8810975144014626,0.8038781209766004,1.457244628672043,0.0471334285268156,0.7708524366223103,0.3714766908197245,-0.0899318846937253,-0.1226929778882505,0.0315398886827458,-0.0002078917440224
2025-10-16 00:00:00-04:00,0.3410345682089205,0.6628240555577952,0.389534545335191,0.0506164341756742,0.2765105121390215,0.1210888872366417,-0.2877878011165576,-0.11184633332134,0.2980522542911443,0.2818969888050729,0.3069976561844997,0.8903693716660213,0.7904538895000093,1.4667739650240874,0.0695721843372715,0.7759879643169599,0.3735752577507417,-0.0638714611490677,-0.2484036006934253,0.0176027898919092,-0.028488254582634
2025-10-17 00:00:00-04:00,0.1894827145803217,0.8365473014877498,0.7575304741588883,0.1043672885410462,0.4309005467995947,0.0260868302383581,0.3668561029438108,-0.0184245480869288,0.3000856183957239,0.3143022280242475,0.1165252327198939,0.9009533087918732,0.7882939794878369,1.4463426159931296,0.0834832165515927,0.7921688214978374,0.3558924393787551,-0.1039952120939601,-0.221457984774007,0.0210458835575315,0.0562213856887454
2025-10-20 00:00:00-04:00,0.1768936959681014,0.9217223491804308,0.375854052635951,0.0488423420433586,0.5815555459485509,-0.1407454072717535,0.2925085921932159,-0.0299601525751835,0.2869494830368619,0.2437098282574614,0.162055754848981,0.9107184416999318,0.7761842562777402,1.4136084277458612,0.0489191135493648,0.8032670263280159,0.3472268935176854,-0.1395290424308524,-0.3278441232696366,0.0032880924892951,0.0084436642575631
2025-10-21 00:00:00-04:00,0.1608420645714683,1.1838431010920067,0.5375837543583007,0.050754519892887,0.6267613634211621,-0.3898973914549228,0.2802784802128479,-0.115901807890475,0.2805948239903866,0.2443061579734166,0.4016960941071006,0.9196415046642324,0.7507753403674857,1.411079342282215,0.0539663362630564,0.8206569981425075,0.3476507080624986,-0.1487299300917665,-0.4589104004503912,0.02085053828046,-0.0156741673462716
2025-10-22 00:00:00-04:00,0.0448631116139149,0.8947484961328248,0.3644960066510422,0.0843728105787716,0.6247049614087048,-0.6813191422750886,-0.5707386240090393,-0.0791639881058933,0.2921401918796658,0.2480294228373271,0.225734870848738,0.9276448602310468,0.7479566513029645,1.402144564929663,0.0245050599823765,0.8428894658644527,0.329950909663081,-0.2152128076719059,-0.4716641198245077,0.0142856441101997,0.1367812624766173
2025-10-23 00:00:00-04:00,0.0379021880981362,1.0834432356017405,0.3987549073150834,0.1493247911654624,0.6987435870830468,0.2678876332569923,-0.2193607810082953,0.1522823984360607,0.259742583639491,0.1861131811042433,0.1893523363091143,0.9356933700088068,0.74277744357313,1.3567782273351836,0.021718915291471,0.8314107423937452,0.3260119101720273,-0.2615666272396897,-0.3101390990081814,0.0067689047262749,0.1143968887233759
2025-10-24 00:00:00-04:00,0.1322612098555041,0.8843015337827874,0.6927906376667918,0.0794724833452588,0.7845483964796742,0.5748193390408622,-0.0456680406356562,0.3024943250180199,0.2305543474679312,0.1916375259858915,0.2072284227274667,0.9406807284410428,0.7387626086625749,1.313345608231374,0.0537663852067292,0.8245516471642953,0.3312439358242703,0.15013031879851,-0.0648860487278896,0.0051605156420966,-0.0519445529583081
2025-10-27 00:00:00-04:00,0.3141665890701739,0.8081518380107501,0.7611754779603397,0.0946736547405351,0.7308828269357035,0.7942364663465115,0.0227402283352109,0.5183007906385507,0.2341775768863892,0.383117655765795,0.2355199843957997,0.938472053874774,0.7383640949340584,1.2803387595355782,0.0965240393453563,0.7697399908644827,0.3246502855712482,0.1554693927993349,-0.0241995007405643,0.0144647742687255,-0.0054394395375797
2025-10-28 00:00:00-04:00,0.3191647047190991,0.7992680639248605,0.7577696147357953,0.0812582444541576,0.792934637554318,0.7947041282573064,0.0162550644624292,0.5916860346985282,0.2421808159127447,0.3422788779561296,0.2782624961310642,0.9420543439605176,0.7309877443130756,1.2798306856251198,0.0968662418874541,0.7885383049598642,0.3283643724287409,0.1244802147906287,0.0937796173853779,0.0622827944181475,0.1642454397057462
2025-10-29 00:00:00-04:00,0.4201852900179111,0.5803424892183179,0.5081399517071152,0.129265576254914,0.7543309919440311,0.6011815021355942,0.5196558950554072,0.5759735582142262,0.2051771392637776,0.3023854712106141,0.1405263343575389,0.9469359357037546,0.717230217769508,1.250223281648326,0.0722864183783166,0.7987056680078356,0.3082052321263995,0.0171708583388019,0.2244401912255623,0.0276423834184607,-0.0417889668263206
2025-10-30 00:00:00-04:00,0.4121061215074142,0.7541802760992726,0.5036771363667548,0.0720237554595145,0.8250617073120876,-0.2989844020655399,0.5643201185744634,0.5423758873560625,0.2149933454165192,0.369617825703692,0.1865264206862466,0.942088141177952,0.6972095207026873,1.228477454947342,0.072802931514747,0.8026653253656043,0.3157688061595498,0.0499668479706035,0.2739372506813993,0.0048432867090797,0.017924595932756
2025-10-31 00:00:00-04:00,0.398275301016921,1.0396892107395943,0.3593908879765716,0.0992137712108413,0.8637510242024736,-0.5885125505417471,0.3941037630646867,0.3845201860832352,0.2041338396273955,0.3084384597102663,0.2493140649302581,0.9438936248581388,0.6737311994383928,1.2246438167424922,0.0624401305636871,0.8398722407551472,0.3297700577175317,0.1457571470267365,0.2600545028068819,0.0479115479115479,0.0385290352943987
2025-11-03 00:00:00-05:00,0.27376420141489,1.115150446817334,0.6056583219409345,0.1152477452670258,0.8469029579626465,-0.2528882894354,0.3533994616169032,0.5241944720226949,0.2141925575053511,0.3144796825538685,0.1619242935427684,0.9453210355648972,0.6684139325169051,1.219570566788966,0.0647457607551468,0.8828102929032633,0.3204481078429582,0.1586543579637974,0.3877045006157973,0.0849418443674484,-0.0600936549573524
2025-11-04 00:00:00-05:00,0.2927716815682966,0.8353443128203439,0.5409127462859211,0.0955696507960709,0.844441876423387,0.0953184396622751,0.3435187652357194,0.4990713179526992,0.222901769539515,0.3368954758374593,0.1471834749156527,0.9470400814526512,0.6676836185786156,1.1904418320889067,0.0640079583717289,0.8995948452500109,0.3187577809957864,0.1830768006682607,0.4985746787193784,0.0166635373448401,0.1127100367490789
2025-11-05 00:00:00-05:00,0.100026652241238,0.6869855810094267,0.0610416874354619,0.0845552155307682,0.7007249794323415,0.5750434126836583,0.4824443327927384,0.2400329903669384,0.2163048583420539,0.4431258639274813,0.1514494090594293,0.9511344211880908,0.6631904468932907,1.1690616296358955,0.0248005188924317,0.8949176099357518,0.3158630308841959,0.4402050924541705,0.5244285515439137,4.958274907319562e-05,-0.040692829369948
2025-11-06 00:00:00-05:00,0.1924344034751323,0.6371914867956054,0.4013186646431494,0.1005660722840507,0.7061187690388835,0.60374842401173,0.3590969062687218,0.0241016924819111,0.2263469486683439,0.3142543030746121,0.1595430787958507,0.9528551043144422,0.6607769693751452,1.1436052943293649,0.0439835936699165,0.9203019067292432,0.3123644197261324,0.3745869521801253,0.5512098362022225,0.0118396687057783,0.1530646295557793
2025-11-07 00:00:00-05:00,0.1801915616469341,0.9043109311369284,0.2414995863204079,0.1756069783373072,0.6164624007030713,0.8880899920405996,0.7199296478361261,0.5781418175097425,0.1949223364705773,0.2652910344359324,0.2272832855808451,0.9569350284105312,0.6760307810555237,1.2404641434415062,0.0352135410174236,0.9250267651239112,0.3507316801378902,0.5629516774768865,0.6375946393728014,0.0240860009431133,0.1188826498555775
2025-11-10 00:00:00-05:00,0.3790499709797384,0.6921876986952081,0.5454291792886232,0.0968016342595521,0.7107281810714645,0.7668870906991335,0.4388444562345419,0.6757794133641133,0.1662250378294947,0.3377938773160163,0.2804270325405926,0.9537084874485092,0.6811515083215134,1.2264016837655125,0.062369975364492,0.91821808305163,0.3717249617991966,0.4201617054171786,0.717910085870848,0.0,0.013547207314287
2025-11-11 00:00:00-05:00,0.346707521135942,0.7977079519820807,0.8595466622728218,0.0762514748882424,0.6927466526131418,0.5697223314982479,0.4722843619645569,0.697577373845482,0.1676117634156046,0.6844704806314654,0.3422772386564741,0.940531901844817,0.6952716423766595,1.2197732039349674,0.1065912915701881,0.8978391576192751,0.3780005545992883,0.4074949760427149,0.7263988229718404,0.0244767746333533,0.0424185142530177
2025-11-12 00:00:00-05:00,0.3310561760867577,0.9092079478995724,0.8610664285841766,0.0652110716852978,0.7127262965496797,0.3911289710560153,0.4915656506313341,0.7015762816706721,0.1574708614268061,0.7684718298605454,0.2800347182885226,0.9321434529523293,0.6893421492655782,1.193463843188123,0.1025728244473512,0.8906922687799892,0.3766415269738544,0.4826976206343003,0.7346951636436827,0.0166801642362239,-0.1396326313212537
2025-11-13 00:00:00-05:00,0.2955494831377815,0.7089647391336561,0.9028753559720384,0.1407089233398437,0.8458036667091525,0.0473032965382238,-0.1406915680384813,0.637644646313282,0.1822884599530252,0.6724771165687241,0.21497798676407,0.9235547975054964,0.6979900462616903,1.2337452899272503,0.124966464744624,0.9011779072189514,0.3050453310730281,-0.0025125677427868,0.751865764743283,0.0352238897067397,0.0434782445270207
2025-11-14 00:00:00-05:00,1.0710126002336136,0.8273895737325582,0.0384528816997679,0.1501652992377846,0.7141535297257663,-0.9013133834151216,-0.8878985112594162,0.6017079720231205,0.1790210864982893,1.0765852641753313,0.2226729784892366,0.9265669617619374,0.7039422099374759,1.2013667725421724,0.0740139201534388,0.8883632626255178,0.3030674382459566,-0.0255138067790701,0.7546961633283219,0.0040254107976363,0.0461126890613527
2025-11-17 00:00:00-05:00,0.4836982483142908,0.9982337487712712,0.3245877003166873,0.1176005860723984,0.6160330830022271,-0.8955315342240183,-0.8763306996533734,0.4967884954024542,0.1744019786381548,1.2386837494810254,0.2945678777906788,0.9289584419097722,0.6995182249940218,1.1749388443951043,0.058024972352972,0.875068915551948,0.2999812430145154,-0.0607657771864537,0.7659329335558781,0.0015785079168068,-0.0787949895527685
2025-11-18 00:00:00-05:00,0.6342178593424264,0.7493829857228531,0.1732241348408898,0.1225821064095696,0.5644373648013385,-0.798874276487576,-0.8692990651585831,0.4330348367741308,0.1909933457648059,1.4193847120326477,0.2527133883033971,0.9304303310503718,0.6984122092086691,1.136564203730326,0.0625690210731918,0.8703723308056899,0.2874145232571494,-0.1317281711873799,0.7540216347111726,0.0615204839234722,0.0042053405825615
2025-11-19 00:00:00-05:00,0.6451762704937734,0.8947950784556822,0.2689649640007413,0.0923699066856782,0.2634515112232055,-0.4072692667793313,-0.94702000313037,0.2441050397611523,0.1925109659360385,1.5692929234605564,0.3490271624080198,0.9324738876486496,0.6953874185592499,1.1355603973611483,0.0669719362858849,0.8189089031335337,0.3016018441049652,-0.1103067383856648,0.7062679244537374,0.0484847398437541,-0.2032850814570294
2025-11-20 00:00:00-05:00,0.3539714341339222,1.163022457343849,0.0056773292420292,0.2457866179021169,0.0584394734954044,-0.6701076160542082,-0.96766548839104,-0.331106573067022,0.2471932892788633,1.9594788579041509,0.2086190743104462,0.9339130469038792,0.6807112270893553,1.3101524664174236,0.0476531617047611,0.7584939688743945,0.182110036569023,-0.4590081846572115,0.5020814185940953,0.0132450791963046,0.0219942713356149
2025-11-21 00:00:00-05:00,1.0004687346934005,1.2487634340770886,0.6497298397099703,0.1095583606902319,0.2990741476835646,-0.7365284132702684,-0.9841230028135742,-0.7270052618750221,0.2540070796756851,1.837992773111258,0.2569307479227348,0.9203805360304456,0.6707654584671631,1.2980490263330136,0.1335202826420477,0.4897653895508177,0.1799439110359987,-0.902466211294732,0.405399804947224,0.0840921492090719,0.1332700947321865
2025-11-24 00:00:00-05:00,0.4925553859209983,1.0552143271970842,0.8531313783204257,0.1118659910292688,0.6862597864565781,-0.7981457820214927,-0.9244757796171112,-0.6464981755421688,0.2311861106298479,1.0448954978177378,0.3895033548245697,0.907758005850758,0.6608131604829155,1.2589414163899415,0.1359074816912631,0.3014110263147678,0.1572294462093606,-0.9061056194980543,0.3912892392355724,0.0044649267426325,-0.0284631940552039
2025-11-25 00:00:00-05:00,1.455843571632375,1.2163939259021326,0.2933615892208408,0.0878677792488748,0.6569680947685109,-0.8201595081377286,-0.9306646051989376,-0.5883422687992088,0.2316099759402458,1.1482640712351786,0.3627935937362203,0.9039112006814944,0.6545630199482446,1.244327283244609,0.1080710686137933,0.1999478443818415,0.1438276359575201,-0.9089952321598572,0.3797613347971663,0.0503502640425289,-0.024761935210282
2025-11-26 00:00:00-05:00,1.5147903730242018,1.014204286029951,0.0237839198248809,0.1000000270067061,0.5944730459169716,-0.6139869462983177,-0.6625150656174384,-0.5278171634998319,0.2465122766768224,1.288721302459767,0.2723975797734105,0.8966930995296168,0.6312829984306589,1.2127136770896276,0.0949726764752864,0.0891968805142571,0.1107006980342842,-0.6835633914780005,0.2001044795812398,0.0426548645559664,0.0383184791221598
2025-11-28 00:00:00-05:00,0.3214852431933369,0.6388955281835723,0.4871633877356979,0.1156049213980993,0.4709369455546457,-0.5094454925547471,-0.543579630043006,-0.4279172355232732,0.2799175937911872,1.1566112481092612,0.8602524921939473,0.8863934397867349,0.6170787600275509,1.2352074719649817,0.0592408260971431,0.0321369314694622,-0.0610696692975988,-0.6522574558457002,0.1662743932015826,0.0512763731487584,-0.0587155172072096
2025-12-01 00:00:00-05:00,0.3027293807525401,0.5916768865435815,0.2676790116237924,0.0474886599910422,0.4167419734325063,-0.2144607769667606,-0.3896965453475454,-0.324252619441672,0.3261645508349571,1.3195302718555983,1.1756041073176244,0.8791334274646746,0.6306093634485319,1.2428037103770764,0.0495845289625592,0.002589688747911,-0.0425168786222519,-0.6060245349670913,0.1049855438170029,0.0232722467947825,-0.0229337779294034
2025-12-02 00:00:00-05:00,0.0803857490717129,0.4780255394173781,0.5347464198306573,0.1142856998736348,0.3517748125414738,0.1128639120699773,-0.4162647906088228,-0.2876168123693046,0.3432919437608682,1.3601098228505994,1.127020833927059,0.8657665902570347,0.6393925181490367,1.2392042809568196,0.0324304008047323,0.0154382764089828,-0.0418044382513353,-0.5911007944000229,0.0340913365117478,0.0592680191346294,-0.0534209929128183
2025-12-03 00:00:00-05:00,0.0941263361286108,0.4453932724298353,0.5748495583354307,0.0583644490203872,0.2141463690617625,0.3982177799143965,-0.3343901779063118,-0.1099950991433483,0.3627430824417327,1.0691433234600864,1.3020544829309997,0.848687286526164,0.628809394358667,1.2185486163244614,0.0377323167824015,0.0850501494191642,-0.0410929583303956,-0.5775205087479701,0.0664360190708336,0.0339612480532331,0.0973865222772976
2025-12-04 00:00:00-05:00,0.1084861692417423,0.498979814389813,0.7521092775982386,0.1316002247185485,0.1754806523954844,0.4059199680667764,0.0719612921645328,-0.1482374218910536,0.3465378979653327,0.8916566486193689,1.0670218986626414,0.8234048383719164,0.6091167170609878,1.1907461025702926,0.0506414872476742,0.2870872506299581,-0.036341035689502,-0.4912020190296681,0.0109892452063891,0.0137527846844201,0.0710702912925829
2025-12-05 00:00:00-05:00,0.2825953236839376,0.4787812677383137,0.2833900525051296,0.085687370391885,0.0006557661419915,0.0035910310210439,0.2908933824569222,-0.2018721226548851,0.3689762445894312,0.5097161963475062,0.2061039204895,0.8082282553011569,0.5735645632320566,1.20743227827515,0.0464495470932967,0.4132133667360759,-0.1205524438726531,-0.2774359973197745,-0.0090051952821819,0.0054142840373379,-0.0131308267342371
2025-12-08 00:00:00-05:00,0.3713210566069311,0.6888026134185479,0.3217264913858141,0.0987014942942388,0.0005469452881714,-0.5506967285054336,0.0670949776110624,-0.1182758240278073,0.3820020259329706,0.5185000316609908,0.1623559658657285,0.8005101467244256,0.5736604358299285,1.2077742477664686,0.0550912953722112,0.5618486087402276,-0.1212955065025424,-0.2776818005466658,-0.0349735463415043,0.0418823515395475,-0.0266554063702382
2025-12-09 00:00:00-05:00,0.2249756719609615,0.7398073664097262,0.6911708652891825,0.0487245315286859,0.0095412269702538,-0.474133365295276,0.3138356733670655,-0.0336295507496945,0.4105075803417354,0.4787051899711309,0.3309943480642395,0.7903725976117456,0.5334488969590574,1.21712645111969,0.0644148439393879,0.5591036503624774,-0.1208454197479685,-0.1627168871266706,0.0013401784805651,0.0268142646299738,0.0610589332294853
2025-12-10 00:00:00-05:00,0.2947675382475639,0.795791778918759,0.5308788660908696,0.0870183542234088,0.0246959366591616,-0.5646213393370876,0.3755760914492888,-0.235448101838549,0.3931546972936322,0.398442495761574,0.3740939848663254,0.7765376056892584,0.5050337700144142,1.2064768306198272,0.0580770953298321,0.4811938137625552,-0.123279503929948,-0.1509570471605897,-0.0246755090065409,0.0128440506961367,0.0375762259600844
2025-12-11 00:00:00-05:00,0.1199877965792298,0.5568359482819686,0.3844751702959373,0.115304366402004,0.2227956079392823,-0.4992215819508787,0.0271411552708489,-0.3215227974942147,0.3889325813638405,0.3896593183951666,0.2901111780595539,0.767957380258113,0.4710632093700689,1.2025292110642931,0.0317572804279818,0.3265035058896864,-0.1212069709439593,0.0984223123928315,-0.0408074857985343,0.0536087036132812,-0.1466413138738777
2025-12-12 00:00:00-05:00,0.1577754566775859,1.1451649888183808,0.4107233803304496,0.1344190119607054,0.4366562500382002,-0.6031853347718041,-0.5402280439969849,-0.5438371881330892,0.4795324777319953,0.4793242238963838,0.1805587842175843,0.7620017796536803,0.4628191765140613,1.1805422452463032,0.0402894987627491,0.1241131876454993,-0.1628194280028773,-0.2477277454700751,-0.0526017755155326,0.0059454121769619,-0.0209040533111825
2025-12-15 00:00:00-05:00,0.6892703249633575,1.134068739991039,0.0373518879651418,0.0776796110508509,0.2912555720998225,-0.2372732339285752,-0.3792384763538067,-0.4388890223546683,0.5063159536172711,0.6621543705428522,0.3690238764469639,0.7362305488294021,0.4544734820976051,1.1839909899308525,0.0665855711260822,0.1219187158164206,-0.1459287245511061,-0.2360947547099788,-0.0359531064550089,0.0071253693289278,0.0368554149767885
2025-12-16 00:00:00-05:00,0.7347022135172213,1.087590669069322,0.332299988811974,0.054690994545588,0.0584245638133609,-0.2187971501672688,-0.4035577482066436,-0.3543135966311669,0.4917108564780053,0.932726650434187,0.3482177933829128,0.7064033354326906,0.4273974420414914,1.1763301537338575,0.0810634349798441,0.0958496681112808,-0.1451297659933965,-0.2076155666797565,-0.0859667918602664,0.0081042352868345,-0.0118484341716396
2025-12-17 00:00:00-05:00,0.4823951883747003,1.2574258735736872,0.6018564518928287,0.0762535339683782,3.296484069867596e-05,-0.2517064413628164,-0.3780991894810436,-0.290769424623,0.5144321451623338,0.965059621118292,0.2726491647316176,0.6805493809908953,0.4155791697655391,1.1829069441416855,0.0855716450509953,0.0274297188868448,-0.1472702218791628,-0.2625929783719853,-0.1397440592177126,0.0060650841486979,0.0610646655272433
2025-12-18 00:00:00-05:00,0.546053250547396,1.1001517798813238,0.4241263342830942,0.0763238824316591,0.225841619296132,0.0118222685081292,-0.3561546702935119,-0.1836018592714729,0.454889268098918,0.5520957206828631,0.2215023442159532,0.6520583583109731,0.4072785888490713,1.1873284715042551,0.073490499851987,0.0050789725250523,-0.1259684534853725,-0.3306212410486069,-0.2339186005508471,0.0245134653238393,0.0827029679268553
2025-12-19 00:00:00-05:00,0.0616896419600093,0.7845337991758247,0.5754768090817224,0.1021638733176565,0.3014075700064416,0.5192898116516443,0.5260613888032171,0.0668175961417501,0.3968267357153466,0.4512553724746229,0.2154889384392377,0.6293518095461991,0.4320899394759524,1.1790382373961428,0.0276489131078463,0.0254866064769413,-0.1315569691231213,-0.1840421480228576,-0.2683723061307047,0.0058031999869302,0.0144775153931646
2025-12-22 00:00:00-05:00,0.113070742964989,0.7891397949305093,0.8302088847360045,0.1017444509675147,0.0253752205872419,0.7328302873385195,0.12038346313198,0.0909046864034874,0.4029039681270139,0.7198432105034395,0.2093498389808704,0.614994795199216,0.4385423721682686,1.1817122429902975,0.0587650457064562,0.0289858483855874,-0.1291510185029993,-0.1881877972176178,-0.1744079794143102,0.0578821794986595,0.0159717519020314
2025-12-23 00:00:00-05:00,0.0915204815681714,0.9171461330948032,0.8879960936579745,0.0482342089099885,0.0222691605402547,-0.0811123419377998,0.2614501258380978,-0.1367002374585058,0.4634544827631754,0.8652301656094157,0.3898290802881911,0.6014137797226099,0.3812238215466835,1.218644944307093,0.064580764643014,0.0403621986548845,-0.1995705336421313,-0.2549680764819153,-0.1991803983998529,0.0185387056576239,0.0211515233306203
2025-12-24 00:00:00-05:00,0.0758520152742051,0.8970729049620265,0.9096676670456296,0.0688852410683121,0.1116673818466873,-0.5026762012131443,0.710058691201018,-0.2982560774602208,0.4486564144542857,0.9376300578025176,0.4001352164404161,0.5908992127929606,0.3699930126009759,1.2191311718931608,0.0647854490239345,0.1511911799134563,-0.201435914948057,-0.2478480212811984,-0.3047316866886936,0.0016332948405604,-0.0001199567301553
2025-12-26 00:00:00-05:00,0.0601195413569198,1.3430831202865363,0.86203301555729,0.0631753069949964,0.3880235107247706,-0.7537536321855483,0.4536121567628221,-0.378076136612913,0.4843831284477586,0.7845948269317751,0.4472008182851252,0.5811509694226141,0.3561275809760442,1.2524229291024584,0.0466725809686203,0.2663331718572599,-0.2040218172913901,-0.2967422286642411,-0.3694653956277766,0.0190681520251378,-0.0231953728493147
2025-12-29 00:00:00-05:00,0.0050779643480188,0.5270793957092934,0.9488287097102204,0.0579164410480293,0.911236600119908,-0.8533650042836929,-0.4093197228230677,-0.4371874636939546,0.5082497416157561,0.1284760688558804,0.4045497601887847,0.5717886434722348,0.352897548642076,1.2568153990988593,0.0225356121739723,0.3467216454503145,-0.2029023734674529,0.3839281042694254,-0.5056072434716153,0.0229554276958699,-0.0164994832315122
2025-12-30 00:00:00-05:00,0.0403479188564734,0.5261738223754049,0.2158542807891238,0.044576368295181,0.8574673346837091,-0.6638420663876791,-0.5008016018321773,-0.3065961071965243,0.5345516735058716,0.1943007589534929,0.1911650642528111,0.5585690965111183,0.3432505761496124,1.2668543785462854,0.0163629877593047,0.4479881103926496,-0.2054001244764997,0.0781652765769269,-0.5553835357642054,0.0150485908070186,-0.0118224807404
2025-12-31 00:00:00-05:00,0.0401097539279235,0.6045471381851661,0.3264519471851467,0.0275873023156713,0.6810857897708119,0.347476114750779,0.1243505290445044,-0.4198733503206637,0.5104473657280586,0.3223356520775495,0.1881279090752886,0.5424464940031206,0.3203834088795991,1.2874363928456916,0.017708168492082,0.4507573595772295,-0.2002030576970476,0.1921382492175532,-0.5393743599916306,0.0088644013386194,0.1594910463088619
2026-01-02 00:00:00-05:00,0.0049737225406182,1.650330121356506,0.9477334173192652,0.1301411377067742,0.4201254212117549,0.8836638355595177,0.9245298364611054,-0.0453019174316727,0.4394346796962523,0.3584069401930928,0.2163131205084384,0.5212940250549173,0.3354965926771946,1.2436115107896162,0.0207887302499687,0.4071992122971536,-0.0978393280061524,0.7958341130402097,-0.2527048281374766,0.0014323965409164,-0.004214517160539
2026-01-05 00:00:00-05:00,0.5356735595935767,1.6071248012991126,0.2050163172341914,0.0656885980843997,0.4205931736970953,0.9188772992654668,0.9229068154456777,0.2237647451117235,0.4811734214239689,0.3721140000252729,0.2751955127912437,0.517358109895184,0.3158739466325485,1.2666785519144814,0.0554354199924675,0.4173797969056471,-0.0982510347280191,0.7984659812479368,-0.0763471138256424,0.0272676094810862,0.2756495257293325
2026-01-06 00:00:00-05:00,0.2967793652009233,1.480712621588034,0.6334097046382254,0.219917231722851,0.4207122172002805,0.9623856425514258,0.8935801479237635,0.8261566477289046,0.3709063606232732,0.2919170208798403,0.3016795113879771,0.5138213485920416,0.3714935691537835,1.4203697163298488,0.0537993498334667,0.4685235841663352,0.0285856172591609,0.8656317853912984,0.5343294609919448,0.0008484826449998,0.011240433088969
2026-01-07 00:00:00-05:00,0.9423730269548228,1.4666632285040688,0.7967135556065793,0.0695405604104437,0.466676057165985,0.9062474880317216,0.9155878371552972,0.8929336981052464,0.3306652462648421,1.5679935324105092,0.478677846564301,0.5097469898346884,0.3428556071088032,1.4413623839157734,0.1280208360268266,0.4986954322585347,0.0836643858822199,0.8531251451110846,0.613092525116614,0.0283090640643526,-0.0537956475421678
2026-01-08 00:00:00-05:00,0.6623907029555127,1.2457636749301089,0.8946539541231644,0.1391484096013324,0.619981028692952,0.9041835017331716,0.7683996630419172,0.9378427435276784,0.4023733998089983,1.97296696300965,0.351212630762713,0.5061778217482167,0.3787732294654916,1.4437394368125276,0.1532776979544671,0.5792075604269732,0.0717390792287183,0.7853097133420023,0.698319681280847,0.0658664625675558,0.1281460932091502
2026-01-09 00:00:00-05:00,1.256255779733355,1.1643597106993364,0.6233640486577158,0.1447891995648565,0.7098381669183254,0.811128192702285,0.6467272248594353,0.9268272268629024,0.3372724614620669,1.5186391717751018,0.2996431383973538,0.5088702988167514,0.4090201847222122,1.405029206315771,0.1051057445086769,0.6466602632607663,0.0555488088823019,0.696731846447102,0.7397240369018149,0.0206674397905436,0.0314246714090298
2026-01-12 00:00:00-05:00,1.211616117749782,1.0899963957889136,0.6087963824073943,0.0566623054582945,0.8218131297952933,0.5224431533133096,0.634631093327163,0.876368710409789,0.3706938811732793,1.2127990294688995,0.3603544422494399,0.5047461595839314,0.4002345175145671,1.4257119518977328,0.0997265132410885,0.7278127775232928,0.0434541300065596,0.6830315931256176,0.7326705812788803,0.0,0.0013872339511455
2026-01-13 00:00:00-05:00,0.4564240513572383,1.0550020113437713,0.5445393004763532,0.0472787277740531,0.893261303989765,-0.7088683781380134,-0.3715566735527528,0.7791195367884648,0.3701033969781013,0.8708347749778941,0.4604658428189619,0.5048973129773568,0.3755729858292686,1.4251439197855456,0.0566875028435861,0.819525392211956,0.0428069641026581,0.6982373410194761,0.690000155094814,0.0264496276032882,-0.0051307047344247
2026-01-14 00:00:00-05:00,0.3722239715374782,1.1048508319025785,0.6916220811888674,0.0620513133513623,0.9009536393169062,-0.7116598562317854,-0.5084664266169119,0.6748622380074317,0.3614141062491117,0.8285565159427524,0.399415781804343,0.5078494145944674,0.3389039205055731,1.4322314638435674,0.0623743508558729,0.8469148655539718,0.0495548099090017,0.7187190689616312,0.7176585341508153,0.0277179424579326,0.0552590000533532
2026-01-15 00:00:00-05:00,0.3969616316426593,1.1942851810501094,0.6352551688626566,0.0620189471752741,0.8500060264376287,-0.6813552098848381,0.1867102920424988,0.5825828810709427,0.3617437122929974,1.02158502890671,0.3084786867580126,0.5113753396831541,0.3377155776753049,1.4190174948642789,0.0576561536775972,0.8621771686191455,0.0583320651634724,0.6982590152812365,0.7086340560764594,0.000539067635657,0.0107027782898343
2026-01-16 00:00:00-05:00,0.0699484068818187,0.9742772079139784,0.7278489094010452,0.0759415801234684,0.8282352155868935,-0.0320224223899495,0.4555877675125475,0.2222034069097925,0.3609351459032722,0.8412256777451572,0.2044570955729031,0.5153436421135116,0.335129093532984,1.413754849840758,0.0278700737679055,0.8788976197269452,0.0559317110482747,0.6465094485405248,0.7105943031868978,0.0327074955472041,0.0954982845759397
2026-01-20 00:00:00-05:00,0.0676486368130961,1.1790677421552989,0.7517716481468933,0.1096769149129231,0.7903070148229185,0.8128569735161065,0.5946869794371686,0.1530176446129615,0.3243070235958964,0.7255120799092228,0.154750219289871,0.5204042382524439,0.3266392631115426,1.3724475273187595,0.0274190387873308,0.8868189492894881,0.0712426489539891,0.6336614263873039,0.7337087242664889,0.0,0.106307410723017
2026-01-21 00:00:00-05:00,0.1783263684316546,0.86853178744372,0.8386669670399204,0.1153655433236264,0.8556912053394674,0.9389037722512934,0.5838255004000907,0.0257360429257946,0.3332402405877755,0.3147391501911233,0.192405533026726,0.5210167458716746,0.3559445962188211,1.3596068377954866,0.0524996750998855,0.8980725438018784,0.0695053365405051,0.0024706565288292,0.775933990037303,0.0313572819273323,0.0042889223001374
2026-01-22 00:00:00-05:00,0.2841113724814383,0.855872635791511,0.9111661985288618,0.0836621409691828,0.843753264257017,0.9428805570878864,0.5736111208742208,0.3610978886266408,0.3697759470032894,0.6412772768416036,0.1940729422057321,0.5209437185461685,0.3835581081209218,1.3927534489547766,0.0891120288397396,0.9089974682723292,0.0649382487775313,-0.0844919140149865,0.8095172143587689,0.0672864218543575,-0.0588153816255133
2026-01-23 00:00:00-05:00,0.2832362167693214,0.7806365728374386,0.9190799618349084,0.0859883557472813,0.8904176403708423,0.9501137933338452,0.7831820196424693,0.4124935273817085,0.3724753825098971,0.6167810435696593,0.144591998604531,0.5324630448783075,0.4123416436763967,1.37597154737566,0.0960926319045977,0.9269347956130304,0.0661314863781606,0.2531218788995861,0.8249686562571006,0.0214920879432895,-0.0063946961255367
2026-01-26 00:00:00-05:00,1.1282813636313276,0.8094610493576851,0.5232661447973354,0.084724654240636,0.8305409990524458,0.5768010994469492,0.5579636727914129,0.6287739320598554,0.3728334820103798,0.7720795343853581,0.2421617710440194,0.5462576404421265,0.4080076648579961,1.3745911272280926,0.0792697512232544,0.9368373169116372,0.0685277816274206,0.4725785040397353,0.7889126134024309,0.0345656247878434,0.0225786005913979
2026-01-27 00:00:00-05:00,0.7645851552001376,1.0615287603955144,0.0033794884641588,0.0662155399220331,0.7629657795234981,0.4188685871029186,0.4650578023242415,0.7450213426825033,0.4244853950094,0.9600298557042154,0.2556657660519587,0.559623402711366,0.3998048654938899,1.4057888047512053,0.0446309833072563,0.9363041768550064,0.0720859425224652,0.5324849316866803,0.7496800340961227,0.0204883751443066,0.0959641337471564
2026-01-28 00:00:00-05:00,0.1570229756190791,0.945199473652681,0.5582970203412841,0.0646131141860847,0.7073285272034155,0.2684237544695589,0.429109841797036,0.7128605125168628,0.3711312956277206,0.9948674450899258,0.2209096098828284,0.580649840626879,0.4027884206853451,1.373576896206539,0.0290206209812981,0.9298754632813374,0.068252114564667,0.5646744810806207,0.7045595788117414,0.001899644461981,0.0221177393289984
2026-01-29 00:00:00-05:00,0.7330474083051589,0.7621709630812713,0.1368431880923641,0.0737333424759828,0.7175959296005298,0.5079388311803034,0.3743176703374669,0.7089169705478232,0.3696087638473584,0.9881239134315484,0.1740668753496949,0.5963547895788087,0.4245060059859163,1.3604409027330775,0.0443670937608725,0.9301668793346096,0.068294456866083,0.4574884530145482,0.6818972779451219,0.053391782504568,0.0685147655171392
2026-01-30 00:00:00-05:00,0.2272192769252283,0.9551377433295378,0.8433953006445094,0.2206440224665015,0.7061112343377332,0.8116574858298491,0.6080102892099919,0.7442604097145571,0.3592364329836632,0.8659433220240205,0.2506437763722985,0.6127428969621248,0.479020600506478,1.326226224981353,0.056100887144856,0.9290637441587702,0.0786894788865684,0.4585244391813464,0.6912890513227034,0.0664127901004634,0.154429484137744
2026-02-02 00:00:00-05:00,0.0827098984822719,0.7963079353660908,0.963313047496306,0.152680872924744,0.7111127067496886,0.7718923959307404,-0.5629521619821488,0.7113918593183881,0.2924809244490376,0.8392310250225877,0.3708899404187926,0.6286048831862622,0.5134270746651319,1.3179645355579184,0.0650861761743645,0.9334324881816892,0.0453841457561795,0.0738245505049436,0.6509835462399873,0.0079992221466782,0.0455024051103503
2026-02-03 00:00:00-05:00,0.4724284670232928,0.6315033405685557,0.9133881681394208,0.1135348357060677,0.6562095316849726,0.7006931365338176,-0.67804473306353,0.7268519254618222,0.3112823639633264,1.770618015283547,0.3205230215016021,0.6305899320544786,0.5457389929274125,1.3133177312239597,0.0990108369197904,0.9004625117743968,0.0462985791488652,0.0611199476530304,0.6710522674214229,0.0689565534966911,-0.1595376348502128
2026-02-04 00:00:00-05:00,0.5284781123868765,0.5881570735382631,0.9324356268171232,0.1235320764944094,0.7104737903931208,0.5028566096173931,0.0003687742195561,0.7288567935820733,0.3552989595048357,2.805766581228756,0.2827241042473459,0.6395799286268602,0.5668429327610564,1.2984459132286816,0.1293298593221056,0.8779429968594918,0.0545205854529571,0.1156695215974075,0.6405874793993003,0.0038990639036219,-0.0142844508772701
2026-02-05 00:00:00-05:00,4.416940230928255,0.6045589504973885,0.256928026235124,0.1016585322547117,0.6836573019282682,0.2219661516947037,0.0326230594505861,0.7376000497998924,0.4156195603159633,3.0669623597936546,0.2148680984218537,0.6583107359436027,0.5831762150392783,1.3332517040050569,0.1135569437430077,0.8739515915879785,0.0066221929493243,0.122733633541625,0.734742238440223,0.0029268725748337,0.0377473091621267
2026-02-06 00:00:00-05:00,4.075226451594967,0.7800496388476881,0.0508469155875834,0.0648657206697518,0.5927717722056223,-0.017050177767454,-0.4762789886602502,0.7150312958047415,0.4481144021019897,3.649731569007591,0.2992804952911686,0.6833616178550632,0.6028666128616028,1.351907484517215,0.094739329889457,0.8521702328326671,0.0206884244636353,0.0994235445893134,0.7197350919949057,0.0365337871554617,-0.0243331173107009
2026-02-09 00:00:00-05:00,1.6757253667883487,1.0480758424548924,0.5687270928659827,0.0886070143457591,0.4596562324205632,0.5072181911576863,0.0127856832519935,0.682695997050609,0.4655124703586134,4.287808244160361,0.3947701217547414,0.7150476241777161,0.5972239775998792,1.3454950543746649,0.0912424879459311,0.8279125310215139,0.0276466262326469,0.1150329326365496,0.7486069709546707,0.0538532602091252,-0.0715804045561476
2026-02-10 00:00:00-05:00,2.023357824240456,1.0935234302900354,0.447846843351365,0.0734300102632824,0.2354021614243369,0.6047787098838541,-0.5056142615446111,0.6138750406353928,0.5226718825182579,4.945116516867447,0.4333035446128394,0.7459035056878525,0.5941684609955831,1.3323145037949624,0.0919615330958393,0.7920561434464234,0.0262067355286064,0.1051297001865169,0.7744037617474989,0.0026137868321554,0.1065283410504347
2026-02-11 00:00:00-05:00,0.3902316662043907,0.6792068101377339,0.3457922418051867,0.0653413790716832,0.0031697920519503,0.3465362521710576,0.4234379499725077,0.4770791816728295,0.4063970307508859,4.339884980234993,0.2814354296511442,0.7756835818468409,0.5999013839381252,1.3338806115450756,0.0352713249563016,0.6961926404845296,0.0858600108329344,0.1426247926356328,0.7624821588853655,0.0060501296456352,0.0516400537008328
2026-02-12 00:00:00-05:00,0.6927719142961287,0.5247182752254894,0.0045867162185394,0.0817734851003418,0.0234464092284322,0.4602226844097526,0.4843623508960796,0.366617788956518,0.4032429715248989,3.401367426748169,0.2001435386960095,0.7970325552722217,0.6279951083593031,1.3261094909316469,0.0371516602035533,0.655921080601619,0.090599025048803,0.1588754914234081,0.7249885091898984,0.0229021671840195,-0.0059178800215481
2026-02-13 00:00:00-05:00,1.1186921232774172,0.7145342047802682,0.156442977786874,0.1230580269087525,0.0836317371770895,0.8632887319422807,0.6524932824504162,0.3681030120267597,0.4243488347785055,2.793079930297416,0.1527764929641014,0.8200217795311802,0.6483620865534528,1.341262289000802,0.0514365394047154,0.6293909896023676,0.0966491380574048,0.0153573711066052,0.6702594467248473,0.0395643558100787,-0.0574086613305714
2026-02-17 00:00:00-05:00,0.7358369045640225,0.5608101496925705,0.5848777321873603,0.0648774789049734,0.1181853200838189,0.8771103502224292,0.8326297623454596,0.6520133232252493,0.4147208410881638,2.7591014784452144,0.1859656959569664,0.8444709290318356,0.6529383406740511,1.3451608239373016,0.0612512166441968,0.593537695281953,0.1125905871026772,0.4531489275176977,0.6162275928128915,0.0026879404105392,0.0166105032467716
2026-02-18 00:00:00-05:00,1.1743726685416809,0.7049345372625417,0.307505616334876,0.0729282583064774,0.0345951183893801,0.8700920011792033,0.8153373046392286,0.5881727142121019,0.4096602210399682,2.453243665253154,0.1362062140590716,0.8611142145847607,0.6698783476467411,1.333594004460209,0.0594195687870424,0.5019167636682583,0.1102908028287741,0.4262635931248505,0.5943522598024744,0.0137169571466113,0.0344603624251977
2026-02-19 00:00:00-05:00,0.3624732537510059,0.568407236630227,0.1114759534163123,0.0742972956541331,0.1809991283243013,0.3628134797861135,0.4039703893876653,0.3192620546626607,0.3155098266607141,0.7550130487409811,0.125359688353136,0.8770688804720459,0.6714578027635116,1.3107099879405308,0.0286537270070373,0.4252367032202899,0.2475638478817147,0.4044623820552935,0.5598611512399413,0.0121039313228064,0.0464988046803347
2026-02-20 00:00:00-05:00,0.3100402850072805,0.5230521604407637,0.1646225298815402,0.0562336909306513,0.2652787138092417,-0.32766299875889,0.1041892685958004,0.1866012631552083,0.3081219337807447,0.712492529280013,0.1860087933316646,0.8842412233416848,0.7032483243987415,1.3009676530524426,0.0267162835997991,0.4017216234173409,0.2455929016533641,0.355654919545295,0.4969839990542074,0.0005681421849634,0.025416588882374
2026-02-23 00:00:00-05:00,0.4704475201986961,0.3544329792495994,0.2760633859124851,0.0714989178495645,0.3678413342827915,-0.5076497819559485,0.183837379831926,0.2768780629389357,0.3405302555767648,0.7748687653992073,0.1696429955872666,0.8919535154796688,0.7236009734176538,1.3286666743481634,0.0349110982737303,0.3992267148980851,0.2797282914370455,0.4457696542122759,0.4503257721447177,0.0230598119337379,-0.0419660776800101
2026-02-24 00:00:00-05:00,0.0287924299863654,0.4219357064768024,0.9778334183405936,0.1042784526671245,0.5818081335290859,-0.2006680415290934,-0.9042215264609416,0.3768182157786683,0.3453298146577664,0.7565377918918913,0.1677986026933684,0.90288795771976,0.7393510327091339,1.3072899068719244,0.0504263512426279,0.3746612668164241,0.2554901257713216,0.0415871513653754,0.511480910815211,0.0375092111664377,-0.0096160096169655
2026-02-25 00:00:00-05:00,0.3601301969651833,0.5364211297369601,0.5651050474884166,0.0570697194286851,0.5539408682568135,-0.4155682406878424,-0.5376072950202897,0.2540319873033148,0.3400486916501768,0.7932239834213296,0.2782359632767633,0.9104660695484714,0.7467349148242305,1.3323484368200176,0.0404579177726787,0.301665530289736,0.332153316448382,0.1169484672505929,0.3811243841412132,0.0123389917082938,0.0308675470137094
2026-02-26 00:00:00-05:00,0.3657902634631444,0.5286650144760658,0.0102829709652814,0.0818595505171929,0.3391452055784278,-0.1227043047006651,-0.3461550268629161,-0.0816601534531868,0.3425065047052027,0.5142024881241991,0.2111396722197582,0.9154891295105788,0.8256710538431391,1.3261147584580877,0.0266210423990155,0.2095367507640504,0.3625862719388423,-0.031684171344385,0.2356582481188165,0.0599931718961901,-0.0253720485397533
2026-02-27 00:00:00-05:00,0.1898797457628098,0.5930826998120762,0.1317165298785225,0.0636760725705924,0.3110052158599011,-0.1582172796199733,-0.0332512416437742,-0.1420547078988702,0.3307888488643998,0.5207462401281066,0.2814044333534167,0.9215653902224942,0.8307215317369202,1.330339025630422,0.0207421433228995,0.1634007673348035,0.3584394683345662,-0.007314002169521,0.1088725078960408,0.009265161383322,-0.0256232193355875
2026-03-02 00:00:00-05:00,0.1824204701619449,0.6007322500836869,0.2973226885251077,0.0827615362454962,0.3415708796782581,0.1716676010115169,-0.0580244312801797,-0.0831948627763214,0.3317018809116467,0.5126210701732888,0.2879711443279482,0.9234198651293808,0.8295509052615493,1.3240230698723936,0.0228949886953978,0.0957199086114326,0.3620568757103611,0.0024810375075818,0.122471820433853,0.0340179639064393,-0.0866932261803624
2026-03-03 00:00:00-05:00,0.1515913979404747,0.775061923804378,0.2312028673371987,0.0620142104749522,0.202355580147264,0.2587086303963618,-0.0375998182391059,-0.0598340653731443,0.3437859502225736,0.6971170798876594,0.2389055556879541,0.9216858819946072,0.834667921213945,1.2987036402083667,0.0208787587293426,0.0464841368217245,0.3402807704174999,-0.2174675146533341,0.3223726560761077,0.0143042880123908,0.0595143807367204
2026-03-04 00:00:00-05:00,0.535311697082842,0.5618005709010991,0.6342825516783877,0.0531320142609503,0.0822408184624957,0.2674677947138463,-0.2913247517599115,0.0294304461837356,0.3560745141186463,1.152973498570102,0.1780755940815142,0.9096033540551004,0.8318533824007609,1.3041672338396106,0.0552650252080972,0.0405990169716394,0.3228425930027554,-0.3684728950697542,0.2746586283457031,0.0179606682914556,-0.055870815677108
2026-03-05 00:00:00-05:00,0.5014015414813362,0.5400711912597245,0.6850796375425255,0.0747496201636325,0.4124666411937507,0.4864452510537648,-0.8313413098757523,0.3297743179845624,0.4039498406485984,0.7896613587549879,0.2042136803176059,0.9030959649517774,0.8361538231594803,1.2973424072859572,0.059319379040825,0.1804375022199564,0.3407212470430598,-0.3030581994420277,0.1635948980295601,0.0109189349712745,-0.0676461888451969
2026-03-06 00:00:00-05:00,0.5316549601596208,0.4246491928945655,0.6449124639432627,0.0807478696420428,0.7441345661736107,0.2076176547823746,-0.971484358177482,0.4111136901061609,0.4275690628517525,0.5401693162426173,0.1211646553338954,0.8907161413796327,0.8331065294742908,1.2705010864367992,0.0595745788256756,0.049539709162677,0.3364121368069753,-0.2592392408951662,0.3293849247320096,0.0012768120511285,0.1164355553240681
2026-03-09 00:00:00-04:00,0.5482385655966541,0.4312345429290557,0.6755772441512636,0.1402514695660058,0.823275064733132,0.1546342890819703,0.054775580736684,0.4470948182515198,0.3727685254607417,0.5373510221218217,0.1199699265760213,0.8681093144631505,0.8322539703718018,1.232339755930172,0.0598998958144841,0.0053390506554254,0.3405259677528124,0.0121448564561102,0.4270150323539835,0.0,0.0512289762374151
2026-03-10 00:00:00-04:00,0.9664327039827592,0.4866921838281813,0.0206157043407042,0.0684545514547885,0.6569547892030463,0.2177758945588878,0.1608821581538196,0.5127963905200961,0.376254253742692,0.8078800806900478,0.1404013442831218,0.8562380120123366,0.8244502096997218,1.2183290163944551,0.0446434253968376,0.0188418598748525,0.3379467322404764,0.0989479210811104,0.427403416347173,0.0061244981555919,0.0590411497398295
2026-03-11 00:00:00-04:00,1.3851327955573547,0.4859617403177236,0.0799371883071969,0.0589184506168114,0.3398797223196898,0.0685011995904686,0.2733145670008128,0.2648330526476646,0.3686282338468874,1.3597849174869632,0.1428569797314277,0.8489371564389934,0.8100908352943345,1.201924944787193,0.0535832212576308,0.0286311721715411,0.3299643037429766,0.0210552483977844,0.3059468359324229,0.0114226763713164,-0.0558564389189802
2026-03-12 00:00:00-04:00,0.7357438940211397,0.4686816072807727,0.7636946638150853,0.0614837221974014,0.0287588497049854,0.0975568944003872,0.1333410549739114,0.2436703702787515,0.3331824928662289,2.4256587297993693,0.1242152799261386,0.8459050783446072,0.8016444877827724,1.2140898992394895,0.0793047868222242,0.059752415713255,0.4061132208204706,-0.1058757245715368,0.2199812430081581,0.0102163606670208,0.0691638720248173
2026-03-13 00:00:00-04:00,0.8888822212320232,0.4481386264851773,0.6794915818346832,0.0770669605256638,0.0212064444897264,0.0711961682875913,0.2268618780942045,0.0709371589615017,0.3051147132901143,1.950316758279918,0.1056346486087757,0.8339998421303289,0.8064379318674822,1.186292376440951,0.0723857511028446,0.0750202337829124,0.399869954739642,-0.1121757058093694,0.2068928203314652,0.0121918389875644,0.0634956773913462
2026-03-16 00:00:00-04:00,0.4168469325127216,0.1497606482539956,0.5914583797439922,0.0473731766333508,0.3064845131198755,-0.2008565840870176,-0.3967498537253746,0.2029008626666786,0.2974716770264135,1.5468480839065344,0.0951081013568977,0.8271460915661417,0.7917016329779548,1.1636831173390596,0.0425748358915913,0.0132736514827978,0.398358989425585,-0.1190258859432612,0.1758232850583404,0.0001309443403991,0.0235066411502711
2026-03-17 00:00:00-04:00,0.522275837219435,0.3519731820203453,0.6213455699455145,0.0366620111731843,0.6760851187189749,-0.2618432832753414,-0.1644400598061096,-0.0898693297951077,0.2871960880614174,1.1251953474478165,0.1206884953984476,0.8240791063296035,0.7623643673819078,1.1563332241324356,0.0489289554576541,0.0100407513904025,0.4026809967361711,0.0499610422523445,-0.0070439715803079,0.0291620179927548,0.0465445940912421
2026-03-18 00:00:00-04:00,0.5145841050580746,0.3497356835504001,0.7030892782963855,0.0630398260416773,0.7566946360194423,0.3019706023189515,0.1007461705406289,0.2888500278373375,0.2911807321351971,1.0534003410248545,0.108436095875818,0.821677842974841,0.7491242660781776,1.1485710096594317,0.0536134645403471,0.0448450635561197,0.4017699566908063,0.1959679938418178,0.0599746664934729,0.0198831727528613,0.024413252603139
2026-03-19 00:00:00-04:00,0.0607259296513598,0.4354144283118202,0.9787111882133098,0.1187866748213741,0.9092954958355246,0.4291540844513293,0.4272697861153897,0.4098900621855107,0.3077490866940455,0.5385458979742631,0.1118803484846537,0.820882932866275,0.7413017068669876,1.1573288080127686,0.0679567201541593,0.1127885582468129,0.4015148672055672,0.1767247209505604,0.1934101166587381,0.0214240598048704,-0.0807936933687264
2026-03-20 00:00:00-04:00,0.0437999743962283,0.5559685663497272,0.9792751799215128,0.1025624417600842,0.939968850190654,0.2175376961452788,0.0228681851717229,0.3636153657243442,0.3396457645923521,0.4475793249567869,0.1246681230388849,0.8205760245024553,0.7427806416721813,1.1243921780180806,0.0610107103225717,0.2117462997815771,0.3895698895921534,0.1015047589894927,0.2547532830492419,0.014701755153687,-0.0101732137277884
2026-03-23 00:00:00-04:00,0.8850201711033124,0.7656103168771381,0.1166810429271733,0.0976815676555953,0.8081817820179563,0.0110289671242881,0.0772449886034552,0.2372312545770636,0.3486170583224642,0.9205727689985144,0.1371146801941699,0.8150718330441885,0.7347447153409322,1.120057379724816,0.0422233556500896,0.3007977793413622,0.3962501634042092,-0.1465067076373162,0.2940693295357033,0.0330306751102042,-1.4248979720909992e-05
2026-03-24 00:00:00-04:00,0.8413427123747255,0.927055089787194,0.1756068654139544,0.0448471006387183,0.5932247993471841,0.2314145658125056,0.1838444978594133,0.3377455295436007,0.3559959127435654,1.4205430734990994,0.2736082002780693,0.8079838085398694,0.6984505932426222,1.1236868568651524,0.0426144920243792,0.4156590969741396,0.3961057760730008,0.0025908498693569,0.2144212131701886,0.0194611425168121,-0.0350472551555975
2026-03-25 00:00:00-04:00,0.3780511836522989,0.9774677241236804,0.6978297075435378,0.0756067138296851,0.3598827539312905,0.1481827370074042,-0.4206348881070664,0.3224023672964566,0.3688814924251251,1.7617180017398506,0.1550196824110098,0.80026539363033,0.6739098059642261,1.104612440694775,0.0480324153639103,0.4802215325294035,0.3759587976215237,-0.0793895438639462,0.3035396373955459,0.0199692780337941,-0.1101849999342701
2026-03-26 00:00:00-04:00,0.3743280151438992,0.8656339345950691,0.7723213621076217,0.088119180195193,0.1129888070427275,0.2046837392024534,-0.2586038930168736,0.2003142463660064,0.4049438913083009,2.515979702089628,0.1712540436450871,0.7880468953348778,0.6431095149594438,1.0725830028368497,0.0583714080640763,0.4924957159377763,0.3772677140706103,0.0550354615648704,0.2942324904046233,0.0017430483383505,0.0209891648099027
2026-03-27 00:00:00-04:00,0.6972627101584438,1.095341916410192,0.7246613452917321,0.0652772395399124,0.1552874286597878,0.3078890408937538,-0.2427396439999886,0.2319492591918525,0.3900751742435077,2.735197805404669,0.2107716028670843,0.7574750771175854,0.5995226760490694,1.0660822480275085,0.0716950556856953,0.3954209278154244,0.3800456325486283,-0.0130626561035962,0.3247453841580938,0.0006336054736348,-0.0703603525118885
2026-03-30 00:00:00-04:00,0.5855674914047452,0.8208457362904481,0.8159835151444773,0.1439248004894066,0.5796057119840408,-0.0793534738169913,-0.3549235654051534,0.105905552785106,0.4146375631140829,1.8655873201355757,0.147231493641217,0.7305362389229437,0.5496535742119957,1.037879274016631,0.0833541783589235,0.3156337096645131,0.3600883465345156,-0.124904605113879,0.2678597234634345,0.0216735069664979,0.1097642390488538
2026-03-31 00:00:00-04:00,0.4116427966333022,0.5439171595035918,0.8879983723568092,0.0984677530185938,0.8146362717763225,-0.4844529777518294,-0.2021000124573098,0.0702340510678034,0.4332168265812542,1.1352128780990212,0.123001315394143,0.689144346348089,0.4661645355186713,1.0356656418051722,0.0850354454382214,0.1697343612719368,0.2732588208956419,-0.0509295499743685,0.2524871980684136,0.0163092918423127,0.0903295104785468
2026-04-01 00:00:00-04:00,1.3848646890636642,0.4280776538883327,0.2182159579812428,0.1007987278891532,0.8211784168488858,0.4869416551519132,-0.0382794390027329,0.2420770826941063,0.3956519773935636,1.008809084212935,0.0860324304745336,0.6652396136914475,0.4250602139813776,1.0036499248623842,0.0565370683406625,0.0895073345232615,0.2719080588835466,-0.1549921286207555,0.3359320327299108,0.0110227087393712,0.0127900432152847
2026-04-02 00:00:00-04:00,1.1573339525689794,0.6665190540350928,0.4928495799295816,0.1032721188387493,0.4554797973215437,0.0403918982819683,-0.2216353078132608,0.1742952005047835,0.4983394739087962,2.5434699528074085,0.1222499729432553,0.6570121883133218,0.3393517342435389,0.8882363891721035,0.0637638094634075,0.0803210625690323,0.0434914028463653,-0.1836608034378707,0.279157511078696,0.0016976230900314,0.0328396601226061
2026-04-06 00:00:00-04:00,0.8720039224574984,0.64774489817352,0.7292995526213547,0.0347058320625796,0.0815872783085714,-0.4667498838356725,-0.2001469704498746,-0.1787477475599664,0.4879179652735627,2.867826980451216,0.2724014074724465,0.6463273964274973,0.3402117716605373,0.8815950569403599,0.074543809371564,0.0510811345522033,0.036492310913705,-0.1750655502544784,0.0533456481996673,0.0129661361402352,-0.0190856257630132
2026-04-07 00:00:00-04:00,0.3857838529163507,0.8705068781660389,0.9091933181238152,0.0703185195943145,0.0128302681304907,-0.6354408808606047,0.180245970605341,-0.388005939761346,0.4706528056980801,3.3706595354406845,0.264653754426779,0.639415400806978,0.2896665238306475,0.8988250408536852,0.0864359521587144,0.0157238544917392,0.0635813158508296,-0.1940233951797796,-0.1017511685299155,0.0323053951171364,0.098621325021057
2026-04-08 00:00:00-04:00,0.3517776435516604,0.829378577708969,0.7087435072772804,0.0635178235112404,0.1711091048628801,-0.4864749497705312,0.3527310918041555,-0.4804884200935785,0.4833013085705737,2.652663723982964,0.2144047889830791,0.6312122116362288,0.3030016311089764,0.8967367072024334,0.0439697096947132,0.0023936275446034,0.0940026130811704,-0.1171196104612766,-0.077831297822428,0.0289668647610411,0.0904981184540012
2026-04-09 00:00:00-04:00,0.3362975542922724,0.7777183134716852,0.7062631317651792,0.0611935171026244,0.5898433104667753,-0.0483709448543775,0.2971851989081216,-0.3874751539994969,0.457120360822507,1.7632586966922117,0.1889900260970161,0.6304742099632203,0.286652742750297,0.8804180703768537,0.0409946754383828,0.0108778048417309,0.0999700106034786,0.0444013252415238,-0.1106275858785213,0.0147843746477469,0.0002348746495426
2026-04-10 00:00:00-04:00,0.7112550613734625,0.8795842735616455,0.8072964079989812,0.0442530891387034,0.87300512913534,0.0500882072612904,0.3440714701406828,-0.5355207525782724,0.4576470040271149,0.9834915519529938,0.1567822666519624,0.6290701879364174,0.1896799777418119,0.8807880972644766,0.0735972541640619,0.06543942536975,0.1000306150517588,0.0350644871449917,-0.2946016470983901,0.0188740716136977,0.1182595984350143
2026-04-13 00:00:00-04:00,0.5133130731567,0.7636521557399987,0.8645704428486088,0.0997133599895426,0.9147166902039512,0.7133037123152465,0.6252390575311271,-0.1991675314526709,0.4071496037360564,0.7069587597685799,0.139885397451981,0.628450135217546,0.1188457759583657,0.8548050971631798,0.0705272496024245,0.1010697240818806,0.1447082933735404,0.2654615113212953,-0.1727997556287632,0.0001557053370819,-0.0084409218134842
2026-04-14 00:00:00-04:00,0.3900988288580465,0.7971711521165347,0.9434288992502784,0.065351339934448,0.9337026729911142,0.7098705252294885,0.8083144768207354,-0.0949903272243623,0.4333057839543188,0.8074337550218051,0.1401399316733186,0.6157326793717877,0.0371542522660875,0.8689111778706032,0.0955329580773491,0.193041179550425,0.1362623654037681,0.5673708629815841,-0.0961150809543252,0.0440447512628443,-0.0558414861852757
2026-04-15 00:00:00-04:00,0.5481494865606159,0.8831063412895928,0.8823123503832535,0.0688917189391626,0.9324700011898922,0.5946074064732306,0.819795804964481,0.0287069307919001,0.4638451629507034,0.828549229048645,0.1551221213036052,0.6092705035932074,-0.0389255861679228,0.8526697928319201,0.0808025043072561,0.3047213818612482,0.150829013287008,0.6384822899835186,-0.1292074268196417,0.0191317860271949,0.0311196349882341
2026-04-16 00:00:00-04:00,1.4068561831379969,1.104806559496568,0.3163252820705007,0.0412549245341561,0.8646232835768598,0.6101061874900565,0.851018982414346,0.1045334243790656,0.4928056484223008,1.3547898182212967,0.2093081913447994,0.6091419741534487,-0.1281404540645835,0.869966356276437,0.0528915535240528,0.4017104713701744,0.1382813947774389,0.622764171139558,-0.240836237194516,0.0045838653765749,0.0016531475520484
2026-04-17 00:00:00-04:00,1.3532871941057678,1.0849624233723294,0.0820213140374288,0.0483254405783823,0.8262762215156739,0.6302950311528549,0.4573304792877612,0.4960061707495994,0.5442947413764538,1.6030613904084283,0.1816297892071398,0.6101231970769699,-0.0869856871286771,0.8975174851767238,0.0447307560425835,0.5388526059317149,0.1062914198700127,0.3084871495053262,-0.0914918634194729,0.0378350482596225,-0.0086536995924317
2026-04-20 00:00:00-04:00,0.3310243096044679,0.9675672649361562,0.3388742762817507,0.0548889622587328,0.7425508932077215,0.4237856068683107,0.1654897359487696,0.4141864003087401,0.5514008364240199,1.9927646398458143,0.4542821931574597,0.616957810360483,-0.1519314548085227,0.8972325464508439,0.0261819972475165,0.69248856791043,0.1140580616977822,0.3890516127642897,-0.2100054148254397,0.0135880047822685,-0.0104379193150307
2026-04-21 00:00:00-04:00,0.2908028960122509,1.02636725094811,0.0791806405660814,0.042657776721769,0.5985616374956994,0.4532081024860517,0.1666418282941954,0.1904489968818594,0.5244440909072485,2.3787694074281225,0.5648512053503922,0.6239141456001139,-0.215986785843245,0.9206984814903884,0.0209028486850328,0.7616568003241113,0.1185408108379408,0.438718322170629,-0.2733854056748316,0.0046235686158579,0.0836534083462701
2026-04-22 00:00:00-04:00,0.1157363786713601,1.1927479728785746,0.0490235453926289,0.0925380234303609,0.3742845074342497,0.1746345234667317,0.4240220319860184,0.1281237593955775,0.4808644777911816,1.5445389472889983,0.3553763375301262,0.6264210519241227,-0.2303430641769282,0.8959855476375155,0.0124651697111317,0.8047606168943119,0.1401554872622868,0.5000172571775094,-0.2579023172392275,0.0284921196657375,-0.0476370579218373
2026-04-23 00:00:00-04:00,0.5400428672599918,1.121528573761095,0.2911811782911752,0.0556325956934066,0.3237029247246688,0.2578507223323404,0.5271434790402489,0.2093041139697176,0.5163175750001654,1.094239276134052,0.4588901334656667,0.6273259231770709,-0.319222018765452,0.8895029844247245,0.0319590150178158,0.8639671723739789,0.1523980886104567,0.5766827767488325,-0.3297026173055977,0.0066628440802342,0.0616346880620604
2026-04-24 00:00:00-04:00,0.5444987751235415,0.792269252502074,0.2268755417090197,0.057712482186943,0.1633854393485646,0.0229937722749737,0.6989044404520657,0.119937307235017,0.5330134274874123,0.935413350649968,0.4961736274594871,0.629876782396749,-0.4083780331438268,0.9003499703675244,0.0298217473298081,0.8717627708247129,0.1380117289432277,0.5339155248099277,-0.3614495214954858,0.007919876778756,0.0811192289901634
2026-04-27 00:00:00-04:00,0.5106708825779267,0.542844747607905,0.5498580648162887,0.0605897426197173,0.1328801105329641,0.5322333650111309,0.7874033660016209,-0.0935388802833736,0.5039245116788056,0.7409069285597177,0.139093243554854,0.6370459859144728,-0.4558065174646722,0.8901245394371065,0.0364014224030797,0.8627012423113464,0.1423969917340422,0.4132064696703181,-0.3711370967306864,0.0105576101900507,-0.0633993446847397
2026-04-28 00:00:00-04:00,0.8732857486212795,0.2752098339581904,0.7302916679786978,0.0719540124201437,0.4928205984091774,0.5085496417219573,0.5592642222651315,-0.1150990824388577,0.5748990013823715,1.3055142949154324,0.1313575334704803,0.6412508802372134,-0.4637104485083507,0.8906346452019847,0.0635442589385565,0.8638143808035139,0.1039241430435253,0.335526621927685,-0.3899739240096807,0.0214771767355077,0.0617149567100066
2026-04-29 00:00:00-04:00,1.222665400635035,0.209142498792673,0.3430819137804773,0.0401643947137829,0.678123528619418,-0.2185027075156138,0.0858189359489978,-0.2172611761317962,0.6251022022462012,0.8645396274765422,0.1397500361871195,0.6562168505143663,-0.4937032515249426,0.8287194568125288,0.0467562366954308,0.8500913016007755,0.1486585382894221,0.2231062208399348,-0.3815073861011477,0.0039323379726362,0.0303511994941962
2026-04-30 00:00:00-04:00,0.986351384263081,0.2624700986130932,0.584847520768028,0.0350133934641036,0.7243486632181458,0.3711911149568766,-0.2532413704548426,-0.0435708360481685,0.6342942641392646,0.8666670922268499,0.0967759467718731,0.6894328200610129,-0.4988503551303379,0.8430874372176125,0.052042807565153,0.8491748423440977,0.1509717421197624,0.2481364150236775,-0.2769902430291273,0.0183921324934075,0.0825254575229248
2026-05-01 00:00:00-04:00,0.7105773915306487,0.4928792386553954,0.5045319755083761,0.1333685743701913,0.8082807102506837,0.8224919671112105,0.1588788712579213,0.3413175779018327,0.492459972866865,0.7262505062723972,0.1884157950275804,0.7286702253071267,-0.4246232326010661,0.722631747215033,0.038862212633613,0.8485200430681457,0.1776882634439376,0.4959684659516006,0.0701314203374607,0.0104058651659179,0.0580117820990417
2026-05-04 00:00:00-04:00,1.1580317772179567,0.4944378765528804,0.5963412869665501,0.0573646944561774,0.8480362812242864,0.7167577574812194,0.0302306579270812,0.7796129672907147,0.4588091179971238,0.8883580162143895,0.2360942915377778,0.7341149054573065,-0.3795212880783394,0.7107527279856038,0.0534364339245216,0.840553288284174,0.1615297501731891,0.378027280301241,0.1990302939903965,0.0140568925656847,0.1198063181345654
2026-05-05 00:00:00-04:00,0.1108806225469777,0.5778926784689974,0.9807231077443432,0.1029860117410084,0.8639527971344324,0.7164474952692974,0.1382006202076719,0.7971182041016673,0.4251877489079753,1.0649698722875585,0.2115515252051642,0.7342747510003418,-0.2864322669620951,0.721673322214501,0.0715026694835946,0.8232819885932737,0.1806785241015251,0.3435907687320578,0.280729383451902,0.002234276585126,0.0026025615218965
2026-05-06 00:00:00-04:00,0.542666420658899,0.7554808147620863,0.948981080556811,0.0710587803278777,0.8253800815789821,0.724500450938513,0.2193953855560876,0.7997154281548471,0.4137647572982634,2.380432884479549,0.2070743839109859,0.7227780787937851,-0.2138805997103475,0.7317688429917023,0.0971067411499128,0.7657713036515378,0.1689586256549817,0.2775476256458679,0.3668151793912932,0.0503825801064119,-0.0496602934092523
2026-05-07 00:00:00-04:00,0.5587077477188415,0.6760793587388266,0.9503279036861174,0.07859536049289,0.8998664687930912,0.3887174826594695,0.6050143899347243,0.8008920451306503,0.4042210442388743,1.916767374279312,0.1917350094554416,0.7214790121201726,-0.2299103652966211,0.7357670244813156,0.1024342514707613,0.7617332270455376,0.1905498343478711,0.2941303637651137,0.3887202632131963,0.0343521080008343,0.165960186397827
2026-05-08 00:00:00-04:00,2.123103095069956,0.7802100752093366,0.5606461470637157,0.1239843122615981,0.8679202652049537,0.0092138993745518,0.7866689461928498,0.7755054746389882,0.3836169079504939,1.991621894681589,0.1200411439676754,0.7274371804557739,-0.1849591931801524,0.7764930214564627,0.062179261167671,0.7884255295424564,0.1976371392566463,0.4010080822189572,0.4703260132211556,0.0023308017322381,-0.0094601095471574
2026-05-11 00:00:00-04:00,2.6968055855668647,0.966743698907992,0.5887762311532708,0.0539196402186761,0.8849828666024209,0.1981643539047364,0.9391019171922994,0.6306534089414313,0.4072798173662358,2.30626923043134,0.13432604486721,0.7229464356919849,-0.1803840975614691,0.797641633547311,0.0727808235119235,0.7917002449491649,0.1989269670917787,0.4430210543350618,0.416858936028465,0.020860575502364,-0.0617359168272384
2026-05-12 00:00:00-04:00,2.5889123539739427,1.1097871089924862,0.5014963518150526,0.0947184626602295,0.9318606610153368,0.0890588089356578,0.7406077676598551,0.5558095355156882,0.431509200376496,1.6602233654642429,0.134148118274337,0.7324513449245296,-0.1657603338453253,0.7773153413231775,0.0668641314970442,0.8485748879782836,0.1942451110897063,0.4741863144093378,0.4635182578185078,0.0569839272997654,-0.0032988794906879
2026-05-13 00:00:00-04:00,3.673177297206557,1.1157711648019784,0.2424726238126369,0.0718750678455372,0.8355881228539881,0.1815814478459995,0.6591739013186313,0.2859536627062112,0.4080830516406106,3.1762027249395777,0.2961485748487718,0.7499496470002787,-0.2081548508038327,0.8015943913253716,0.0647154552581807,0.8872711179212578,0.1854589564887727,0.553300057328752,0.412661337825004,0.0280134980033134,-0.0445748157765019
2026-05-14 00:00:00-04:00,4.514009587696087,1.2018393882195837,0.0336339487845897,0.0658132658666672,0.6927430636321457,0.5389541260981726,0.5579602261866988,-0.0432379939126998,0.4342166433806217,4.585241111598599,0.3174879070615431,0.7637697088284254,-0.2502873161388222,0.7994621951462436,0.0649827812414304,0.8937327086541866,0.1882736921679601,0.5769600257480904,0.3648961961646,0.0148594164804548,0.0180007631160348
2026-05-15 00:00:00-04:00,0.2174899187216103,0.9027749546270184,0.9324226992171571,0.0837456864177233,0.386486847153785,0.8007507630771853,0.0042368107953987,-0.1938246346028797,0.4412372981997184,5.371695898151341,0.2562009008521745,0.7783853656989996,-0.2519239745582445,0.8103109607472171,0.0534604957870221,0.874167257559323,0.1939372990634063,0.4997856002112885,0.3357414790744376,0.0039742619227857,-0.0529976174950943
2026-05-18 00:00:00-04:00,0.544044034503452,0.6922634036382258,0.7707936522274853,0.1136225798907099,0.1203607151748612,0.4980391108210902,0.0530340954819203,0.1780475269839963,0.4875957164173172,4.847861068464759,0.174991792604261,0.7941254445701782,-0.2621510147250758,0.8113021917755897,0.0471782695053391,0.8495205569429815,0.1994074762265268,0.5758862505146963,0.5270881846036444,0.0388916803466095,0.037719168594777
2026-05-19 00:00:00-04:00,0.2848953477678565,0.589642637135512,0.7964156910834317,0.0889707307617755,0.0463913776880187,0.2084438496732163,0.11959921124029,0.3633905388568721,0.4818150723373072,3.6754737078604913,0.1592464971369691,0.8099695057919964,-0.2842420871466168,0.8105461600678786,0.0355605860244919,0.774358165676942,0.1969352687437211,0.506668756555516,0.4625211880692419,0.0090250162034793,0.00670142867329
2026-05-20 00:00:00-04:00,0.5420905844319306,0.5660754702260659,0.4552087325636657,0.0535612599461524,0.1348071563038695,-0.2752282781495764,0.0290055761770783,0.4281033309906192,0.4585224282362709,3.4066984043801,0.2080428789692467,0.8275072927733033,-0.3272901147414079,0.836013561277007,0.0298860764091928,0.7090571632032412,0.2400850141137042,0.4416532865975421,0.2713890701660563,0.0177888972533967,0.1074854407297709
2026-05-21 00:00:00-04:00,0.4077269706809379,0.8115929766715622,0.0006842335017625,0.1224128283762991,0.2287995586244352,0.1763326894500381,0.608414776956086,0.4606137663497849,0.4100399476651551,2.784452922308098,0.1432330700588021,0.8410254100623438,-0.3240543928384248,0.8137727562892166,0.018184961123245,0.6457890482747178,0.267738233243273,0.5519681236010758,0.2722420490770672,0.0,-0.041206329255194
2026-05-22 00:00:00-04:00,1.8410053926038088,0.7462735159140781,0.4426815523418207,0.0358252412143271,0.1934936761686445,-0.0991853665247933,0.7352981006875778,0.4811645728627368,0.4408632304579678,3.1729074889056856,0.2341956434600316,0.8537773081378255,-0.3615453029805101,0.8215464849999412,0.0528435843766868,0.6239436276196486,0.2805346430817804,0.5167971201664161,0.1339763720869416,0.0033996652832381,0.0749718411666788
2026-05-26 00:00:00-04:00,0.9561916308341304,0.7228862181858362,0.7273937130952547,0.0792985932426028,0.0075612773794507,0.0867625478550197,0.944436710574324,0.2340514402457377,0.3997105884271925,2.8002202134678966,0.1653600339900909,0.8674267131136203,-0.3654839076146212,0.811555463507847,0.0525197244095367,0.5715468155880836,0.2862343720947705,0.604368735746354,0.0206453435493813,0.0099074141808015,0.000245284870654
2026-05-27 00:00:00-04:00,1.0029007590301098,0.970313278545928,0.7572088346567318,0.0792775114117154,0.2778142317323593,0.2397021330254312,0.9521817267786412,-0.0875659983111602,0.3893732089919621,2.532173496414738,0.1948642944626707,0.8787281088457061,-0.3968769937748314,0.8255830186429116,0.0569871826763797,0.5609846065823118,0.2873420688027716,0.6841787599720124,-0.1002265794033963,0.0374606847400057,0.0325169975895192
2026-05-28 00:00:00-04:00,1.0499807884737795,0.8261035041342534,0.6939581466640681,0.0863114947405255,0.5535846158911293,0.4161172735923162,0.9848715761011804,-0.2563397210781112,0.3444177579124224,2.064967427803935,0.188816661165675,0.8882436749967152,-0.4308763069732158,0.8427526774464671,0.0511112269544667,0.5350960657759943,0.3127698727225224,0.6951583514365929,-0.2152399613226009,0.0226334506183847,0.0324918772351778
2026-05-29 00:00:00-04:00,0.6365302453838118,0.7991907126719865,0.6405475817913368,0.0402764536963064,0.8026925818676575,-0.3808186588001831,0.9305961247388777,-0.4503471904278201,0.3534319015336821,1.2461852078251394,0.2250863885664182,0.8935025244631218,-0.4622632912262561,0.8575387953688096,0.0361377856318607,0.5210997676275786,0.3253142896493754,0.7121601445028565,-0.4570079183708432,0.0243282068640383,0.0392040460700962
2026-06-01 00:00:00-04:00,0.2481745758163713,0.8068333983550825,0.9148741080908736,0.0680703371507027,0.8753331253229176,-0.2999665011928697,0.9364342020206065,-0.5316763343308607,0.3210970686368712,0.9747660878285568,0.1470051469670925,0.8997206314268362,-0.5002544167420149,0.8685441296944111,0.0454852003462285,0.5172099747113508,0.3294702688095019,0.7647828953931328,-0.5524940662182677,0.0259884987435462,-0.0255872030027093
2026-06-02 00:00:00-04:00,0.1721448859818882,0.5665997201227526,0.9316674478698344,0.0363415959775934,0.9498382890704972,-0.6729024251187163,0.8772846334996179,-0.5743102225160066,0.3072374219804656,0.5296559915716268,0.2716699344523135,0.902957927377246,-0.5459598073433326,0.889173766968633,0.0428335488422398,0.5181192998366018,0.3492684556154861,0.9362092091422896,-0.5462851453689992,0.0043198154750827,0.0670838376745617
2026-06-03 00:00:00-04:00,0.422658915449419,0.5386457026834417,0.7820151938197566,0.087626725297919,0.917267890075782,0.1769429696187997,0.8552109799739164,-0.2693135451285485,0.3214468907828283,0.6966852398160999,0.1357656928525205,0.9053634419826936,-0.5582565718535683,0.8839793581330179,0.0363775503307538,0.5150142900571029,0.3434402876478577,0.8931793725076657,-0.4677655806339014,0.0156221170029881,-0.039213729887558
2026-06-04 00:00:00-04:00,0.5022017997277465,0.5090688626529684,0.7845302129057955,0.0578989754649412,0.9177542943042826,0.4961350041862057,0.794386023101743,-0.0639380289853307,0.3517059895878677,0.7456456109847851,0.1545832485505822,0.9084343844700178,-0.5633472150541426,0.8954446398686698,0.0406896629090966,0.5799976754224692,0.3551914591566601,0.8756640495589407,-0.45372819808699,0.0093206275694344,-0.113861668772878
2026-06-05 00:00:00-04:00,0.8988148993191737,0.7191543518802614,0.3621553976993842,0.0998522909087472,0.8650002964644876,-0.2062780797456088,0.3623448582303421,-0.3152185263543338,0.4203306667343043,0.9608405677024784,0.1665770117682477,0.9137228403660956,-0.5602722575276365,0.8912224829283758,0.0336097342456567,0.6235167479073543,0.3145410309194365,0.3771344645270376,-0.4157022847267104,0.0267797345889757,0.0530231489103329
2026-06-08 00:00:00-04:00,3.455490687565013,0.6984724285876613,0.3146529363962654,0.0569082234451499,0.32965792441662,-0.0839514445180447,0.0019463064977442,-0.1638372738732774,0.3768696755933122,4.376478813841654,0.2805646787461799,0.9151699323101576,-0.5821417338518439,0.9026542098081998,0.0619538094082435,0.5046989884604515,0.3007479328770832,0.1358585847495129,-0.3842338061182133,0.0195838433292533,0.0027649446178441
2026-06-09 00:00:00-04:00,3.2243494711016325,0.7761971162306083,0.4002568599892652,0.157012643340194,0.0625327994050333,-0.207599164003048,0.0113402583220276,-0.2686440363328859,0.4018244193405086,4.055586538596675,0.2071219506535574,0.916755928197562,-0.5644936327411324,0.9310862078193548,0.0638862309771818,0.5781412016066152,0.268264496032659,-0.0081011332080774,-0.3750507089042424,0.0650044334386945,-0.0020103116324062
2026-06-10 00:00:00-04:00,2.7200339606116013,1.1192824797419487,0.5154711196264812,0.1075179600149426,0.0001510919968454,-0.1252833615548188,-0.3234585613966418,-0.1897535499397341,0.4281993471675182,3.894164025176308,0.2678063624291797,0.9190924221418928,-0.5695887431749272,0.9607987094827498,0.0653481294326741,0.6368485880969061,0.2715356737621225,0.0017565891577587,-0.3972036710853768,0.0211650012801609,0.1450071092476677
2026-06-11 00:00:00-04:00,1.9401442810852672,1.005433609224551,0.104164103671609,0.1375384202557325,0.1150991352869765,0.1115251278162584,-0.0648200548473136,0.0688412361474923,0.3827617069121338,2.65701778851657,0.2105368050806407,0.922015685032178,-0.5520705459291099,0.944873258777532,0.0379318935880197,0.6105680820041947,0.2969967870033619,0.1402468667012071,-0.2204340787430053,0.0043414359748054,0.0523993841694168
2026-06-12 00:00:00-04:00,1.7427573947090316,1.1590428521093403,0.7072359513468759,0.0827824940926639,0.0025266419244433,0.115950280026912,0.0829697124114637,0.1301557508605972,0.380632297224477,4.293827014804024,0.2350184941459565,0.9285663435281086,-0.559133248577666,0.9515954251504476,0.0613014916264635,0.6603531700822993,0.2854285256913842,0.1224579719255075,-0.1568220213316694,0.0136807345315071,0.0645220612146777
2026-06-15 00:00:00-04:00,1.955467000000072,1.0952265944778805,0.8011310082723497,0.0470177388641754,0.0760781096508292,-0.1153063374071213,0.0616982243710497,-0.0798862049060483,0.3662909242111956,6.476309503513434,0.3286037070434301,0.9354339530993718,-0.5723483303473995,0.949704177300054,0.0763617414279779,0.6766722069228844,0.2713214198001377,0.0642814129008303,-0.2441896886554207,0.0380797514532566,-0.0551792114591556
2026-06-16 00:00:00-04:00,0.9948896735149092,0.8762566561099365,0.941220715069511,0.0876909515021307,0.3319045527609232,-0.5786363003366712,0.4505791489726637,-0.1382721880751719,0.3563606259306746,9.0277423438575,0.2850244214785825,0.9404117263201202,-0.5788835705264482,0.9613696206602396,0.1030705767834918,0.6898092790776456,0.2803766837620448,0.01044858825259,-0.2236391934740113,0.0053275210277015,-0.0164444775160287
2026-06-17 00:00:00-04:00,3.768761350834648,0.8117319604190499,0.6977023739692041,0.0658395548537038,0.4470487531009217,-0.28492631153748,0.3386065969198373,-0.3342736701421315,0.3586328225051086,8.581566606444536,0.2001560545537224,0.9449895852077372,-0.5818653432128109,0.9644213121494728,0.0891952863024471,0.6864676850898582,0.2808541143158237,-0.1005103323193825,-0.1781190018352876,0.010026100553326,0.1153512076472798
2026-06-18 00:00:00-04:00,2.1783881627651214,0.6197857538157553,0.1038159574279481,0.079564905058944,0.6546962634105908,-0.1981525493706693,0.2187034872578819,-0.2070808059575906,0.321537924462181,5.144585316515855,0.1581509780551082,0.9486914234222736,-0.5605101572417815,0.932877578761563,0.0372926429717513,0.6722153456894643,0.2958125983913459,-0.0183360586980363,-0.008388291428773,0.0077002243090391,0.0407277631164892
2026-06-22 00:00:00-04:00,2.7450541685148857,0.684659482970266,0.1783169356865649,0.0449589276235764,0.844333349015286,0.1676083156378125,0.2269195691230026,-0.2695680229651546,0.2981268625449604,3.007829682840147,0.1369207959994955,0.94974289787504,-0.5765584298828265,0.9411022958431844,0.0428557257235807,0.6726212249635948,0.3162896036686745,0.127396921797313,-0.1091653166853124,0.0097871722518895,-0.1363970249531901
2026-06-23 00:00:00-04:00,4.228293695597509,0.7288005358099438,0.3989625870850556,0.0548090061955078,0.8515879923172405,0.0251637069368806,-0.0954949672866357,-0.1413208312916317,0.3071755909602569,3.5499287307551213,0.1256408097889583,0.948485177408753,-0.5576238606587619,0.9371065410081872,0.0669206756475123,0.6994807363215146,0.2608489629535649,-0.0100639158525677,-0.0013687669991462,0.0067938511631061,-0.0250254712056481
2026-06-24 00:00:00-04:00,8.117588644356058,0.8232154720880729,0.0794852981690923,0.080748460586103,0.5951002150828065,0.0985731362748615,-0.0380019540429082,-0.4311721097154629,0.3216729676541657,7.970765628875675,0.1424869203483349,0.9473522441192888,-0.5529802101005182,0.9400932721725516,0.0758804709882059,0.6455087395825869,0.2679467557801684,0.1087030349774332,-0.0454761463152053,0.0268926508701777,0.2196651001552227
2026-06-25 00:00:00-04:00,7.910539303356757,0.76986932390292,0.0941540214383074,0.1143360503275652,0.2443588353727218,0.4677039288667793,0.3720166253365897,0.2241173407740618,0.2451820128479657,8.796436134804628,0.1444680789254017,0.9441589754552614,-0.5125398650790207,0.9801117150377638,0.0683734399077884,0.5797799155607556,0.3303557606636301,0.352289211788,0.1900651105246408,0.0653283882140426,-0.1046210017398286
2026-06-26 00:00:00-04:00,13.334146182833674,0.7382372123331103,0.0024717688845444,0.0889730319633675,0.2147052281963053,0.1562698363629706,0.2371614022674348,0.1763196308079246,0.3038872147385639,8.368458777452888,0.1579335743995752,0.9413839869836712,-0.458179607358348,0.9748609477646744,0.0893980653809676,0.6084551084589868,0.3141322589394741,0.1827540379891504,0.2555780545218378,0.012751594793155,-0.0192853476152641
2026-06-29 00:00:00-04:00,13.3944636609716,0.7843011419895292,2.0921187636007584e-05,0.0936093310856668,0.0855811748417577,0.2068876779182544,0.2991090754853443,0.3197363589747583,0.3378528069106521,8.37827590107272,0.2434712154076233,0.9408242392313286,-0.4400243663580994,0.996854489017849,0.0903657770751921,0.595509172058944,0.3208021760496178,0.2382409304914362,0.2398373464298902,0.0743239834704026,0.1089256676006147
2026-06-30 00:00:00-04:00,8.295670682705873,0.8368620694930625,0.1148591683257902,0.0999180230549164,0.0149213137783266,0.3823502150464318,0.59923136609141,0.320721221455036,0.3085634762623966,7.722991122544453,0.2180471486505752,0.9393246003207724,-0.4140816504868878,0.9740561670968408,0.0717802764146552,0.5696622378762881,0.3169736411005962,0.3042970437853947,0.1936962561261152,0.0188317845584782,-0.1062175420301383
2026-07-01 00:00:00-04:00,9.659577733483395,0.6568522963035114,0.1609615726509994,0.0613522813170014,0.1168630575838722,0.4712311450005366,0.5446076038661934,0.3557952967450672,0.3565706544218728,9.122151698431578,0.2370168223092706,0.9393624197996272,-0.4049893198622765,0.958784956727754,0.0841507118463753,0.6225103924255699,0.3192351789526335,0.3256053009256122,0.1693514061067991,0.0144688073420275,-0.1413331110036036
2026-07-02 00:00:00-04:00,6.737453196951858,0.5351251742449169,0.2329646058016283,0.1759174236582748,0.0140606368015077,-0.3173146356608503,-0.460740613453683,-0.1312221934237502,0.4073352365575752,11.42909701299788,0.1687458914947739,0.935714923918035,-0.4022211500794853,0.9460037275810064,0.0793226965013985,0.5618302201133624,0.2464271675404587,0.055050762306465,-0.028359572997567,0.0254428020147155,-0.000326616784563
2026-07-06 00:00:00-04:00,10.780629085746686,0.8543389912341787,0.3487398717212789,0.0681202094956879,0.1527220355499058,-0.0338499607928896,-0.4521311670933208,0.0309132848008153,0.4476533884249751,14.91636548156828,0.3680611894091644,0.9137076393997896,-0.4091490387168658,0.9779676870753286,0.1089113228890513,0.3720097774723838,0.240688944109888,-0.0626079880276736,0.0245667319752715,0.0170779478212644,-0.0726484287916667
2026-07-07 00:00:00-04:00,9.146420286955795,0.6532597941742784,0.6375070455077921,0.0950175278937835,0.2697341423507003,-0.3850085780482737,-0.4756677889177789,-0.1014892107287068,0.5264078834318654,17.829109271058567,0.2009392498827097,0.8906728593871392,-0.3927684900708949,0.981807030425014,0.139630988391741,0.2057738510799952,0.2031535502436644,-0.0855761638886994,-0.062475484954928,0.0819376076034466,0.0676763960212487
2026-07-08 00:00:00-04:00,3.197527832167638,0.715754388756654,0.9026202801746896,0.0908970580273382,0.3286730970969749,-0.3306478664698649,-0.6734560096058707,0.0559111290974438,0.4931564706882627,18.60541180242925,0.2383612622243874,0.8542880638204609,-0.3782679193923872,0.9573431122888568,0.1541555289943565,0.0307443900477964,0.1923504022739089,-0.0671309752175936,-0.0239117817491122,0.0011308259661445,0.0758982629162829
2026-07-09 00:00:00-04:00,4.373899369145862,0.7368255623626705,0.5722720801369983,0.0825827463390804,0.5213544156626213,-0.3126928874052286,-0.6316304286256005,0.0449686409480237,0.5125735172977008,13.785148502730296,0.2115965572429748,0.8276793770679158,-0.3804312459380007,0.9524064395236868,0.0829375477062083,0.0016497572031882,0.1673987056463309,-0.0674586246255902,-0.1704078658802804,0.0188563909765435,0.0310234916390701
2026-07-10 00:00:00-04:00,2.5849547163589865,0.6336590306216612,0.1503010089381536,0.0977158648299642,0.6606283185351939,-0.2911342619005183,-0.4379989532880011,0.0419697449482311,0.4929537769372669,9.607129825251842,0.2568543179726654,0.8131253333285597,-0.3599139530113039,0.9463933983754356,0.0445512849483015,0.0497903086113337,0.1638080017258706,-0.4438066161676223,-0.0618685775450927,0.0033637226414057,-0.1262840137858558
2026-07-13 00:00:00-04:00,2.470464124625078,0.45790199148004,0.622195641446783,0.0858014330798525,0.3835197690193599,-0.3954179572352151,-0.7096482832611248,-0.1793525595914314,0.5326977104186474,13.833009337313056,0.1445244664491055,0.8010245674561067,-0.3299325948127988,0.9416048428031168,0.0698774372508929,0.1753628545679124,0.1262963626811768,-0.4800955132238901,-0.1796868747447672,0.0155059106594769,0.0500904897061669
2026-07-14 00:00:00-04:00,6.099489524045571,0.5638259406279582,0.144800552564292,0.0559325226117183,0.3867880736872826,-0.4806983050960396,-0.641034470849914,-0.3090794819259649,0.5230740342002718,13.172464089457373,0.1936945759319174,0.7640752500939664,-0.3177394928105196,0.9401366306493228,0.0712165369653813,0.3243235987715834,0.1179668484276518,-0.5563453376522298,-0.1035961861055949,0.025650235520718,-0.081248336378575
2026-07-15 00:00:00-04:00,4.630514776973901,0.544753951148276,0.0389000411059299,0.1461605170300909,0.2996775795229625,-0.616658696795269,-0.6674779023299328,-0.4168691933742591,0.5702724397736069,14.982244470851333,0.1720921579162137,0.7349635335659283,-0.30825749049716,0.9107716998634624,0.0610659476490655,0.4057723581127866,0.0689810058955145,-0.6216009409899177,-0.2503344867278475,0.0794856995004279,-0.1262662810806888
2026-07-16 00:00:00-04:00,2.941697644496781,0.5765516937900124,0.6669148026282564,0.1057872655735168,0.1721801081956341,-0.7132297642041402,-0.5520958206843226,-0.5911168402829553,0.6470363466036401,9.241652054492857,0.20832491223316,0.6876618461774979,-0.2571750979098863,0.8890150786798124,0.0884505514941714,0.4582533051046927,0.0711642378233313,-0.5801969643677655,-0.3389626970024504,0.0137741766733012,-0.0398701785283134
2026-07-17 00:00:00-04:00,3.5362418868590946,0.4661924247250444,0.8266103104288575,0.1290428379223837,0.1873861235540272,-0.8273749748831006,-0.4641953670364517,-0.6826156088669895,0.6668708950654965,10.644074419399326,0.2159750845188404,0.6091771111419837,-0.292452959258027,0.8705674772742997,0.1371745559653829,0.5721991534291969,0.0656092263986252,-0.5122244717720774,-0.4542523696850226,0.0218208385928201,0.0266677538825546
2026-07-20 00:00:00-04:00,3.215115701892266,0.6566506477076323,0.8127130278291345,0.0563466284530106,0.390715127421367,-0.5624963521584205,-0.5847780610395112,-0.6359896373522875,0.7038858633981421,12.463912442249278,0.3196499475531242,0.5217271393751655,-0.3318076177538773,0.8880989270122498,0.1242063425938016,0.6887101194107578,0.0378113152677862,-0.5654758568605168,-0.4129224516963546,0.0108888296975424,0.1426723320094971
2026-07-21 00:00:00-04:00,2.719050579215795,0.5193067850942966,0.8205231472275946,0.0701171654351589,0.5245699203059211,-0.5670351661152,-0.2270006018334096,-0.6402791133850299,0.5866553280188381,10.250804329969505,0.2792512342147615,0.4430274674784676,-0.3197537518426586,0.8785367107407901,0.1091547952459905,0.7110185253154117,0.0377638529299311,-0.3814038390940772,-0.4170591539808411,0.0145699946243423,0.0062098873572284
2026-07-22 00:00:00-04:00,7.220067090901731,0.8075511676649295,0.008735752517144,0.0736500751300376,0.5988955501585359,-0.3036902921189343,0.1391516209004941,-0.5804850111596135,0.618969912725685,8.633649586708962,0.354418939862304,0.3900352814745539,-0.3348342446304502,0.8969467696335035,0.0754518693211188,0.663914354102804,0.0413377579577268,-0.3449007446192193,-0.3022379557861737,0.0065465204681356,0.0069156154922975
2026-07-23 00:00:00-04:00,2.0645183685029043,1.1084608296712055,0.6918855623451635,0.087879568710846,0.5029008968162123,-0.6833391086826962,0.1174582994712896,-0.5635993827211438,0.66458426557118,10.309118376784486,0.2701030586512539,0.3389227434052819,-0.3595170693694207,0.9205709740325616,0.0721192035033714,0.6729404214299674,0.0364718357543982,-0.376302436208356,-0.294125647281226,0.0057348752069319,-0.1079094981792887
2026-07-24 00:00:00-04:00,1.5095611878780024,1.0058883916971335,0.8267576033220808,0.1041732902373656,0.2638343571539949,-0.6261255801142083,0.0064182197500852,-0.5969370601704513,0.6977431744602025,13.8090743025258,0.2232753058854449,0.2915693312961349,-0.3707005552723992,0.9144695697319986,0.0870745786923876,0.6845117745914221,0.0327056403597685,-0.3499676664072209,-0.2803402019493919,0.0161556365458674,-0.1102147294001683
2026-07-27 00:00:00-04:00,6.489820806112994,0.7951655973230374,0.0294316168325341,0.16471744993289,0.1311108834897069,-0.7378849019244359,-0.3164859684117759,-0.6641213831926198,0.8325653264268101,11.256288178705145,0.1735971751678274,0.2228704158146059,-0.3967829397694588,0.90965969494067,0.0808637336074224,0.6579736927772442,0.0062487925551831,-0.3925783836592967,-0.4855158333863691,0.0384281307995268,-0.1424861000490866
2026-07-28 00:00:00-04:00,3.933542122564357,0.9055233152572262,0.740855145839899,0.1169734425295432,0.1969046142012842,-0.9472563248424796,-0.5986056156967098,-0.7991315174312952,1.0003740846536089,14.91814022842429,0.2287893580229379,0.1454508504452784,-0.4740030278244331,0.935260857156318,0.1315680779821674,0.6631483442374448,-0.0184760467312866,-0.331199868197403,-0.6984519230451895,0.0386673532948531,-0.0731775957705157
2026-07-29 00:00:00-04:00,2.606755257958808,0.6300503521949632,0.9311743822846632,0.1131125515088824,0.2364335896457325,-0.957382327582892,-0.2151531717973285,-0.7787412281528037,1.1684335734029017,19.71039708407691,0.2740757468114367,0.0700623762312553,-0.5142776982134629,0.9351934991191188,0.2158771773197791,0.6747715713983263,-0.037438049998315,-0.2864244448515283,-0.7457429600160194,0.0158130701284199,0.2599395037665051
2026-07-30 00:00:00-04:00,0.475306245469185,0.5619969812197904,0.9871613319802748,0.1422718558245094,0.3302098403462368,-0.9069026789669576,-0.4614300185542673,-0.8743902588816221,0.9811713051021644,19.539688454924796,0.2392422235770425,0.0214462814495271,-0.5088998453354188,1.0756625379106346,0.1901444222326118,0.6814685384072926,-0.030289413750376,-0.3029074305131231,-0.790575527696037,0.0097003635834881,-0.0508844080053163
2026-07-31 00:00:00-04:00,12.802212375526146,0.6069110235243561,0.2987238089978655,0.1573551576035884,0.3796778406329425,-0.8138111005392207,-0.3801699744295739,-0.8824562817142984,1.15762699074055,19.417427608793705,0.2082927528191444,0.0044981527260917,-0.5175808964595764,1.0853429473798122,0.1370551081757397,0.6485884635644616,-0.0346509850689558,-0.2566284637484753,-0.8006116363312475,0.0199250155357477,0.060255406838924
2026-08-03 00:00:00-04:00,8.455552201962021,0.7403513495555907,0.0059434102549269,0.1682860931468164,0.5295609273849929,-0.5849522092049149,-0.2950598030967177,-0.8621171241271728,1.0946794316887525,14.63871675255217,0.2824814794826658,1.3719709184732324e-05,-0.5097535676532332,1.064205495672802,0.0908568018334479,0.6728029026472061,-0.0469385372297224,-0.3024151371269373,-0.8170880031844567,0.0332588566601016,0.1083747759332238
2026-08-04 00:00:00-04:00,3.204764752960685,0.867455949549203,0.5975489247268374,0.0785026247351357,0.5443598901575719,-0.7697825688397939,0.353956869383714,-0.8871830592021589,0.9385970815206384,12.834704014699282,0.3528547351665383,0.0042222442160076,-0.50320268951566,1.0526810055224325,0.0835007213276838,0.6609311702220328,-0.05711752686717,-0.3871612531816226,-0.8057892739187626,0.013407323949333,-0.0540199740694
2026-08-05 00:00:00-04:00,3.0627010925184206,0.9774959308925394,0.7697649402589091,0.069173670646051,0.2180631732449085,-0.7394734788860252,0.0351248032857818,-0.8967814302268099,1.1568603967569882,19.991480817143305,0.2825472082998301,0.0143892442544984,-0.503354611270925,1.054423598343286,0.1109620036051053,0.6224226186881765,-0.0865884731400508,-0.4216173245094305,-0.8042044992815066,0.0039320259393628,-0.068063712658506
2026-08-06 00:00:00-04:00,2.124742502650774,0.2342676837542301,0.4836175960776403,0.1371478042721591,0.0343784621253957,-0.658114456058734,-0.4835197143552901,-0.862554378145332,1.2296080603769808,20.28225139385216,0.2027207252321923,0.0252051150426482,-0.5207905766758939,1.0298688936612164,0.0639266632369451,0.570474464596215,-0.0942168792303934,-0.4599470052010697,-0.7986931718974318,0.0086681927796585,-0.036843106307322
2026-08-07 00:00:00-04:00,4.1886890340302,0.3602638161787261,0.0813801466295139,0.0955930875368947,0.0332182958110355,-0.381664205228378,-0.3669153883523633,-0.7014178792978034,1.197828813754579,12.54185708161418,0.206652971444232,0.0421629082148738,-0.516247549216987,1.0409763870024629,0.068570486160228,0.5135570765932782,-0.08551124930402,-0.3732134539417707,-0.7670892500979156,0.0212632435515681,0.0212092655862428
2026-08-10 00:00:00-04:00,2.883322726783663,0.5500377198756454,0.3655708191456724,0.070420715059896,0.1804007546541597,0.2352950081046698,-0.2273787844554614,-0.5034217179225379,1.1690819512513555,8.303254136435008,0.251890072407035,0.0692770273292265,-0.4892057456810911,1.035149298347012,0.06774289642284,0.4569653618951558,-0.0903661923114205,-0.2589001367396866,-0.6454435922135223,0.007811156752129,0.0267626370902158
2026-08-11 00:00:00-04:00,0.8306152140164311,0.6414854662397566,0.8354450426398141,0.0356825366329063,0.2334418637342779,0.2598630828976979,-0.6632224036153822,-0.4876734231846479,1.087856431757315,7.476472792504212,0.3786920285025609,0.1008616443236417,-0.4627530869135134,1.0417642445775754,0.0704560248202171,0.406874422805549,-0.09453194072227,-0.0336042571956778,-0.5495909949737912,0.0146760163261385,0.0576216414938974
2026-08-12 00:00:00-04:00,1.14238383665931,0.6550071935161778,0.2957237977677024,0.0594520955215359,0.0989827024656956,0.1178925369501958,0.120874267838489,-0.4126314602805242,1.0471028903354975,6.823726909502743,0.3015958250533663,0.1406693059200589,-0.4655949553277093,1.0306330149464729,0.038836763844805,0.3110050189663267,-0.0876539995475294,0.0290984814010168,-0.4458742284653961,0.0263278658644764,0.1367412842077275
2026-08-13 00:00:00-04:00,0.5997845316562249,1.1178451721982003,0.5363843895374326,0.1860684243560452,1.9187593182328084e-05,0.5815151363173335,0.9481162004673768,0.2258767175402913,0.8723259598745099,2.708492718183913,0.2260156218165572,0.1796124382470098,-0.4619332466965737,1.02107882980595,0.0325309169503149,0.1951906339014573,-0.0301470288520267,0.397395274608988,-0.4417033075746476,0.006157497794939,0.0739475568402903
2026-08-14 00:00:00-04:00,1.237447466761359,0.9137264677834792,0.8429239342812118,0.0620487440714261,0.1370813320611703,0.8484592798081665,0.9101697698049304,0.4651649743353229,0.8428990447987362,4.86757664702448,0.2558194568366315,0.2181651599799602,-0.4525303563051374,1.0038852235860354,0.0774630406856553,0.077927689307394,-0.0319323185438919,0.3417267235247664,-0.3329571174932261,0.0462132469925289,0.0888057421716035
2026-08-17 00:00:00-04:00,0.8233818570262078,0.6663568595730236,0.9389248706840048,0.0764312055055721,0.2695522349146872,0.8307365681519655,0.7173816423214763,0.6040495362410488,0.7793379845093635,7.037408265576536,0.3041561827285916,0.2457166715814033,-0.4416002914989404,0.9750772756174576,0.0971134561122202,0.0103751677293666,-0.040964386079078,0.3522075720839981,-0.2528958109884665,0.0016139957048636,-0.0901418409434429
2026-08-18 00:00:00-04:00,0.2655937120977279,0.4365511410324085,0.987913575292276,0.0743887097515952,0.457979694232965,0.8020545279235245,0.4182826006314648,0.6339480616834902,0.9486154107215662,10.946535949309933,0.2709500920024802,0.2601806197261672,-0.463994035083672,0.9734021599308889,0.1299822598469949,0.0127127167185922,-0.0679183861294406,0.3506969270071616,-0.2170777195634045,0.0152485648803324,-0.035004756580938
2026-08-19 00:00:00-04:00,4.998487079363048,0.463655281826494,0.6326332398316663,0.0933187890347752,0.6984618085678352,0.6087552705251449,0.4995706955737674,0.6298175001592078,0.9425191035639626,7.1559885299803065,0.2206025962647762,0.2752395959906791,-0.4650477131263786,0.9694263978768816,0.1041192151522612,0.1010767901321106,-0.0746248286561861,0.4269025039923995,-0.1969898773826278,0.0159711809280653,0.0202374958402007
2026-08-20 00:00:00-04:00,4.801063506133312,0.5358940144278153,0.0112736875526409,0.0493307994990838,0.749614680725863,-0.0031399244038451,-0.3676601417485562,0.5238206672245023,0.9930839635123688,5.982180032287069,0.3308809055015417,0.304218243506149,-0.4785946207610373,0.985367683827287,0.0615802669059762,0.2576995049546877,-0.0908046427168164,0.5340787363164271,-0.1859673132686122,0.0095602294455066,-0.0028364253079117
2026-08-21 00:00:00-04:00,2.422558474823031,0.8434176397020579,0.3161474136555331,0.0274488472766608,0.6887539508151937,0.3929401580880951,-0.474479674393084,0.4360071653658421,0.9961530657501552,6.990790077419798,0.6634500657492172,0.3180720798983967,-0.4595808907067238,0.984802785295857,0.0526724563776795,0.5138263535285988,-0.0888693489517414,0.5078206682904484,-0.2426558557713113,0.0162449303289384,-0.0645080220116317
2026-08-24 00:00:00-04:00,1.831173944110349,0.8549676548765358,0.5474935227832264,0.0672248282927893,0.5362508916577353,0.3225735644669315,-0.6715752203585392,0.49811333089886,1.0994695804871284,8.827820744740393,0.3026063048039428,0.3326886520625506,-0.4654779274432171,0.9723610744558024,0.0582049674664118,0.6683650561588296,-0.1114182962807216,0.116813374756312,-0.2474676541309165,0.0512418517457904,-0.0082712545718525
2026-08-25 00:00:00-04:00,0.6393557101818754,0.9227228584663032,0.5449830935827641,0.0638825029122918,0.2138526398324629,0.2409244063625256,-0.867593708033172,0.4675645400553672,1.144661195264684,10.556126160139682,0.4726571316992052,0.3513646085194532,-0.4503100965815954,0.9780906953098952,0.0344404412904756,0.6674861964378809,-0.1048700565036755,0.1605681684401262,-0.2486966289119883,0.0089718328288756,0.012561015782738
2026-08-26 00:00:00-04:00,0.6668351940696294,1.2089735112114943,0.6168556869947815,0.0424026140828741,0.0005001817025201,0.0177033625054569,-0.8263514458873622,0.383185344401957,1.1747801139459697,8.21700263761759,0.3754836962680991,0.3649245385064489,-0.4365494642119384,0.9851701814910524,0.0380915515925485,0.5799192086634546,-0.1070291983796101,0.1260112201208703,-0.1713045009411382,0.003792258472367,-0.0096174019703425
2026-08-27 00:00:00-04:00,0.5246872667013639,1.392551712368663,0.7216579587316831,0.0657600984617401,0.3370877531770211,-0.127137988708913,-0.814287624447088,0.4722459939159212,1.1558369250068437,3.3914800412779607,0.2652319164383874,0.3691104099961345,-0.4158413226721207,0.987881289113592,0.0398345537867834,0.4791106331122932,-0.1126336229532823,-0.408339865015266,-0.0333787471538772,0.0186843788971254,2.0222430292315963e-05
2026-08-28 00:00:00-04:00,0.6222136404305533,1.4300096151799089,0.5024854026999362,0.0567265294533408,0.7046058254301628,-0.3950919139558556,-0.824110810972077,0.6497142226323304,1.2333499603286686,1.6372155051142492,0.2853252591746789,0.3785472434940203,-0.3989488266006592,1.007575504103306,0.0324460293794427,0.4168263110431674,-0.1385536652541311,-0.4762865520871494,0.029544490450221,0.0085566399505783,0.0550310251841437
