Date,Open,High,Low,Close,Volume
2017-01-03 00:00:00-05:00,51.84018251496732,51.88734976350561,50.84976025227194,51.18776321411133,7321900
2017-01-04 00:00:00-05:00,51.47859943370464,52.044558444872344,51.31352905496527,51.85590744018555,4927500
2017-01-05 00:00:00-05:00,51.730145328824705,51.93452078532023,51.03842085690465,51.5650749206543,4107900
2017-01-06 00:00:00-05:00,52.32754617026901,52.7284348656705,52.02884819950201,52.516197204589844,5603700
2017-01-09 00:00:00-05:00,52.42186496373613,52.56335471251289,51.9345100519257,52.178184509277344,4345000
2017-01-10 00:00:00-05:00,52.201762296542604,53.03497623325855,52.08385319300017,52.82273864746094,4952500
2017-01-11 00:00:00-05:00,52.53976966855797,52.87777263428432,52.131024824871545,52.62623596191406,4762000
2017-01-12 00:00:00-05:00,52.31968617054792,52.35899121969903,51.68298515463775,52.076011657714844,5558700
2017-01-13 00:00:00-05:00,51.989539287775735,52.59480339035038,51.973820868212414,52.15460968017578,5391500
2017-01-17 00:00:00-05:00,51.64367528013,52.20177813980829,51.45502425547009,51.92665481567383,5155000
2017-01-18 00:00:00-05:00,52.14674602711037,52.248936741318104,51.76944399696568,52.06814193725586,4953900
2017-01-19 00:00:00-05:00,52.23321392608137,52.390428107716794,51.848049676013275,52.10744857788086,4406400
2017-01-20 00:00:00-05:00,52.10743427346342,53.01925228820731,52.08385365196836,52.30394744873047,9070900
2017-01-23 00:00:00-05:00,52.28821752680428,52.29607973217627,51.439285256901954,51.47858428955078,5707100
2017-01-24 00:00:00-05:00,51.75372056410655,51.82446844429524,51.36069411025845,51.48646545410156,6524900
2017-01-25 00:00:00-05:00,51.65938949584961,51.934506768548005,51.431433470726155,51.65938949584961,6799000
2017-01-26 00:00:00-05:00,51.887354054963176,52.19391420883418,51.5257704375027,51.89521026611328,4866900
2017-01-27 00:00:00-05:00,51.87948153811685,51.918786574488344,51.08556658084371,51.25849914550781,5612800
2017-01-30 00:00:00-05:00,51.05412688606344,51.05412688606344,50.32309754325441,51.00696563720703,5149900
2017-01-31 00:00:00-05:00,50.89691726345762,51.20347736643423,50.34668271891159,50.51175308227539,6201100
2017-02-01 00:00:00-05:00,50.89692703178788,51.09344026357085,50.354548592992366,50.51961898803711,4690400
2017-02-02 00:00:00-05:00,50.20518670107607,50.78686703688062,50.11086121368051,50.401702880859375,4532800
2017-02-03 00:00:00-05:00,51.069852903000196,51.234923276284505,50.70040711641323,51.04627227783203,4380500
2017-02-06 00:00:00-05:00,50.73184065448899,51.13272920022293,50.70039782765633,51.01482009887695,2871500
2017-02-07 00:00:00-05:00,51.24279932406925,51.289960587143554,50.90479627878304,50.99911880493164,3645700
2017-02-08 00:00:00-05:00,50.85761345487598,51.12487452376205,50.700405294665515,51.02268981933594,3181900
2017-02-09 00:00:00-05:00,51.02268837001864,51.54934228858151,51.02268837001864,51.344966888427734,5373100
2017-02-10 00:00:00-05:00,51.41571360071864,51.785153358125264,51.36854635737005,51.57292175292969,5076200
2017-02-13 00:00:00-05:00,51.67510635506791,52.115299975223664,51.60436448583783,51.98952865600586,4568700
2017-02-14 00:00:00-05:00,52.217502632268136,52.61052914432883,52.08387505747358,52.57908630371094,7933700
2017-02-15 00:00:00-05:00,49.15974922546386,49.51347363118063,47.485455704107075,47.83131790161133,38234900
2017-02-16 00:00:00-05:00,47.792014878146084,49.27765435319901,47.7134107889527,48.947513580322266,14253600
2017-02-17 00:00:00-05:00,48.806021976631605,49.14402494478738,48.585928136364096,49.12830352783203,7797900
2017-02-21 00:00:00-05:00,49.332677102859265,49.97724321886178,49.13616388416016,49.84361267089844,9402400
2017-02-22 00:00:00-05:00,49.59994195961852,50.653256073885274,49.54491849076857,50.173763275146484,10006600
2017-02-23 00:00:00-05:00,50.49603745881928,50.51961808667525,50.213060928885945,50.32310485839844,6081400
2017-02-24 00:00:00-05:00,50.06369795799773,50.07941937263256,49.694255209015594,50.016536712646484,6466500
2017-02-27 00:00:00-05:00,49.95365251830367,50.70826545012778,49.93793110320803,50.307376861572266,8548800
2017-02-28 00:00:00-05:00,50.11874227973854,50.535352444657796,50.071581014749015,50.244510650634766,8014700
2017-03-01 00:00:00-05:00,50.88121095461453,51.01483851907345,50.59823140804966,50.8026008605957,10137000
2017-03-02 00:00:00-05:00,50.7711550891325,50.881208014978974,50.18947760907001,50.228782653808594,6833700
2017-03-03 00:00:00-05:00,50.19733664975084,50.59822529177667,50.126591771661204,50.480316162109375,4639900
2017-03-06 00:00:00-05:00,50.15017042169991,50.315243796439155,49.81216746176536,50.13444900512695,5305700
2017-03-07 00:00:00-05:00,50.06370823770664,50.11873170095003,49.254074708364904,49.875057220458984,8144800
2017-03-08 00:00:00-05:00,50.18946518190475,50.34667932482424,49.74927757594288,49.867183685302734,5863800
2017-03-09 00:00:00-05:00,50.73186091718203,50.89693132615439,49.48203653764781,49.68640899658203,8564500
2017-03-10 00:00:00-05:00,49.749279801759734,49.83574608495743,49.4191360839643,49.58420944213867,5005600
2017-03-13 00:00:00-04:00,48.960069468977814,50.03455265518146,48.83365985965049,49.91604232788086,8328100
2017-03-14 00:00:00-04:00,49.57631118841346,49.78962794881356,49.30769041759585,49.679019927978516,5131200
2017-03-15 00:00:00-04:00,49.84493548939777,50.08195312423666,49.67902344639482,49.955543518066406,5862600
2017-03-16 00:00:00-04:00,49.892336544289826,50.14515573799479,49.600011902821414,49.702720642089844,5185800
2017-03-17 00:00:00-04:00,49.48940423187601,49.813329014463704,49.00746669864595,49.315589904785156,16458400
2017-03-20 00:00:00-04:00,49.149671503840324,49.64741054901997,48.88895306083147,49.27608108520508,4596600
2017-03-21 00:00:00-04:00,49.5210049024378,49.5210049024378,48.63613776257579,48.79414749145508,7307300
2017-03-22 00:00:00-04:00,48.65193678441285,48.84945194898645,48.27270501625038,48.38331604003906,7417700
2017-03-23 00:00:00-04:00,48.4386328176303,48.904768849491504,48.351725640086904,48.46233367919922,6894600
2017-03-24 00:00:00-04:00,48.58873281435991,48.80204956398647,47.75126739143809,48.09889602661133,8466700
2017-03-27 00:00:00-04:00,47.51425232484015,48.28851148680582,47.316737140241486,48.13840103149414,6639300
2017-03-28 00:00:00-04:00,47.94878487498222,49.181280705352684,47.89348086469405,48.8731575012207,6491000
2017-03-29 00:00:00-04:00,48.667754869987085,48.896873276132595,48.596649261660666,48.802066802978516,5369800
2017-03-30 00:00:00-04:00,48.77045747822153,49.68692797315888,48.730955037218976,49.43410873413086,4706600
2017-03-31 00:00:00-04:00,49.307700007458294,49.64742643114939,49.181290385655316,49.32350158691406,5296000
2017-04-03 00:00:00-04:00,49.32349039271861,49.426199128949285,48.462324097805535,48.81785202026367,5158800
2017-04-04 00:00:00-04:00,48.754658411576926,49.18919131268439,48.58874634251024,49.1259880065918,4553200
2017-04-05 00:00:00-04:00,49.40249547329809,49.5921113707154,48.62823633537541,48.68354034423828,4605300
2017-04-06 00:00:00-04:00,48.58873624890776,49.03907063644877,48.50182908397132,48.857357025146484,3862600
2017-04-07 00:00:00-04:00,48.604544876298775,48.84156253351702,48.42283123863668,48.46233367919922,4847200
2017-04-10 00:00:00-04:00,48.51764823893717,48.89687717564029,48.407040175795885,48.57295227050781,4760900
2017-04-11 00:00:00-04:00,48.414933501720235,48.51764226792991,47.84609167359407,48.02780532836914,6147800
2017-04-12 00:00:00-04:00,47.553757815237525,47.767074589974904,47.19823287118462,47.53795623779297,7518300
2017-04-13 00:00:00-04:00,47.39575110436761,47.64066803583929,47.00861996678555,47.04812240600586,5956100
2017-04-17 00:00:00-04:00,47.09552748076168,47.451055463992375,46.90591155175766,47.34834671020508,5939400
2017-04-18 00:00:00-04:00,47.079711531973715,47.34042996420141,46.850593233398875,47.00860595703125,4841300
2017-04-19 00:00:00-04:00,47.26143714692316,47.38784675525753,46.38446917054726,46.59778594970703,6125700
2017-04-20 00:00:00-04:00,46.73210009077865,47.79078174144604,46.55828574080786,47.14292907714844,9397700
2017-04-21 00:00:00-04:00,47.05601970106694,47.16662772466562,46.67679089993893,46.71629333496094,6473200
2017-04-24 00:00:00-04:00,47.32464461697197,47.37204633760646,46.93751348668072,47.158729553222656,7930500
2017-04-25 00:00:00-04:00,47.41154912259805,47.64066748681552,47.32464496285205,47.458953857421875,8367500
2017-04-26 00:00:00-04:00,47.41153426266996,48.05148441992261,47.34042868964188,47.53004455566406,12413500
2017-04-27 00:00:00-04:00,47.56956240932323,48.517636019219786,47.498456813234924,48.31222152709961,6860400
2017-04-28 00:00:00-04:00,48.233197108713874,48.44651382389006,48.09098596526309,48.122589111328125,4822600
2017-05-01 00:00:00-04:00,48.34382062308951,48.8889645192405,48.24901416830611,48.6756477355957,5778700
2017-05-02 00:00:00-04:00,48.588737343239686,49.031172459315954,48.5018301763459,48.6124382019043,5205000
2017-05-03 00:00:00-04:00,48.50973803110165,48.91266774378985,48.39912697902435,48.62034606933594,7526900
2017-05-04 00:00:00-04:00,49.710611003719734,50.15304602023819,49.457791855378325,49.51309585571289,8490500
2017-05-05 00:00:00-04:00,49.584210686160596,49.73432415552855,49.46570338353818,49.544708251953125,6056900
2017-05-08 00:00:00-04:00,49.584217795745055,49.61582095317944,48.78625766050622,48.92056655883789,6488100
2017-05-09 00:00:00-04:00,48.90477049657002,49.33140108839428,48.71515455610347,48.8415641784668,6299900
2017-05-10 00:00:00-04:00,48.707257316807365,48.82576464745827,48.3675308773569,48.48603820800781,3964100
2017-05-11 00:00:00-04:00,49.679018315176755,49.69481989104627,48.76254801164157,48.81785202026367,9098400
2017-05-12 00:00:00-04:00,48.65193068079063,48.833644247740416,48.13048781844534,48.185794830322266,14479100
2017-05-15 00:00:00-04:00,48.39122971043226,48.87316733751841,48.39122971043226,48.8415641784668,9583200
2017-05-16 00:00:00-04:00,49.24448937516807,49.27608951553391,48.84945898908975,49.046974182128906,7962500
2017-05-17 00:00:00-04:00,49.0469823920588,49.0469823920588,48.33592637255773,48.63615036010742,13252200
2017-05-18 00:00:00-04:00,48.57293664581168,48.888962164995306,48.320117436001865,48.5018310546875,9934800
2017-05-19 00:00:00-04:00,48.59663964227377,48.817858720969014,48.28851640513142,48.351722717285156,9709600
2017-05-22 00:00:00-04:00,48.67564443175269,48.91266205954513,48.328015764737295,48.49393081665039,9260300
2017-05-23 00:00:00-04:00,48.47813279852463,49.20498731229409,48.35962246900693,49.118080139160156,7968900
2017-05-24 00:00:00-04:00,49.165480184783924,49.647417725223576,49.1180754547293,49.457801818847656,11406200
2017-05-25 00:00:00-04:00,49.65532030630383,49.9634465513704,49.41830266796575,49.86863708496094,9920700
2017-05-26 00:00:00-04:00,49.77383731117323,50.484893335441555,49.7027317087464,50.208370208740234,8817100
2017-05-30 00:00:00-04:00,50.01083919005956,50.81670142515957,49.979236040328054,50.642887115478516,6358300
2017-05-31 00:00:00-04:00,50.71399957205615,50.71399957205615,50.184657322182545,50.27156448364258,7493000
2017-06-01 00:00:00-04:00,50.41378438642419,50.595498021931675,50.27157319101085,50.48488998413086,5146700
2017-06-02 00:00:00-04:00,50.21625202128823,50.840397594828765,50.1293448744575,50.75349044799805,5736900
2017-06-05 00:00:00-04:00,50.56389722322558,50.68240756287977,50.39008286209094,50.429588317871094,3251100
2017-06-06 00:00:00-04:00,50.22416754483231,50.28737385891243,49.81333554484036,50.01875305175781,4157900
2017-06-07 00:00:00-04:00,50.08986543529131,50.10566400210909,49.83704617240002,49.90024948120117,4203700
2017-06-08 00:00:00-04:00,49.900242408143555,50.72980568528523,49.821237529879745,50.29527282714844,4868400
2017-06-09 00:00:00-04:00,50.4295841937758,50.729805139019795,50.02665148297762,50.70610427856445,7128900
2017-06-12 00:00:00-04:00,50.81726691464391,51.13487604443849,50.67434310913086,50.67434310913086,5646900
2017-06-13 00:00:00-04:00,50.72198824172762,51.079297775618286,50.531422147337494,50.99989700317383,4715000
2017-06-14 00:00:00-04:00,50.84901893014769,51.09516308223829,50.523470995975806,51.01576232910156,3026200
2017-06-15 00:00:00-04:00,50.66640853881836,50.92049162366902,50.30909899474721,50.66640853881836,4895700
2017-06-16 00:00:00-04:00,50.79344029584237,50.81725991716623,50.47583120978219,50.650516510009766,7611900
2017-06-19 00:00:00-04:00,50.92049725101077,50.96020067169726,50.59495222136914,50.7775764465332,3090800
2017-06-20 00:00:00-04:00,50.65845658836066,50.753738104884604,50.28526938658152,50.332908630371094,3907500
2017-06-21 00:00:00-04:00,50.7299173038775,50.76961768242766,50.15028329599993,50.19792556762695,4468200
2017-06-22 00:00:00-04:00,50.02325355987493,50.24557816198958,49.8882716311469,50.06295394897461,2749400
2017-06-23 00:00:00-04:00,50.16616274587558,50.309086528087335,49.87237631752682,50.039119720458984,8461800
2017-06-26 00:00:00-04:00,50.1979335470547,50.53936230895986,50.094710123260185,50.16617202758789,3839800
2017-06-27 00:00:00-04:00,50.229692659479845,50.817268661109836,50.189992274127405,50.34879684448242,4986700
2017-06-28 00:00:00-04:00,50.55523494948033,50.93636708681645,50.55523494948033,50.69021987915039,3792400
2017-06-29 00:00:00-04:00,51.06341167125763,51.23809699744984,50.22175261730285,50.420257568359375,4376300
2017-06-30 00:00:00-04:00,50.555229698027404,50.571110454512194,49.451542868363425,49.64210891723633,7731600
2017-07-03 00:00:00-04:00,49.88031170576936,50.745793202658,49.88031170576936,50.253501892089844,3229100
2017-07-05 00:00:00-04:00,50.34085092052345,50.459952059881196,49.59447045319106,49.84855651855469,7149000
2017-07-06 00:00:00-04:00,49.84854935752696,50.65051084714227,49.84061049428817,50.08675765991211,6088000
2017-07-07 00:00:00-04:00,50.205869751230054,50.37261317617455,50.0073648085023,50.301151275634766,3360700
2017-07-10 00:00:00-04:00,50.08676879824618,50.26145108884505,50.00736500347846,50.078826904296875,3140600
2017-07-11 00:00:00-04:00,50.13439874784524,50.23762214742613,49.808850822038885,49.95177459716797,2883400
2017-07-12 00:00:00-04:00,49.95178203855493,50.49171570748958,49.85650051725616,50.17410659790039,2686600
2017-07-13 00:00:00-04:00,50.3090938833904,51.04753252313098,50.16617008028287,50.92048645019531,5507900
2017-07-14 00:00:00-04:00,50.658462452637785,51.0078300729653,50.412318254044926,50.90460968017578,2767900
2017-07-17 00:00:00-04:00,50.81726832668625,50.99195365582171,50.44407804314968,50.856971740722656,3466300
2017-07-18 00:00:00-04:00,50.68228417427036,50.88078911990868,50.436136951258604,50.71404266357422,3980900
2017-07-19 00:00:00-04:00,50.753743284332195,50.96813201904297,50.602880615361585,50.96813201904297,2871700
2017-07-20 00:00:00-04:00,50.991955108562195,51.09517550695092,50.66640709522744,50.99989700317383,3488500
2017-07-21 00:00:00-04:00,50.94429969267401,51.03957816622041,50.70609139303058,50.97605514526367,3542700
2017-07-24 00:00:00-04:00,50.976054968620154,51.30954779854306,50.85695687709985,51.23808288574219,2928000
2017-07-25 00:00:00-04:00,51.56363943139504,51.94476548148668,51.53981981050048,51.84154510498047,4960000
2017-07-26 00:00:00-04:00,51.857435947860026,51.9844820352805,51.61923362078295,51.76215744018555,4458900
2017-07-27 00:00:00-04:00,51.746253967285156,52.42911128270055,51.68273094773755,51.746253967285156,4289300
2017-07-28 00:00:00-04:00,51.80979441837348,52.02417710911557,51.65892871066088,51.8256721496582,2838500
2017-07-31 00:00:00-04:00,51.93683051155545,52.127393539775454,51.72244180415467,51.96858596801758,3144500
2017-08-01 00:00:00-04:00,52.19092515045448,52.19886098693022,51.83361259866192,51.9924201965332,3261700
2017-08-02 00:00:00-04:00,51.841540956372626,52.35765491338043,51.69067529226095,52.32589340209961,3848500
2017-08-03 00:00:00-04:00,52.468844760953786,53.43755016173305,51.69070247016472,52.45296096801758,8492600
2017-08-04 00:00:00-04:00,52.54027551492535,52.58792081032312,51.44453064699745,51.67479705810547,5074100
2017-08-07 00:00:00-04:00,51.42072406762882,51.674810161923055,51.21427722292402,51.59540939331055,5301200
2017-08-08 00:00:00-04:00,51.56364882693834,51.67481111662767,51.12693550466563,51.269859313964844,3143600
2017-08-09 00:00:00-04:00,50.82522201538086,51.16665085849709,50.53143243385094,50.82522201538086,5601400
2017-08-10 00:00:00-04:00,50.60288084830695,50.69816237499305,49.95972372804924,50.02324676513672,4375100
2017-08-11 00:00:00-04:00,50.13440257584589,50.189983711646136,49.63416932469891,49.74533462524414,3676300
2017-08-14 00:00:00-04:00,50.158226684776224,50.34879275953008,49.896201739552794,49.92796325683594,3256300
2017-08-15 00:00:00-04:00,50.15029679943789,50.37262140233755,50.023253736503,50.04707336425781,3065400
2017-08-16 00:00:00-04:00,50.18205198601033,50.26145275446426,49.87238474851677,49.999427795410156,2656900
2017-08-17 00:00:00-04:00,49.83267131835227,49.83267131835227,48.94337016885926,48.96718978881836,5174900
2017-08-18 00:00:00-04:00,48.80046266237613,49.09425220823564,48.56225729652846,48.70518112182617,4494700
2017-08-21 00:00:00-04:00,48.6734051725593,48.71310555027636,48.37167684980924,48.66546630859375,3000300
2017-08-22 00:00:00-04:00,48.71311037062033,48.840153409253105,48.38756239481478,48.60988998413086,4843600
2017-08-23 00:00:00-04:00,48.33993667556928,48.474918616725695,48.165251312711966,48.252593994140625,5306000
2017-08-24 00:00:00-04:00,48.26845889064914,48.387560029764494,47.77616448968229,47.82380676269531,5389700
2017-08-25 00:00:00-04:00,47.88732613024905,48.36373670815716,47.7444023510877,48.26051330566406,5877600
2017-08-28 00:00:00-04:00,48.165245056152344,48.204945443750425,47.85557779236372,48.165245056152344,6586400
2017-08-29 00:00:00-04:00,47.799979685459085,47.974661934705956,47.65705591765615,47.807918548583984,4870000
2017-08-30 00:00:00-04:00,47.77616895446082,47.91115389280661,47.720587811890525,47.799991607666016,4420100
2017-08-31 00:00:00-04:00,47.96674245722812,48.069965893235384,47.68883670137653,48.02232360839844,7299900
2017-09-01 00:00:00-04:00,48.10172088310185,48.459027369538724,47.990555566914544,48.19700241088867,3747100
2017-09-05 00:00:00-04:00,47.98261571124837,48.181120656924904,47.21241555276097,47.36328125,8071600
2017-09-06 00:00:00-04:00,47.418857096357485,47.60942012671411,47.18064876499457,47.22035217285156,5938100
2017-09-07 00:00:00-04:00,47.1568375307023,47.220360571415824,46.10079272487503,46.26753616333008,6648600
2017-09-08 00:00:00-04:00,46.076961073541945,47.823804975801146,45.97374069595434,47.466495513916016,10069200
2017-09-11 00:00:00-04:00,47.9270459272357,48.4828605126442,47.62531749019466,48.252593994140625,8147100
2017-09-12 00:00:00-04:00,48.308161804232135,48.61782902269757,48.204938388428666,48.59400939941406,4310400
2017-09-13 00:00:00-04:00,48.35579897660746,48.419318974975,48.046128761877505,48.228755950927734,5493200
2017-09-14 00:00:00-04:00,48.29260682220418,48.3405014127684,47.574203188672705,47.7418327331543,5383300
2017-09-15 00:00:00-04:00,47.63008627132631,47.92543172601248,47.41456819194225,47.59017562866211,9334400
2017-09-18 00:00:00-04:00,47.62209916027438,47.73385016317863,47.27886219707621,47.406578063964844,7293400
2017-09-19 00:00:00-04:00,47.366684676739,47.70992176493901,47.26291454554217,47.486419677734375,4093000
2017-09-20 00:00:00-04:00,47.44649506179157,48.15691790189225,47.44649506179157,47.989288330078125,6049700
2017-09-21 00:00:00-04:00,48.069111950685894,48.460240507505596,48.005252487131024,48.2926139831543,4354800
2017-09-22 00:00:00-04:00,48.188846579743505,48.699710136883795,48.061130690458434,48.460243225097656,4407200
2017-09-25 00:00:00-04:00,48.14095572530652,48.84339160410833,48.14095572530652,48.699710845947266,4405300
2017-09-26 00:00:00-04:00,48.53207797262924,48.57198861246549,47.90147951026197,48.2686653137207,7686500
2017-09-27 00:00:00-04:00,48.61190359662192,49.10680224278999,48.30059328961034,48.89128112792969,5967300
2017-09-28 00:00:00-04:00,48.87531900115036,48.94715937679582,48.46024161353071,48.667781829833984,4896300
2017-09-29 00:00:00-04:00,48.883304565664865,49.3941681226302,48.79549932087639,49.00303649902344,4337000
2017-10-02 00:00:00-04:00,49.266460932901765,49.442068408500646,48.99506423971711,49.378211975097656,3864100
2017-10-03 00:00:00-04:00,49.31434634997748,49.426097378244286,48.91523379474623,49.19461441040039,4423300
2017-10-04 00:00:00-04:00,49.17067068658084,49.25049503289893,49.026989908195745,49.15470886230469,2404300
2017-10-05 00:00:00-04:00,49.202590944135245,49.625649240644805,49.03496441664884,49.4739875793457,3652000
2017-10-06 00:00:00-04:00,49.69749450683594,49.83319436028913,49.4899573159505,49.69749450683594,3647100
2017-10-09 00:00:00-04:00,49.68152833510695,49.73740384487675,49.17864570219173,49.3143424987793,2594900
2017-10-10 00:00:00-04:00,48.69172793563745,49.43407747399284,48.69172793563745,49.3143424987793,4099700
2017-10-11 00:00:00-04:00,49.26645367915131,49.39416957214057,49.05093253879687,49.362239837646484,5740900
2017-10-12 00:00:00-04:00,49.29040227949967,50.08862741762922,49.21856189526852,49.92898178100586,6179700
2017-10-13 00:00:00-04:00,49.83319340975845,50.58352391017033,49.68153173642682,50.415897369384766,7080400
2017-10-16 00:00:00-04:00,50.58353573012984,51.126332215438396,50.39994427899016,51.07045364379883,6550000
2017-10-17 00:00:00-04:00,50.96666501602389,51.15823731077125,50.66334170850944,50.79105758666992,5381800
2017-10-18 00:00:00-04:00,50.990617642375796,51.062458019514665,50.48773500240373,50.63939666748047,4442700
2017-10-19 00:00:00-04:00,50.47976307568988,52.00437308854503,50.344063208060106,51.940513610839844,7182000
2017-10-20 00:00:00-04:00,52.15602924140665,52.32366188485994,51.74095483612271,51.78086853027344,6871200
2017-10-23 00:00:00-04:00,52.012363251886526,52.16402191706358,51.72500165790008,51.85271453857422,4108700
2017-10-24 00:00:00-04:00,51.90057902282023,52.036281880811934,51.724974664780895,51.98838424682617,3823000
2017-10-25 00:00:00-04:00,52.028314122757095,52.18795671247815,51.77288232521875,51.964454650878906,4016400
2017-10-26 00:00:00-04:00,52.22786841130542,52.24383023367847,51.43762726939397,51.764896392822266,4041400
2017-10-27 00:00:00-04:00,51.6930591266963,51.79682619719619,51.06246056756419,51.52543258666992,4020200
2017-10-30 00:00:00-04:00,51.09438431780447,51.87664141297094,51.09438431780447,51.709014892578125,4030100
2017-10-31 00:00:00-04:00,51.62919780748289,51.8447158969458,51.437625495740974,51.57332229614258,3191500
2017-11-01 00:00:00-04:00,51.820769605138565,51.956466404193996,51.4935004962417,51.61323547363281,3027400
2017-11-02 00:00:00-04:00,51.54937635731774,52.12409938072133,51.40569560146684,51.86866760253906,4032100
2017-11-03 00:00:00-04:00,49.5618001027014,50.67133258334774,49.26645764731051,49.489959716796875,14417400
2017-11-06 00:00:00-05:00,49.33031475700438,50.0726644065966,49.170669114459976,49.8810920715332,7610700
2017-11-07 00:00:00-05:00,49.98486340146807,50.352049324040486,49.43408908509088,49.59373474121094,5968800
2017-11-08 00:00:00-05:00,49.58573382459265,49.69748483215987,49.1307458395052,49.226531982421875,4741300
2017-11-09 00:00:00-05:00,49.0908421035922,49.80126193301537,48.93918043556504,49.6815299987793,4575000
2017-11-10 00:00:00-05:00,49.553814293224555,49.75337056268183,49.418114446600356,49.53784942626953,4422300
2017-11-13 00:00:00-05:00,49.23452791024465,49.5697810144742,49.17066843611293,49.489959716796875,3605000
2017-11-14 00:00:00-05:00,49.17864152020747,49.42608931529255,48.899260950129076,49.05890655517578,6800100
2017-11-15 00:00:00-05:00,48.73162643864169,49.21854408389123,48.62785635564109,48.803466796875,4100300
2017-11-16 00:00:00-05:00,48.971102746222606,49.01899734262734,47.853589568326235,47.9413948059082,5642200
2017-11-17 00:00:00-05:00,47.717889734339536,48.01323517802193,47.422547335643884,47.9413948059082,5569700
2017-11-20 00:00:00-05:00,47.89350801652034,47.90947288459099,47.33474981399683,47.64605712890625,6349100
2017-11-21 00:00:00-05:00,47.765786316945764,47.86955642431096,47.510354548805964,47.59815979003906,4372500
2017-11-22 00:00:00-05:00,47.542293030477566,47.630095242882405,47.27887725830078,47.27887725830078,3042100
2017-11-24 00:00:00-05:00,47.46246541190622,47.4784302798754,47.07931771560779,47.11922836303711,1744100
2017-11-27 00:00:00-05:00,47.17509457953451,47.246934948741384,46.84782246314469,46.9036979675293,4204700
2017-11-28 00:00:00-05:00,46.903697340188,47.91744340544305,46.71212505485639,47.74981689453125,6705500
2017-11-29 00:00:00-05:00,48.00525682362518,48.771552185585016,47.91745157579887,48.132972717285156,7727400
2017-11-30 00:00:00-05:00,48.39638462132641,48.39638462132641,47.64605114123668,47.861572265625,6667200
2017-12-01 00:00:00-05:00,47.94938736881528,48.05315749708372,47.079321781766374,47.797725677490234,4537800
2017-12-04 00:00:00-05:00,48.228751517954784,48.27664611264009,47.12720324507246,47.30281066894531,5815800
2017-12-05 00:00:00-05:00,47.294839002214104,47.845613246297646,47.03142324744334,47.518341064453125,4877100
2017-12-06 00:00:00-05:00,47.69395929680442,48.34850376656741,47.670013513394565,47.91746139526367,4234400
2017-12-07 00:00:00-05:00,48.00572339228613,48.17424826713162,47.68472100669941,47.78904724121094,3591600
2017-12-08 00:00:00-05:00,47.85324911652962,47.88534690616028,47.50014587884155,47.7569465637207,3401100
2017-12-11 00:00:00-05:00,47.63658237309164,48.005733047851024,47.524232433930635,47.981658935546875,4163500
2017-12-12 00:00:00-05:00,47.94955099492116,48.27055339765216,47.87732560737198,48.09400177001953,3681200
2017-12-13 00:00:00-05:00,48.085976135836056,48.09400287980774,47.28347317179629,47.32360076904297,5373100
2017-12-14 00:00:00-05:00,47.34767673057012,47.46805340440752,46.42479706129933,46.63344955444336,6959100
2017-12-15 00:00:00-05:00,46.84209874221082,47.76497840667295,46.84209874221082,47.66065216064453,8447100
2017-12-18 00:00:00-05:00,47.877320432478015,48.18227237598068,47.60446933803994,47.8131217956543,5630800
2017-12-19 00:00:00-05:00,48.150184468502516,48.21438618388754,47.94955869988376,47.9736328125,3995300
2017-12-20 00:00:00-05:00,48.0217804569249,48.26253074874694,47.82115470352219,48.15018081665039,4377300
2017-12-21 00:00:00-05:00,48.350810039002866,48.6878598594743,48.16623469998666,48.214385986328125,4941500
2017-12-22 00:00:00-05:00,48.36684126940032,48.43906663959076,47.43593819878183,47.596439361572266,4266300
2017-12-26 00:00:00-05:00,47.52422794531028,47.981654403723,47.50015077397396,47.692752838134766,2358300
2017-12-27 00:00:00-05:00,47.58039920142806,47.79707535873268,47.500147072071314,47.78102493286133,2841400
2017-12-28 00:00:00-05:00,47.90943052482835,48.16623124427934,47.70077802695814,48.15018081665039,2373000
2017-12-29 00:00:00-05:00,48.12609742077038,48.31869639254698,47.8131217956543,47.8131217956543,2837600
2018-01-02 00:00:00-05:00,48.15018725996258,48.15018725996258,47.443983656317315,47.74893569946289,3769600
2018-01-03 00:00:00-05:00,47.652620829426546,48.37487156884796,47.56434502474821,48.27857208251953,4959200
2018-01-04 00:00:00-05:00,48.48722732739371,48.992805048875745,48.37487740291011,48.4711799621582,4170600
2018-01-05 00:00:00-05:00,48.663768149216665,48.784144790886714,48.44709203099367,48.67179489135742,3726100
2018-01-08 00:00:00-05:00,48.51932826225358,48.57550322459006,48.26252755977086,48.35080337524414,3229200
2018-01-09 00:00:00-05:00,48.43907792828788,49.17737916335748,48.350802115115265,48.65575408935547,6669100
2018-01-10 00:00:00-05:00,48.66378472047212,49.233561154282704,48.59155932313654,48.95268630981445,12261300
2018-01-11 00:00:00-05:00,49.14528447361147,49.3218330497918,48.99280694621659,49.07305908203125,6536500
2018-01-12 00:00:00-05:00,48.91254607329069,49.12922219576591,48.78414574826522,48.92859649658203,6240100
2018-01-16 00:00:00-05:00,49.065026428921,49.193426769455314,48.864400705504536,49.00082778930664,6078900
2018-01-17 00:00:00-05:00,49.27368652031115,49.426160991631846,49.10515855997073,49.28973388671875,4935700
2018-01-18 00:00:00-05:00,49.402086968408845,49.57863555096039,48.97675828650694,49.37800979614258,5402100
2018-01-19 00:00:00-05:00,49.49035008452487,49.63480084474813,49.217502049998146,49.39405059814453,6498700
2018-01-22 00:00:00-05:00,49.24158789915678,49.24158789915678,48.503283497359035,48.95268630981445,7217600
2018-01-23 00:00:00-05:00,48.83229601627196,50.15642691125113,48.719946109799615,50.02802658081055,10001200
2018-01-24 00:00:00-05:00,50.13235991321543,51.79354076311723,50.0842086344843,51.61698913574219,10387500
2018-01-25 00:00:00-05:00,51.641067239164855,52.0744195973498,51.22376836977123,52.002197265625,6113400
2018-01-26 00:00:00-05:00,51.857743200351806,52.09046979221316,51.552788158720944,51.90589141845703,5014100
2018-01-29 00:00:00-05:00,51.873788936297025,52.202818076646565,51.53673917492297,51.56884002685547,4270500
2018-01-30 00:00:00-05:00,51.015113645037864,51.616990873564795,50.645963012921435,50.83856201171875,4555700
2018-01-31 00:00:00-05:00,51.095364241409044,51.440440774293094,50.83053984483871,51.295989990234375,4909500
2018-02-01 00:00:00-05:00,51.15154288776284,51.58489218388795,50.79843960631257,51.49661636352539,4120500
2018-02-02 00:00:00-05:00,51.26389685874101,51.336122257338246,50.45336704544909,50.58979415893555,4294400
2018-02-05 00:00:00-05:00,49.987908846755374,50.23668279881737,48.511303315310414,48.65575408935547,8578200
2018-02-06 00:00:00-05:00,47.893390683485215,48.695893874480205,47.37978913105751,48.35884094238281,12035700
2018-02-07 00:00:00-05:00,48.15018160658618,49.19343492913433,47.89338088292221,48.52735900878906,7719800
2018-02-08 00:00:00-05:00,48.511303744423536,48.647727775947416,46.7618470755635,46.76987075805664,7377600
2018-02-09 00:00:00-05:00,49.23355495376681,49.51443282416727,46.82604609419277,48.32672882080078,15132000
2018-02-12 00:00:00-05:00,48.43106606709476,48.48724104522938,47.4600379464172,47.837215423583984,6074100
2018-02-13 00:00:00-05:00,47.45200255391322,47.94955354947854,47.09087559692792,47.692752838134766,4948300
2018-02-14 00:00:00-05:00,47.44397399960664,47.84522547843591,47.090873800306994,47.676700592041016,6742100
2018-02-15 00:00:00-05:00,47.87732980712946,47.98967973954881,47.32360382821722,47.53225326538086,7869700
2018-02-16 00:00:00-05:00,47.42791383403195,48.07794219832566,47.27543940545672,47.7248420715332,6828600
2018-02-20 00:00:00-05:00,47.56434627703425,48.27857335360992,47.53224542697778,48.182273864746094,5349100
2018-02-21 00:00:00-05:00,47.997706697961014,49.24158576591433,47.94153173150097,48.29463195800781,7203200
2018-02-22 00:00:00-05:00,48.4069855525371,48.92058703405373,48.045858554187504,48.11808395385742,23186900
2018-02-23 00:00:00-05:00,48.34278697902255,48.55143643324851,47.82115875149818,48.20635986328125,5612000
2018-02-26 00:00:00-05:00,48.12610666554687,48.31068199116603,46.92235214613895,47.3557014465332,11793300
2018-02-27 00:00:00-05:00,47.331625002247364,47.85325315946289,46.67357280898508,46.7297477722168,8559300
2018-02-28 00:00:00-05:00,47.01061927275311,47.22729235222351,46.0155143737793,46.0155143737793,9170500
2018-03-01 00:00:00-05:00,46.01552140720604,46.23219758110066,45.0043689903371,45.317344665527344,9758600
2018-03-02 00:00:00-05:00,45.0284421768165,45.42969366217568,44.193838352555986,45.34944152832031,8435000
2018-03-05 00:00:00-05:00,45.19696589359897,46.46492202387156,45.19696589359897,46.24021911621094,9483100
2018-03-06 00:00:00-05:00,46.46492881955534,46.74580366857794,45.80687654929702,46.569252014160156,5520400
2018-03-07 00:00:00-05:00,46.1920731961858,46.71369830278609,45.87909445865848,45.99144744873047,5873100
2018-03-08 00:00:00-05:00,46.09576825836579,46.119845428508,44.562987749229706,45.15684127807617,12077600
2018-03-09 00:00:00-05:00,45.48586644957265,45.70254260865941,44.92411378467798,45.39759063720703,9719800
2018-03-12 00:00:00-04:00,45.4858700942546,46.12787187930251,45.27721760079779,45.42969512939453,7615600
2018-03-13 00:00:00-04:00,45.55808471963036,45.71858589328748,44.643232009481615,44.892005920410156,7670200
2018-03-14 00:00:00-04:00,45.00501008381188,45.09379377690941,44.07682392624338,44.33510208129883,8079300
2018-03-15 00:00:00-04:00,44.3350988104561,44.536878796639165,44.02839236936074,44.1171760559082,8167800
2018-03-16 00:00:00-04:00,44.11717422586307,44.310884359287456,43.6086878196774,43.82661056518555,11138300
2018-03-19 00:00:00-04:00,43.8831217810836,44.20597107329628,43.56834541458171,43.94769287109375,7014300
2018-03-20 00:00:00-04:00,44.10103156570979,45.05343330962275,44.06874603024064,44.900081634521484,9030100
2018-03-21 00:00:00-04:00,44.90008942059459,45.52157223101473,44.60145278409593,45.069583892822266,10173500
2018-03-22 00:00:00-04:00,44.63373013229722,45.142216534562294,44.17367203274437,44.238243103027344,9088200
2018-03-23 00:00:00-04:00,44.39159720967857,44.53687904686007,43.051778217052274,43.1082763671875,8215100
2018-03-26 00:00:00-04:00,43.64097099631525,44.278596430681425,43.43112118545595,43.75396728515625,6978100
2018-03-27 00:00:00-04:00,43.88311083646887,44.37545449878727,43.14056196006087,43.40690994262695,6637700
2018-03-28 00:00:00-04:00,43.48762462267912,44.391598122346124,43.172848328620326,44.004180908203125,6870600
2018-03-29 00:00:00-04:00,44.04453495152508,44.21402940026193,43.68940328575479,43.923465728759766,4538000
2018-04-02 00:00:00-04:00,43.77011787824798,43.899256957002265,42.309229548218845,42.87421417236328,7341400
2018-04-03 00:00:00-04:00,42.94685907508714,43.45534559181394,42.785434441960675,43.36656188964844,5608900
2018-04-04 00:00:00-04:00,42.80157578696906,43.82661863240995,42.5755831554736,43.76205062866211,4606400
2018-04-05 00:00:00-04:00,43.93154687215953,44.19789490159262,43.70555423155948,44.02840042114258,4993800
2018-04-06 00:00:00-04:00,43.69748040648579,43.97190135538502,42.850004942770674,43.261634826660156,5138200
2018-04-09 00:00:00-04:00,43.310064461171855,43.65712635063224,42.84193640401154,43.019500732421875,4697200
2018-04-10 00:00:00-04:00,43.43919499797364,43.697473132897116,43.14056148176554,43.197059631347656,3824500
2018-04-11 00:00:00-04:00,42.72892492278026,43.18898300358769,42.72892492278026,43.06791687011719,4242800
2018-04-12 00:00:00-04:00,43.32620325908983,43.560268805662645,43.0679250969814,43.1728515625,4950100
2018-04-13 00:00:00-04:00,43.53606138798992,43.657130646521985,42.97107972529133,43.253570556640625,4468700
2018-04-16 00:00:00-04:00,43.51184084570892,44.06875255993813,43.29391806737959,43.81047439575195,6509800
2018-04-17 00:00:00-04:00,43.90733380969481,43.97997474042567,43.640982704042074,43.794334411621094,5014400
2018-04-18 00:00:00-04:00,43.95576095581055,44.10104282359037,43.632914755458984,43.95576095581055,3985600
2018-04-19 00:00:00-04:00,43.95576442033304,44.609532876871214,43.95576442033304,44.53689193725586,5692600
2018-04-20 00:00:00-04:00,44.690230599802504,44.92429612335461,44.34316877630615,44.7386589050293,5001500
2018-04-23 00:00:00-04:00,44.68217381648657,44.69024366359087,44.25440110481791,44.53689193725586,4393000
2018-04-24 00:00:00-04:00,44.37545733499607,44.762874566437894,44.23824841255392,44.46424102783203,4935000
2018-04-25 00:00:00-04:00,44.48845513440705,44.84358991765916,44.27860528160054,44.71445083618164,3158200
2018-04-26 00:00:00-04:00,44.64180115371429,44.94043464375544,44.34316458475518,44.82743835449219,3551200
2018-04-27 00:00:00-04:00,44.851663158363145,45.440860454637246,44.851663158363145,45.40050506591797,4837100
2018-04-30 00:00:00-04:00,45.62649548097397,45.83634841835114,45.19872283935547,45.19872283935547,5628400
2018-05-01 00:00:00-04:00,45.118002178500895,45.46506397055998,44.698299474640656,45.44892120361328,4196900
2018-05-02 00:00:00-04:00,45.134142868621836,45.158358559038525,44.06067501363547,44.262454986572266,7199700
2018-05-03 00:00:00-04:00,40.99363522233591,41.97831976127064,40.008947604482,41.92182159423828,23105800
2018-05-04 00:00:00-04:00,41.62318848251224,43.084077153443516,41.566690314805655,42.648231506347656,12504000
2018-05-07 00:00:00-04:00,42.49486596016532,43.326198510912555,41.986379537213196,43.00334930419922,10194600
2018-05-08 00:00:00-04:00,43.067923000518654,43.15670669171884,42.438370395889564,42.8419303894043,9111900
2018-05-09 00:00:00-04:00,42.850002857432386,43.092138252578835,42.422230223376374,42.632080078125,4536400
2018-05-10 00:00:00-04:00,42.68051088459059,42.93878906503953,42.389947161855844,42.575584411621094,5415600
2018-05-11 00:00:00-04:00,42.62400187712433,42.91456244699184,42.5190754308589,42.65628433227539,3766500
2018-05-14 00:00:00-04:00,42.720871998378385,42.77737016549097,42.50294917712162,42.712799072265625,6183900
2018-05-15 00:00:00-04:00,42.64014371026325,43.09212886165876,42.624000943582274,42.962989807128906,4852700
2018-05-16 00:00:00-04:00,42.81772273719524,43.37463760334063,42.70472641041762,43.35042190551758,5461100
2018-05-17 00:00:00-04:00,43.97997912936136,44.4642499966152,43.93962065799097,44.22211456298828,8540800
2018-05-18 00:00:00-04:00,44.02032115136757,44.75480015500418,43.77011286789557,44.512664794921875,9821600
2018-05-21 00:00:00-04:00,44.68217336733568,44.91623895695665,44.56917703549635,44.625675201416016,5076700
2018-05-22 00:00:00-04:00,44.57724042506367,44.762877668896756,44.23017855387874,44.48845672607422,5617100
2018-05-23 00:00:00-04:00,44.33510482989708,44.42388852849883,43.39077276530953,43.697479248046875,4298100
2018-05-24 00:00:00-04:00,43.56027486574943,43.56027486574943,42.938791989553536,43.35042190551758,4167500
2018-05-25 00:00:00-04:00,43.237423528984365,43.26970907193855,42.793508089580264,43.019500732421875,2884500
2018-05-29 00:00:00-04:00,42.46257462006055,42.55942813726963,41.590883728425425,42.11551284790039,6583900
2018-05-30 00:00:00-04:00,42.648213661673374,42.930704382007804,42.196225430220345,42.8338508605957,4317300
2018-05-31 00:00:00-04:00,42.551370037372166,42.69665189274069,42.31730448384303,42.60786819458008,5996300
2018-06-01 00:00:00-04:00,43.10827855504102,43.28584593814557,42.882285943030446,43.01142501831055,4449000
2018-06-04 00:00:00-04:00,43.26970102895436,43.721686230622446,43.16477457331644,43.40690994262695,3634900
2018-06-05 00:00:00-04:00,43.285843076611044,43.536048286534104,43.051777555977424,43.45533752441406,3947300
2018-06-06 00:00:00-04:00,43.527979044403736,43.689403649796475,42.97913723341938,43.536048889160156,5892500
2018-06-07 00:00:00-04:00,43.584479683992654,43.584479683992654,43.116348609505955,43.47955322265625,5306500
2018-06-08 00:00:00-04:00,43.568340352762974,44.55302780858243,43.4472741914381,44.48845672607422,6956200
2018-06-11 00:00:00-04:00,44.55302678192171,44.64181047886527,44.24632030491268,44.49652862548828,3707000
2018-06-12 00:00:00-04:00,44.48844988352728,44.65794740958242,43.810469016061326,44.03646469116211,4599800
2018-06-13 00:00:00-04:00,44.12577071954378,45.10002941347836,44.01210777304996,44.40993118286133,6017400
2018-06-14 00:00:00-04:00,44.43429552954819,44.775287534303615,44.19884903782226,44.491127014160156,6715200
2018-06-15 00:00:00-04:00,44.62101943431393,44.99448428929825,44.38557298774784,44.82398986816406,12584800
2018-06-18 00:00:00-04:00,44.26378432202683,45.164973375610614,43.94715099986657,45.10002136230469,6504200
2018-06-19 00:00:00-04:00,44.79152950400021,45.31113659773837,44.718463095487095,45.059452056884766,5325000
2018-06-20 00:00:00-04:00,45.140623249436985,45.16498180751547,44.82398986816406,44.82398986816406,4537500
2018-06-21 00:00:00-04:00,44.815878366842526,44.86458929530415,43.93092703381618,44.04458999633789,5004700
2018-06-22 00:00:00-04:00,44.25567754833921,44.36934360700812,43.97152014437548,44.215084075927734,4778100
2018-06-25 00:00:00-04:00,44.215086887794094,44.32063240044284,43.69548297488274,44.02023696899414,3477300
2018-06-26 00:00:00-04:00,43.97963180535307,44.08517729738317,43.110918602457176,43.54933547973633,3586800
2018-06-27 00:00:00-04:00,43.451915887072374,43.7198352803276,42.93231201171875,42.93231201171875,4409100
2018-06-28 00:00:00-04:00,42.794282339058675,43.36260013088371,42.42081751191869,43.216461181640625,6015600
2018-06-29 00:00:00-04:00,43.51686457944331,43.744193596451005,43.01349871514659,43.04597473144531,4348000
2018-07-02 00:00:00-04:00,42.89982738730131,43.330123679535575,42.77804389847742,43.32200622558594,5198800
2018-07-03 00:00:00-04:00,43.386967486401424,43.91469195859713,43.28142506962921,43.573699951171875,1970500
2018-07-05 00:00:00-04:00,43.83349930863792,43.93904171168796,43.45191387536748,43.77666473388672,2743800
2018-07-06 00:00:00-04:00,43.695482945709614,44.36934639906161,43.500633027039754,44.14201736450195,2212400
2018-07-09 00:00:00-04:00,44.385561872973284,45.22180195704592,44.2718989540133,45.10813903808594,4706400
2018-07-10 00:00:00-04:00,45.278635236195115,45.30299069207041,44.8321009950145,45.02695083618164,3427500
2018-07-11 00:00:00-04:00,44.832106422136704,44.93764880842761,44.1501257013302,44.2962646484375,2753300
2018-07-12 00:00:00-04:00,44.46676378854812,44.52359526324236,43.84973192460623,44.08517837524414,2611800
2018-07-13 00:00:00-04:00,43.930923008723866,44.13389345093968,43.71983201445285,44.036468505859375,2727400
2018-07-16 00:00:00-04:00,44.14201240005089,44.55607385055306,44.02023198884922,44.466766357421875,1975700
2018-07-17 00:00:00-04:00,44.621019291844654,44.694088771680725,44.32874137250038,44.41804885864258,2248400
2018-07-18 00:00:00-04:00,44.3774629910809,44.92954291170114,44.21508599729549,44.75904846191406,2759100
2018-07-19 00:00:00-04:00,44.5723117355062,44.69409214637283,43.5818149556246,43.71983337402344,4888700
2018-07-20 00:00:00-04:00,43.50874397096691,43.768545888362915,43.240821501543,43.28953552246094,4888500
2018-07-23 00:00:00-04:00,43.23271247470263,43.54934592968818,42.648156498062384,43.354496002197266,4533700
2018-07-24 00:00:00-04:00,43.34637609265397,43.95528754500723,43.208357650054126,43.598060607910156,3642100
2018-07-25 00:00:00-04:00,43.51687103125814,43.6224165513355,43.01350509233235,43.492515563964844,3412800
2018-07-26 00:00:00-04:00,43.66300453894347,44.45053091796313,43.66300453894347,44.04458999633789,3820400
2018-07-27 00:00:00-04:00,44.05270583442964,44.52359877282368,44.0121123631744,44.13389587402344,3313500
2018-07-30 00:00:00-04:00,44.117658067733686,44.856470397455496,44.06082658829995,44.60478591918945,4214000
2018-07-31 00:00:00-04:00,44.848348426242545,44.98636683466078,44.47488047417519,44.82398986816406,5124000
2018-08-01 00:00:00-04:00,45.083799601623014,45.7576630455783,44.539840231081,44.6453857421875,5529200
2018-08-02 00:00:00-04:00,44.31251163970452,45.10003490650774,44.133896646554966,44.78340148925781,4729100
2018-08-03 00:00:00-04:00,43.11904763608901,43.90657405977371,42.51013621911637,43.557464599609375,12219100
2018-08-06 00:00:00-04:00,43.4519137615949,43.460031216776244,42.80240894917381,43.370723724365234,6658300
2018-08-07 00:00:00-04:00,43.492503865864826,43.6142873637431,42.98101751069227,43.02161407470703,5182800
2018-08-08 00:00:00-04:00,42.989134624191905,43.11091501524756,42.461410305035784,42.5750732421875,5512200
2018-08-09 00:00:00-04:00,42.51013917151655,42.84301064536339,42.209743718797164,42.21786117553711,3460800
2018-08-10 00:00:00-04:00,41.91745495275169,42.43705876895119,41.60082157082281,42.39646530151367,5747000
2018-08-13 00:00:00-04:00,42.39646979672666,42.67250974048599,42.16914078022386,42.299041748046875,5257900
2018-08-14 00:00:00-04:00,42.266570336868476,42.62379723685588,42.047361865143195,42.48577880859375,3185000
2018-08-15 00:00:00-04:00,42.274686284418614,42.37211123601503,42.00676689325762,42.299041748046875,3595000
2018-08-16 00:00:00-04:00,42.469535817860915,42.859238689518094,42.445177259137694,42.59131622314453,5029300
2018-08-17 00:00:00-04:00,42.46953894386062,42.84300383621917,42.28280649768134,42.68874740600586,4425500
2018-08-20 00:00:00-04:00,42.69687638266709,43.20836293235749,42.68875892502688,43.15964889526367,3209100
2018-08-21 00:00:00-04:00,43.14340684032806,43.91469532141342,43.03786131838992,43.67924880981445,5866400
2018-08-22 00:00:00-04:00,43.44379730312288,43.5006318830809,42.77805442052162,43.135284423828125,4702600
2018-08-23 00:00:00-04:00,43.13527162077472,43.13527162077472,42.599429871942604,42.71309280395508,4366600
2018-08-24 00:00:00-04:00,42.8430009519047,43.370722238948844,42.721217448772826,43.28141784667969,3017000
2018-08-27 00:00:00-04:00,43.50875051224794,44.377463884849796,43.370728980771325,44.02023696899414,4617400
2018-08-28 00:00:00-04:00,44.020231070109354,44.336864468541854,43.72795313399221,43.87409210205078,3607400
2018-08-29 00:00:00-04:00,43.84162778718831,43.857865798759576,43.557470327401255,43.760440826416016,4297700
2018-08-30 00:00:00-04:00,43.71982989965055,43.80101993085947,43.24894010697084,43.54933547973633,2948000
2018-08-31 00:00:00-04:00,43.35449067204264,43.35449067204264,42.67250981550208,43.167755126953125,4304400
2018-09-04 00:00:00-04:00,42.843011224989354,43.41944667092309,42.818655757356176,43.33013916015625,3047000
2018-09-05 00:00:00-04:00,43.273297640721346,43.75230800800957,43.20834870972595,43.69547653198242,5203500
2018-09-06 00:00:00-04:00,43.760440826416016,44.02024281738819,43.508756292687465,43.760440826416016,4692100
2018-09-07 00:00:00-04:00,43.768552969283974,43.84162246394055,43.32201854508649,43.573699951171875,2796900
2018-09-10 00:00:00-04:00,43.224592892005155,43.224592892005155,42.47765994780745,42.80241394042969,4536600
2018-09-11 00:00:00-04:00,42.420828367683214,42.66439231305702,42.02300488247524,42.518253326416016,5437200
2018-09-12 00:00:00-04:00,42.355866196629286,42.623788640397265,42.063591390359015,42.4776496887207,4775500
2018-09-13 00:00:00-04:00,42.52637074261867,42.981022581223066,42.52637074261867,42.76181411743164,3555400
2018-09-14 00:00:00-04:00,42.89251233177574,43.69302285198306,42.8189961866961,43.496978759765625,3669500
2018-09-17 00:00:00-04:00,43.570501077420325,43.627679963247715,43.300940801935,43.53782653808594,3765100
2018-09-18 00:00:00-04:00,43.53780976463835,44.174950572130676,43.40711477366814,44.06875991821289,3885800
2018-09-19 00:00:00-04:00,44.199466961929595,44.67323526488301,44.01976013183594,44.01976013183594,5049200
2018-09-20 00:00:00-04:00,44.313823319682726,44.69774131146657,44.28931897672295,44.371002197265625,5064400
2018-09-21 00:00:00-04:00,44.469020791776686,44.73041082560227,44.289317091030966,44.65689468383789,6440400
2018-09-24 00:00:00-04:00,44.5915521612282,44.877446558947504,44.46085713426862,44.64056396484375,6603500
2018-09-25 00:00:00-04:00,44.65688962348598,44.90194547894178,44.2974791467066,44.44451141357422,5749600
2018-09-26 00:00:00-04:00,44.48535783405732,44.75491805783903,44.093272785296186,44.15045166015625,4904700
2018-09-27 00:00:00-04:00,44.15044924171431,44.183123772991664,43.611331939697266,43.611331939697266,4089700
2018-09-28 00:00:00-04:00,43.26826305865051,43.635840666417735,42.908849410501055,43.48881149291992,4463100
2018-10-01 00:00:00-04:00,43.652173770168346,43.889059449124574,43.25192166601525,43.35811233520508,3595000
2018-10-02 00:00:00-04:00,43.33360634333059,43.5051429651943,43.031374707282865,43.390785217285156,2519400
2018-10-03 00:00:00-04:00,43.70119484452298,43.995259457927105,43.488816577073045,43.51332092285156,3591900
2018-10-04 00:00:00-04:00,43.562329976924055,44.2811510797926,43.545992708765866,44.027931213378906,4804500
2018-10-05 00:00:00-04:00,44.109610347167354,44.46902086526776,43.74202963773796,43.78287124633789,2887100
2018-10-08 00:00:00-04:00,43.505143654147,44.469020567523735,43.41529336223474,44.15045166015625,3977300
2018-10-09 00:00:00-04:00,44.01158198158141,44.22396017787665,43.66850567554824,43.96257019042969,3625000
2018-10-10 00:00:00-04:00,43.74202268744467,44.00341268016925,42.786316110798154,42.79448318481445,4572400
2018-10-11 00:00:00-04:00,42.73731026586271,42.76181460733606,40.81772665541494,40.95658874511719,9419600
2018-10-12 00:00:00-04:00,41.2914918546694,41.2914918546694,39.90285548047965,40.654354095458984,5886600
2018-10-15 00:00:00-04:00,40.63802267089008,40.88307545072759,40.05806369820443,40.06623077392578,5061900
2018-10-16 00:00:00-04:00,40.131569455132066,40.294938971404946,39.46992431643336,40.27043151855469,6663200
2018-10-17 00:00:00-04:00,40.188749018850494,41.03826802546374,39.78032677905733,40.531822204589844,4906800
2018-10-18 00:00:00-04:00,40.4419720327998,40.45830929761384,39.10234747819494,39.70681381225586,7381700
2018-10-19 00:00:00-04:00,38.59591057994147,39.24121861578835,38.228329855977094,38.55506896972656,9494800
2018-10-22 00:00:00-04:00,38.62858366923317,38.71026688660681,36.68449255879365,36.72533416748047,11050200
2018-10-23 00:00:00-04:00,36.16988666358143,36.33325624640834,35.29586297887542,36.08820343017578,13635900
2018-10-24 00:00:00-04:00,35.95751053733963,35.982014885623535,34.44634570084412,34.495357513427734,9763600
2018-10-25 00:00:00-04:00,34.65054937880821,35.14065805003674,34.291138846052725,34.61787796020508,9842700
2018-10-26 00:00:00-04:00,34.34015761282624,34.372832154071524,33.06587854840185,33.425289154052734,11628800
2018-10-29 00:00:00-04:00,33.89906034763162,34.00525104771101,32.34705392868315,32.600276947021484,12913600
2018-10-30 00:00:00-04:00,32.673788055936726,33.52330729323474,32.09382906578751,33.45795822143555,22028500
2018-10-31 00:00:00-04:00,34.41366969376043,34.8139218705204,33.65400383793311,33.72751998901367,11324700
2018-11-01 00:00:00-04:00,35.41838371269086,36.45577676839179,34.813917314465876,35.22233963012695,12040500
2018-11-02 00:00:00-04:00,35.467388896987046,35.94116023209719,34.609702741924025,35.353031158447266,9269700
2018-11-05 00:00:00-05:00,35.21416999974295,36.129035047957544,35.19783273438013,36.0473518371582,7193400
2018-11-06 00:00:00-05:00,35.85947089645435,36.757998502327816,35.59808093416337,36.67631530761719,7541900
2018-11-07 00:00:00-05:00,36.194391308540595,36.49662298783031,35.83497763110003,36.29241180419922,7472300
2018-11-08 00:00:00-05:00,36.039179821923575,36.643646145686716,36.006508408866736,36.14537048339844,6962000
2018-11-09 00:00:00-05:00,36.02284005887885,36.26789589390317,35.59808367446929,35.794124603271484,5400000
2018-11-12 00:00:00-05:00,35.7124545902158,35.80230801410399,34.62604954286295,34.69139862060547,5148400
2018-11-13 00:00:00-05:00,34.76490665236158,35.26317923165876,34.389155775166024,34.438167572021484,6009900
2018-11-14 00:00:00-05:00,34.715891225277346,35.189662530626904,34.021574647177594,34.25845718383789,9771500
2018-11-15 00:00:00-05:00,33.97256968121085,35.06714165499318,33.66216783658196,34.871097564697266,7205700
2018-11-16 00:00:00-05:00,34.63421599041581,35.41838614243653,34.56886691973982,35.07530975341797,9154700
2018-11-19 00:00:00-05:00,35.0099590152706,35.40204403770954,34.78941060589593,35.36936950683594,8538400
2018-11-20 00:00:00-05:00,35.01812213883044,35.353028252459964,34.71589055238781,35.17332458496094,9681100
2018-11-21 00:00:00-05:00,35.214171656877014,36.218890153860514,35.050802111575614,35.826805114746094,8342000
2018-11-23 00:00:00-05:00,35.49189324347425,35.95749434732439,35.369365325191836,35.426544189453125,2962600
2018-11-26 00:00:00-05:00,35.85948639361872,36.33325473651124,35.76146277838676,35.818641662597656,7361300
2018-11-27 00:00:00-05:00,35.630770072293934,35.74512784819885,35.17333896867429,35.47557067871094,5013400
2018-11-28 00:00:00-05:00,35.54907024020589,36.31690288853055,35.018120110227485,36.202545166015625,6101400
2018-11-29 00:00:00-05:00,35.86764058513551,36.194379619833455,35.32035628543298,35.48372268676758,6477100
2018-11-30 00:00:00-05:00,35.426549838557754,35.58175230859926,34.634212686299385,35.328529357910156,10036800
2018-12-03 00:00:00-05:00,35.8104720569323,35.998345965501954,35.04263915460212,35.27135467529297,18618900
2018-12-04 00:00:00-05:00,35.17333228810373,35.5000682834862,33.24557838609128,33.302757263183594,9380100
2018-12-06 00:00:00-05:00,32.64111270624811,32.79631518989415,31.44852021978309,32.19184875488281,14400100
2018-12-07 00:00:00-05:00,32.06932020570556,32.69012389663255,30.901235200438556,30.95841407775879,9247900
2018-12-10 00:00:00-05:00,30.7133514861878,30.795037804553356,29.537096545853668,30.639835357666016,12287500
2018-12-11 00:00:00-05:00,30.985874183724505,31.55434560853652,29.92307691127729,30.145523071289062,11912500
2018-12-12 00:00:00-05:00,30.48330320788905,31.504907184726747,30.20318624188729,31.043537139892578,8573000
2018-12-13 00:00:00-05:00,30.961149115547588,31.31541161720255,30.491538610097944,30.722225189208984,9853600
2018-12-14 00:00:00-05:00,30.48329999077106,31.084726883720126,30.384436114035505,30.886999130249023,8176100
2018-12-17 00:00:00-05:00,30.821098301930988,31.579063329770488,30.59865214624419,30.86229133605957,10291900
2018-12-18 00:00:00-05:00,31.10121212356653,31.875651770854937,30.77166159890136,30.944677352905273,7215100
2018-12-19 00:00:00-05:00,30.98587438512132,32.921975324835245,30.98587438512132,32.41117477416992,16477400
2018-12-20 00:00:00-05:00,32.180475999712684,32.60064978796082,31.274213941075036,31.43075180053711,9617400
2018-12-21 00:00:00-05:00,31.27421974908629,32.24639018475818,30.68103329921069,30.81285285949707,14026400
2018-12-24 00:00:00-05:00,30.54921400506686,31.587292658512496,30.120799644697254,30.75518226623535,5266300
2018-12-26 00:00:00-05:00,30.755183777242834,31.81797766853953,30.10432328569522,31.793262481689453,6190300
2018-12-27 00:00:00-05:00,31.504905680793755,32.40292739868164,31.10120651798174,32.40292739868164,6799200
2018-12-28 00:00:00-05:00,32.54298710559195,32.732477539447366,31.603772284384057,31.817977905273438,6410300
2018-12-31 00:00:00-05:00,31.86740702679694,32.468833923339844,31.644960945693235,32.468833923339844,6028200
2019-01-02 00:00:00-05:00,32.0486742922176,32.72425018189092,31.85918065768451,32.64186096191406,4516200
2019-01-03 00:00:00-05:00,32.49355059489307,32.63361064177607,31.867408486053108,31.925079345703125,5058200
2019-01-04 00:00:00-05:00,32.45235764082386,33.13617375357567,32.41116461853395,33.10321807861328,4823100
2019-01-07 00:00:00-05:00,32.9796367160538,34.09186720340763,32.81486462266173,33.29270935058594,5014300
2019-01-08 00:00:00-05:00,33.58930910453098,33.81175523483172,33.02907510440173,33.42453384399414,3909400
2019-01-09 00:00:00-05:00,33.42452879703956,34.240164484984916,33.41629144952853,33.910614013671875,4272800
2019-01-10 00:00:00-05:00,33.89413346873231,34.264876933642014,33.62225702301584,34.12481689453125,3250200
2019-01-11 00:00:00-05:00,33.89414112387347,34.553239019892004,33.71288802390837,34.32255554199219,4806800
2019-01-14 00:00:00-05:00,34.009486647755175,34.84160038763159,33.902385388426154,34.60267639160156,4711900
2019-01-15 00:00:00-05:00,34.63562751352103,34.989893214673,34.42141873742483,34.97341537475586,5341400
2019-01-16 00:00:00-05:00,35.080519845681366,35.75609556974707,34.72625414369245,35.53364944458008,5299000
2019-01-17 00:00:00-05:00,35.30295636686222,35.854952904470736,34.965168566651414,35.665462493896484,4980800
2019-01-18 00:00:00-05:00,35.86320306099066,36.39048146010673,35.69019042556079,36.38224411010742,5152800
2019-01-22 00:00:00-05:00,36.06916208351057,36.225699978586654,35.5089281431702,35.72313690185547,5775500
2019-01-23 00:00:00-05:00,35.846723048305655,35.912634415619024,34.86631503072157,35.27825164794922,4165000
2019-01-24 00:00:00-05:00,35.17114504656029,35.90439481931531,35.09699633438627,35.377113342285156,3709000
2019-01-25 00:00:00-05:00,35.706667772999005,35.97854431878438,35.475984262292975,35.57484817504883,4762700
2019-01-28 00:00:00-05:00,35.42654908157733,35.48421995656304,34.8251219975642,35.27825164794922,4146700
2019-01-29 00:00:00-05:00,35.13819245326763,35.22881586327145,34.77568624194524,34.81687927246094,3545500
2019-01-30 00:00:00-05:00,34.89102785120946,35.51717322683208,34.685059556591156,35.27001190185547,4519900
2019-01-31 00:00:00-05:00,35.00638234606625,35.69019563764843,34.89927792347111,35.61604690551758,6456600
2019-02-01 00:00:00-05:00,35.79728349246098,36.11035612131952,35.4677330259966,36.102115631103516,3383400
2019-02-04 00:00:00-05:00,35.98678423968522,36.4563917463476,35.937350712679205,36.250423431396484,8672900
2019-02-05 00:00:00-05:00,36.10211833498303,36.12683352182975,35.66546660561681,35.970298767089844,10111900
2019-02-06 00:00:00-05:00,35.96205520629883,36.11858993399588,35.79727998919222,35.96205520629883,4817400
2019-02-07 00:00:00-05:00,35.616038795159675,35.83848494089758,34.89102948417987,35.28649139404297,6976900
2019-02-08 00:00:00-05:00,35.09699445989449,35.18762100802545,34.46261490863098,34.97341537475586,4922200
2019-02-11 00:00:00-05:00,35.154666422704906,35.55836565617716,35.03932468252046,35.46773910522461,5160300
2019-02-12 00:00:00-05:00,35.772575764516816,36.45639208506487,35.73138272970928,36.11036682128906,3964400
2019-02-13 00:00:00-05:00,36.26689259389616,36.72826264038369,36.20922173093851,36.398712158203125,5290400
2019-02-14 00:00:00-05:00,34.676821922774394,34.84983453455402,32.95492686819798,33.1114616394043,22229200
2019-02-15 00:00:00-05:00,33.51515504142214,34.89102149007534,33.399813320316625,34.86630630493164,16385400
2019-02-19 00:00:00-05:00,34.74273312260158,35.50893548944101,34.462619237306356,35.418312072753906,8824000
2019-02-20 00:00:00-05:00,35.3771050616805,35.665462493896484,34.940453382654,35.665462493896484,5647400
2019-02-21 00:00:00-05:00,35.5995477020909,35.879664617324075,35.220566917606526,35.43477249145508,5419200
2019-02-22 00:00:00-05:00,35.533647700414015,35.6984229490601,35.21233769410871,35.31943893432617,4929500
2019-02-25 00:00:00-05:00,35.58308529014048,36.56349648982614,35.475984028206305,36.11036682128906,11727000
2019-02-26 00:00:00-05:00,35.94558797459077,36.860087713633874,35.92911013373641,36.13507843017578,7704100
2019-02-27 00:00:00-05:00,36.12683216249495,36.15978783893483,35.566598234322086,35.81376266479492,4748300
2019-02-28 00:00:00-05:00,35.99501225578553,36.052683117591386,35.5089270328317,35.59131622314453,4908300
2019-03-01 00:00:00-05:00,35.822015256677986,35.97031272093968,35.46774944125588,35.61604690551758,5349000
2019-03-04 00:00:00-05:00,35.77257293524997,36.20922786959051,35.13819333516765,35.84672164916992,9514400
2019-03-05 00:00:00-05:00,35.822002596151044,35.83024308726851,35.12171170683968,35.56660079956055,4588800
2019-03-06 00:00:00-05:00,35.492458245401984,35.69842654122861,34.899268547716716,35.014610290527344,5266500
2019-03-07 00:00:00-05:00,34.726253462716244,34.9569369319243,34.24840554184065,34.446136474609375,5967000
2019-03-08 00:00:00-05:00,34.025961314677566,34.79216361470457,33.86942654369286,34.76744842529297,4195800
2019-03-11 00:00:00-04:00,34.981656780693,35.4924604488907,34.87455552304923,35.27825164794922,3056900
2019-03-12 00:00:00-04:00,35.294726494947945,35.78081178774431,35.27824865451778,35.46773910522461,3611600
2019-03-13 00:00:00-04:00,35.6819453089561,36.37399884286894,35.574840925314724,36.0774040222168,5940300
2019-03-14 00:00:00-04:00,36.085704108784306,36.50067311164424,35.99441042160117,36.30978775024414,4759300
2019-03-15 00:00:00-04:00,36.176995730381876,36.625162987712685,36.176995730381876,36.55046844482422,7435900
2019-03-18 00:00:00-04:00,36.74135868958071,37.081633171186226,36.674962124407685,36.749656677246094,4745200
2019-03-19 00:00:00-04:00,36.97372941444531,37.34720206832083,36.32637892503545,36.40107345581055,5090400
2019-03-20 00:00:00-04:00,36.243391893378714,36.52557094743726,35.54624699437062,35.654136657714844,4823800
2019-03-21 00:00:00-04:00,35.322163334384,36.40938011632074,35.28066390053963,36.04420852661133,4711100
2019-03-22 00:00:00-04:00,35.68732549348284,35.79521829423467,35.01507473397575,35.3719482421875,5410600
2019-03-25 00:00:00-04:00,35.41344583432697,35.61263230738188,34.99847691759404,35.23086166381836,3914800
2019-03-26 00:00:00-04:00,35.50474480177928,35.9197137804479,35.39685514681812,35.72882843017578,2958400
2019-03-27 00:00:00-04:00,35.75372214587316,36.06909623216457,35.670726465826895,35.80351638793945,3075200
2019-03-28 00:00:00-04:00,35.903110824753405,36.10229730636339,35.19766490239306,35.770320892333984,2978300
2019-03-29 00:00:00-04:00,36.06080450487081,36.160396172247275,35.562839836064434,35.73712921142578,4308800
2019-04-01 00:00:00-04:00,36.11889276669392,36.74964408998413,36.06909535987045,36.50896453857422,3715100
2019-04-02 00:00:00-04:00,36.48406942674596,36.79114873010185,35.96950881376856,36.143795013427734,3424000
2019-04-03 00:00:00-04:00,36.46746963590685,36.6583549701107,36.25998516403809,36.40937423706055,3490300
2019-04-04 00:00:00-04:00,36.425980643024744,37.10652959327143,36.3678852325863,37.015235900878906,3753400
2019-04-05 00:00:00-04:00,37.098225389062335,37.596186871078515,37.065027112671416,37.388702392578125,4063900
2019-04-08 00:00:00-04:00,37.322306904566474,37.47169597395332,37.0318267514424,37.23931121826172,2147000
2019-04-09 00:00:00-04:00,37.00692852700337,37.12311931840984,36.6002575911191,37.04012680053711,3397000
2019-04-10 00:00:00-04:00,36.9903263351199,37.355497815945824,36.708147365312165,37.24760818481445,1904100
2019-04-11 00:00:00-04:00,37.67089009133115,38.027763729871225,37.41361130491571,37.93647003173828,4330300
2019-04-12 00:00:00-04:00,38.17714037433917,38.965581950045014,38.152243252420135,38.3348274230957,4937300
2019-04-15 00:00:00-04:00,38.31823414867443,38.426126970099055,37.944764598906694,38.01115798950195,3766200
2019-04-16 00:00:00-04:00,38.2186387490585,38.91578669504747,38.21034076327988,38.791297912597656,4709600
2019-04-17 00:00:00-04:00,38.799591208355324,38.84108746415594,37.86176063064675,38.15224075317383,3650600
2019-04-18 00:00:00-04:00,38.09415160555641,38.54231567400386,38.01945706648819,38.21034240722656,3729300
2019-04-22 00:00:00-04:00,38.16884892488103,38.42612767133055,37.94476529135389,38.177146911621094,2631000
2019-04-23 00:00:00-04:00,38.01116006935234,38.2269457240087,37.81197672070581,38.16054916381836,5036400
2019-04-24 00:00:00-04:00,37.961360931396484,38.34313160548894,37.87006725586093,37.961360931396484,4050600
2019-04-25 00:00:00-04:00,37.74558085747984,37.91156909505838,37.28081442545238,37.50489807128906,6002300
2019-04-26 00:00:00-04:00,37.51318968619555,38.251833831349074,37.29740408242125,38.21863555908203,3070600
2019-04-29 00:00:00-04:00,38.30164264556319,39.10668040902082,38.24354723477643,38.9987907409668,4449400
2019-04-30 00:00:00-04:00,39.007083933765244,39.505045441002956,38.88259197397479,39.48014831542969,5439800
2019-05-01 00:00:00-04:00,39.422054631642425,39.671035396123514,38.882593670298235,38.899192810058594,4274000
2019-05-02 00:00:00-04:00,39.02367849803718,39.38055203057384,38.58381244601083,38.84109115600586,4753400
2019-05-03 00:00:00-04:00,38.92408342318894,39.31415202968909,38.79129350408989,39.09836959838867,6361000
2019-05-06 00:00:00-04:00,38.4178208672609,39.09836959838867,38.301630083794414,39.09836959838867,6001600
2019-05-07 00:00:00-04:00,42.111047171438635,42.58411148445451,41.49689178007049,41.745872497558594,29260800
2019-05-08 00:00:00-04:00,41.5301035382837,43.140182322402026,41.35581729604688,41.463706970214844,11033100
2019-05-09 00:00:00-04:00,41.23961336796042,42.260436611399385,40.982334643574504,42.18574523925781,6068200
2019-05-10 00:00:00-04:00,41.89525502308188,42.882879753572944,41.57987780830178,42.85798263549805,5779500
2019-05-13 00:00:00-04:00,42.31022669986175,42.559207395110704,41.554983463561854,42.094444274902344,5894900
2019-05-14 00:00:00-04:00,42.102747258073386,43.04887591192376,42.102747258073386,42.72520065307617,6844000
2019-05-15 00:00:00-04:00,42.393219280539164,43.306149485121175,42.16913572138662,43.03226852416992,6163800
2019-05-16 00:00:00-04:00,43.12357263650087,43.96181169062301,43.12357263650087,43.34765625,5450300
2019-05-17 00:00:00-04:00,42.88288717137422,43.72942415792512,42.79159666732131,43.463844299316406,4924400
2019-05-20 00:00:00-04:00,43.513648986816406,44.00331252663033,43.28956535002405,43.513648986816406,5713500
2019-05-21 00:00:00-04:00,43.804128462803504,43.837326744025845,43.231472358548835,43.571746826171875,4628600
2019-05-22 00:00:00-04:00,43.41405178420579,43.878814972306785,43.23146443690225,43.62153625488281,4408600
2019-05-23 00:00:00-04:00,43.339360674526425,43.34765866098637,42.766701463967976,43.32276153564453,5085900
2019-05-24 00:00:00-04:00,43.53854442332917,43.85392173316112,43.31446079523505,43.78752517700195,3341000
2019-05-28 00:00:00-04:00,43.64643858327072,44.01991130821985,43.16507303423359,43.21487045288086,5962400
2019-05-29 00:00:00-04:00,43.09038475871937,43.11528505464697,42.476232335857155,42.84140396118164,3947700
2019-05-30 00:00:00-04:00,42.98248676373268,43.36425745711274,42.816498542187695,43.10697555541992,3288200
2019-05-31 00:00:00-04:00,42.65880301372057,42.73349754030572,42.04464766558028,42.38492202758789,5120800
2019-06-03 00:00:00-04:00,42.376644258202,43.77923863099335,42.26045025455927,43.74604034423828,7097600
2019-06-04 00:00:00-04:00,44.13610284885842,44.74195720558783,43.87882093053681,44.67556381225586,6775100
2019-06-05 00:00:00-04:00,44.26889591675624,44.58427326367275,43.729434915396084,44.55107498168945,5480300
2019-06-06 00:00:00-04:00,44.47637454712327,44.95773690835953,44.302088338708174,44.44317626953125,4764200
2019-06-07 00:00:00-04:00,44.40997162147241,44.61745607771655,43.912010192871094,43.912010192871094,5206000
2019-06-10 00:00:00-04:00,44.06970869360115,44.44318144509859,43.96181902780595,44.260597229003906,4645800
2019-06-11 00:00:00-04:00,44.48466931425129,44.617459249047556,43.787521365080465,44.053104400634766,3587300
2019-06-12 00:00:00-04:00,44.111211996287345,44.18590655313641,43.671342643303895,43.953521728515625,2842400
2019-06-13 00:00:00-04:00,44.00361285414002,44.6298502196585,43.953512718223685,44.421104431152344,3860400
2019-06-14 00:00:00-04:00,44.47955080824954,44.61314797891076,44.12885624450897,44.5129508972168,3206900
2019-06-17 00:00:00-04:00,44.60479787698938,44.75509509723207,44.20400635141151,44.245758056640625,2711100
2019-06-18 00:00:00-04:00,44.162264661242936,44.71335349229136,44.13721618239795,44.546356201171875,3313800
2019-06-19 00:00:00-04:00,44.67159558542723,45.03898700057652,44.58809855000485,44.75509262084961,4029000
2019-06-20 00:00:00-04:00,45.07239426462616,45.38968878312032,44.52130546156169,45.2978401184082,5000700
2019-06-21 00:00:00-04:00,45.623479850826804,45.6986284634555,44.780148251511875,44.79684829711914,5462500
2019-06-24 00:00:00-04:00,44.78013951875878,45.147530894848174,44.42944499981252,44.52129364013672,2745200
2019-06-25 00:00:00-04:00,44.44615138326081,44.696645683841744,43.844962513700295,44.02865982055664,5504100
2019-06-26 00:00:00-04:00,44.20400397024613,44.2207040143966,43.50261804196487,43.63621520996094,3883400
2019-06-27 00:00:00-04:00,43.7280639003264,44.329252749464416,43.6111667763735,44.29585266113281,3878300
2019-06-28 00:00:00-04:00,44.43780283141958,44.60479690787621,44.17895691657927,44.48789978027344,5214800
2019-07-01 00:00:00-04:00,44.69665179078147,45.06404645469159,44.39605731493075,44.95549774169922,3200800
2019-07-02 00:00:00-04:00,44.988890672426926,44.99723910200094,44.371001772093244,44.91374206542969,3374800
2019-07-03 00:00:00-04:00,45.089086084001536,45.97416929084373,44.9554889193091,45.78212356567383,2948700
2019-07-05 00:00:00-04:00,45.7988248071575,45.91572512450746,45.28113614258238,45.59843063354492,2514000
2019-07-08 00:00:00-04:00,45.59007255863419,46.05766420615727,45.41472688526585,45.89066696166992,4378600
2019-07-09 00:00:00-04:00,45.65688270586956,46.36661716849797,45.556685611368565,46.35826873779297,3617100
2019-07-10 00:00:00-04:00,46.37496944498431,46.75906096704938,46.341569351272156,46.53361511230469,3898300
2019-07-11 00:00:00-04:00,46.61712095525988,46.88431536668777,46.14952914265675,46.32487487792969,3389300
2019-07-12 00:00:00-04:00,46.633802529536865,47.051294058665064,46.349908162321384,46.9844970703125,2957700
2019-07-15 00:00:00-04:00,47.05130287550549,47.16820320114146,46.85090868768878,46.95945739746094,2900700
2019-07-16 00:00:00-04:00,47.10139787236402,47.15984643619628,46.77575496381058,46.78410339355469,2250600
2019-07-17 00:00:00-04:00,46.75905725373621,46.84255429617754,45.82387700051973,46.23301696777344,3679400
2019-07-18 00:00:00-04:00,46.299810910735076,46.57535366182694,46.20796226530193,46.42505645751953,4175600
2019-07-19 00:00:00-04:00,46.81749108249946,47.326831162593834,46.600396929367705,46.70894241333008,4852800
2019-07-22 00:00:00-04:00,46.56701440410433,46.86760887192083,46.45846569401321,46.65886306762695,2069600
2019-07-23 00:00:00-04:00,46.65050326893355,47.001197814941406,46.34990885384329,47.001197814941406,2160300
2019-07-24 00:00:00-04:00,46.76741510123838,48.00319323762745,46.759066669396354,47.91969299316406,3909800
2019-07-25 00:00:00-04:00,48.07832680200338,48.08667523122982,47.543934960489636,47.66083526611328,2459300
2019-07-26 00:00:00-04:00,47.58570183938601,47.86959630174582,47.42705296661489,47.819496154785156,2899300
2019-07-29 00:00:00-04:00,47.66083905352596,47.777736183231305,47.051298559706,47.159847259521484,2565100
2019-07-30 00:00:00-04:00,46.842551626732714,47.14314605872414,46.50856029079276,47.026248931884766,1828900
2019-07-31 00:00:00-04:00,47.10974936980913,47.54394100455676,46.36661485108632,46.750709533691406,3179200
2019-08-01 00:00:00-04:00,46.533602138864026,47.093042404343386,45.2811276407188,45.68191909790039,4706600
2019-08-02 00:00:00-04:00,45.54833342229885,45.80717936381147,45.08909329430589,45.36463928222656,2683600
2019-08-05 00:00:00-04:00,44.63819223062201,44.87198964606966,43.661263609797814,44.095455169677734,4323200
2019-08-06 00:00:00-04:00,44.12050502271423,45.431428172243386,44.003607903934444,45.40637969970703,4247700
2019-08-07 00:00:00-04:00,44.51295440874586,45.615131949951234,44.162259817339766,45.431434631347656,4302000
2019-08-08 00:00:00-04:00,47.527237883032626,47.99482957908697,46.491860593122944,47.44374084472656,8893700
2019-08-09 00:00:00-04:00,47.176551700710206,47.38529750469565,46.63381133626478,46.97615432739258,3987100
2019-08-12 00:00:00-04:00,46.62545719433561,46.675557327830184,45.590076731902386,45.99087142944336,3576200
2019-08-13 00:00:00-04:00,45.782130826747505,47.176551255305284,45.640182025069315,46.859256744384766,4522200
2019-08-14 00:00:00-04:00,45.99922205919561,46.25806798348627,44.204007004873866,44.579750061035156,8548900
2019-08-15 00:00:00-04:00,44.68828911575749,45.08073213249691,44.479543372420736,44.871986389160156,4125000
2019-08-16 00:00:00-04:00,45.31454225718343,45.6986337953404,44.980547676485315,45.34794235229492,4042200
2019-08-19 00:00:00-04:00,45.94911692892899,46.09106570592009,45.53162539750799,45.76542282104492,3319400
2019-08-20 00:00:00-04:00,45.64852890949973,45.64852890949973,44.563051412831456,44.61315155029297,3551200
2019-08-21 00:00:00-04:00,45.04734338308799,45.04734338308799,44.51295465532611,44.83024597167969,2464800
2019-08-22 00:00:00-04:00,45.07239396450012,45.35628838753436,44.746751017386075,44.880348205566406,2326600
2019-08-23 00:00:00-04:00,44.679957804722676,45.3646470843783,43.544383120543706,43.828277587890625,3712200
2019-08-26 00:00:00-04:00,44.01195395449155,44.345948434561556,43.769808115701174,44.320899963378906,2212600
2019-08-27 00:00:00-04:00,44.47956562971204,44.64656294498729,43.58613365597964,44.037025451660156,2747800
2019-08-28 00:00:00-04:00,43.861665467392925,44.22070848994731,43.66961971803724,43.79486846923828,2481500
2019-08-29 00:00:00-04:00,44.23740279201629,44.404400043532114,43.7531142663488,43.8032112121582,2921100
2019-08-30 00:00:00-04:00,44.15391210148233,44.15391210148233,43.2521287248821,43.4525260925293,4565000
2019-09-03 00:00:00-04:00,43.21037630749837,43.82826521560911,43.126879269876184,43.753116607666016,2897700
2019-09-04 00:00:00-04:00,44.22070649442793,45.43978111891235,44.01196070865151,45.4230842590332,3846900
2019-09-05 00:00:00-04:00,46.04932637684223,46.642163705283615,45.60678309930566,45.656883239746094,3124000
2019-09-06 00:00:00-04:00,45.598433936870094,46.2413713954359,45.531633750688,45.798828125,1901200
2019-09-09 00:00:00-04:00,45.99087186850282,46.316514776306846,45.673577390423695,46.266414642333984,2898500
2019-09-10 00:00:00-04:00,46.29146785406409,46.74235955033942,46.1244737608138,46.34156799316406,3170500
2019-09-11 00:00:00-04:00,46.32487135834861,47.285103391293895,45.732034002109955,47.26005172729492,3093900
2019-09-12 00:00:00-04:00,46.875957534878616,47.685892278818855,46.78410887090087,47.393646240234375,3263600
2019-09-13 00:00:00-04:00,47.660847359600474,47.978138714037115,47.41870144289216,47.8361930847168,3324700
2019-09-16 00:00:00-04:00,47.20643540738951,47.592684368562075,46.96292937413308,47.290401458740234,2793600
2019-09-17 00:00:00-04:00,47.17284351282842,47.98732759155609,47.10566811523885,47.928550720214844,4317400
2019-09-18 00:00:00-04:00,47.58428664994676,48.42395999011677,47.39116216607961,48.407169342041016,4292100
2019-09-19 00:00:00-04:00,48.53311762698958,49.255237200214644,48.3399931462828,48.60868835449219,4671800
2019-09-20 00:00:00-04:00,48.88577606090931,48.99493127365197,48.104879707385464,48.239227294921875,6534700
2019-09-23 00:00:00-04:00,47.9453459430952,48.47434103876047,47.82779218919171,48.11328125,2752500
2019-09-24 00:00:00-04:00,48.30639198600119,48.44913807733591,47.71022485907643,47.861366271972656,3592400
2019-09-25 00:00:00-04:00,47.76062344899697,48.05450785505039,47.382769781857,47.46673583984375,3355300
2019-09-26 00:00:00-04:00,47.52549907521073,47.52549907521073,46.63544758494953,46.920936584472656,3206200
2019-09-27 00:00:00-04:00,47.206433186041586,47.466729854840004,46.89575176384438,47.15605163574219,3496300
2019-09-30 00:00:00-04:00,47.27360092185825,47.32398246740285,46.64384601649664,46.769798278808594,3424500
2019-10-01 00:00:00-04:00,46.96293349609773,47.013315053189906,45.54388660388297,45.65304183959961,3643000
2019-10-02 00:00:00-04:00,45.4179354915868,45.55228311088662,44.75459271993775,44.8973388671875,3492000
2019-10-03 00:00:00-04:00,44.66222226268792,45.12404514625591,44.25917945774634,44.67901611328125,3702700
2019-10-04 00:00:00-04:00,44.662218685300346,45.7873809601338,44.662218685300346,45.70341491699219,3298100
2019-10-07 00:00:00-04:00,45.527088447850566,45.58586532401869,45.01488721001448,45.031681060791016,2592200
2019-10-08 00:00:00-04:00,44.43550355551919,44.56985434052601,43.99047779103065,44.01566696166992,3763600
2019-10-09 00:00:00-04:00,44.30955038819086,44.80495765109315,44.20039198705002,44.53626251220703,2943600
2019-10-10 00:00:00-04:00,44.620237264649155,45.72021040662567,44.49428819541784,45.392738342285156,3962000
2019-10-11 00:00:00-04:00,46.08967008607087,46.71942510426954,45.61945505579965,45.69502258300781,4531400
2019-10-14 00:00:00-04:00,45.26678306238164,45.63623812525227,45.03167558629116,45.51868438720703,1980600
2019-10-15 00:00:00-04:00,45.636243972538715,46.16523906462057,45.585865622978226,45.91333770751953,2215500
2019-10-16 00:00:00-04:00,45.653034937347996,45.8125749091359,45.09045538215728,45.627845764160156,3429200
2019-10-17 00:00:00-04:00,45.93852404848623,46.030888621115466,45.27518139333018,45.392738342285156,2494600
2019-10-18 00:00:00-04:00,45.25839231448907,45.577465863408385,45.22480461362405,45.317169189453125,2344000
2019-10-21 00:00:00-04:00,45.770588630954606,46.081270047714796,45.711811758183615,45.804176330566406,2069600
2019-10-22 00:00:00-04:00,45.58586470772534,45.58586470772534,44.637032971825455,44.70420837402344,3381800
2019-10-23 00:00:00-04:00,44.553053259653666,44.754572998251135,44.23397660325943,44.628623962402344,2669900
2019-10-24 00:00:00-04:00,44.81335298487156,44.98968677233067,44.26756738521813,44.41870880126953,1665700
2019-10-25 00:00:00-04:00,44.26757131060919,44.42710806254415,43.948494603640285,44.33474349975586,2084400
2019-10-28 00:00:00-04:00,44.52788266005931,44.76299340750196,44.10804592910465,44.124839782714844,3817200
2019-10-29 00:00:00-04:00,43.956889424092836,44.233983109293035,42.99966251721754,43.746971130371094,7845800
2019-10-30 00:00:00-04:00,43.82253705548934,44.41870737886727,43.4110990384904,44.175201416015625,3961400
2019-10-31 00:00:00-04:00,43.96529821087066,44.519482507516095,43.57904922901771,44.46910095214844,5172400
2019-11-01 00:00:00-04:00,43.654619588028936,45.24999705719554,43.32714428558293,45.140838623046875,5378700
2019-11-04 00:00:00-05:00,45.409531872074055,46.50950180319826,45.28357960063115,46.123252868652344,4657800
2019-11-05 00:00:00-05:00,46.36675351225286,46.36675351225286,45.560664834004676,46.02248764038086,4342400
2019-11-06 00:00:00-05:00,46.09805967455263,46.66063917756636,45.85455367932324,46.618656158447266,3733100
2019-11-07 00:00:00-05:00,46.778204369191414,47.29880418368967,46.643856753246666,46.67744445800781,3280800
2019-11-08 00:00:00-05:00,46.71942428764866,46.97132564990515,46.21562156313568,46.946136474609375,2750600
2019-11-11 00:00:00-05:00,46.5430953651865,47.055296635691704,46.425541605352464,46.517906188964844,2568800
2019-11-12 00:00:00-05:00,46.45911870459597,46.82857375161638,46.224008035492986,46.52629089355469,3162700
2019-11-13 00:00:00-05:00,46.282789687968766,46.366758936723926,45.91333460274403,45.946922302246094,2673600
2019-11-14 00:00:00-05:00,45.946924940750876,46.15684327004437,45.24159922620077,45.501895904541016,3468900
2019-11-15 00:00:00-05:00,45.73700127242007,46.11485165856097,45.06526013461595,45.28357696533203,3404100
2019-11-18 00:00:00-05:00,45.048467093169876,45.47669900280138,44.92251483575527,45.46830368041992,2398600
2019-11-19 00:00:00-05:00,45.543880902926794,45.61105310087492,44.84695053100586,44.84695053100586,3394500
2019-11-20 00:00:00-05:00,44.80497616344133,44.85535452086092,44.20041024960598,44.44391632080078,5093400
2019-11-21 00:00:00-05:00,44.46909128652982,44.50267898280778,43.83094107274369,43.83933639526367,4337600
2019-11-22 00:00:00-05:00,43.948499684567,44.77977764266742,43.85613511110036,44.75458526611328,4522500
2019-11-25 00:00:00-05:00,44.79656590991743,45.115642636825314,44.67061684623481,44.76298141479492,3072800
2019-11-26 00:00:00-05:00,44.76298848088772,45.115649758587715,44.443911703611754,44.64543151855469,7197500
2019-11-27 00:00:00-05:00,44.66222163112134,44.83015693158044,44.30116185621909,44.41032028198242,3770800
2019-11-29 00:00:00-05:00,44.368335046085164,44.64542555539646,44.15841673174962,44.217193603515625,2865500
2019-12-02 00:00:00-05:00,44.28437019474299,44.30955936815016,43.37752151489258,43.37752151489258,4180800
2019-12-03 00:00:00-05:00,42.99126827120144,43.14240970271313,42.269148810223165,42.9660758972168,5785600
2019-12-04 00:00:00-05:00,43.217985719928,43.52026862003178,42.90730429309943,42.91570281982422,4212900
2019-12-05 00:00:00-05:00,42.98287047105622,43.25996416787133,42.78135069437169,42.940887451171875,3131300
2019-12-06 00:00:00-05:00,43.43628990128762,43.763761903993974,42.94928115967526,43.545448303222656,6731900
2019-12-09 00:00:00-05:00,43.427909905352465,44.108043319272106,43.243180729670655,43.31035614013672,3701100
2019-12-10 00:00:00-05:00,43.2851548030605,43.53705613398487,42.85692286079899,42.89051055908203,4634300
2019-12-11 00:00:00-05:00,42.94121625749801,43.00881515456501,42.4764851216873,42.59477996826172,4413100
2019-12-12 00:00:00-05:00,42.61166981177925,43.4481850176097,42.47647527228685,43.118648529052734,6080200
2019-12-13 00:00:00-05:00,43.22005210389534,43.96362054982718,43.194700908646155,43.600284576416016,5316800
2019-12-16 00:00:00-05:00,43.93826658691328,44.20020741348962,43.72702492063004,43.8537712097168,5857000
2019-12-17 00:00:00-05:00,43.79461409945606,44.25934501767165,43.701667271154676,43.76081466674805,3258500
2019-12-18 00:00:00-05:00,43.72702439527104,44.23400309894289,43.57493013951108,43.91291809082031,5090000
2019-12-19 00:00:00-05:00,43.727025613051154,44.00586616414066,43.473536254155654,43.879119873046875,4493900
2019-12-20 00:00:00-05:00,44.022758856526984,44.09880597995244,43.524228430358306,43.54957962036133,7345400
2019-12-23 00:00:00-05:00,43.54958193525779,43.60027787137499,42.84825806824482,43.06795120239258,4175000
2019-12-24 00:00:00-05:00,42.91585946803353,43.4735373611206,42.91585946803353,43.0426025390625,1138600
2019-12-26 00:00:00-05:00,43.135556611258295,43.25385145333417,42.72997291415841,42.772220611572266,2811100
2019-12-27 00:00:00-05:00,42.890509715334225,43.16090203385111,42.73841866965112,43.15245056152344,2374800
2019-12-30 00:00:00-05:00,43.27918590095771,43.287634147853844,42.90739857169854,43.093292236328125,2706300
2019-12-31 00:00:00-05:00,43.093306020309974,43.40594282813151,42.99191090866643,43.37214660644531,2912500
2020-01-02 00:00:00-05:00,43.63408234029648,43.828424305493755,43.29609757515474,43.735477447509766,3104600
2020-01-03 00:00:00-05:00,43.287644878449676,43.490438310433554,43.0426037549294,43.397491455078125,2358800
2020-01-06 00:00:00-05:00,43.20314827703794,43.63407987582446,43.12710114510006,43.43128967285156,2699700
2020-01-07 00:00:00-05:00,43.38902365287723,43.45662251252772,42.856697137939236,43.18623352050781,4580100
2020-01-08 00:00:00-05:00,43.18624337598689,44.14950478279389,43.18624337598689,43.69322204589844,4832100
2020-01-09 00:00:00-05:00,43.997423458404825,44.18331719616882,43.65098718012182,44.17486572265625,3219800
2020-01-10 00:00:00-05:00,44.19174913934903,44.47903789020349,43.836864741800795,43.96360778808594,5483000
2020-01-13 00:00:00-05:00,44.01431544041782,44.4621467590332,43.786174045097106,44.4621467590332,6039500
2020-01-14 00:00:00-05:00,44.41989736627409,44.8677286677252,44.090360882316325,44.225555419921875,5277000
2020-01-15 00:00:00-05:00,43.946714687229885,44.217106984589954,43.43128773080091,43.75237274169922,4095000
2020-01-16 00:00:00-05:00,44.03966870797973,44.42835588563353,44.03966870797973,44.242462158203125,3822200
2020-01-17 00:00:00-05:00,44.386098109713274,44.85083235649162,44.386098109713274,44.69873809814453,5818600
2020-01-21 00:00:00-05:00,44.40299923795491,44.52974553169407,43.58338373452935,43.659427642822266,4215100
2020-01-22 00:00:00-05:00,43.8199590912955,44.31003793916852,43.63406544729656,44.15794372558594,4341500
2020-01-23 00:00:00-05:00,43.70168098833512,43.89602295246972,43.3045455875905,43.608734130859375,3307100
2020-01-24 00:00:00-05:00,43.659431848513464,43.659431848513464,42.670822265967466,43.144004821777344,3227100
2020-01-27 00:00:00-05:00,42.33283361967477,42.53562706143956,42.15539137268834,42.358184814453125,3634700
2020-01-28 00:00:00-05:00,42.586331717774755,43.03416312931872,42.49338484595405,42.59477996826172,4131900
2020-01-29 00:00:00-05:00,42.74686845254835,42.96655839156676,42.52717851352994,42.54407501220703,2964400
2020-01-30 00:00:00-05:00,42.248326831368885,43.389030366499235,42.172279714140764,43.34678268432617,2979300
2020-01-31 00:00:00-05:00,42.88206031153463,43.220048283109904,42.19763611957619,42.46802520751953,5736100
2020-02-03 00:00:00-05:00,42.6877070744529,43.41437876498921,42.611659962110934,43.228485107421875,2916600
2020-02-04 00:00:00-05:00,43.7608231002857,44.00586419970588,42.738414238515624,42.79756164550781,3441100
2020-02-05 00:00:00-05:00,43.41438716112145,44.48749518801811,43.321440314362306,44.343849182128906,4408400
2020-02-06 00:00:00-05:00,44.673390195513164,45.29021552276321,44.47904823404745,45.12967300415039,5286400
2020-02-07 00:00:00-05:00,44.766337131288346,45.42541015162993,44.72408943929327,45.17192077636719,3766300
2020-02-10 00:00:00-05:00,45.17192047538713,45.754949580228235,45.08742509195997,45.746498107910156,2756800
2020-02-11 00:00:00-05:00,45.91549445121681,46.337977836589324,45.7802998968293,46.02534103393555,4656800
2020-02-12 00:00:00-05:00,46.38868126628835,46.557672057333484,45.86479949951172,45.86479949951172,3984100
2020-02-13 00:00:00-05:00,47.123791817605365,47.67301822198456,43.008805015840856,43.03415298461914,13179800
2020-02-14 00:00:00-05:00,42.13004824429414,42.80602108906305,40.803450529156144,40.963993072509766,11891200
2020-02-18 00:00:00-05:00,40.65135130855882,41.41181945800781,40.42320989673641,41.41181945800781,9403400
2020-02-19 00:00:00-05:00,41.74136101542468,42.062446077162576,41.48786839796814,41.74980926513672,5755700
2020-02-20 00:00:00-05:00,41.74980916914025,42.19764053857671,41.57236691596269,42.079345703125,5507100
2020-02-21 00:00:00-05:00,41.86810299077952,42.06244496192894,41.05693566164477,41.06538391113281,4913600
2020-02-24 00:00:00-05:00,40.135918203876955,40.29646071630729,38.52203193766327,38.6149787902832,9774200
2020-02-25 00:00:00-05:00,38.74171859184076,39.15575365767408,38.18404074647442,38.22629165649414,8706000
2020-02-26 00:00:00-05:00,38.43752589165039,38.97830391325017,37.79534957353219,38.02349090576172,7269800
2020-02-27 00:00:00-05:00,37.46582340449036,38.184043806292685,36.663104399169306,36.68000411987305,7159300
2020-02-28 00:00:00-05:00,35.725189653193326,36.29131899625677,34.90557417795274,35.62379455566406,10908300
2020-03-02 00:00:00-05:00,35.58154789498066,36.24062088290068,35.00697028689424,36.20682144165039,10262100
2020-03-03 00:00:00-05:00,36.06317982859272,37.077140536158275,34.787278277724305,35.05767059326172,11832200
2020-03-04 00:00:00-05:00,35.41255155644889,36.03782828481858,34.95626879979737,35.944881439208984,8324100
2020-03-05 00:00:00-05:00,34.64363362241199,35.243559187161225,33.950761207827114,34.347896575927734,9251400
2020-03-06 00:00:00-05:00,33.08889511397753,33.418431603989674,31.61865167012477,31.973539352416992,14681300
2020-03-09 00:00:00-04:00,29.244297545878656,29.573834038003962,25.695436816659758,27.723358154296875,19741400
2020-03-10 00:00:00-04:00,29.21895037128105,31.415862527385283,28.027544216134473,29.63298225402832,10322100
2020-03-11 00:00:00-04:00,28.458477700804643,28.982356133633928,26.95443644815259,27.40226936340332,10814400
2020-03-12 00:00:00-04:00,25.06171545945637,25.163112185796063,21.546653658256773,21.690298080444336,13594500
2020-03-13 00:00:00-04:00,23.57268433459001,24.453986756480607,21.46782830963422,24.385536193847656,11920600
2020-03-16 00:00:00-04:00,20.43251697227508,21.66462904875109,19.16618042166976,19.893468856811523,15835900
2020-03-17 00:00:00-04:00,20.51807885938664,20.56086148839546,17.557589475574297,19.03783416748047,15057900
2020-03-18 00:00:00-04:00,17.643151304463522,18.216425418864368,13.750020588699797,16.06878662109375,13531000
2020-03-19 00:00:00-04:00,15.82064999244706,18.293428217865532,14.990686778847335,17.626035690307617,11718600
2020-03-20 00:00:00-04:00,17.805719109424942,18.182198019491654,16.376812188025283,16.453819274902344,12948400
2020-03-23 00:00:00-04:00,16.222800402323728,17.181110051199106,15.46984410334266,16.513715744018555,9604500
2020-03-24 00:00:00-04:00,17.993961006830418,19.936246506976314,17.745826675134563,19.61966323852539,11436800
2020-03-25 00:00:00-04:00,19.850684202217757,23.74381329726081,18.849593630350935,22.006877899169922,14365100
2020-03-26 00:00:00-04:00,22.083883287544573,23.70103047545007,21.818637562371027,23.53845977783203,11282600
2020-03-27 00:00:00-04:00,22.246458002777956,22.896739278698007,21.39938152851103,21.827198028564453,9473500
2020-03-30 00:00:00-04:00,21.390822944922654,22.23789933770276,20.595084070253087,21.998321533203125,8377600
2020-03-31 00:00:00-04:00,21.801529907558134,22.06677733034498,20.43251668952826,20.749101638793945,9554500
2020-04-01 00:00:00-04:00,19.42286870310989,19.568326370528418,17.976848554301043,18.4902286529541,10498700
2020-04-02 00:00:00-04:00,18.06241139205967,19.5340994211275,18.036741817044607,18.182199478149414,9317500
2020-04-03 00:00:00-04:00,18.18219925324408,18.558678188856756,17.027094503698756,17.506248474121094,9573000
2020-04-06 00:00:00-04:00,18.781139895624694,18.986491563944387,17.814273954630735,18.413217544555664,15414300
2020-04-07 00:00:00-04:00,20.073147008527858,21.356596355834967,19.59399304249047,19.902021408081055,12731300
2020-04-08 00:00:00-04:00,20.329838169214838,21.031456895393042,19.893465188593943,20.646421432495117,8539500
2020-04-09 00:00:00-04:00,21.348041556439494,23.65824941250936,21.296702407289537,22.708498001098633,11974600
2020-04-13 00:00:00-04:00,22.79406201662354,23.102090411007225,20.903113918189074,21.929872512817383,7367800
2020-04-14 00:00:00-04:00,22.503142003634494,23.18764922332831,21.587615168084437,22.05821418762207,8139700
2020-04-15 00:00:00-04:00,20.70631818277965,20.92022642172576,19.910579272781664,20.603641510009766,9225200
2020-04-16 00:00:00-04:00,20.406844576984483,20.63786584697066,19.628218784355703,19.83357048034668,8829400
2020-04-17 00:00:00-04:00,20.731981915756478,21.228248864026682,20.389729129361513,20.963003158569336,11039800
2020-04-20 00:00:00-04:00,20.5437481118095,20.774769408831308,19.71378470605276,20.3212833404541,6502900
2020-04-21 00:00:00-04:00,19.25174241655328,19.94480468659188,18.943714015651494,19.03783416748047,7213100
2020-04-22 00:00:00-04:00,19.74800932339973,20.141601347025755,18.94371385667818,19.046390533447266,8232200
2020-04-23 00:00:00-04:00,19.362971782939837,20.038922556388048,19.15762008305424,19.388641357421875,7604000
2020-04-24 00:00:00-04:00,19.799344942704867,20.278500545584322,19.226070829823225,19.979028701782227,9295600
2020-04-27 00:00:00-04:00,20.08170492132906,20.99723355655821,20.08170492132906,20.689205169677734,7602700
2020-04-28 00:00:00-04:00,21.467832786524784,21.981212929327,20.88600206681497,21.630403518676758,9513900
2020-04-29 00:00:00-04:00,22.494591529933537,23.452899540939715,22.246457185661168,23.298885345458984,9621700
2020-04-30 00:00:00-04:00,22.853954275371212,22.939517892891416,21.72451909367726,21.758745193481445,6637600
2020-05-01 00:00:00-04:00,20.98012201987034,21.108466646336392,20.15015694687495,20.449628829956055,6410000
2020-05-04 00:00:00-04:00,20.3982842869976,20.903107725119657,19.782229312742338,20.59507942199707,9321900
2020-05-05 00:00:00-04:00,21.142689697110022,22.511702762024672,21.057127706545025,21.442161560058594,8944300
2020-05-06 00:00:00-04:00,21.570511674838837,21.698857957374305,19.87635837087105,19.944808959960938,7824700
2020-05-07 00:00:00-04:00,20.364061043055088,21.861418520691203,20.33839310219787,21.835750579833984,8239200
2020-05-08 00:00:00-04:00,22.48603639062383,23.701035346330098,22.083887826079135,23.658252716064453,9829300
2020-05-11 00:00:00-04:00,23.36733354589816,23.906383175367377,22.8539534904004,23.57268524169922,8112100
2020-05-12 00:00:00-04:00,23.743818555894944,24.24008568926105,22.717058181762695,22.717058181762695,5604500
2020-05-13 00:00:00-04:00,22.323462065503342,22.40902568026836,21.185470395502165,21.356595993041992,6238300
2020-05-14 00:00:00-04:00,20.920224738122098,22.143778395553635,20.09025979333072,22.04110336303711,6954500
2020-05-15 00:00:00-04:00,21.96409403754616,22.6999387676579,21.47638360274747,22.64859962463379,8185500
2020-05-18 00:00:00-04:00,23.957718942498904,24.787682189776184,23.846487394055796,24.342754364013672,8773500
2020-05-19 00:00:00-04:00,24.111741076799653,24.479663571798316,23.470016250264493,23.641141891479492,5550300
2020-05-20 00:00:00-04:00,24.128852143262584,24.50532950212323,23.863604728440613,23.99195098876953,5175400
2020-05-21 00:00:00-04:00,23.94916296469817,25.01014748908322,23.906381975549714,24.650781631469727,5473900
2020-05-22 00:00:00-04:00,24.69356461813113,24.787683122048943,24.137401959027876,24.7192325592041,3727900
2020-05-26 00:00:00-04:00,25.90856293441266,27.157786095128355,25.90856293441266,26.533174514770508,8361400
2020-05-27 00:00:00-04:00,27.89362919721611,28.201657540956354,26.70430007531481,26.96099090576172,8387500
2020-05-28 00:00:00-04:00,27.354585063375062,27.542823726505897,26.370607488661925,26.62729835510254,5810300
2020-05-29 00:00:00-04:00,26.06257831625299,26.55884698335018,25.6433183755584,25.720325469970703,8763200
2020-06-01 00:00:00-04:00,25.76310817886519,26.498951392748456,25.46363632540569,26.139585494995117,4297800
2020-06-02 00:00:00-04:00,26.362047576368848,27.17489943434698,26.096801850582462,26.943878173828125,6668700
2020-06-03 00:00:00-04:00,27.83373801853102,28.638035057347157,27.602716736997483,28.44979476928711,6238100
2020-06-04 00:00:00-04:00,28.141772065570922,30.13539875023851,27.876527894189923,30.126840591430664,8438700
2020-06-05 00:00:00-04:00,33.104440183754456,33.34401964752254,30.956802751708675,31.110816955566406,10453100
2020-06-08 00:00:00-04:00,31.923662970190435,33.80605263853839,31.923662970190435,33.746158599853516,10596700
2020-06-09 00:00:00-04:00,32.51404327063275,32.81351341621771,31.512954557694613,32.29158020019531,7047600
2020-06-10 00:00:00-04:00,31.872323934523912,31.91510492459298,30.075496239780463,30.08405113220215,8569300
2020-06-11 00:00:00-04:00,27.8080672699705,28.98028334559017,26.78130721028323,27.046554565429688,9228600
2020-06-12 00:00:00-04:00,28.95684447766012,29.025996733772917,27.003337756847955,28.559228897094727,7489700
2020-06-15 00:00:00-04:00,27.055195190587664,29.017345572840743,26.899607589759853,28.688879013061523,6942400
2020-06-16 00:00:00-04:00,30.676963920016817,30.6856063019393,28.29990991071166,28.775320053100586,7393200
2020-06-17 00:00:00-04:00,28.576517383914855,28.809901305706887,27.78128291365745,27.90229606628418,5963800
2020-06-18 00:00:00-04:00,27.547899854700415,28.524652377354023,27.262653396874093,28.066530227661133,4065200
2020-06-19 00:00:00-04:00,28.83583183928742,28.83583183928742,27.375023376554065,27.496036529541016,7776400
2020-06-22 00:00:00-04:00,27.26265058512812,27.70348462556458,26.856389371346584,27.47874641418457,3955700
2020-06-23 00:00:00-04:00,28.07516865730175,28.291264478214504,27.591114480087658,27.70348358154297,3322900
2020-06-24 00:00:00-04:00,27.141636991248543,27.349088798408047,26.026583321681137,26.190814971923828,5960500
2020-06-25 00:00:00-04:00,25.93150275458116,27.08977667618023,25.767269442171596,27.020626068115234,5781000
2020-06-26 00:00:00-04:00,26.553861377344564,26.692162609881716,25.49067003395992,25.68083381652832,8006500
2020-06-29 00:00:00-04:00,26.147596283803527,26.70080109908974,25.827773719540932,26.5192813873291,5484900
2020-06-30 00:00:00-04:00,26.320470058088354,27.14163313878782,26.182168872945706,26.95146942138672,4660800
2020-07-01 00:00:00-04:00,26.804534967588673,27.288589309926383,25.499315566189477,25.568466186523438,6984500
2020-07-02 00:00:00-04:00,26.40691126086389,26.977404152452984,25.79319986030125,25.862350463867188,7866800
2020-07-06 00:00:00-04:00,26.752667386035665,27.271296116717675,26.337762093337318,26.57114601135254,6132400
2020-07-07 00:00:00-04:00,26.208108181894573,26.311834930186194,25.162204909301,25.214067459106445,7413100
2020-07-08 00:00:00-04:00,24.93746028260381,25.87963827753553,24.911528188261315,25.801843643188477,7727600
2020-07-09 00:00:00-04:00,25.680828742482845,25.74133696235822,24.185445930708738,24.202733993530273,7357000
2020-07-10 00:00:00-04:00,24.392898815253986,26.04387096793672,24.25459760393777,26.017940521240234,7443500
2020-07-13 00:00:00-04:00,26.190818357461502,26.510640965265978,25.585750920536093,25.689476013183594,6132200
2020-07-14 00:00:00-04:00,25.819135562264687,26.640298888255582,25.3955862014808,26.614368438720703,5494600
2020-07-15 00:00:00-04:00,27.418243764427316,27.67755980115734,26.873682890051416,27.461463928222656,6813400
2020-07-16 00:00:00-04:00,27.098424136960855,28.55923277193149,26.951478870145102,28.144329071044922,6855100
2020-07-17 00:00:00-04:00,28.273980560915074,28.403639391410763,27.461461342243712,27.763994216918945,4333400
2020-07-20 00:00:00-04:00,27.65162420191433,27.677556296908275,27.14163787446328,27.15028190612793,4364400
2020-07-21 00:00:00-04:00,27.41824055168633,27.9455165961217,27.193500672326547,27.62569236755371,4618400
2020-07-22 00:00:00-04:00,27.297228273735055,27.919583741152785,27.158927058753335,27.824501037597656,5729500
2020-07-23 00:00:00-04:00,27.617055587580484,27.988740784674157,27.36638356212445,27.54790496826172,4965000
2020-07-24 00:00:00-04:00,27.565187003296327,27.70348821994186,26.968763624767675,27.063844680786133,3960900
2020-07-27 00:00:00-04:00,26.882325106380026,26.92554361857443,26.27725604357498,26.666229248046875,5143600
2020-07-28 00:00:00-04:00,26.45013384413712,27.037914852690484,26.268612462704777,26.752668380737305,5220700
2020-07-29 00:00:00-04:00,26.692162823400423,28.46415005856357,26.692162823400423,28.239408493041992,10100400
2020-07-30 00:00:00-04:00,27.435531901100617,27.617053292150484,26.85639489418643,27.470108032226562,7075800
2020-07-31 00:00:00-04:00,27.409599174592994,27.78993001353941,27.14164075923059,27.78128433227539,6244600
2020-08-03 00:00:00-04:00,27.84179091167845,28.256694583597138,27.686201622538785,27.78128433227539,5834900
2020-08-04 00:00:00-04:00,26.847749989391286,27.063845855867637,25.464736114206513,25.689476013183594,17448400
2020-08-05 00:00:00-04:00,25.93150406509203,26.415558346009842,25.76727074438254,26.087093353271484,7344800
2020-08-06 00:00:00-04:00,26.277257386894313,26.709449125654682,25.309148815332247,25.34372329711914,9162800
2020-08-07 00:00:00-04:00,25.21406763934065,26.510642934510006,25.04119027384577,26.501998901367188,6015200
2020-08-10 00:00:00-04:00,26.795884952801305,27.37502188708326,26.778596889406508,27.193500518798828,4596400
2020-08-11 00:00:00-04:00,28.213475431061728,28.43821697578395,27.44417468403201,27.642982482910156,6370800
2020-08-12 00:00:00-04:00,28.109748050504507,28.222118813714115,26.441487855171815,26.744022369384766,6704000
2020-08-13 00:00:00-04:00,26.372336111820037,26.73537718346607,26.035227134106,26.545211791992188,6252100
2020-08-14 00:00:00-04:00,26.259960978663514,27.158920301045313,26.13030382796463,26.787235260009766,4862800
2020-08-17 00:00:00-04:00,26.700803736938127,26.709447769115993,25.801845823287415,25.896926879882812,5643400
2020-08-18 00:00:00-04:00,25.983369908527187,26.10438473062224,25.49067153256263,25.568466186523438,7880800
2020-08-19 00:00:00-04:00,25.499309208929404,25.97471939911524,25.33507590832612,25.810487747192383,4870100
2020-08-20 00:00:00-04:00,25.386940691210224,25.6116789200141,25.144912750377753,25.179487228393555,4702200
2020-08-21 00:00:00-04:00,25.162199302448645,25.300500503566216,24.401541047621635,24.43611717224121,7366500
2020-08-24 00:00:00-04:00,24.652212487693003,25.559814307064148,24.444760690370465,25.542526245117188,5511100
2020-08-25 00:00:00-04:00,25.92285540475582,26.104376758119788,25.291855980836026,25.5165958404541,4134200
2020-08-26 00:00:00-04:00,25.46473342786651,25.507953585810746,24.842377991593512,25.118980407714844,3738700
2020-08-27 00:00:00-04:00,25.153559160773057,25.974722463299567,25.144915128281543,25.6549015045166,4973400
2020-08-28 00:00:00-04:00,26.035231434394014,26.035231434394014,25.26592900748149,25.386943817138672,6036400
2020-08-31 00:00:00-04:00,25.283215946953455,25.35236655710046,24.816448091950704,25.188133239746094,7539800
2020-09-01 00:00:00-04:00,24.954751031887533,25.378298726327447,24.781873681688115,25.19677734375,4930500
2020-09-02 00:00:00-04:00,25.300503089149895,25.810489438644108,24.833735251166498,25.784557342529297,6534000
2020-09-03 00:00:00-04:00,25.93150464442642,26.761312001681347,25.26592896286945,25.412874221801758,7003900
2020-09-04 00:00:00-04:00,25.93150045232326,26.121664195448687,25.28321294101518,25.758623123168945,5783000
2020-09-08 00:00:00-04:00,25.395580158312296,25.542525382538415,24.695430159907964,24.97203254699707,7124700
2020-09-09 00:00:00-04:00,25.20542137612803,25.283216018849707,24.574421850657174,25.19677734375,7432400
2020-09-10 00:00:00-04:00,25.300501922036354,25.568460308139663,24.228666728942656,24.341035842895508,7754900
2020-09-11 00:00:00-04:00,24.392899338703693,24.88559926935615,24.27188618837529,24.54848861694336,8491800
2020-09-14 00:00:00-04:00,24.868313349688293,25.585751578903533,24.721368090755984,25.412874221801758,6254800
2020-09-15 00:00:00-04:00,25.37829404327808,25.767265536429072,24.997964932229745,25.006608963012695,6438600
2020-09-16 00:00:00-04:00,25.137723162827463,26.27398952837142,24.989134330368234,26.02051544189453,10798100
2020-09-17 00:00:00-04:00,25.531048158429293,25.74082202364988,25.006618496741535,25.085283279418945,11420800
2020-09-18 00:00:00-04:00,24.910467153227966,25.338752177913168,24.403517362057638,24.46470069885254,13427100
2020-09-21 00:00:00-04:00,23.721757286968952,23.957751593176756,23.171105572938348,23.5819091796875,11872500
2020-09-22 00:00:00-04:00,23.55568498432652,24.228703269242754,23.468279514288366,23.896564483642578,10055000
2020-09-23 00:00:00-04:00,24.010195690761428,24.5783305369847,23.074960790726504,23.10118293762207,6986700
2020-09-24 00:00:00-04:00,23.074961955382648,23.6780580274522,22.349499192533035,23.144886016845703,5686900
2020-09-25 00:00:00-04:00,22.83896323723558,23.730496100038188,22.830224189961758,23.660572052001953,4886900
2020-09-28 00:00:00-04:00,24.176265634097938,24.50840615523588,23.96649346306814,24.150043487548828,7610400
2020-09-29 00:00:00-04:00,24.07137808480784,24.16752261206997,23.564426635967234,23.85286521911621,4282100
2020-09-30 00:00:00-04:00,23.96648543569996,24.4209924875918,23.817896655932262,24.062631607055664,5338400
2020-10-01 00:00:00-04:00,24.088856360472025,24.48218016129238,23.870343508265336,24.22870445251465,5155400
2020-10-02 00:00:00-04:00,23.76545766171923,24.892983083211224,23.660570761823806,24.665729522705078,4558100
2020-10-05 00:00:00-04:00,25.14646572319688,25.714598947645673,24.980395447178527,25.391199111938477,5326100
2020-10-06 00:00:00-04:00,25.697116924290167,26.20406678990037,25.28631326897331,25.330015182495117,8161300
2020-10-07 00:00:00-04:00,25.592228394376097,25.941848659233504,25.312530515369247,25.83696174621582,4976700
2020-10-08 00:00:00-04:00,26.055473404389538,26.641087945871178,25.65341053534406,26.44879722595215,5610700
2020-10-09 00:00:00-04:00,26.59738353796122,26.71975019666042,26.003028337786784,26.177839279174805,8058000
2020-10-12 00:00:00-04:00,26.107918789174683,26.7721964557637,26.011772591614285,26.623607635498047,7711600
2020-10-13 00:00:00-04:00,26.37013498569736,26.46628118842008,25.775779672722383,26.06421661376953,7574000
2020-10-14 00:00:00-04:00,26.038000618039085,26.53620981407772,25.810746978822614,25.915632247924805,6996200
2020-10-15 00:00:00-04:00,25.487338307957213,26.204060178456857,25.452377119384916,26.18657875061035,3554600
2020-10-16 00:00:00-04:00,26.230284446627255,26.798417560729654,25.96806800903479,26.475019454956055,4893700
2020-10-19 00:00:00-04:00,26.579905250982314,26.94700693757599,26.23902570883136,26.300209045410156,5425900
2020-10-20 00:00:00-04:00,26.614871165964548,27.296630328541067,26.571167586875617,26.78968048095703,5481500
2020-10-21 00:00:00-04:00,26.72849518942535,27.829800295388914,26.658571135100086,27.681211471557617,6869100
2020-10-22 00:00:00-04:00,27.567584004060983,28.100755931146008,27.287886134902354,27.97838592529297,5411000
2020-10-23 00:00:00-04:00,28.31927166860674,28.529042174282363,27.751136825104616,28.301790237426758,4375400
2020-10-26 00:00:00-04:00,27.856021206229823,27.89098239828234,26.868342107152728,27.32284927368164,6021600
2020-10-27 00:00:00-04:00,29.088431260178172,29.097173641874893,27.2267024006585,27.235443115234375,12065700
2020-10-28 00:00:00-04:00,26.588645239641544,27.069372871449556,26.125397369863737,26.422574996948242,8129300
2020-10-29 00:00:00-04:00,26.221544297667805,27.462697461108917,25.968068569238987,27.349071502685547,7436500
2020-10-30 00:00:00-04:00,27.165517160658954,27.768613087133172,26.894561696291994,27.52387809753418,6373300
2020-11-02 00:00:00-05:00,28.188155603319927,28.61644222528923,27.882237302107836,28.362966537475586,7278700
2020-11-03 00:00:00-05:00,28.799997161247056,29.00976765093524,28.590223337317052,28.7475528717041,7168900
2020-11-04 00:00:00-05:00,28.2580896244243,28.502823003699906,27.340334450777448,27.611289978027344,5424400
2020-11-05 00:00:00-05:00,27.821057017526293,29.368126785357514,27.81231630315065,29.219539642333984,6467100
2020-11-06 00:00:00-05:00,29.75271736970551,31.028831910011796,28.63392905045415,28.983551025390625,8329900
2020-11-09 00:00:00-05:00,32.30494445247154,33.764612273181946,31.911620588553042,32.79441452026367,13776300
2020-11-10 00:00:00-05:00,33.11781559970735,33.73839145439977,32.54968404294025,33.41499328613281,10213700
2020-11-11 00:00:00-05:00,33.09159259514958,33.13529450630125,32.11265578153527,32.64582443237305,7211300
2020-11-12 00:00:00-05:00,32.366122895042565,32.366122895042565,31.07252719837165,31.518295288085938,6847100
2020-11-13 00:00:00-05:00,31.86790991501334,32.698259325127324,31.719322792969947,32.61959457397461,5073800
2020-11-16 00:00:00-05:00,33.729642420035276,33.80830717651454,33.1440262697471,33.64223861694336,6015400
2020-11-17 00:00:00-05:00,33.074114100881424,33.825799042712745,32.91678453937057,33.58106231689453,4626900
2020-11-18 00:00:00-05:00,33.43247208913112,34.402669851863074,33.24017967943878,33.69468688964844,6265100
2020-11-19 00:00:00-05:00,33.20521221374315,33.738380735841034,32.75070511217929,33.68593978881836,4225200
2020-11-20 00:00:00-05:00,33.78209802900929,33.96564807758839,33.21396311570162,33.747135162353516,5571900
2020-11-23 00:00:00-05:00,34.420144963586466,34.918353993370744,33.92193593380218,34.761024475097656,4759600
2020-11-24 00:00:00-05:00,35.6525654301548,36.33432460863368,35.1980581997548,35.818634033203125,6017800
2020-11-25 00:00:00-05:00,35.1980531768084,35.399084615255155,34.70858315217166,35.06694412231445,3811100
2020-11-27 00:00:00-05:00,34.91835381848381,35.10190381080262,34.48132812196772,34.708580017089844,2046800
2020-11-30 00:00:00-05:00,34.175415164472454,34.621183333798086,33.563581730875924,33.598541259765625,6425700
2020-12-01 00:00:00-05:00,34.525043083952156,34.769776499614906,34.16668201062768,34.35897445678711,6245700
2020-12-02 00:00:00-05:00,34.140453669707505,34.86591469958796,33.87823554555987,34.72606658935547,5175400
2020-12-03 00:00:00-05:00,34.67361793062249,35.19805077862481,34.542512219303056,34.822208404541016,4581300
2020-12-04 00:00:00-05:00,35.18057733555997,35.670047437947154,35.09317350817474,35.56515884399414,4597600
2020-12-07 00:00:00-05:00,35.20679442826773,35.259238720196464,34.58621864453322,34.77851104736328,4478500
2020-12-08 00:00:00-05:00,34.33273339623572,34.91834949079308,34.245329601461684,34.54250717163086,3322600
2020-12-09 00:00:00-05:00,34.88339027397489,35.215530730358545,34.57747362614875,34.909610748291016,5388400
2020-12-10 00:00:00-05:00,34.33273765134669,34.90961143737827,34.1404486121638,34.708580017089844,4716300
2020-12-11 00:00:00-05:00,34.21514802444637,34.514736602353516,33.977236481994055,34.179901123046875,5299000
2020-12-14 00:00:00-05:00,34.62927632963816,34.690956706791255,33.55427306973533,33.62476348876953,3942000
2020-12-15 00:00:00-05:00,33.90673202047779,34.25038079777169,33.175377533654846,33.95960235595703,3292700
2020-12-16 00:00:00-05:00,34.15345662972585,34.162270033769836,33.55427624655691,33.765750885009766,3691200
2020-12-17 00:00:00-05:00,33.76575862087004,33.792192116400464,33.33399584100189,33.68645477294922,5233200
2020-12-18 00:00:00-05:00,33.660008079780866,33.88910612765388,32.576191490699316,33.025577545166016,9293000
2020-12-21 00:00:00-05:00,32.69955185712922,33.192994834923034,32.40877007836228,32.92864990234375,5341700
2020-12-22 00:00:00-05:00,33.09606897651784,33.14893594310569,32.39995811826857,32.4263916015625,5374200
2020-12-23 00:00:00-05:00,32.82292345815769,33.51903458788195,32.81411341406657,32.99034118652344,3890600
2020-12-24 00:00:00-05:00,33.02557716193273,33.04320060561511,32.57619111268077,32.92864990234375,1613800
2020-12-28 00:00:00-05:00,33.08725922665257,33.501401771052386,32.629059751457284,32.664306640625,3837300
2020-12-29 00:00:00-05:00,32.91984146616778,32.98152184139922,32.53213240890917,32.74361038208008,4047300
2020-12-30 00:00:00-05:00,32.699560687565956,33.51903255278785,32.69074728268063,33.06083297729492,2522200
2020-12-31 00:00:00-05:00,33.069638410299554,33.44853409564463,32.805293443189385,33.36042022705078,2956200
2021-01-04 00:00:00-05:00,33.17537783911341,33.43972279628661,32.444019984228106,32.71717834472656,7081000
2021-01-05 00:00:00-05:00,32.84935001152821,33.492590656817434,32.76123614391599,33.263492584228516,4268000
2021-01-06 00:00:00-05:00,34.0301009750942,35.827652478581314,34.0301009750942,35.43113327026367,8198600
2021-01-07 00:00:00-05:00,35.933376699383075,36.16247809672193,35.55448107875409,36.030303955078125,5109700
2021-01-08 00:00:00-05:00,36.127242977721586,36.232980308679345,35.25490075366495,35.79240417480469,5344800
2021-01-11 00:00:00-05:00,35.175590187425264,35.9421949339032,34.9905490533079,35.49280548095703,3457000
2021-01-12 00:00:00-05:00,35.82764735290811,36.356337314141875,35.74834352259016,36.12723922729492,3975800
2021-01-13 00:00:00-05:00,35.85407920246357,36.23297488983615,35.62498112609647,35.880516052246094,3608400
2021-01-14 00:00:00-05:00,36.127229946907356,36.523748996639,35.845261591837726,36.39157485961914,3984000
2021-01-15 00:00:00-05:00,36.02150299280584,36.576626460431065,35.71309770501849,36.43564224243164,7124400
2021-01-19 00:00:00-05:00,36.63830930899592,37.378473914353755,36.585438968043725,37.22867965698242,5159400
2021-01-20 00:00:00-05:00,37.21105493059879,37.51064679636963,37.008390339243334,37.07888412475586,6421300
2021-01-21 00:00:00-05:00,36.964329548985525,37.13174723012488,36.17129135131836,36.17129135131836,5608300
2021-01-22 00:00:00-05:00,35.7130975262997,36.06555975019888,35.210841042107134,35.31658172607422,4752300
2021-01-25 00:00:00-05:00,34.83194296938016,35.069854450203586,34.35612336906196,34.87600326538086,4084100
2021-01-26 00:00:00-05:00,35.131534802667595,35.19321518342443,34.37374342613663,34.46186065673828,3741300
2021-01-27 00:00:00-05:00,33.98603573899664,34.135833341731704,32.69074109501226,33.131317138671875,5772000
2021-01-28 00:00:00-05:00,33.5366484024243,34.30324974862339,33.422097694173935,33.90673065185547,5048200
2021-01-29 00:00:00-05:00,33.58071498050771,33.58071498050771,32.42640424747113,32.99034118652344,5291000
2021-02-01 00:00:00-05:00,33.24586801424862,33.40447565965025,32.48807667762497,32.97270965576172,3649500
2021-02-02 00:00:00-05:00,33.56308557872741,34.3561238594586,33.35160758342286,33.98603820800781,4878200
2021-02-03 00:00:00-05:00,33.95079519613744,34.673339773917995,33.9067382558004,34.32088088989258,4680700
2021-02-04 00:00:00-05:00,34.53234819404375,36.435636518710375,34.320873580929884,36.42682647705078,5088100
2021-02-05 00:00:00-05:00,36.84977829011565,36.94670555297582,36.285841518560076,36.726417541503906,3968200
2021-02-08 00:00:00-05:00,36.69999058778909,37.29036095017313,36.54138292239331,37.2639274597168,3899600
2021-02-09 00:00:00-05:00,37.11412094157589,37.4577696804555,36.78809564588601,37.131744384765625,3464700
2021-02-10 00:00:00-05:00,37.3167933522931,37.68687901453275,36.973144541067654,37.38728713989258,3705300
2021-02-11 00:00:00-05:00,37.29916973705588,37.475397466720324,36.382770752955444,36.65592575073242,3445600
2021-02-12 00:00:00-05:00,36.53256515575228,37.17580578356999,36.29465368606707,36.479698181152344,4154900
2021-02-16 00:00:00-05:00,36.77928794509067,37.56351272962684,36.57662001617771,37.140560150146484,4937300
2021-02-17 00:00:00-05:00,36.37395864268851,38.206756676041266,36.27703137113043,38.1274528503418,4872000
2021-02-18 00:00:00-05:00,37.41371805834033,37.88954100794972,36.55900279107372,37.105316162109375,4032600
2021-02-19 00:00:00-05:00,37.4489649879252,37.73093339657506,37.07888271207048,37.51945877075195,3664200
2021-02-22 00:00:00-05:00,37.44896825843061,39.07909847338369,37.41372136393904,38.85881042480469,6263200
2021-02-23 00:00:00-05:00,39.42274653245178,39.42274653245178,38.62970829591947,39.096717834472656,5021600
2021-02-24 00:00:00-05:00,39.22006970294721,40.497740633891716,39.1760127800859,40.030731201171875,4552800
2021-02-25 00:00:00-05:00,40.5065586121517,40.64754279803454,38.66495079331005,38.72663116455078,5388400
2021-02-26 00:00:00-05:00,39.65184009448992,39.872128095014865,38.4446627927851,38.72663116455078,6181100
2021-03-01 00:00:00-05:00,39.563730823485535,42.29530100199996,39.44036670538041,39.92500305175781,7864700
2021-03-02 00:00:00-05:00,39.880949705339276,40.7797254115713,39.84570616964067,40.49775695800781,4611100
2021-03-03 00:00:00-05:00,40.57705317225711,42.01333202366952,40.57705317225711,41.42295837402344,5633200
2021-03-04 00:00:00-05:00,41.5727605275934,41.92522274756951,39.634225040382496,40.770912170410156,4876400
2021-03-05 00:00:00-05:00,41.36127753781097,41.65205933844085,40.444881926723845,41.38771438598633,5327800
2021-03-08 00:00:00-05:00,41.95165862692878,42.489162030407485,41.53751599906899,41.625633239746094,5921200
2021-03-09 00:00:00-05:00,41.03525824720914,41.62563197718732,40.36558404502042,41.079315185546875,5638400
2021-03-10 00:00:00-05:00,41.38771644817799,42.3041121049256,41.14980497071617,42.16312789916992,3822600
2021-03-11 00:00:00-05:00,41.995705798700435,42.6301363386954,41.85472160773803,42.304107666015625,4514600
2021-03-12 00:00:00-05:00,43.03547616167108,43.10596659400471,42.55084309489165,42.683013916015625,3069500
2021-03-15 00:00:00-04:00,42.63865734570681,42.93137286655404,42.150801527976284,42.878150939941406,2994000
2021-03-16 00:00:00-04:00,42.52333976824441,42.58543031667896,41.58310952984639,41.98226547241211,4247300
2021-03-17 00:00:00-04:00,42.24837372251077,42.60317641852548,41.822608457084186,42.283851623535156,5361400
2021-03-18 00:00:00-04:00,42.647525579301295,43.463574746289126,42.34594145591857,42.416900634765625,5577600
2021-03-19 00:00:00-04:00,42.124204222010455,42.23951335356944,41.29928273544163,41.53877639770508,7285700
2021-03-22 00:00:00-04:00,41.29927299958904,41.37910420152419,40.64288274104653,41.00655746459961,4907000
2021-03-23 00:00:00-04:00,40.55417919996795,40.971072430890494,39.73812661219872,39.897789001464844,3497800
2021-03-24 00:00:00-04:00,40.44773633781235,40.935595530069065,39.87118070356212,39.90666198730469,3813500
2021-03-25 00:00:00-04:00,39.968759615381714,41.33475544439975,39.507512996144726,41.246055603027344,4707200
2021-03-26 00:00:00-04:00,41.72504331067947,41.95566493090771,40.98882176147306,41.52989959716797,3801800
2021-03-29 00:00:00-04:00,40.91786056330126,41.74278191448052,40.740457503664935,41.3170166015625,4409400
2021-03-30 00:00:00-04:00,41.66294882682472,42.19515459803644,41.33475199701844,41.99114227294922,3525300
2021-03-31 00:00:00-04:00,41.62746489950986,42.026620894442786,40.971074665211106,40.98881530761719,4318700
2021-04-01 00:00:00-04:00,40.79367621260189,41.18396020601082,40.69610436832924,41.139610290527344,3547700
2021-04-05 00:00:00-04:00,41.64521083269265,41.83148252609887,41.24605478704932,41.46780776977539,3437700
2021-04-06 00:00:00-04:00,41.42345507234106,41.72503924397325,41.015430423568624,41.38797378540039,3753100
2021-04-07 00:00:00-04:00,41.4057110472949,41.77825437870131,41.2194393815917,41.76051712036133,2719700
2021-04-08 00:00:00-04:00,41.246046434123635,41.29039634495095,40.6162689028044,40.85576248168945,3474900
2021-04-09 00:00:00-04:00,41.20170138098187,41.37910442888827,40.838026655430525,41.33475112915039,3141600
2021-04-12 00:00:00-04:00,41.423453485752084,41.893568676823605,41.34362228503412,41.831478118896484,3095300
2021-04-13 00:00:00-04:00,41.44119395474359,41.76938738579363,41.024297310111365,41.414581298828125,2958100
2021-04-14 00:00:00-04:00,41.33475543729454,42.40804246633557,41.33475543729454,42.12419891357422,3391100
2021-04-15 00:00:00-04:00,42.115323249275356,42.115323249275356,41.18396146101417,41.38797378540039,4451900
2021-04-16 00:00:00-04:00,41.78712747572815,42.30159257297274,41.56537452022857,41.778255462646484,4369100
2021-04-19 00:00:00-04:00,41.8137442040143,41.937925339849514,41.14848521888378,41.450069427490234,2809200
2021-04-20 00:00:00-04:00,41.21943619756578,41.37909857974428,40.119540162967326,40.385643005371094,4262000
2021-04-21 00:00:00-04:00,40.261471527169704,41.51215823070032,40.08406846193998,41.47667694091797,3682500
2021-04-22 00:00:00-04:00,41.40570732065915,41.86695382065936,41.059773291579276,41.21056365966797,4388500
2021-04-23 00:00:00-04:00,41.352492640549734,42.17741395450515,41.112999028399926,41.99114227294922,3242100
2021-04-26 00:00:00-04:00,42.28384907405179,43.064420372110476,42.088708787298124,42.15966796875,3203500
2021-04-27 00:00:00-04:00,42.026627402798276,43.037820490770024,42.026627402798276,42.96685791015625,3580400
2021-04-28 00:00:00-04:00,42.99346908102035,43.22409069266538,42.60318166852297,42.76284408569336,2703400
2021-04-29 00:00:00-04:00,43.241831196601346,43.83612756016166,43.08216877995011,43.410362243652344,3800600
2021-04-30 00:00:00-04:00,43.161998767563134,43.54341415392253,42.851545957122624,42.97572708129883,3201200
2021-05-03 00:00:00-04:00,43.44584400579211,43.87160932693852,43.153131827864826,43.5079345703125,2585600
2021-05-04 00:00:00-04:00,43.37487565368444,43.72967832122792,42.922497769188816,42.93136978149414,6640800
2021-05-05 00:00:00-04:00,42.98460323958221,43.53455314822386,42.63866908059688,43.3482780456543,8786400
2021-05-06 00:00:00-04:00,43.46358245175324,44.66104714542065,43.17086690495171,44.50138473510742,5557800
2021-05-07 00:00:00-04:00,44.501390539912045,45.68111812736886,44.07562518476679,45.40614318847656,5582200
2021-05-10 00:00:00-04:00,45.521451730096594,46.745529134290834,45.50371108555095,46.05365753173828,6870100
2021-05-11 00:00:00-04:00,45.87625237576585,46.000433489075526,44.27962839412265,44.68765640258789,4646600
2021-05-12 00:00:00-04:00,45.2464685779953,45.2730812318099,44.279625620204826,44.42155075073242,5970600
2021-05-13 00:00:00-04:00,44.0933639393023,45.468231807418995,44.0933639393023,45.104557037353516,5064400
2021-05-14 00:00:00-04:00,45.2376033735153,46.03591537475586,45.10455024541467,46.03591537475586,4844800
2021-05-17 00:00:00-04:00,45.90286844598094,46.03592159205081,45.29083141816007,45.74320602416992,3247900
2021-05-18 00:00:00-04:00,45.610146058577826,45.86738029788808,45.30856528878429,45.335174560546875,3856100
2021-05-19 00:00:00-04:00,44.76748940454919,45.024720270900644,43.95143673843614,44.944889068603516,4145500
2021-05-20 00:00:00-04:00,44.97150683521161,45.166647164581256,44.37720706531866,44.82071304321289,3123500
2021-05-21 00:00:00-04:00,45.01584168047707,45.84963142155682,45.01584168047707,45.512569427490234,4198800
2021-05-24 00:00:00-04:00,45.681107785710196,46.11574505734555,45.50370474864104,46.01817321777344,2600700
2021-05-25 00:00:00-04:00,46.1157576801003,46.60361362781475,44.96263931536125,45.060211181640625,3569600
2021-05-26 00:00:00-04:00,45.477103685129556,45.69885667556786,44.9892477829017,45.56580352783203,2516500
2021-05-27 00:00:00-04:00,46.14236132808263,46.83422955555413,45.964958264102705,46.754398345947266,6287700
2021-05-28 00:00:00-04:00,46.85196837081914,46.94954022138216,46.07139694999684,46.86970901489258,3116300
2021-06-01 00:00:00-04:00,47.30434090612496,47.747846806012056,47.118065856574454,47.499481201171875,5278200
2021-06-02 00:00:00-04:00,47.87202119581206,47.969593021478104,47.02935942759203,47.04710006713867,4146700
2021-06-03 00:00:00-04:00,46.96727871144766,47.61479696386363,46.78100703274205,47.49061584472656,4030000
2021-06-04 00:00:00-04:00,47.44626447357283,47.44626447357283,46.86083679867637,47.38417053222656,2851700
2021-06-07 00:00:00-04:00,47.41964542236392,47.48173597165468,46.89630837571245,47.07371139526367,2460700
2021-06-08 00:00:00-04:00,46.71892070987114,47.34870180543336,46.381858584000966,47.21564865112305,2227500
2021-06-09 00:00:00-04:00,46.83422373994447,46.905186310197514,46.24879607008322,46.266536712646484,2946900
2021-06-10 00:00:00-04:00,46.93180217338415,47.10033322588153,45.698856103373984,45.74320602416992,2213500
2021-06-11 00:00:00-04:00,45.97381823754738,46.25766171210239,45.85850576860905,46.14234924316406,3521800
2021-06-14 00:00:00-04:00,46.01739546933865,46.31191930212278,45.38371658405445,45.606842041015625,3130900
2021-06-15 00:00:00-04:00,45.65147519123452,46.329775161632355,45.50867501827578,45.990623474121094,3705300
2021-06-16 00:00:00-04:00,45.83891130104958,46.39226168476595,45.38373329465947,46.12451171875,4259200
2021-06-17 00:00:00-04:00,46.294079624499034,46.33870404534555,43.4737733287228,43.52732467651367,5797500
2021-06-18 00:00:00-04:00,42.70622667107035,42.91150516238786,41.79587747082777,41.813724517822266,10722200
2021-06-21 00:00:00-04:00,42.179653915367574,42.62590503061729,42.15287993793285,42.616981506347656,7422800
2021-06-22 00:00:00-04:00,42.599134880186966,42.69731067910191,41.96545905671465,42.43848419189453,3181400
2021-06-23 00:00:00-04:00,42.44740498647883,42.89365607732002,42.340302273346495,42.59912872314453,2896400
2021-06-24 00:00:00-04:00,42.66160111847896,43.23280193674346,42.45632603720425,43.02752685546875,2818000
2021-06-25 00:00:00-04:00,43.259578468185474,43.93787857542813,43.107851338704975,43.75045394897461,3276300
2021-06-28 00:00:00-04:00,43.580876819327536,43.696899634720026,42.47417277716933,42.80439758300781,2961600
2021-06-29 00:00:00-04:00,43.15248179272071,43.47378314274824,42.108255809757075,42.30460739135742,2742500
2021-06-30 00:00:00-04:00,42.11716758286881,42.608046399908275,42.11716758286881,42.48309326171875,2586800
2021-07-01 00:00:00-04:00,42.86687556967016,43.339904006600754,42.63482651739554,43.081077575683594,2888400
2021-07-02 00:00:00-04:00,43.134626557380344,43.18817450247131,42.670525073715794,42.88472366333008,1995000
2021-07-06 00:00:00-04:00,42.41170226602861,42.56342599619749,41.34069901294509,41.599525451660156,3598600
2021-07-07 00:00:00-04:00,41.2335974259342,41.992222844024724,41.07294677663557,41.76017379760742,4108200
2021-07-08 00:00:00-04:00,40.93906902590523,41.055095248380496,39.805590987666655,40.03764343261719,5412000
2021-07-09 00:00:00-04:00,40.939075098031566,42.01900535116964,40.63562421282864,41.83157730102539,5044800
2021-07-12 00:00:00-04:00,41.367470289858375,42.59912412080949,41.02832194879053,42.34029769897461,3450700
2021-07-13 00:00:00-04:00,42.30460125985821,42.43847453321594,41.66199865294001,41.70662307739258,2983400
2021-07-14 00:00:00-04:00,41.84942494261606,42.25997511130641,41.07294903146249,41.421024322509766,2792200
2021-07-15 00:00:00-04:00,42.393850512750234,43.01860267491584,41.96544990559749,42.9025764465332,7698900
2021-07-16 00:00:00-04:00,43.018600867641865,43.063225290644944,41.62629639941914,41.85834884643555,4384800
2021-07-19 00:00:00-04:00,40.60885034381519,40.85874987183536,39.75204904378113,40.10012435913086,5465300
2021-07-20 00:00:00-04:00,40.135813470179755,42.42061626552706,40.04656123309605,42.15286636352539,5131200
2021-07-21 00:00:00-04:00,42.52772575396717,43.70582823495695,42.52772575396717,43.09892654418945,3970900
2021-07-22 00:00:00-04:00,42.92934766360951,42.92934766360951,42.16179875297708,42.4473991394043,2815300
2021-07-23 00:00:00-04:00,42.81332877293334,43.15247713502205,42.063626838664085,42.22427749633789,3029600
2021-07-26 00:00:00-04:00,42.1974921898245,42.84901822149567,42.108243354383184,42.581268310546875,3026800
2021-07-27 00:00:00-04:00,42.01899749195097,42.67052356972017,41.751244157432744,42.322444915771484,2347700
2021-07-28 00:00:00-04:00,42.4563235092161,42.616974155365504,41.21574616754864,41.90297317504883,2956000
2021-07-29 00:00:00-04:00,42.45632157285656,42.83117419831721,41.956519207117395,42.72407150268555,3492500
2021-07-30 00:00:00-04:00,42.393848290894724,43.089998815454614,42.072547001213174,42.259971618652344,4695600
2021-08-02 00:00:00-04:00,42.72407546112453,43.589803605586624,42.19749907500202,42.27782440185547,2779100
2021-08-03 00:00:00-04:00,42.58127392218766,42.66159924652059,41.44779585865656,42.60805130004883,2346500
2021-08-04 00:00:00-04:00,41.98328391779032,42.51878361589836,41.742308032254485,42.02790832519531,3592100
2021-08-05 00:00:00-04:00,42.483103691980766,43.5094825918963,42.483103691980766,43.42915725708008,4686400
2021-08-06 00:00:00-04:00,44.84822461596032,45.85675280937539,44.62509912035853,45.47297668457031,4807600
2021-08-09 00:00:00-04:00,45.223073440790195,46.54397935991147,44.97317397726042,46.27622604370117,4388700
2021-08-10 00:00:00-04:00,46.285157352201615,47.66853486355513,46.285157352201615,47.42755889892578,7491300
2021-08-11 00:00:00-04:00,47.68639365186725,48.30221895496583,47.106265849877076,48.26652145385742,5623200
2021-08-12 00:00:00-04:00,48.41822982757611,48.71275709945679,47.86487958284158,48.08800506591797,3647700
2021-08-13 00:00:00-04:00,48.355760141056685,49.02513666194105,48.09693373587138,48.73953628540039,4675500
2021-08-16 00:00:00-04:00,48.40931148839245,48.93588782100648,47.95413354760105,48.73953628540039,4648600
2021-08-17 00:00:00-04:00,48.418238713747044,49.05191438487219,48.025539017125546,48.204036712646484,4490900
2021-08-18 00:00:00-04:00,47.97199154593237,48.99837040132348,47.77563997942697,47.98091506958008,5002900
2021-08-19 00:00:00-04:00,47.24906391562192,48.10586859107912,46.89206508842156,47.26691436767578,7291400
2021-08-20 00:00:00-04:00,47.3383077238555,48.04338513327939,47.05270735123759,47.81133270263672,4040800
2021-08-23 00:00:00-04:00,48.25758818814254,48.87341341037374,48.19511331362453,48.337913513183594,3738400
2021-08-24 00:00:00-04:00,48.337917342286076,48.810942402429035,48.09694134807393,48.51641845703125,3797600
2021-08-25 00:00:00-04:00,48.67706359329017,49.5338647612394,48.39146320397376,49.02513885498047,4019300
2021-08-26 00:00:00-04:00,49.15901654126884,49.20364096465302,48.1861891311426,48.21296310424805,3308100
2021-08-27 00:00:00-04:00,48.49855624028677,49.18578315234116,48.32898209495832,49.09653091430664,3485500
2021-08-30 00:00:00-04:00,49.13223916353812,49.13223916353812,48.195112653969325,48.21296310424805,3711400
2021-08-31 00:00:00-04:00,48.061232928306225,48.92696098642972,48.061232928306225,48.69491195678711,5703900
2021-09-01 00:00:00-04:00,48.81094475282761,48.926970993692834,48.38254409958572,48.712772369384766,4014300
2021-09-02 00:00:00-04:00,48.882346074418685,49.43569648706899,48.77524676333733,49.29289627075195,5228000
2021-09-03 00:00:00-04:00,49.22149245297405,49.46246502525558,48.72169004850513,49.17686462402344,4556800
2021-09-07 00:00:00-04:00,49.275042797573484,49.78376874980713,48.775243773414395,48.7930908203125,4783000
2021-09-08 00:00:00-04:00,48.6413605600123,49.09653509657556,48.46285947336248,48.91803741455078,3349300
2021-09-09 00:00:00-04:00,48.90911556690261,49.7926941650354,48.730614461715376,48.81093978881836,4669900
2021-09-10 00:00:00-04:00,49.2393404720295,49.426768505299975,48.55211683366425,48.58781433105469,3221700
2021-09-13 00:00:00-04:00,49.18579006978323,49.382141616449104,48.739539030724586,49.1947135925293,4962000
2021-09-14 00:00:00-04:00,49.39106468691768,49.435689109489864,48.436087744447,48.578887939453125,5109600
2021-09-15 00:00:00-04:00,48.65969113330747,49.162445890743015,48.36342200145301,48.88413619995117,4194300
2021-09-16 00:00:00-04:00,48.90209340022923,49.43178390732318,48.525023898263356,48.79435729980469,3423200
2021-09-17 00:00:00-04:00,48.56093625488489,49.41382821940798,48.112046107742216,48.3095588684082,7278400
2021-09-20 00:00:00-04:00,46.89106101726497,47.86066530986678,46.68457197526861,47.788841247558594,7959300
2021-09-21 00:00:00-04:00,48.21977529652532,48.327511389874545,47.49257550259689,47.54644012451172,5580500
2021-09-22 00:00:00-04:00,48.327508425608194,48.6058180877902,47.995327295296114,48.21977233886719,4876600
2021-09-23 00:00:00-04:00,48.453189742706634,49.40483439106078,48.453189742706634,48.94696807861328,4444700
2021-09-24 00:00:00-04:00,49.03675218603493,49.56644262612914,48.76741881856117,49.207332611083984,5669300
2021-09-27 00:00:00-04:00,49.71009008477595,51.36200583528312,49.71009008477595,51.20040512084961,5232800
2021-09-28 00:00:00-04:00,51.24530046875505,51.65827857917846,50.15898371775782,50.266719818115234,5511600
2021-09-29 00:00:00-04:00,50.473199334959276,50.6886646454357,50.078173891153554,50.132041931152344,3289600
2021-09-30 00:00:00-04:00,50.25773630805834,50.383424990905354,49.27017943589485,49.27915573120117,4202000
2021-10-01 00:00:00-04:00,49.51258741632169,50.176942954019864,49.20734196191004,49.80885314941406,5871800
2021-10-04 00:00:00-04:00,49.71907169949386,50.904141367324925,49.67418337149842,50.11409378051758,5557000
2021-10-05 00:00:00-04:00,50.527068081834706,51.837829764245605,49.95248930723468,51.57747268676758,4845500
2021-10-06 00:00:00-04:00,51.110639651719325,51.577485881703836,50.33854794154343,51.46077346801758,3484300
2021-10-07 00:00:00-04:00,51.739076941232305,52.170011051717026,51.317119126383574,51.353031158447266,3749900
2021-10-08 00:00:00-04:00,51.27223259941717,52.062280208766374,51.27223259941717,51.72112274169922,2217200
2021-10-11 00:00:00-04:00,51.846803545263306,52.84334005747144,51.69418256399297,51.97249221801758,3104700
2021-10-12 00:00:00-04:00,51.891695171236904,52.45729765939797,51.41587275844409,51.53258514404297,2678600
2021-10-13 00:00:00-04:00,51.370985716741124,51.424850338548296,49.808846613897444,50.46422576904297,4125000
2021-10-14 00:00:00-04:00,51.20938599932446,51.873741462792445,50.69765153362945,51.86476516723633,4857000
2021-10-15 00:00:00-04:00,52.34957138891565,52.80743784256932,52.14308232748281,52.322635650634766,3931900
2021-10-18 00:00:00-04:00,52.27773760531773,52.520138656240746,51.72111487250903,51.97249221801758,3299000
2021-10-19 00:00:00-04:00,52.5560554088036,53.130634207196515,52.367522382723386,52.64583206176758,3217200
2021-10-20 00:00:00-04:00,52.39444888041214,53.65133900625271,52.187959861697465,53.51667404174805,3205000
2021-10-21 00:00:00-04:00,53.29223368892711,53.82192414857871,52.888231910420004,53.20245361328125,2794600
2021-10-22 00:00:00-04:00,53.543611918960195,54.0104580456054,53.25632252175696,53.875789642333984,3734100
2021-10-25 00:00:00-04:00,53.86681103330197,54.18103272775905,53.1485875711432,53.543609619140625,3157100
2021-10-26 00:00:00-04:00,53.61544335639323,53.86682075733753,53.12166142630945,53.17552947998047,2497400
2021-10-27 00:00:00-04:00,52.99597091403655,53.88477493304111,52.45730409478294,52.56503677368164,3984800
2021-10-28 00:00:00-04:00,52.80742676436351,53.82191926619531,52.80742676436351,53.77703094482422,2668200
2021-10-29 00:00:00-04:00,53.866815097059806,54.692771284663316,53.02290289345275,53.049835205078125,4668700
2021-11-01 00:00:00-04:00,53.60645755637586,54.19899238052581,53.52565719741178,54.037391662597656,2732100
2021-11-02 00:00:00-04:00,53.86681389524159,54.19899162199617,53.68725716397216,53.84885787963867,3318100
2021-11-03 00:00:00-04:00,53.5974767456663,55.482813729656954,53.57054101177417,54.8364143371582,4537700
2021-11-04 00:00:00-04:00,54.4952587426867,54.611971127443226,53.55259021906168,54.21694564819336,4685900
2021-11-05 00:00:00-04:00,55.662373406849504,56.147175545561176,52.708675673479185,52.93312072753906,6787500
2021-11-08 00:00:00-05:00,53.022909490798334,53.750109393243754,52.6099279208517,53.11268615722656,5118300
2021-11-09 00:00:00-05:00,52.78947495710818,53.444854090672806,52.31365254809434,52.753562927246094,3097700
2021-11-10 00:00:00-05:00,52.64582529186166,53.31916037678437,52.33160362213481,52.84333801269531,3645500
2021-11-11 00:00:00-05:00,52.798449691985674,53.22938373536508,52.762537665514216,52.84333801269531,3113300
2021-11-12 00:00:00-05:00,52.744590679241554,53.02290379488815,52.16103213586513,52.259788513183594,3538100
2021-11-15 00:00:00-05:00,52.42138338335685,52.600940101640894,51.95453728572213,52.15205001831055,3819900
2021-11-16 00:00:00-05:00,52.475248598591236,52.681737614825195,51.31711142406396,51.34404373168945,3772300
2021-11-17 00:00:00-05:00,51.155518126950156,51.460763548301614,50.80538437814464,51.12858581542969,4567200
2021-11-18 00:00:00-05:00,51.15552210230256,51.397923199103616,50.09614105321359,50.38343048095703,4568000
2021-11-19 00:00:00-05:00,49.557468123092235,50.01533452187643,49.11755431466375,49.33302307128906,4864300
2021-11-22 00:00:00-05:00,49.826803695633785,51.87374156234207,49.64724696132818,51.119606018066406,6027000
2021-11-23 00:00:00-05:00,51.667240648464244,53.27426774298357,51.64928463668224,52.87924575805664,7055100
2021-11-24 00:00:00-05:00,52.663783342925555,53.09471740297999,51.81987123674724,51.97249221801758,5072800
2021-11-26 00:00:00-05:00,49.65622786295824,50.7515174612351,48.34546606867684,50.32058334350586,4009600
2021-11-29 00:00:00-05:00,50.958003054497816,51.047783130074905,49.315067056173646,49.33302307128906,4800300
2021-11-30 00:00:00-05:00,48.76741514960949,48.76741514960949,47.00776696142218,47.22323226928711,10816400
2021-12-01 00:00:00-05:00,48.21080155893954,48.668667993306485,46.40626128433811,46.433197021484375,5845600
2021-12-02 00:00:00-05:00,46.864129762546,48.7045785911777,46.864129762546,48.44422149658203,6570900
2021-12-03 00:00:00-05:00,48.39933466622717,48.650712048228314,47.63622279957514,47.86964416503906,5056200
2021-12-06 00:00:00-05:00,48.65968662051774,49.817823878933844,48.56093025239177,49.17142105102539,6051100
2021-12-07 00:00:00-05:00,49.512572387451904,50.23079576077819,49.288127369239994,49.54848098754883,4852800
2021-12-08 00:00:00-05:00,49.71008887763697,49.96146966329565,49.18937814080909,49.35097885131836,4018600
2021-12-09 00:00:00-05:00,49.06368792011401,49.701111022245804,48.90208721467784,49.207332611083984,3716400
2021-12-10 00:00:00-05:00,49.45871187674766,49.55746824775102,48.596843697597826,48.830265045166016,4023500
2021-12-13 00:00:00-05:00,48.731508877306695,48.75844461253972,47.80679635361989,48.33648681640625,4304600
2021-12-14 00:00:00-05:00,48.255686313660384,49.458711932702954,48.165909662515595,49.07266616821289,5066200
2021-12-15 00:00:00-05:00,49.28939696651194,49.28939696651194,48.27795947791047,49.090721130371094,4523900
2021-12-16 00:00:00-05:00,49.60547483691781,50.40920398461122,49.32552280275136,49.921546936035156,6340200
2021-12-17 00:00:00-05:00,49.74093587721544,49.78608854173726,48.35924091734114,48.864959716796875,11164300
2021-12-20 00:00:00-05:00,48.052196124502146,48.06122872401502,46.824024405229814,47.78127670288086,4458400
2021-12-21 00:00:00-05:00,48.41342865376048,50.21053028595369,48.395366898044,49.79512023925781,6431000
2021-12-22 00:00:00-05:00,49.66868522839766,50.22858580639271,49.57837990595329,49.912513732910156,4694000
2021-12-23 00:00:00-05:00,50.21956604523188,51.249062071335445,50.210533444341635,51.086509704589844,3980700
2021-12-27 00:00:00-05:00,51.167783855679964,51.51095033239388,50.80655562283081,51.384521484375,2079300
2021-12-28 00:00:00-05:00,51.285181751276255,52.016663902022486,51.11359679646704,51.17681121826172,2449500
2021-12-29 00:00:00-05:00,51.14972470998192,51.6012583016236,51.07748112668176,51.276153564453125,1977500
2021-12-30 00:00:00-05:00,51.38451132754676,51.78185954919751,51.21292640064196,51.240020751953125,2144300
2021-12-31 00:00:00-05:00,51.20390570181703,51.682530166579525,51.15875303541205,51.34839630126953,2075300
2022-01-03 00:00:00-05:00,51.637379280095814,52.45014108311153,51.59222661213444,51.827022552490234,3376300
2022-01-04 00:00:00-05:00,52.603659742969576,53.71443188724096,52.40498387418151,53.28096008300781,5281300
2022-01-05 00:00:00-05:00,53.398358079514736,53.9131060460229,52.513352743326536,52.54947280883789,4639400
2022-01-06 00:00:00-05:00,53.497697463056646,53.75055515313828,52.188249455982515,53.45254135131836,6331600
2022-01-07 00:00:00-05:00,53.82279931942641,55.06000376211385,53.56091247109083,54.852298736572266,5318900
2022-01-10 00:00:00-05:00,55.19546518975,55.592816954515406,54.03051114331594,55.45735549926758,7913200
2022-01-11 00:00:00-05:00,55.56571402366665,55.78245162963867,54.9606607587457,55.78245162963867,6091500
2022-01-12 00:00:00-05:00,55.52056443282704,56.08949766567477,54.64458825073597,55.421226501464844,6150500
2022-01-13 00:00:00-05:00,55.80052100549574,56.21593107501032,55.58378336992021,55.872764587402344,3476900
2022-01-14 00:00:00-05:00,55.03290973615376,56.1527144946303,54.933575245459245,55.90888595581055,4465100
2022-01-18 00:00:00-05:00,55.990160461572096,56.15271281592571,54.85229742602443,54.996788024902344,4265200
2022-01-19 00:00:00-05:00,55.24964407921043,55.62893059821009,53.04616165019794,53.13646697998047,6354800
2022-01-20 00:00:00-05:00,53.3080484845383,54.942601135051284,52.910700210596616,53.13646697998047,5861700
2022-01-21 00:00:00-05:00,53.010038939777765,53.163558691708865,51.52900946147215,51.7638053894043,6608800
2022-01-24 00:00:00-05:00,51.16778665527726,52.07988299798065,49.11782372829116,51.89023971557617,7420100
2022-01-25 00:00:00-05:00,51.23099277952676,53.10937387679486,49.975730144779014,52.56753158569336,6163500
2022-01-26 00:00:00-05:00,53.15453441776302,53.73249685798822,51.27615304210326,52.04376220703125,6090700
2022-01-27 00:00:00-05:00,52.63075140854863,53.497698474368526,50.761402718844025,50.951045989990234,5398600
2022-01-28 00:00:00-05:00,50.57175803299847,51.5109486518225,50.18343890107945,51.43870162963867,5248600
2022-01-31 00:00:00-05:00,51.02329614152124,52.20631539842791,50.427271935010324,52.152130126953125,4187800
2022-02-01 00:00:00-05:00,52.224373790283636,53.52478921752924,51.926359983768016,53.38029861450195,3674700
2022-02-02 00:00:00-05:00,53.11840759956179,54.482040876757424,53.08228408806296,54.409793853759766,4796500
2022-02-03 00:00:00-05:00,54.445914113310586,54.89744764529374,53.597028868428694,53.72346115112305,3381600
2022-02-04 00:00:00-05:00,53.588001871329595,55.6379646024681,53.588001871329595,55.07806396484375,4165800
2022-02-07 00:00:00-05:00,55.19545750226394,56.360414831373554,55.19545750226394,55.800514221191406,3968100
2022-02-08 00:00:00-05:00,56.441700323105465,56.99257186944745,56.18884260803491,56.622314453125,5242000
2022-02-09 00:00:00-05:00,56.75776852958682,57.38088706268132,56.30623495832542,56.36042022705078,4460100
2022-02-10 00:00:00-05:00,55.58378595283015,57.34476769708042,55.56572419528223,56.1888427734375,4926500
2022-02-11 00:00:00-05:00,56.18883766935793,56.83001450188992,54.27433288232404,54.852298736572266,7241100
2022-02-14 00:00:00-05:00,54.84326554743674,55.159341105028766,52.85651720302849,53.27193069458008,7294400
2022-02-15 00:00:00-05:00,53.94923255734544,54.843267098409555,53.515757297821786,54.52719497680664,4189300
2022-02-16 00:00:00-05:00,53.994387349939025,54.97873071085439,53.994387349939025,54.49107360839844,3416800
2022-02-17 00:00:00-05:00,54.13887347268716,55.845669744871486,53.78667785397326,55.430259704589844,6154900
2022-02-18 00:00:00-05:00,54.5271910850019,56.20689639975416,54.5271910850019,55.74633026123047,5488200
2022-02-22 00:00:00-05:00,55.99016178377992,56.784861818839126,55.267708772329584,55.63796615600586,5749500
2022-02-23 00:00:00-05:00,56.10755870852042,56.74873550926394,55.2406116925937,55.57474899291992,5102400
2022-02-24 00:00:00-05:00,53.597033478366505,54.716838249768394,52.54044657621296,54.52719497680664,6276600
2022-02-25 00:00:00-05:00,54.89745159553535,57.04674888208379,54.75296099270077,57.0377197265625,8694700
2022-02-28 00:00:00-05:00,55.31284690213763,56.2068846372216,54.816160802614,55.30381774902344,7596600
2022-03-01 00:00:00-05:00,54.68973992714829,54.789074405529036,51.70058685319168,52.27854919433594,6478100
2022-03-02 00:00:00-05:00,53.055186635185834,55.37606856644149,53.055186635185834,55.12321090698242,6545000
2022-03-03 00:00:00-05:00,54.90647875840939,55.529597259523285,54.039535172864724,54.554283142089844,4260700
2022-03-04 00:00:00-05:00,53.28998618999611,53.36223320903259,51.23099437644098,51.908294677734375,7364100
2022-03-07 00:00:00-05:00,51.16778699162181,51.56513531616615,49.36165260653819,49.37068176269531,7982000
2022-03-08 00:00:00-05:00,50.08409881591797,51.85410944423261,49.57838346207234,50.08409881591797,7034500
2022-03-09 00:00:00-05:00,52.368861911590756,53.551877591274575,52.2604913807601,52.6307487487793,5984800
2022-03-10 00:00:00-05:00,51.74574542476649,52.712026970144606,50.89686356988065,51.456764221191406,5247400
2022-03-11 00:00:00-05:00,52.1792180772785,52.802336606607575,51.38452147700867,51.47482681274414,3423600
2022-03-14 00:00:00-04:00,52.45014191914549,53.29902380310449,51.59222743449359,51.93539047241211,3734300
2022-03-15 00:00:00-04:00,52.43207184810365,53.19967742874005,51.70058632972758,52.87457275390625,3901300
2022-03-16 00:00:00-04:00,53.65547370981043,54.808671814346255,53.27409944456742,54.282012939453125,4346600
2022-03-17 00:00:00-04:00,53.65548843076995,55.34442464624181,53.5646868237731,55.33534240722656,4991100
2022-03-18 00:00:00-04:00,55.09925937450249,55.489712542380516,54.23663020212406,55.41706848144531,6258900
2022-03-21 00:00:00-04:00,55.88015330058253,56.343246962694,55.35349436733937,56.06175994873047,6074000
2022-03-22 00:00:00-04:00,56.651980424514115,57.905062557251625,56.61565840006169,56.91530990600586,4486500
2022-03-23 00:00:00-04:00,56.61566274555709,57.10599972172362,56.13440800813022,56.16164779663086,3071200
2022-03-24 00:00:00-04:00,56.524862497859665,57.47829322071436,56.27969400389259,57.35116958618164,3185800
2022-03-25 00:00:00-04:00,57.43288680040272,58.595163875438466,57.36024275128353,58.549766540527344,3712200
2022-03-28 00:00:00-04:00,58.068503922993706,58.259192805383144,57.50552644091576,57.868736267089844,3486500
2022-03-29 00:00:00-04:00,58.64057758816739,58.93114690375242,56.73371255779873,57.25128936767578,4393200
2022-03-30 00:00:00-04:00,57.22403515157802,58.177465694488795,57.22403515157802,57.65081024169922,4424500
2022-03-31 00:00:00-04:00,57.42379575919489,58.22286280951297,56.99702072143555,56.99702072143555,4589800
2022-04-01 00:00:00-04:00,57.49645026165522,58.23195222887261,57.251281784629754,57.92322540283203,3802800
2022-04-04 00:00:00-04:00,57.605413739488505,57.805181419440196,56.49761965286502,56.78818893432617,2960800
2022-04-05 00:00:00-04:00,56.60657140989549,57.623563699942984,56.60657140989549,56.70645523071289,2906300
2022-04-06 00:00:00-04:00,56.579339157876845,57.24220050878333,55.99819716521554,56.12532424926758,3528000
2022-04-07 00:00:00-04:00,55.88924045344631,56.2706148181204,55.0992553990018,55.9891242980957,3506800
2022-04-08 00:00:00-04:00,56.57025502365547,57.632651675395245,56.2887680066231,57.33300018310547,3140900
2022-04-11 00:00:00-04:00,57.332999308263325,58.37723493267048,56.72462102305578,56.82450485229492,3398200
2022-04-12 00:00:00-04:00,57.051507485211616,57.76884831280691,56.44312578744127,56.70645523071289,3518300
2022-04-13 00:00:00-04:00,56.48853029519256,57.251275428864666,56.11623823374895,57.187713623046875,3386400
2022-04-14 00:00:00-04:00,57.1332361275322,58.04126597162286,57.02427351612183,57.23311996459961,4399900
2022-04-18 00:00:00-04:00,56.94254794217412,58.21379104806368,56.94254794217412,58.02310562133789,2088700
2022-04-19 00:00:00-04:00,58.241035608944365,58.685968307785544,57.37840653520897,57.75978088378906,5089100
2022-04-20 00:00:00-04:00,58.06850590305212,59.16722458412957,58.05942366536935,58.486202239990234,3432500
2022-04-21 00:00:00-04:00,59.06734411989715,59.684804690890424,57.24220219380088,57.32392501831055,4244300
2022-04-22 00:00:00-04:00,57.205886487002665,57.205886487002665,54.790526973883594,54.88132858276367,4865200
2022-04-25 00:00:00-04:00,54.49087503746369,54.49087503746369,52.57493477855202,54.191226959228516,6587500
2022-04-26 00:00:00-04:00,53.428473891141394,54.14581826877179,52.320676420059456,52.356998443603516,4261100
2022-04-27 00:00:00-04:00,52.54769414959738,54.0187052161277,52.17540199509861,53.68273162841797,4989600
2022-04-28 00:00:00-04:00,54.27293611615871,54.89039659531418,53.110659197211206,54.518104553222656,4623700
2022-04-29 00:00:00-04:00,54.24569424438893,54.59982526300243,52.965372542708735,53.128814697265625,5789500
2022-05-02 00:00:00-04:00,53.54651967020487,53.982373568763435,52.366078131434186,53.62824249267578,4276900
2022-05-03 00:00:00-04:00,54.08225118149903,54.74511245912333,52.96537504545877,54.05500793457031,8013100
2022-05-04 00:00:00-04:00,54.55442957945929,58.1593088308655,54.300178891533655,58.05942153930664,7814600
2022-05-05 00:00:00-04:00,57.14232001715417,57.85966444604329,55.78935398626026,56.40681457519531,6021000
2022-05-06 00:00:00-04:00,56.39772457144239,56.77001660559876,55.562335455860776,56.50668716430664,5885500
2022-05-09 00:00:00-04:00,55.943722450822726,56.59750508442493,53.809850116752926,54.127662658691406,6605600
2022-05-10 00:00:00-04:00,54.690641375805605,55.798438980763756,52.32068274296064,53.292274475097656,6476600
2022-05-11 00:00:00-04:00,53.3286014545213,55.18098348481194,53.12883374619793,53.21963882446289,4809500
2022-05-12 00:00:00-04:00,53.03801345825195,53.61007312640292,51.9756203955442,53.03801345825195,4914400
2022-05-13 00:00:00-04:00,53.59191771855228,54.07317239070935,52.85641235405484,53.174224853515625,6119400
2022-05-16 00:00:00-04:00,53.27410410308329,53.728118980923206,52.547680991311154,53.246864318847656,4838900
2022-05-17 00:00:00-04:00,54.390993149898165,54.935809711910615,54.02777979931705,54.73604202270508,3910900
2022-05-18 00:00:00-04:00,54.23662386380569,54.608915972942306,52.73837665263304,52.938140869140625,5678800
2022-05-19 00:00:00-04:00,52.21171875627959,53.437557724144234,52.16631795448074,52.57493209838867,4576300
2022-05-20 00:00:00-04:00,52.79285525015457,53.1469863396197,48.879248789404045,50.50461959838867,8977100
2022-05-23 00:00:00-04:00,51.358167512039415,52.25711508787959,50.922313617107996,51.69413757324219,7948900
2022-05-24 00:00:00-04:00,51.47621651127411,51.585182599025856,49.6692388542997,51.31277084350586,5889400
2022-05-25 00:00:00-04:00,51.14024071321823,52.329761059946954,51.00403485060523,51.45804977416992,5805900
2022-05-26 00:00:00-04:00,52.284364149951365,52.81101969925921,51.86666775666535,52.42056655883789,6122600
2022-05-27 00:00:00-04:00,52.52951405544605,53.57374954223633,52.329749887152836,53.57374954223633,3891100
2022-05-31 00:00:00-04:00,53.25595189394236,54.26386211412729,52.820094519335015,53.2831916809082,5639200
2022-06-01 00:00:00-04:00,53.5192704544932,53.73719911141001,51.83941685788964,52.52043914794922,6103000
2022-06-02 00:00:00-04:00,52.59308759824989,52.8473383133607,51.85758563174033,52.82009506225586,3987500
2022-06-03 00:00:00-04:00,52.447798249910164,52.88365558985657,51.839419963660234,52.021026611328125,4809200
2022-06-06 00:00:00-04:00,52.49320651410371,53.909730853482,52.120914416721085,53.56468200683594,4094300
2022-06-07 00:00:00-04:00,53.18329982707154,54.21845314204943,52.720206199160856,53.946044921875,4555900
2022-06-08 00:00:00-04:00,53.54652184829058,53.77352931284822,52.248038873912165,52.42964553833008,3908000
2022-06-09 00:00:00-04:00,52.429655244755786,52.429655244755786,50.73163660152796,50.740718841552734,6573800
2022-06-10 00:00:00-04:00,49.29694324189214,49.68739636918586,48.49787597395857,48.51603698730469,7237800
2022-06-13 00:00:00-04:00,47.635239422558556,48.16189833544424,46.50020224533103,46.88157653808594,6091700
2022-06-14 00:00:00-04:00,47.28110712245798,48.1255750370085,46.86341428365149,47.2357063293457,5894300
2022-06-15 00:00:00-04:00,47.9849014138315,48.34122437842828,46.63269974765219,47.555484771728516,6844700
2022-06-16 00:00:00-04:00,46.47738098454552,46.55047466764877,44.84194990604463,45.65509796142578,7600300
2022-06-17 00:00:00-04:00,45.773865297553655,47.23570744275811,45.67336672148996,47.01642990112305,17311400
2022-06-21 00:00:00-04:00,48.41432838102638,48.53310040435633,47.22658026533392,47.6468620300293,4745100
2022-06-22 00:00:00-04:00,46.678380951915706,47.8113085415735,46.61442572757114,46.94334030151367,5491100
2022-06-23 00:00:00-04:00,46.77888554718901,47.05297987854804,45.11604265360595,45.31704330444336,6695000
2022-06-24 00:00:00-04:00,45.80127845704699,48.35035947413775,45.70077639285769,48.213314056396484,7883300
2022-06-27 00:00:00-04:00,48.07626997519565,48.50568666151001,47.0529827818431,47.43671417236328,4527500
2022-06-28 00:00:00-04:00,48.14021784409198,48.798046967569896,47.2996615065797,47.33620834350586,3495500
2022-06-29 00:00:00-04:00,47.65599800129855,47.73822666510975,46.34947783479792,46.41343307495117,4804700
2022-06-30 00:00:00-04:00,45.700779299869275,47.05298105566018,45.18913397931382,46.71493148803711,4068700
2022-07-01 00:00:00-04:00,46.68752005805262,47.65599044660166,46.35860894024786,47.528079986572266,3363500
2022-07-05 00:00:00-04:00,46.33119662629587,46.71493148803711,45.3627297322462,46.71493148803711,4265900
2022-07-06 00:00:00-04:00,46.31292908456469,46.9068031304998,45.88351584479377,46.57788848876953,3714700
2022-07-07 00:00:00-04:00,47.31794357299805,47.847858864083186,47.217441495732196,47.31794357299805,4695300
2022-07-08 00:00:00-04:00,47.5372117210901,47.86612630182258,46.925067851070075,47.025569915771484,2751900
2022-07-11 00:00:00-04:00,46.59616184370062,47.39103656985649,46.55048002914896,47.00730514526367,3566500
2022-07-12 00:00:00-04:00,46.58702327648548,47.65599229268222,46.58702327648548,46.70579528808594,3686500
2022-07-13 00:00:00-04:00,46.093656741032014,46.632710538837316,45.66423999955854,46.2855224609375,4195400
2022-07-14 00:00:00-04:00,44.85108864149483,45.189138240998595,44.22067125561502,44.23894119262695,5263800
2022-07-15 00:00:00-04:00,45.07035110849267,46.166728197056806,44.54043249509528,45.75558853149414,4393000
2022-07-18 00:00:00-04:00,46.26724214640908,46.95247974569902,45.37186543490606,45.58200454711914,3431000
2022-07-19 00:00:00-04:00,46.35861986113875,47.60118139792444,46.33120798089018,47.27227020263672,3350000
2022-07-20 00:00:00-04:00,46.95248304348559,47.4275815639318,46.6144334466427,47.071258544921875,3556200
2022-07-21 00:00:00-04:00,46.85198089954864,47.19003398122384,46.34033902077346,47.17176055908203,2740500
2022-07-22 00:00:00-04:00,47.27226337767192,47.84786050029781,46.45911176348649,46.897666931152344,3051700
2022-07-25 00:00:00-04:00,47.29966387105357,47.90267276928621,46.94334090645679,47.555484771728516,3390300
2022-07-26 00:00:00-04:00,47.29966176632607,47.88439721916276,46.897657013825395,47.26311492919922,2729300
2022-07-27 00:00:00-04:00,47.61031261397228,48.24072999904329,47.16262248117768,47.98490905761719,2676400
2022-07-28 00:00:00-04:00,47.984912163037876,48.176777881524345,45.85610538031917,46.13020324707031,8878600
2022-07-29 00:00:00-04:00,46.27638392712421,47.46412848757491,46.27638392712421,47.2996711730957,6882500
2022-08-01 00:00:00-04:00,46.82456755803325,47.15348215121061,46.431697736771234,46.6327018737793,4589600
2022-08-02 00:00:00-04:00,46.559608356775904,47.20829909265915,46.267240602989126,46.33119583129883,4977000
2022-08-03 00:00:00-04:00,46.68752439095515,47.27226345368353,46.349474788747315,47.12607955932617,3495300
2022-08-04 00:00:00-04:00,47.00730151437657,47.3818979412445,46.65097850897766,46.70579528808594,3422500
2022-08-05 00:00:00-04:00,46.66011231546161,47.48239883460276,46.523063400505194,47.354488372802734,3359200
2022-08-08 00:00:00-04:00,47.87527193146934,48.32295857823823,47.60117408290186,47.75649642944336,4623400
2022-08-09 00:00:00-04:00,48.24986144088603,49.126964671423146,47.92094685811001,48.925960540771484,4988400
2022-08-10 00:00:00-04:00,49.61120735203503,50.29644503227115,49.61120735203503,50.177669525146484,4742200
2022-08-11 00:00:00-04:00,50.81721387804466,51.593818497555866,50.81721387804466,51.46590805053711,3986300
2022-08-12 00:00:00-04:00,51.43849981128974,52.48006036517871,51.43849981128974,52.45265197753906,4318100
2022-08-15 00:00:00-04:00,51.60295518993724,52.22423751220229,51.40195106058726,51.8587760925293,3152600
2022-08-16 00:00:00-04:00,51.703465548451504,52.498340255654284,51.612101921526666,52.343021392822266,3992000
2022-08-17 00:00:00-04:00,51.62123423123284,52.12374112403464,51.32886645777365,51.79482650756836,3090100
2022-08-18 00:00:00-04:00,51.9410072589152,52.54401619093691,51.84964364221135,52.37956237792969,2064700
2022-08-19 00:00:00-04:00,52.05064977092415,52.169421780119436,51.10958775346979,51.25577163696289,3783000
2022-08-22 00:00:00-04:00,50.497446544814636,50.53399338897704,49.34624535079126,49.3736572265625,3735000
2022-08-23 00:00:00-04:00,49.41933633570121,49.92184321689917,49.382789493538056,49.58379364013672,3682100
2022-08-24 00:00:00-04:00,49.34624563862749,49.79393576898104,49.08128973015182,49.629478454589844,2055900
2022-08-25 00:00:00-04:00,49.79393157995778,50.51571601180865,49.52897220847349,50.488304138183594,2507700
2022-08-26 00:00:00-04:00,50.707587476046584,50.817224527138094,48.37778009988262,48.4234619140625,5647800
2022-08-29 00:00:00-04:00,48.06713039889059,48.70668614040703,47.65598717325157,48.24072265625,3082500
2022-08-30 00:00:00-04:00,48.41432301035739,48.44173139957783,47.54635467028982,47.86613082885742,2787000
2022-08-31 00:00:00-04:00,48.09454690942266,48.29555107264302,47.235716959361184,47.28139877319336,5946400
2022-09-01 00:00:00-04:00,47.09866911859061,47.87527391284091,46.69666426817924,47.82045364379883,3998600
2022-09-02 00:00:00-04:00,48.496554492380355,49.09956348749794,47.537218990116926,47.88440704345703,3702000
2022-09-06 00:00:00-04:00,48.249865491993944,48.76150734344935,47.18089300821984,47.838722229003906,4142700
2022-09-07 00:00:00-04:00,47.39102981000158,49.25487685436229,47.39102981000158,49.063011169433594,4000400
2022-09-08 00:00:00-04:00,48.93509609483272,49.848746110518405,48.606181531538155,49.638607025146484,3655900
2022-09-09 00:00:00-04:00,50.022344550742474,50.533989877567166,50.022344550742474,50.28730392456055,4631300
2022-09-12 00:00:00-04:00,51.073042618223624,51.74914174885064,50.70758117956677,51.64863967895508,3484600
2022-09-13 00:00:00-04:00,50.4517639877051,51.109589746425804,49.47415857523096,49.64775085449219,5155200
2022-09-14 00:00:00-04:00,49.73910666779233,50.28729878015976,48.93509714613069,49.519832611083984,4425400
2022-09-15 00:00:00-04:00,49.584175579651095,50.4756773592811,49.124637350935146,49.795562744140625,5775000
2022-09-16 00:00:00-04:00,49.62094641503951,49.62094641503951,48.45371873023466,49.3084602355957,11543400
2022-09-19 00:00:00-04:00,48.61914814986865,50.264292416840334,48.50885644578224,50.172386169433594,3212800
2022-09-20 00:00:00-04:00,49.630130637490126,49.9426167854476,48.214751996388706,49.08787536621094,6373400
2022-09-21 00:00:00-04:00,49.42793181411335,49.859898880248856,48.04931709853043,48.058509826660156,4928100
2022-09-22 00:00:00-04:00,48.334233070977824,48.38937892290428,46.96480754912567,47.0659065246582,4988700
2022-09-23 00:00:00-04:00,46.486892520684854,46.83613907739318,45.126656172457146,45.74243927001953,5500600
2022-09-26 00:00:00-04:00,45.255323964146974,45.97220244191835,44.19838469040864,44.492488861083984,5906300
2022-09-27 00:00:00-04:00,44.887696131500704,45.1174652551251,44.20757798293313,44.63035583496094,5674000
2022-09-28 00:00:00-04:00,44.49248856213179,45.26451288146679,44.391389596766764,44.82335662841797,9837700
2022-09-29 00:00:00-04:00,44.225951141868755,44.51086606068427,43.24253976872854,43.80317687988281,7362200
2022-09-30 00:00:00-04:00,43.720469559589645,44.71307387915757,43.481511208211444,43.637752532958984,5209200
2022-10-03 00:00:00-04:00,44.308674776036376,45.39318526661004,43.47231534747517,45.20018005371094,4998000
2022-10-04 00:00:00-04:00,45.96300593198404,47.55301107547258,45.94462749057775,47.52543640136719,4124500
2022-10-05 00:00:00-04:00,46.68908238610551,47.470299462622044,46.64312926536886,47.14862060546875,4040800
2022-10-06 00:00:00-04:00,46.744226791753874,47.1486191501519,46.4960757402375,46.65231704711914,3121600
2022-10-07 00:00:00-04:00,46.174395390992615,46.48688147686231,45.420749590720376,45.68728256225586,4097100
2022-10-10 00:00:00-04:00,45.77920266266692,46.018161014910696,44.31787085756436,44.52006530761719,7099000
2022-10-11 00:00:00-04:00,44.33624785665322,45.22774959621853,44.00537978588742,44.16162109375,4796900
2022-10-12 00:00:00-04:00,45.03474592448364,45.733242481897555,44.62116082193666,44.997982025146484,3866100
2022-10-13 00:00:00-04:00,44.39139158470942,47.341626131215314,44.14324052388204,46.817752838134766,5168600
2022-10-14 00:00:00-04:00,47.01995030104179,47.85630971712645,46.34902492383087,46.60636520385742,5963500
2022-10-17 00:00:00-04:00,47.72763539970555,48.223937472887464,47.424338519650576,47.543819427490234,4148100
2022-10-18 00:00:00-04:00,48.70185702594751,49.005150396440385,47.8011591232765,48.343414306640625,5350800
2022-10-19 00:00:00-04:00,48.10445630253442,49.106249664342954,48.086074354813405,48.48127746582031,3600700
2022-10-20 00:00:00-04:00,47.92983951650131,48.68348194462284,47.37839152855971,47.65411376953125,4473700
2022-10-21 00:00:00-04:00,47.58058241314223,48.98676808759928,47.479483455057455,48.94081497192383,4078600
2022-10-24 00:00:00-04:00,49.225741121837665,50.144817668881686,49.179784489686426,49.95180892944336,3322800
2022-10-25 00:00:00-04:00,49.372794119684215,50.19996092334455,49.14302497877876,49.89666748046875,3899000
2022-10-26 00:00:00-04:00,50.26429621372381,50.53082925973487,49.70366245259557,49.832332611083984,3377000
2022-10-27 00:00:00-04:00,50.328621304827735,51.26607963833817,50.13561610539863,50.199951171875,3573300
2022-10-28 00:00:00-04:00,50.47567981111732,52.29545437050596,50.26429263635974,52.20354461669922,4758700
2022-10-31 00:00:00-04:00,52.07486968221201,52.70903114821168,51.909435646560226,52.38735580444336,5647900
2022-11-01 00:00:00-04:00,52.75499141012506,53.435106042684296,52.414930587846904,52.45169448852539,6844400
2022-11-02 00:00:00-04:00,52.64470291137695,53.90384029124103,52.221928545845344,52.64470291137695,6611300
2022-11-03 00:00:00-04:00,51.71643538917062,53.44430020132273,51.56938328851928,52.947998046875,5603300
2022-11-04 00:00:00-04:00,53.66486570399583,53.83949244843977,52.43330329632929,53.2328987121582,3443500
2022-11-07 00:00:00-05:00,53.71082662452271,54.51042566255502,53.31562346944884,54.381752014160156,3640800
2022-11-08 00:00:00-05:00,54.22550505384478,55.01591128169102,53.65567869428044,54.34498596191406,4511100
2022-11-09 00:00:00-05:00,53.98654603110623,54.61151471999319,53.664867206857714,53.72920227050781,3849400
2022-11-10 00:00:00-05:00,55.28245148441949,55.990137286308794,54.7861493454854,55.68684387207031,4974300
2022-11-11 00:00:00-05:00,55.98093752423298,56.21070660018304,55.17214939520936,55.50301742553711,6332200
2022-11-14 00:00:00-05:00,55.47545772271491,56.16476509301504,55.30083094506644,55.365169525146484,4687800
2022-11-15 00:00:00-05:00,56.15557262383514,56.82650155263521,55.37435900295636,55.640892028808594,6113300
2022-11-16 00:00:00-05:00,55.55817823480519,55.9166175289009,54.98835175460173,55.02511215209961,4581200
2022-11-17 00:00:00-05:00,54.21632029615739,54.83209982305708,54.014122359086635,54.62990188598633,5903100
2022-11-18 00:00:00-05:00,55.411119730670165,55.71441313451145,54.675859275602065,54.97915267944336,3381600
2022-11-21 00:00:00-05:00,54.90562827499161,55.4754546882578,54.46446849685181,55.24568557739258,3351800
2022-11-22 00:00:00-05:00,55.548977090123266,56.00851529621429,55.48464202175039,55.953372955322266,3149200
2022-11-23 00:00:00-05:00,55.68684013846775,56.37614744988335,55.68684013846775,56.02689743041992,2362400
2022-11-25 00:00:00-05:00,56.394532058941614,56.45886713056178,56.03609280105826,56.13719177246094,2160500
2022-11-28 00:00:00-05:00,55.64088342946977,56.29342680074086,55.64088342946977,55.82469940185547,3787500
2022-11-29 00:00:00-05:00,56.00852128457068,56.74378529772839,55.73279903263587,56.46805953979492,3526800
2022-11-30 00:00:00-05:00,56.08204822586962,58.104017218962646,55.79713324985243,58.0029182434082,10713100
2022-12-01 00:00:00-05:00,58.260261677417546,58.29702558068933,57.488237238704066,57.99372863769531,6331900
2022-12-02 00:00:00-05:00,57.48823447455234,57.95696545373305,57.322800423782525,57.67205047607422,4422000
2022-12-05 00:00:00-05:00,57.28603373117261,57.570945171514246,56.173948621909396,56.5507698059082,5058400
2022-12-06 00:00:00-05:00,56.624294471239665,56.752964599249935,56.10961045320053,56.697818756103516,3616100
2022-12-07 00:00:00-05:00,56.51401250778787,57.662858071398794,56.192333646377755,57.010311126708984,5662900
2022-12-08 00:00:00-05:00,57.39632170559365,57.44227482425341,56.75296752636237,57.22169494628906,5963800
2022-12-09 00:00:00-05:00,57.019509644383284,57.846676430575265,56.58754254668379,57.451473236083984,5261200
2022-12-12 00:00:00-05:00,57.58933084497128,58.453261455236,57.25846275840227,58.37054443359375,4785900
2022-12-13 00:00:00-05:00,59.39071850684958,59.55615253658439,58.15915250504677,58.41649627685547,5533900
2022-12-14 00:00:00-05:00,58.58277217918291,59.20166765734476,57.60362368851022,57.880741119384766,6048200
2022-12-15 00:00:00-05:00,57.06785825877251,57.631332345161994,56.772265873082816,57.46506118774414,8012000
2022-12-16 00:00:00-05:00,56.98471526109767,57.97310283276834,56.7075978760595,57.7975959777832,13078300
2022-12-19 00:00:00-05:00,57.806839339073825,58.28717429469987,56.61523062240322,56.78150177001953,6757300
2022-12-20 00:00:00-05:00,57.14175717845607,58.41650152314098,56.61523302986126,58.01005935668945,4214000
2022-12-21 00:00:00-05:00,58.6381945513646,59.01692251280046,58.4165020257012,58.499637603759766,3367500
2022-12-22 00:00:00-05:00,58.33336690895875,58.44421317266705,56.836926492070326,57.64057159423828,3715800
2022-12-23 00:00:00-05:00,57.62209955453501,58.379555521845035,57.37269280572717,58.34260559082031,2344200
2022-12-27 00:00:00-05:00,58.55505897330603,58.610483866591466,58.17633101187016,58.499637603759766,2329800
2022-12-28 00:00:00-05:00,58.63819214942798,58.785988335062605,58.06548237056117,58.09319305419922,2763800
2022-12-29 00:00:00-05:00,58.37954956329724,58.896834449888885,58.111667876318556,58.77675247192383,1793400
2022-12-30 00:00:00-05:00,58.43497153163047,58.6197176460592,58.139379158040114,58.416500091552734,2351600
2023-01-03 00:00:00-05:00,58.61048068980179,58.99844435055402,57.84378556440244,58.13014221191406,3363500
2023-01-04 00:00:00-05:00,58.6566735159179,59.635822031226624,58.36108111238251,58.98921585083008,3763600
2023-01-05 00:00:00-05:00,59.044636798006565,59.19243652244694,58.19480952491071,58.66590881347656,3902300
2023-01-06 00:00:00-05:00,59.20166246026511,59.67276522276098,58.89683437018456,59.626583099365234,2893400
2023-01-09 00:00:00-05:00,59.820559740933035,59.931402465447384,58.90606850256393,58.99843978881836,3014000
2023-01-10 00:00:00-05:00,58.90608130032168,59.090827436706626,58.37955710205525,58.61048889160156,6056000
2023-01-11 00:00:00-05:00,58.582766717285004,58.924548256446,58.42573481313453,58.61971664428711,5409500
2023-01-12 00:00:00-05:00,58.933790911424566,59.32175814312317,58.65667347377665,58.82294464111328,5012000
2023-01-13 00:00:00-05:00,58.34259874267855,59.561921657197125,58.12090270629182,59.49726104736328,2369500
2023-01-17 00:00:00-05:00,59.17395618290781,59.46954857506724,58.758281804004355,58.915313720703125,3765300
2023-01-18 00:00:00-05:00,58.84141609664989,59.14624420275649,57.39116485319131,57.46506118774414,3565300
2023-01-19 00:00:00-05:00,57.17869941601333,57.49276671887267,56.716835942616584,57.012428283691406,4435300
2023-01-20 00:00:00-05:00,57.040142329668,57.71446261776116,56.12565104794563,57.70522689819336,3343100
2023-01-23 00:00:00-05:00,57.668286354094505,58.3241317860081,57.529725871863995,58.28718185424805,2354500
2023-01-24 00:00:00-05:00,58.56430165322929,58.57353737411579,57.317267909190086,58.34260559082031,4874900
2023-01-25 00:00:00-05:00,57.8253213559446,58.82294842412358,57.67752514477805,58.65667724609375,5565000
2023-01-26 00:00:00-05:00,59.02615936360154,59.164719829327446,58.52734591547512,59.10005569458008,3335200
2023-01-27 00:00:00-05:00,58.6381945513646,59.026161756884285,58.37031285276043,58.499637603759766,2294200
2023-01-30 00:00:00-05:00,58.259462052297124,58.63818998423516,58.194801443703234,58.35183334350586,2080700
2023-01-31 00:00:00-05:00,57.71446217187917,58.444207342957974,57.04937760849202,58.39802169799805,4342000
2023-02-01 00:00:00-05:00,57.779126247294094,57.97310808201125,56.190318118136695,56.55980682373047,6371800
2023-02-02 00:00:00-05:00,56.35658611133856,56.43972168729157,53.99184710421119,54.52760696411133,10982200
2023-02-03 00:00:00-05:00,54.49066655769167,54.75854475525743,53.73320704689151,54.26897048950195,6736100
2023-02-06 00:00:00-05:00,54.00108612036741,55.42362671850651,53.853289923400965,55.38667678833008,3895400
2023-02-07 00:00:00-05:00,55.0171822192534,56.22726235233159,54.961757329870544,55.98709487915039,3394200
2023-02-08 00:00:00-05:00,55.636081524630235,56.79997961703131,55.40514975496612,56.31964111328125,6025800
2023-02-09 00:00:00-05:00,56.75378853956283,56.993959545247776,56.04251829001746,56.227264404296875,3747700
2023-02-10 00:00:00-05:00,56.162605830876224,56.707604949720825,56.116420181565154,56.6429443359375,3096900
2023-02-13 00:00:00-05:00,56.67065298163597,57.335737583749406,56.55057100249585,57.234127044677734,3838500
2023-02-14 00:00:00-05:00,56.96625854362916,57.25261526333259,56.39354862796215,56.827701568603516,3756200
2023-02-15 00:00:00-05:00,56.57828081847125,57.187940519810525,56.282688449563665,57.114044189453125,4141500
2023-02-16 00:00:00-05:00,56.910831226403744,58.259472042245044,56.559813916890434,57.418880462646484,5064500
2023-02-17 00:00:00-05:00,57.150996459475245,57.40964245162438,55.8762555591076,56.18108367919922,5737000
2023-02-21 00:00:00-05:00,56.005561717750204,56.25496839818413,54.77700327602808,55.16497039794922,4858600
2023-02-22 00:00:00-05:00,54.786249384229535,56.2180255228355,54.64768892537719,56.03327941894531,5810400
2023-02-23 00:00:00-05:00,56.347350411023974,56.689128435066856,55.25735220314111,55.70998001098633,4010400
2023-02-24 00:00:00-05:00,55.2850617742431,55.74692529290424,54.934048037152714,55.58065414428711,4102100
2023-02-27 00:00:00-05:00,55.959391049264056,56.40277964740868,55.70998430210657,56.024051666259766,3591500
2023-02-28 00:00:00-05:00,56.16260270282367,56.707601791313806,55.987095835721036,56.44895935058594,6205100
2023-03-01 00:00:00-05:00,56.49514803713823,57.03091143460384,56.19031993326989,56.310401916503906,4360100
2023-03-02 00:00:00-05:00,55.91319945049882,56.1533704664213,55.19269345020978,55.45133590698242,4008200
2023-03-03 00:00:00-05:00,55.79311785807088,55.79311785807088,55.16498315257851,55.60837173461914,3783500
2023-03-06 00:00:00-05:00,55.47903993322735,55.93166414950576,55.34047948610785,55.7376823425293,4597200
2023-03-07 00:00:00-05:00,55.746918644848186,55.80234352902391,53.677772301294574,54.02878952026367,3540600
2023-03-08 00:00:00-05:00,54.18582598547703,54.28743651984987,52.4769324353086,52.97574234008789,5651400
2023-03-09 00:00:00-05:00,53.021937505111985,53.11430880658425,51.192954727055564,51.54397201538086,7252100
2023-03-10 00:00:00-05:00,50.70337525585926,50.80498579123996,48.800499861416625,49.096092224121094,11354000
2023-03-13 00:00:00-04:00,47.137791862411504,47.313302263168,45.364237556533816,46.251014709472656,13489800
2023-03-14 00:00:00-04:00,48.31093035079124,48.44949083597215,46.85144325258604,47.22093200683594,8186600
2023-03-15 00:00:00-04:00,45.10559361931701,45.70601408859087,43.359746531918226,44.30194854736328,10302500
2023-03-16 00:00:00-04:00,43.64169536991671,46.822060110684106,43.492906438431824,46.67327117919922,13158000
2023-03-17 00:00:00-04:00,46.02231985744373,46.078113487240046,43.82768055112462,43.92997360229492,11535600
2023-03-20 00:00:00-04:00,44.515833267378,45.975825876612795,44.46003963097935,45.42716598510742,7182100
2023-03-21 00:00:00-04:00,46.82206043421302,47.7798925129603,46.812762677921945,47.659000396728516,9632500
2023-03-22 00:00:00-04:00,47.454406492815664,47.65899257170848,45.29696555189872,45.334163665771484,5609100
2023-03-23 00:00:00-04:00,45.31556793791677,45.51085272898418,43.34411387412454,43.85557556152344,6555000
2023-03-24 00:00:00-04:00,42.8233592184855,44.04157116885624,42.46068637951476,44.022972106933594,6564500
2023-03-27 00:00:00-04:00,44.95291221400684,45.110998948409375,44.00438116536466,44.13457107543945,8219100
2023-03-28 00:00:00-04:00,43.9206785470572,44.460040694534605,43.76259184360173,44.17176055908203,5140700
2023-03-29 00:00:00-04:00,45.092389146941784,45.315570765686424,44.62742330258127,45.28767395019531,5201600
2023-03-30 00:00:00-04:00,45.650358492201335,46.422200147869674,45.650358492201335,46.32920837402344,5933600
2023-03-31 00:00:00-04:00,46.70117380006232,46.952255799218456,46.45938955758243,46.831363677978516,5071600
2023-04-03 00:00:00-04:00,46.92436319725514,47.27773831535084,46.55239256273062,46.88716506958008,4324800
2023-04-04 00:00:00-04:00,47.45441884074786,47.51021602607579,45.482964408802765,46.37569808959961,3905400
2023-04-05 00:00:00-04:00,45.827042652981426,46.77557361162329,45.76194770412049,46.71977996826172,3467900
2023-04-06 00:00:00-04:00,46.933656591845406,47.67760128290549,46.933656591845406,47.50091552734375,3439200
2023-04-10 00:00:00-04:00,46.961545933850715,47.64039557809668,46.86855419254868,47.528804779052734,2933400
2023-04-11 00:00:00-04:00,47.70550244572739,48.04027847405105,47.40792454219712,47.612510681152344,4814100
2023-04-12 00:00:00-04:00,47.93798208721477,48.32855527570044,47.342826321339636,47.724098205566406,4391300
2023-04-13 00:00:00-04:00,47.39862115325675,48.179763944067965,46.99875022775767,48.003074645996094,5068700
2023-04-14 00:00:00-04:00,48.37505168049379,48.728426750600576,47.37072365410867,47.835689544677734,3463000
2023-04-17 00:00:00-04:00,47.57531208873475,48.3471572072731,47.13824299522949,48.28205871582031,4968000
2023-04-18 00:00:00-04:00,48.514536780675805,48.821415955149746,48.21695891007516,48.784217834472656,3168000
2023-04-19 00:00:00-04:00,48.77492100404485,49.61185745072118,48.468041823744514,49.4444694519043,3778900
2023-04-20 00:00:00-04:00,49.193389537004826,49.41657116384633,48.4308458083817,48.67262649536133,4668900
2023-04-21 00:00:00-04:00,48.36574840234397,48.53313639991044,47.35212266037282,47.93798065185547,3912800
2023-04-24 00:00:00-04:00,47.770597801569856,48.48664574666767,47.770597801569856,48.18906784057617,2975400
2023-04-25 00:00:00-04:00,47.53811448041782,47.91938639142081,47.17544163183063,47.380027770996094,2561800
2023-04-26 00:00:00-04:00,47.47302144586798,48.003082330117394,46.90576243529018,47.249839782714844,3127200
2023-04-27 00:00:00-04:00,47.51951105774545,48.64473117250002,47.43581705825805,48.48664093017578,2963800
2023-04-28 00:00:00-04:00,48.14257165099075,49.50027128230426,48.03098082376992,49.323585510253906,3508200
2023-05-01 00:00:00-04:00,48.90510936517898,49.9559332035247,48.83071312471897,49.37007522583008,2789600
2023-05-02 00:00:00-04:00,49.12829511093258,49.1375928673943,47.38002246126287,48.29135513305664,4165200
2023-05-03 00:00:00-04:00,48.53314179436533,48.95161183479442,47.62180901043558,47.75199890136719,3594400
2023-05-04 00:00:00-04:00,47.14753822226384,47.41721926848803,45.52015773612244,46.38499450683594,5424500
2023-05-05 00:00:00-04:00,50.37440578378046,50.77427675650078,48.747025073028404,50.021034240722656,7504700
2023-05-08 00:00:00-04:00,50.56967975105251,50.67197279129962,49.76063673132029,49.983821868896484,3567400
2023-05-09 00:00:00-04:00,49.48166087462115,49.8722340014554,49.30497514308162,49.37936782836914,4876100
2023-05-10 00:00:00-04:00,49.714158189519594,49.85364939254843,48.76562723218604,48.9237174987793,4853000
2023-05-11 00:00:00-04:00,48.393655102280526,49.28638884123426,48.29136202955297,49.109703063964844,4446200
2023-05-12 00:00:00-04:00,49.42587333598263,49.602559089287006,48.22626054155756,48.81211853027344,3076500
2023-05-15 00:00:00-04:00,49.18409825485374,49.221296382709376,48.42155437085668,48.85862350463867,2942900
2023-05-16 00:00:00-04:00,48.867911240802925,49.4909673386747,48.47734162064498,48.64472961425781,4336700
2023-05-17 00:00:00-04:00,49.15620341634219,50.30001928849593,49.15620341634219,49.974544525146484,4081400
2023-05-18 00:00:00-04:00,49.965238344080625,50.61619135467602,49.43517746839501,50.504600524902344,2533200
2023-05-19 00:00:00-04:00,50.90447419541806,51.00676372545593,49.81645201860563,50.07683181762695,2732400
2023-05-22 00:00:00-04:00,50.067528287307276,50.22561499065679,49.51886838304482,50.17911911010742,2632400
2023-05-23 00:00:00-04:00,51.51821949501927,52.91311709635652,51.378728315922324,51.8622932434082,6493800
2023-05-24 00:00:00-04:00,51.239231033464385,51.536808869177705,50.59757949034647,50.746368408203125,3211800
2023-05-25 00:00:00-04:00,50.625482057438994,50.839365929452754,49.78854562965576,49.91873550415039,3798500
2023-05-26 00:00:00-04:00,49.96523327549302,50.56038903712336,49.658357637893445,50.281410217285156,3115900
2023-05-30 00:00:00-04:00,50.34650593803495,50.93236395196941,49.91873817115313,50.885868072509766,2803900
2023-05-31 00:00:00-04:00,50.30930609544856,50.65338339598409,49.08179647315944,49.1282958984375,9756800
2023-06-01 00:00:00-04:00,49.53747537372677,50.11403218912102,49.35148827435186,49.974544525146484,3836400
2023-06-02 00:00:00-04:00,50.62548707293754,51.78790184952655,50.50459849030631,51.332237243652344,3782200
2023-06-05 00:00:00-04:00,51.220642789965034,51.220642789965034,50.36510373034853,50.430198669433594,3421300
2023-06-06 00:00:00-04:00,50.755675284985045,52.187767446350215,50.718477164583874,52.01108169555664,4290200
2023-06-07 00:00:00-04:00,52.252863774435525,53.01540752592019,51.629811204464836,52.755027770996094,3684200
2023-06-08 00:00:00-04:00,52.596941955932145,53.06190783887827,52.18776970859834,52.66203689575195,5151200
2023-06-09 00:00:00-04:00,52.40165355803957,53.006110624474914,52.25286461748123,52.8945198059082,3593500
2023-06-12 00:00:00-04:00,52.61554537920677,52.87592516007364,51.63911410613908,52.28076934814453,2926800
2023-06-13 00:00:00-04:00,52.40165358906457,53.396680294776615,52.26216595262564,52.66203689575195,3495400
2023-06-14 00:00:00-04:00,52.69923258967816,53.396681428911016,51.67630904443328,51.927391052246094,4211500
2023-06-15 00:00:00-04:00,51.44068902255461,53.415577796982554,51.40324952672971,52.99439239501953,4709000
2023-06-16 00:00:00-04:00,53.219020415084,53.82739609376516,52.81655480175308,53.63084411621094,10319300
2023-06-20 00:00:00-04:00,53.0692773079255,53.49982084666964,52.35794108959175,52.48897933959961,4083000
2023-06-21 00:00:00-04:00,52.54512620086675,52.98503132599863,51.99290616500444,52.844635009765625,3984900
2023-06-22 00:00:00-04:00,53.07862580372111,53.12542338505161,51.75891401581204,52.38601303100586,3987100
2023-06-23 00:00:00-04:00,51.48748450971969,51.9367513004634,51.32837201458577,51.68404006958008,5255500
2023-06-26 00:00:00-04:00,51.83379718757121,52.51705192735999,51.57172428419161,52.105224609375,3348900
2023-06-27 00:00:00-04:00,51.983544949159494,53.14414062120789,51.85251029945336,52.83527374267578,3349800
2023-06-28 00:00:00-04:00,52.63872493516429,52.900794250344156,52.11458273437793,52.844635009765625,3858300
2023-06-29 00:00:00-04:00,52.96631451908373,53.724448242054926,52.9288750232866,53.537254333496094,3862500
2023-06-30 00:00:00-04:00,54.20178658670393,54.23922608061515,53.677644383226834,53.8554801940918,3228900
2023-07-03 00:00:00-04:00,53.86483987745478,54.697849004300664,53.86483987745478,54.22986602783203,2257900
2023-07-05 00:00:00-04:00,53.66829241433681,54.07075809370578,53.23774889654626,54.01459884643555,2751800
2023-07-06 00:00:00-04:00,53.499812627067804,53.97715368226343,53.321980385019764,53.91163635253906,4172000
2023-07-07 00:00:00-04:00,53.612130265786035,54.9692816527427,53.612130265786035,54.47322082519531,3089500
2023-07-10 00:00:00-04:00,54.34218494594438,54.866323598692986,54.17371078743896,54.360904693603516,2758300
2023-07-11 00:00:00-04:00,54.342187519198866,55.19391644067389,54.342187519198866,54.98800277709961,2681200
2023-07-12 00:00:00-04:00,55.652531645423196,55.91460452572919,54.82888422282311,54.89440155029297,2709800
2023-07-13 00:00:00-04:00,54.41705935620778,55.18455114385418,54.41705935620778,55.11903381347656,2544700
2023-07-14 00:00:00-04:00,55.484060813174295,55.54022005597299,53.687007888737504,53.958438873291016,3168000
2023-07-17 00:00:00-04:00,54.22986573339261,55.55893923596929,54.22986573339261,55.31558609008789,3859800
2023-07-18 00:00:00-04:00,55.193914096116586,55.839729326584035,55.17519434836621,55.56829833984375,4119400
2023-07-19 00:00:00-04:00,55.32494672125337,55.82100752186506,55.10967498569684,55.33430480957031,4605500
2023-07-20 00:00:00-04:00,55.69933295179986,56.40130742486474,55.69933295179986,56.382591247558594,3340000
2023-07-21 00:00:00-04:00,56.57914326050743,56.62594084464078,55.82100954401066,56.11116027832031,2455700
2023-07-24 00:00:00-04:00,55.74613284860661,56.794413705012765,55.69933169511676,56.40130615234375,2771700
2023-07-25 00:00:00-04:00,56.40130670776526,56.51362519273489,55.886526148148086,56.05500030517578,2816400
2023-07-26 00:00:00-04:00,56.37322451811391,57.22495332600869,56.073715722179024,56.94416427612305,3262800
2023-07-27 00:00:00-04:00,57.16880440210967,57.74910231638406,56.747618992383536,56.75697708129883,3178600
2023-07-28 00:00:00-04:00,57.28111025835513,57.39342515970295,55.76484659366736,56.30770492553711,3904800
2023-07-31 00:00:00-04:00,56.52297787328703,56.89736564651179,56.092434433377065,56.420021057128906,3675800
2023-08-01 00:00:00-04:00,56.52298418731691,56.58850151938604,56.1205185357912,56.51362609863281,3819100
2023-08-02 00:00:00-04:00,56.52298287934609,58.217082526110744,56.39194821824003,57.34663391113281,5055700
2023-08-03 00:00:00-04:00,57.37470709407724,57.515103402691935,57.05647855558685,57.224952697753906,3865000
2023-08-04 00:00:00-04:00,57.187514027199235,57.87077226381317,56.756970577890954,56.803768157958984,3240700
2023-08-07 00:00:00-04:00,57.224957795787425,58.329397905973835,57.224957795787425,57.94565200805664,2560700
2023-08-08 00:00:00-04:00,57.06584410503416,57.721017402108394,56.625938973775725,57.56190490722656,2277900
2023-08-09 00:00:00-04:00,57.44959027744884,57.62742252032541,56.448107009365636,56.4761848449707,2133400
2023-08-10 00:00:00-04:00,56.81313644331637,57.46831335197278,56.401309121655636,56.551063537597656,1895700
2023-08-11 00:00:00-04:00,56.16731189264407,56.934807212766906,55.980121569636424,56.654014587402344,1732200
2023-08-14 00:00:00-04:00,56.466827513886905,56.50426343838682,55.755491391987086,55.98948287963867,2207800
2023-08-15 00:00:00-04:00,55.36238509223222,55.39982101516722,54.763363909726465,55.016075134277344,2911100
2023-08-16 00:00:00-04:00,55.01607278097173,55.63381011330805,54.707205900016795,54.85696029663086,2305800
2023-08-17 00:00:00-04:00,55.10031226339656,55.26878641326308,54.09882902276036,54.34218215942383,2879300
2023-08-18 00:00:00-04:00,53.98651985792728,54.64169678041429,53.977158198368144,54.23923110961914,2584700
2023-08-21 00:00:00-04:00,54.35154688399781,54.501301305450426,53.70573161093849,54.0894775390625,1900400
2023-08-22 00:00:00-04:00,53.9677980111329,54.229867341768454,53.36878035800772,53.66828918457031,3135300
2023-08-23 00:00:00-04:00,53.78996613166551,53.986518130996174,53.48109564378,53.93035888671875,2360600
2023-08-24 00:00:00-04:00,53.72445069561955,54.81952921949604,53.71508903602931,54.37026596069336,3379300
2023-08-25 00:00:00-04:00,54.48257820294776,54.81016843438007,53.80868513310407,54.1456298828125,2286900
2023-08-28 00:00:00-04:00,54.18306453375657,54.65104747644982,53.77124082954005,54.164344787597656,2048700
2023-08-29 00:00:00-04:00,54.33282025559703,54.70720804703851,53.90227679473793,54.613609313964844,3136100
2023-08-30 00:00:00-04:00,54.81016550630498,55.203269478511125,54.388980128636526,54.604251861572266,1865800
2023-08-31 00:00:00-04:00,54.716576345379465,54.8476110257074,54.39834773439995,54.772735595703125,3113300
2023-09-01 00:00:00-04:00,55.10967644072624,55.78356950056574,55.10967644072624,55.446624755859375,1995500
2023-09-05 00:00:00-04:00,55.193916652718556,55.93332708576085,54.84760665893555,54.84760665893555,2428600
2023-09-06 00:00:00-04:00,54.74465270856875,55.587019963197925,54.585536632535074,55.39982604980469,2787400
2023-09-07 00:00:00-04:00,55.37175074115025,56.0643671812074,55.18455681920828,55.83037567138672,4405200
2023-09-08 00:00:00-04:00,55.727418200066225,56.30771613808198,55.512146441938235,55.8397331237793,2060600
2023-09-11 00:00:00-04:00,56.2609130310259,56.738254087795205,55.77421031544986,55.86780548095703,2719400
2023-09-12 00:00:00-04:00,56.03628652013011,57.04713156985359,55.93332968316638,56.691463470458984,2091300
2023-09-13 00:00:00-04:00,56.822497840817114,56.98161392538539,56.27963939032873,56.76634216308594,2723700
2023-09-14 00:00:00-04:00,57.43483440630004,57.79262618370029,57.14295116792799,57.623146057128906,2556400
2023-09-15 00:00:00-04:00,57.19944790394295,57.65139372797692,57.11470783745245,57.60431671142578,7130500
2023-09-18 00:00:00-04:00,57.698472801045924,58.30106725456918,57.20886390962171,58.075096130371094,2704300
2023-09-19 00:00:00-04:00,58.40463633267192,58.9224942861126,58.244573759241966,58.71535110473633,3029200
2023-09-20 00:00:00-04:00,58.988403373575494,59.261451506764544,58.602366090363944,58.67768859863281,3144900
2023-09-21 00:00:00-04:00,58.470549891224074,58.57412149079998,57.70789282479496,57.74555587768555,3698300
2023-09-22 00:00:00-04:00,57.698472481159975,58.2257444209427,57.57607295279221,57.98094177246094,2670300
2023-09-25 00:00:00-04:00,57.88678633834591,58.602369968863606,57.88678633834591,58.49879837036133,1988900
2023-09-26 00:00:00-04:00,58.141005126054075,58.800094161621764,57.65139623082512,57.67964172363281,3072400
2023-09-27 00:00:00-04:00,57.839706865144734,57.9432784592537,56.72867200574236,57.444252014160156,2387600
2023-09-28 00:00:00-04:00,57.39717764639437,58.32931844466516,57.35951459375291,57.6984748840332,3172300
2023-09-29 00:00:00-04:00,57.53840717936832,57.811458899108864,56.700424087247285,57.05821228027344,2913900
2023-10-02 00:00:00-04:00,56.90756525851105,57.039385934697876,55.91893353345994,56.54035949707031,2982900
2023-10-03 00:00:00-04:00,56.304968002954375,56.42737111455913,54.939713026312695,55.212764739990234,2865500
2023-10-04 00:00:00-04:00,54.93971380283706,55.95659457501053,54.34653694414859,55.89068603515625,2980700
2023-10-05 00:00:00-04:00,55.6835416433955,57.095873623901284,55.61763310497824,56.63451385498047,4251700
2023-10-06 00:00:00-04:00,56.47445201891667,57.6137323750438,56.30497188094365,57.312435150146484,3304600
2023-10-09 00:00:00-04:00,57.077045166010414,57.670225635377506,56.96405960718921,57.51957702636719,1856900
2023-10-10 00:00:00-04:00,57.51957571695956,58.03743007415969,57.49133022583379,57.59489822387695,2472700
2023-10-11 00:00:00-04:00,57.61373582392061,58.15983932157928,57.2653615602311,57.93386459350586,3050900
2023-10-12 00:00:00-04:00,58.28223393182986,58.28223393182986,57.23710770174508,57.566650390625,2739400
2023-10-13 00:00:00-04:00,57.99035437849272,58.376391663565805,57.18061675815742,57.51957702636719,2313300
2023-10-16 00:00:00-04:00,58.12217166587853,59.176711932642455,58.02801763182228,58.950740814208984,3022300
2023-10-17 00:00:00-04:00,58.847169268827955,59.92995862007286,58.79067469330126,59.4874267578125,3377000
2023-10-18 00:00:00-04:00,59.299121791284406,59.647496066990236,58.82834438399404,58.94132995605469,3269900
2023-10-19 00:00:00-04:00,58.687105104020894,58.97898475697667,57.49133022583379,57.59489822387695,2388000
2023-10-20 00:00:00-04:00,57.547822139768655,57.67963922281775,55.59880420212312,56.04133605957031,3142400
2023-10-23 00:00:00-04:00,55.918935247663065,55.9377667734099,55.259846213509135,55.53289794921875,2821100
2023-10-24 00:00:00-04:00,55.75887171349881,56.47445172091748,55.65530011953445,56.370880126953125,3001400
2023-10-25 00:00:00-04:00,56.408539349148135,57.698468223365126,56.408539349148135,57.39717102050781,3594000
2023-10-26 00:00:00-04:00,57.39717740289477,58.29165514472942,57.23711481746723,57.29360580444336,2788200
2023-10-27 00:00:00-04:00,57.246529541114214,57.3124380879548,55.66471723344722,56.05075454711914,3097600
2023-10-30 00:00:00-04:00,56.493278878634094,57.53840511256817,56.389707292677244,57.43483352661133,3075900
2023-10-31 00:00:00-04:00,57.26535552759095,57.95269001510985,57.26535552759095,57.72671890258789,3996400
2023-11-01 00:00:00-04:00,58.1033407956129,58.771843783487164,57.72672106339677,58.42346954345703,4790100
2023-11-02 00:00:00-04:00,59.28970069097868,60.99391240163596,59.223792149226526,60.59846115112305,7287200
2023-11-03 00:00:00-04:00,60.25949683940909,61.14456049795529,59.95819964255171,60.01469421386719,5002300
2023-11-06 00:00:00-05:00,59.80754791173122,60.73027097774798,59.80754791173122,60.202999114990234,3111900
2023-11-07 00:00:00-05:00,60.118271649807504,60.118271649807504,59.00723671498029,59.412105560302734,3392600
2023-11-08 00:00:00-05:00,59.41210594147919,59.62866670438695,58.86600602979999,58.92250061035156,2648100
2023-11-09 00:00:00-05:00,59.233206611713065,59.88287806802817,59.0825580019119,59.17671203613281,3118300
2023-11-10 00:00:00-05:00,59.39327454662132,60.18417707779298,59.280285392099984,60.090023040771484,3636300
2023-11-13 00:00:00-05:00,59.77931602904476,60.297170452399214,59.64749533954398,60.005287170410156,2492900
2023-11-14 00:00:00-05:00,60.31599877089458,60.99391938279049,60.061782133180174,60.45723342895508,4617200
2023-11-15 00:00:00-05:00,60.44780674941148,60.645539550959064,59.68514976784115,59.76988983154297,3436500
2023-11-16 00:00:00-05:00,59.85463197098122,60.42898091246217,59.85463197098122,60.37248992919922,3166400
2023-11-17 00:00:00-05:00,60.61729126382039,60.95625154315894,60.36307464606275,60.71145248413086,3343800
2023-11-20 00:00:00-05:00,60.25008691732651,60.88093043491358,60.061775258714874,60.59846115112305,2472600
2023-11-21 00:00:00-05:00,60.70203603930625,61.48352820787151,60.70203603930625,61.172813415527344,2852800
2023-11-22 00:00:00-05:00,61.14456792231291,61.445865155754696,60.815018012163996,61.172813415527344,1857800
2023-11-24 00:00:00-05:00,61.29520542332196,61.87897188423635,61.2198793283346,61.39877700805664,1457700
2023-11-27 00:00:00-05:00,61.18223052300777,61.587099350910364,61.13514991233596,61.43644714355469,2706700
2023-11-28 00:00:00-05:00,61.43645151887981,61.64359472699968,60.84327457303091,60.86210250854492,2336600
2023-11-29 00:00:00-05:00,60.8526812902304,61.31404829275488,60.76794481027246,61.04099655151367,2496700
2023-11-30 00:00:00-05:00,61.14457034466523,61.98255353285757,61.02216362456307,61.96371841430664,5325600
2023-12-01 00:00:00-05:00,61.83189913835972,62.58514581699387,61.62475594256069,62.1143684387207,3439000
2023-12-04 00:00:00-05:00,61.8883958397778,62.425081750932755,61.62475448006775,62.14261245727539,4116300
2023-12-05 00:00:00-05:00,61.95431168094849,62.5663165834685,61.89781350546701,62.048465728759766,3634100
2023-12-06 00:00:00-05:00,62.26500335919838,62.78286126465141,61.511763986302164,61.5494270324707,4221900
2023-12-07 00:00:00-05:00,61.841317609948426,62.00138019688523,61.02216237360676,61.587100982666016,3790000
2023-12-08 00:00:00-05:00,61.747157664301334,62.00137426727128,61.38936228831651,61.700077056884766,2922200
2023-12-11 00:00:00-05:00,61.72832531333842,62.65105210219919,61.61534334406452,62.31209182739258,3675200
2023-12-12 00:00:00-05:00,62.30268625536268,63.45138438726468,62.27444075760998,63.0370979309082,5163900
2023-12-13 00:00:00-05:00,63.008682942131685,63.76600175958764,62.72469380233132,63.642940521240234,3612000
2023-12-14 00:00:00-05:00,63.82278945128848,64.07838758686007,62.65842041425595,62.94240951538086,5215500
2023-12-15 00:00:00-05:00,62.28924253039013,63.40628389492036,62.185111004875004,62.488037109375,7661900
2023-12-18 00:00:00-05:00,62.876157687238916,63.22641892903583,62.36496853258722,62.914024353027344,2710800
2023-12-19 00:00:00-05:00,63.62400813168435,64.0121360395464,63.141217170447746,63.841739654541016,4097000
2023-12-20 00:00:00-05:00,63.62400779019797,64.16359513609758,63.027624057044065,63.06549072265625,3759400
2023-12-21 00:00:00-05:00,63.08442282071993,63.387348934700775,62.27030753520985,63.018157958984375,2006600
2023-12-22 00:00:00-05:00,63.18854756698917,63.5293403114288,63.12228271236633,63.358943939208984,1518300
2023-12-26 00:00:00-05:00,63.34949942832493,63.728158978957644,63.16017326417368,63.54829406738281,2815700
2023-12-27 00:00:00-05:00,63.302151715215786,63.633476010099855,62.85722742394518,63.56721115112305,1507600
2023-12-28 00:00:00-05:00,63.822800000077486,64.35292607665227,63.80387027913768,64.24879455566406,2245800
2023-12-29 00:00:00-05:00,64.24880814653515,64.4002676130757,63.95534324243225,64.13520812988281,2498400
2024-01-02 00:00:00-05:00,63.75654640837599,65.20491226415966,63.75654640837599,65.16704559326172,3897700
2024-01-03 00:00:00-05:00,65.19544001086993,65.66876248372337,64.883045445428,64.94931030273438,3970300
2024-01-04 00:00:00-05:00,65.20490006264642,66.03795222185775,64.92091091754699,64.9682388305664,4146100
2024-01-05 00:00:00-05:00,65.11970935991656,65.5362354643022,64.92091477982197,65.32797241210938,4870500
2024-01-08 00:00:00-05:00,65.3942469153886,65.48890998334609,64.19200356310812,64.58013153076172,4098100
2024-01-09 00:00:00-05:00,64.22038348968444,64.32451500150958,63.59560164106066,64.21092224121094,3479300
2024-01-10 00:00:00-05:00,63.88907107229565,64.23933233354269,63.67134675983193,63.983734130859375,2943400
2024-01-11 00:00:00-05:00,63.832271082507745,63.98373052320414,63.32108192829239,63.69974136352539,2788000
2024-01-12 00:00:00-05:00,63.8796069601956,64.18253306742517,63.45361238225122,63.898536682128906,2473100
2024-01-16 00:00:00-05:00,63.652386899804554,63.80385351684112,63.16013483908733,63.63345718383789,2906400
2024-01-17 00:00:00-05:00,63.10334303615133,64.26771204400988,63.10334303615133,63.18853759765625,3691200
2024-01-18 00:00:00-05:00,62.847750484502676,63.75652866617104,62.53535595327472,63.65239715576172,3580500
2024-01-19 00:00:00-05:00,64.25825290120659,65.57408872805695,64.08785653113753,65.1575698852539,5098600
2024-01-22 00:00:00-05:00,65.48889527478599,65.8296880207555,65.2143673837368,65.56462860107422,3091900
2024-01-23 00:00:00-05:00,65.56464171137972,65.72556964517571,65.29011376543592,65.31851196289062,2562200
2024-01-24 00:00:00-05:00,65.72556933071803,65.9433008807107,65.34690984769932,65.46997833251953,2736100
2024-01-25 00:00:00-05:00,65.91488928277532,66.19888567400223,65.14810913772217,65.29957580566406,3968400
2024-01-26 00:00:00-05:00,65.4604984732481,65.93382093911059,65.31850028902382,65.82022094726562,2564600
2024-01-29 00:00:00-05:00,65.70662887137931,65.97168829948797,65.35636764290558,65.66876220703125,3167200
2024-01-30 00:00:00-05:00,65.63090493207862,66.65328334875814,65.63090493207862,66.6248779296875,2966800
2024-01-31 00:00:00-05:00,66.79528077165233,67.27807182979214,65.79183920428633,65.80130767822266,3690900
2024-02-01 00:00:00-05:00,65.32796664899946,65.76342243683841,63.926929017508,65.14810180664062,4304200
2024-02-02 00:00:00-05:00,65.39423607597891,66.3030143779289,65.29010455178722,65.91488647460938,2808900
2024-02-05 00:00:00-05:00,65.26171151466534,65.5835673622673,65.05344844982712,65.25224304199219,2929300
2024-02-06 00:00:00-05:00,65.10076904296875,65.65929331057956,64.93984113727643,65.10076904296875,2910400
2024-02-07 00:00:00-05:00,65.29957155582429,66.11367956487913,65.26170489130327,66.08528137207031,2844100
2024-02-08 00:00:00-05:00,66.04741741223864,66.04741741223864,64.33399230088091,64.7599868774414,5242200
2024-02-09 00:00:00-05:00,64.63691291340807,65.53622990593651,64.42864987887879,65.43209838867188,3217300
2024-02-12 00:00:00-05:00,65.69716504513268,66.43554699631117,65.56463532170721,66.00955963134766,3770600
2024-02-13 00:00:00-05:00,66.13260989616302,66.549135941921,65.50782082752607,66.35033416748047,5328600
2024-02-14 00:00:00-05:00,68.347764269486,69.3701425752975,65.06291227474972,65.47943115234375,7507300
2024-02-15 00:00:00-05:00,65.33743685329213,67.03193232524102,65.1765089314019,66.54914855957031,5656300
2024-02-16 00:00:00-05:00,66.4071405490007,67.01299270146258,65.9811460146486,66.30300903320312,5139600
2024-02-20 00:00:00-05:00,65.32797101418737,65.71609169397308,64.41919271506092,64.49491882324219,6814600
2024-02-21 00:00:00-05:00,64.97771255675846,65.41316839232108,64.51385852662216,65.01557922363281,3969200
2024-02-22 00:00:00-05:00,65.01557434219102,67.20232182812126,64.98717614974949,67.09819030761719,6031800
2024-02-23 00:00:00-05:00,67.2117910089318,68.08270262385788,67.09819101563927,67.51471710205078,4246100
2024-02-26 00:00:00-05:00,67.53364682310232,68.60336023187227,67.37271891601706,67.51471710205078,5154600
2024-02-27 00:00:00-05:00,67.44845068675157,68.17736409880531,67.44845068675157,68.11109924316406,3217500
2024-02-28 00:00:00-05:00,68.08271495045092,68.6601690484976,67.90285728975032,68.56550598144531,3557600
2024-02-29 00:00:00-05:00,68.811635171154,69.19975590959442,68.16791620919982,69.00096130371094,5300200
2024-03-01 00:00:00-05:00,68.95362854003906,69.5216214019779,68.60337446048327,68.95362854003906,4631700
2024-03-04 00:00:00-05:00,68.43296908493785,69.35121590618628,68.42350061252432,69.2660140991211,4030400
2024-03-05 00:00:00-05:00,69.09561777008238,70.33572765356264,68.92522137812554,69.97599792480469,5310500
2024-03-06 00:00:00-05:00,69.83399831686424,70.96997664773473,69.23761456822875,70.85637664794922,5327400
2024-03-07 00:00:00-05:00,71.04571675600936,71.45277443281515,70.55345726565736,70.73332214355469,2945100
2024-03-08 00:00:00-05:00,70.72384664776429,70.89424303560801,70.32625748357162,70.43985748291016,2338500
2024-03-11 00:00:00-04:00,70.14639770759295,71.20664277794579,70.11799951128211,70.9131851196289,2336400
2024-03-12 00:00:00-04:00,70.92264216502561,71.98288717251427,70.79958091419898,71.84088897705078,3656000
2024-03-13 00:00:00-04:00,72.13573702637946,72.38303985643047,71.66967216942868,71.8028335571289,3645000
2024-03-14 00:00:00-04:00,71.75527786300499,72.30694334222314,71.18457792551888,72.14524841308594,3869100
2024-03-15 00:00:00-04:00,71.65066368940602,72.63035430857543,71.56505577975636,72.54474639892578,7185000
2024-03-18 00:00:00-04:00,72.44961820636131,72.78252166484164,71.4604141749118,71.66015625,6434600
2024-03-19 00:00:00-04:00,72.20232497698095,72.54473479053054,71.73625286327879,71.8028335571289,5565100
2024-03-20 00:00:00-04:00,71.9360058540697,73.0488651296909,71.7933381004346,72.99179077148438,4132900
2024-03-21 00:00:00-04:00,72.92520506611328,73.69564716666606,72.83009081796226,73.62906646728516,3860800
2024-03-22 00:00:00-04:00,73.65761510070818,73.8383300321789,72.51622211888936,72.64938354492188,2914400
2024-03-25 00:00:00-04:00,72.75400683211328,73.35324046825534,72.63035901766084,72.84912109375,3286800
2024-03-26 00:00:00-04:00,72.96325171489303,73.64808590767333,72.69692891920113,73.61003875732422,3861900
2024-03-27 00:00:00-04:00,73.91440744789865,74.56119447934388,73.55297041084906,74.51363372802734,3474100
2024-03-28 00:00:00-04:00,74.67533347380017,74.85604835800879,74.32340279318076,74.35193634033203,4292900
2024-04-01 00:00:00-04:00,74.19024117495036,74.47559115909309,73.5244342209527,73.84782409667969,2329300
2024-04-02 00:00:00-04:00,73.81928847304641,74.46607546305754,73.58149924520043,74.20925903320312,3335100
2024-04-03 00:00:00-04:00,74.36145229539844,75.09383997021926,73.77173236084985,74.00001525878906,3380800
2024-04-04 00:00:00-04:00,74.4470505464631,75.06530400919237,72.6874116577348,72.87764739990234,4013100
2024-04-05 00:00:00-04:00,73.17250456173946,74.05708081681476,72.94422892529309,73.9144058227539,2999900
2024-04-08 00:00:00-04:00,74.04756927490234,74.41851991572685,73.71466578400238,74.04756927490234,3027600
2024-04-09 00:00:00-04:00,74.27585626783139,74.29488347407714,71.51750641593947,71.83138275146484,4389600
2024-04-10 00:00:00-04:00,71.42236689327494,71.98355322800731,70.6994928867314,71.6411361694336,4501500
2024-04-11 00:00:00-04:00,71.19410459692752,71.20361819943254,70.00515827013596,70.54731750488281,3833900
2024-04-12 00:00:00-04:00,70.3856230232097,71.003876568683,69.61518812038672,70.08125305175781,4176500
2024-04-15 00:00:00-04:00,70.9182670617748,71.18458987370276,69.40593084114714,69.48202514648438,3584500
2024-04-16 00:00:00-04:00,69.91003107781921,70.9182550541961,69.05398842959772,70.20488739013672,4653000
2024-04-17 00:00:00-04:00,69.0920478750488,69.9576042780943,68.01724301563475,69.03498077392578,6222900
2024-04-18 00:00:00-04:00,69.59615820180967,70.00515601532256,69.21569393814035,69.4249496459961,3162100
2024-04-19 00:00:00-04:00,69.84345689404365,70.9658224136812,69.34885846051354,70.60438537597656,3510500
2024-04-22 00:00:00-04:00,71.01337859368417,71.6982054752367,70.50925933422339,71.29872131347656,2769900
2024-04-23 00:00:00-04:00,71.37481521830755,71.98355505864161,71.03239815102572,71.27018737792969,3011200
2024-04-24 00:00:00-04:00,70.80413073941091,71.46993774928495,70.7375500384235,71.30824279785156,2684600
2024-04-25 00:00:00-04:00,71.03239350864483,71.3748105535477,70.56632868626345,70.98483276367188,2987100
2024-04-26 00:00:00-04:00,70.7946257282463,71.36531855692775,70.61390355074185,70.88973999023438,5027200
2024-04-29 00:00:00-04:00,70.9658217674318,72.08818727684853,70.89924107012538,72.0406265258789,3582200
2024-04-30 00:00:00-04:00,71.80283849076201,71.97404703767639,71.42237424686878,71.63162994384766,3377300
2024-05-01 00:00:00-04:00,71.66014814657811,72.8776349176687,71.54601397757766,72.10719299316406,4548300
2024-05-02 00:00:00-04:00,74.39950369914844,75.80721203317263,73.15349031784623,74.28536224365234,6490300
2024-05-03 00:00:00-04:00,73.96197060613586,75.00824185838204,72.49718795029041,74.64680480957031,6715500
2024-05-06 00:00:00-04:00,75.24603028451926,76.21620722425045,74.95117393889791,76.06402587890625,4669100
2024-05-07 00:00:00-04:00,76.29229077011796,76.81542994513488,75.9784072651078,76.35887145996094,3644100
2024-05-08 00:00:00-04:00,76.33033972627386,76.69177672874669,75.95938912309748,75.98792266845703,3137200
2024-05-09 00:00:00-04:00,75.69307370482666,76.38741423181142,75.42675091328445,75.9784164428711,3193300
2024-05-10 00:00:00-04:00,76.25425643000287,76.88202354544137,76.0925614784816,76.19718933105469,4034000
2024-05-13 00:00:00-04:00,76.19718005734269,76.53008352194402,75.0462810758631,75.13188171386719,3745800
2024-05-14 00:00:00-04:00,75.03677438786278,75.72160858199227,74.97019368880864,75.5599136352539,3141000
2024-05-15 00:00:00-04:00,75.1509153854677,75.71209452314326,74.54217549586117,75.0462875366211,2911300
2024-05-16 00:00:00-04:00,75.93086896079339,76.24475252857364,74.83703690312889,74.89410400390625,5725900
2024-05-17 00:00:00-04:00,75.16992931992309,76.82494030887221,74.97970084091791,76.6061782836914,6778800
2024-05-20 00:00:00-04:00,76.71081836205482,76.78691266849694,74.903618496193,74.94166564941406,4312300
2024-05-21 00:00:00-04:00,74.94166398766228,75.51235675981876,74.75142822577526,74.8370361328125,2944300
2024-05-22 00:00:00-04:00,74.69434949925737,75.63599278958446,74.65630235280207,75.05579376220703,2949700
2024-05-23 00:00:00-04:00,74.79898024723835,74.80849384841001,73.29615055917992,73.79075622558594,2887800
2024-05-24 00:00:00-04:00,74.15220743952953,74.38999671707681,73.77174314410334,74.21878814697266,2045600
2024-05-28 00:00:00-04:00,74.12367169769418,74.12367169769418,73.02032599922627,73.58151245117188,3665300
2024-05-29 00:00:00-04:00,73.34371105598309,73.96196450848807,72.70643765795168,73.78124237060547,3747900
2024-05-30 00:00:00-04:00,73.69564425711187,74.81800975718687,73.50540851156849,74.42803192138672,2868200
2024-05-31 00:00:00-04:00,74.67533561753655,74.99872550353682,73.80977929309155,74.9701919555664,6188900
2024-06-03 00:00:00-04:00,74.92263138153217,75.19846777381764,73.4007816799156,74.49461364746094,3435700
2024-06-04 00:00:00-04:00,74.0665939702229,74.34243035527169,72.66839209903662,72.90618133544922,4187600
2024-06-05 00:00:00-04:00,73.02982551697193,73.34370903514545,71.99306798068821,72.19281005859375,4693400
2024-06-06 00:00:00-04:00,72.35450850618341,72.83960057995886,71.72674869607837,71.9264907836914,4163500
2024-06-07 00:00:00-04:00,72.06917177960274,72.95374819135225,72.06917177960274,72.30696105957031,4543600
2024-06-10 00:00:00-04:00,72.01210467457145,72.59231109823259,71.74578184208823,72.30696105957031,4630500
2024-06-11 00:00:00-04:00,71.8789239527508,72.0120853332273,70.15733235033962,70.5853500366211,4068900
2024-06-12 00:00:00-04:00,71.18458337861085,71.39383907081897,70.30952071733303,71.03240203857422,4089200
2024-06-13 00:00:00-04:00,70.87072157613262,71.02290294726033,69.948097975676,70.4902572631836,4322200
2024-06-14 00:00:00-04:00,69.91644946934375,70.64325360709158,69.86863062359963,70.21290588378906,3298200
2024-06-17 00:00:00-04:00,70.22248824471427,70.77715488769235,69.70607522843814,70.74846649169922,3451200
2024-06-18 00:00:00-04:00,70.63369628291643,71.11185560933957,70.32767460585092,70.89189910888672,3919300
2024-06-20 00:00:00-04:00,70.99708756711696,71.6378265448106,70.68150798864096,71.609130859375,4748000
2024-06-21 00:00:00-04:00,71.46568332768172,72.12553811850044,70.94927047217293,71.61869049072266,14037800
2024-06-24 00:00:00-04:00,71.76214341743395,73.10099081960608,71.58044056184355,72.68977355957031,4085800
2024-06-25 00:00:00-04:00,72.78541076218931,73.05317880844608,71.03534593626999,71.25530242919922,5295900
2024-06-26 00:00:00-04:00,70.43287135812497,71.44656681145264,69.77300914243605,71.23617553710938,6713300
2024-06-27 00:00:00-04:00,71.04490875698417,71.77171292656551,70.70063348171574,71.69520568847656,3531400
2024-06-28 00:00:00-04:00,71.24573043182025,71.80995486195604,70.40417275265571,70.99708557128906,9261700
2024-07-01 00:00:00-04:00,71.77171895256473,72.04904494569095,70.7102046473836,71.23617553710938,5714800
2024-07-02 00:00:00-04:00,70.86321452950469,72.14468538725751,70.65282324717715,72.03948974609375,3778700
2024-07-03 00:00:00-04:00,72.12555054144705,72.43157221636929,71.52307242098112,71.86734771728516,2341200
2024-07-05 00:00:00-04:00,71.72388850467682,71.78126528071857,70.39460635474731,70.6528091430664,3485200
2024-07-08 00:00:00-04:00,70.80582845631295,71.82908904387654,70.80582845631295,71.54219055175781,5067800
2024-07-09 00:00:00-04:00,71.49437825153382,73.19662413673886,71.41787101495272,72.44113159179688,4763000
2024-07-10 00:00:00-04:00,72.36462687388263,72.8045325553374,72.1446776812212,72.64196014404297,3280600
2024-07-11 00:00:00-04:00,72.75671653929885,73.67478146550727,72.68977453310026,73.59827423095703,4117800
2024-07-12 00:00:00-04:00,73.73215501477102,74.34419827210982,73.3687566107671,73.7704086303711,3491200
2024-07-15 00:00:00-04:00,73.6939106510231,74.4685336959445,73.6939106510231,74.22945404052734,4072700
2024-07-16 00:00:00-04:00,74.23901205888043,75.023193037705,74.21988889672319,74.87018585205078,3874200
2024-07-17 00:00:00-04:00,74.8988694742572,76.09426767660177,74.8988694742572,75.14751434326172,5191500
2024-07-18 00:00:00-04:00,75.01363615899888,76.37160687134397,74.49722321991013,74.65023040771484,2988900
2024-07-19 00:00:00-04:00,74.51634265961248,74.51634265961248,70.93014795298946,71.16922760009766,7045200
2024-07-22 00:00:00-04:00,71.41787398525634,73.10099677938383,71.41787398525634,72.75672149658203,5171400
2024-07-23 00:00:00-04:00,72.75673130897289,73.73217321104373,72.62284726939714,73.52178192138672,3613900
2024-07-24 00:00:00-04:00,73.49307713113822,73.8756060000736,71.91515010686183,71.9725341796875,4129700
2024-07-25 00:00:00-04:00,72.46981455511305,73.13924188087493,71.80039452548228,71.96296691894531,5303700
2024-07-26 00:00:00-04:00,72.34550756397695,74.3059564250912,72.32637710508146,73.86605072021484,3681500
2024-07-29 00:00:00-04:00,74.18162873644405,74.91799080075991,73.84691870720958,74.57372283935547,3973800
2024-07-30 00:00:00-04:00,74.87974578053672,76.45766555949915,74.73629653804971,75.55873107910156,4736200
2024-07-31 00:00:00-04:00,75.48222078933028,76.44810453378587,75.37702516883853,75.76911926269531,4025100
2024-08-01 00:00:00-04:00,73.13924482142706,73.81823010624565,70.5858687860205,71.63782501220703,11090600
2024-08-02 00:00:00-04:00,70.7675736850876,71.32224020288015,68.55848013859901,68.82624816894531,7453100
2024-08-05 00:00:00-04:00,67.7264727836575,68.11856685288524,65.98597348502808,67.09530639648438,6335200
2024-08-06 00:00:00-04:00,67.11444029009321,68.7019253874852,67.04749827928991,68.12813568115234,4514600
2024-08-07 00:00:00-04:00,68.85494184343376,69.45741995795622,67.42046388836222,67.4969711303711,4821200
2024-08-08 00:00:00-04:00,67.71690996442709,69.46697455277457,67.43957672670007,68.98881530761719,4444600
2024-08-09 00:00:00-04:00,68.92188059748425,69.15139501652709,68.37677929217512,68.91231536865234,3541200
2024-08-12 00:00:00-04:00,69.18964542265158,69.54348591168178,68.27158049298207,68.48197174072266,3998000
2024-08-13 00:00:00-04:00,68.77842424182829,68.77842424182829,67.8412362048441,68.50109100341797,3076700
2024-08-14 00:00:00-04:00,68.70191383544878,70.01207273645034,68.4532762920625,69.72518157958984,2362600
2024-08-15 00:00:00-04:00,70.65281153933522,71.11184765163162,69.87819585197475,70.21290588378906,3019300
2024-08-16 00:00:00-04:00,70.4041782059893,70.738888257939,69.98339568574856,70.34679412841797,6155400
2024-08-19 00:00:00-04:00,70.17466491763228,71.27443290283153,70.06946927493557,71.17880249023438,2307800
2024-08-20 00:00:00-04:00,71.00664961963005,71.2074756319074,70.54761352290238,70.6528091430664,2672300
2024-08-21 00:00:00-04:00,70.71018528118162,71.1692140302726,70.28940284773955,71.1022720336914,2823300
2024-08-22 00:00:00-04:00,71.24573226928659,71.78126832473659,71.15966710157423,71.49437713623047,2726400
2024-08-23 00:00:00-04:00,72.10641445561417,72.27855207291498,71.37961037188511,72.0299072265625,2387700
2024-08-26 00:00:00-04:00,72.24987105294353,72.641957873583,71.28398725204075,71.3509292602539,2552800
2024-08-27 00:00:00-04:00,71.70478070371792,71.78128065611595,71.12142570190265,71.17880249023438,2628400
2024-08-28 00:00:00-04:00,71.0066622589535,72.46026344776104,70.96840863607271,72.22118377685547,2386200
2024-08-29 00:00:00-04:00,72.56546116629364,73.20620024774415,71.79084534512242,72.79498291015625,2435100
2024-08-30 00:00:00-04:00,73.03405969982353,73.74173347508348,72.5845887560326,73.68435668945312,4385400
2024-09-03 00:00:00-04:00,73.39745869811199,73.9712484469489,72.28812552704578,72.70890808105469,3440600
2024-09-04 00:00:00-04:00,73.05318174520366,73.4261454383591,72.71847167392727,73.34008026123047,3128500
2024-09-05 00:00:00-04:00,73.8660397559177,73.8660397559177,70.3180989552018,70.61455535888672,5059400
2024-09-06 00:00:00-04:00,70.4902442517735,71.4752512580612,68.15682449589289,68.76887512207031,7205400
2024-09-09 00:00:00-04:00,69.34267316708367,70.03122382018276,68.78800655251686,69.63912963867188,5544500
2024-09-10 00:00:00-04:00,69.87820190579181,69.90689029727106,67.90818786547358,69.15139770507812,4717000
2024-09-11 00:00:00-04:00,69.01750776135349,69.12270338517656,67.94643565861885,69.00794982910156,3441500
2024-09-12 00:00:00-04:00,69.25658667729091,70.00251396854179,68.70192017492899,69.98339080810547,2814300
2024-09-13 00:00:00-04:00,70.27984892665594,70.59543580250586,69.17052319112057,69.91645050048828,3661600
2024-09-16 00:00:00-04:00,70.48379698224295,70.90688707381057,69.97415356404126,70.19532012939453,4081500
2024-09-17 00:00:00-04:00,70.2337651604593,71.17610892994848,70.1953011014213,70.77224731445312,2675900
2024-09-18 00:00:00-04:00,70.87803135732497,71.26266466415396,70.27223885105164,70.4837875366211,3648100
2024-09-19 00:00:00-04:00,71.44537577741558,71.78192721049808,70.32032193500974,71.0511245727539,5346600
2024-09-20 00:00:00-04:00,70.62802226359383,71.09920157357885,70.2626246381396,70.92611694335938,15499800
2024-09-23 00:00:00-04:00,71.12804288286965,71.65690725141975,70.81071985997758,71.44536590576172,3770500
2024-09-24 00:00:00-04:00,71.00302850937088,71.38766178610898,70.48378202248445,70.59916687011719,4821100
2024-09-25 00:00:00-04:00,71.16650765233643,71.57036932023905,70.17608184645952,70.21453857421875,2789800
2024-09-26 00:00:00-04:00,70.22415348837546,70.79148923875108,70.0510688756149,70.31069946289062,2578900
2024-09-27 00:00:00-04:00,70.41648030336455,71.23382153055393,70.02222912934083,70.52224731445312,2851700
2024-09-30 00:00:00-04:00,70.49340181452332,70.50301966518188,69.40681945076273,70.4164810180664,3475400
2024-10-01 00:00:00-04:00,70.15684822172491,70.35877906164984,69.41643514200018,69.92607116699219,3619800
2024-10-02 00:00:00-04:00,69.8779915683923,70.21454297942613,69.39720174226669,69.66644287109375,3004400
2024-10-03 00:00:00-04:00,69.54144058010962,69.7722176438971,68.72409933798146,69.5606689453125,3303800
2024-10-04 00:00:00-04:00,70.31070699917204,73.24352054451377,69.99338395238699,73.12813568115234,4192600
2024-10-07 00:00:00-04:00,72.464640464765,72.76272779818476,70.58956314765642,70.81072235107422,5018900
2024-10-08 00:00:00-04:00,71.07995944520783,72.12808498239559,70.92611053018523,71.76268005371094,3551700
2024-10-09 00:00:00-04:00,71.56075504295413,72.9454320720612,71.52229097700445,72.69541931152344,2499100
2024-10-10 00:00:00-04:00,74.41664255222595,74.47433497898767,73.14735780957844,73.58968353271484,3434200
2024-10-11 00:00:00-04:00,73.6185305978327,74.89743320516021,73.6185305978327,74.2627944946289,4322900
2024-10-14 00:00:00-04:00,74.49357134894606,74.93589707606192,74.27240481725313,74.63780975341797,2624000
2024-10-15 00:00:00-04:00,74.31087703607002,74.99359773347388,73.67623825752355,74.02240753173828,3340300
2024-10-16 00:00:00-04:00,74.23393906903794,74.71472884885365,73.73392092598833,74.1762466430664,3144900
2024-10-17 00:00:00-04:00,75.48400674130544,76.20519151908861,74.72435789502131,76.14749908447266,5200600
2024-10-18 00:00:00-04:00,76.43596145237802,76.70520257045841,75.15706614149619,75.5320816040039,2658700
2024-10-21 00:00:00-04:00,75.53207513700919,75.78208053309558,74.3877931468698,74.57049560546875,2291200
2024-10-22 00:00:00-04:00,73.85893164678906,74.39742124731173,73.35891344945084,74.07048034667969,2872500
2024-10-23 00:00:00-04:00,74.04162912156534,74.59934704967935,73.76277015750831,74.45510864257812,2485500
2024-10-24 00:00:00-04:00,74.83973399724377,74.90704426856952,74.00315719396414,74.69549560546875,2025200
2024-10-25 00:00:00-04:00,75.01282761860622,75.0224381326158,73.35890951145015,73.86854553222656,3148000
2024-10-28 00:00:00-04:00,74.46472502336138,75.02243560420034,74.35895068265899,74.50318908691406,3389900
2024-10-29 00:00:00-04:00,74.43589122620259,74.75320696497029,73.68585286621845,73.71470642089844,2772500
2024-10-30 00:00:00-04:00,74.03201001109102,74.99358959370235,73.8012329654199,73.88777160644531,2763500
2024-10-31 00:00:00-04:00,73.72430944259081,74.38780174363774,72.95505013021932,72.96466064453125,3509200
2024-11-01 00:00:00-04:00,72.94543447092438,74.032016858722,72.73388576937938,72.8108139038086,3416300
2024-11-04 00:00:00-05:00,72.92619769989294,73.66661814444396,72.59926413776849,73.39737701416016,4528400
2024-11-05 00:00:00-05:00,72.83004355017339,74.06086437760509,71.32998158377485,72.49349212646484,6643000
2024-11-06 00:00:00-05:00,75.75324187868772,76.24364954285574,72.41655939754575,74.06085968017578,7202900
2024-11-07 00:00:00-05:00,73.58969983340816,74.15703572189089,72.94544313762788,73.64739227294922,5037500
2024-11-08 00:00:00-05:00,74.22433709328978,74.22433709328978,72.24347798393511,72.67619323730469,6826100
2024-11-11 00:00:00-05:00,73.29158675293108,74.33970483059373,72.42616378185657,72.48385620117188,4795400
2024-11-12 00:00:00-05:00,72.34925384242031,72.79157961959606,71.83961778037589,71.98385620117188,3900000
2024-11-13 00:00:00-05:00,71.94537747038751,73.29159022966722,71.83960313911251,73.16658020019531,4302300
2024-11-14 00:00:00-05:00,73.3204428040155,73.49352742146267,72.52232999377192,72.83965301513672,3285900
2024-11-15 00:00:00-05:00,72.9742789175955,73.907012350186,72.48387124284028,72.85888671875,5524200
2024-11-18 00:00:00-05:00,72.67619424980528,73.59930986574196,72.52233797901377,73.37814331054688,3277400
2024-11-19 00:00:00-05:00,72.49349055297037,72.77234953692496,71.9069263688367,72.40695190429688,3145100
2024-11-20 00:00:00-05:00,72.63772952612173,72.74350387726795,71.67614985117112,71.79154205322266,3998300
2024-11-21 00:00:00-05:00,71.79154424633906,73.31083460360716,71.66653418956336,73.06082916259766,4108000
2024-11-22 00:00:00-05:00,72.88775088482348,73.96471555246393,72.72427674525241,73.13775634765625,2853100
2024-11-25 00:00:00-05:00,73.7916159220045,74.30125193255579,72.87811824304691,73.03196716308594,6513200
2024-11-26 00:00:00-05:00,73.00311771960851,73.44544343252464,72.5030995812637,73.36852264404297,3640900
2024-11-27 00:00:00-05:00,73.53199009881811,74.6089545103926,73.4646798230947,74.1762466430664,2461600
2024-11-29 00:00:00-05:00,74.06086721771229,74.7243595758035,73.88778257370028,73.9262466430664,1939700
2024-12-02 00:00:00-05:00,73.98393760545561,74.24356087242288,73.03196850861177,73.08966827392578,3544000
2024-12-03 00:00:00-05:00,73.44544314366169,73.46467884290878,72.19539413458124,72.2146224975586,3456600
2024-12-04 00:00:00-05:00,72.30117474229532,73.08005189515026,71.9261592734192,73.04158782958984,3234100
2024-12-05 00:00:00-05:00,73.23389634234329,73.9646914612787,72.96464792685903,73.21466064453125,4392700
2024-12-06 00:00:00-05:00,73.19544146655856,73.50314664373519,71.77230043694782,72.65695190429688,4292800
2024-12-09 00:00:00-05:00,72.6473490113745,73.24352372804277,71.08958726185209,71.23382568359375,4950500
2024-12-10 00:00:00-05:00,71.23382799612352,71.40691264057835,69.93569683084785,70.19532012939453,4323400
2024-12-11 00:00:00-05:00,70.55109908265544,70.85880426639301,69.75298624049321,70.81072235107422,4579300
2024-12-12 00:00:00-05:00,71.12804313694772,71.31074560586005,69.58951726688889,69.67605590820312,4692600
2024-12-13 00:00:00-05:00,70.06068702089215,70.68571519940186,69.67605373132695,70.07030487060547,3613000
2024-12-16 00:00:00-05:00,70.0122994468595,70.63110660951293,69.58686675624905,69.70288848876953,5695100
2024-12-17 00:00:00-05:00,68.9100418953433,69.39348545603588,68.57163287821116,68.86170196533203,6070700
2024-12-18 00:00:00-05:00,68.86170185515657,69.27746361175751,67.65309295535886,67.68209838867188,5767800
2024-12-19 00:00:00-05:00,68.19455321755042,69.57720221230764,68.175218719275,68.73600769042969,6352400
2024-12-20 00:00:00-05:00,68.60063128926917,70.99851435062097,68.31056960860379,70.28302001953125,12134100
2024-12-23 00:00:00-05:00,69.7318958824336,70.16699209911705,69.55785592040769,70.07030487060547,2768900
2024-12-24 00:00:00-05:00,70.20567490128548,70.71812389845695,69.85759494532687,70.42805480957031,1295000
2024-12-26 00:00:00-05:00,70.20567554504504,71.11455181357807,69.95428282415568,70.9114990234375,1653000
2024-12-27 00:00:00-05:00,70.35070521139608,71.3272558398926,70.21534161186659,70.58275604248047,2488700
2024-12-30 00:00:00-05:00,69.6255394030443,70.58275552897098,69.58686303535113,70.14765930175781,3059500
2024-12-31 00:00:00-05:00,70.34103410464972,70.67944310265284,70.14765964200876,70.3893814086914,2063300
2025-01-02 00:00:00-05:00,70.87282673083065,71.01785389309029,70.17666684493204,70.56342315673828,2422000
2025-01-03 00:00:00-05:00,70.65044056470285,70.87282784493532,70.06063883969848,70.3990478515625,2964600
2025-01-06 00:00:00-05:00,70.65043561843761,71.50129355680725,69.91559940357679,70.07030487060547,3789200
2025-01-07 00:00:00-05:00,70.37003596716721,71.00818493968836,69.71255250006779,70.18632507324219,3235400
2025-01-08 00:00:00-05:00,69.48051244849304,69.48051244849304,67.19865814299277,69.06475067138672,6850300
2025-01-10 00:00:00-05:00,66.94726275436165,68.37825895122629,66.94726275436165,68.16554260253906,7175200
2025-01-13 00:00:00-05:00,67.73045118842734,68.53296195663795,67.65309844214366,68.4942855834961,4117800
2025-01-14 00:00:00-05:00,68.49427279228539,70.28301967642116,68.30089833945247,70.18632507324219,4827300
2025-01-15 00:00:00-05:00,71.26925891525043,71.55932804341023,70.33137709453334,70.65045166015625,3856500
2025-01-16 00:00:00-05:00,70.53441388071435,72.26514274575106,70.51507938369893,72.13945007324219,4627400
2025-01-17 00:00:00-05:00,72.3424898809024,73.19334784214635,72.18779178647755,72.60354614257812,4899400
2025-01-21 00:00:00-05:00,72.91295878592574,73.41573682548935,72.62288970906319,72.68090057373047,3965200
2025-01-22 00:00:00-05:00,73.05798698216677,73.28037426114568,72.22646348526621,72.27481079101562,2484700
2025-01-23 00:00:00-05:00,72.26513960449083,72.71957772061575,72.09109963186347,72.12977600097656,3193100
2025-01-24 00:00:00-05:00,71.97507835049318,72.33282185768653,70.93083850821182,71.33692932128906,3628300
2025-01-27 00:00:00-05:00,71.5496427887637,73.61878051710855,71.45295555764498,73.58977508544922,4188800
2025-01-28 00:00:00-05:00,73.7058059023519,74.38262391268043,72.55520790803033,72.68090057373047,2914700
2025-01-29 00:00:00-05:00,72.5455344363725,74.03454138382112,72.5455344363725,72.91295623779297,3340700
2025-01-30 00:00:00-05:00,73.34805536154751,73.49308990064533,72.61321910641149,72.92262268066406,3199800
2025-01-31 00:00:00-05:00,72.51652655621618,72.86460647382702,70.96950879836942,71.22090148925781,4453600
2025-02-03 00:00:00-05:00,70.25401806466708,71.05652872662854,69.36447635370415,70.679443359375,4056200
2025-02-04 00:00:00-05:00,70.42804870162091,71.36593031401708,70.2830215465186,70.31202697753906,2641400
2025-02-05 00:00:00-05:00,70.447394380346,71.04686703529347,70.24434897546777,70.9501724243164,3148500
2025-02-06 00:00:00-05:00,71.72367920375409,72.2167936478325,70.86315034891358,72.11043548583984,3153400
2025-02-07 00:00:00-05:00,72.24581757143683,72.5842266386014,71.87839568986008,72.21681213378906,2904400
2025-02-10 00:00:00-05:00,72.33281894476245,72.93229158047065,72.22646077751159,72.60354614257812,3839700
2025-02-11 00:00:00-05:00,72.71958104446753,74.07322451824531,72.56488293770738,73.41574096679688,4672900
2025-02-12 00:00:00-05:00,72.74858168423364,74.42129957497251,71.18222933898026,74.31494140625,5532400
2025-02-13 00:00:00-05:00,74.57600169671498,74.69203080797384,72.54554019864702,73.87017822265625,3641300
2025-02-14 00:00:00-05:00,73.58009528680384,73.7831406607258,71.50128687270458,71.87837219238281,5336400
2025-02-18 00:00:00-05:00,71.88805086334605,73.12566511001134,71.39493640117814,72.96129608154297,4305400
2025-02-19 00:00:00-05:00,72.63256385801444,73.29971096148576,71.3659367015715,72.78726196289062,4189900
2025-02-20 00:00:00-05:00,72.56487432161468,73.80248853579988,72.29413975759441,73.72513580322266,5043800
2025-02-21 00:00:00-05:00,73.87017854598176,75.23348556961436,73.55110402119588,74.11190032958984,5936200
2025-02-24 00:00:00-05:00,74.41162638589765,76.38407685054088,74.39229189069844,75.96831512451172,4967900
2025-02-25 00:00:00-05:00,76.38408499736757,77.59269393719933,76.2487213862475,76.4034194946289,6206400
2025-02-26 00:00:00-05:00,76.38408395242662,76.68381660484019,75.25282777064302,75.5815658569336,3684600
2025-02-27 00:00:00-05:00,75.9103043700704,77.84407847030164,75.67824616677346,77.05123138427734,4883300
2025-02-28 00:00:00-05:00,77.35096832780309,80.2516296400957,77.34129739126841,80.19361877441406,10011800
2025-03-03 00:00:00-05:00,80.1936181062163,80.99612878959047,79.1203728394696,79.8552017211914,7009000
2025-03-04 00:00:00-05:00,78.97532995705822,79.42976802447454,76.77082879124161,77.20592498779297,8103800
2025-03-05 00:00:00-05:00,78.15347498787877,79.25572553553194,77.26394075236254,78.6175765991211,4689200
2025-03-06 00:00:00-05:00,78.23083378756614,79.01400992780351,77.6893720300727,78.58857727050781,4287300
2025-03-07 00:00:00-05:00,78.04712768270527,79.10103107802895,77.56368413400344,78.82063293457031,4439100
2025-03-10 00:00:00-04:00,78.20182635763456,80.18394787259801,77.83441191355315,79.20738983154297,5444400
2025-03-11 00:00:00-04:00,79.20738482212361,79.44910658296513,77.99877601791606,78.92698669433594,6174600
2025-03-12 00:00:00-04:00,79.00434542476869,79.04302179465044,76.86752578195365,77.7183837890625,4357000
2025-03-13 00:00:00-04:00,78.07612732135195,79.39109426637889,77.51533107605111,78.84963989257812,6233900
2025-03-14 00:00:00-04:00,78.8496358899033,80.7737389077821,77.93108883610546,80.37731170654297,6241300
2025-03-17 00:00:00-04:00,80.28017296673121,81.89296959688038,80.14415486689099,81.5140609741211,4710100
2025-03-18 00:00:00-04:00,81.53348008363857,82.57305111212952,81.17400689278459,81.65007019042969,6080300
2025-03-19 00:00:00-04:00,81.67922037082583,82.1261380195401,80.84367642379434,81.2808837890625,6745900
2025-03-20 00:00:00-04:00,80.72708141814167,82.25244084376833,80.72708141814167,81.32945251464844,5679400
2025-03-21 00:00:00-04:00,80.90195880545313,81.60148458238915,80.24129639528348,80.81452178955078,15949400
2025-03-24 00:00:00-04:00,81.48490927090957,81.99983595542619,80.98941056532017,81.8055191040039,4379700
2025-03-25 00:00:00-04:00,82.07756520075378,82.47590178657306,80.93112168588115,81.53348541259766,3492400
2025-03-26 00:00:00-04:00,81.82496782290775,82.68965756839411,81.24203199855296,81.79582214355469,6965100
2025-03-27 00:00:00-04:00,82.1650000071603,82.63135303977477,81.19343798394098,82.0192642211914,5337700
2025-03-28 00:00:00-04:00,82.23300966289322,82.48561786628633,80.55221150120417,81.24201965332031,5574900
2025-03-31 00:00:00-04:00,82.11641983556993,85.02139565359089,81.9026824145745,84.46760559082031,9834100
2025-04-01 00:00:00-04:00,84.49675445359509,84.95338981269852,83.81665655681729,84.34130096435547,6705600
2025-04-02 00:00:00-04:00,83.57376575852747,85.56547096124656,83.37945631006087,85.22542572021484,4944200
2025-04-03 00:00:00-04:00,83.5543401432025,84.98253760838334,83.1851492156959,83.74864959716797,6291100
2025-04-04 00:00:00-04:00,81.77637366996248,82.15528226581314,76.04415625366657,76.70481872558594,6406300
2025-04-07 00:00:00-04:00,75.5680920574916,78.66737724570345,73.92614988631782,75.3543472290039,10099700
2025-04-08 00:00:00-04:00,76.79226241418,78.91026789949072,74.46051209997272,75.46121978759766,7738800
2025-04-09 00:00:00-04:00,74.35364136536106,81.17401100319601,74.35364136536106,80.46476745605469,7565200
2025-04-10 00:00:00-04:00,78.84225825180356,80.7076555239244,77.37519754759036,79.03656768798828,4402300
2025-04-11 00:00:00-04:00,78.82281541221298,80.37732040451425,77.85125349823926,79.63893127441406,4039600
2025-04-14 00:00:00-04:00,80.63964740776578,81.53348268438674,79.05600398859407,79.18230438232422,6105600
2025-04-15 00:00:00-04:00,79.61949920654297,80.40646943014237,79.2211626596601,79.61949920654297,4550000
2025-04-16 00:00:00-04:00,80.03727217628975,80.54248855011116,78.3564741242709,78.66737365722656,3468300
2025-04-17 00:00:00-04:00,78.99770618533717,79.82353983971505,78.3759070799343,78.8325424194336,4021400
2025-04-21 00:00:00-04:00,78.78395924657153,78.87140368128425,76.37448963066512,77.12258911132812,3637500
2025-04-22 00:00:00-04:00,78.24960450861322,79.60979279351749,77.65695109456513,79.31832122802734,3545000
2025-04-23 00:00:00-04:00,79.94012248588687,80.02756692287927,78.85197775837271,79.32804107666016,3086100
2025-04-24 00:00:00-04:00,79.30861263754373,80.48420190510562,78.90055832895477,80.10529327392578,2620800
2025-04-25 00:00:00-04:00,79.72637925292366,79.98870515673276,78.49249871395881,78.91027069091797,2657600
2025-04-28 00:00:00-04:00,79.15314955205693,79.93039462826285,78.80338667341408,79.60006713867188,3055500
2025-04-29 00:00:00-04:00,79.2600365243625,80.20245293103068,79.2600365243625,79.6680908203125,3331600
2025-04-30 00:00:00-04:00,79.03656506428356,79.61950076591641,77.72495788250227,79.20172882080078,5777400
2025-05-01 00:00:00-04:00,78.30789622473175,79.0948664902814,78.0650057231585,78.54106903076172,5974900
2025-05-02 00:00:00-04:00,78.33704458269985,81.70836604602435,76.21903903992259,81.2808837890625,5783300
2025-05-05 00:00:00-04:00,81.03798769562418,81.65978676511753,80.29959852093972,80.68822479248047,2619000
2025-05-06 00:00:00-04:00,80.16359356424518,80.94083882216799,79.97899438723925,80.18302154541016,2482300
2025-05-07 00:00:00-04:00,80.35789522914627,80.81453057274311,79.20173403258661,79.36690521240234,3325100
2025-05-08 00:00:00-04:00,79.8818284903256,80.6396456611525,79.37661210148784,79.49320220947266,3710000
2025-05-09 00:00:00-04:00,79.79438554780046,80.55221014522289,79.35718560643706,80.0664291381836,4926000
2025-05-12 00:00:00-04:00,80.6202272294858,81.11571856912876,79.16288406303576,81.0962905883789,5265100
2025-05-13 00:00:00-04:00,81.2711617871582,82.18442501552121,81.03798898549422,81.26144409179688,3285800
2025-05-14 00:00:00-04:00,81.29058978558406,81.37803421899828,79.33775552596623,79.56121063232422,4188400
2025-05-15 00:00:00-04:00,79.80410690492269,80.97969610640355,79.53207071448814,80.86311340332031,2856900
2025-05-16 00:00:00-04:00,80.89226023869725,81.9609770360519,80.79510551392507,81.93183135986328,2570100
2025-05-19 00:00:00-04:00,81.9318256666058,82.17471616787351,81.46547264270268,81.94153594970703,2035300
2025-05-20 00:00:00-04:00,81.57233659978081,82.16498995442898,81.46546419730792,81.68892669677734,2172000
2025-05-21 00:00:00-04:00,81.46548121223125,81.58207133357887,80.24131088158856,80.2801742553711,2644100
2025-05-22 00:00:00-04:00,80.39675111215499,80.54248688668707,79.08514396622505,79.68750762939453,3172800
2025-05-23 00:00:00-04:00,78.93940856958018,79.69722570585944,78.8228184669105,79.29888916015625,3313900
2025-05-27 00:00:00-04:00,79.71666487683567,81.01855439579683,79.29889292132444,80.8048095703125,2840900
2025-05-28 00:00:00-04:00,80.62992968874015,81.09628271821542,80.28988446538835,80.38703918457031,3288000
2025-05-29 00:00:00-04:00,80.24129815425297,81.39745925050138,80.24129815425297,81.21286010742188,3004400
2025-05-30 00:00:00-04:00,80.90196669346292,82.50504551983794,80.74652062367062,82.2330093383789,7861700
2025-06-02 00:00:00-04:00,81.71807309448111,83.32115173339844,81.57233732504697,83.32115173339844,3300300
2025-06-03 00:00:00-04:00,83.07827072379787,83.44746162433677,81.56262892634192,83.11713409423828,3187300
2025-06-04 00:00:00-04:00,83.11713554133712,83.24343593814488,82.41760968609076,82.59249114990234,3686800
2025-06-05 00:00:00-04:00,82.92282042000382,83.03941053579328,81.99983942706889,82.99082946777344,2838800
2025-06-06 00:00:00-04:00,83.79721747217026,84.9728065321434,83.67091708822302,84.85621643066406,3823900
2025-06-09 00:00:00-04:00,84.22470522819944,84.4578780135509,80.48418590574882,82.75764465332031,6854600
2025-06-10 00:00:00-04:00,82.32045767138234,82.78680331526093,81.49462397974295,81.93183135986328,3328100
2025-06-11 00:00:00-04:00,82.13585787884402,82.43703974706858,81.53348672996458,81.99983978271484,3499800
2025-06-12 00:00:00-04:00,81.34888298718057,83.43773518945122,81.33916529248079,83.36001586914062,3526500
2025-06-13 00:00:00-04:00,83.01817438806593,83.82882423221784,82.4126273746915,82.63726806640625,3429700
2025-06-16 00:00:00-04:00,83.33070931776244,83.8776501750145,82.71540085335387,83.44791412353516,3468600
2025-06-17 00:00:00-04:00,83.12561145134862,83.77998822335499,81.71918350428113,82.25636291503906,3385300
2025-06-18 00:00:00-04:00,82.22706873513184,83.07677946355227,82.05126523071533,82.2856674194336,4097200
2025-06-20 00:00:00-04:00,82.64704549847818,83.51629411183707,82.46147305803817,83.14514923095703,9182800
2025-06-23 00:00:00-04:00,83.02794923966417,83.94602757840114,82.47123938742057,83.81906127929688,3886100
2025-06-24 00:00:00-04:00,83.99486350516672,84.14136766437329,83.37955497831238,83.46745300292969,3174900
2025-06-25 00:00:00-04:00,83.17445697426581,83.53582547628352,81.81685864139071,81.94383239746094,5057000
2025-06-26 00:00:00-04:00,82.28566236827464,83.22327851710277,81.9731236519986,82.98887634277344,5110700
2025-06-27 00:00:00-04:00,83.03771144203553,83.63348957261452,82.5103083786976,82.61773681640625,8170500
2025-06-30 00:00:00-04:00,82.62749829309047,83.67255029725499,82.5103009347049,83.59441375732422,4597200
2025-07-01 00:00:00-04:00,83.85812810269499,84.45390621778874,82.96934166979705,83.8678970336914,3622900
2025-07-02 00:00:00-04:00,83.56512280854395,83.82883179441177,80.18579535807973,80.43973541259766,5205300
2025-07-03 00:00:00-04:00,80.79134187534136,81.7289580877337,80.6741370544756,81.24061584472656,2804200
2025-07-07 00:00:00-04:00,81.12340792276157,81.39687837614981,80.42996285838107,81.09410858154297,4335100
2025-07-08 00:00:00-04:00,80.85971032611239,81.61175410944264,80.65460747611323,81.26014709472656,4205800
2025-07-09 00:00:00-04:00,81.32851262454032,81.47501678549803,80.73274195259836,81.1331787109375,2852200
2025-07-10 00:00:00-04:00,80.95737390584276,81.07457872302585,80.22486056434835,80.53739929199219,3287100
2025-07-11 00:00:00-04:00,80.00998809508619,80.53739859055001,79.6974493701644,79.87325286865234,3324200
2025-07-14 00:00:00-04:00,79.37514621793792,80.25416376025132,78.88680396682064,79.72675323486328,6953300
2025-07-15 00:00:00-04:00,79.4923483022,79.86348571771916,78.84774042771816,79.1798095703125,4796300
2025-07-16 00:00:00-04:00,79.75606123041959,80.01976277132955,78.63287254563102,79.10167694091797,4054600
2025-07-17 00:00:00-04:00,79.00400997952582,79.25795004035463,77.75385499007861,79.10167694091797,3999300
2025-07-18 00:00:00-04:00,79.277475306778,79.64862016809634,78.98447444161782,79.31654357910156,2967400
2025-07-21 00:00:00-04:00,79.43375540519455,80.02953357055522,78.89657592773438,78.89657592773438,2928800
2025-07-22 00:00:00-04:00,78.99423410530663,79.66814874725323,78.7207636568387,79.52164459228516,3329900
2025-07-23 00:00:00-04:00,79.08213971310263,79.16027625608632,76.13254855331077,77.65618133544922,5584000
2025-07-24 00:00:00-04:00,77.19714088533189,77.77338114204252,76.79669667859174,77.3827133178711,6072100
2025-07-25 00:00:00-04:00,77.45108634988631,78.4277708816553,77.40224914269321,78.23242950439453,4476800
2025-07-28 00:00:00-04:00,78.09568880334396,78.35939778132189,76.94320083841158,77.3827133178711,4499300
2025-07-29 00:00:00-04:00,77.87106032685499,78.26172817499324,76.50370050383643,77.07994079589844,4504400
2025-07-30 00:00:00-04:00,76.7380984245852,77.1287737024534,75.05819994580975,75.60514831542969,4479500
2025-07-31 00:00:00-04:00,75.41957059482068,76.6990247749239,75.41957059482068,75.82000732421875,5026500
2025-08-01 00:00:00-04:00,75.59538723248988,75.80049009807408,74.58940331730992,75.2047119140625,4438100
2025-08-04 00:00:00-04:00,75.60515045255714,76.48416053821859,75.31214212299574,76.46463012695312,4757900
2025-08-05 00:00:00-04:00,76.81623259870028,77.27527547715877,76.25952276666807,76.61112976074219,2788800
2025-08-06 00:00:00-04:00,77.24597414768061,77.46084593164541,76.84553737425558,77.2166748046875,4238500
2025-08-07 00:00:00-04:00,76.064188514469,76.49393209215617,73.50527981481581,74.81403350830078,5966900
2025-08-08 00:00:00-04:00,75.46840797334963,76.84553669392575,74.95076638102347,76.30835723876953,4170700
2025-08-11 00:00:00-04:00,76.85530566093175,77.25574243099707,76.57206626185561,76.79669952392578,3839900
2025-08-12 00:00:00-04:00,77.04086771389967,77.15807253193522,76.17161913845825,76.65019989013672,5093700
2025-08-13 00:00:00-04:00,76.67949149284281,78.21288564603803,76.62088536398436,78.02731323242188,4293700
2025-08-14 00:00:00-04:00,78.20312071529344,78.56449663094509,77.75384677912449,78.4375228881836,2524100
2025-08-15 00:00:00-04:00,78.58403630743572,78.7793776841384,78.10546297465946,78.14453125,3437800
2025-08-18 00:00:00-04:00,77.93941860009585,78.67193190479031,77.50967507685834,78.50588989257812,3330000
2025-08-19 00:00:00-04:00,78.62309463405514,79.43374447889305,78.18358963223301,79.3946762084961,2671900
2025-08-20 00:00:00-04:00,79.726748802937,80.90853609076514,79.59001357634604,80.60576629638672,3424400
2025-08-21 00:00:00-04:00,80.71321251442924,80.85971669067769,80.24440809224853,80.66437530517578,3459700
2025-08-22 00:00:00-04:00,81.28945451856977,81.82662652467779,81.06481380406217,81.43595123291016,3123700
2025-08-25 00:00:00-04:00,81.27968532664929,81.39688269774604,80.75227480217977,80.85971069335938,2445300
2025-08-26 00:00:00-04:00,80.37137027438594,81.0062167045003,80.14672955547968,80.65460968017578,4164200
2025-08-27 00:00:00-04:00,80.59599794597315,80.95737387685834,80.07835637707753,80.29322814941406,4508300
2025-08-28 00:00:00-04:00,80.3029957651803,80.3029957651803,79.38491000805558,79.69744873046875,3269600
2025-08-29 00:00:00-04:00,80.04906586630466,80.23463831770515,79.2970220316759,79.42398834228516,4039900
2025-09-02 00:00:00-04:00,79.48257852838067,79.55094614239647,78.03708970304342,79.1602783203125,6011600
2025-09-03 00:00:00-04:00,78.74030539712288,79.55094785172554,78.57426337250723,79.44351196289062,3612200
2025-09-04 00:00:00-04:00,79.7755875397119,80.03928906706129,79.34584398987175,79.82442474365234,3464500
2025-09-05 00:00:00-04:00,79.56071445234451,79.66815033803226,77.00179850920765,77.36317443847656,4665600
2025-09-08 00:00:00-04:00,77.08970662689386,77.30457840563437,76.32789392154932,76.93343353271484,5387000
2025-09-09 00:00:00-04:00,76.83576487097079,77.42177405812632,76.61113161745821,76.65019989013672,3999600
2025-09-10 00:00:00-04:00,76.33765430226086,77.07992906193547,75.90791079291525,76.18138122558594,4137000
2025-09-11 00:00:00-04:00,76.23999005784134,76.99204129936042,76.07395548039322,76.88460540771484,3960700
2025-09-12 00:00:00-04:00,76.84553530052963,77.18737337874371,76.61113311139873,77.08970642089844,4754200
2025-09-15 00:00:00-04:00,77.02134328242059,77.08971090203754,75.02890593021165,75.2340087890625,5193200
2025-09-16 00:00:00-04:00,74.93927170362825,75.36171415535725,74.56595343047367,74.99821472167969,5740400
2025-09-17 00:00:00-04:00,75.04734459867585,76.1083639759498,74.94910372936482,75.45014190673828,6869700
2025-09-18 00:00:00-04:00,75.09647340405809,76.76659077105461,75.01787770565163,76.65852355957031,8328100
2025-09-19 00:00:00-04:00,76.54063030916573,76.74693837660718,75.21435238300309,75.6269760131836,13509200
2025-09-22 00:00:00-04:00,75.31260299321339,75.48943206033094,74.6936712771105,75.18488311767578,5241300
2025-09-23 00:00:00-04:00,75.11611859339943,75.88240791474301,74.96875353268759,75.35189819335938,5096300
2025-09-24 00:00:00-04:00,75.16523166265502,76.57991654849725,74.90979942821656,76.53079986572266,4273200
2025-09-25 00:00:00-04:00,76.62904052396031,77.09078081354455,75.45995404567658,75.74485778808594,3001400
2025-09-26 00:00:00-04:00,76.22625336843285,76.91395447440574,76.06906946969215,76.60940551757812,3152700
2025-09-29 00:00:00-04:00,76.45220417892664,76.84517511760951,76.07888590959138,76.53079986572266,4056400
2025-09-30 00:00:00-04:00,76.43256213345431,77.38550676749789,76.32449493351062,77.15955352783203,3969300
2025-10-01 00:00:00-04:00,77.0613137308669,78.33845998244,76.90412234866227,78.24021911621094,3850700
2025-10-02 00:00:00-04:00,77.95531535743831,78.68230676189054,77.42480568544418,78.24021911621094,2727300
2025-10-03 00:00:00-04:00,78.28934473844444,80.00858616264962,78.28934473844444,79.59596252441406,3753700
2025-10-06 00:00:00-04:00,80.14612134731635,81.7081713176298,79.89068910542889,81.56080627441406,5067200
2025-10-07 00:00:00-04:00,81.75729472768766,82.64147748336329,81.40362162541741,82.57270812988281,5923100
2025-10-08 00:00:00-04:00,83.01479425884428,83.2014571414717,81.67869756227343,82.5235824584961,3485700
2025-10-09 00:00:00-04:00,82.76919503235315,83.01480095233046,81.32503102363891,81.70817565917969,4137300
2025-10-10 00:00:00-04:00,82.09132008802281,82.21903996308005,79.7236829229579,79.87104797363281,5021100
2025-10-13 00:00:00-04:00,79.68437713066618,80.67662704461694,79.40929972766132,80.38189697265625,2726800
2025-10-14 00:00:00-04:00,80.1952350377018,81.65905158495467,79.93981030064724,81.45274353027344,3483500
2025-10-15 00:00:00-04:00,80.76504844423074,81.27591294641083,79.05563336911554,79.83174896240234,5347900
2025-10-16 00:00:00-04:00,76.93359482255065,78.32864212354703,75.59749803826813,75.66626739501953,10396800
2025-10-17 00:00:00-04:00,75.83327970469557,76.8353484737725,75.83327970469557,76.00028991699219,4031600
2025-10-20 00:00:00-04:00,76.14765685685632,76.67816651089674,75.75468590994147,76.32449340820312,2760400
2025-10-21 00:00:00-04:00,76.34414304752332,77.21849952051298,75.99046992414573,77.00236511230469,2643300
2025-10-22 00:00:00-04:00,77.2774433454372,77.965136861727,76.6585116854792,77.55252075195312,5152800
2025-10-23 00:00:00-04:00,77.88654617019805,77.88654617019805,77.16938109940511,77.46410369873047,3207000
2025-10-24 00:00:00-04:00,77.53287738783114,78.33846453015171,77.26762628408451,77.6114730834961,2634300
2025-10-27 00:00:00-04:00,77.85707260574951,78.24021722147262,77.54269734425112,77.916015625,2822400
2025-10-28 00:00:00-04:00,77.76865450004335,77.85706902485262,76.67816372227969,77.0121841430664,2604700
2025-10-29 00:00:00-04:00,76.62905069418389,77.13990773421389,76.10836731820189,76.60940551757812,2845000
2025-10-30 00:00:00-04:00,76.78623283669623,79.0359763042584,75.84309957669187,76.81570434570312,2770000
2025-10-31 00:00:00-04:00,76.45220414013635,78.01426155940149,76.4227326314271,77.5721664428711,3250100
2025-11-03 00:00:00-05:00,77.62129062091799,77.9061943639361,77.04165680021296,77.5721664428711,4197200
2025-11-04 00:00:00-05:00,77.61146880167459,79.84156720222211,77.56234462076965,79.29141235351562,5270900
2025-11-05 00:00:00-05:00,80.55873539186368,80.68644776186085,74.93927118723245,74.97856903076172,7972100
2025-11-06 00:00:00-05:00,75.34207495835928,76.1083642350106,74.81156526791652,74.93927764892578,4023900
2025-11-07 00:00:00-05:00,75.19470572477731,76.12800517745626,75.02769550613749,75.57785034179688,4259500
2025-11-10 00:00:00-05:00,75.26347475539636,75.98063980660979,74.3399941464009,75.56802368164062,4416000
2025-11-11 00:00:00-05:00,75.80381155822185,75.99046695276856,74.79190891433245,74.81156158447266,4581900
2025-11-12 00:00:00-05:00,74.75261083730639,76.77640862350549,74.1336866451669,76.62904357910156,4892900
2025-11-13 00:00:00-05:00,76.73711317998442,77.84724922467822,76.53080510948192,76.97289276123047,4681600
2025-11-14 00:00:00-05:00,77.09078433132848,77.47392895180805,76.05923650985422,76.38343811035156,4337700
2025-11-17 00:00:00-05:00,76.6093999082087,77.19885260209821,75.06699506980394,75.1161117553711,4019400
2025-11-18 00:00:00-05:00,75.42066296293008,76.42273931851075,75.01787314983038,75.71539306640625,2422200
2025-11-19 00:00:00-05:00,75.4992511778257,75.9806366368741,73.77018356565755,74.41858673095703,3518300
2025-11-20 00:00:00-05:00,75.11611258289037,75.8431039968531,74.02562171429739,74.35964965820312,3270300
2025-11-21 00:00:00-05:00,74.74279435617403,75.5876793091007,74.17298683065647,74.6249008178711,5545900
2025-11-24 00:00:00-05:00,74.66418942432455,74.66418942432455,73.485284168375,73.78983306884766,4706300
2025-11-25 00:00:00-05:00,74.19262762866985,74.89997382615832,73.63264647154104,73.69159698486328,4063300
2025-11-26 00:00:00-05:00,74.1140461210258,75.1161149943166,73.96668106737475,74.70349884033203,3134100
2025-11-28 00:00:00-05:00,74.70349470916807,75.41084093133793,74.4775339733592,74.8213882446289,1427800
2025-12-01 00:00:00-05:00,74.73296386085613,76.12800359094689,74.73296386085613,75.26347351074219,3973400
2025-12-02 00:00:00-05:00,75.20453257330202,75.66626538764184,74.57578204388444,75.59749603271484,4289800
2025-12-03 00:00:00-05:00,75.4894323210348,76.02976834564183,74.69367153506617,75.71539306640625,3808000
2025-12-04 00:00:00-05:00,75.29294141263303,76.53079720306258,75.22417206290343,75.92169189453125,3455800
2025-12-05 00:00:00-05:00,75.17505588509482,75.92169997252753,75.10628652804824,75.67609405517578,4223000
2025-12-08 00:00:00-05:00,75.45013533027621,75.45013533027621,74.2221058326825,74.96874237060547,4153700
2025-12-09 00:00:00-05:00,75.0964654143005,75.96099551889642,74.91962885934934,75.07681274414062,3672400
2025-12-10 00:00:00-05:00,74.96874246074407,81.23660982098873,74.89997310860802,79.6549072265625,13424400
2025-12-11 00:00:00-05:00,79.00650903169199,83.50601119868058,79.00650903169199,81.393798828125,10529100
2025-12-12 00:00:00-05:00,82.06184516901239,83.4961827790662,81.52151666604074,83.40776824951172,6717600
2025-12-15 00:00:00-05:00,83.54530154796068,85.05823474982728,82.72988818349349,84.78315734863281,7679300
2025-12-16 00:00:00-05:00,85.19793836909881,85.36583154277395,83.272173604048,83.48944091796875,5994900
2025-12-17 00:00:00-05:00,83.67708285754618,85.26706882155104,83.41043386682881,85.0695571899414,7404500
2025-12-18 00:00:00-05:00,84.51652196533925,85.73123286390931,83.87459783512132,85.11894226074219,4960800
2025-12-19 00:00:00-05:00,85.24732703201586,85.76086183326413,84.60540287951576,84.96092987060547,10255400
2025-12-22 00:00:00-05:00,85.05967443696103,85.75098017685293,84.4572542003716,85.35594940185547,3037400
2025-12-23 00:00:00-05:00,85.33620584499417,85.91887043016077,84.87204522449292,85.51396179199219,2086200
2025-12-24 00:00:00-05:00,85.4942211568803,86.2052751457103,85.29670950868815,85.44483947753906,1170200
2025-12-26 00:00:00-05:00,85.3460749565681,85.59296825894275,85.05967782166323,85.40533447265625,1174500
2025-12-29 00:00:00-05:00,85.3263268075958,85.70160191475445,85.20781531000515,85.40533447265625,1806200
2025-12-30 00:00:00-05:00,85.38557808878556,85.63247138913525,85.03992897521312,85.05967712402344,1714400
2025-12-31 00:00:00-05:00,85.00042746372576,85.31645059541813,84.46713701626004,84.48689270019531,1923500
2026-01-02 00:00:00-05:00,84.17087051947598,84.23012250277968,82.6401289843862,83.22279357910156,3053200
2026-01-05 00:00:00-05:00,82.52161876027695,84.62515461514253,82.44261862617806,83.33142852783203,2984700
2026-01-06 00:00:00-05:00,78.69970952909604,79.47989324944962,76.09251692328469,77.09983825683594,12729300
2026-01-07 00:00:00-05:00,76.46779349677918,77.3763590362736,76.06288486648685,76.11226654052734,8419300
2026-01-08 00:00:00-05:00,76.68506013132065,78.14666424117512,76.11226586967622,76.93195343017578,7042600
2026-01-09 00:00:00-05:00,77.0307080347143,77.3763571407735,74.11737016774838,74.49264526367188,9380400
2026-01-12 00:00:00-05:00,74.51239644682546,75.09506856470122,73.07054044955012,73.16929626464844,8420300
2026-01-13 00:00:00-05:00,73.1495493838737,73.39644269319346,71.21390674295712,71.39167022705078,8388700
2026-01-14 00:00:00-05:00,71.6583086578532,73.22855395675806,71.35216337830087,72.1323471069336,11677200
2026-01-15 00:00:00-05:00,71.89533551033556,73.34706185669349,71.77682400805521,73.11004638671875,7061900
2026-01-16 00:00:00-05:00,72.68539207851215,73.0606747479634,71.8953379733353,72.02371978759766,5744600
2026-01-20 00:00:00-05:00,71.81632949108123,72.794024919938,71.3422910056617,71.53981018066406,4154000
2026-01-21 00:00:00-05:00,71.74719316486551,72.38911723995419,70.81887196290386,70.99663543701172,3791200
2026-01-22 00:00:00-05:00,70.72999472115828,71.49042276375557,70.4732235815628,71.41141510009766,5589000
2026-01-23 00:00:00-05:00,70.92750855465363,71.52992882328212,70.36459211908439,71.42129516601562,3859700
2026-01-26 00:00:00-05:00,71.89532867338278,73.47544421392834,71.89532867338278,72.8730239868164,4053300
2026-01-27 00:00:00-05:00,72.88290417491294,73.07053795682307,72.16197243357625,72.95203399658203,2973100
2026-01-28 00:00:00-05:00,72.57676027942762,73.27793642380452,72.36937078894316,72.4780044555664,3293400
2026-01-29 00:00:00-05:00,73.1001647982227,73.71246289341241,72.37924058307547,73.43594360351562,3470200
2026-01-30 00:00:00-05:00,73.4655693934154,73.98898198137515,72.66563751631357,73.94947814941406,3389100
2026-02-02 00:00:00-05:00,73.89022885293656,74.31488564371263,72.66564015599994,73.00141143798828,3405000
2026-02-03 00:00:00-05:00,73.03103778567437,74.28526001471621,72.58663284332508,73.20880126953125,4320500
2026-02-04 00:00:00-05:00,73.82109582457248,76.55667024091427,73.68283618097892,75.42096710205078,5515400
2026-02-05 00:00:00-05:00,75.13457137274106,76.00363308217125,74.72966274139993,75.01605987548828,3548300
2026-02-06 00:00:00-05:00,75.23332639116764,76.22089958741053,75.02593692410689,75.76661682128906,3099800
2026-02-09 00:00:00-05:00,75.61848380823822,76.16165211213782,73.70258928312258,73.96923828125,4007900
2026-02-10 00:00:00-05:00,73.75196243110345,74.46301629776988,73.63345094179735,74.06798553466797,3895400
2026-02-11 00:00:00-05:00,75.1148189517812,79.06511195009035,75.1148189517812,77.46524810791016,7591300
2026-02-12 00:00:00-05:00,77.52449529330276,79.00585507597734,76.82331923365372,77.82077026367188,5059200
2026-02-13 00:00:00-05:00,77.52450081659966,78.27505860297948,75.92462942487619,77.29735565185547,4036600
2026-02-17 00:00:00-05:00,78.00840618437093,78.68983411414828,77.33685609643278,78.41331481933594,3324100
2026-02-18 00:00:00-05:00,78.5812022256204,78.92685135191238,78.02816362355325,78.79846954345703,2842700
2026-02-19 00:00:00-05:00,78.7095825040135,79.20336911328481,77.55412364661919,78.55157470703125,3497400
2026-02-20 00:00:00-05:00,79.00585691641963,79.46013968953876,78.11703951919277,79.44039154052734,4609900
2026-02-23 00:00:00-05:00,79.2428704764756,80.37858114932096,78.91697705079855,78.9861068725586,3647900
2026-02-24 00:00:00-05:00,78.67996133572096,79.19350366020898,77.86027370578682,78.84784698486328,3253300
2026-02-25 00:00:00-05:00,78.85771673207591,79.44038882490072,77.94915121689647,79.15399169921875,2559100
2026-02-26 00:00:00-05:00,79.5984024066252,80.3489601859655,79.28237926815338,79.35150909423828,3916200
2026-02-27 00:00:00-05:00,79.47989867431076,80.02305944241976,78.61082938999877,79.4897689819336,8279500
2026-03-02 00:00:00-05:00,79.88480093940156,80.60573273929964,79.55889995309477,80.11194610595703,2742600
2026-03-03 00:00:00-05:00,78.83797314682802,79.30213377274391,76.62580367584954,78.0775375366211,4937000
2026-03-04 00:00:00-05:00,77.90965281908952,78.54169909412704,77.20847671817559,77.32698822021484,3070600
2026-03-05 00:00:00-05:00,78.19604973475296,79.31200478764312,77.60350729547133,79.07498931884766,4424000
2026-03-06 00:00:00-05:00,78.6700891545957,78.72934113886184,76.41841580286423,77.74176788330078,4683400
2026-03-09 00:00:00-04:00,77.34673187336057,77.5541213389332,75.549348970479,76.65543365478516,6020400
2026-03-10 00:00:00-04:00,76.56655108636367,78.24543009307187,76.2999096302824,77.08009338378906,3705600
2026-03-11 00:00:00-04:00,77.0702208326726,77.82077864642746,76.01351770858811,77.00109100341797,5011800
2026-03-12 00:00:00-04:00,76.48754173079702,77.17884749520547,75.34196073072121,75.52960205078125,5082800
2026-03-13 00:00:00-04:00,76.31965978448808,77.0504618820066,75.69749134756385,75.78636932373047,2761900
2026-03-16 00:00:00-04:00,75.9949845254071,77.02811986503991,75.9552476763025,76.03472137451172,2681900
2026-03-17 00:00:00-04:00,76.68042826675743,77.20692822908342,76.09431924409152,76.1340560913086,3313800
2026-03-18 00:00:00-04:00,75.97511790706983,76.12412161353618,73.73003525495496,73.83930969238281,6981200
2026-03-19 00:00:00-04:00,74.09758996386516,74.2267366185493,72.61742833124492,73.40221405029297,6037600
2026-03-20 00:00:00-04:00,73.28300075139941,74.62409472998546,73.28300075139941,73.89891052246094,6120400
2026-03-23 00:00:00-04:00,74.7035661312052,75.12079927223,73.9982540871568,74.59429168701172,2658600
2026-03-24 00:00:00-04:00,74.37575075193028,75.31947632486384,73.78964167748586,73.8492431640625,5758800
2026-03-25 00:00:00-04:00,74.27640299704832,75.0512601985113,73.9187865074112,74.97178649902344,5504100
2026-03-26 00:00:00-04:00,75.00158468910807,75.29960726253064,73.74990049137368,73.77970123291016,3549000
2026-03-27 00:00:00-04:00,74.33600825380455,74.4154819492219,72.45848577898502,72.46841430664062,4082300
2026-03-30 00:00:00-04:00,72.87570988034808,74.15719477243093,72.77637155254143,73.5611572265625,2833500
2026-03-31 00:00:00-04:00,74.41548302143416,74.8327085598437,73.382347703209,74.75323486328125,3757100
2026-04-01 00:00:00-04:00,74.57442460445006,75.70689828072634,74.17706369124124,75.06118774414062,2879700
2026-04-02 00:00:00-04:00,74.96184835989729,75.33933705368865,74.03798747072335,74.92211151123047,2294800
2026-04-06 00:00:00-04:00,74.76317375795145,75.97512114911996,74.76317375795145,75.91551208496094,2166500
2026-04-07 00:00:00-04:00,75.62742318568971,76.10425778854054,75.13072394810834,75.66716003417969,2380700
2026-04-08 00:00:00-04:00,75.32941004675116,77.1075942705922,75.07112431471633,76.9188461303711,3317800
2026-04-09 00:00:00-04:00,76.37247339288008,77.88244334609085,76.2035974680824,77.2069320678711,1921300
2026-04-10 00:00:00-04:00,77.04798097206907,77.24666520849442,75.66715773978477,76.36254119873047,2140900
2026-04-13 00:00:00-04:00,76.07445974770455,77.47514770631584,76.07445974770455,77.31620788574219,1960700
2026-04-14 00:00:00-04:00,76.71023515532913,77.63409608483964,76.26320127258124,76.51155090332031,3583600
2026-04-15 00:00:00-04:00,76.47181834495647,77.47514535311521,76.1539311344354,76.58108520507812,6609900
2026-04-16 00:00:00-04:00,76.31286918406005,77.71356464673978,76.10425641751752,77.70362854003906,4213500
2026-04-17 00:00:00-04:00,77.61421894094998,79.09438810305237,77.12745581774327,78.16059112548828,2667500
2026-04-20 00:00:00-04:00,78.22019386474811,78.94537808687693,77.80296832386632,78.0413818359375,1990000
2026-04-21 00:00:00-04:00,78.08111775445093,78.31953126368242,77.29633205840891,77.41554260253906,2525000
2026-04-22 00:00:00-04:00,77.12745593031184,77.12745593031184,74.61415903582501,75.52808380126953,4918900
2026-04-23 00:00:00-04:00,75.47842287369878,76.17379880598874,75.10092658557345,75.82611083984375,3711900
2026-04-24 00:00:00-04:00,75.35920714319245,75.91550785078815,74.22673351471339,74.64395904541016,3506600
2026-04-27 00:00:00-04:00,74.21679792489569,74.82277159090172,73.2333355731108,73.640625,9758300
2026-04-28 00:00:00-04:00,74.30620744917063,74.84263594520665,72.90551198999674,73.6704330444336,9273100
2026-04-29 00:00:00-04:00,73.40221003216983,73.9088453580552,72.5180860280136,73.30287170410156,5473700
2026-04-30 00:00:00-04:00,72.66710428191006,74.4353524598828,72.4982283500878,74.30621337890625,10786100
2026-05-01 00:00:00-04:00,77.47514279424162,79.24339081805219,77.38574057190519,78.24999237060547,9456300
2026-05-04 00:00:00-04:00,77.48507900496008,78.39900375887223,76.74996627498979,77.04798126220703,5262200
2026-05-05 00:00:00-04:00,77.36587154161866,78.60761965201395,76.92878136049922,77.95198059082031,3737600
2026-05-06 00:00:00-04:00,78.33940607528899,79.07451884089906,77.03805646958226,77.17713165283203,4388000
2026-05-07 00:00:00-04:00,76.92878013599773,77.55461844522485,75.75656963528188,75.92544555664062,2802800
2026-05-08 00:00:00-04:00,75.98505033345577,76.4817495912384,75.2499375540657,75.85591125488281,4752800
2026-05-11 00:00:00-04:00,76.26319621131547,76.47181655683679,74.95191055119882,75.5578842163086,3121800
2026-05-12 00:00:00-04:00,75.766498489042,76.13405865390006,74.45521280285693,75.89564514160156,4776800
2026-05-13 00:00:00-04:00,75.84597623873987,76.85924698344994,74.78304011495456,75.27973937988281,6537000
2026-05-14 00:00:00-04:00,75.77643427493375,76.21353202815344,74.93204708905571,75.21019744873047,2934100
2026-05-15 00:00:00-04:00,75.79630734130225,76.42214565761074,75.25987125059685,75.60755920410156,2995400
2026-05-18 00:00:00-04:00,75.52808451717473,77.84270477294922,75.52808451717473,77.84270477294922,3623800
2026-05-19 00:00:00-04:00,77.88244022971398,78.23012817245247,76.8691695634147,77.01818084716797,3255600
2026-05-20 00:00:00-04:00,77.43541124852663,77.97184735635875,76.44201273306624,77.51488494873047,3300700
2026-05-21 00:00:00-04:00,76.82943388977753,78.39900528844169,76.44200909351635,78.10099029541016,4013700
2026-05-22 00:00:00-04:00,77.95198302626802,78.03145672678328,76.3625469111092,76.5413589477539,2533800
2026-05-26 00:00:00-04:00,76.71023592400668,77.77317205105993,76.39234869663645,76.68043518066406,2302500
2026-05-27 00:00:00-04:00,76.68043268788665,77.1870604663002,74.70356421475863,74.77310180664062,3235800
2026-05-28 00:00:00-04:00,74.45521626374195,75.16053588458458,73.80951328704568,73.90885162353516,2802500
2026-05-29 00:00:00-04:00,74.03798998215258,75.190335895492,73.49162534726581,73.73997497558594,5254800
2026-06-01 00:00:00-04:00,72.95518987988433,73.81944174343276,72.93531766518825,72.96511840820312,2518200
2026-06-02 00:00:00-04:00,72.75650448784253,73.9187865004124,72.51809096843064,73.31281280517578,3454000
2026-06-03 00:00:00-04:00,73.12406010655333,73.63069543538042,71.67369928705514,72.07106018066406,3444600
2026-06-04 00:00:00-04:00,73.06445937285984,74.38567355751398,72.637297734189,72.95518493652344,3415300
2026-06-05 00:00:00-04:00,73.64063082562551,75.2102023331861,73.49162710828632,74.99165344238281,3136300
2026-06-08 00:00:00-04:00,74.37574564564878,74.75323433309978,73.51148625447686,73.61082458496094,7199900
2026-06-09 00:00:00-04:00,73.63069871048833,74.36581146999416,73.24327390621978,73.43201446533203,6557100
2026-06-10 00:00:00-04:00,73.43201132305673,74.96184583966566,72.83597377115123,74.44528198242188,4858000
2026-06-11 00:00:00-04:00,74.83271290183762,75.4486151383607,74.46515271818116,74.8227767944336,4232400
2026-06-12 00:00:00-04:00,74.59428734359574,75.74663320470943,74.31613698512798,75.23999786376953,2612300
2026-06-15 00:00:00-04:00,75.4000015258789,75.83999633789062,74.61000061035156,74.87999725341797,2633100
2026-06-16 00:00:00-04:00,75.37999725341797,75.93000030517578,74.66000366210938,75.20999908447266,2357300
2026-06-17 00:00:00-04:00,74.66999816894531,75.70999908447266,74.37000274658203,74.7699966430664,3397100
2026-06-18 00:00:00-04:00,74.80000305175781,75.19000244140625,73.80999755859375,74.0199966430664,5858400
2026-06-22 00:00:00-04:00,74.30000305175781,78.04000091552734,74.0999984741211,76.37000274658203,9572000
2026-06-23 00:00:00-04:00,76.79000091552734,77.08999633789062,75.88999938964844,76.52999877929688,3576600
2026-06-24 00:00:00-04:00,77.06999969482422,77.18000030517578,76.0999984741211,76.13999938964844,3415600
2026-06-25 00:00:00-04:00,76.25,76.81999969482422,74.55999755859375,74.8499984741211,2576800
2026-06-26 00:00:00-04:00,75.6500015258789,76.61000061035156,74.97000122070312,75.56999969482422,15344600
2026-06-29 00:00:00-04:00,75.22000122070312,75.77999877929688,74.66000366210938,75.12000274658203,3606700
2026-06-30 00:00:00-04:00,75.04000091552734,75.31999969482422,74.2699966430664,74.52999877929688,3255100
2026-07-01 00:00:00-04:00,75.13999938964844,77.0199966430664,75.13999938964844,76.58999633789062,6967300
2026-07-02 00:00:00-04:00,77.33999633789062,79.43000030517578,76.5,79.38999938964844,3491800
2026-07-06 00:00:00-04:00,79.19000244140625,80.80000305175781,78.66999816894531,80.75,3941300
2026-07-07 00:00:00-04:00,81.4000015258789,82.44999694824219,80.9800033569336,81.05999755859375,3238600
2026-07-08 00:00:00-04:00,81.11000061035156,81.11000061035156,79.52999877929688,79.62000274658203,3286800
2026-07-09 00:00:00-04:00,80.5,80.6500015258789,78.86000061035156,79.11000061035156,3275700
2026-07-10 00:00:00-04:00,79.91000366210938,79.91000366210938,78.73999786376953,79.16999816894531,2016500
2026-07-13 00:00:00-04:00,79.97000122070312,80.5999984741211,78.8499984741211,79.9000015258789,2587100
2026-07-14 00:00:00-04:00,79.33000183105469,80.26000213623047,78.69999694824219,79.0,2273000
2026-07-15 00:00:00-04:00,77.62000274658203,78.11000061035156,76.62999725341797,76.77999877929688,4250100
2026-07-16 00:00:00-04:00,77.16999816894531,78.4800033569336,77.05000305175781,78.02999877929688,2932500
2026-07-17 00:00:00-04:00,78.38999938964844,80.94000244140625,78.38999938964844,80.5,6847700
2026-07-20 00:00:00-04:00,80.08000183105469,80.33999633789062,79.55999755859375,79.80000305175781,2476400
2026-07-21 00:00:00-04:00,79.66999816894531,80.26000213623047,79.11000061035156,80.23999786376953,4060300
2026-07-22 00:00:00-04:00,79.75,80.12999725341797,77.44999694824219,78.25,4555800
2026-07-23 00:00:00-04:00,77.9800033569336,78.7300033569336,77.37999725341797,78.16000366210938,3503300
2026-07-24 00:00:00-04:00,78.0999984741211,79.22000122070312,77.98999786376953,79.05999755859375,2212300
2026-07-27 00:00:00-04:00,79.08999633789062,80.2699966430664,79.08999633789062,79.16000366210938,2549300
2026-07-28 00:00:00-04:00,79.7699966430664,81.0199966430664,79.58999633789062,80.83000183105469,3315600
2026-07-29 00:00:00-04:00,80.76000213623047,80.98999786376953,80.0199966430664,80.19999694824219,2649800
2026-07-30 00:00:00-04:00,79.91000366210938,80.06999969482422,77.47000122070312,78.88999938964844,3507300
2026-07-31 00:00:00-04:00,78.56999969482422,78.94000244140625,78.1500015258789,78.58000183105469,3570900
2026-08-03 00:00:00-04:00,79.30000305175781,79.66999816894531,78.04000091552734,78.79000091552734,2630000
2026-08-04 00:00:00-04:00,77.76000213623047,79.5,77.19000244140625,79.31999969482422,2875500
2026-08-05 00:00:00-04:00,79.66000366210938,80.38999938964844,79.33000183105469,80.12000274658203,2844300
2026-08-06 00:00:00-04:00,81.0,81.04000091552734,79.2300033569336,79.97000122070312,3111300
2026-08-07 00:00:00-04:00,79.1500015258789,79.7699966430664,77.87000274658203,78.77999877929688,4674300
2026-08-10 00:00:00-04:00,77.80000305175781,78.44000244140625,77.05999755859375,77.61000061035156,3793100
2026-08-11 00:00:00-04:00,77.05000305175781,78.0199966430664,76.88999938964844,77.30999755859375,3457400
2026-08-12 00:00:00-04:00,76.56999969482422,77.0199966430664,76.05999755859375,76.13999938964844,3757100
2026-08-13 00:00:00-04:00,76.73999786376953,76.95999908447266,75.83000183105469,76.02999877929688,2132300
2026-08-14 00:00:00-04:00,76.29000091552734,76.98999786376953,76.0,76.63999938964844,2812400
2026-08-17 00:00:00-04:00,76.1500015258789,77.23999786376953,75.7699966430664,75.80999755859375,2223600
2026-08-18 00:00:00-04:00,76.61000061035156,77.20999908447266,76.08999633789062,76.12000274658203,2194600
2026-08-19 00:00:00-04:00,76.1500015258789,76.80000305175781,75.55999755859375,75.69999694824219,2207100
2026-08-20 00:00:00-04:00,75.48999786376953,76.25,75.05999755859375,75.75,2689600
2026-08-21 00:00:00-04:00,76.0,76.80999755859375,75.80999755859375,76.12000274658203,3157600
2026-08-24 00:00:00-04:00,76.47000122070312,77.80000305175781,76.47000122070312,77.37999725341797,2715800
2026-08-25 00:00:00-04:00,77.2300033569336,77.51000213623047,76.36000061035156,76.37999725341797,1723100
2026-08-26 00:00:00-04:00,76.55000305175781,77.38999938964844,76.4000015258789,76.97000122070312,2922000
2026-08-27 00:00:00-04:00,76.3499984741211,76.75,75.51000213623047,76.62999725341797,4238200
2026-08-28 00:00:00-04:00,77.1500015258789,77.44999694824219,76.45999908447266,76.93000030517578,1975100
2026-08-31 00:00:00-04:00,76.83000183105469,76.93000030517578,76.19999694824219,76.36000061035156,3670700
