Date,Open,High,Low,Close,Volume
2017-01-03 00:00:00-05:00,18.328181713975997,18.343010679770394,18.127996332423677,18.231796264648438,2246400
2017-01-04 00:00:00-05:00,18.313356226998717,18.624757472948406,18.313356226998717,18.394912719726562,3758700
2017-01-05 00:00:00-05:00,18.38008516642852,18.53578508231928,18.261454840866957,18.394912719726562,3079600
2017-01-06 00:00:00-05:00,18.38750118674676,18.869432807560077,18.380088115992205,18.802703857421875,3202300
2017-01-09 00:00:00-05:00,18.83977470319414,18.86943264262673,18.446815490722656,18.446815490722656,2497700
2017-01-10 00:00:00-05:00,18.431991207665114,18.59510566099919,18.343018787739208,18.498720169067383,2923500
2017-01-11 00:00:00-05:00,18.476475066210405,18.876847384823822,18.476475066210405,18.847190856933594,2703000
2017-01-12 00:00:00-05:00,18.839776736111805,18.884262235892535,18.66183332282034,18.78046226501465,2354600
2017-01-13 00:00:00-05:00,18.73597640255034,18.876847384823822,18.72114743152097,18.847190856933594,3594300
2017-01-17 00:00:00-05:00,18.89167342152075,19.09186025681787,18.82494447642171,18.89908790588379,2603500
2017-01-18 00:00:00-05:00,18.862025031662224,19.136354000545527,18.8471960565418,19.039968490600586,2759300
2017-01-19 00:00:00-05:00,18.980641759253363,19.010298276192913,18.76562600122766,18.86201286315918,2460600
2017-01-20 00:00:00-05:00,18.89908441994384,18.980642318725586,18.817526521162097,18.980642318725586,2922900
2017-01-23 00:00:00-05:00,18.98805624203025,19.032541724523572,18.78045496678143,18.86201286315918,1844800
2017-01-24 00:00:00-05:00,18.91391975016692,19.10669213040894,18.81753285296165,18.9954776763916,3809500
2017-01-25 00:00:00-05:00,18.950993046722715,19.32170888089114,18.943578560339102,19.24015235900879,4044700
2017-01-26 00:00:00-05:00,19.254973125969133,19.314287581947863,19.0844442418013,19.26980209350586,3078700
2017-01-27 00:00:00-05:00,19.27721936961614,19.321704864501953,19.173419410159784,19.321704864501953,3104600
2017-01-30 00:00:00-05:00,19.32169959293445,19.32169959293445,18.973227385427727,19.15117073059082,2448500
2017-01-31 00:00:00-05:00,19.180829379434346,19.4477437000804,19.10668596263398,19.43291473388672,4814200
2017-02-01 00:00:00-05:00,19.34395167309897,19.46258062280927,19.121522745934318,19.225322723388672,3624700
2017-02-02 00:00:00-05:00,19.210487610249,19.43291646631136,19.114102149733494,19.418088912963867,3369700
2017-02-03 00:00:00-05:00,19.462572325139277,19.544130223606963,19.410672358539124,19.499643325805664,2056700
2017-02-06 00:00:00-05:00,19.566379182655858,19.596037125018995,19.29946477223027,19.343950271606445,2696900
2017-02-07 00:00:00-05:00,19.358779499423736,19.440336013666485,19.336536042356506,19.40326499938965,1937500
2017-02-08 00:00:00-05:00,19.351361391215455,19.610862685081052,19.3068758995771,19.588619232177734,2140600
2017-02-09 00:00:00-05:00,19.55896911836701,19.69984154809904,19.50706912166806,19.62569808959961,2441500
2017-02-10 00:00:00-05:00,19.618276641916523,19.714663528019095,19.581205632903742,19.640520095825195,2013400
2017-02-13 00:00:00-05:00,19.63310490497874,19.788806248402132,19.618275936239694,19.773977279663086,4105900
2017-02-14 00:00:00-05:00,19.712566286652354,19.824909655099734,19.398003997885628,19.510347366333008,2620400
2017-02-15 00:00:00-05:00,19.368043461803687,19.547793109449824,19.293147418153662,19.52532386779785,4074200
2017-02-16 00:00:00-05:00,19.50285362347439,19.764987600787457,19.480384384623395,19.750009536743164,1927700
2017-02-17 00:00:00-05:00,19.779975683039833,19.862361499414106,19.615205478814946,19.85487174987793,2342200
2017-02-21 00:00:00-05:00,19.82490495549996,19.99716627004214,19.764988411296663,19.929759979248047,2217200
2017-02-22 00:00:00-05:00,19.922274313344506,19.959721625445752,19.779971956017672,19.899805068969727,2071200
2017-02-23 00:00:00-05:00,19.982190964847213,20.20687769556998,19.952231972205034,20.10202407836914,3625800
2017-02-24 00:00:00-05:00,20.117006165478838,20.236839294433594,20.027130604500982,20.236839294433594,2578200
2017-02-27 00:00:00-05:00,20.214362018051066,20.24432100265204,20.049591888314747,20.064571380615234,3093900
2017-02-28 00:00:00-05:00,19.405494677930218,20.543910770840018,19.10591187151277,20.461524963378906,4792700
2017-03-01 00:00:00-05:00,20.364157625966282,20.858469529674366,20.259302590148355,20.746126174926758,3461700
2017-03-02 00:00:00-05:00,20.6412716236396,20.940854386173346,20.62629355690538,20.798553466796875,2950100
2017-03-03 00:00:00-05:00,20.81352972370713,20.910893570685662,20.663737651484546,20.89591407775879,3263100
2017-03-06 00:00:00-05:00,20.895919870877993,20.94834668213362,20.783576499826864,20.94085693359375,2489000
2017-03-07 00:00:00-05:00,20.970813751220703,21.030730304797544,20.81353333377774,20.970813751220703,3184600
2017-03-08 00:00:00-05:00,20.843486466961636,20.85846595930346,20.498966714237763,20.551393508911133,2920100
2017-03-09 00:00:00-05:00,20.558882756432038,20.70867339064811,20.446537995116262,20.498966217041016,2603500
2017-03-10 00:00:00-05:00,20.5963283365524,20.776077939703203,20.551391292895413,20.75360870361328,3190200
2017-03-13 00:00:00-04:00,20.738635114200594,20.80604140848531,20.633780085022607,20.67871856689453,2364900
2017-03-14 00:00:00-04:00,20.63377603437032,20.671224761911965,20.483985409772405,20.596328735351562,2635200
2017-03-15 00:00:00-04:00,20.723657197476026,21.105625751319163,20.671230393158528,21.038219451904297,2624300
2017-03-16 00:00:00-04:00,20.78357325898614,20.948343415599826,20.56637487076864,20.663740158081055,4063900
2017-03-17 00:00:00-04:00,20.693695219080258,20.835997544909997,20.65624791526757,20.731143951416016,6295600
2017-03-20 00:00:00-04:00,20.791058159961427,20.835995205195196,20.536412522765215,20.558881759643555,2933000
2017-03-21 00:00:00-04:00,20.558884244788434,20.813529912766054,20.558884244788434,20.656248092651367,6466000
2017-03-22 00:00:00-04:00,20.761110161965266,20.93337154546193,20.603829706170007,20.880943298339844,4599500
2017-03-23 00:00:00-04:00,20.903406250915125,21.038218845861337,20.716166853161656,20.783573150634766,2982300
2017-03-24 00:00:00-04:00,20.821019190077042,20.90340497719594,20.74612457835784,20.87344741821289,2125700
2017-03-27 00:00:00-04:00,20.925879263030478,21.00077532133018,20.66374377324327,20.73863983154297,2004000
2017-03-28 00:00:00-04:00,20.70868083681369,20.761107649066435,20.566378468896605,20.73863983154297,2801400
2017-03-29 00:00:00-04:00,20.76110372346302,20.97081236134483,20.656250118783728,20.858469009399414,3482600
2017-03-30 00:00:00-04:00,20.813531339820184,20.85846839356697,20.506457425068135,20.603822708129883,2028000
2017-03-31 00:00:00-04:00,20.566374052627832,20.78357243220507,20.551395987002962,20.648759841918945,2643800
2017-04-03 00:00:00-04:00,20.63378143310547,20.641271180573455,20.446542031975568,20.63378143310547,2247700
2017-04-04 00:00:00-04:00,20.62629355690538,20.836000776417357,20.588844818761604,20.798553466796875,2132100
2017-04-05 00:00:00-04:00,20.791062302893092,20.90340565262507,20.723656007349263,20.85097885131836,2323900
2017-04-06 00:00:00-04:00,20.798550230780258,20.918383317149097,20.70867470174209,20.89591407775879,2909800
2017-04-07 00:00:00-04:00,20.940851128016337,21.098132946702357,20.843487281037806,20.89591407775879,5284900
2017-04-10 00:00:00-04:00,20.888427954356303,21.023240557035024,20.76859484720262,20.970813751220703,2995100
2017-04-11 00:00:00-04:00,20.948343198431218,20.9708124403142,20.79106279082001,20.903406143188477,2883200
2017-04-12 00:00:00-04:00,20.918384780509573,21.060687116223583,20.77608244479556,21.000770568847656,2092200
2017-04-13 00:00:00-04:00,20.978301510928986,21.1131141008319,20.873447909237026,20.925874710083008,1960000
2017-04-17 00:00:00-04:00,20.955829360908254,21.150558471679688,20.925871805378872,21.150558471679688,1895500
2017-04-18 00:00:00-04:00,21.16553804981749,21.31532868511979,21.143068811686796,21.19549560546875,3478500
2017-04-19 00:00:00-04:00,21.225456281233843,21.270393332553553,20.88093507838779,20.948341369628906,2106800
2017-04-20 00:00:00-04:00,20.948340874479772,20.948340874479772,20.7311439411324,20.89591407775879,1938700
2017-04-21 00:00:00-04:00,20.94834513487075,21.150564044940797,20.94834513487075,21.06068992614746,3182800
2017-04-24 00:00:00-04:00,21.120607520462418,21.262908453639024,20.97830515876238,21.210481643676758,2544300
2017-04-25 00:00:00-04:00,21.150563667449973,21.277886523904233,21.135584171743982,21.262907028198242,2443300
2017-04-26 00:00:00-04:00,21.247925065631517,21.33779916634417,21.13558029695609,21.217966079711914,2352100
2017-04-27 00:00:00-04:00,21.232946867021884,21.614915389642963,21.225457120085412,21.450143814086914,3379400
2017-04-28 00:00:00-04:00,21.43516599928281,21.480103052903726,21.300353409896882,21.367759704589844,2269400
2017-05-01 00:00:00-04:00,21.405208476165885,21.412698223702503,21.158052521550648,21.20298957824707,1931700
2017-05-02 00:00:00-04:00,21.232950331507432,21.3003566364109,21.04571091311411,21.113117218017578,2109600
2017-05-03 00:00:00-04:00,21.075667172241175,21.180522211444828,21.01575061920622,21.04570960998535,1748300
2017-05-04 00:00:00-04:00,21.023237820274513,21.030727567062034,20.791061383953906,20.95583152770996,2826400
2017-05-05 00:00:00-04:00,21.03822162757028,21.158054743695175,20.753616905381083,21.008262634277344,3052000
2017-05-08 00:00:00-04:00,21.00077025806794,21.060686804557193,20.75361289671124,20.87344741821289,3171600
2017-05-09 00:00:00-04:00,20.82101571394297,20.858464442073537,20.469006240653105,20.558881759643555,2725500
2017-05-10 00:00:00-04:00,20.551395235545883,20.716165379580143,20.49896843646785,20.626291275024414,4105200
2017-05-11 00:00:00-04:00,20.641276363324845,20.656255862021975,20.446547165833035,20.536422729492188,2328300
2017-05-12 00:00:00-04:00,20.633232986624574,20.731557873158614,20.587850938110293,20.640796661376953,2221700
2017-05-15 00:00:00-04:00,20.655925307410076,20.769377558493613,20.64079939852294,20.739124298095703,2732100
2017-05-16 00:00:00-04:00,20.739119014175504,20.792063288350416,20.550031496337514,20.56515884399414,2163300
2017-05-17 00:00:00-04:00,20.565159009765868,20.66348388507996,20.345816794846556,20.550031661987305,2852000
2017-05-18 00:00:00-04:00,20.557598350977262,20.678614265708116,20.323130196514164,20.58028793334961,2542100
2017-05-19 00:00:00-04:00,20.61809983749636,20.837440573123672,20.45926559762144,20.784496307373047,9770200
2017-05-22 00:00:00-04:00,20.761811592132005,20.973588704708163,20.739120568945967,20.950899124145508,1810600
2017-05-23 00:00:00-04:00,20.950897292093202,21.11729378637012,20.935769944625324,20.98871421813965,1513800
2017-05-24 00:00:00-04:00,21.026529845230367,21.185364098584294,21.011403941320175,21.155109405517578,2298500
2017-05-25 00:00:00-04:00,21.17780820871944,21.336641077825462,21.109736566924372,21.31395149230957,2027300
2017-05-26 00:00:00-04:00,21.321506331426,21.45764955859009,21.283687966867586,21.42739486694336,2109800
2017-05-30 00:00:00-04:00,21.41227227356107,21.51816227520375,21.329074738313114,21.472780227661133,1333500
2017-05-31 00:00:00-04:00,21.495472290816135,21.72994044396335,21.4803449409038,21.639179229736328,3581600
2017-06-01 00:00:00-04:00,21.63917662087624,21.888772093844082,21.53328662687969,21.881208419799805,2747800
2017-06-02 00:00:00-04:00,21.94928141908948,21.994662023575724,21.79044713945251,21.84339141845703,1845100
2017-06-05 00:00:00-04:00,21.79800488287901,21.88120383731875,21.57110047956355,21.59379005432129,2170300
2017-06-06 00:00:00-04:00,21.624050402355415,21.676994680807663,21.49547082213279,21.555978775024414,3510900
2017-06-07 00:00:00-04:00,21.601361830939226,21.699688167188445,21.38958469309209,21.419837951660156,2523400
2017-06-08 00:00:00-04:00,21.41983647687328,21.41983647687328,21.170240979721626,21.336637496948242,2481200
2017-06-09 00:00:00-04:00,21.344196155587746,21.41226776996088,21.162672331467096,21.359323501586914,2228200
2017-06-12 00:00:00-04:00,21.35932838047035,21.42740001039236,21.10216921023686,21.261003494262695,2391400
2017-06-13 00:00:00-04:00,21.238311839031624,21.34420039682031,21.19293123463982,21.2761287689209,2738200
2017-06-14 00:00:00-04:00,21.29125131468691,21.5559740920614,21.29125131468691,21.45764923095703,2730700
2017-06-15 00:00:00-04:00,21.41227330892179,21.78288472603303,21.38958372667678,21.639179229736328,3360800
2017-06-16 00:00:00-04:00,21.624050627920674,21.84339141845703,21.624050627920674,21.84339141845703,3592100
2017-06-19 00:00:00-04:00,21.858525932171744,21.90390655153262,21.654310981111976,21.714818954467773,2624700
2017-06-20 00:00:00-04:00,21.699689820976104,21.76019778534726,21.37445897149728,21.487911224365234,4119900
2017-06-21 00:00:00-04:00,21.46521368020426,21.533285299784175,21.10972967777165,21.162673950195312,2372700
2017-06-22 00:00:00-04:00,21.177802780559848,21.37445397949413,21.132422178536036,21.245874404907227,3049400
2017-06-23 00:00:00-04:00,21.230749298054917,21.31394827940146,21.13242440951913,21.215621948242188,2529300
2017-06-26 00:00:00-04:00,21.230743777648986,21.465211868286133,21.2080542014531,21.465211868286133,2761300
2017-06-27 00:00:00-04:00,21.35176842991852,21.51060274164824,21.238316174467975,21.31395149230957,3478200
2017-06-28 00:00:00-04:00,21.40471084822935,21.419838198999837,21.011409826561604,21.049226760864258,2927400
2017-06-29 00:00:00-04:00,20.93576896180353,20.966022212695805,20.68617351079369,20.769371032714844,3909800
2017-06-30 00:00:00-04:00,20.776930092661825,20.89038372552972,20.708858489990234,20.708858489990234,3194100
2017-07-03 00:00:00-04:00,20.77693325865898,21.06434705654033,20.769369585807038,20.860132217407227,2749700
2017-07-05 00:00:00-04:00,20.897948265814016,20.958456203478093,20.71642445282178,20.76180648803711,2501100
2017-07-06 00:00:00-04:00,20.701303743977196,20.73912067352123,20.58028639566482,20.63323211669922,2649700
2017-07-07 00:00:00-04:00,20.633235128534903,20.72399634973837,20.51221920518121,20.663488388061523,2063800
2017-07-10 00:00:00-04:00,20.663484499969936,20.708865102032746,20.602976549678413,20.625667572021484,2413500
2017-07-11 00:00:00-04:00,20.655919335593023,20.663483009161684,20.40632387832014,20.54246711730957,2463300
2017-07-12 00:00:00-04:00,20.72398836899761,20.897948511499106,20.686171448496605,20.784496307373047,3148300
2017-07-13 00:00:00-04:00,20.754244973986328,20.822316591265885,20.587847046137107,20.693737030029297,2517700
2017-07-14 00:00:00-04:00,20.82988244582494,20.92064364995311,20.746683473188007,20.890390396118164,2482400
2017-07-17 00:00:00-04:00,20.890391077323724,21.018970656217537,20.799628427612582,21.003843307495117,2796600
2017-07-18 00:00:00-04:00,21.026533758898427,21.071915806945462,20.920645198702218,21.01140785217285,2654200
2017-07-19 00:00:00-04:00,21.049219791119572,21.049219791119572,20.845004951207578,20.89794921875,3415800
2017-07-20 00:00:00-04:00,21.01140849626424,21.283693579775996,20.87526523319662,21.215621948242188,3752600
2017-07-21 00:00:00-04:00,21.200494742856005,21.30638329981415,21.139986789933722,21.291255950927734,2173800
2017-07-24 00:00:00-04:00,21.291253878172203,21.434960793356176,21.2004926789363,21.306381225585938,2890000
2017-07-25 00:00:00-04:00,21.34419875869137,21.397144476145627,21.07191371061451,21.117294311523438,1657800
2017-07-26 00:00:00-04:00,21.109728395111844,21.2609989722365,21.07191147214225,21.23830795288086,1795900
2017-07-27 00:00:00-04:00,21.200494909142353,21.336636722317774,21.200494909142353,21.2761287689209,2772700
2017-07-28 00:00:00-04:00,21.276131545457673,21.35933053321963,21.24587828612288,21.283695220947266,1832500
2017-07-31 00:00:00-04:00,21.329075897291467,21.351765479672263,21.238313239897803,21.32151222229004,3866500
2017-08-01 00:00:00-04:00,21.35176069964835,21.450087010031112,21.28368908249818,21.36688804626465,2098000
2017-08-02 00:00:00-04:00,21.291253878172203,21.40470609852871,21.056785763752327,21.306381225585938,5069100
2017-08-03 00:00:00-04:00,20.905514664868303,21.58623085564766,20.882825086924466,21.53328514099121,2868900
2017-08-04 00:00:00-04:00,21.49546479180556,21.639171680591478,21.39713993692445,21.586227416992188,2701100
2017-08-07 00:00:00-04:00,21.61648714364717,21.820702029567663,21.601359794477485,21.737503051757812,2867700
2017-08-08 00:00:00-04:00,21.69212276126281,22.040043141467567,21.676995411873875,21.97197151184082,4919300
2017-08-09 00:00:00-04:00,22.03247460302283,22.274507811945668,21.95684075802151,21.979530334472656,3691400
2017-08-10 00:00:00-04:00,21.97953024947683,22.168617746495165,21.873641712785957,22.032474517822266,3019500
2017-08-11 00:00:00-04:00,21.941714876906584,22.00978649605106,21.7450636930029,21.79800796508789,2026100
2017-08-14 00:00:00-04:00,22.040789341313857,22.21638238986481,21.84992695215035,21.987346649169922,3577800
2017-08-15 00:00:00-04:00,21.911000838674767,22.03315263998627,21.865192821059704,22.01788330078125,2497900
2017-08-16 00:00:00-04:00,22.017880148945068,22.132397264261055,21.96443892554188,22.10186004638672,2789300
2017-08-17 00:00:00-04:00,22.086591178510083,22.170571077735556,21.95680472341806,21.964439392089844,2514600
2017-08-18 00:00:00-04:00,21.933904356069906,22.323263785937726,21.91100180241935,22.14767074584961,3520600
2017-08-21 00:00:00-04:00,22.178197775012933,22.43013594251399,22.178197775012933,22.353792190551758,2396900
2017-08-22 00:00:00-04:00,22.384336446943504,22.537026911264086,22.323260552448104,22.52939224243164,2408400
2017-08-23 00:00:00-04:00,22.52176032691687,22.712622702568705,22.44541508542326,22.69735336303711,1606100
2017-08-24 00:00:00-04:00,22.674449143768815,22.68971702601415,22.537028010411,22.62864112854004,2072700
2017-08-25 00:00:00-04:00,22.743161381631896,22.80423728359391,22.643912130840896,22.69735336303711,1495800
2017-08-28 00:00:00-04:00,22.750796897004548,22.865315498913358,22.643914421798474,22.850046157836914,1949800
2017-08-29 00:00:00-04:00,22.90347794724614,22.995092499747248,22.743154300574098,22.81949806213379,3252100
2017-08-30 00:00:00-04:00,22.758432325952104,22.819508236128677,22.575204595422388,22.6439151763916,2518500
2017-08-31 00:00:00-04:00,22.666814029955443,22.6820819119013,22.56756478840412,22.613372802734375,3481200
2017-09-01 00:00:00-04:00,22.674452519049115,22.70498974424976,22.52939669489374,22.621009826660156,1941400
2017-09-05 00:00:00-04:00,22.689716580956343,22.697351250011383,22.552296906458267,22.613372802734375,2638800
2017-09-06 00:00:00-04:00,22.75843149127983,22.75843149127983,22.414880055198168,22.475955963134766,3406800
2017-09-07 00:00:00-04:00,22.506494137162317,22.888218941888262,22.49885946632805,22.872949600219727,3179400
2017-09-08 00:00:00-04:00,22.796598532705307,22.926384983160332,22.697349299682234,22.911115646362305,3076300
2017-09-11 00:00:00-04:00,22.926385276830647,23.247034072875977,22.888211934346607,23.247034072875977,2638700
2017-09-12 00:00:00-04:00,23.224130340975695,23.23939967814919,22.7965990932668,22.888212203979492,2970000
2017-09-13 00:00:00-04:00,22.872945342378618,23.033270487724266,22.842408120890678,22.857677459716797,3681000
2017-09-14 00:00:00-04:00,22.84240618808803,23.048537876305975,22.735523737677617,23.010364532470703,3753100
2017-09-15 00:00:00-04:00,23.04854513476731,23.132523605323108,22.97983455038962,23.109621047973633,5332100
2017-09-18 00:00:00-04:00,23.124882561676255,23.163054448445852,22.766060418919807,22.888212203979492,2239100
2017-09-19 00:00:00-04:00,22.94165297873635,22.956922315610882,22.796598646920653,22.880577087402344,3556700
2017-09-20 00:00:00-04:00,22.941665720284583,22.995108429026928,22.60574885946508,22.67445945739746,2274500
2017-09-21 00:00:00-04:00,22.659181638270855,22.781333443099992,22.46068459138241,22.51412582397461,2836700
2017-09-22 00:00:00-04:00,22.58283476079373,22.58283476079373,22.269820601566572,22.292724609375,2626000
2017-09-25 00:00:00-04:00,22.30799694233817,22.666819188769527,22.269825044539523,22.6439151763916,2800400
2017-09-26 00:00:00-04:00,22.575199900270725,22.697351695218945,22.407241546257982,22.62864112854004,3296400
2017-09-27 00:00:00-04:00,22.52175581018208,22.628638253139254,22.117127130729234,22.201107025146484,3461700
2017-09-28 00:00:00-04:00,22.193478840977914,22.323265326557618,22.06369235539821,22.254554748535156,2937100
2017-09-29 00:00:00-04:00,22.269820597695194,22.34616583421241,22.193475361177974,22.300357818603516,2771600
2017-10-02 00:00:00-04:00,22.330898126767558,22.353802136244955,22.05605583769628,22.1094970703125,3035300
2017-10-03 00:00:00-04:00,22.124765437326047,22.124765437326047,21.834655277521225,21.972076416015625,2139700
2017-10-04 00:00:00-04:00,21.97207871248669,22.1476717606202,21.88809879548177,22.132402420043945,2433000
2017-10-05 00:00:00-04:00,22.132395572673534,22.224010131622666,21.994974462331847,22.185836791992188,3088000
2017-10-06 00:00:00-04:00,22.078958630012252,22.13239985968238,21.994978722722447,22.048419952392578,2363400
2017-10-09 00:00:00-04:00,22.07132003832012,22.12476125849323,21.903361709752634,21.93389892578125,2737800
2017-10-10 00:00:00-04:00,22.010248351635823,22.246917281650486,21.93390311274468,22.23164939880371,2294300
2017-10-11 00:00:00-04:00,22.254551465236137,22.51412439809976,22.254551465236137,22.3767032623291,2266600
2017-10-12 00:00:00-04:00,22.376702192012086,22.727889683979658,22.315626296386974,22.689716339111328,4504500
2017-10-13 00:00:00-04:00,22.781332334521277,22.880580125053744,22.40724226841536,22.41487693786621,2650600
2017-10-16 00:00:00-04:00,22.338531455387752,22.567565711753016,22.292724895347558,22.491220474243164,2816500
2017-10-17 00:00:00-04:00,22.46831724039316,22.559930357693094,22.346165446550412,22.544662475585938,2240900
2017-10-18 00:00:00-04:00,22.529393016275854,22.750792595364775,22.5064890089918,22.582834243774414,2165900
2017-10-19 00:00:00-04:00,22.60573733084788,22.71261978149414,22.498853424037446,22.71261978149414,1874100
2017-10-20 00:00:00-04:00,22.66682478471998,22.71263136461993,22.5370382615327,22.67445945739746,1545300
2017-10-23 00:00:00-04:00,22.67444857796571,22.697351128844343,22.52939277902272,22.65154457092285,2624000
2017-10-24 00:00:00-04:00,22.65918375370049,22.73552900288728,22.491223914256647,22.590473175048828,3426000
2017-10-25 00:00:00-04:00,22.48358603899037,22.514123258635948,22.193474443454225,22.430143356323242,2002000
2017-10-26 00:00:00-04:00,22.52939516361935,22.72789221050779,22.483588600849515,22.51412582397461,2390700
2017-10-27 00:00:00-04:00,22.430142861146514,22.71261978149414,22.36143375441976,22.71261978149414,1603700
2017-10-30 00:00:00-04:00,22.674451999667266,22.704989224168425,22.460685603501386,22.498857498168945,2565500
2017-10-31 00:00:00-04:00,22.460682450587925,22.63627547127297,22.40724122308937,22.582834243774414,2495200
2017-11-01 00:00:00-04:00,22.682083129882812,22.727891146672864,22.48358754844982,22.682083129882812,3732900
2017-11-02 00:00:00-04:00,22.682082564441572,22.75842780102414,22.475952318682186,22.704986572265625,3326500
2017-11-03 00:00:00-04:00,21.81175425443968,22.79660491100381,21.52927872546242,22.590473175048828,3003800
2017-11-06 00:00:00-05:00,22.598103223755764,22.804234917552105,22.51412332120965,22.689716339111328,2010600
2017-11-07 00:00:00-05:00,22.67444831430024,22.895847888483136,22.66681364537473,22.865310668945312,2565900
2017-11-08 00:00:00-05:00,22.842406662168788,22.934021233110673,22.743158878465604,22.865310668945312,2137800
2017-11-09 00:00:00-05:00,22.773699821304447,22.84241039670339,22.636278670506567,22.75843048095703,2319000
2017-11-10 00:00:00-05:00,22.643914919912486,22.682086817278776,22.391976611267165,22.453052520751953,2403700
2017-11-13 00:00:00-05:00,22.460686117986697,22.643913837683996,22.445416777304136,22.621009826660156,2215800
2017-11-14 00:00:00-05:00,22.5217578481185,22.872943881706615,22.514123179192993,22.865310668945312,3224600
2017-11-15 00:00:00-05:00,22.909991282529997,22.994729448085554,22.547930749422544,22.60955810546875,2860100
2017-11-16 00:00:00-05:00,22.532523414297202,22.578743563739668,22.185868620198576,22.363048553466797,3326500
2017-11-17 00:00:00-05:00,22.3245280981666,22.470893602936673,22.270604351491283,22.339935302734375,2913100
2017-11-20 00:00:00-05:00,22.34764250680136,22.440082810482878,22.21668418549243,22.43238067626953,2122900
2017-11-21 00:00:00-05:00,22.494009414900223,22.501711549586005,22.363051085558563,22.409271240234375,1665800
2017-11-22 00:00:00-05:00,22.42468097684767,22.501714086889574,22.401570162247666,22.455493927001953,1772700
2017-11-24 00:00:00-05:00,22.455488852351724,22.517116208045696,22.355344950341042,22.363048553466797,852500
2017-11-27 00:00:00-05:00,22.42467662641148,22.779033565657866,22.378455006178562,22.755924224853516,2607500
2017-11-28 00:00:00-05:00,22.77903193184835,22.879177299191376,22.73281178424265,22.78673553466797,1525100
2017-11-29 00:00:00-05:00,22.73281294468902,23.048653329856094,22.686592794723907,22.856067657470703,2061500
2017-11-30 00:00:00-05:00,22.863769851274302,23.16420301149581,22.863769851274302,23.117982864379883,4487400
2017-12-01 00:00:00-05:00,23.241237352507717,23.241237352507717,22.401563762965033,22.748218536376953,3766800
2017-12-04 00:00:00-05:00,22.524818217591108,22.725107476754516,22.339936163589183,22.617259979248047,3757500
2017-12-05 00:00:00-05:00,22.617261791986326,22.617261791986326,22.239794051148287,22.270606994628906,2870600
2017-12-06 00:00:00-05:00,22.30912678431809,22.48630674500804,22.17046631453054,22.347644805908203,3618000
2017-12-07 00:00:00-05:00,22.31682860579076,22.31682860579076,22.078022768258908,22.232091903686523,3001800
2017-12-08 00:00:00-05:00,22.208979638355594,22.270606994628906,22.093428529007145,22.270606994628906,3209100
2017-12-11 00:00:00-05:00,22.170466269103844,22.247499373501658,22.085728091091507,22.224390029907227,2837900
2017-12-12 00:00:00-05:00,22.15505865658263,22.332237144367053,21.85462544083406,21.862327575683594,3065100
2017-12-13 00:00:00-05:00,21.916253159371543,21.954769711491352,21.73907319940849,21.877735137939453,3999000
2017-12-14 00:00:00-05:00,21.84691950709813,22.116538277449628,21.64663022818552,22.047208786010742,3166600
2017-12-15 00:00:00-05:00,22.101132518880657,22.301421797601144,22.101132518880657,22.185869216918945,6728800
2017-12-18 00:00:00-05:00,22.255197756026103,22.262901358520832,21.870026447161344,21.9239501953125,2806900
2017-12-19 00:00:00-05:00,21.939365474718834,21.96247629070857,21.56960123475798,21.57730484008789,2330000
2017-12-20 00:00:00-05:00,21.577299295819444,21.79299578169649,21.56189208911849,21.585002899169922,2471400
2017-12-21 00:00:00-05:00,21.523372392188506,21.58499974066236,21.37700688857114,21.392414093017578,2645600
2017-12-22 00:00:00-05:00,21.415527010597714,21.669740049215388,21.415527010597714,21.623519897460938,1886600
2017-12-26 00:00:00-05:00,21.65433595108932,21.75447986569183,21.546486963080174,21.592708587646484,1348100
2017-12-27 00:00:00-05:00,21.63892618200305,21.739070084753855,21.538780809940178,21.68514633178711,1346700
2017-12-28 00:00:00-05:00,21.746774636994385,21.862325751153367,21.623519919316518,21.846920013427734,1182100
2017-12-29 00:00:00-05:00,21.8931401652289,21.954767524067833,21.800698392314434,21.846920013427734,1381000
2018-01-02 00:00:00-05:00,21.870028876577056,21.893139686628487,21.53878127906706,21.585002899169922,2553700
2018-01-03 00:00:00-05:00,21.492563870411836,21.762184144829707,21.407827161369635,21.53878402709961,3318100
2018-01-04 00:00:00-05:00,21.523373105357066,21.91624801588761,21.500262297921644,21.5618896484375,4774800
2018-01-05 00:00:00-05:00,21.592710456547806,21.76988895811715,21.369310326411558,21.46945571899414,4535100
2018-01-08 00:00:00-05:00,21.631219585883862,21.708254137740024,21.40782100174404,21.600406646728516,4733600
2018-01-09 00:00:00-05:00,21.623521887508716,21.708260064617242,21.30768146104709,21.384716033935547,2614700
2018-01-10 00:00:00-05:00,21.346191693029493,21.346191693029493,20.984131217752207,20.99953842163086,4141600
2018-01-11 00:00:00-05:00,21.05346432811542,21.27686439936386,20.968726167391946,21.1304988861084,3610000
2018-01-12 00:00:00-05:00,21.068870901690545,21.169014795559566,20.883988849639465,21.084278106689453,3957900
2018-01-16 00:00:00-05:00,21.153611293172663,21.276867485426074,20.953323470377335,21.199832916259766,4905900
2018-01-17 00:00:00-05:00,21.276869748673242,21.561895774801304,21.23835172533678,21.477157592773438,4922900
2018-01-18 00:00:00-05:00,21.507967738705265,21.569595094488463,21.238347506161745,21.438636779785156,4415100
2018-01-19 00:00:00-05:00,21.515668889104123,21.638923586619764,21.353896180294917,21.415523529052734,3563900
2018-01-22 00:00:00-05:00,21.538780406337636,21.638925776523944,21.369305547430397,21.40782356262207,2902200
2018-01-23 00:00:00-05:00,21.477156439489587,21.700556554907838,21.338495970861192,21.6312255859375,2774200
2018-01-24 00:00:00-05:00,21.592702055183647,21.70825314301714,21.477149498038358,21.677438735961914,4402500
2018-01-25 00:00:00-05:00,21.677445483737376,21.885438388168964,21.59270877658219,21.862327575683594,4441800
2018-01-26 00:00:00-05:00,21.90854445963498,21.947061002796683,21.700551600213146,21.9239501953125,3052600
2018-01-29 00:00:00-05:00,21.831510352503074,21.89313770441502,21.3538972732015,21.361600875854492,4638600
2018-01-30 00:00:00-05:00,21.407823658750495,21.561891312272877,21.3076782881145,21.430932998657227,4479500
2018-01-31 00:00:00-05:00,21.4848538098753,21.715957462492042,21.37700632024126,21.708253860473633,4541000
2018-02-01 00:00:00-05:00,21.7005557412782,21.816106862125583,21.315384358912105,21.353900909423828,5210800
2018-02-02 00:00:00-05:00,21.261462282514746,21.469455198082176,21.199834915233176,21.222944259643555,4374300
2018-02-05 00:00:00-05:00,21.16130893499844,21.4078197807407,20.729917526245117,20.729917526245117,4794200
2018-02-06 00:00:00-05:00,20.521928659353172,20.521928659353172,19.913358702211845,20.275419235229492,6675100
2018-02-07 00:00:00-05:00,20.26771253509025,20.67599462472833,20.221492392457666,20.306230545043945,5097700
2018-02-08 00:00:00-05:00,20.275419221120185,20.43719194890882,19.905655085191977,19.913358688354492,5480900
2018-02-09 00:00:00-05:00,19.967281000141877,20.583554515545778,19.936466589715703,20.414079666137695,4156900
2018-02-12 00:00:00-05:00,20.444894954809776,20.71451371106095,20.29082583468451,20.591259002685547,2870900
2018-02-13 00:00:00-05:00,20.52962666166873,20.70680507825615,20.35244824508131,20.622068405151367,3354700
2018-02-14 00:00:00-05:00,20.519322152330854,20.612732496953996,20.33249997835392,20.38698959350586,2990000
2018-02-15 00:00:00-05:00,20.441477188736556,20.830690383911133,20.394772021040147,20.830690383911133,3202800
2018-02-16 00:00:00-05:00,20.776197394302773,21.009724679525444,20.737275190278815,20.947450637817383,3285000
2018-02-20 00:00:00-05:00,20.869616597511477,21.017518066295242,20.745068461082273,20.807342529296875,3638100
2018-02-21 00:00:00-05:00,20.846262532511513,20.87739882094146,20.410342616646354,20.418127059936523,3811900
2018-02-22 00:00:00-05:00,21.126494415734975,21.42229731271558,20.581596764805,21.017515182495117,5750500
2018-02-23 00:00:00-05:00,21.087569642084336,21.609115348598504,20.98637338656628,21.58576202392578,3971300
2018-02-26 00:00:00-05:00,21.62468282884489,21.694741313587706,21.539055461996934,21.63246726989746,3515600
2018-02-27 00:00:00-05:00,21.67917620754585,21.70252805004065,21.196551171335425,21.212120056152344,3911900
2018-02-28 00:00:00-05:00,21.274396496383265,21.336670557903727,21.03308469358283,21.05643653869629,5170200
2018-03-01 00:00:00-05:00,21.05643550153941,21.266611005592573,20.737280766376017,20.7995548248291,5152500
2018-03-02 00:00:00-05:00,20.80734135284761,21.033085765318745,20.604950271410644,20.77620506286621,3971100
2018-03-05 00:00:00-05:00,20.760633012515026,21.204335841447882,20.690574514817143,21.13427734375,4651000
2018-03-06 00:00:00-05:00,21.1187125561584,21.126497000160768,20.737283708427633,20.83847999572754,3545100
2018-03-07 00:00:00-05:00,20.807336003715,20.86961005239926,20.65165162436957,20.791767120361328,3239900
2018-03-08 00:00:00-05:00,20.900748042381164,21.103139073949677,20.861825833581186,21.087570190429688,4357900
2018-03-09 00:00:00-05:00,21.165414310039154,21.165414310039154,20.978592151515553,21.11870765686035,4032900
2018-03-12 00:00:00-04:00,21.14206031559361,21.360020236017945,21.12649143169248,21.352235794067383,4252900
2018-03-13 00:00:00-04:00,21.391157854081325,21.476785236150928,21.2199045746727,21.258825302124023,3492700
2018-03-14 00:00:00-04:00,21.321101671340926,21.445649794381843,20.838478065740052,21.05643653869629,9242800
2018-03-15 00:00:00-04:00,21.118712937137108,21.352241807228346,20.60495150155965,20.955244064331055,9482000
2018-03-16 00:00:00-04:00,20.93188629314841,21.219904726431988,20.908534450402843,21.13427734375,13786600
2018-03-19 00:00:00-04:00,21.14206267127831,21.15763155691415,20.846261267850608,20.978593826293945,4955400
2018-03-20 00:00:00-04:00,20.96302356305807,21.009728732165676,20.70614290587041,20.869611740112305,7629600
2018-03-21 00:00:00-04:00,20.861831356186862,21.235477235927007,20.791772846531263,20.892969131469727,6536500
2018-03-22 00:00:00-04:00,20.651658101125822,21.017518066295242,20.55046181232028,20.807342529296875,7524500
2018-03-23 00:00:00-04:00,20.892966741185035,21.12649409016616,20.58159644763331,20.6283016204834,5078500
2018-03-26 00:00:00-04:00,20.74506766833781,20.95524319730461,20.573814358474593,20.892969131469727,4171600
2018-03-27 00:00:00-04:00,20.90853248414116,21.383371553657238,20.830689551271657,21.087570190429688,7689900
2018-03-28 00:00:00-04:00,21.17320044254999,21.17320044254999,20.69057538095351,20.978593826293945,5207200
2018-03-29 00:00:00-04:00,21.00195059542806,21.398948363862623,21.00195059542806,21.328889846801758,6023700
2018-04-02 00:00:00-04:00,21.383372340142923,21.40672566628185,20.838474759475872,21.001943588256836,3697200
2018-04-03 00:00:00-04:00,20.99416462259007,21.157634978743186,20.85404908339855,21.079792022705078,4728700
2018-04-04 00:00:00-04:00,21.04086615239908,21.243257194815836,20.92410100447095,21.173198699951172,4033800
2018-04-05 00:00:00-04:00,21.19655277195392,21.437866050646747,20.986377265246244,21.24325942993164,4783000
2018-04-06 00:00:00-04:00,21.21990511148353,21.21990511148353,20.81512300293526,20.931886672973633,5287900
2018-04-09 00:00:00-04:00,20.96302326712262,21.258824646935686,20.916318098674353,21.11870765686035,3886100
2018-04-10 00:00:00-04:00,21.072010281716924,21.188773988386927,21.02530509599514,21.09536361694336,2938600
2018-04-11 00:00:00-04:00,21.056436633117094,21.188769200032816,20.8462626024998,20.885183334350586,2973500
2018-04-12 00:00:00-04:00,20.939676033260493,20.947460477721968,20.542678274111164,20.65165901184082,3119300
2018-04-13 00:00:00-04:00,20.698359412053932,20.846260853191158,20.651654240806092,20.76063346862793,2902400
2018-04-16 00:00:00-04:00,20.82290620044029,21.110924621727815,20.77620103216385,21.072002410888672,3120700
2018-04-17 00:00:00-04:00,21.110922493756963,21.227686145043606,21.0019417991231,21.149843215942383,4225000
2018-04-18 00:00:00-04:00,21.14984296315258,21.305528819494217,21.103137800142235,21.126489639282227,2124500
2018-04-19 00:00:00-04:00,21.03308135644207,21.14206057562938,20.939669536616872,21.001943588256836,3098400
2018-04-20 00:00:00-04:00,21.025301882399415,21.072007060982582,20.721715994512536,20.768421173095703,5112000
2018-04-23 00:00:00-04:00,20.433690739381404,20.620512876545245,20.05226202374726,20.192378997802734,9942800
2018-04-24 00:00:00-04:00,20.27800551458723,20.285789956136256,19.686402804165567,19.74089241027832,11269300
2018-04-25 00:00:00-04:00,19.663058830592252,19.81874328141965,19.31276621795115,19.398393630981445,8430600
2018-04-26 00:00:00-04:00,19.484007779692917,19.61634028940902,19.37502710510135,19.546281814575195,8207100
2018-04-27 00:00:00-04:00,19.507366197735532,19.91993274601085,19.476229912152256,19.826520919799805,8006100
2018-04-30 00:00:00-04:00,19.849873288949013,19.912147341838846,19.639697803671872,19.717540740966797,5040100
2018-05-01 00:00:00-04:00,19.663054146161272,19.82652300329568,19.663054146161272,19.803171157836914,5886300
2018-05-02 00:00:00-04:00,19.83430400677353,19.927715826600203,19.725324787584494,19.818735122680664,5013100
2018-05-03 00:00:00-04:00,19.78760368768049,19.85766219853395,19.45288002132083,19.756465911865234,6267400
2018-05-04 00:00:00-04:00,21.001944825639743,21.07978776595864,20.270225046941672,20.542673110961914,8659000
2018-05-07 00:00:00-04:00,20.799550674872886,21.04864834371557,20.61272853678865,20.7294921875,8590800
2018-05-08 00:00:00-04:00,20.61272955461342,20.682788045445687,20.394771125117884,20.667219161987305,10349200
2018-05-09 00:00:00-04:00,20.8851810029553,20.931886172908737,20.43369373412388,20.449262619018555,6077900
2018-05-10 00:00:00-04:00,20.558242167055795,20.768417662246694,20.495968111228557,20.737279891967773,5820000
2018-05-11 00:00:00-04:00,20.72949895366735,20.854048571107224,20.67500933119851,20.768421173095703,2331100
2018-05-14 00:00:00-04:00,20.830695168061776,20.885184790343875,20.542676684202444,20.620519638061523,4872200
2018-05-15 00:00:00-04:00,20.534881813126987,20.62050916736514,20.114532451302615,20.285785675048828,5622300
2018-05-16 00:00:00-04:00,20.33930262492932,20.370774652783798,20.016706460533612,20.063915252685547,3850500
2018-05-17 00:00:00-04:00,20.087516364698068,20.18193393003885,19.851469449865835,19.898679733276367,3179000
2018-05-18 00:00:00-04:00,19.953758036119815,20.040307225835196,19.835733821592992,19.930152893066406,3239400
2018-05-21 00:00:00-04:00,19.96162735422266,19.9852309976439,19.812131109346854,19.843603134155273,3874900
2018-05-22 00:00:00-04:00,19.87507649430159,20.118990312313073,19.8514713503365,19.993099212646484,2824000
2018-05-23 00:00:00-04:00,20.02456997541736,20.370769701369902,19.977359694000132,20.347166061401367,4846800
2018-05-24 00:00:00-04:00,20.378641724478083,20.614688671539582,20.244882238032005,20.591083526611328,3115400
2018-05-25 00:00:00-04:00,20.56747855397804,20.591083699104036,20.425850684702787,20.441587448120117,2693800
2018-05-29 00:00:00-04:00,20.394372153334373,20.535999977434038,20.213403933980306,20.3314266204834,4411300
2018-05-30 00:00:00-04:00,20.355029963903018,20.677625978921796,20.237005787063186,20.551734924316406,5890700
2018-05-31 00:00:00-04:00,20.55960464477539,20.74057437393987,20.43371357276355,20.55960464477539,5086600
2018-06-01 00:00:00-04:00,20.559605107211272,20.606815385832554,20.11898634525924,20.189800262451172,4537200
2018-06-04 00:00:00-04:00,20.402247593253545,20.488798293654177,20.118991847026308,20.166200637817383,3768900
2018-06-05 00:00:00-04:00,20.150459864340096,20.268482559413318,20.07177756737795,20.189800262451172,3974200
2018-06-06 00:00:00-04:00,20.189803048515305,20.30782575987491,19.764920987472685,19.83573341369629,2916600
2018-06-07 00:00:00-04:00,19.87507649430159,20.111121930991377,19.749185394635003,19.993099212646484,3008000
2018-06-08 00:00:00-04:00,20.032433872823965,20.071775768148434,19.78852012477168,19.945884704589844,2999400
2018-06-11 00:00:00-04:00,19.945890591448304,20.056044929388214,19.749185558989723,19.843603134155273,2434300
2018-06-12 00:00:00-04:00,19.961623127199488,20.425845524818097,19.88294083072956,20.386505126953125,5509200
2018-06-13 00:00:00-04:00,20.386508327174475,20.66976403863497,20.150462901450872,20.1740665435791,4327300
2018-06-14 00:00:00-04:00,20.181930522401576,20.59894561767578,20.181930522401576,20.59894561767578,3977800
2018-06-15 00:00:00-04:00,20.51240310393746,20.536008251044144,20.307829664567645,20.37077522277832,5972500
2018-06-18 00:00:00-04:00,20.362900978626588,20.559605979002864,20.355034099262785,20.520265579223633,2893000
2018-06-19 00:00:00-04:00,20.48092561089003,20.764179796895586,20.473057230620416,20.756311416625977,2564500
2018-06-20 00:00:00-04:00,20.827122065860642,20.834990444893936,20.6382854712811,20.701231002807617,2698500
2018-06-21 00:00:00-04:00,20.65402287653197,20.897936631247656,20.646154497252127,20.866464614868164,3477100
2018-06-22 00:00:00-04:00,20.91367494855239,20.968752106876455,20.834992650629438,20.945148468017578,3397100
2018-06-25 00:00:00-04:00,20.97661781346505,21.472315176689563,20.960881055737964,21.393632888793945,4149500
2018-06-26 00:00:00-04:00,21.330693831127412,21.669026721223094,21.330693831127412,21.503793716430664,5472300
2018-06-27 00:00:00-04:00,21.48804657655964,21.72409339787594,21.393629048624756,21.684751510620117,3143900
2018-06-28 00:00:00-04:00,21.90506157703409,22.030952614773632,21.653279501555005,21.684751510620117,4000800
2018-06-29 00:00:00-04:00,21.684757458705423,21.92080434476891,21.574603145653104,21.802780151367188,3354400
2018-07-02 00:00:00-04:00,21.834258631496365,21.9129409447309,21.574608048340615,21.692630767822266,3652500
2018-07-03 00:00:00-04:00,21.716233639689513,21.873596748952252,21.66902485698471,21.724102020263672,2342600
2018-07-05 00:00:00-04:00,21.76343939657536,21.834253311157227,21.464448480027425,21.834253311157227,3538600
2018-07-06 00:00:00-04:00,21.88933983296832,22.04670448842693,21.818525888086004,21.9837589263916,2294300
2018-07-09 00:00:00-04:00,21.983749080121175,22.015221096672594,21.118246864228546,21.18119239807129,4217200
2018-07-10 00:00:00-04:00,21.094645372988044,21.4329782386594,20.890071977448617,21.330692291259766,4669700
2018-07-11 00:00:00-04:00,21.346429491645786,21.669027126005755,21.299220703997623,21.645421981811523,3167800
2018-07-12 00:00:00-04:00,21.700498419334462,21.960148993756995,21.64542125214487,21.89720344543457,4647000
2018-07-13 00:00:00-04:00,21.865728171506028,21.96801410954852,21.676890053867535,21.84212303161621,1978400
2018-07-16 00:00:00-04:00,21.873594843417397,21.90506836297219,21.755572146566948,21.818517684936523,2036500
2018-07-17 00:00:00-04:00,21.873594067112236,21.92080434476891,21.731967736362098,21.802780151367188,1630200
2018-07-18 00:00:00-04:00,21.834256346821604,21.834256346821604,21.535265388704303,21.724102020263672,3113900
2018-07-19 00:00:00-04:00,21.7555773092675,22.148987392620406,21.7555773092675,22.046701431274414,3368600
2018-07-20 00:00:00-04:00,21.999486128661584,22.023091268551404,21.724100333647172,21.84212303161621,2364300
2018-07-23 00:00:00-04:00,21.897199767177305,22.015222462864056,21.73196829336386,21.747703552246094,3427700
2018-07-24 00:00:00-04:00,21.72409754563784,22.015220063216955,21.448710285225825,21.975879669189453,6294500
2018-07-25 00:00:00-04:00,21.968014190428306,22.235533107204397,21.94440905045158,22.109642028808594,3755600
2018-07-26 00:00:00-04:00,22.235528718445604,22.45583881252436,22.03095538124527,22.164714813232422,3062300
2018-07-27 00:00:00-04:00,22.16471919481399,22.306347033237728,22.03095973638491,22.156850814819336,2710500
2018-07-30 00:00:00-04:00,22.15684753831488,22.16471591714598,21.952274190925774,22.054561614990234,2546800
2018-07-31 00:00:00-04:00,22.164716622526537,22.40863037109375,22.05456231686519,22.40863037109375,4365600
2018-08-01 00:00:00-04:00,22.282738944675504,22.282738944675504,21.897197380394616,21.975879669189453,3618200
2018-08-02 00:00:00-04:00,21.960150928921426,22.18832949966034,21.826391439356637,22.117515563964844,2634800
2018-08-03 00:00:00-04:00,22.10964025995523,22.251268087004767,21.8735933812927,22.007352828979492,2751600
2018-08-06 00:00:00-04:00,21.991612770003037,22.369285892525337,21.98374439235804,22.24339485168457,3699200
2018-08-07 00:00:00-04:00,22.24340572739455,22.298482897099415,22.10177786201614,22.25127410888672,2449400
2018-08-08 00:00:00-04:00,22.243402275212397,22.298479436369274,22.093906051543673,22.219797134399414,2127100
2018-08-09 00:00:00-04:00,22.21193334160308,22.251275251083417,22.07817385085073,22.188329696655273,1866300
2018-08-10 00:00:00-04:00,22.25127350125617,22.369296218935144,22.11751402102259,22.133249282836914,2973300
2018-08-13 00:00:00-04:00,22.17259329551735,22.243407232999786,22.07030582993586,22.204065322875977,2091400
2018-08-14 00:00:00-04:00,22.235536738701565,22.235536738701565,22.03096332771254,22.133249282836914,2538600
2018-08-15 00:00:00-04:00,22.155501710956692,22.40979856382125,22.08398247363952,22.211130142211914,2572200
2018-08-16 00:00:00-04:00,22.21906999928597,22.481313705444336,22.1078161959844,22.481313705444336,4620600
2018-08-17 00:00:00-04:00,22.489259106492113,22.64024749362952,22.457472955142833,22.481313705444336,3546000
2018-08-20 00:00:00-04:00,22.51310549110123,22.55283856916159,22.370063984932294,22.52899932861328,2443400
2018-08-21 00:00:00-04:00,22.552833488029087,22.552833488029087,22.25085822193368,22.298538208007812,2138200
2018-08-22 00:00:00-04:00,22.354166074282666,22.37800682620674,22.068084629791272,22.115764617919922,1626000
2018-08-23 00:00:00-04:00,22.0998705649006,22.21112589039395,21.94093676746927,22.020402908325195,2074500
2018-08-24 00:00:00-04:00,22.052193505723995,22.19523500341141,21.917098926321405,22.155500411987305,2553600
2018-08-27 00:00:00-04:00,22.19523133488839,22.23496440402556,21.86146840069009,21.996562957763672,1376600
2018-08-28 00:00:00-04:00,21.948877917709,21.988610977697242,21.83762262144758,21.89324951171875,2092500
2018-08-29 00:00:00-04:00,21.96477261392877,22.099867154543897,21.86941265332941,22.083974838256836,1886800
2018-08-30 00:00:00-04:00,22.099870870434795,22.16344469343014,21.996563976462173,22.068084716796875,2117000
2018-08-31 00:00:00-04:00,22.107814070547054,22.25085552716534,22.00450719394454,22.083974838256836,2625600
2018-09-04 00:00:00-04:00,21.996564899959893,22.203180212299117,21.9727241469409,22.187286376953125,3379600
2018-09-05 00:00:00-04:00,22.66408928262455,23.013744542088265,22.409793997298408,22.981958389282227,4729500
2018-09-06 00:00:00-04:00,22.934280205168758,23.045534022315188,22.830971790058864,22.966066360473633,2953200
2018-09-07 00:00:00-04:00,22.815073148261405,22.902487709444085,22.648192457697302,22.656139373779297,2139500
2018-09-10 00:00:00-04:00,22.77534385808651,22.8865976702338,22.70382311721482,22.830970764160156,1747600
2018-09-11 00:00:00-04:00,22.838913068436685,22.934274542243838,22.78328617359885,22.854806900024414,1960500
2018-09-12 00:00:00-04:00,22.886594810429575,22.93427630886565,22.672034130344535,22.711767196655273,2080700
2018-09-13 00:00:00-04:00,22.687926695631166,22.88659506079683,22.55283214668974,22.870702743530273,3485800
2018-09-14 00:00:00-04:00,22.84686382948778,23.093212197682547,22.687928518299213,22.981958389282227,4604100
2018-09-17 00:00:00-04:00,22.981956542992858,22.981956542992858,22.711767445110006,22.870702743530273,2741900
2018-09-18 00:00:00-04:00,22.830968015121762,22.87864951377465,22.672034233436797,22.7276611328125,2625500
2018-09-19 00:00:00-04:00,22.759449777590692,22.759449777590692,22.123711549727066,22.179338455200195,2459100
2018-09-20 00:00:00-04:00,22.203176417367104,22.298536381705162,21.996561140342237,22.250856399536133,2217300
2018-09-21 00:00:00-04:00,22.195226804974126,22.4336282025797,22.139599913247434,22.274694442749023,5666100
2018-09-24 00:00:00-04:00,22.32238275829667,22.346223513251278,22.076034353311137,22.107820510864258,2411100
2018-09-25 00:00:00-04:00,21.662800812628948,22.19523214334568,21.35287861805575,21.97272300720215,11382000
2018-09-26 00:00:00-04:00,21.789948382329968,21.869416038944692,21.527706176505014,21.65485382080078,57295500
2018-09-27 00:00:00-04:00,21.710487457903362,21.8853166598123,21.615127452971166,21.789955139160156,21037200
2018-09-28 00:00:00-04:00,21.85352227972934,22.060137581351302,21.83762844520777,21.97272300720215,16733300
2018-10-01 00:00:00-04:00,21.925038466997638,21.996559191775162,21.79789084866407,21.885305404663086,5079800
2018-10-02 00:00:00-04:00,22.028350057687774,22.227018443360095,21.78994860116879,22.179338455200195,10114600
2018-10-03 00:00:00-04:00,22.19523105543939,22.2349641240763,21.591279014697978,21.710479736328125,8010300
2018-10-04 00:00:00-04:00,21.678691864013672,21.81378640866445,21.432342007714478,21.678691864013672,6112000
2018-10-05 00:00:00-04:00,21.678690909029132,22.06013377745658,21.654850161357707,22.036293029785156,6178600
2018-10-08 00:00:00-04:00,22.147556307925715,22.441584723104466,22.091927876670493,22.211130142211914,5810800
2018-10-09 00:00:00-04:00,22.322379877432898,22.48131519184583,22.211126066775538,22.35416603088379,5600400
2018-10-10 00:00:00-04:00,22.393903413372886,22.608465659904006,22.131661172852525,22.155500411987305,6935400
2018-10-11 00:00:00-04:00,22.258805768542175,22.266752685732566,21.55154681151158,21.57538604736328,5412400
2018-10-12 00:00:00-04:00,21.63101408427696,21.789949404965483,21.487974114520746,21.726375579833984,7071300
2018-10-15 00:00:00-04:00,21.821728791164652,22.07602552853427,21.702528095480847,21.89324951171875,5247800
2018-10-16 00:00:00-04:00,21.86941622983405,22.21907149683967,21.734321667125677,22.05219078063965,4029100
2018-10-17 00:00:00-04:00,22.020396216904448,22.15549073731511,21.766101005712386,21.901195526123047,3526200
2018-10-18 00:00:00-04:00,21.940937968862286,22.1872863535875,21.8694172256002,22.060138702392578,4661700
2018-10-19 00:00:00-04:00,22.123716550616948,22.401852656572544,22.036301956131513,22.34622573852539,4859800
2018-10-22 00:00:00-04:00,22.346216712800917,22.40184360838015,22.06013380328576,22.09986686706543,4400500
2018-10-23 00:00:00-04:00,22.099872671084704,22.258807999382523,21.837630440397042,21.988618850708008,5157300
2018-10-24 00:00:00-04:00,22.147552301666764,22.48131525022504,22.036296975001008,22.179338455200195,6188900
2018-10-25 00:00:00-04:00,22.08397844985079,22.179338426045234,21.82968164332012,22.05219078063965,6621600
2018-10-26 00:00:00-04:00,22.123713266413677,22.227020168062793,21.400560407711044,21.59128189086914,5102600
2018-10-29 00:00:00-04:00,21.63100814819336,21.925037956062216,21.50386053282281,21.63100814819336,3933200
2018-10-30 00:00:00-04:00,21.710473907600427,21.853515341441263,21.503858671576882,21.694580078125,4479300
2018-10-31 00:00:00-04:00,21.543596136586014,21.662796842211385,21.2495663147055,21.464128494262695,5600700
2018-11-01 00:00:00-04:00,21.49591479862825,21.63100933684799,21.416448671444233,21.60717010498047,3889700
2018-11-02 00:00:00-04:00,21.654854481887405,21.678695234315484,21.352879196396024,21.42439842224121,4177500
2018-11-05 00:00:00-05:00,21.52770998043225,21.869419903251767,21.448242309775658,21.845579147338867,3788000
2018-11-06 00:00:00-05:00,21.92504205205428,22.1157635107403,21.845574398671914,22.091922760009766,3969600
2018-11-07 00:00:00-05:00,22.242907686977553,22.52899058832748,22.123706983321473,22.505149841308594,6670500
2018-11-08 00:00:00-05:00,22.783289532873013,22.783289532873013,22.028349094055347,22.298538208007812,6806200
2018-11-09 00:00:00-05:00,22.203179149482942,22.521048262589318,22.203179149482942,22.35416603088379,4999700
2018-11-12 00:00:00-05:00,22.40184681794801,22.62435443214415,22.282646093811586,22.330326080322266,3971300
2018-11-13 00:00:00-05:00,22.314435872090062,22.473371207243456,22.163447455266304,22.425689697265625,5826300
2018-11-14 00:00:00-05:00,22.41605280481768,22.464207161499736,21.96660857058658,22.03883934020996,5102600
2018-11-15 00:00:00-05:00,21.93450743018287,22.111074447631836,21.565321430753325,22.111074447631836,6089900
2018-11-16 00:00:00-05:00,22.32776933607305,22.416053602129814,22.038840124105064,22.255537033081055,5674100
2018-11-19 00:00:00-05:00,22.22343499350525,22.488286265115843,22.12712474437436,22.448156356811523,4004000
2018-11-20 00:00:00-05:00,22.4802593345005,22.62472393669884,22.287640375169183,22.35184669494629,3300600
2018-11-21 00:00:00-05:00,22.34382396492589,22.480262605655664,22.23146327166594,22.319746017456055,4565000
2018-11-23 00:00:00-05:00,22.287642115991193,22.367900404681166,22.10304912356393,22.19133186340332,2193200
2018-11-26 00:00:00-05:00,22.263565670826083,22.391978329065914,22.11910104760636,22.319746017456055,4387000
2018-11-27 00:00:00-05:00,22.311719720561957,22.504340236007042,22.239487409969954,22.43210792541504,3041000
2018-11-28 00:00:00-05:00,22.408026641813503,22.576567654233312,22.263562042139732,22.48025894165039,4747100
2018-11-29 00:00:00-05:00,22.480263918307998,22.480263918307998,22.062921989259575,22.263566970825195,5342300
2018-11-30 00:00:00-05:00,22.33579434197662,22.488284922832197,22.231459648211885,22.48025894165039,6082900
2018-12-03 00:00:00-05:00,22.552492918965918,22.79326624913159,22.416054290325505,22.769189834594727,5462000
2018-12-04 00:00:00-05:00,22.793268609333165,22.961811182541016,22.456184993717127,22.512365341186523,6221600
2018-12-06 00:00:00-05:00,22.56854471790139,22.65682745522511,22.191331231047315,22.608673095703125,4954300
2018-12-07 00:00:00-05:00,22.672886944292312,22.969842243309376,22.576576662481372,22.7772216796875,5079200
2018-12-10 00:00:00-05:00,22.809322539611127,22.969839144037866,22.400006576042763,22.8414249420166,4129100
2018-12-11 00:00:00-05:00,22.937732847536246,23.170481746894694,22.865500536066357,23.098249435424805,5297900
2018-12-12 00:00:00-05:00,23.1865291595459,23.435329991431235,23.138374801774305,23.1865291595459,5872000
2018-12-13 00:00:00-05:00,23.178507597801293,23.676107825655073,23.178507597801293,23.54769515991211,8195700
2018-12-14 00:00:00-05:00,23.716241415385618,23.74031936954745,23.443364058085066,23.515596389770508,6420800
2018-12-17 00:00:00-05:00,23.5878212731307,23.78044025320191,23.05811869523498,23.20258331298828,9647000
2018-12-18 00:00:00-05:00,23.17850123413398,23.371121710664116,22.656824731429722,22.71300506591797,6869100
2018-12-19 00:00:00-05:00,22.801292136831194,23.074169392986118,22.58459522209649,22.785240173339844,5648000
2018-12-20 00:00:00-05:00,22.777216238801262,23.017991120413736,22.504340488919865,22.79326820373535,6270200
2018-12-21 00:00:00-05:00,22.80129223091038,23.36309870902962,22.65682762049118,22.769189834594727,9960000
2018-12-24 00:00:00-05:00,22.841422700897706,22.921680995236414,21.798069466893388,21.846223831176758,2966600
2018-12-26 00:00:00-05:00,21.84622229359611,22.23948622429749,21.517164687686805,22.19133186340332,4880200
2018-12-27 00:00:00-05:00,22.151203986412504,22.568545872417857,21.798068426654165,22.54446792602539,5702100
2018-12-28 00:00:00-05:00,22.60064737335077,22.737086002561746,22.38395045681578,22.47223472595215,3812500
2018-12-31 00:00:00-05:00,22.47223682743663,22.672881799110176,22.287643820888892,22.656829833984375,3579000
2019-01-02 00:00:00-05:00,22.60064737335077,22.616699336975476,22.263563791229508,22.47223472595215,4027300
2019-01-03 00:00:00-05:00,22.504338254214524,22.79326594033918,22.44013040085407,22.60064697265625,7861600
2019-01-04 00:00:00-05:00,22.584601877171625,23.042072255882786,22.584601877171625,23.017995834350586,6656200
2019-01-07 00:00:00-05:00,23.194556389991718,23.435331253414176,22.97785947215136,23.106273651123047,7845400
2019-01-08 00:00:00-05:00,23.170483145642116,23.55572114287101,23.13035323084761,23.54769515991211,4658100
2019-01-09 00:00:00-05:00,23.491513164069197,23.619925820814945,23.210609903388022,23.258764266967773,4719600
2019-01-10 00:00:00-05:00,23.306921519835882,23.716235930320863,23.258765622649655,23.684133529663086,3436700
2019-01-11 00:00:00-05:00,23.660048388803254,23.67610034965246,23.451377490161253,23.579790115356445,3755100
2019-01-14 00:00:00-05:00,23.467433741372695,23.523614083816685,23.234686389704795,23.435331344604492,5985600
2019-01-15 00:00:00-05:00,23.515590904074983,23.852674529705805,23.435334137191212,23.507566452026367,5085300
2019-01-16 00:00:00-05:00,23.443353112885063,23.700179911637512,23.443353112885063,23.692153930664062,4743800
2019-01-17 00:00:00-05:00,23.660054097288825,23.8125447005494,23.595847769200102,23.708209991455078,3699600
2019-01-18 00:00:00-05:00,23.900831792265873,23.93293419469347,23.627954483032227,23.627954483032227,6719800
2019-01-22 00:00:00-05:00,23.66807688619922,23.764387130737305,23.339019307793148,23.764387130737305,7518700
2019-01-23 00:00:00-05:00,23.772413755574835,23.99713511424828,23.772413755574835,23.973058700561523,4802200
2019-01-24 00:00:00-05:00,23.916881100722307,24.21383634587907,23.77241800040791,24.173707962036133,6317600
2019-01-25 00:00:00-05:00,24.117521012620855,24.237909200446435,23.860695736085166,23.908851623535156,5605400
2019-01-28 00:00:00-05:00,23.908848432423508,24.093441383946008,23.764383850954008,23.965028762817383,6318400
2019-01-29 00:00:00-05:00,24.069372736234953,24.133579071588308,23.965038015335676,24.101476669311523,4339000
2019-01-30 00:00:00-05:00,23.997139901962665,24.39040388890148,23.997139901962665,24.245939254760742,3672000
2019-01-31 00:00:00-05:00,24.2379178394348,24.871955275518854,24.109505155397525,24.81577491760254,6464600
2019-02-01 00:00:00-05:00,24.76761939007785,24.847876165762717,24.518818486895178,24.727489471435547,4046400
2019-02-04 00:00:00-05:00,24.57499599058856,24.83182130090072,24.39842744164925,24.823795318603516,5069100
2019-02-05 00:00:00-05:00,24.735508106790647,24.84786878400948,24.671301786837113,24.743534088134766,6156800
2019-02-06 00:00:00-05:00,24.65525343076726,24.735511725149372,24.486712390284502,24.558944702148438,4231300
2019-02-07 00:00:00-05:00,24.583024825922994,24.76761939007785,24.454612147867362,24.727489471435547,4006500
2019-02-08 00:00:00-05:00,24.727486218235597,24.783666566143747,24.45460893056772,24.75959014892578,4929300
2019-02-11 00:00:00-05:00,24.74353389762579,24.831818160931952,24.47065665722439,24.7114315032959,4539600
2019-02-12 00:00:00-05:00,24.767612173961776,24.887998833213942,24.599069626369204,24.75156021118164,4621300
2019-02-13 00:00:00-05:00,24.687355041503906,24.791689742838834,24.583018809369484,24.687355041503906,3379700
2019-02-14 00:00:00-05:00,24.703405712213588,24.86392074669772,24.615121448227693,24.743534088134766,3626600
2019-02-15 00:00:00-05:00,24.83984863015917,24.91208094395127,24.671306054377705,24.79169273376465,3797400
2019-02-19 00:00:00-05:00,24.82379584131756,25.072595174571475,24.78366592898652,25.04851722717285,4638000
2019-02-20 00:00:00-05:00,25.071196476379527,25.16030145302417,24.925386366343147,25.095497131347656,4870300
2019-02-21 00:00:00-05:00,24.949691942663584,25.322318024597088,24.852486213503333,25.289915084838867,2875700
2019-02-22 00:00:00-05:00,25.33852233307022,25.451929544814227,25.17651070624388,25.435728073120117,3042400
2019-02-25 00:00:00-05:00,25.42762458591822,25.443826055859276,25.01449637276457,25.11980438232422,3382400
2019-02-26 00:00:00-05:00,25.330419116776113,25.330419116776113,25.038798835068178,25.05500030517578,4009000
2019-02-27 00:00:00-05:00,25.038800182256765,25.25751540530548,24.88488929806797,25.241313934326172,6019700
2019-02-28 00:00:00-05:00,24.455552261999944,24.479852914597263,23.653598280096713,24.415048599243164,11266700
2019-03-01 00:00:00-05:00,24.382652255692392,24.52846238165244,24.16393706675232,24.439355850219727,5962300
2019-03-04 00:00:00-05:00,24.43935891982728,24.59326979934503,24.21254296817256,24.577068328857422,4788300
2019-03-05 00:00:00-05:00,24.53656311587878,24.59326671040612,24.350249318787014,24.439355850219727,4568800
2019-03-06 00:00:00-05:00,24.471755354870307,24.504158289276855,24.253041727853933,24.38265037536621,4118000
2019-03-07 00:00:00-05:00,24.431259001483248,24.5527669440886,24.23684598430322,24.325952529907227,5644200
2019-03-08 00:00:00-05:00,24.366454662423237,24.3988576044819,24.1072373061832,24.325952529907227,3960500
2019-03-11 00:00:00-04:00,24.325951237563388,24.649972915649414,24.301649032310475,24.649972915649414,4084800
2019-03-12 00:00:00-04:00,24.649971922957896,24.89298778547149,24.568966120434304,24.85248565673828,3943900
2019-03-13 00:00:00-04:00,24.876783920780703,24.91728759067133,24.625667347686914,24.63376808166504,6378400
2019-03-14 00:00:00-04:00,24.641868815643164,24.803880405091622,24.51226016210721,24.63376808166504,5730200
2019-03-15 00:00:00-04:00,24.641871349754176,24.957792282104492,24.58516775113306,24.957792282104492,9949200
2019-03-18 00:00:00-04:00,24.949688252747602,24.973990453972114,24.609465160889364,24.77147674560547,5015200
2019-03-19 00:00:00-04:00,24.69047172537566,24.76337678627212,24.47175654268628,24.520360946655273,3641300
2019-03-20 00:00:00-04:00,24.6013669667134,24.730975621702914,24.479857500735818,24.51226043701172,3466400
2019-03-21 00:00:00-04:00,24.496057093354906,24.917285962348334,24.447454237719334,24.803878784179688,2916500
2019-03-22 00:00:00-04:00,24.884883880615234,25.046895465023674,24.828180289589373,24.884883880615234,3836600
2019-03-25 00:00:00-04:00,24.836284574195222,25.014496106478088,24.763379505293777,24.949691772460938,2888500
2019-03-26 00:00:00-04:00,24.94969229453359,25.168407505814542,24.925391634429417,25.05500030517578,2445500
2019-03-27 00:00:00-04:00,25.087398912644712,25.111701115105674,24.698572943611605,24.739076614379883,3800200
2019-03-28 00:00:00-04:00,24.747175518674908,24.82818131422215,24.415053147482546,24.5689640045166,4122700
2019-03-29 00:00:00-04:00,24.593269765690636,24.933492920178512,24.49606248795527,24.868688583374023,4084500
2019-04-01 00:00:00-04:00,24.860587848141304,24.917291449713073,24.658074102495124,24.868688583374023,3133500
2019-04-02 00:00:00-04:00,24.957793320910287,24.99829699665208,24.76338031252143,24.93349266052246,3940600
2019-04-03 00:00:00-04:00,24.868688583374023,25.02259791762389,24.674274027903298,24.868688583374023,3372000
2019-04-04 00:00:00-04:00,25.03069361539301,25.063096549802747,24.64186767281787,24.730974197387695,2680500
2019-04-05 00:00:00-04:00,24.81197891259548,25.006393432617188,24.714773197641613,25.006393432617188,3856900
2019-04-08 00:00:00-04:00,24.93349141384621,24.94969133827568,24.61756893908537,24.674272537231445,4356900
2019-04-09 00:00:00-04:00,24.682375250345032,24.730979662700754,24.447460104188213,24.560867309570312,4005600
2019-04-10 00:00:00-04:00,24.601370603262207,24.72287854214392,24.366453915707922,24.463661193847656,4637300
2019-04-11 00:00:00-04:00,24.496056392508837,24.601364379272734,24.382649217584838,24.53656005859375,4812800
2019-04-12 00:00:00-04:00,24.455554192644637,24.81197718270162,24.317844818513613,24.76337432861328,5162400
2019-04-15 00:00:00-04:00,24.860585440205362,24.925389770733062,24.625668776381765,24.706674575805664,4584900
2019-04-16 00:00:00-04:00,24.6094613206972,24.706668565369522,24.28543974688403,24.42314910888672,3432600
2019-04-17 00:00:00-04:00,24.415057984153023,24.44746092681382,24.269247832294116,24.309751510620117,3000200
2019-04-18 00:00:00-04:00,24.431252071829853,24.67426788811182,24.39074995080182,24.53656005859375,3892500
2019-04-22 00:00:00-04:00,24.496060561395236,24.70667502570978,24.47175835760839,24.690473556518555,3154700
2019-04-23 00:00:00-04:00,24.77147585038469,24.892983762002086,24.62566573842105,24.803878784179688,3940200
2019-04-24 00:00:00-04:00,24.844380195554702,24.917285249450668,24.52845932537677,24.53656005859375,6149900
2019-04-25 00:00:00-04:00,24.455555878352573,24.803879704285333,24.31784649472932,24.714773178100586,4768600
2019-04-26 00:00:00-04:00,24.876786043770174,25.014495443036402,24.674272312205556,24.682373046875,2843200
2019-04-29 00:00:00-04:00,24.59327076727881,24.730980181728874,24.54466635390303,24.666175842285156,2378500
2019-04-30 00:00:00-04:00,24.730972960700456,25.144101083424175,24.617564240994398,25.111698150634766,4436200
2019-05-01 00:00:00-04:00,25.022597657039906,25.184609269892576,24.909190455077386,24.93349266052246,6036200
2019-05-02 00:00:00-04:00,24.925386876560893,25.136001312585023,24.868683287065345,24.9091854095459,5859300
2019-05-03 00:00:00-04:00,24.957792709268496,25.241312252283816,24.957792709268496,25.233211517333984,2679400
2019-05-06 00:00:00-04:00,25.23321222761978,25.2494136979755,25.06310142405649,25.152206420898438,2891100
2019-05-07 00:00:00-04:00,25.136005357836204,25.20891042607969,24.868687289295817,24.957792282104492,4483700
2019-05-08 00:00:00-04:00,24.88488952224687,24.982096803941108,24.633772900034636,24.666175842285156,3748200
2019-05-09 00:00:00-04:00,24.609468460382505,24.66617360417572,23.605000517617626,23.694107055664062,9882700
2019-05-10 00:00:00-04:00,23.50779518125633,24.066731988153713,23.297180707403047,24.026229858398438,7523000
2019-05-13 00:00:00-04:00,23.904719971480244,24.4555575434786,23.880417768577818,24.431255340576172,6339700
2019-05-14 00:00:00-04:00,24.366453757656853,24.415056623882826,24.001928398318903,24.123437881469727,8550200
2019-05-15 00:00:00-04:00,24.17905551375969,24.260852361480865,24.031821499890597,24.06454086303711,5835400
2019-05-16 00:00:00-04:00,24.04817923648999,24.32628756016201,23.982742075634516,24.211772918701172,4546200
2019-05-17 00:00:00-04:00,24.097261570955652,24.473526491773622,24.097261570955652,24.350831985473633,4612500
2019-05-20 00:00:00-04:00,24.375367821136166,24.563501045181876,24.170876475119435,24.24449348449707,3895100
2019-05-21 00:00:00-04:00,24.244498222791123,24.4653492940867,24.129983545887693,24.146343231201172,3804700
2019-05-22 00:00:00-04:00,24.162695362013448,24.27721000311371,24.01546136051598,24.170873641967773,6442100
2019-05-23 00:00:00-04:00,24.187235354546317,24.21995471769283,23.86004952380673,24.06454086303711,6392600
2019-05-24 00:00:00-04:00,24.211774448718486,24.30992941613193,24.02364279438849,24.040000915527344,3848500
2019-05-28 00:00:00-04:00,24.12179978141258,24.138159464066238,23.573762893676758,23.573762893676758,6517400
2019-05-29 00:00:00-04:00,23.655559433105473,23.66373927432383,23.238396891840445,23.271116256713867,4157400
2019-05-30 00:00:00-04:00,23.2792945968084,23.393810814010536,23.066624965172696,23.123882293701172,3999300
2019-05-31 00:00:00-04:00,23.140246836407627,23.344738229899477,23.06662980993892,23.262941360473633,5326400
2019-06-03 00:00:00-04:00,23.40198490184624,23.508319691521567,23.13205644789908,23.442882537841797,4841700
2019-06-04 00:00:00-04:00,23.475607918045238,23.590122576330415,23.025726005940935,23.573762893676758,5360500
2019-06-05 00:00:00-04:00,23.68827868873041,23.876411927985302,23.55740434151109,23.75371742248535,5904100
2019-06-06 00:00:00-04:00,23.87641214671823,24.05636398575702,23.77007576353758,23.843692779541016,4823300
2019-06-07 00:00:00-04:00,24.056362610943165,24.16269898804672,23.549224929841483,23.573762893676758,4009000
2019-06-10 00:00:00-04:00,23.581938725817103,23.70463320456971,23.377447407847775,23.655555725097656,3184300
2019-06-11 00:00:00-04:00,23.60648424202935,23.65556173396783,23.336555696149706,23.426530838012695,6415600
2019-06-12 00:00:00-04:00,23.50832790518511,23.770076611357567,23.451070570728053,23.704639434814453,2896200
2019-06-13 00:00:00-04:00,24.179057136079734,24.179057136079734,23.86005112472272,23.93366813659668,4925600
2019-06-14 00:00:00-04:00,24.023642819446213,24.326289122789262,23.966383934892722,24.228134155273438,4508700
2019-06-17 00:00:00-04:00,24.228132598951287,24.33446740028707,24.089078437115276,24.211772918701172,4389200
2019-06-18 00:00:00-04:00,24.367193943393282,24.375372225784034,23.99910882999185,24.162702560424805,3700100
2019-06-19 00:00:00-04:00,24.015458808154623,24.61257303063755,24.015458808154623,24.52259635925293,3814400
2019-06-20 00:00:00-04:00,24.628933570740436,24.735268364160262,24.26902843275549,24.57167625427246,2881000
2019-06-21 00:00:00-04:00,24.57168254013528,24.57168254013528,24.195417626863,24.473526000976562,6042400
2019-06-24 00:00:00-04:00,24.538965726319308,24.6125827483099,24.269037165735615,24.416271209716797,3363500
2019-06-25 00:00:00-04:00,24.39990554484365,24.44898302742761,24.11361736950464,24.13815689086914,4435300
2019-06-26 00:00:00-04:00,24.064543312318882,24.097261118650298,23.393811900999612,23.434709548950195,5227400
2019-06-27 00:00:00-04:00,23.541045281584797,23.614662293984807,23.279295037415192,23.320194244384766,5255600
2019-06-28 00:00:00-04:00,23.28747397544261,23.557402490389855,23.271115853434566,23.41834831237793,5489500
2019-07-01 00:00:00-04:00,23.393809697001135,23.44288718194716,23.115701348731818,23.3038330078125,3337600
2019-07-02 00:00:00-04:00,23.729174789989035,23.933666125759213,23.532863294867074,23.72099494934082,4275100
2019-07-03 00:00:00-04:00,23.75371736313994,24.309932557359772,23.745537521441012,24.072723388671875,2772500
2019-07-05 00:00:00-04:00,23.868229015355517,24.089080032927683,23.606480354593728,24.080900192260742,3883800
2019-07-08 00:00:00-04:00,24.146337609634852,24.162697291139594,23.7046355698774,23.851869583129883,4059200
2019-07-09 00:00:00-04:00,23.851868299212256,23.925485301875785,23.712814134197263,23.79461097717285,3367500
2019-07-10 00:00:00-04:00,23.900945625277824,24.007281988497045,23.663736498353032,23.72917366027832,4321400
2019-07-11 00:00:00-04:00,23.720997355637632,23.79461436879433,23.4592486689228,23.77007484436035,5126900
2019-07-12 00:00:00-04:00,23.761894634294492,23.835511646309268,23.57376296365461,23.614662170410156,3580100
2019-07-15 00:00:00-04:00,23.639201130634458,23.720997987447817,23.532866308878788,23.712818145751953,3846000
2019-07-16 00:00:00-04:00,23.68827387607406,23.778250556561602,23.410167114843865,23.639196395874023,4179200
2019-07-17 00:00:00-04:00,23.79461082220361,23.843688303611323,23.688274458984388,23.72917366027832,3019300
2019-07-18 00:00:00-04:00,23.663735071692663,23.958203062675814,23.541040595497986,23.92548370361328,2646500
2019-07-19 00:00:00-04:00,23.884592629922967,23.925490279847473,23.410172714130095,23.426530838012695,4040100
2019-07-22 00:00:00-04:00,23.508332720930518,23.541052095977403,23.336560682371385,23.45925521850586,3184900
2019-07-23 00:00:00-04:00,23.459248366025083,23.54922506097602,23.393811195191276,23.46742820739746,4899000
2019-07-24 00:00:00-04:00,23.532863362398732,23.5737610056121,23.181138014241473,23.2547550201416,3576600
2019-07-25 00:00:00-04:00,23.140237589466373,23.385626539539878,23.13205774977794,23.352907180786133,3548800
2019-07-26 00:00:00-04:00,23.41834938010124,23.655560101702488,23.41834938010124,23.557403564453125,2340900
2019-07-29 00:00:00-04:00,23.56558064096124,23.598300002920485,23.32837150733689,23.524682998657227,2081100
2019-07-30 00:00:00-04:00,23.45924788392233,23.82733137724368,23.4347083603095,23.59012222290039,4805000
2019-07-31 00:00:00-04:00,23.55740013513381,23.90912546553661,23.50014281346731,23.72917366027832,8457700
2019-08-01 00:00:00-04:00,23.753713335757567,23.933665142187845,23.573759969182273,23.79461097717285,5254700
2019-08-02 00:00:00-04:00,23.84369460661336,24.08090535638904,23.631023384100985,23.990928649902344,4187900
2019-08-05 00:00:00-04:00,23.990920635180096,24.11361511021685,23.23839254543782,23.352907180786133,4359000
2019-08-06 00:00:00-04:00,23.418348327530754,23.663738879552128,23.099342326062644,23.606481552124023,6017900
2019-08-07 00:00:00-04:00,23.598297867393924,23.65555518549606,22.444966985166882,22.952104568481445,8669900
2019-08-08 00:00:00-04:00,22.804880429105303,22.93575636151568,22.575851057714708,22.76398277282715,5609200
2019-08-09 00:00:00-04:00,22.78033094558704,22.927564930005193,22.567659808110232,22.592199325561523,4311900
2019-08-12 00:00:00-04:00,22.575846009174928,22.74761799930524,22.37135465322252,22.70672035217285,5385000
2019-08-13 00:00:00-04:00,22.73944237837012,22.968473301198046,22.63310754000265,22.90303611755371,5280700
2019-08-14 00:00:00-04:00,22.975760588827754,23.13278961408174,22.711291647153185,22.727821350097656,5185000
2019-08-15 00:00:00-04:00,22.71955400596622,23.091464399616726,22.66996647893251,22.78567123413086,4620700
2019-08-16 00:00:00-04:00,22.81872991874063,23.116256647944716,22.802200218129563,23.033611297607422,3940600
2019-08-19 00:00:00-04:00,23.083198056140642,23.388989625490314,23.03361053231401,23.231962203979492,2851700
2019-08-20 00:00:00-04:00,23.23197000262004,23.273292690287175,22.934441607066308,23.000558853149414,2565200
2019-08-21 00:00:00-04:00,22.975757378288264,23.10799183064764,22.90137530179124,23.074934005737305,2808500
2019-08-22 00:00:00-04:00,23.07493440111522,23.273286083052948,23.0170820242616,23.157581329345703,3054100
2019-08-23 00:00:00-04:00,23.248491394278904,23.26502109509912,22.579054274650538,22.661701202392578,2818800
2019-08-26 00:00:00-04:00,22.678231022126695,22.80220062621028,22.587319243497852,22.793935775756836,2183500
2019-08-27 00:00:00-04:00,22.893115409789427,22.917908388045046,22.53773467543925,22.54599952697754,5153200
2019-08-28 00:00:00-04:00,22.55425930680887,22.636904650889058,22.446817837330396,22.57078742980957,3563600
2019-08-29 00:00:00-04:00,22.711285720852555,22.959226471244033,22.60384583246742,22.82699203491211,4742100
2019-08-30 00:00:00-04:00,22.909642525501344,23.132788778109923,22.876584697166283,22.884849548339844,4347300
2019-09-03 00:00:00-04:00,22.835262393078455,23.39725971004224,22.826999117557794,23.3807315826416,5282100
2019-09-04 00:00:00-04:00,23.397260574777498,23.471642668087032,23.12452675809566,23.265026092529297,2687000
2019-09-05 00:00:00-04:00,23.107993152097862,23.33940424513972,23.074935325297087,23.132787704467773,3999000
2019-09-06 00:00:00-04:00,23.364200107041,23.612139339200343,23.306347724627766,23.55428695678711,5483900
2019-09-09 00:00:00-04:00,23.4633750452781,23.851815170328504,23.355935132273018,23.78569793701172,4254700
2019-09-10 00:00:00-04:00,23.785694533623275,24.26504480067169,23.71957730976691,24.22372055053711,7623800
2019-09-11 00:00:00-04:00,24.12454725697386,25.149365089439264,24.12454725697386,25.132835388183594,7663200
2019-09-12 00:00:00-04:00,25.20722063613398,25.223750339467507,24.620430355027246,24.69481086730957,5511300
2019-09-13 00:00:00-04:00,24.554314695292906,24.917960333538453,24.554314695292906,24.670021057128906,3385300
2019-09-16 00:00:00-04:00,24.793986860291678,25.116308185040516,24.661752389812197,25.07498550415039,3758600
2019-09-17 00:00:00-04:00,25.074987153459652,25.074987153459652,24.53778438475729,24.719606399536133,4519300
2019-09-18 00:00:00-04:00,24.818780849513438,24.82704570077512,24.479929829580552,24.76919174194336,5544000
2019-09-19 00:00:00-04:00,24.843569749428006,24.967539345288,24.678277480400997,24.827041625976562,3456000
2019-09-20 00:00:00-04:00,24.93448459312372,25.141101137124956,24.93448459312372,25.06671905517578,5439200
2019-09-23 00:00:00-04:00,25.09977977619472,25.223749393830005,25.017132838984793,25.12457275390625,2840100
2019-09-24 00:00:00-04:00,25.1658935546875,25.35598038071448,25.108039603134117,25.1658935546875,4089600
2019-09-25 00:00:00-04:00,25.15763072307245,25.364247266121826,25.083248641465946,25.29813003540039,3125300
2019-09-26 00:00:00-04:00,25.38077730921885,25.38077730921885,24.868369126501673,24.893163681030273,4808800
2019-09-27 00:00:00-04:00,24.934482762130695,25.008864838617836,24.703071682353038,24.793983459472656,4955400
2019-09-30 00:00:00-04:00,24.8435723903913,25.01713110413237,24.78572001126398,24.9427490234375,5482300
2019-10-01 00:00:00-04:00,24.94274944933151,25.0584542095618,24.678280525171356,24.703073501586914,4112100
2019-10-02 00:00:00-04:00,24.678282914770755,24.686547766495938,24.050168370890454,24.06669807434082,5012900
2019-10-03 00:00:00-04:00,24.091483211274678,24.09974806030962,23.645192397899418,23.88486671447754,9665800
2019-10-04 00:00:00-04:00,23.96751677684295,24.19892785114308,23.661723627816315,24.17413330078125,4380700
2019-10-07 00:00:00-04:00,24.09148765020511,24.13281190299392,23.818753887235207,23.82701873779297,2923700
2019-10-08 00:00:00-04:00,23.959258916226748,23.959258916226748,23.28982162475586,23.28982162475586,4239600
2019-10-09 00:00:00-04:00,23.31461202852126,23.38073084146507,23.04187823056509,23.256759643554688,4512500
2019-10-10 00:00:00-04:00,23.24023280221403,23.49643691110621,23.1741155619722,23.273290634155273,5663100
2019-10-11 00:00:00-04:00,23.26502395130303,23.52122804003393,23.20717156768888,23.364200592041016,3435200
2019-10-14 00:00:00-04:00,23.43858435856775,23.479907042294343,23.041879343539453,23.05014419555664,2876700
2019-10-15 00:00:00-04:00,23.058410482947416,23.3063513298192,23.050145630415745,23.28982162475586,5200800
2019-10-16 00:00:00-04:00,23.28155482005303,23.678258250152762,23.223702433541735,23.653465270996094,6323200
2019-10-17 00:00:00-04:00,23.653465630669547,23.810493088913876,23.49643659606589,23.727846145629883,3738400
2019-10-18 00:00:00-04:00,23.669992446899414,23.802226918284163,23.496435294341648,23.669992446899414,3528600
2019-10-21 00:00:00-04:00,23.62866825122682,23.793962118042725,23.587345572702414,23.75263786315918,3142900
2019-10-22 00:00:00-04:00,23.909665067451435,24.240251199676816,23.8022235892538,24.20719337463379,5306300
2019-10-23 00:00:00-04:00,24.25678144540808,24.471662830272546,24.149339964796322,24.463397979736328,4787600
2019-10-24 00:00:00-04:00,24.45513633963971,24.98407423252343,24.43034178477606,24.92622184753418,6277300
2019-10-25 00:00:00-04:00,24.942752456774105,24.98407514002189,24.37249028507063,24.413814544677734,4688100
2019-10-28 00:00:00-04:00,24.27331175729376,24.389016514994275,24.074958492151314,24.083223342895508,3258500
2019-10-29 00:00:00-04:00,24.083229022897196,24.15761112077877,23.868347581945923,24.00058364868164,4098100
2019-10-30 00:00:00-04:00,23.99231341529919,24.116283025179676,23.843549252898963,24.03363609313965,2671500
2019-10-31 00:00:00-04:00,24.091492607920042,24.165874701887702,23.901405735051295,24.025375366210938,2497200
2019-11-01 00:00:00-04:00,24.02537343233966,24.099755520320095,23.91793351434529,23.984050750732422,2698600
2019-11-04 00:00:00-05:00,23.934461566977184,24.198932088065142,23.802227094612835,23.893138885498047,3807100
2019-11-05 00:00:00-05:00,23.876607475091536,24.025371639954024,23.711315184634774,23.75263786315918,4277500
2019-11-06 00:00:00-05:00,23.769170450754288,24.066698816600013,23.769170450754288,23.777435302734375,4258100
2019-11-07 00:00:00-05:00,23.752640249574423,24.05843346099899,23.28155473108626,23.96752166748047,5567100
2019-11-08 00:00:00-05:00,23.843550319119007,24.025372316650373,23.653463470378146,23.78569793701172,5554900
2019-11-11 00:00:00-05:00,23.727841577644863,23.760900979137737,22.752612878990533,22.893112182617188,6151400
2019-11-12 00:00:00-05:00,22.90964521657733,23.124526643253347,22.78567558713023,23.091468811035156,3945400
2019-11-13 00:00:00-05:00,23.141054847306865,23.298083875151324,23.00055552267956,23.215436935424805,3699200
2019-11-14 00:00:00-05:00,23.223703198526916,23.37246738380441,21.975738904249376,22.058385848999023,14507800
2019-11-15 00:00:00-05:00,21.223649177896558,22.22367237763335,20.736034064788203,21.0583553314209,18684100
2019-11-18 00:00:00-05:00,21.174063338629644,21.198856314121702,20.736035714080785,20.793888092041016,7553500
2019-11-19 00:00:00-05:00,20.777359785289363,20.959183358349346,20.496361150886823,20.94265365600586,8463600
2019-11-20 00:00:00-05:00,20.915900792400432,20.982778108028786,20.372522403609928,20.43939971923828,7025100
2019-11-21 00:00:00-05:00,20.30564329387631,20.548072943678857,20.27220384177619,20.51463508605957,9359600
2019-11-22 00:00:00-05:00,20.481193773674242,20.915897044607185,20.330719441852786,20.690185546875,6148400
2019-11-25 00:00:00-05:00,20.71526886644847,20.823943906523997,20.589872504347735,20.73198699951172,4667300
2019-11-26 00:00:00-05:00,20.665113380527984,20.715272572133475,20.35580633803376,20.472841262817383,6035800
2019-11-27 00:00:00-05:00,20.40596032143773,20.62331199645996,20.314003414260366,20.62331199645996,3089200
2019-11-29 00:00:00-05:00,20.63167359090284,20.773788098243006,20.497918948051048,20.531356811523438,2116100
2019-12-02 00:00:00-05:00,20.51463662519522,20.656749523840425,20.364162268416816,20.389240264892578,3248500
2019-12-03 00:00:00-05:00,20.36416231374776,20.548074531063556,20.28892513519108,20.397600173950195,4086700
2019-12-04 00:00:00-05:00,20.297285196191837,20.74870667743967,20.297285196191837,20.665109634399414,4275900
2019-12-05 00:00:00-05:00,20.623314123838796,20.77378849856708,20.581516395072562,20.723630905151367,3638100
2019-12-06 00:00:00-05:00,20.69019152844488,21.007858413976567,20.648393799513208,20.915903091430664,4797700
2019-12-09 00:00:00-05:00,20.940977363562297,21.032934264221286,20.748705293530655,20.932619094848633,3763200
2019-12-10 00:00:00-05:00,20.94933877337246,21.03293581700859,20.782146280581188,20.865741729736328,4253300
2019-12-11 00:00:00-05:00,20.81559017829958,21.074739653697414,20.807230312063336,20.99114418029785,4811600
2019-12-12 00:00:00-05:00,20.94933683979859,21.17504835843921,20.623310153638254,20.74870491027832,6812000
2019-12-13 00:00:00-05:00,20.706906405904302,21.743505466435963,20.706906405904302,21.684988021850586,13385300
2019-12-16 00:00:00-05:00,21.66826675005744,22.044452573375374,21.66826675005744,22.027732849121094,7094600
2019-12-17 00:00:00-05:00,21.98593730613923,22.429000507919813,21.95249944638121,22.07789421081543,10974200
2019-12-18 00:00:00-05:00,22.128057870131546,22.529323458710703,22.11133973290517,22.44572639465332,6808600
2019-12-19 00:00:00-05:00,22.35376566616823,22.562757493557026,22.22837088863117,22.387205123901367,8020500
2019-12-20 00:00:00-05:00,22.67979605198234,22.780112846824558,22.245094192949686,22.345409393310547,15120400
2019-12-23 00:00:00-05:00,22.38720872219537,22.546041388513622,22.119697800776574,22.345409393310547,4651700
2019-12-24 00:00:00-05:00,22.38720312581181,22.52931761953152,22.353763671063188,22.3704833984375,1963700
2019-12-26 00:00:00-05:00,22.428999002746902,22.596193073759707,22.41227927674946,22.49587631225586,1994300
2019-12-27 00:00:00-05:00,22.487516449257136,22.562753621764813,22.403919413750735,22.49587631225586,3099700
2019-12-30 00:00:00-05:00,22.428999002746902,22.52095590125203,22.25344666321621,22.49587631225586,3557300
2019-12-31 00:00:00-05:00,22.495878595705594,22.805187180131476,22.470799004163712,22.79682731628418,3443200
2020-01-02 00:00:00-05:00,22.84698664111649,22.855346505599083,22.311968070079562,22.529319763183594,3385800
2020-01-03 00:00:00-05:00,22.378847209983775,22.520961728773948,22.34540774933609,22.395566940307617,3405400
2020-01-06 00:00:00-05:00,22.37884321672027,22.571115297691843,22.303606038169487,22.362123489379883,3513900
2020-01-07 00:00:00-05:00,22.370489282503563,22.470804484173208,22.044462485355144,22.462446212768555,4252100
2020-01-08 00:00:00-05:00,22.50424164924995,22.520961379314347,22.25345207620881,22.270170211791992,5922600
2020-01-09 00:00:00-05:00,22.24509231391367,22.24509231391367,21.994301145233056,22.111337661743164,5709400
2020-01-10 00:00:00-05:00,22.09461566617527,22.102975530388917,21.65155242973829,21.985939025878906,8430700
2020-01-13 00:00:00-05:00,21.985937340428286,22.136411695776406,21.902341893662392,21.969219207763672,4303600
2020-01-14 00:00:00-05:00,22.220010802241465,22.42064276319286,22.111335754656533,22.286888122558594,4837200
2020-01-15 00:00:00-05:00,22.32032407325783,22.663070485345088,22.286884621112325,22.57111358642578,3302800
2020-01-16 00:00:00-05:00,22.646356406895883,22.71323373338415,22.387206966064007,22.612916946411133,4761000
2020-01-17 00:00:00-05:00,22.621276811532322,22.73831332874771,22.487522158555787,22.612916946411133,4882400
2020-01-21 00:00:00-05:00,22.629634902494207,22.713231952670856,22.41228320982737,22.579477310180664,5347700
2020-01-22 00:00:00-05:00,22.629634310586017,22.796828406566128,21.877264067637654,21.885623931884766,11147400
2020-01-23 00:00:00-05:00,21.86054857254676,22.546041628748412,21.82711070356397,22.512603759765625,5030500
2020-01-24 00:00:00-05:00,22.46243793855422,22.46243793855422,21.95249746871637,22.11968994140625,6227400
2020-01-27 00:00:00-05:00,22.111335303043628,22.261808074823026,21.85218429693682,21.910701751708984,4298500
2020-01-28 00:00:00-05:00,21.96922474707324,22.111339274681267,21.78531089106206,21.99430274963379,4442200
2020-01-29 00:00:00-05:00,22.011020821975375,22.286889990717928,21.99430109187432,22.220012664794922,3266400
2020-01-30 00:00:00-05:00,22.203291118065348,22.34540562333437,22.094616070262497,22.29524803161621,2631500
2020-01-31 00:00:00-05:00,22.261802595030012,22.32032162987864,21.902338090700994,22.13640785217285,5125400
2020-02-03 00:00:00-05:00,22.17820905228633,22.370481114013607,22.011014984578644,22.01937484741211,5998600
2020-02-04 00:00:00-05:00,21.99429924806745,22.35376544269961,21.927421927750846,22.16985321044922,5840800
2020-02-05 00:00:00-05:00,22.1782112720785,22.52095771015164,22.08625436618733,22.362123489379883,4011900
2020-02-06 00:00:00-05:00,22.36212557454793,22.52095981013027,22.211651203415308,22.454082489013672,4190400
2020-02-07 00:00:00-05:00,22.495881823833376,22.495881823833376,22.286889981103982,22.337047576904297,4284700
2020-02-10 00:00:00-05:00,22.33704598119879,22.905504007930446,22.211651203415308,22.454082489013672,3708700
2020-02-11 00:00:00-05:00,22.529323610193863,22.696516144951424,22.49588414655352,22.596200942993164,2051000
2020-02-12 00:00:00-05:00,22.596197216165425,22.729951859703657,22.52096002986503,22.67143440246582,2535100
2020-02-13 00:00:00-05:00,22.57947365084142,22.780105582061324,22.571113787730486,22.721588134765625,2565700
2020-02-14 00:00:00-05:00,22.82190330313515,23.01417696572497,22.66307068746993,22.721588134765625,3707600
2020-02-18 00:00:00-05:00,22.721591816409322,22.880426052291757,22.537677987130362,22.63799476623535,5284800
2020-02-19 00:00:00-05:00,22.595740670441746,22.697143358054404,22.173232426914247,22.333786010742188,6321000
2020-02-20 00:00:00-05:00,22.24928240385907,22.29998293806723,21.573269908613813,21.733821868896484,9634500
2020-02-21 00:00:00-05:00,21.649327085268766,21.78452961909981,21.319769498781923,21.35357093811035,13501900
2020-02-24 00:00:00-05:00,21.184565279930588,21.378918705386177,20.905709874616548,21.311317443847656,6522800
2020-02-25 00:00:00-05:00,21.319768183799138,21.505672865156406,20.660656274961518,20.694456100463867,6731300
2020-02-26 00:00:00-05:00,20.702904667023898,20.914158796279242,20.31419784282979,20.347997665405273,5898600
2020-02-27 00:00:00-05:00,20.373347736578047,21.40426725628498,19.942389140737824,20.415597915649414,12105400
2020-02-28 00:00:00-05:00,20.060691338941016,20.10294313061149,18.99597036496086,19.452280044555664,12507100
2020-03-02 00:00:00-05:00,19.502983989292684,20.06914520263672,19.25793000176598,20.06914520263672,7324600
2020-03-03 00:00:00-05:00,19.97619224303924,20.432501988322688,19.266378158203615,19.51988410949707,10594000
2020-03-04 00:00:00-05:00,19.663542985872837,20.2381547163496,19.401586595263755,20.1283016204834,6441600
2020-03-05 00:00:00-05:00,19.798737409672817,19.832537232518007,19.004421426047,19.156524658203125,9387500
2020-03-06 00:00:00-05:00,18.590363985857827,18.683316321544286,17.686196540787872,18.210105895996094,11016500
2020-03-09 00:00:00-04:00,17.441137952353227,18.210102746184322,14.500481271873367,15.23564624786377,11313700
2020-03-10 00:00:00-04:00,15.74266235385835,15.894765636500537,14.720192794361767,15.810263633728027,14277200
2020-03-11 00:00:00-04:00,15.31169921501867,15.421550647450903,14.339928980717993,14.922990798950195,16227900
2020-03-12 00:00:00-04:00,13.807569845450454,13.858270384554057,12.362591587069115,12.56539535522461,13141000
2020-03-13 00:00:00-04:00,13.156907885254979,13.300560768243106,11.83023211328645,13.140007972717285,11802100
2020-03-16 00:00:00-04:00,12.00768603617729,12.210489828760329,10.43595543485279,10.545806884765625,12262400
2020-03-17 00:00:00-04:00,10.77396155605281,12.387943119039853,10.317652628266575,12.37949275970459,12252300
2020-03-18 00:00:00-04:00,11.542925694855196,11.711928840032394,9.861342990068595,10.53735637664795,9909700
2020-03-19 00:00:00-04:00,10.435953541307148,10.765509442990844,9.785290484157459,10.334550857543945,6883800
2020-03-20 00:00:00-04:00,10.554257244257577,11.602077645140579,9.869794242822165,10.545806884765625,16152100
2020-03-23 00:00:00-04:00,10.452854010045579,10.866911901705974,10.081047104566364,10.224699974060059,7790700
2020-03-24 00:00:00-04:00,11.069717650624424,11.720380005829158,10.90071368793898,11.517576217651367,6956800
2020-03-25 00:00:00-04:00,11.813329625148793,13.309009133653388,11.04436478192143,12.785099029541016,10463100
2020-03-26 00:00:00-04:00,12.818899817816698,13.714616817982606,12.692147670619606,13.427311897277832,9137700
2020-03-27 00:00:00-04:00,12.861153248370252,14.382183333388511,12.74285063084672,13.773770332336426,9872100
2020-03-30 00:00:00-04:00,13.858271565682516,13.985023730115042,13.114657685734805,13.714618682861328,7026600
2020-03-31 00:00:00-04:00,13.579414933591766,13.70616708658397,12.962553273752912,13.05550479888916,8535100
2020-04-01 00:00:00-04:00,12.210489354723366,12.320341606242142,11.534475933153537,11.931633949279785,9715400
2020-04-02 00:00:00-04:00,11.66967940774444,12.421743653559558,11.47532517390337,11.940084457397461,18760800
2020-04-03 00:00:00-04:00,11.813328222610773,11.973881780893286,11.035913919614233,11.357019424438477,18401700
2020-04-06 00:00:00-04:00,11.847131106830092,13.072404807568816,11.70347824475688,12.928751945495605,8633800
2020-04-07 00:00:00-04:00,13.908970157545596,14.069523736228241,13.00480360912187,13.072404861450195,10940900
2020-04-08 00:00:00-04:00,13.266759270449594,14.280778938444174,13.038605227939328,14.213177680969238,7016400
2020-04-09 00:00:00-04:00,14.534286517175747,15.41310296438297,14.534286517175747,15.049745559692383,10495700
2020-04-13 00:00:00-04:00,15.108896549672226,15.14269798831664,14.154028472345816,14.272330284118652,6616200
2020-04-14 00:00:00-04:00,14.576535238939172,14.745539190753762,14.196277153226914,14.365281105041504,5513700
2020-04-15 00:00:00-04:00,13.723068820702734,13.858271342148775,13.29211017919053,13.410412788391113,8433500
2020-04-16 00:00:00-04:00,13.435764077212891,13.630117515042716,13.063957115078564,13.342812538146973,5809500
2020-04-17 00:00:00-04:00,13.799120432073298,14.2807796158989,13.73151917139148,13.968124389648438,7588200
2020-04-20 00:00:00-04:00,13.478011720941833,13.81601877204068,13.199156367160795,13.309008598327637,6976800
2020-04-21 00:00:00-04:00,12.920303027135123,13.351261661373275,12.827351496677524,13.106206893920898,5108900
2020-04-22 00:00:00-04:00,13.427313428564181,13.858271261704163,12.937203888231975,13.680818557739258,5985900
2020-04-23 00:00:00-04:00,13.731518785002663,14.111776872976119,13.697717349742293,13.875171661376953,7125200
2020-04-24 00:00:00-04:00,13.959673770522901,14.179378266580951,13.655467297251576,14.094876289367676,5995600
2020-04-27 00:00:00-04:00,14.179378760334291,14.703288136166043,14.120226246006384,14.635686874389648,5612700
2020-04-28 00:00:00-04:00,15.024394457473306,15.320148953065576,14.593435834514557,14.711737632751465,5048000
2020-04-29 00:00:00-04:00,15.23564514598141,15.362397274263499,14.85538714939439,14.948339462280273,4675200
2020-04-30 00:00:00-04:00,14.796240192288948,14.821591269372794,14.170928129891426,14.390632629394531,6477500
2020-05-01 00:00:00-04:00,14.094877427400888,14.137127613548264,13.663918759384238,13.90897274017334,3554100
2020-05-04 00:00:00-04:00,13.748419854154658,13.849820939046122,13.309010854981818,13.824471473693848,4730300
2020-05-05 00:00:00-04:00,14.027276374706672,14.196278733593912,13.799121497880517,13.849822044372559,3896600
2020-05-06 00:00:00-04:00,13.942771602036828,13.993472138393122,13.461112477299569,13.503362655639648,6115600
2020-05-07 00:00:00-04:00,14.855392123796909,16.156718492991917,14.813141937468778,15.049745559692383,27800200
2020-05-08 00:00:00-04:00,15.286350196255674,15.784910111801754,15.286350196255674,15.708858489990234,17847500
2020-05-11 00:00:00-04:00,15.539855638369126,15.624357625503292,15.066646766855682,15.36240291595459,9988000
2020-05-12 00:00:00-04:00,15.159598621519546,15.430003682173504,15.032846450805664,15.032846450805664,16858200
2020-05-13 00:00:00-04:00,14.897641553369239,14.931442990107767,14.052624975800583,14.280779838562012,8421600
2020-05-14 00:00:00-04:00,14.077973933548684,14.644135019739027,13.85826946305412,14.601884841918945,14667600
2020-05-15 00:00:00-04:00,14.458234884750626,14.559635976581065,13.993474776680346,14.19627857208252,13774200
2020-05-18 00:00:00-04:00,14.91453942700505,15.125793531103538,14.703285322906561,14.779336929321289,12625800
2020-05-19 00:00:00-04:00,14.661038794150173,14.711739340459616,14.272330307800953,14.399084091186523,7583300
2020-05-20 00:00:00-04:00,14.595161735931756,14.748614165821557,14.364980652014657,14.424656867980957,8979000
2020-05-21 00:00:00-04:00,14.441709769677596,14.620738443481638,14.237104874163618,14.28825569152832,6678300
2020-05-22 00:00:00-04:00,14.305304436048356,14.46728227194119,14.254152000030157,14.424656867980957,6535300
2020-05-26 00:00:00-04:00,14.953218148349821,15.200448376728117,14.842389514964477,14.910591125488281,9083700
2020-05-27 00:00:00-04:00,15.362435142581358,15.456211385518275,14.859447415167647,14.919123649597168,8866200
2020-05-28 00:00:00-04:00,15.200447334157833,15.447679171633617,14.953217122736595,15.3624267578125,8638900
2020-05-29 00:00:00-04:00,15.24307723662701,15.345380488682439,14.799767480533562,15.15782642364502,12805800
2020-06-01 00:00:00-04:00,15.157825794675643,15.558510127651822,15.098147951587524,15.388005256652832,7148700
2020-06-02 00:00:00-04:00,15.37095732302551,15.57556220926523,15.28570488057852,15.430633544921875,10456300
2020-06-03 00:00:00-04:00,15.660813885593512,15.925094980801108,15.626712259860913,15.737539291381836,9318100
2020-06-04 00:00:00-04:00,15.652287969306762,15.669337155562694,15.20045119939791,15.388005256652832,8684900
2020-06-05 00:00:00-04:00,15.839845603802768,16.18085379675844,15.524412009034192,15.558513641357422,14693600
2020-06-08 00:00:00-04:00,15.686387680054056,16.47923255135852,15.66933686805602,16.274627685546875,16830700
2020-06-09 00:00:00-04:00,15.984771476485504,16.044447696495578,15.558510903779224,15.882468223571777,14122400
2020-06-10 00:00:00-04:00,15.95919794234188,16.07002662048648,15.515888107929426,15.677865982055664,10804900
2020-06-11 00:00:00-04:00,14.9958502907332,15.285707672359448,14.816819966290922,15.149304389953613,14137600
2020-06-12 00:00:00-04:00,15.6522918373238,15.856896757451876,15.115202499189158,15.345383644104004,10230400
2020-06-15 00:00:00-04:00,14.9191225998153,15.856896345586183,14.782719323272843,15.57556438446045,9072700
2020-06-16 00:00:00-04:00,16.14675366656957,16.487761856908115,15.62671516001871,15.677865982055664,8157400
2020-06-17 00:00:00-04:00,15.771640917114436,15.873944168257221,15.481783602607392,15.737539291381836,8001600
2020-06-18 00:00:00-04:00,15.58408542133478,15.89099189444372,15.541458393087105,15.64376163482666,9331100
2020-06-19 00:00:00-04:00,15.899520366357734,15.899520366357734,15.157827818414326,15.166353225708008,21473000
2020-06-22 00:00:00-04:00,15.089624171487038,15.464732285996881,14.995846329832098,15.388005256652832,8487000
2020-06-23 00:00:00-04:00,15.575564517978071,15.660816973061742,15.285707146326791,15.4988374710083,6500200
2020-06-24 00:00:00-04:00,15.319805596053012,15.805744052836221,15.243078556879619,15.626713752746582,12808300
2020-06-25 00:00:00-04:00,15.524405959969378,15.635234595780314,15.251599511903521,15.473255157470703,9782200
2020-06-26 00:00:00-04:00,15.37095922253303,15.439160859707803,14.94469858367687,15.089627265930176,14146200
2020-06-29 00:00:00-04:00,15.268650677931772,15.873941421508789,15.115196640798029,15.873941421508789,9176000
2020-06-30 00:00:00-04:00,15.882469987017208,16.035924070398423,15.677865084527324,15.916571617126465,6321100
2020-07-01 00:00:00-04:00,15.94214846152433,16.547437785075683,15.916572237944797,16.428085327148438,10663700
2020-07-02 00:00:00-04:00,16.607112001397415,16.85434392120461,16.53891037283941,16.59006118774414,7950000
2020-07-06 00:00:00-04:00,16.83729520939233,17.007800115099432,16.470710800360763,16.70941734313965,7024500
2020-07-07 00:00:00-04:00,16.538911691408433,16.734991185888298,16.402508423417636,16.615638732910156,5533600
2020-07-08 00:00:00-04:00,16.590063655907443,16.607114472097425,16.393984147888613,16.479236602783203,5555200
2020-07-09 00:00:00-04:00,16.385454803901506,16.39398020994864,15.780165609049412,16.155275344848633,14225000
2020-07-10 00:00:00-04:00,16.197904193098505,16.496286963971905,16.155278779854573,16.428085327148438,4330200
2020-07-13 00:00:00-04:00,16.453657269116274,16.63268755316763,16.30872861100042,16.376930236816406,6914800
2020-07-14 00:00:00-04:00,16.39398033029126,16.692363039911537,16.35135492579763,16.436607360839844,11003900
2020-07-15 00:00:00-04:00,16.675312839083215,16.93107015358706,16.436607963478973,16.453657150268555,5236900
2020-07-16 00:00:00-04:00,16.45366271452425,16.598591420604862,16.24053236005603,16.445138931274414,4771400
2020-07-17 00:00:00-04:00,16.52185894555404,16.999271953783744,16.453657319529086,16.93107032775879,7708300
2020-07-20 00:00:00-04:00,16.931071169404984,17.03337280050033,16.249053249197203,16.351356506347656,4760100
2020-07-21 00:00:00-04:00,16.41103206538234,16.555960725287658,16.24905259229874,16.538909912109375,6556600
2020-07-22 00:00:00-04:00,16.445135708978086,17.144202874488183,16.376932447898813,17.058950424194336,7282600
2020-07-23 00:00:00-04:00,17.016327491101265,17.55341691928325,16.94812583962402,17.22945785522461,5931000
2020-07-24 00:00:00-04:00,17.255032274730425,17.34881014544783,16.726469937727046,16.828771591186523,3685900
2020-07-27 00:00:00-04:00,16.752044023495863,16.828771074261397,16.078553009732794,16.25758171081543,7229800
2020-07-28 00:00:00-04:00,16.20642529157583,16.683836622393653,16.19789988598294,16.49628257751465,3973100
2020-07-29 00:00:00-04:00,16.555962050004094,16.598587460305406,16.291680928814568,16.56448745727539,4183600
2020-07-30 00:00:00-04:00,16.36841084784823,16.38546003933507,16.00182640096617,16.308732986450195,7231600
2020-07-31 00:00:00-04:00,16.33430446275286,16.453656898730358,15.686388219058605,16.2064266204834,16893400
2020-08-03 00:00:00-04:00,16.146751515887907,16.66678832711666,16.00182285104102,16.4707088470459,5847100
2020-08-04 00:00:00-04:00,16.419559238430292,16.982223125406122,16.419559238430292,16.615638732910156,8598400
2020-08-05 00:00:00-04:00,16.777614317508366,16.90549214822224,16.112647321319432,16.214950561523438,8041500
2020-08-06 00:00:00-04:00,16.240530191884453,17.48521214135804,16.240530191884453,17.280607223510742,11881200
2020-08-07 00:00:00-04:00,17.212403577216794,17.647189586715868,17.178301948524247,17.39995765686035,7286400
2020-08-10 00:00:00-04:00,17.544884742189215,17.93704530646116,17.468157710615465,17.885892868041992,4454700
2020-08-11 00:00:00-04:00,18.090500028377317,18.261004925865915,17.56193777306204,17.570463180541992,5286200
2020-08-12 00:00:00-04:00,17.758014229788092,17.860317475995405,17.382904495101194,17.391429901123047,8296900
2020-08-13 00:00:00-04:00,17.272078019733843,17.792116421266424,17.272078019733843,17.68128776550293,5698300
2020-08-14 00:00:00-04:00,17.5960330415681,17.604558446753735,17.28060117997345,17.51078224182129,4585400
2020-08-17 00:00:00-04:00,17.510790325871394,17.766546095293847,17.442587052899512,17.60456657409668,5439000
2020-08-18 00:00:00-04:00,17.613084769830223,17.706862605704593,17.14419884256809,17.25502586364746,6967800
2020-08-19 00:00:00-04:00,17.29797230043914,17.589993819795954,17.272206755799104,17.3924503326416,3552900
2020-08-20 00:00:00-04:00,17.289382839888518,17.340917204369234,17.0145394487747,17.023128509521484,5580900
2020-08-21 00:00:00-04:00,17.100431422214175,17.246442204168734,16.92006602943296,16.997365951538086,4430200
2020-08-24 00:00:00-04:00,17.0317168878873,17.401038294222953,17.014538767081977,17.366682052612305,4113800
2020-08-25 00:00:00-04:00,17.512695505889933,17.512695505889933,17.091841310381486,17.18631935119629,3347600
2020-08-26 00:00:00-04:00,17.08325189764397,17.08325189764397,16.791230357667494,16.8685302734375,3582100
2020-08-27 00:00:00-04:00,16.911475877787925,17.109019382355335,16.842765022364652,16.97159767150879,3315600
2020-08-28 00:00:00-04:00,17.04889572902657,17.16055024258717,16.84276318524065,17.134784698486328,2492900
2020-08-31 00:00:00-04:00,17.160554077935675,17.289386741821232,17.074665089279907,17.23785400390625,4348200
2020-09-01 00:00:00-04:00,17.04889601569612,17.22067231930814,16.954417983882195,17.1777286529541,3018800
2020-09-02 00:00:00-04:00,17.16055411642981,17.650119223210822,17.074665127581376,17.564231872558594,3410400
2020-09-03 00:00:00-04:00,17.68447293751715,17.821894644685553,17.143373532120087,17.306562423706055,3829400
2020-09-04 00:00:00-04:00,17.375274319259592,17.435396114976687,16.83417651960967,17.066076278686523,3613600
2020-09-08 00:00:00-04:00,17.031717986802445,17.126196019131847,16.58509664622183,16.63663101196289,3899600
2020-09-09 00:00:00-04:00,16.81699724240543,16.94582988699249,16.65380835222398,16.7740535736084,6291200
2020-09-10 00:00:00-04:00,16.713932578262025,16.980188605811836,16.662399840560465,16.705345153808594,3673300
2020-09-11 00:00:00-04:00,16.705345153808594,16.799821566562088,16.542156239858095,16.705345153808594,2795600
2020-09-14 00:00:00-04:00,16.80840408953272,17.057481894874087,16.679571476305885,16.782638549804688,4468800
2020-09-15 00:00:00-04:00,16.816993748381773,16.88570458709873,16.198596199929188,16.327428817749023,4827300
2020-09-16 00:00:00-04:00,16.33602420893693,16.980189185899462,16.33602420893693,16.954421997070312,7213100
2020-09-17 00:00:00-04:00,16.8084117164725,16.825589842882927,16.430501126424602,16.56792449951172,4768800
2020-09-18 00:00:00-04:00,16.524972794231825,16.56791809365342,16.181418589837374,16.258718490600586,10942000
2020-09-21 00:00:00-04:00,16.104115705219968,16.533558790692503,16.035404877072178,16.232948303222656,6933700
2020-09-22 00:00:00-04:00,16.18142102611559,16.41332076332009,16.13847735842405,16.24154281616211,3106400
2020-09-23 00:00:00-04:00,16.258720650676473,16.430496956597455,16.18142073964347,16.198598861694336,5520600
2020-09-24 00:00:00-04:00,16.164237475074867,16.43908078766603,15.975283107217283,16.232948303222656,4206800
2020-09-25 00:00:00-04:00,16.104116829775613,16.327427446398623,16.03540599682972,16.31024932861328,3570800
2020-09-28 00:00:00-04:00,16.464848301952397,16.57650278567095,16.310248525884095,16.336015701293945,3074200
2020-09-29 00:00:00-04:00,16.413318045970396,16.542150665911706,16.12988562682126,16.31884002685547,2858400
2020-09-30 00:00:00-04:00,16.43908076066607,16.739691247642185,16.37036993263113,16.619447708129883,5278800
2020-10-01 00:00:00-04:00,16.696749807615394,16.73110440708892,16.482028236770223,16.66239356994629,3313600
2020-10-02 00:00:00-04:00,16.49062407977793,17.16055460795262,16.404735088469412,17.117610931396484,5795600
2020-10-05 00:00:00-04:00,17.194910610329924,17.38386507791074,16.92865457731613,17.34092140197754,3382600
2020-10-06 00:00:00-04:00,17.42680639736989,17.873426094565716,17.25502845662052,17.667293548583984,5278900
2020-10-07 00:00:00-04:00,17.77895491465597,17.967909394328625,17.58140973341145,17.73600959777832,3957600
2020-10-08 00:00:00-04:00,17.83906984409747,18.34581292055751,17.761769941708945,18.31145668029785,4644100
2020-10-09 00:00:00-04:00,18.371584751974567,18.50041905885835,18.21698489427104,18.354408264160156,5488000
2020-10-12 00:00:00-04:00,18.380168436963842,18.74090078665678,18.225568624496045,18.560535430908203,5879700
2020-10-13 00:00:00-04:00,18.371580231746997,18.543358173196165,17.83907156200712,17.882015228271484,5772200
2020-10-14 00:00:00-04:00,17.907779667503863,18.08814500401753,17.701647152261554,17.856246948242188,2740100
2020-10-15 00:00:00-04:00,17.684470697302064,18.028024921702666,17.684470697302064,17.96790313720703,2190000
2020-10-16 00:00:00-04:00,17.985083422870105,18.139683252008755,17.736005556325402,17.90778350830078,2424100
2020-10-19 00:00:00-04:00,17.80471775754833,18.045206580883114,17.80471775754833,17.864839553833008,3288300
2020-10-20 00:00:00-04:00,17.967900071122948,18.869729961058656,17.873422061211315,18.328632354736328,5832000
2020-10-21 00:00:00-04:00,18.25134008290809,18.74090517831471,18.216983832888456,18.49182891845703,5477800
2020-10-22 00:00:00-04:00,18.508998556201195,19.01574158910245,18.414522179999572,18.95561981201172,3892600
2020-10-23 00:00:00-04:00,19.17034418807032,19.31635494161477,18.904089862734843,19.09304428100586,3794400
2020-10-26 00:00:00-04:00,18.766667331876942,19.058688825927604,18.689367428263783,19.00715446472168,4626300
2020-10-27 00:00:00-04:00,19.08445606487614,19.290588613437116,18.981390609693587,19.17893409729004,5187200
2020-10-28 00:00:00-04:00,18.7065477531111,19.127401923380052,18.251337337989533,18.294281005859375,4814800
2020-10-29 00:00:00-04:00,18.216981407127573,18.6120700387628,17.942137996353132,18.448881149291992,4505000
2020-10-30 00:00:00-04:00,18.457463474652105,18.508996185816603,18.036609450718775,18.148263931274414,4946600
2020-11-02 00:00:00-05:00,18.397348689158548,18.517592273587017,18.088149028404228,18.440292358398438,5072500
2020-11-03 00:00:00-05:00,18.715139389038086,19.050104631453895,18.612072278496836,18.715139389038086,3983200
2020-11-04 00:00:00-05:00,18.689371347439327,19.067281884552266,18.45747158797029,18.517593383789062,4028800
2020-11-05 00:00:00-05:00,18.766668304012946,19.900398098140215,18.766668304012946,19.47095489501953,6296000
2020-11-06 00:00:00-05:00,19.50531145230244,19.67708940602765,19.282002405934033,19.634145736694336,4481400
2020-11-09 00:00:00-05:00,20.61327601481318,20.956830287420868,20.166654641325188,20.381376266479492,9153600
2020-11-10 00:00:00-05:00,20.527385494397606,20.733518042470536,20.407141917570694,20.69916343688965,4763500
2020-11-11 00:00:00-05:00,20.716344281923686,21.111431308115023,20.587509989021562,20.673398971557617,5034700
2020-11-12 00:00:00-05:00,20.50162086940527,20.50162086940527,19.848866952129033,20.132299423217773,3982400
2020-11-13 00:00:00-05:00,20.26113040461901,20.84517342154268,20.22677416211959,20.82799530029297,4789200
2020-11-16 00:00:00-05:00,21.145787190809504,21.566641395944156,21.128609066960074,21.549463272094727,8801700
2020-11-17 00:00:00-05:00,21.231672139839663,21.80712611834587,21.145784806668242,21.61817169189453,8909300
2020-11-18 00:00:00-05:00,21.73049289870664,21.747774004551435,20.512202952936978,20.520843505859375,6138300
2020-11-19 00:00:00-05:00,20.399880918779786,20.54676703580341,20.002423688238224,20.244354248046875,6246600
2020-11-20 00:00:00-05:00,20.17523041878537,20.40852041277109,20.114748193978045,20.270273208618164,3871500
2020-11-23 00:00:00-05:00,20.356677070799208,20.736853173762963,20.33939761231401,20.719572067260742,5901900
2020-11-24 00:00:00-05:00,20.987426551654398,21.168873245568154,20.641810976170138,21.047908782958984,7894200
2020-11-25 00:00:00-05:00,21.099745984673227,21.34167650659364,20.978781547721447,21.177509307861328,3383500
2020-11-27 00:00:00-05:00,21.246635484814185,21.3416799279514,20.771416565162347,20.79733657836914,2954200
2020-11-30 00:00:00-05:00,20.76277541042866,20.849177649306483,19.941940956952777,20.036985397338867,9171000
2020-12-01 00:00:00-05:00,20.201155911806453,20.39988539468873,19.725936889648438,19.725936889648438,7136900
2020-12-02 00:00:00-05:00,19.64817063911895,19.83825789034083,19.354398383946897,19.81233787536621,5911600
2020-12-03 00:00:00-05:00,19.77777798988057,20.00242748491151,19.656813511024456,19.691375732421875,5976400
2020-12-04 00:00:00-05:00,19.734574741377255,20.045628108472762,19.648170845182143,19.751855850219727,3553000
2020-12-07 00:00:00-05:00,19.665449260507057,20.35667703935807,19.53584425797462,19.99378204345703,5138700
2020-12-08 00:00:00-05:00,19.89009859091796,19.959221368421762,19.39759859520127,19.440799713134766,4182900
2020-12-09 00:00:00-05:00,19.53584636829005,19.613609707813126,19.00878409997081,19.20751190185547,15465200
2020-12-10 00:00:00-05:00,19.12975176053417,19.285278465582003,18.715014979084927,18.835979461669922,6702200
2020-12-11 00:00:00-05:00,18.758213889415124,18.99150391938078,18.663171084924038,18.792776107788086,4718800
2020-12-14 00:00:00-05:00,19.008782441674263,19.051983560743977,18.663168545065417,18.697729110717773,5438800
2020-12-15 00:00:00-05:00,18.801415484767006,19.259354961422332,18.663169915968638,19.21615219116211,4828800
2020-12-16 00:00:00-05:00,19.242075437262123,19.276636008298038,18.77549536814742,18.896461486816406,4051900
2020-12-17 00:00:00-05:00,19.008784875038586,19.24207490312002,18.887820407744773,18.905099868774414,4020700
2020-12-18 00:00:00-05:00,18.93102205785232,19.03470706699469,18.749575351874814,18.896461486816406,11279100
2020-12-21 00:00:00-05:00,18.671815210634293,18.71501634384574,18.118831147025737,18.18795394897461,5876900
2020-12-22 00:00:00-05:00,18.187943587214725,18.257066349784022,17.902811985614296,17.989215850830078,4981400
2020-12-23 00:00:00-05:00,18.16203210506213,18.68045389164577,18.16203210506213,18.57676887512207,4264400
2020-12-24 00:00:00-05:00,18.55084293562703,18.654527928265924,18.326193491590306,18.64588737487793,1011200
2020-12-28 00:00:00-05:00,18.73229246913903,18.818696360575743,18.49900245666504,18.49900245666504,2874600
2020-12-29 00:00:00-05:00,18.61997012343461,18.723655140623396,18.30891836790313,18.403961181640625,3866400
2020-12-30 00:00:00-05:00,18.352114181892414,18.61996473069686,18.291631959389825,18.507640838623047,1767000
2020-12-31 00:00:00-05:00,18.490360772752464,18.740931877804538,18.36075576752628,18.697729110717773,1938100
2021-01-04 00:00:00-05:00,18.72365212280937,18.784134353080578,18.300274862893747,18.438520431518555,3968000
2021-01-05 00:00:00-05:00,18.499001525438587,18.697729312127212,18.317554845770818,18.63724708557129,3793500
2021-01-06 00:00:00-05:00,18.93966023288798,19.17295023813294,18.85325634412869,18.9655818939209,4349800
2021-01-07 00:00:00-05:00,18.97421972129968,19.026063040419327,18.03242249619759,18.041061401367188,6661000
2021-01-08 00:00:00-05:00,18.092907852158643,18.110187313505723,17.73001279559326,17.89417839050293,7833500
2021-01-11 00:00:00-05:00,17.816416480505517,18.032425400915045,17.773213707613248,17.963302612304688,3489900
2021-01-12 00:00:00-05:00,17.928739223250265,18.127467021526027,17.730011424974503,17.88553810119629,4201900
2021-01-13 00:00:00-05:00,17.816409768415166,18.09290081869235,17.75592590915246,17.989215850830078,3229100
2021-01-14 00:00:00-05:00,17.98922077972385,18.092905775994932,17.781852435198797,18.0151424407959,3707000
2021-01-15 00:00:00-05:00,18.403958333684564,18.59404722777876,18.14474830285071,18.542203903198242,5414300
2021-01-19 00:00:00-05:00,18.663172928294266,18.827340185746152,18.473084004502365,18.740936279296875,4188600
2021-01-20 00:00:00-05:00,18.550843927961324,18.775493384015153,18.386678348858904,18.559484481811523,3790900
2021-01-21 00:00:00-05:00,18.59405013273833,18.81005907485281,18.38668174607053,18.740936279296875,3683100
2021-01-22 00:00:00-05:00,18.62861050749977,18.654532173562863,18.38668154964722,18.524927139282227,2867100
2021-01-25 00:00:00-05:00,18.43851644169651,18.887815266514114,18.36075312016974,18.723648071289062,3758700
2021-01-26 00:00:00-05:00,18.775493009047032,19.060624688340727,18.611327433223188,18.9655818939209,3550800
2021-01-27 00:00:00-05:00,18.680453922487594,18.861900641681853,17.833697622195423,18.023786544799805,5307100
2021-01-28 00:00:00-05:00,18.14474681449355,18.87053681891466,18.07562403540664,18.64588737487793,4579500
2021-01-29 00:00:00-05:00,18.49900436150659,18.73229439800244,17.997863717191795,18.22251319885254,4984300
2021-02-01 00:00:00-05:00,18.395324134688114,18.663174788157615,18.231156860876272,18.352121353149414,3126400
2021-02-02 00:00:00-05:00,18.51628663549051,18.810058926287322,18.386681600848956,18.57676887512207,3703200
2021-02-03 00:00:00-05:00,18.533566636471516,18.576767762759374,18.127468798089406,18.274354934692383,3410500
2021-02-04 00:00:00-05:00,18.23115511125435,18.53356796093262,18.084268964154475,18.516286849975586,4175000
2021-02-05 00:00:00-05:00,18.68908996689508,18.68908996689508,18.369397706426014,18.4903621673584,2425100
2021-02-08 00:00:00-05:00,18.438525940952193,18.516289302541495,18.09291191612066,18.17067527770996,3873200
2021-02-09 00:00:00-05:00,18.231152019475726,18.43852037174065,18.09290645129911,18.38667869567871,4505400
2021-02-10 00:00:00-05:00,18.49900278073166,18.628607796148586,18.378038319411488,18.542203903198242,2561000
2021-02-11 00:00:00-05:00,18.559481778620018,18.65452620911186,18.300271792936496,18.360754013061523,2229500
2021-02-12 00:00:00-05:00,18.2916330035312,18.524923001944043,18.231150777576104,18.473079681396484,3053900
2021-02-16 00:00:00-05:00,18.481719568968945,18.71500955897691,18.369395674530107,18.611326217651367,5351200
2021-02-17 00:00:00-05:00,18.698379124193263,18.820250510828192,18.001978316352925,18.741905212402344,7048200
2021-02-18 00:00:00-05:00,18.71579025743783,19.238091712971322,18.66356060998965,18.976940155029297,4636000
2021-02-19 00:00:00-05:00,18.959529782562917,19.07269428589435,18.64614860356753,18.65485382080078,3970800
2021-02-22 00:00:00-05:00,18.43722891117187,18.57650907028352,17.558021869060553,17.99327278137207,7743700
2021-02-23 00:00:00-05:00,17.99326978138105,18.2283056333262,17.941040145509966,18.089025497436523,4276100
2021-02-24 00:00:00-05:00,18.010679738580397,18.454635782654602,17.853989174748307,18.11513900756836,4136300
2021-02-25 00:00:00-05:00,18.106435686235663,18.672263150465163,17.000899728631847,17.19240951538086,9452500
2021-02-26 00:00:00-05:00,17.00090122044997,17.279461538473956,16.80938975654563,16.922555923461914,10415200
2021-03-01 00:00:00-05:00,17.235933686088984,17.43615034697302,17.03571868555524,17.06183433532715,4653700
2021-03-02 00:00:00-05:00,17.140176019919878,17.157584789090002,16.983485474939155,17.035715103149414,4403600
2021-03-03 00:00:00-05:00,16.939968436371622,17.09665906492607,16.870328341497515,16.931264877319336,4212900
2021-03-04 00:00:00-05:00,17.183701233803585,17.766937367094005,17.027010681524064,17.29686737060547,4702800
2021-03-05 00:00:00-05:00,17.514499375745892,18.10643928715126,17.453562846599883,17.984569549560547,4830400
2021-03-08 00:00:00-05:00,18.315355650437223,18.315355650437223,17.93233445666435,18.11513900756836,5234000
2021-03-09 00:00:00-05:00,18.071613658333803,18.324058262347563,17.923628317929165,18.193483352661133,7772000
2021-03-10 00:00:00-05:00,18.18478126692762,18.715787872769468,18.176076050070336,18.559097290039062,8416700
2021-03-11 00:00:00-05:00,18.55909204069663,19.01175322714042,18.44592757426062,18.532978057861328,5218700
2021-03-12 00:00:00-05:00,18.585213526686406,19.220679434154064,18.48945779858703,19.124923706054688,6914100
2021-03-15 00:00:00-04:00,19.194561249901632,19.664632950887064,19.124921182387144,19.6472225189209,4398600
2021-03-16 00:00:00-04:00,19.516649091239547,19.62111003066875,19.264202789489982,19.534059524536133,6174500
2021-03-17 00:00:00-04:00,19.516650914734498,19.62111186392378,19.342549886202516,19.386075973510742,4349300
2021-03-18 00:00:00-04:00,19.394780944455007,19.447010588210553,19.081399761220855,19.09881019592285,3531900
2021-03-19 00:00:00-04:00,19.151042045555126,19.612408656197,18.95082700447211,19.37737274169922,9138800
2021-03-22 00:00:00-04:00,19.272905309239878,19.481825498513338,18.968231070934877,19.116214752197266,4076800
2021-03-23 00:00:00-04:00,19.063987887000618,19.264202889904045,18.889888534178198,19.04657745361328,4970900
2021-03-24 00:00:00-04:00,18.976935062332657,19.307726614883748,18.916000213270642,18.93341064453125,3659000
2021-03-25 00:00:00-04:00,19.020462800836146,19.50794329623597,18.75060773414074,19.412187576293945,3481100
2021-03-26 00:00:00-04:00,19.429599664266018,19.551469383410392,18.942119127338128,19.124923706054688,3745500
2021-03-29 00:00:00-04:00,19.055283968898934,19.890966564588265,19.055283968898934,19.71686553955078,4403400
2021-03-30 00:00:00-04:00,19.62111170879299,19.85614593699731,19.359960168059768,19.847440719604492,3533100
2021-03-31 00:00:00-04:00,19.74298119141153,19.9083769991621,19.542766174863722,19.71686553955078,3533100
2021-04-01 00:00:00-04:00,19.71686553955078,19.760391625985363,19.55146973180021,19.71686553955078,1886500
2021-04-05 00:00:00-04:00,19.79520974504492,20.073770041489652,19.7603905381645,19.969310760498047,2374300
2021-04-06 00:00:00-04:00,19.89096408317155,20.247869645658703,19.847438002166886,20.230459213256836,3248600
2021-04-07 00:00:00-04:00,20.326221386259096,20.387156258666927,20.20434998109269,20.33492660522461,3693600
2021-04-08 00:00:00-04:00,20.404558369721073,20.439377571023037,20.108587687079083,20.221752166748047,5406400
2021-04-09 00:00:00-04:00,20.247869645658703,20.378444567972256,20.134703495396792,20.230459213256836,5558500
2021-04-12 00:00:00-04:00,20.256575749133034,20.491611615802547,20.19564089340767,20.3175106048584,6640000
2021-04-13 00:00:00-04:00,20.221755225655055,20.66571131677445,20.047655872109424,20.596071243286133,7432400
2021-04-14 00:00:00-04:00,20.578658275136554,20.839809763814248,20.45678857663037,20.63959312438965,7981300
2021-04-15 00:00:00-04:00,20.648300443916277,20.979092031209237,20.604776021543653,20.935565948486328,5350800
2021-04-16 00:00:00-04:00,21.074847933871997,21.15319322926821,20.770173629942754,20.944272994995117,7555400
2021-04-19 00:00:00-04:00,20.95297563525937,20.9703860677284,20.613480503864466,20.700531005859375,5962100
2021-04-20 00:00:00-04:00,20.717940535992323,21.170601834647353,20.63959524736548,21.092256546020508,5103500
2021-04-21 00:00:00-04:00,21.135784071182982,21.205424148009353,20.96168304894186,21.144489288330078,5157100
2021-04-22 00:00:00-04:00,21.153192116722867,21.257653058540537,21.031322401560868,21.040027618408203,6085500
2021-04-23 00:00:00-04:00,21.040024108651064,21.170599018878757,20.839809135611933,21.005203247070312,7151200
2021-04-26 00:00:00-04:00,21.06614517788118,21.092259170439185,20.839814500392315,20.883338928222656,4934600
2021-04-27 00:00:00-04:00,20.874629867863057,20.91815594803136,20.622185244287664,20.72664451599121,8512500
2021-04-28 00:00:00-04:00,20.674417428098973,20.839813232421875,20.55254770930862,20.839813232421875,9395300
2021-04-29 00:00:00-04:00,20.89204430184854,21.55362590398247,20.857223431043884,21.336000442504883,11206200
2021-04-30 00:00:00-04:00,21.362114341768248,21.388228332377263,21.07484716226612,21.318588256835938,4514700
2021-05-03 00:00:00-04:00,21.344702787660825,21.51009692067288,21.205422643887367,21.257652282714844,2949600
2021-05-04 00:00:00-04:00,21.257652611012073,21.440457179906563,21.135782898415748,21.3795223236084,3088700
2021-05-05 00:00:00-04:00,21.34470245421776,21.353407670611396,20.94427080186183,21.13578224182129,8980300
2021-05-06 00:00:00-04:00,21.153191653171977,21.483983244720353,20.761466865728234,21.22283172607422,4955300
2021-05-07 00:00:00-04:00,21.153192454793906,21.527508483459908,20.857221718655687,21.318588256835938,4627800
2021-05-10 00:00:00-04:00,21.475280684108487,21.597150411672576,21.283770875029127,21.327295303344727,4913300
2021-05-11 00:00:00-04:00,21.26635655298108,21.26635655298108,20.70923600267677,20.857219696044922,6200500
2021-05-12 00:00:00-04:00,21.00520460057012,21.074844667868916,20.5699537648651,20.587364196777344,9466200
2021-05-13 00:00:00-04:00,20.526431924913357,21.335998846715917,20.526431924913357,21.301177978515625,9506800
2021-05-14 00:00:00-04:00,21.457866642333823,21.94534713101248,21.301176070170982,21.779953002929688,12058500
2021-05-17 00:00:00-04:00,21.67549388877041,21.954054191414308,21.571034605454134,21.788660049438477,7228800
2021-05-18 00:00:00-04:00,21.753838920461764,21.771249354255737,21.4926890549536,21.501394271850586,10316200
2021-05-19 00:00:00-04:00,21.422537769440567,21.457583995890893,21.001971353806482,21.448822021484375,5121500
2021-05-20 00:00:00-04:00,21.448820500740055,21.729196977166627,21.361202434062847,21.64158058166504,4258600
2021-05-21 00:00:00-04:00,21.694150903164804,21.773006996601833,21.527676742444896,21.650341033935547,2684100
2021-05-24 00:00:00-04:00,21.843101307559852,22.08842989269047,21.729197317741505,21.93071937561035,3446100
2021-05-25 00:00:00-04:00,21.90443021096392,21.90443021096392,21.685385908854283,21.85186004638672,3531800
2021-05-26 00:00:00-04:00,21.88691234064441,22.027100599211202,21.720439828081265,22.000816345214844,3707700
2021-05-27 00:00:00-04:00,22.097193568369395,22.176049668570172,21.939483039143617,21.974529266357422,10274900
2021-05-28 00:00:00-04:00,22.070911346797843,22.211099610905237,22.03586344518303,22.16728973388672,3939100
2021-06-01 00:00:00-04:00,22.246144962118795,22.2549069371762,21.895674315701818,22.000816345214844,4702300
2021-06-02 00:00:00-04:00,22.000817484347344,22.12348179915049,21.886913473879325,21.983293533325195,4806400
2021-06-03 00:00:00-04:00,21.878148771348062,22.403855538253726,21.72919854857772,22.246143341064453,5022100
2021-06-04 00:00:00-04:00,22.263665767154606,22.368807781814734,22.193571647773066,22.25490379333496,4283100
2021-06-07 00:00:00-04:00,22.32499865978351,22.42137870384918,22.211096338667822,22.412616729736328,3389700
2021-06-08 00:00:00-04:00,22.47394637627012,22.552802463334356,22.254902061352915,22.307472229003906,5474700
2021-06-09 00:00:00-04:00,22.386330036911225,22.745562607295703,22.298713641149646,22.579090118408203,5567700
2021-06-10 00:00:00-04:00,22.570326995870584,22.815657236573447,22.570326995870584,22.736801147460938,4101400
2021-06-11 00:00:00-04:00,22.701756426473015,22.929562752280162,22.640424275520278,22.912038803100586,4538400
2021-06-14 00:00:00-04:00,22.929558556009564,22.93832052899585,22.62289618619148,22.763084411621094,6064700
2021-06-15 00:00:00-04:00,22.83317891201009,22.90327302591499,22.71051463047038,22.771846771240234,5147400
2021-06-16 00:00:00-04:00,22.7455655492481,22.841945602462555,22.158528268544305,22.368810653686523,7250800
2021-06-17 00:00:00-04:00,22.570326053063418,22.614134246884614,22.14976137614822,22.20233154296875,7436700
2021-06-18 00:00:00-04:00,21.96576638960113,22.20233468048733,21.545201653253905,21.58024787902832,16591000
2021-06-21 00:00:00-04:00,21.685385908854283,21.921954156214788,21.562721634449012,21.85186004638672,4390300
2021-06-22 00:00:00-04:00,21.77300626632766,21.886908580152134,21.632818031847265,21.720436096191406,5162100
2021-06-23 00:00:00-04:00,21.667864831845268,21.76424487230776,21.352442131453188,21.64158058166504,5208500
2021-06-24 00:00:00-04:00,21.68538955786165,21.68538955786165,21.36996517497108,21.475107192993164,4206400
2021-06-25 00:00:00-04:00,21.47510243211582,21.764240828607022,21.466340459958474,21.68538475036621,5853700
2021-06-28 00:00:00-04:00,21.77300796990258,21.81681616991452,21.50139345324196,21.58024787902832,3234100
2021-06-29 00:00:00-04:00,21.58024868264537,21.702914655362992,21.36996630664115,21.457584381103516,5513000
2021-06-30 00:00:00-04:00,21.50139541003081,21.632821693203134,21.229779197475366,21.483871459960938,8231600
2021-07-01 00:00:00-04:00,21.53643758737789,21.7992901042725,21.28234704386984,21.667863845825195,3951200
2021-07-02 00:00:00-04:00,21.694150519216077,21.834338755917344,21.492630137854956,21.825576782226562,5173700
2021-07-06 00:00:00-04:00,21.720437571218355,21.81681594448391,21.38748923833534,21.808053970336914,6799000
2021-07-07 00:00:00-04:00,21.737956634343885,21.94823896925408,21.59776841107042,21.913192749023438,5929800
2021-07-08 00:00:00-04:00,21.63282133232966,22.1585281274251,21.606535407663344,22.13224220275879,12780600
2021-07-09 00:00:00-04:00,22.237378500193152,22.351282481781013,22.088428296622855,22.316234588623047,9652000
2021-07-12 00:00:00-04:00,22.211096371247237,22.254904570700063,22.018336282833154,22.088430404663086,4972300
2021-07-13 00:00:00-04:00,22.000812365871035,22.044620562058505,21.615293888954152,21.624055862426758,3991600
2021-07-14 00:00:00-04:00,21.632821064583595,21.8518654205643,21.518917063615177,21.70291519165039,3627200
2021-07-15 00:00:00-04:00,21.615295684796354,22.21985853523001,21.615295684796354,22.184810638427734,4640600
2021-07-16 00:00:00-04:00,22.228620669085583,22.51775913507827,22.19357277203158,22.42137908935547,4508500
2021-07-19 00:00:00-04:00,22.24614210467977,22.351284120687673,21.5364389279473,21.790531158447266,5600000
2021-07-20 00:00:00-04:00,21.834346631038812,22.15853308982147,21.77301446425793,22.114723205566406,4873200
2021-07-21 00:00:00-04:00,22.228620925826363,22.395093425228506,22.00081460587131,22.05338478088379,2836800
2021-07-22 00:00:00-04:00,22.0183357724852,22.149763710148775,21.87814753207466,21.93071937561035,3448400
2021-07-23 00:00:00-04:00,22.018335364353284,22.08842948325929,21.851862876436282,22.062145233154297,3064600
2021-07-26 00:00:00-04:00,22.07966764766114,22.272426043475342,22.07966764766114,22.21109390258789,3132300
2021-07-27 00:00:00-04:00,22.105956379987518,22.517760845778767,22.035862251730087,22.50899887084961,3211100
2021-07-28 00:00:00-04:00,22.526516171083088,22.596611955024912,22.316233832784032,22.482707977294922,3128600
2021-07-29 00:00:00-04:00,22.561567474805592,22.640423572489265,22.377571027660846,22.614137649536133,3253400
2021-07-30 00:00:00-04:00,22.596612329023095,22.8156566439403,22.211093866839676,22.307472229003906,6769300
2021-08-02 00:00:00-04:00,22.342519550137443,22.57908780527983,22.298711356744608,22.386327743530273,4557400
2021-08-03 00:00:00-04:00,22.482709886433014,22.684230268851614,22.23737963533062,22.66670799255371,3852400
2021-08-04 00:00:00-04:00,22.552807459608267,22.631663564142023,22.149766633036528,22.51776123046875,3747300
2021-08-05 00:00:00-04:00,22.622897873288608,23.008416357557735,22.50899555832361,22.99089241027832,6344100
2021-08-06 00:00:00-04:00,23.01717924944981,23.58669418934635,22.9470851287114,23.201175689697266,4921500
2021-08-09 00:00:00-04:00,23.16612606949133,23.271266399600854,23.017175875856662,23.25374412536621,3778900
2021-08-10 00:00:00-04:00,23.253748877529997,23.402697430428557,23.07851272996877,23.323843002319336,5009700
2021-08-11 00:00:00-04:00,23.33260418646747,23.51660231547044,23.18365395677014,23.49031639099121,5059600
2021-08-12 00:00:00-04:00,23.47279012663057,23.50783634880924,23.24498383335486,23.437742233276367,2492700
2021-08-13 00:00:00-04:00,23.54288765286961,23.58669585473341,23.350127553847013,23.569171905517578,2225200
2021-08-16 00:00:00-04:00,23.53412764264921,23.832028119480913,23.455271535771644,23.472795486450195,4222600
2021-08-17 00:00:00-04:00,23.37641369475292,23.534125896808426,23.043465341263342,23.52536392211914,5068900
2021-08-18 00:00:00-04:00,23.516547733832056,23.516547733832056,23.17279064395475,23.269746780395508,4811000
2021-08-19 00:00:00-04:00,23.190415763952036,23.507731005259288,22.81140071043366,22.84665870666504,8494500
2021-08-20 00:00:00-04:00,22.80259031233588,23.243305224833183,22.652747174839035,23.216861724853516,5628300
2021-08-23 00:00:00-04:00,23.27855696866599,23.349071273559588,22.99649974909159,23.075828552246094,4007400
2021-08-24 00:00:00-04:00,23.163979393505503,23.163979393505503,22.758520747495833,22.77614974975586,3806600
2021-08-25 00:00:00-04:00,22.758517233120813,22.83784604984677,22.643932098513275,22.670373916625977,4962200
2021-08-26 00:00:00-04:00,22.626303810665547,22.65274731080393,22.30898853378085,22.361875534057617,3942800
2021-08-27 00:00:00-04:00,22.44120310667982,22.661560568518517,22.335432466465893,22.582233428955078,3956200
2021-08-30 00:00:00-04:00,22.55579438553014,22.59105071217041,22.32662237818819,22.37069320678711,3618200
2021-08-31 00:00:00-04:00,22.30899195962306,22.405949793825656,21.894720481002018,22.11507797241211,10819700
2021-09-01 00:00:00-04:00,22.18559087240683,22.643934828483122,22.18559087240683,22.48527717590332,5740700
2021-09-02 00:00:00-04:00,22.49408956496519,22.732076021492464,22.4764605649571,22.714447021484375,4559400
2021-09-03 00:00:00-04:00,22.714448994081714,22.925991968967942,22.582234844927086,22.86429214477539,6942900
2021-09-07 00:00:00-04:00,22.917175231376923,23.031760367808467,22.66155977759231,22.740888595581055,7051200
2021-09-08 00:00:00-04:00,22.74089139169082,23.498921665145236,22.65274974414937,23.331449508666992,5135400
2021-09-09 00:00:00-04:00,23.313821898324044,23.534179376829208,23.19923506803264,23.410778045654297,6323200
2021-09-10 00:00:00-04:00,23.525358922438492,23.53417342109133,23.067015079653153,23.111085891723633,5470000
2021-09-13 00:00:00-04:00,23.30500561313875,23.41077625325439,22.92599051013735,23.058204650878906,4736600
2021-09-14 00:00:00-04:00,23.067016322080235,23.225673943989467,22.599857955480147,22.61748695373535,4890200
2021-09-15 00:00:00-04:00,22.61749017621156,22.61749017621156,22.071004601988943,22.123889923095703,5948500
2021-09-16 00:00:00-04:00,22.07100347997168,22.13270329832529,21.70961570739746,21.70961570739746,7032400
2021-09-17 00:00:00-04:00,21.5773979136746,21.850642321777833,21.49806910889542,21.533327102661133,11907700
2021-09-20 00:00:00-04:00,21.471631289475923,21.929973525347176,21.44518778923193,21.78013038635254,9682400
2021-09-21 00:00:00-04:00,21.87708952419097,22.21203382268662,21.859460522966128,21.965232849121094,9581400
2021-09-22 00:00:00-04:00,22.026933841658046,22.07100634706003,21.60384787696407,21.647918701171875,7099300
2021-09-23 00:00:00-04:00,21.665544967639033,22.291361015772413,21.595030649093832,21.859458923339844,9926900
2021-09-24 00:00:00-04:00,22.106261083535767,22.48527619681856,22.044561261595604,22.397132873535156,10294800
2021-09-27 00:00:00-04:00,22.538155116293826,22.776141517200188,22.3442412051073,22.405941009521484,7895500
2021-09-28 00:00:00-04:00,22.300171577534826,22.45001469942693,21.83301489490176,21.99167251586914,9988200
2021-09-29 00:00:00-04:00,21.991677036668666,22.414762992092356,21.96523353400688,22.132705688476562,4807600
2021-09-30 00:00:00-04:00,22.16795986685506,22.300174004988595,21.665545133231248,21.68317413330078,4725300
2021-10-01 00:00:00-04:00,22.20321676307676,22.256102079461986,21.788943688009812,21.947601318359375,6295300
2021-10-04 00:00:00-04:00,21.86827496208377,22.5822343789354,21.86827496208377,22.467647552490234,6230200
2021-10-05 00:00:00-04:00,22.441199615534313,22.881914470650326,22.3706853059635,22.450014114379883,5445000
2021-10-06 00:00:00-04:00,22.361876040545077,22.74970396419499,21.9564174352096,22.73207664489746,5392000
2021-10-07 00:00:00-04:00,22.74970135480054,22.961244292853035,22.538158416748047,22.538158416748047,5886000
2021-10-08 00:00:00-04:00,22.46764624961754,22.670374707794892,22.353061111011122,22.51171875,3119100
2021-10-11 00:00:00-04:00,22.529346068958997,22.61748938852993,22.41476093035258,22.51171875,3452900
2021-10-12 00:00:00-04:00,22.591042993052568,22.97005804179755,22.529343181618508,22.952430725097656,5362700
2021-10-13 00:00:00-04:00,22.94361780359384,23.014132118822808,22.740887676265903,22.829030990600586,6043000
2021-10-14 00:00:00-04:00,22.91717713547674,23.419591903686523,22.864291812821527,23.419591903686523,5033300
2021-10-15 00:00:00-04:00,23.51654535115459,23.728088283583723,23.34907323253386,23.578245162963867,4665800
2021-10-18 00:00:00-04:00,23.41958686395819,23.43721586144766,23.075829818882216,23.084644317626953,3230800
2021-10-19 00:00:00-04:00,23.252118611886917,23.287376612721474,23.03176115025299,23.058204650878906,3680900
2021-10-20 00:00:00-04:00,23.269746599487,23.569432868760803,23.19923228208104,23.472475051879883,2440100
2021-10-21 00:00:00-04:00,23.454846345286576,23.551802475235363,23.331445036234005,23.366703033447266,3389700
2021-10-22 00:00:00-04:00,23.410771923507095,23.507729726676075,23.340257616073394,23.393144607543945,5155500
2021-10-25 00:00:00-04:00,23.366708516343966,23.675209339573012,23.24330885953004,23.59588050842285,3868000
2021-10-26 00:00:00-04:00,23.613505976116613,23.73690561445705,23.498919156634223,23.51654815673828,2946000
2021-10-27 00:00:00-04:00,23.50773351864194,23.525362518642474,23.190418243408203,23.190418243408203,3292000
2021-10-28 00:00:00-04:00,23.16397412087148,23.269744747967522,22.970058502539057,23.172788619995117,3268400
2021-10-29 00:00:00-04:00,23.146344658346678,23.269744281214802,22.767329609601695,22.952430725097656,3794700
2021-11-01 00:00:00-04:00,23.022945497280883,23.22567393354314,22.952431185485587,23.172788619995117,3730100
2021-11-02 00:00:00-04:00,23.2433019326447,23.2433019326447,22.76732908759145,23.084644317626953,5620500
2021-11-03 00:00:00-04:00,22.96124400341542,23.287373746214797,22.925987688114674,23.172788619995117,3350900
2021-11-04 00:00:00-04:00,23.305003859337067,23.569432120920816,23.190417046441926,23.35788917541504,3364800
2021-11-05 00:00:00-04:00,23.542986798264618,23.70164441540024,23.296187554892548,23.50773048400879,3179000
2021-11-08 00:00:00-05:00,23.428398381326993,23.551797985662617,23.163970177409652,23.375513076782227,2692900
2021-11-09 00:00:00-05:00,23.375513076782227,23.454841874196134,23.278555284122227,23.375513076782227,2569800
2021-11-10 00:00:00-05:00,23.366707842439865,23.639950652302094,23.313822516929733,23.428407669067383,3423800
2021-11-11 00:00:00-05:00,23.32263600948597,23.622322331343415,23.313823189308604,23.59588050842285,5399700
2021-11-12 00:00:00-05:00,23.542987699243884,23.613503692841668,23.1199018248201,23.44603157043457,3447300
2021-11-15 00:00:00-05:00,23.604690634545655,23.763346586244058,23.52536181809949,23.754533767700195,2800600
2021-11-16 00:00:00-05:00,23.780977423906645,23.780977423906645,23.578248957849095,23.604692459106445,2463000
2021-11-17 00:00:00-05:00,23.613559738313977,23.693393655417708,23.45388852023803,23.684524536132812,2253300
2021-11-18 00:00:00-05:00,23.67565259818646,23.790969754678773,23.38292260962303,23.436145782470703,3041700
2021-11-19 00:00:00-05:00,23.338575357485166,23.57808224300335,23.116810098731587,23.551469802856445,3468600
2021-11-22 00:00:00-05:00,23.542598728361,23.684528346834316,23.285350237419042,23.613563537597656,4272500
2021-11-23 00:00:00-05:00,23.75549288852779,23.826457696965214,23.551467583827506,23.604692459106445,2102900
2021-11-24 00:00:00-05:00,23.613557591205478,23.79983953406654,23.533721989426713,23.74661636352539,2025200
2021-11-26 00:00:00-05:00,23.427279886553205,23.46276313718523,23.125679023919055,23.267608642578125,3530300
2021-11-29 00:00:00-05:00,23.471629535531186,23.649042384244893,23.258735132235323,23.58694839477539,3135700
2021-11-30 00:00:00-05:00,23.311960755447654,23.43614873840039,22.974876670383985,22.983747482299805,8311300
2021-12-01 00:00:00-05:00,23.320829872746657,23.640170618839303,22.84181621570632,22.85068702697754,3412800
2021-12-02 00:00:00-05:00,22.95713293966858,23.489369762231302,22.912780576094274,23.25873374938965,3471600
2021-12-03 00:00:00-05:00,23.382924029068473,23.924029985057963,23.32969916105566,23.90629005432129,5727200
2021-12-06 00:00:00-05:00,24.021610302959964,24.731258381596433,23.959516307571082,24.58932876586914,5129600
2021-12-07 00:00:00-05:00,24.615939315525896,24.890927713417177,24.544974513104457,24.73125648498535,3736600
2021-12-08 00:00:00-05:00,24.72238706339722,24.766739429893935,24.500621847044993,24.509490966796875,3228000
2021-12-09 00:00:00-05:00,24.46513853714078,24.642551386538283,24.358690489115414,24.429656982421875,3878500
2021-12-10 00:00:00-05:00,24.607066554236468,24.793350203293393,24.45626614954628,24.72238540649414,4072100
2021-12-13 00:00:00-05:00,24.74013026999975,24.953024702849298,24.67803627191045,24.83770751953125,3413100
2021-12-14 00:00:00-05:00,24.811090706968756,24.95302030384749,24.553843947101385,24.67803192138672,5183600
2021-12-15 00:00:00-05:00,24.722386817207383,24.96189196261266,24.615938769967237,24.917539596557617,3085400
2021-12-16 00:00:00-05:00,24.82883235915884,25.16591642109835,24.722386007340027,24.819961547851562,4859500
2021-12-17 00:00:00-05:00,24.571588237014673,24.731257781885173,23.72887968362614,23.932903289794922,20978300
2021-12-20 00:00:00-05:00,23.649042707651528,23.986126786430425,23.24986463855398,23.95064353942871,5979500
2021-12-21 00:00:00-05:00,24.101445367082913,24.38530459198657,24.039351373127044,24.21676254272461,3918900
2021-12-22 00:00:00-05:00,24.163536121340435,24.41191375579741,24.074829702467643,24.37643051147461,2565000
2021-12-23 00:00:00-05:00,24.385302391031292,24.527231990672917,24.332079214149253,24.411914825439453,3353500
2021-12-27 00:00:00-05:00,24.30546436760659,24.4917480061079,24.2699828171846,24.46513557434082,2132800
2021-12-28 00:00:00-05:00,24.42965676547712,24.73125589967964,24.420785953892587,24.70464515686035,2119100
2021-12-29 00:00:00-05:00,24.775614315482752,24.882060689351782,24.580459810165188,24.79335594177246,2618600
2021-12-30 00:00:00-05:00,24.82883643492149,24.890930432331178,24.60707119163859,24.686906814575195,2815300
2021-12-31 00:00:00-05:00,24.63368173519172,24.846576149336062,24.544975306314644,24.757869720458984,3039300
2022-01-03 00:00:00-05:00,24.766739377945047,24.80222093268113,24.314338134503313,24.500621795654297,5835900
2022-01-04 00:00:00-05:00,24.544977714524812,24.678036524928178,24.340954092444008,24.349824905395508,8767900
2022-01-05 00:00:00-05:00,24.323212780995426,24.49175484538374,24.074835090946056,24.296600341796875,6831100
2022-01-06 00:00:00-05:00,24.420784866026743,24.580454391632625,24.172407228527202,24.527231216430664,5521500
2022-01-07 00:00:00-05:00,24.536102294921875,24.793350746413303,24.403043509500282,24.536102294921875,5208400
2022-01-10 00:00:00-05:00,24.65142578269006,24.766742967212327,24.40304809580458,24.562719345092773,8316300
2022-01-11 00:00:00-05:00,24.54497444759937,24.615939249831417,24.128056445977865,24.30546760559082,3063200
2022-01-12 00:00:00-05:00,24.278861202422206,24.42966164561494,24.172413134077775,24.323213577270508,2423000
2022-01-13 00:00:00-05:00,23.879678553074974,24.518361766767857,23.773230504825666,24.438526153564453,5675900
2022-01-14 00:00:00-05:00,24.46514018772634,24.527234181624454,24.057092975290487,24.49175262451172,3099700
2022-01-18 00:00:00-05:00,24.332082478690893,24.482882910034217,24.065963174707928,24.252246856689453,4735800
2022-01-19 00:00:00-05:00,24.314341119786622,24.65142523680494,24.23450549691042,24.261117935180664,3527200
2022-01-20 00:00:00-05:00,24.26998905947431,24.38530624292322,24.057094626383165,24.13692855834961,7282800
2022-01-21 00:00:00-05:00,24.190152860007117,24.695777338059877,24.154669609368916,24.252246856689453,5908600
2022-01-24 00:00:00-05:00,24.083702354134907,24.305467572298088,23.551465492156396,24.092573165893555,6962700
2022-01-25 00:00:00-05:00,23.844194695293794,24.394173161941374,23.657912730549242,24.199020385742188,4461900
2022-01-26 00:00:00-05:00,24.314339785760655,24.633682259744493,24.039351373127044,24.21676254272461,4228200
2022-01-27 00:00:00-05:00,24.500623415362163,24.757870202991597,24.136926880684236,24.278858184814453,4395500
2022-01-28 00:00:00-05:00,24.21676467087844,24.722390863098433,24.13692904536658,24.713520050048828,4280100
2022-01-31 00:00:00-05:00,24.474013694478003,25.165921899664216,24.429661320220458,25.15705108642578,3659500
2022-02-01 00:00:00-05:00,25.05060387289308,25.21027513275513,24.66916735031923,24.908674240112305,4490600
2022-02-02 00:00:00-05:00,24.917543152397787,25.281238020139767,24.828836715694596,25.121566772460938,6498300
2022-02-03 00:00:00-05:00,25.094955754319653,25.298979372175616,24.95302444196927,24.970766067504883,4469100
2022-02-04 00:00:00-05:00,24.802219642637105,24.935280118795898,24.40304328996344,24.74012565612793,4661700
2022-02-07 00:00:00-05:00,24.6869089774005,24.988509870043327,24.642556601632013,24.908674240112305,2828700
2022-02-08 00:00:00-05:00,25.050595112333014,25.183653885040556,24.899794718748705,25.006242752075195,2144200
2022-02-09 00:00:00-05:00,25.174788306165894,25.245753112486025,25.015118760896424,25.059471130371094,2813000
2022-02-10 00:00:00-05:00,24.828833367683934,25.0328569602358,24.42078618258021,24.500621795654297,5685000
2022-02-11 00:00:00-05:00,24.633680873373017,24.74899804252472,24.128056445977865,24.30546760559082,5032800
2022-02-14 00:00:00-05:00,24.385302879699747,24.482880115884118,23.60469006602775,23.870807647705078,3886500
2022-02-15 00:00:00-05:00,24.11031780276916,24.287728984312324,23.71113968341157,23.853069305419922,3953100
2022-02-16 00:00:00-05:00,23.79950669068033,24.040537363516478,23.70130863077693,23.995901107788086,4993300
2022-02-17 00:00:00-05:00,23.951265145772275,24.049463199898963,23.585256383826028,23.93341064453125,7949100
2022-02-18 00:00:00-05:00,23.826287672561932,24.120880140033442,23.629891559114924,23.754871368408203,14096300
2022-02-22 00:00:00-05:00,24.549375399438762,24.647573445900143,23.808430682763657,24.281564712524414,6208300
2022-02-23 00:00:00-05:00,24.406544398477003,24.513667999152553,23.63881788194017,23.64774513244629,4061100
2022-02-24 00:00:00-05:00,23.41564397132596,23.79950726638034,23.210322298105883,23.701309204101562,6657000
2022-02-25 00:00:00-05:00,23.978049849618415,24.522598582918516,23.879851783402376,24.4422550201416,5303300
2022-02-28 00:00:00-05:00,24.192297762508865,24.620795610781567,24.174443259822727,24.41547393798828,6521300
2022-03-01 00:00:00-05:00,24.36191159396467,24.567233262218103,23.790579439534653,23.995901107788086,5494400
2022-03-02 00:00:00-05:00,24.085172051246467,24.852898627077888,23.99590124198948,24.745773315429688,4961200
2022-03-03 00:00:00-05:00,24.826114847054892,25.317103406541772,24.808262048819987,25.209978103637695,4753400
2022-03-04 00:00:00-05:00,25.093929587677994,25.88843622346547,25.040366079893,25.87950897216797,5433500
2022-03-07 00:00:00-05:00,25.80809274283427,25.93307085598049,25.35281314147421,25.64740562438965,5326400
2022-03-08 00:00:00-05:00,25.808088658411975,25.88843220491901,25.442079925523853,25.4777889251709,4404800
2022-03-09 00:00:00-05:00,25.709891206928845,25.79916200541309,25.29924791767972,25.3349552154541,3795400
2022-03-10 00:00:00-05:00,25.290321184553527,25.64740268309121,25.192123133943575,25.620622634887695,3712100
2022-03-11 00:00:00-05:00,25.5938419930913,25.825945402873693,25.379593084684238,25.39744758605957,2567800
2022-03-14 00:00:00-04:00,25.575987110166896,25.781308764823255,25.227832852036645,25.361738204956055,3480800
2022-03-15 00:00:00-04:00,25.674189323890296,25.843803706512478,25.504574941268118,25.781312942504883,5337400
2022-03-16 00:00:00-04:00,25.7813082838951,25.879506335463706,25.31710318261376,25.772382736206055,5853200
2022-03-17 00:00:00-04:00,25.808090457597206,26.120537415495505,25.63847610284688,25.959850311279297,4502100
2022-03-18 00:00:00-04:00,25.97770166168566,26.16516879206864,25.74559828404573,25.93306541442871,10395800
2022-03-21 00:00:00-04:00,26.093757367907916,26.4329860995614,26.02234106167019,26.308006286621094,3829600
2022-03-22 00:00:00-04:00,26.325860788855287,26.450838899096546,26.20088267861403,26.308006286621094,5292800
2022-03-23 00:00:00-04:00,26.352638993588254,26.611522430326897,26.165170150771672,26.441909790039062,4102800
2022-03-24 00:00:00-04:00,26.441909003414608,26.64723063725415,26.3883455055183,26.584741592407227,3152200
2022-03-25 00:00:00-04:00,26.62937950606344,27.16500263388124,26.59367220564838,27.14714813232422,3200400
2022-03-28 00:00:00-04:00,27.129290485217062,27.156072234447343,26.88826155293968,27.120363235473633,3370100
2022-03-29 00:00:00-04:00,27.1560751866825,27.495302200317383,27.057877131528127,27.495302200317383,4047600
2022-03-30 00:00:00-04:00,27.388176711471488,27.647060153555746,27.37032221127289,27.477447509765625,4332400
2022-03-31 00:00:00-04:00,27.343541240246868,27.754186243023454,27.173928591622904,27.352468490600586,6440300
2022-04-01 00:00:00-04:00,27.379250982181073,27.888092347213266,27.20070937567552,27.807748794555664,4214100
2022-04-04 00:00:00-04:00,27.566716669931175,27.691696468915254,27.15607338059468,27.611352920532227,3435000
2022-04-05 00:00:00-04:00,27.66491355960884,28.021995035963986,27.66491355960884,27.70062255859375,5203800
2022-04-06 00:00:00-04:00,27.816674785421903,28.414786926620273,27.709551188529016,28.361225128173828,5203900
2022-04-07 00:00:00-04:00,28.334446719958596,28.70938275870924,28.057708742192357,28.575475692749023,9364500
2022-04-08 00:00:00-04:00,28.691528137748456,29.182515035244954,28.539768272626052,29.003976821899414,6152500
2022-04-11 00:00:00-04:00,29.048609319158633,29.2092964241146,28.71830615597254,28.771869659423828,5720700
2022-04-12 00:00:00-04:00,28.629035347259546,29.057533133106737,28.495130002019653,28.789722442626953,4824900
2022-04-13 00:00:00-04:00,28.834354592586102,28.97718717599208,28.530834927173725,28.852209091186523,3729300
2022-04-14 00:00:00-04:00,28.986122631863452,29.128955247318046,28.852215565013072,28.923633575439453,5403500
2022-04-18 00:00:00-04:00,29.003974079705614,29.146806680116754,28.718305473485525,28.816503524780273,3255100
2022-04-19 00:00:00-04:00,28.92362680226618,29.03967593393606,28.59332368948996,28.71830177307129,5251600
2022-04-20 00:00:00-04:00,29.057534749595668,29.369983410368537,28.96826564960221,29.23607635498047,4812800
2022-04-21 00:00:00-04:00,29.280708195187,29.459249784048627,28.700452288133672,28.798646926879883,8136800
2022-04-22 00:00:00-04:00,28.843284857554103,28.843284857554103,28.396930885718664,28.414785385131836,5314900
2022-04-25 00:00:00-04:00,28.45049956561019,28.512988622238566,27.843460096593226,28.343374252319336,5219100
2022-04-26 00:00:00-04:00,28.37015286437441,28.56654726384172,27.923800563376886,27.932727813720703,4444800
2022-04-27 00:00:00-04:00,27.977362537875287,28.450496592866024,27.655988334281663,27.968435287475586,6066000
2022-04-28 00:00:00-04:00,28.013069722307964,28.200538574537845,27.87916437225742,28.066633224487305,5835200
2022-04-29 00:00:00-04:00,27.986290538799363,28.013070588017733,27.28105306260035,27.3256893157959,4372200
2022-05-02 00:00:00-04:00,27.37924916980164,27.61135256181511,26.6650861964516,26.97753143310547,7280700
2022-05-03 00:00:00-04:00,27.040020814477472,27.655985709302136,26.72757389093958,27.26319694519043,5954100
2022-05-04 00:00:00-04:00,27.49530038848415,28.02199622700664,27.397104042499507,27.97736167907715,6346700
2022-05-05 00:00:00-04:00,27.91487174614849,28.0309225887063,27.298905128590917,27.62027931213379,5211600
2022-05-06 00:00:00-04:00,27.468526467573906,27.754191724516623,27.19178676004881,27.432817459106445,6879600
2022-05-09 00:00:00-04:00,27.245343029182823,27.45959191492871,26.96860339523295,27.120363235473633,4673400
2022-05-10 00:00:00-04:00,27.173927483623757,27.834528658573298,26.781136997570382,27.20963478088379,6354500
2022-05-11 00:00:00-04:00,27.272127101241708,27.825604748139245,27.11144169023827,27.138221740722656,6659000
2022-05-12 00:00:00-04:00,27.102511486856635,27.182855034955924,26.611522948172233,27.129291534423828,6077300
2022-05-13 00:00:00-04:00,27.343539379539816,27.718475355387415,27.147144993219182,27.70062255859375,3939500
2022-05-16 00:00:00-04:00,27.754185693712618,27.87916379079332,27.504227796852344,27.64706039428711,4037200
2022-05-17 00:00:00-04:00,27.798823205365448,28.004146575927734,27.432814422583494,28.004146575927734,4379400
2022-05-18 00:00:00-04:00,28.12980201088616,28.210583327443935,27.465601406281625,27.528430938720703,4447200
2022-05-19 00:00:00-04:00,27.366868215500872,27.663065804578707,27.187355510834024,27.519454956054688,3511000
2022-05-20 00:00:00-04:00,27.573309980195237,27.609213550116465,27.13350152051886,27.447650909423828,4105800
2022-05-23 00:00:00-04:00,27.78872802934831,27.914388820080013,27.546385764888594,27.681020736694336,4598800
2022-05-24 00:00:00-04:00,27.707949532277205,28.165708112465797,27.546386874809883,28.10287857055664,2446000
2022-05-25 00:00:00-04:00,28.10287456714722,28.58756247050273,28.10287456714722,28.57858657836914,4589400
2022-05-26 00:00:00-04:00,28.686292830024854,28.901710809543534,28.623463299322037,28.70424461364746,4165300
2022-05-27 00:00:00-04:00,28.587564219751712,29.108154011519648,28.542684756337636,29.09917640686035,3395100
2022-05-31 00:00:00-04:00,28.847857813228345,29.027372240153714,28.56063609972891,28.76707649230957,5334600
2022-06-01 00:00:00-04:00,28.93761894382207,28.93761894382207,28.38112554752771,28.77605628967285,4849800
2022-06-02 00:00:00-04:00,28.829908192074914,28.97351905960387,28.372149621811733,28.81195640563965,6808800
2022-06-03 00:00:00-04:00,28.740149980251392,28.874783229921114,28.345219275709802,28.426000595092773,3572300
2022-06-06 00:00:00-04:00,28.58756436919639,28.596540261926126,28.237511400642568,28.30931854248047,5118400
2022-06-07 00:00:00-04:00,28.18365734924537,28.811954423465494,28.13877959822124,28.7850284576416,3922800
2022-06-08 00:00:00-04:00,28.578590649546356,28.614492511218753,28.0759526022965,28.10287857055664,2541900
2022-06-09 00:00:00-04:00,28.093901987217194,28.18365920715886,27.45662897838686,27.474580764770508,3171900
2022-06-10 00:00:00-04:00,27.151459894228275,27.366876230100633,26.927067663697464,27.03477668762207,3853400
2022-06-13 00:00:00-04:00,26.639837802972647,26.68471555067715,25.5986583060458,25.70636558532715,6889200
2022-06-14 00:00:00-04:00,25.80510342217731,25.84998117812087,24.333091113927377,24.772899627685547,8627100
2022-06-15 00:00:00-04:00,24.997291480095516,25.679443975107294,24.86265650218007,25.239635467529297,5867500
2022-06-16 00:00:00-04:00,24.853677989245863,24.871628062293198,24.32411231487942,24.62928581237793,5911400
2022-06-17 00:00:00-04:00,24.56645782180984,24.88958141267764,24.198453053583467,24.5933837890625,9509900
2022-06-21 00:00:00-04:00,24.72802109843663,24.97036509847516,24.61133790136811,24.907535552978516,3946500
2022-06-22 00:00:00-04:00,24.683139812912422,25.12294828050532,24.638262061679534,24.952409744262695,3525500
2022-06-23 00:00:00-04:00,25.015238380552173,25.428119127104594,24.95240713862019,25.356313705444336,3733700
2022-06-24 00:00:00-04:00,25.464022964724258,26.03846634411535,25.419143505724136,25.894855499267578,5506800
2022-06-27 00:00:00-04:00,25.79612516612243,26.119250457648764,25.715343843240845,26.020517349243164,2851600
2022-06-28 00:00:00-04:00,26.18208261320341,26.577013374342226,26.074373601264945,26.11027717590332,3983200
2022-06-29 00:00:00-04:00,26.155153290768737,26.343643621837533,26.00256653208507,26.137203216552734,2131200
2022-06-30 00:00:00-04:00,25.92178435998384,26.666766342889833,25.805101177494393,26.55008316040039,4770800
2022-07-01 00:00:00-04:00,26.66676672886042,27.45662818721507,26.478278113193202,27.37584686279297,4242400
2022-07-05 00:00:00-04:00,27.250189991021802,27.286091853683516,25.616615008462297,26.11027717590332,5260600
2022-07-06 00:00:00-04:00,26.21798041095501,26.603935218594707,26.011540024721445,26.334665298461914,3453900
2022-07-07 00:00:00-04:00,26.451350119078416,26.711645875108207,26.28978918413664,26.3077392578125,2866000
2022-07-08 00:00:00-04:00,26.36159324645996,26.47827642319084,26.074369826860075,26.36159324645996,3253600
2022-07-11 00:00:00-04:00,26.32569072402654,26.559058798746072,26.16412807906867,26.505205154418945,1791100
2022-07-12 00:00:00-04:00,26.316712320072053,26.882181523465444,26.316712320072053,26.424421310424805,3085600
2022-07-13 00:00:00-04:00,26.146177038777505,26.612913201518147,26.047445640026762,26.101299285888672,4276300
2022-07-14 00:00:00-04:00,25.607637507708038,26.191056863153864,25.55378214913035,26.137203216552734,4916800
2022-07-15 00:00:00-04:00,26.36159670675335,26.603938984385884,25.92178648325078,26.57701301574707,3708900
2022-07-18 00:00:00-04:00,26.577010658780676,26.828328807663695,26.469301657847602,26.53213119506836,6019800
2022-07-19 00:00:00-04:00,26.74754880497598,26.801404164088577,26.577011970382483,26.70267105102539,3932200
2022-07-20 00:00:00-04:00,26.666768778125416,26.765501896001236,26.119252962938567,26.37057113647461,3302000
2022-07-21 00:00:00-04:00,26.280815285774313,26.325693041334517,26.083349052565488,26.31671714782715,2196900
2022-07-22 00:00:00-04:00,26.415447177249106,26.76549842324267,26.415447177249106,26.657791137695312,3040900
2022-07-25 00:00:00-04:00,26.603940252375597,27.0257987089077,26.541110706588277,27.016822814941406,2658700
2022-07-26 00:00:00-04:00,26.998867919482006,27.411750434525693,26.962966059725808,27.37584686279297,2906100
2022-07-27 00:00:00-04:00,27.37584521144349,27.654091027681815,27.250186141911946,27.42072296142578,4017900
2022-07-28 00:00:00-04:00,27.609212103514267,28.31829045254147,27.55535846343056,28.273412704467773,2451400
2022-07-29 00:00:00-04:00,28.22853627802805,28.587563415355973,28.22853627802805,28.443952560424805,2768600
2022-08-01 00:00:00-04:00,28.408048448946865,28.44395201798317,28.111850852302922,28.39009666442871,2988900
2022-08-02 00:00:00-04:00,28.722196543547415,28.94658870404388,28.399071284600083,28.452926635742188,4497700
2022-08-03 00:00:00-04:00,28.452928452855055,28.542683953204712,27.51945618382602,28.443952560424805,4484600
2022-08-04 00:00:00-04:00,28.443954270353224,28.61449110085066,28.13878075728466,28.1746826171875,2326900
2022-08-05 00:00:00-04:00,28.05800184586616,28.282394053483152,27.698974656074306,28.246490478515625,2872700
2022-08-08 00:00:00-04:00,28.452929567200865,28.65039407247072,28.1836579196767,28.3452205657959,1634700
2022-08-09 00:00:00-04:00,28.488833019289846,28.82990840418638,28.426003478280744,28.794008255004883,2335600
2022-08-10 00:00:00-04:00,28.98249467089128,29.02737242191541,28.69527124361688,28.7850284576416,2990900
2022-08-11 00:00:00-04:00,28.51575748184193,28.90171228961135,28.040045463339275,28.641416549682617,7321000
2022-08-12 00:00:00-04:00,28.802981218994066,29.188936053997114,28.785029433185432,29.170984268188477,2986600
2022-08-15 00:00:00-04:00,29.081227982096024,29.368449699414505,28.955565484810357,29.341520309448242,1892500
2022-08-16 00:00:00-04:00,29.341523463328137,29.547963880843728,29.233816163744635,29.467185974121094,2254400
2022-08-17 00:00:00-04:00,29.47620496112106,29.575482381565624,29.133247538538672,29.3408260345459,3184700
2022-08-18 00:00:00-04:00,29.26863183092039,29.66573814267089,29.26863183092039,29.413034439086914,3072100
2022-08-19 00:00:00-04:00,29.449129499655506,29.5484069165493,29.268625418287602,29.467180252075195,2954100
2022-08-22 00:00:00-04:00,29.304727240850397,29.33180164835898,28.727115207059306,28.907617568969727,2557100
2022-08-23 00:00:00-04:00,28.907617478775443,28.943718983893596,28.654913828606404,28.79931640625,1994800
2022-08-24 00:00:00-04:00,28.88956736349118,29.178375967978223,28.70003962168361,29.124223709106445,3385000
2022-08-25 00:00:00-04:00,29.187403127790137,29.268629804436742,28.898597931453214,29.2144775390625,2229000
2022-08-26 00:00:00-04:00,29.28667939625938,29.331804560864065,28.636866008897915,28.654916763305664,2505300
2022-08-29 00:00:00-04:00,28.48343825181445,29.178378530381167,28.33001028103303,28.961772918701172,2256300
2022-08-30 00:00:00-04:00,28.97079648820461,29.06105026064784,28.429287624862788,28.564664840698242,2318800
2022-08-31 00:00:00-04:00,28.55563555655681,28.78126479255088,28.393182231214766,28.45635986328125,4798700
2022-09-01 00:00:00-04:00,28.33903144617359,28.8534658242683,28.284880912009523,28.835416793823242,2882500
2022-09-02 00:00:00-04:00,28.87151740552585,29.29569975792307,28.609788381702096,28.681989669799805,4363800
2022-09-06 00:00:00-04:00,28.79029125742661,28.970793620199895,28.474409970805198,28.60978889465332,4015100
2022-09-07 00:00:00-04:00,28.727120493098436,29.548412674078723,28.691020702639484,29.485233306884766,3260900
2022-09-08 00:00:00-04:00,29.41303449658567,29.638663787463795,29.241557474937007,29.512311935424805,2892000
2022-09-09 00:00:00-04:00,29.611582221322696,29.73793404284028,29.358875135458607,29.647680282592773,2588900
2022-09-12 00:00:00-04:00,29.71086245132324,29.990644002777252,29.63866287074683,29.873315811157227,2754400
2022-09-13 00:00:00-04:00,29.476207928031215,29.76501312048723,28.997874973556467,29.196426391601562,3572100
2022-09-14 00:00:00-04:00,29.232527385544003,29.69281301984407,29.232527385544003,29.55743408203125,4351900
2022-09-15 00:00:00-04:00,29.404003606612232,29.404003606612232,28.871516751999902,29.04299545288086,4572500
2022-09-16 00:00:00-04:00,28.952748465488128,29.042998792885488,28.727117482750767,28.91664695739746,6438200
2022-09-19 00:00:00-04:00,28.790294800004514,29.358879808754477,28.763220389035066,29.295703887939453,3863500
2022-09-20 00:00:00-04:00,29.097151986050683,29.18740231633581,28.546614298540234,28.87152099609375,3507500
2022-09-21 00:00:00-04:00,29.115194840573313,29.340824074573764,28.69101422177611,28.835416793823242,5919100
2022-09-22 00:00:00-04:00,28.718089174525904,28.754190678931757,28.284881450142528,28.573686599731445,3861300
2022-09-23 00:00:00-04:00,28.311959590601273,30.234320080060296,28.023152699072135,28.483436584472656,4849300
2022-09-26 00:00:00-04:00,28.221706416761513,28.49246082257007,27.32821481189583,27.53579330444336,5421900
2022-09-27 00:00:00-04:00,27.7163001112252,27.74337624471262,26.8408591187763,26.97623634338379,6819900
2022-09-28 00:00:00-04:00,27.31016724666135,27.391393922167268,26.913059246567396,27.21088981628418,4527100
2022-09-29 00:00:00-04:00,27.111610288579918,27.156735447987327,25.93833720842792,26.028589248657227,4134400
2022-09-30 00:00:00-04:00,26.14591754596556,26.308370885590083,25.33365256925755,25.43292999267578,9062400
2022-10-03 00:00:00-04:00,25.96541333692106,26.38959568815996,25.694657216233143,26.028589248657227,4452500
2022-10-04 00:00:00-04:00,26.14591837883095,26.64230379031962,26.028591919483976,26.561077117919922,3585300
2022-10-05 00:00:00-04:00,26.118842609469073,26.20909465426157,25.712709268610126,26.001514434814453,4766900
2022-10-06 00:00:00-04:00,25.902243867283136,25.9834705515498,24.656769189470932,24.674819946289062,7558600
2022-10-07 00:00:00-04:00,24.647738288212953,24.701890546533377,24.015977433872134,24.19647979736328,5637800
2022-10-10 00:00:00-04:00,24.2686831171715,24.476263348601933,24.034028475730548,24.097206115722656,4483200
2022-10-11 00:00:00-04:00,24.015983386436254,24.349913788440343,23.86255539266236,24.0069580078125,4861700
2022-10-12 00:00:00-04:00,23.970851395917474,23.97987677262198,23.041259973742882,23.059309005737305,6904200
2022-10-13 00:00:00-04:00,22.797579190208427,23.627894883172196,22.590000697321116,23.51056671142578,7318700
2022-10-14 00:00:00-04:00,23.718149707310484,23.817425416491087,23.131512222608652,23.357141494750977,5263200
2022-10-17 00:00:00-04:00,23.673017898134034,24.05207506537928,23.618867366074536,23.691068649291992,4428300
2022-10-18 00:00:00-04:00,24.088177509424227,24.36795727765309,23.97987471965675,24.33185577392578,6471100
2022-10-19 00:00:00-04:00,24.00694974783376,24.476258946305784,23.961822870241626,24.367956161499023,6063700
2022-10-20 00:00:00-04:00,24.32283937398404,24.404066060182863,23.82645387816735,24.0069580078125,6638100
2022-10-21 00:00:00-04:00,24.10623129020913,24.503339302390774,23.92572890024641,24.37698745727539,4455700
2022-10-24 00:00:00-04:00,24.57554205898061,24.737995424564232,24.259660706058558,24.557491302490234,4027200
2022-10-25 00:00:00-04:00,24.54846205834014,25.108021610864938,24.54846205834014,24.954593658447266,3556000
2022-10-26 00:00:00-04:00,25.11705002509761,25.24340186422527,24.864344625427584,24.90947151184082,3132200
2022-10-27 00:00:00-04:00,25.171201573520715,25.50513366066778,25.12607640671844,25.26145362854004,2833500
2022-10-28 00:00:00-04:00,25.333652057613296,26.010539811435162,25.333652057613296,26.001514434814453,2803400
2022-10-31 00:00:00-04:00,25.99248565132498,26.064686933412545,25.658555367200364,25.821008682250977,4470200
2022-11-01 00:00:00-04:00,25.938338193403613,26.245194108987025,25.351702491758108,25.58635711669922,5735900
2022-11-02 00:00:00-04:00,25.514153544936633,26.010537158545915,25.351700225162134,25.3697509765625,4770400
2022-11-03 00:00:00-04:00,25.098998769432548,25.51415750907221,24.91849639162742,25.279502868652344,4054300
2022-11-04 00:00:00-04:00,25.31559938756744,25.793933983759725,25.20729831914826,25.70368194580078,4513200
2022-11-07 00:00:00-05:00,25.72173420020313,25.72173420020313,24.73799054395588,25.18924903869629,4032500
2022-11-08 00:00:00-05:00,25.252427208060624,25.613433691814855,25.126075369100317,25.405855178833008,3606400
2022-11-09 00:00:00-05:00,25.279498435184838,25.5412274395959,25.22534790348158,25.441951751708984,5445100
2022-11-10 00:00:00-05:00,26.371545159869914,26.678401066407744,25.938337428786326,26.533998489379883,3656400
2022-11-11 00:00:00-05:00,26.515950616382586,26.651329553285297,25.929314868324706,26.290321350097656,4194600
2022-11-14 00:00:00-05:00,26.290321350097656,26.70548009519757,26.218120053743068,26.290321350097656,4992700
2022-11-15 00:00:00-05:00,26.461800074470318,26.57912825693071,25.911264113882385,26.290321350097656,3022300
2022-11-16 00:00:00-05:00,26.308478615783994,26.916924701304865,26.308478615783994,26.735300064086914,2807500
2022-11-17 00:00:00-05:00,26.481027691665712,26.5355149182576,26.090532148168815,26.508272171020508,2899100
2022-11-18 00:00:00-05:00,26.78070471142753,27.053144254454622,26.662648788597938,26.944168090820312,3843200
2022-11-21 00:00:00-05:00,26.944172700030744,27.243855036143618,26.78070929267506,27.15304183959961,3138600
2022-11-22 00:00:00-05:00,27.243856865546643,27.679758159687125,27.243856865546643,27.652515411376953,3761500
2022-11-23 00:00:00-05:00,27.588947008520496,28.006687078889353,27.57078575233586,27.979442596435547,3541500
2022-11-25 00:00:00-05:00,28.052089956908954,28.324529557311216,28.052089956908954,28.188310623168945,1060500
2022-11-28 00:00:00-05:00,27.97035807163603,28.124739991244184,27.725164684590606,28.02484703063965,2786000
2022-11-29 00:00:00-05:00,27.852302462383527,27.8613839556609,27.55262011270108,27.770570755004883,2455500
2022-11-30 00:00:00-05:00,27.64343069602133,28.315445545859767,27.452722819488528,28.251876831054688,5089800
2022-12-01 00:00:00-05:00,28.41533952224996,28.624208646295404,27.997599542041545,28.17922592163086,4730100
2022-12-02 00:00:00-05:00,27.8795470311886,28.006684473242125,27.51629422740527,27.85230255126953,3420400
2022-12-05 00:00:00-05:00,27.607107943997043,27.806897336233096,27.55262071525893,27.652515411376953,2687400
2022-12-06 00:00:00-05:00,27.670674351973837,28.015764146728454,27.570781396328133,27.9885196685791,3748500
2022-12-07 00:00:00-05:00,27.861384388416035,28.00668481887544,27.58894478221633,27.598026275634766,3493400
2022-12-08 00:00:00-05:00,27.607108464389515,27.72516614968488,27.416402294152416,27.561702728271484,3701200
2022-12-09 00:00:00-05:00,27.443644525664922,27.86138456497121,27.41640177735475,27.652515411376953,3126500
2022-12-12 00:00:00-05:00,27.797814988016867,28.17014754849459,27.525375388467836,28.16106605529785,2884400
2022-12-13 00:00:00-05:00,28.47891384809666,28.58788831163292,27.770572906639497,28.070255279541016,5108700
2022-12-14 00:00:00-05:00,28.197386467609522,28.460744538205702,27.961274605022066,28.10657501220703,3394800
2022-12-15 00:00:00-05:00,27.979440514883667,28.088416704473623,27.643433916873693,27.815977096557617,3841500
2022-12-16 00:00:00-05:00,27.570780718335033,27.57986221082816,26.871521385422458,27.2529354095459,6188600
2022-12-19 00:00:00-05:00,27.19845190728363,27.50721576581661,27.034988484281723,27.22569465637207,2909700
2022-12-20 00:00:00-05:00,27.198450607697374,27.334669542984262,27.053150179108997,27.216611862182617,1830200
2022-12-21 00:00:00-05:00,27.325589258448314,27.734247814504,27.243857547237177,27.72516632080078,1909400
2022-12-22 00:00:00-05:00,27.652516454903406,27.67067771042295,27.016825744537737,27.52537727355957,2176400
2022-12-23 00:00:00-05:00,27.470887297449863,27.879545817862297,27.41640007210076,27.870464324951172,2126300
2022-12-27 00:00:00-05:00,27.915870846249003,28.1610659654253,27.779651912968074,28.079334259033203,1364800
2022-12-28 00:00:00-05:00,28.106579076937855,28.288203746126605,27.661594566948743,27.716083526611328,2184800
2022-12-29 00:00:00-05:00,27.879549384617484,27.997605343330243,27.62527274692815,27.679759979248047,2984200
2022-12-30 00:00:00-05:00,27.652517521748702,27.70700475464515,26.98958230435065,27.234777450561523,2908400
2023-01-03 00:00:00-05:00,27.153046026861972,27.370996692907102,26.471949545926716,26.844282150268555,4282600
2023-01-04 00:00:00-05:00,26.907847145821954,27.325587163555166,26.8170356799874,26.926010131835938,4386400
2023-01-05 00:00:00-05:00,26.726220599208258,26.826115283130036,26.244911896451345,26.317562103271484,3062100
2023-01-06 00:00:00-05:00,26.580925459450434,27.39824088136877,26.51735673238493,27.234777450561523,3833600
2023-01-09 00:00:00-05:00,27.207531401805813,28.043009763966513,27.134881184753482,27.670677185058594,3574700
2023-01-10 00:00:00-05:00,27.62526963550831,27.788733046175093,27.416400491708618,27.75240707397461,1863700
2023-01-11 00:00:00-05:00,27.80689154195927,28.315442945820198,27.80689154195927,28.288198471069336,2641500
2023-01-12 00:00:00-05:00,28.342690724216318,28.40626117659649,28.0066841365097,28.215553283691406,4116800
2023-01-13 00:00:00-05:00,28.043012317552687,28.578808366647188,27.93403784810992,28.433507919311523,4315200
2023-01-17 00:00:00-05:00,27.99760393383995,28.397180992344932,27.99760393383995,28.22463607788086,4199400
2023-01-18 00:00:00-05:00,28.27912269295738,28.33361165346798,27.534457553823493,27.598026275634766,3725500
2023-01-19 00:00:00-05:00,27.56170333785543,27.598027581129678,27.225694993949944,27.49813461303711,2792800
2023-01-20 00:00:00-05:00,27.53446191770434,27.579869391993046,26.971423093468715,27.3437557220459,3669100
2023-01-23 00:00:00-05:00,27.225691537315043,27.51629237508508,27.09855410382006,27.243854522705078,2716900
2023-01-24 00:00:00-05:00,27.162126186158094,27.534458772200445,26.798875093936022,27.41640281677246,3016800
2023-01-25 00:00:00-05:00,27.271098484893773,27.36190994589078,27.05314786068929,27.280179977416992,3491800
2023-01-26 00:00:00-05:00,27.189367298652602,27.29834174675755,26.90784622145996,27.243854522705078,4172800
2023-01-27 00:00:00-05:00,27.20753342149308,27.289265138258838,26.971421497634143,27.00774574279785,4196300
2023-01-30 00:00:00-05:00,26.916926323575503,27.398235018840317,26.86243910233794,27.098552703857422,3517100
2023-01-31 00:00:00-05:00,27.20753442651078,27.361916371424595,26.77163307573695,27.35283660888672,3289500
2023-02-01 00:00:00-05:00,27.18028909027312,27.4890529507425,26.92601246044015,27.334671020507812,5287800
2023-02-02 00:00:00-05:00,27.35283314084082,27.616189523998326,26.898768858325727,27.044069290161133,6111300
2023-02-03 00:00:00-05:00,26.91693028931254,27.00774349283323,26.272159835339433,26.51735496520996,5444000
2023-02-06 00:00:00-05:00,26.25399436842259,26.753464342432874,26.25399436842259,26.635408401489258,3572300
2023-02-07 00:00:00-05:00,26.46287069395915,26.944179545440868,26.399301959863436,26.889692306518555,4192600
2023-02-08 00:00:00-05:00,26.771632321959544,26.771632321959544,26.181349042891814,26.37205696105957,2993200
2023-02-09 00:00:00-05:00,26.5264328726393,26.608164576883656,25.9633941679756,26.017881393432617,2541000
2023-02-10 00:00:00-05:00,26.072367297158255,26.635407705396442,26.008798581994725,26.617244720458984,2614800
2023-02-13 00:00:00-05:00,26.671735074091824,26.78979101814169,26.60816462347671,26.76254653930664,1941700
2023-02-14 00:00:00-05:00,26.78071012706339,26.81703609965984,26.317564369164913,26.590003967285156,2467000
2023-02-15 00:00:00-05:00,26.379771068427665,26.653988359730203,26.28836472351648,26.62656593322754,2762100
2023-02-16 00:00:00-05:00,26.279224701826575,26.663129967207894,26.123834433852444,26.553442001342773,3098000
2023-02-17 00:00:00-05:00,26.736255009320608,26.836802167253612,26.142116357799704,26.699691772460938,4566900
2023-02-21 00:00:00-05:00,26.617427671321185,26.736254702891028,26.40719254864981,26.425474166870117,2935100
2023-02-22 00:00:00-05:00,26.434614182702127,26.800237818980857,26.31578715469817,26.370630264282227,3012400
2023-02-23 00:00:00-05:00,26.507738111169736,26.62656513559294,26.22438001952135,26.315786361694336,3449500
2023-02-24 00:00:00-05:00,26.07813119629878,26.27008295038843,25.858757015868747,26.11469268798828,3384900
2023-02-27 00:00:00-05:00,26.32493039990769,26.562586237081003,25.95016589528897,26.023290634155273,3343300
2023-02-28 00:00:00-05:00,25.88617769875686,26.02328634359664,25.420006911556793,25.429147720336914,4461200
2023-03-01 00:00:00-05:00,25.383444776965927,25.4474286933752,24.89899238447563,25.00868034362793,4220300
2023-03-02 00:00:00-05:00,25.01782318484139,25.602821032034715,24.93555764465094,25.58453941345215,6016300
2023-03-03 00:00:00-05:00,25.712505504448742,25.977583725538487,25.39258591821076,25.968442916870117,4985800
2023-03-06 00:00:00-05:00,25.986725170797886,26.169536118350585,25.877037207521443,26.06899070739746,3854200
2023-03-07 00:00:00-05:00,25.97758485467768,26.288365389186637,25.246337563733697,25.420007705688477,3849000
2023-03-08 00:00:00-05:00,25.3834438419493,25.69422434743021,25.365162225525506,25.575395584106445,3561200
2023-03-09 00:00:00-05:00,25.65766158794452,25.968442099159066,25.301178778258222,25.483989715576172,5010600
2023-03-10 00:00:00-05:00,25.53883390914482,25.70336496890182,25.03609992172833,25.191490173339844,6398200
2023-03-13 00:00:00-04:00,25.145788380323268,26.242659228315382,25.081804465452596,25.785629272460938,4942000
2023-03-14 00:00:00-04:00,26.02328808078797,26.398052548635345,25.941022539706243,26.224382400512695,4695500
2023-03-15 00:00:00-04:00,26.04156951903469,26.791098449533308,25.986726406504115,26.59000587463379,5337700
2023-03-16 00:00:00-04:00,26.516878771712044,26.983049545104222,26.443754047068033,26.809377670288086,6044100
2023-03-17 00:00:00-04:00,27.065316850805242,27.065316850805242,26.434614969800705,26.553442001342773,8686700
2023-03-20 00:00:00-04:00,26.644847869873047,26.973910018120254,26.53516164941134,26.644847869873047,5375200
2023-03-21 00:00:00-04:00,26.663125234831966,26.79109305276934,25.438284926649008,25.81304931640625,5468700
2023-03-22 00:00:00-04:00,25.721647112656804,25.886178186939812,25.264617125617807,25.273757934570312,3832100
2023-03-23 00:00:00-04:00,25.173210766397816,25.538834381830018,24.880710130621132,24.972116470336914,5062100
2023-03-24 00:00:00-04:00,24.999541703356016,25.922742525665246,24.935557781397247,25.904460906982422,3585600
2023-03-27 00:00:00-04:00,26.09641298191778,26.361491225664697,25.922742832667527,26.050710678100586,3213200
2023-03-28 00:00:00-04:00,25.97758168074097,26.46203404144546,25.913597768529797,26.206096649169922,2276500
2023-03-29 00:00:00-04:00,26.35234629527931,26.855078532376584,26.35234629527931,26.781953811645508,4334100
2023-03-30 00:00:00-04:00,26.937348536778366,27.101879621617897,26.69055365295022,26.81852149963379,2187400
2023-03-31 00:00:00-04:00,26.864221572086144,27.037893452036446,26.708831309695032,26.928205490112305,3914700
2023-04-03 00:00:00-04:00,26.80937417759929,27.056170744907114,26.653983940045926,26.827655792236328,2707400
2023-04-04 00:00:00-04:00,26.864219513071813,26.946485042351906,26.68140858178451,26.909923553466797,2262000
2023-04-05 00:00:00-04:00,27.001332579195793,27.86054770299815,27.001332579195793,27.778282165527344,4321500
2023-04-06 00:00:00-04:00,27.878829000773727,28.15304629357286,27.68687724450054,28.125625610351562,4792100
2023-04-10 00:00:00-04:00,27.979375838436077,28.09820286572271,27.6411728872755,28.043359756469727,2671300
2023-04-11 00:00:00-04:00,28.00679667736186,28.13476625757303,27.878828840581704,27.997655868530273,2432700
2023-04-12 00:00:00-04:00,28.03421974182129,28.281016355597295,27.842266238851824,28.03421974182129,3559100
2023-04-13 00:00:00-04:00,27.897111563376743,28.17132886546322,27.494924676009635,28.070781707763672,2201400
2023-04-14 00:00:00-04:00,27.95195516905622,28.043361519177346,27.60461313071328,27.787424087524414,2982000
2023-04-17 00:00:00-04:00,27.90625237624564,28.034220218112036,27.677737376666453,28.006797790527344,1714400
2023-04-18 00:00:00-04:00,27.951957590529567,28.025082328275026,27.568052281508074,27.632036209106445,3189900
2023-04-19 00:00:00-04:00,27.69601457567012,27.915390488289663,27.613749044295517,27.887968063354492,2372700
2023-04-20 00:00:00-04:00,27.951957396075134,27.979379826325637,27.650317637044626,27.869691848754883,2132500
2023-04-21 00:00:00-04:00,28.070777402611107,28.14390386494542,27.72343542367723,27.906248092651367,2401700
2023-04-24 00:00:00-04:00,27.97937662582902,28.226171496128224,27.714298394022947,28.162187576293945,2642000
2023-04-25 00:00:00-04:00,28.15304518002315,28.262733138862885,28.06164058165949,28.18046760559082,2219100
2023-04-26 00:00:00-04:00,27.95195549425631,28.10734576824074,27.54976859510288,27.741722106933594,3652500
2023-04-27 00:00:00-04:00,27.80570772207945,28.2170354557292,27.586333511943334,28.17133140563965,3332400
2023-04-28 00:00:00-04:00,28.05250232367865,28.30843801185618,27.61375219185938,27.851408004760742,3674100
2023-05-01 00:00:00-04:00,27.769140723342794,28.363281090068973,27.686876931178826,28.043359756469727,2937100
2023-05-02 00:00:00-04:00,28.01593700306584,28.034218620413746,27.26640812611148,27.467500686645508,3134100
2023-05-03 00:00:00-04:00,27.54976686402783,27.823985900351136,27.348674298802226,27.376096725463867,3510300
2023-05-04 00:00:00-04:00,27.321250610984677,27.833125424454167,27.184141970867508,27.604610443115234,3204600
2023-05-05 00:00:00-04:00,27.485782312057882,27.93367147662712,27.430939203429055,27.897109985351562,2936900
2023-05-08 00:00:00-04:00,27.878831248638058,28.061643954198317,27.586332314486583,27.65031623840332,3306600
2023-05-09 00:00:00-04:00,27.613746643066406,27.805700114058936,27.449217338055224,27.613746643066406,3852900
2023-05-10 00:00:00-04:00,27.741720200752045,27.933671955962286,27.494923592540864,27.677736282348633,3529500
2023-05-11 00:00:00-04:00,27.7234380993254,27.7234380993254,27.120158674290106,27.33953285217285,4750400
2023-05-12 00:00:00-04:00,27.49492311266737,27.732578907897214,27.26640812611148,27.467500686645508,3381100
2023-05-15 00:00:00-04:00,27.549768328456704,27.604613184695303,26.891645744473614,26.97391128540039,5047000
2023-05-16 00:00:00-04:00,27.01046956884908,27.04703280199537,26.416330977669137,26.45289421081543,4460600
2023-05-17 00:00:00-04:00,26.554110184059436,26.62771817934288,26.278078885531745,26.425294876098633,3972300
2023-05-18 00:00:00-04:00,26.241271557699495,26.33328197578861,25.864030422991597,26.16766357421875,8559600
2023-05-19 00:00:00-04:00,26.305681228637695,26.554108858424698,26.222872018708696,26.305681228637695,3883200
2023-05-22 00:00:00-04:00,26.23207200547025,26.489700841482158,26.186065916029087,26.268875122070312,5003600
2023-05-23 00:00:00-04:00,26.222872724730074,26.600113911251004,26.158465949707427,26.554109573364258,5387300
2023-05-24 00:00:00-04:00,26.508100337909987,26.618513192682606,26.28727638331754,26.333282470703125,3828400
2023-05-25 00:00:00-04:00,26.213667406844454,26.241271058231618,25.762818297237132,26.002044677734375,4308600
2023-05-26 00:00:00-04:00,25.965242123085247,26.094057419418533,25.79962546486167,26.075654983520508,4770800
2023-05-30 00:00:00-04:00,26.094058514118633,26.167666505845855,25.92844009399414,25.92844009399414,3534600
2023-05-31 00:00:00-04:00,25.9744418635622,26.094055935142613,25.652406273476256,25.956039428710938,5915400
2023-06-01 00:00:00-04:00,26.02045050934109,26.121660401069665,25.661610014267012,26.112459182739258,6403700
2023-06-02 00:00:00-04:00,25.965239240312638,26.526501188218486,25.946838561410416,26.314878463745117,4180300
2023-06-05 00:00:00-04:00,26.35168447577921,26.673720083860477,26.30568014103312,26.452896118164062,3120200
2023-06-06 00:00:00-04:00,26.406889549834975,26.5541055145139,26.08485396899255,26.278074264526367,3553100
2023-06-07 00:00:00-04:00,26.44369645367863,26.728927206756815,26.1768681375611,26.655319213867188,3048800
2023-06-08 00:00:00-04:00,26.5817099669012,26.85774124342939,26.35168478060416,26.811735153198242,4649900
2023-06-09 00:00:00-04:00,26.857741081174566,26.885342980193606,26.62771589626717,26.636917114257812,3530000
2023-06-12 00:00:00-04:00,27.06016134299173,27.06016134299173,26.67371898027329,26.793333053588867,4271300
2023-06-13 00:00:00-04:00,26.535704800501673,26.903744736059032,26.508101147227556,26.85774040222168,2802600
2023-06-14 00:00:00-04:00,26.80253418410643,27.050961808803443,26.627716304462975,26.710525512695312,2844000
2023-06-15 00:00:00-04:00,26.81173662180788,27.041761820704526,26.63691873421259,26.931350708007812,2666300
2023-06-16 00:00:00-04:00,26.940551689505273,27.161375667908636,26.8301388228271,26.848541259765625,6643400
2023-06-20 00:00:00-04:00,26.76573198016452,26.903746746945163,26.508103128541812,26.75653076171875,4400800
2023-06-21 00:00:00-04:00,26.701322546251117,27.087764907714778,26.324081402316686,27.078563690185547,3650900
2023-06-22 00:00:00-04:00,27.161377019731628,27.216582578341807,26.66452172738081,26.784135818481445,2071900
2023-06-23 00:00:00-04:00,26.839339880343562,26.94055152794552,26.176867949106246,26.195268630981445,4411400
2023-06-26 00:00:00-04:00,26.30567889962241,26.62771449250626,26.149261711933274,26.609312057495117,2349900
2023-06-27 00:00:00-04:00,26.609312304158557,26.977352233029137,26.609312304158557,26.876140594482422,3238400
2023-06-28 00:00:00-04:00,26.848540056348046,26.848540056348046,26.39769090128022,26.434494018554688,3192500
2023-06-29 00:00:00-04:00,26.250476984146104,26.563311402839,26.14006411374442,26.425294876098633,2504400
2023-06-30 00:00:00-04:00,26.51730302919357,26.82093620300293,26.452896258226872,26.82093620300293,4383000
2023-07-03 00:00:00-04:00,26.738127212498387,27.096967697143555,26.62771610564826,27.096967697143555,1822200
2023-07-05 00:00:00-04:00,27.032559496788423,27.54781718481409,26.912947170432453,27.262584686279297,3479600
2023-07-06 00:00:00-04:00,27.078563035283644,27.14296980147776,26.839336650167816,27.106164932250977,3106900
2023-07-07 00:00:00-04:00,26.93134862942613,27.21657936265681,26.894543758065858,27.124568939208984,4111700
2023-07-10 00:00:00-04:00,27.078563035283644,27.179774670704546,26.93134706828202,27.106164932250977,4116600
2023-07-11 00:00:00-04:00,27.225778836243364,27.51100955120038,27.115365984189143,27.49260711669922,3008400
2023-07-12 00:00:00-04:00,27.603024466834498,28.007869317068256,27.51101403428778,27.934261322021484,2957300
2023-07-13 00:00:00-04:00,27.879052680212368,28.05387231822021,27.814645906986573,27.998666763305664,2703500
2023-07-14 00:00:00-04:00,28.01706931238719,28.035469994130597,27.667430034968074,27.713436126708984,2975300
2023-07-17 00:00:00-04:00,27.676627943097806,27.676627943097806,27.27178315896336,27.3085880279541,4221300
2023-07-18 00:00:00-04:00,27.299389399243545,27.62142501363709,26.94055066732232,27.087766647338867,7283000
2023-07-19 00:00:00-04:00,27.161376992192892,27.50181331738908,27.133773335439255,27.437406539916992,3816500
2023-07-20 00:00:00-04:00,27.49260767741895,27.971060454490853,27.29018615863597,27.943458557128906,2485100
2023-07-21 00:00:00-04:00,28.05387284501766,28.458717683550095,27.925059296147197,28.44031524658203,4152300
2023-07-24 00:00:00-04:00,28.449513472642916,28.513920240303612,28.228689517112198,28.40350914001465,2343300
2023-07-25 00:00:00-04:00,28.385109993177522,28.670340749410713,28.274697125145284,28.615135192871094,3195100
2023-07-26 00:00:00-04:00,28.60593023998305,28.927965828505137,28.504718603745392,28.707141876220703,2777800
2023-07-27 00:00:00-04:00,28.753150486285936,28.86356335633261,27.741039238178065,27.934261322021484,4724700
2023-07-28 00:00:00-04:00,28.007868434933624,28.072275209201866,27.501811949341906,27.69503402709961,4280200
2023-07-31 00:00:00-04:00,27.814644610393177,27.961860586604725,27.603021863958183,27.68583106994629,2853100
2023-08-01 00:00:00-04:00,27.34539273316612,27.520212361139063,27.124568771230585,27.133769989013672,12532600
2023-08-02 00:00:00-04:00,27.05096183713723,27.419001788025938,26.931349511205745,27.36379623413086,9228200
2023-08-03 00:00:00-04:00,27.225781167158058,27.244183603234728,26.866942438427433,27.00495719909668,4733500
2023-08-04 00:00:00-04:00,27.124569798904083,27.170575889562556,26.498901005572165,26.710525512695312,4259300
2023-08-07 00:00:00-04:00,26.765729659812774,26.912945632276866,26.655316802988292,26.682920455932617,3977700
2023-08-08 00:00:00-04:00,26.69212126009247,26.738125592667537,26.452894869805977,26.609312057495117,5389200
2023-08-09 00:00:00-04:00,26.563312102468522,26.90374843151353,26.53570844540281,26.673723220825195,3142000
2023-08-10 00:00:00-04:00,26.74732807242595,26.87614161367731,26.3700869116588,26.452896118164062,2308200
2023-08-11 00:00:00-04:00,26.416091392388168,26.664519013276852,26.34248340341592,26.636917114257812,2203000
2023-08-14 00:00:00-04:00,26.600113674018544,26.67372166695267,26.26887682833849,26.47130012512207,3321900
2023-08-15 00:00:00-04:00,26.314881140688268,26.35168425718928,25.919237547323434,25.99284553527832,3610400
2023-08-16 00:00:00-04:00,26.05768886569606,26.233692241042572,26.011373024895644,26.03916358947754,3389400
2023-08-17 00:00:00-04:00,26.057689552825,26.270747019898927,25.918740259923652,25.937267303466797,4005300
2023-08-18 00:00:00-04:00,25.900210454207524,26.196637818776473,25.900210454207524,26.11326789855957,3607400
2023-08-21 00:00:00-04:00,26.029900160238054,26.261482898733345,25.881687348947953,26.196640014648438,3669100
2023-08-22 00:00:00-04:00,26.224425958604947,26.298532356185326,26.020633806967872,26.178110122680664,2146800
2023-08-23 00:00:00-04:00,26.178111271729946,26.28926998956172,25.928001506354512,26.085477828979492,3559900
2023-08-24 00:00:00-04:00,26.02989968987699,26.428222275584968,25.78905343417366,25.798316955566406,3347300
2023-08-25 00:00:00-04:00,25.928000388436306,26.289268856066975,25.89094807303526,26.141056060791016,2803100
2023-08-28 00:00:00-04:00,26.196637184146415,26.363375253704955,26.094740224830733,26.141056060791016,1579800
2023-08-29 00:00:00-04:00,26.205904248905075,26.25222009112931,25.974321504111654,26.057689666748047,3006700
2023-08-30 00:00:00-04:00,26.057687823472012,26.122532471569517,25.80757981958278,25.8631591796875,2806100
2023-08-31 00:00:00-04:00,26.002107040786573,26.04842464403646,25.798314886994785,25.83536720275879,4449600
2023-09-01 00:00:00-04:00,25.974318799170764,26.01137111572433,25.381465832790177,25.613048553466797,3785500
2023-09-05 00:00:00-04:00,25.566735383559234,25.631578269420288,25.159149257929013,25.316625595092773,3764400
2023-09-06 00:00:00-04:00,25.37220064385481,25.520413433996765,25.27030545490461,25.344411849975586,3368000
2023-09-07 00:00:00-04:00,25.548207922447816,25.965057563080173,25.49262855930887,25.89095115661621,4084600
2023-09-08 00:00:00-04:00,25.965057742576136,26.289272168824702,25.890951335599876,26.205904006958008,4031000
2023-09-11 00:00:00-04:00,26.13179473035975,26.372640984577686,26.0854788905177,26.224428176879883,4776100
2023-09-12 00:00:00-04:00,26.242956657448488,26.298536021671445,26.029900955563708,26.215166091918945,3551300
2023-09-13 00:00:00-04:00,26.261481986345366,26.669068086650647,26.24295494386876,26.53011703491211,4655700
2023-09-14 00:00:00-04:00,26.68759355672746,26.854333406559704,26.576434834729987,26.845069885253906,5308100
2023-09-15 00:00:00-04:00,26.789491274929954,27.11370746237358,26.724648390808444,26.93770408630371,8456500
2023-09-18 00:00:00-04:00,26.909912863871348,27.011809831763752,26.641277812385958,27.002546310424805,5725500
2023-09-19 00:00:00-04:00,26.99328269247456,27.132233745225445,26.82654284264232,26.845069885253906,4838000
2023-09-20 00:00:00-04:00,26.956230752083822,27.09518003994711,26.687593930956886,26.696857452392578,3662100
2023-09-21 00:00:00-04:00,26.67832993118403,26.67832993118403,26.289270872040944,26.298534393310547,4918100
2023-09-22 00:00:00-04:00,26.215166091918945,26.446748837490087,26.159586727695988,26.215166091918945,2790000
2023-09-25 00:00:00-04:00,26.07621646962247,26.242956327028082,25.965057742576136,26.205904006958008,2530800
2023-09-26 00:00:00-04:00,26.150321321690015,26.150321321690015,25.26104449085166,25.279571533203125,3681900
2023-09-27 00:00:00-04:00,25.288834468062653,25.41852200374092,25.057251728366708,25.149885177612305,5282400
2023-09-28 00:00:00-04:00,25.279571420335856,25.279571420335856,24.649666117886394,24.733036041259766,4844000
2023-09-29 00:00:00-04:00,24.936829273040146,25.159148489272717,24.73303709986931,24.871986389160156,4214300
2023-10-02 00:00:00-04:00,24.686719111425578,24.742298472917398,23.612175366124823,23.8530216217041,7172600
2023-10-03 00:00:00-04:00,23.695545843984902,24.49219103355565,23.547333031995382,24.40882110595703,6963100
2023-10-04 00:00:00-04:00,24.49218826232856,24.60334697532534,24.02902283555824,24.584821701049805,3956500
2023-10-05 00:00:00-04:00,24.566298279806862,24.844196870083334,24.445874261673882,24.658931732177734,4371300
2023-10-06 00:00:00-04:00,24.325451906873813,24.927566694468304,23.89933873451534,24.890514373779297,5079400
2023-10-09 00:00:00-04:00,24.890512478002343,25.288833287542854,24.88124895682661,25.279571533203125,3576700
2023-10-10 00:00:00-04:00,25.22399272255764,25.483366038789338,25.112833991912748,25.446311950683594,3255100
2023-10-11 00:00:00-04:00,25.520419652971515,25.724213614205354,25.316627458573937,25.705686569213867,3409600
2023-10-12 00:00:00-04:00,25.603787294494587,25.714947787647258,25.24251878371159,25.50189208984375,5048000
2023-10-13 00:00:00-04:00,25.714945700729114,25.826104418024503,25.362938973343148,25.538942337036133,5951900
2023-10-16 00:00:00-04:00,25.566732980789304,25.770525141033897,25.270307377947727,25.73347282409668,5888200
2023-10-17 00:00:00-04:00,25.566732616714823,25.946528135801735,25.548205575092062,25.881685256958008,6732500
2023-10-18 00:00:00-04:00,25.863157818601884,25.992843574299993,25.483362305340926,25.640838623046875,5417500
2023-10-19 00:00:00-04:00,25.52968188208535,25.835371041613058,25.43704842865716,25.446311950683594,6387400
2023-10-20 00:00:00-04:00,25.483364411043517,25.724210667838328,25.140621185302734,25.140621185302734,5241500
2023-10-23 00:00:00-04:00,24.84419537768942,25.21472739807886,24.73303665499061,24.825668334960938,3954200
2023-10-24 00:00:00-04:00,25.094304014242056,25.344413779208555,25.01093409258656,25.30735969543457,4975800
2023-10-25 00:00:00-04:00,25.251780928322137,25.50189069914933,25.20546332251932,25.43704605102539,4717800
2023-10-26 00:00:00-04:00,25.770526484836164,25.992845698560167,25.14062116253347,25.566734313964844,7106400
2023-10-27 00:00:00-04:00,25.418522180209976,25.48336506508124,24.686719869608908,24.723773956298828,5272600
2023-10-30 00:00:00-04:00,24.825668617310853,25.10356896089061,24.733036936286997,24.909038543701172,4116300
2023-10-31 00:00:00-04:00,25.047987206564436,25.09430304265272,24.649664655596,24.89977264404297,4969600
2023-11-01 00:00:00-04:00,24.936827691874555,25.42778370086405,24.74229728573307,25.30735969543457,4320400
2023-11-02 00:00:00-04:00,25.31662521483042,25.807581262575173,25.27957289496755,25.4648380279541,6677100
2023-11-03 00:00:00-04:00,25.81684401994796,25.946529785882838,25.3629403055038,25.372203826904297,7074300
2023-11-06 00:00:00-05:00,25.372204678350805,25.464838128628354,25.18693954463182,25.23325538635254,6047200
2023-11-07 00:00:00-05:00,25.27030916705814,25.28883444342034,24.927565935234245,25.186939239501953,6142600
2023-11-08 00:00:00-05:00,25.038724797381455,25.085040635525573,24.58482286959241,24.881248474121094,8021800
2023-11-09 00:00:00-05:00,24.97388130842292,25.186938767538646,24.733036818702626,24.788616180419922,5000500
2023-11-10 00:00:00-05:00,24.97388053663972,25.159147425753353,24.899774134361465,25.122095108032227,5228400
2023-11-13 00:00:00-05:00,25.122096386310208,25.186939270748557,24.68671970479086,24.760826110839844,3980900
2023-11-14 00:00:00-05:00,25.316627652855985,25.640843875350036,25.25178476172443,25.631580352783203,4842800
2023-11-15 00:00:00-05:00,25.603588321880345,26.01414019801705,25.54760251901624,25.594257354736328,3732600
2023-11-16 00:00:00-05:00,25.836855585882304,26.060793444583247,25.771540599557017,25.808862686157227,6325400
2023-11-17 00:00:00-05:00,26.004808034505732,26.01413722088208,25.74354632347284,25.939491271972656,3174100
2023-11-20 00:00:00-05:00,25.836851496158562,25.892835507047096,25.528936766722204,25.74354362487793,3001200
2023-11-21 00:00:00-05:00,25.734212820824176,25.846182623001567,25.54759707709507,25.65956687927246,2315700
2023-11-22 00:00:00-05:00,25.706222800408774,25.967484514909817,25.54759993440811,25.93016242980957,3047500
2023-11-24 00:00:00-05:00,25.98614316779654,26.060789108276367,25.82752032181446,26.060789108276367,1260800
2023-11-27 00:00:00-05:00,26.05146152329785,26.19142245739429,25.818192706570507,26.07945442199707,4174900
2023-11-28 00:00:00-05:00,26.126106575596356,26.490005347681095,26.004807578134702,26.266067504882812,2842800
2023-11-29 00:00:00-05:00,26.30338973107618,26.387366639360224,25.976813063271543,26.023466110229492,3129600
2023-11-30 00:00:00-05:00,26.154098663162042,26.462013409933924,25.967482910094354,26.378036499023438,5842900
2023-12-01 00:00:00-05:00,26.42468899696933,26.88189562479108,26.322050156950272,26.863235473632812,5747200
2023-12-04 00:00:00-05:00,26.676620204285143,27.143157805927487,26.611305224807168,26.919219970703125,6529600
2023-12-05 00:00:00-05:00,26.90055512488459,26.92854801864205,26.508663510777758,26.648624420166016,3948900
2023-12-06 00:00:00-05:00,26.788586062883695,26.90055586127915,26.545988095809413,26.85390281677246,4840800
2023-12-07 00:00:00-05:00,26.89122723932318,27.18981102145894,26.676620368375566,26.835243225097656,5405500
2023-12-08 00:00:00-05:00,26.872567000984347,26.96587488370509,26.592645132521945,26.844575881958008,5594400
2023-12-11 00:00:00-05:00,26.704612224297282,27.115164018879323,26.704612224297282,27.105833053588867,4078800
2023-12-12 00:00:00-05:00,27.180478075836707,27.19914000578569,26.872563350476852,27.068510055541992,3288900
2023-12-13 00:00:00-05:00,27.077842157363403,28.206862271184228,26.92855027090279,28.178871154785156,6219600
2023-12-14 00:00:00-05:00,28.505450085783487,28.505450085783487,27.656351693760993,27.712337493896484,6284300
2023-12-15 00:00:00-05:00,27.245796429161913,27.479065228111246,26.69528192126551,26.928550720214844,9030300
2023-12-18 00:00:00-05:00,27.040519833502877,27.17115157635877,26.79792005928452,26.88189697265625,3470200
2023-12-19 00:00:00-05:00,26.965873983030733,27.059181862634947,26.8352440194047,27.03118896484375,2342800
2023-12-20 00:00:00-05:00,26.956543285025347,27.04052019953382,26.39669956123525,26.406028747558594,4627700
2023-12-21 00:00:00-05:00,26.47134550972058,26.713943507523066,26.294060714680494,26.406028747558594,2855000
2023-12-22 00:00:00-05:00,26.55532069227188,26.788589504170403,26.452683625232392,26.480674743652344,2239300
2023-12-26 00:00:00-05:00,26.42468991364442,26.70461354712525,26.378036864580825,26.59264373779297,2524100
2023-12-27 00:00:00-05:00,26.51799860781201,26.601975522471463,26.378037676612855,26.480674743652344,2196800
2023-12-28 00:00:00-05:00,26.452679502962358,26.695279243095115,26.44334853837654,26.648624420166016,1863300
2023-12-29 00:00:00-05:00,26.555318239766248,26.667288042204525,26.452681182205765,26.657957077026367,2830700
2024-01-02 00:00:00-05:00,26.61130344998946,27.115163100714856,26.49933364999515,27.068510055541992,3902200
2024-01-03 00:00:00-05:00,27.077841990685023,27.227133876226667,26.947210256061346,27.180479049682617,3598200
2024-01-04 00:00:00-05:00,27.29245198587591,27.46973678768987,27.12449815044162,27.13382911682129,3655400
2024-01-05 00:00:00-05:00,27.087174259842264,27.367096113782036,26.984535416204466,27.283119201660156,3125500
2024-01-08 00:00:00-05:00,27.236466036657134,27.451072909077624,27.17115105632914,27.441741943359375,3560400
2024-01-09 00:00:00-05:00,27.283123233982735,27.441746115912288,27.17115518773835,27.273792266845703,2602400
2024-01-10 00:00:00-05:00,27.264457054119795,27.48839489143724,27.199142074031343,27.292449951171875,4137600
2024-01-11 00:00:00-05:00,27.18048001813964,27.18981098378092,26.378036549686687,26.452682495117188,5884600
2024-01-12 00:00:00-05:00,26.657957077026367,26.732603018752005,26.424688286671287,26.657957077026367,3150100
2024-01-16 00:00:00-05:00,26.508668079050537,26.723274962409313,26.406029230618156,26.620637893676758,4336000
2024-01-17 00:00:00-05:00,26.415355937894567,26.723270653847155,25.986142240378648,26.17275619506836,2961000
2024-01-18 00:00:00-05:00,26.032798017738013,26.079452846084152,25.706221338113934,25.9114990234375,4218800
2024-01-19 00:00:00-05:00,26.032798017738013,26.032798017738013,25.66889925513675,25.9114990234375,4709200
2024-01-22 00:00:00-05:00,25.911500181575036,26.051461113469685,25.603585419526894,25.631576538085938,4750500
2024-01-23 00:00:00-05:00,25.54759707709507,25.668897844428876,25.304999101826713,25.65956687927246,11149000
2024-01-24 00:00:00-05:00,25.85551441381021,25.883507312100193,25.277008753415725,25.32366180419922,4599900
2024-01-25 00:00:00-05:00,25.612915305494738,25.78086734886575,25.351653605195835,25.67823028564453,5044200
2024-01-26 00:00:00-05:00,25.77153504131878,25.864841127545596,25.547595451215784,25.72488021850586,3448700
2024-01-29 00:00:00-05:00,25.706219981684324,26.051458574429795,25.594251958961213,26.04212760925293,3611200
2024-01-30 00:00:00-05:00,25.911498138411794,26.172758049427756,25.77153721755329,26.098112106323242,5307700
2024-01-31 00:00:00-05:00,26.312723457462507,26.387369408247796,25.84618582012948,26.07012367248535,3955700
2024-02-01 00:00:00-05:00,25.967484069355514,26.480674743652344,25.82752313815636,26.480674743652344,3491100
2024-02-02 00:00:00-05:00,26.210084389860437,26.322052425257656,25.79953077410436,26.07945442199707,2998100
2024-02-05 00:00:00-05:00,25.827521959970742,26.02346689877109,25.60358412432761,25.68756103515625,3716700
2024-02-06 00:00:00-05:00,25.622240532486856,25.892833156668136,25.566256526680178,25.762203216552734,3325300
2024-02-07 00:00:00-05:00,25.911495950358518,25.911495950358518,25.612912203153876,25.72488021850586,2628200
2024-02-08 00:00:00-05:00,25.58492638759231,25.66890331218846,25.360988515235924,25.594257354736328,2740400
2024-02-09 00:00:00-05:00,25.482283351041925,25.752876014756367,25.463623199513115,25.68756103515625,2595100
2024-02-12 00:00:00-05:00,25.72488748891644,25.958156329809334,25.603588474720144,25.892841339111328,2892300
2024-02-13 00:00:00-05:00,25.827522126639014,25.911499038009566,25.14637764969984,25.60358428955078,3961100
2024-02-14 00:00:00-05:00,25.650578976844336,25.75396960799385,25.50958865595304,25.706974029541016,3375600
2024-02-15 00:00:00-05:00,25.829165487641202,26.214534995833457,25.800968855625424,26.195737838745117,4007500
2024-02-16 00:00:00-05:00,26.12054555840307,26.317929166624765,25.932559632963375,26.205137252807617,3518600
2024-02-20 00:00:00-05:00,26.214535599499474,26.505913950660258,25.913759565961374,26.12054443359375,5225800
2024-02-21 00:00:00-05:00,26.308528691012363,26.58110809326172,26.10174561510245,26.58110809326172,5721700
2024-02-22 00:00:00-05:00,26.393121433921696,26.402520908849134,26.073546457454967,26.195737838745117,3901300
2024-02-23 00:00:00-05:00,26.317927068072322,26.458915604526553,26.167539056818946,26.233333587646484,4154900
2024-02-26 00:00:00-05:00,26.064145392621473,26.148738869041697,25.631780328932724,25.659976959228516,3435900
2024-02-27 00:00:00-05:00,25.753973035002097,25.998354019561994,25.612984488116254,25.988954544067383,3803800
2024-02-28 00:00:00-05:00,25.93255693250673,26.06414599095165,25.79156839949196,25.829164505004883,3332900
2024-02-29 00:00:00-05:00,25.960753319001842,26.08294289328835,25.829162478116764,25.84796142578125,3380100
2024-03-01 00:00:00-05:00,25.81036591273665,25.847963811535887,25.434395888576695,25.791568756103516,3062100
2024-03-04 00:00:00-05:00,25.63178136479241,26.280328986535356,25.60358294059061,26.261531829833984,3127300
2024-03-05 00:00:00-05:00,26.355525089395545,26.83488575700789,26.05474727272853,26.214534759521484,5967300
2024-03-06 00:00:00-05:00,26.411920890184636,26.693897972348093,26.346126357197598,26.599905014038086,3912200
2024-03-07 00:00:00-05:00,26.844284002761192,26.891281374822903,26.543507992631994,26.609302520751953,2919400
2024-03-08 00:00:00-05:00,26.65629977198616,26.76908987889014,26.40251934230257,26.628101348876953,3468000
2024-03-11 00:00:00-04:00,26.609306715172945,26.985276787098552,26.609306715172945,26.806692123413086,4272900
2024-03-12 00:00:00-04:00,26.665700693910907,26.834885863451138,26.411920250450773,26.44011688232422,3514900
2024-03-13 00:00:00-04:00,26.55290789263589,26.78788937841143,26.308526932297355,26.31792640686035,4167700
2024-03-14 00:00:00-04:00,26.186338127759885,26.449516252289563,25.960756109834513,26.214534759521484,6003500
2024-03-15 00:00:00-04:00,26.026550875584316,26.430719333631444,25.988952975874568,26.195737838745117,9392700
2024-03-18 00:00:00-04:00,26.167538875261148,26.4589154209471,26.101744344890108,26.261531829833984,3485300
2024-03-19 00:00:00-04:00,26.37432204813829,26.590506382363067,26.289728567956093,26.48711395263672,4344000
2024-03-20 00:00:00-04:00,26.393121597513957,26.59050698668052,26.261532533247276,26.41192054748535,4476500
2024-03-21 00:00:00-04:00,26.44011796833824,26.59050777982872,26.29912942488042,26.308528900146484,4346900
2024-03-22 00:00:00-04:00,26.496514111966043,26.496514111966043,26.129941757450357,26.158140182495117,4073400
2024-03-25 00:00:00-04:00,26.25213297624772,26.26153245120405,25.866763466870758,25.941957473754883,4728000
2024-03-26 00:00:00-04:00,25.93255881348027,25.951357763983513,25.528390341493527,25.59418487548828,5757600
2024-03-27 00:00:00-04:00,25.80096767001712,26.59990328170465,25.772769246530583,26.590505599975586,5656100
2024-03-28 00:00:00-04:00,26.590507846384867,26.825489350324926,26.5341109946473,26.778491973876953,4440100
2024-04-01 00:00:00-04:00,26.76909304290578,26.82548989579011,26.402522462990813,26.712697982788086,4929300
2024-04-02 00:00:00-04:00,26.731496810913086,27.051071804722568,26.703298384600497,26.731496810913086,5008900
2024-04-03 00:00:00-04:00,26.787890158670404,26.787890158670404,26.430719078705398,26.45891571044922,3163600
2024-04-04 00:00:00-04:00,26.665700993799557,26.693897625990108,26.223934633304484,26.41192054748535,3393800
2024-04-05 00:00:00-04:00,26.26153473653763,26.411922763392962,26.064149330810825,26.364925384521484,5376700
2024-04-08 00:00:00-04:00,26.421319065971428,26.609303180580387,26.30852716299287,26.524709701538086,5155500
2024-04-09 00:00:00-04:00,26.60930472606918,26.75969274359759,26.487115134114816,26.58110809326172,4468000
2024-04-10 00:00:00-04:00,26.064148829901484,26.167541268665005,25.678779294395017,25.72577667236328,4836300
2024-04-11 00:00:00-04:00,25.876163063393967,26.101745085106135,25.584784716678357,25.923158645629883,5612100
2024-04-12 00:00:00-04:00,25.96075355947386,26.10174208273082,25.669375246274292,25.81036376953125,3683200
2024-04-15 00:00:00-04:00,25.932559455873655,26.08294747809177,25.603584984984032,25.75397300720215,3613200
2024-04-16 00:00:00-04:00,25.669377032471008,25.725773879911223,25.28400753879519,25.58478355407715,9553100
2024-04-17 00:00:00-04:00,25.782171157319368,26.111145624683004,25.688178196248813,26.035951614379883,4490500
2024-04-18 00:00:00-04:00,26.17693828954072,26.32732629940335,25.99835185554141,26.270931243896484,2506100
2024-04-19 00:00:00-04:00,26.393120332526905,26.81608772277832,26.30852685447662,26.81608772277832,3338100
2024-04-22 00:00:00-04:00,26.81608966489354,27.21085866012993,26.675099329421084,27.051071166992188,2983000
2024-04-23 00:00:00-04:00,26.975879368836246,27.239057525384847,26.928881988904898,27.00407600402832,2588000
2024-04-24 00:00:00-04:00,26.797290396282214,27.427040886139867,26.64690238014605,27.32364845275879,4112600
2024-04-25 00:00:00-04:00,27.323648369009643,27.66202230066215,27.126264770723385,27.577428817749023,5618700
2024-04-26 00:00:00-04:00,27.56802726373524,27.58682621246863,27.107463776365726,27.116863250732422,3335600
2024-04-29 00:00:00-04:00,27.220254884772498,27.50223374784918,27.21085720282645,27.464635848999023,3688500
2024-04-30 00:00:00-04:00,27.20145832377983,27.52103329993832,26.740894809378826,27.389442443847656,7377800
2024-05-01 00:00:00-04:00,27.333047965112357,27.690219055730857,27.229655531590378,27.558629989624023,6046100
2024-05-02 00:00:00-04:00,27.662023728806425,27.80301227668512,27.474037803123725,27.633825302124023,6125200
2024-05-03 00:00:00-04:00,27.784211102450737,27.88760353258009,27.408241073934683,27.68082046508789,3650900
2024-05-06 00:00:00-04:00,27.718417481082277,27.76541485666798,27.49283545657061,27.558629989624023,3537600
2024-05-07 00:00:00-04:00,27.7842118684054,27.915802726588595,27.586828270280446,27.821809768676758,4601200
2024-05-08 00:00:00-04:00,27.774815278129203,27.915805626024,27.66202515113346,27.690221786499023,5271000
2024-05-09 00:00:00-04:00,27.727813547232966,28.037989016898138,27.61502165246093,28.00039291381836,4570400
2024-05-10 00:00:00-04:00,28.08498717048287,28.08498717048287,27.821809046481146,27.915802001953125,10141800
2024-05-13 00:00:00-04:00,28.028590441025024,28.216576340746393,27.831206859807352,27.878202438354492,3031200
2024-05-14 00:00:00-04:00,28.028594152747726,28.07559153028496,27.76541600960579,27.897005081176758,3090000
2024-05-15 00:00:00-04:00,28.19035987090696,28.389082582619245,28.10519247876476,28.161970138549805,3816300
2024-05-16 00:00:00-04:00,28.218744980346578,28.531024785373248,28.18089381257954,28.33230209350586,3564500
2024-05-17 00:00:00-04:00,28.370153992940637,28.483711109028558,28.218745708109488,28.464784622192383,4755100
2024-05-20 00:00:00-04:00,28.549952465436363,28.568878952575766,28.322840034550985,28.37961769104004,4211800
2024-05-21 00:00:00-04:00,28.389081310253808,28.805455008184367,28.34176689670839,28.77706527709961,6786600
2024-05-22 00:00:00-04:00,28.578343520242544,28.76760298561792,28.417471981962393,28.445859909057617,4816400
2024-05-23 00:00:00-04:00,28.266060810468655,28.417469089328698,27.74559327257433,27.773983001708984,5126700
2024-05-24 00:00:00-04:00,27.84969181344536,27.972710383809417,27.717209998448787,27.925395965576172,4719400
2024-05-28 00:00:00-04:00,27.878075183250424,28.25659768693049,27.878075183250424,27.953781127929688,4516700
2024-05-29 00:00:00-04:00,27.773987864281374,27.87807994614107,27.66043073279063,27.80237579345703,5212400
2024-05-30 00:00:00-04:00,27.97270683877795,28.152504854151,27.86861477087071,28.143041610717773,5157500
2024-05-31 00:00:00-04:00,28.199820596159373,28.937937374395037,28.17143266945018,28.87169647216797,6770000
2024-06-03 00:00:00-04:00,28.871695855108555,29.18397567673999,28.80545495429722,29.09880828857422,5116200
2024-06-04 00:00:00-04:00,29.03256503566728,29.259677450733253,28.90954468275923,29.18397331237793,3849700
2024-06-05 00:00:00-04:00,29.089345233764657,29.155586135006075,28.777065410105692,28.795991897583008,2639200
2024-06-06 00:00:00-04:00,28.682435694596204,28.919011380838175,28.578343620001625,28.62565803527832,2274900
2024-06-07 00:00:00-04:00,28.28498615664545,28.739212808834086,28.24713498850504,28.549951553344727,5935900
2024-06-10 00:00:00-04:00,28.54995297516546,28.862232798824426,28.43639585523075,28.795991897583008,3946400
2024-06-11 00:00:00-04:00,28.56887869907519,29.19343832970036,28.52156248164653,29.165048599243164,6090300
2024-06-12 00:00:00-04:00,29.486791634249826,29.524644608162212,28.98525055948556,29.32592010498047,9721300
2024-06-13 00:00:00-04:00,29.335381891631858,29.47732692689588,28.985249120046824,29.240751266479492,8317400
2024-06-14 00:00:00-04:00,29.00417821630521,29.240753898012315,28.890622899846157,29.193439483642578,5105800
2024-06-17 00:00:00-04:00,29.098807991026202,29.31645717858909,28.985250872989955,29.042030334472656,3674800
2024-06-18 00:00:00-04:00,28.947400397444127,29.35431085651104,28.919010666022295,29.335384368896484,4129500
2024-06-20 00:00:00-04:00,29.36377374870803,29.666590327198083,29.25967987300363,29.60034942626953,4886100
2024-06-21 00:00:00-04:00,29.723368340348845,29.874776631406878,29.269143467174747,29.335384368896484,8376300
2024-06-24 00:00:00-04:00,29.34484452400248,29.723365211806243,29.34484452400248,29.628734588623047,3018900
2024-06-25 00:00:00-04:00,29.57195759999679,29.590884086043758,28.568877303585033,28.758136749267578,6235800
2024-06-26 00:00:00-04:00,28.625656534413825,28.93793635168299,28.53102590389274,28.862232208251953,3063700
2024-06-27 00:00:00-04:00,28.93793326445025,29.20289864065572,28.881155614166566,29.155582427978516,3297000
2024-06-28 00:00:00-04:00,29.250216846991567,29.38269864983461,29.013641167669455,29.316457748413086,6589500
2024-07-01 00:00:00-04:00,29.477327862442813,29.505717592368267,28.843305000207216,28.9095458984375,2946500
2024-07-02 00:00:00-04:00,28.90954635347294,29.00417698311816,28.814917528756858,28.824378967285156,2806500
2024-07-03 00:00:00-04:00,28.814915905328316,29.0609530016434,28.66350762839794,28.701358795166016,1489500
2024-07-05 00:00:00-04:00,28.739216435353647,28.994716816097313,28.625659306744765,28.852771759033203,5291500
2024-07-08 00:00:00-04:00,28.871696369157256,28.890622856848665,28.493175639975075,28.691898345947266,5404000
2024-07-09 00:00:00-04:00,28.672970936938263,28.729750398188063,28.03894805908203,28.03894805908203,8258900
2024-07-10 00:00:00-04:00,28.143041767896776,28.171431498355016,27.518482137248665,28.001096725463867,9594900
2024-07-11 00:00:00-04:00,28.12411864485604,28.49317796523983,27.963247096209095,28.086267471313477,7549500
2024-07-12 00:00:00-04:00,28.190358926072452,28.975790112336387,28.11465297565742,28.672971725463867,7825600
2024-07-15 00:00:00-04:00,28.4837128855148,28.4837128855148,26.496476767003678,26.761442184448242,13737600
2024-07-16 00:00:00-04:00,26.884455610991864,27.300829243171318,26.742510587841494,27.035863876342773,10720200
2024-07-17 00:00:00-04:00,26.64788502682217,27.338685594171398,26.619495294833992,27.102109909057617,9188500
2024-07-18 00:00:00-04:00,26.941239346572235,27.61311525518838,26.941239346572235,27.272445678710938,6864300
2024-07-19 00:00:00-04:00,27.452241631102872,27.499556044282038,27.064257667260403,27.41438865661621,3697400
2024-07-22 00:00:00-04:00,27.47116709558562,27.613112134767615,27.2629793535182,27.404924392700195,3405200
2024-07-23 00:00:00-04:00,27.367071882741488,27.45223926306074,27.149422713005187,27.158885955810547,3132100
2024-07-24 00:00:00-04:00,27.442777767334757,27.594186052001582,27.168349123295428,27.46170425415039,3221900
2024-07-25 00:00:00-04:00,27.58472581790984,28.07680369922412,27.319762193301628,27.3292236328125,4390200
2024-07-26 00:00:00-04:00,27.471169339296118,27.859153320382447,27.348148971676014,27.783449172973633,4665000
2024-07-29 00:00:00-04:00,27.840224943304115,27.96324349764801,27.442777745142813,27.622575759887695,7923000
2024-07-30 00:00:00-04:00,27.66989026306286,27.821298548105762,26.84660793875822,26.979089736938477,8242500
2024-07-31 00:00:00-04:00,26.969628102070576,27.215667031172202,26.203123387707706,26.25990104675293,11124400
2024-08-01 00:00:00-04:00,26.363993266096713,26.714124247251416,26.259899393625744,26.63842010498047,15523500
2024-08-02 00:00:00-04:00,25.80567629481562,26.307215594617457,25.25682077479618,25.61641502380371,13867500
2024-08-05 00:00:00-04:00,25.7962126400585,25.7962126400585,24.537630081176758,24.537630081176758,10239300
2024-08-06 00:00:00-04:00,24.613335287780693,24.755280342430297,24.376759595054924,24.38622283935547,7543000
2024-08-07 00:00:00-04:00,24.471387480543864,24.93507556953836,24.225348571192463,24.25373649597168,11057400
2024-08-08 00:00:00-04:00,25.133797120725703,25.36090953328578,24.48084961146386,24.868833541870117,13959600
2024-08-09 00:00:00-04:00,24.878300593637533,25.133800968805055,24.44300038255453,25.048633575439453,7548500
2024-08-12 00:00:00-04:00,24.982390327192824,25.02970654402942,24.310516292475207,24.79313087463379,7408900
2024-08-13 00:00:00-04:00,24.65118602404794,24.774206392849884,24.22535086763088,24.490314483642578,10202100
2024-08-14 00:00:00-04:00,24.35783310645383,24.518704649704524,24.215888051804228,24.38622283935547,6887000
2024-08-15 00:00:00-04:00,24.233625935709565,24.7772370915847,24.233625935709565,24.672330856323242,5142600
2024-08-16 00:00:00-04:00,24.79631395830073,24.834463006763634,24.567425124663565,24.596036911010742,10634600
2024-08-19 00:00:00-04:00,24.586499760512517,24.872610349096167,24.462517171491978,24.834463119506836,5034100
2024-08-20 00:00:00-04:00,24.672332060066463,24.77723830044621,24.491127726251744,24.615108489990234,3305200
2024-08-21 00:00:00-04:00,24.681865319211322,25.02519943310887,24.605569051572587,24.929828643798828,5879800
2024-08-22 00:00:00-04:00,24.929832105767723,25.730943936746883,24.929832105767723,25.69279670715332,10899900
2024-08-23 00:00:00-04:00,25.769094368324218,25.797704337293098,25.244555835650207,25.530668258666992,5106300
2024-08-26 00:00:00-04:00,25.65464450724747,26.036125851557966,25.635569985270312,25.921682357788086,6154500
2024-08-27 00:00:00-04:00,25.92168401045307,26.179184616422337,25.873997702469882,25.95983123779297,8136200
2024-08-28 00:00:00-04:00,26.01705593584924,26.14103670388983,25.673721779664945,25.940759658813477,9130600
2024-08-29 00:00:00-04:00,25.959832959261036,26.017056532635515,25.60696335201894,25.82631492614746,7115300
2024-08-30 00:00:00-04:00,25.969369981861956,26.064740784225965,25.759555671898543,26.036128997802734,5826000
2024-09-03 00:00:00-04:00,26.017053903188085,26.455757007107028,25.826312315977578,26.217330932617188,5815200
2024-09-04 00:00:00-04:00,26.341314579377663,26.770480439453966,26.30316553276822,26.369924545288086,5238400
2024-09-05 00:00:00-04:00,26.646497686271562,26.694182171925927,26.32223809049161,26.474830627441406,4205100
2024-09-06 00:00:00-04:00,26.49390768993168,26.59881393224048,25.959831940346135,26.01705551147461,4942600
2024-09-09 00:00:00-04:00,26.093350591913484,26.188719567998625,25.82631272935388,26.141035079956055,4720600
2024-09-10 00:00:00-04:00,26.131496117738156,26.57973827996906,26.121958856941063,26.274551391601562,7224200
2024-09-11 00:00:00-04:00,26.188719661051707,26.6941836037134,25.988442627705346,26.656036376953125,6402800
2024-09-12 00:00:00-04:00,26.65603438198656,26.77047787274894,26.255478526225254,26.312700271606445,6768500
2024-09-13 00:00:00-04:00,26.427144876290633,26.675108208789595,25.101496501629423,26.636960983276367,4545800
2024-09-16 00:00:00-04:00,26.722796808538423,26.961222900365396,26.713259546579735,26.90399932861328,2549000
2024-09-17 00:00:00-04:00,26.942146400997427,27.104276204313962,26.808628381459073,27.0089054107666,4160100
2024-09-18 00:00:00-04:00,27.07566640577618,27.07566640577618,26.627426007998288,26.90399932861328,4602200
2024-09-19 00:00:00-04:00,26.789557036583293,27.142426649803593,26.703723494114183,26.95168685913086,5388800
2024-09-20 00:00:00-04:00,27.094739264408823,27.094739264408823,26.62742437143546,26.8658504486084,16768000
2024-09-23 00:00:00-04:00,27.037519262581547,27.647889477495912,26.98983295263716,27.590667724609375,5324100
2024-09-24 00:00:00-04:00,27.409461357418458,27.838629019938516,27.342702347481247,27.35223960876465,3716900
2024-09-25 00:00:00-04:00,27.53344523599096,27.619276953503867,27.094740291459022,27.295019149780273,3694300
2024-09-26 00:00:00-04:00,27.295019366053083,27.733722495014423,27.295019366053083,27.600204467773438,3027100
2024-09-27 00:00:00-04:00,27.78140613860615,27.867239673230767,27.705109865500564,27.752796173095703,3354900
2024-09-30 00:00:00-04:00,27.800480885144854,28.06751875268457,27.552517540796543,28.057981491088867,5233700
2024-10-01 00:00:00-04:00,27.991222380215717,28.57298078312798,27.8958515836418,28.506221771240234,7137500
2024-10-02 00:00:00-04:00,28.201035849306496,28.716037044254445,28.201035849306496,28.6588134765625,6362100
2024-10-03 00:00:00-04:00,28.73511177725577,28.97353786900516,28.592056486015483,28.897241592407227,7995600
2024-10-04 00:00:00-04:00,28.820943282718183,29.21196190008015,28.744647011502348,29.1070556640625,11837500
2024-10-07 00:00:00-04:00,28.954463839764088,29.030760112872233,28.248722858752082,28.26779556274414,14589000
2024-10-08 00:00:00-04:00,28.344089359574266,28.458534668761303,28.029367033118017,28.105663299560547,8093300
2024-10-09 00:00:00-04:00,28.067516946392264,28.31548027478283,27.9721461556195,28.124738693237305,3916300
2024-10-10 00:00:00-04:00,28.201034962046208,28.353627499664015,28.057979685410334,28.124738693237305,5698800
2024-10-11 00:00:00-04:00,28.01983212310184,28.220110976219544,27.94353585025858,28.20103645324707,4674900
2024-10-14 00:00:00-04:00,28.267795845526987,28.429925654884528,28.124740559398962,28.401315689086914,3199500
2024-10-15 00:00:00-04:00,28.60159457477979,28.868632460115396,28.458539279404086,28.572982788085938,3940000
2024-10-16 00:00:00-04:00,28.639743379440002,28.868632213898316,28.572982544390417,28.716039657592773,4654500
2024-10-17 00:00:00-04:00,28.6874279643274,28.8400205211286,28.391780112905916,28.782798767089844,9458200
2024-10-18 00:00:00-04:00,28.811408640998668,28.878169476048257,28.5920570686903,28.716039657592773,4832100
2024-10-21 00:00:00-04:00,28.71603878763803,28.84955681559875,28.52529718851126,28.696964263916016,4791700
2024-10-22 00:00:00-04:00,28.439460488257154,28.69696107272946,28.401313264101905,28.410850524902344,5166800
2024-10-23 00:00:00-04:00,28.391779983869878,28.52529801570242,28.04844582310419,28.372705459594727,4274400
2024-10-24 00:00:00-04:00,28.401314327661066,28.468073336717584,28.02936841870155,28.115201950073242,4401400
2024-10-25 00:00:00-04:00,28.372703917600454,28.372703917600454,27.914926274156585,27.953073501586914,3756400
2024-10-28 00:00:00-04:00,28.439464475511,28.75418684986396,28.04844582310419,28.372705459594727,4491100
2024-10-29 00:00:00-04:00,28.25825992581439,28.420389742871,27.638352443790907,28.067520141601562,5048500
2024-10-30 00:00:00-04:00,28.20103570041237,28.258257448755607,27.714646291878402,27.90538787841797,3895300
2024-10-31 00:00:00-04:00,27.90538887527773,28.677888872170357,27.81001807860103,28.16288948059082,5678800
2024-11-01 00:00:00-04:00,28.162892101292492,28.305947400096247,27.247334914664197,27.256872177124023,3986200
2024-11-04 00:00:00-05:00,27.314091653392556,27.762333856363117,27.247332640791832,27.67650032043457,5657200
2024-11-05 00:00:00-05:00,27.638353646090867,28.372706485824622,27.51437287191156,28.181964874267578,5040600
2024-11-06 00:00:00-05:00,27.981685417493107,28.08659347674948,27.571592261178196,27.67650032043457,7913200
2024-11-07 00:00:00-05:00,27.76233442407621,28.420389120922774,27.695575410110333,28.010297775268555,5099300
2024-11-08 00:00:00-05:00,28.03890711390124,29.107056770575504,27.85770278073263,28.983074188232422,5429100
2024-11-11 00:00:00-05:00,28.735113052027803,29.173818026213183,28.525298736837193,28.668354034423828,4981500
2024-11-12 00:00:00-05:00,28.71603746071768,29.10705608371721,28.63020392698153,29.030759811401367,6007000
2024-11-13 00:00:00-05:00,29.192891182447518,29.63159431702029,28.811407981370845,29.00214958190918,6126900
2024-11-14 00:00:00-05:00,29.049833930613797,29.154741992302085,28.57298175064406,28.592056274414062,4069800
2024-11-15 00:00:00-05:00,28.582518280182594,29.45038907996703,28.582518280182594,29.431316375732422,5826000
2024-11-18 00:00:00-05:00,29.459924321026797,29.841407484300564,29.43131435711384,29.707887649536133,4830600
2024-11-19 00:00:00-05:00,29.660201414150958,29.99399825280332,29.469459843764916,29.946311950683594,4824900
2024-11-20 00:00:00-05:00,30.041683301340786,30.22288761471363,29.784182722186717,30.108442306518555,3467000
2024-11-21 00:00:00-05:00,30.137251139787903,30.540489369291496,29.68600910036425,30.463682174682617,5115400
2024-11-22 00:00:00-05:00,30.550088204873028,31.049335847978398,30.406074954692436,30.655698776245117,4895400
2024-11-25 00:00:00-05:00,30.770912679047317,31.308564902694133,30.69410548013035,31.183752059936523,5535200
2024-11-26 00:00:00-05:00,31.17414738805923,31.356563309521473,30.99172780414148,31.23175048828125,4398900
2024-11-27 00:00:00-05:00,31.452576917146377,31.548588206587826,31.087745004637487,31.356569290161133,3320100
2024-11-29 00:00:00-05:00,31.337363266322857,31.53898145623624,31.241355650875274,31.318161010742188,1847100
2024-12-02 00:00:00-05:00,31.394971890625065,31.471777255036354,30.713306427001953,30.713306427001953,3169500
2024-12-03 00:00:00-05:00,31.68299522468305,31.68299522468305,30.838114326537262,30.84771728515625,3865400
2024-12-04 00:00:00-05:00,30.847717342743316,31.03973622846977,30.684500008016364,31.01093101501465,3068400
2024-12-05 00:00:00-05:00,31.08774310806794,31.231754539760104,30.617296974645853,30.713306427001953,3775900
2024-12-06 00:00:00-05:00,30.87651830484071,30.953327322648576,30.348469126006062,30.396472930908203,2842500
2024-12-09 00:00:00-05:00,30.406073737168448,30.43487711854235,30.041240062571138,30.10844612121582,3582600
2024-12-10 00:00:00-05:00,30.108446976335514,30.271662479634315,29.532392151091052,30.127647399902344,4203100
2024-12-11 00:00:00-05:00,30.166051398841237,30.34846915384671,29.916427584420003,30.156450271606445,4392500
2024-12-12 00:00:00-05:00,30.271663796725953,30.70370356103609,30.271663796725953,30.636497497558594,4164400
2024-12-13 00:00:00-05:00,30.64609620779876,30.905319313444384,30.57889014962294,30.665298461914062,4760100
2024-12-16 00:00:00-05:00,30.53088469598374,31.327761765460313,30.482880891637617,30.790109634399414,4281600
2024-12-17 00:00:00-05:00,30.55968877809029,30.886117951339212,30.358070597739978,30.444477081298828,6723000
2024-12-18 00:00:00-05:00,30.329266386943655,30.962926123911533,30.175652016237972,30.185253143310547,8050400
2024-12-19 00:00:00-05:00,30.06043967881506,30.818910389027355,30.02203700257495,30.492481231689453,8330200
2024-12-20 00:00:00-05:00,30.49248068026825,31.433370952710053,30.38687011786931,31.241352081298828,14446700
2024-12-23 00:00:00-05:00,31.145343517092993,31.21254957855062,30.444477688709398,30.818912506103516,4390800
2024-12-24 00:00:00-05:00,30.684498421669147,31.126139272288817,30.684498421669147,31.09733772277832,1444900
2024-12-26 00:00:00-05:00,31.030132639249604,31.22215152107392,30.953327283993204,31.078136444091797,2253100
2024-12-27 00:00:00-05:00,30.847713238606442,31.19334645443813,30.770904229552677,30.924518585205078,2716800
2024-12-30 00:00:00-05:00,30.78050891171495,30.7997111650544,30.310062861036748,30.5596866607666,2725700
2024-12-31 00:00:00-05:00,30.540489369291496,30.742109399657274,30.21405833439678,30.463682174682617,2970000
2025-01-02 00:00:00-05:00,30.722901854404427,30.780508613865344,30.06043877042509,30.23325538635254,3257400
2025-01-03 00:00:00-05:00,30.33886897331197,30.54048715785058,30.156451212614297,30.37727165222168,4227900
2025-01-06 00:00:00-05:00,30.358070996417368,30.377271420111597,29.782016167350605,29.81081771850586,4165600
2025-01-07 00:00:00-05:00,29.839620575075166,30.06044100910413,29.58999675917068,29.638002395629883,3559500
2025-01-08 00:00:00-05:00,29.609197439103422,29.945229551536116,29.369174763255458,29.926027297973633,4236400
2025-01-10 00:00:00-05:00,29.78201452255424,31.078135527337714,29.62840015411727,29.93562889099121,4826300
2025-01-13 00:00:00-05:00,29.86842341204993,30.386871457756556,29.68600565928845,30.348468780517578,3641200
2025-01-14 00:00:00-05:00,30.43487706853312,30.68449904845241,30.2812626972469,30.588491439819336,3245000
2025-01-15 00:00:00-05:00,30.866919102295014,31.001331221410176,30.329266963378814,30.598093032836914,4164800
2025-01-16 00:00:00-05:00,30.47328063629866,31.51017858839705,30.434877957968695,31.490976333618164,4988100
2025-01-17 00:00:00-05:00,31.433373808407442,31.500579870138687,30.991729265301956,31.260557174682617,5319200
2025-01-21 00:00:00-05:00,31.44297114365104,31.798203685282623,31.385364381850465,31.7406005859375,4466300
2025-01-22 00:00:00-05:00,31.711797490776934,31.711797490776934,31.087740677327076,31.145343780517578,3884800
2025-01-23 00:00:00-05:00,31.126141525302177,31.279759567025376,30.943725594439424,31.145343780517578,3353000
2025-01-24 00:00:00-05:00,31.001332603218362,31.18374853551174,30.751706945916133,31.068538665771484,5292600
2025-01-27 00:00:00-05:00,31.481376948029794,31.625388364778942,30.49248280445989,31.567785263061523,5249600
2025-01-28 00:00:00-05:00,31.44297314139185,31.615789775318092,30.847717881454617,31.02053451538086,4020100
2025-01-29 00:00:00-05:00,31.087740034287478,31.433373296103973,30.972526505378234,31.01093101501465,3576900
2025-01-30 00:00:00-05:00,31.452571734715484,31.69259442508633,31.145342984037246,31.567785263061523,3956300
2025-01-31 00:00:00-05:00,31.44297541411778,31.596589803993854,31.030136054615326,31.270158767700195,3489800
2025-02-03 00:00:00-05:00,30.87651890627872,31.327762738550746,30.7325038263115,31.212549209594727,4392200
2025-02-04 00:00:00-05:00,30.924523574820753,31.23175233569636,30.838115256921007,30.866920471191406,2689100
2025-02-05 00:00:00-05:00,31.135744429657894,31.174148940021492,30.866920182024064,30.98213005065918,3984500
2025-02-06 00:00:00-05:00,31.126141525302177,31.18374829094838,30.684500642715076,31.145343780517578,3004900
2025-02-07 00:00:00-05:00,31.08773896898434,31.241353339810377,30.9341245981583,31.10694122314453,2710200
2025-02-10 00:00:00-05:00,31.058932825504794,31.116539586258572,30.838112402965066,31.087738037109375,1724000
2025-02-11 00:00:00-05:00,30.934126881856756,31.11654281616211,30.684501221801252,31.11654281616211,2679600
2025-02-12 00:00:00-05:00,30.713301059241683,31.40456569918297,30.713301059241683,31.279756546020508,3756000
2025-02-13 00:00:00-05:00,31.36616183194019,32.17263817726093,31.32776098689095,32.09583282470703,5723500
2025-02-14 00:00:00-05:00,32.2590455503341,32.49906822157901,32.04782809010818,32.076629638671875,5219900
2025-02-18 00:00:00-05:00,32.163037232278725,32.7294908703305,32.076628926052,32.46066665649414,5587700
2025-02-19 00:00:00-05:00,32.36465669514301,32.80629753920625,32.36465669514301,32.7294921875,5986200
2025-02-20 00:00:00-05:00,32.942082202007526,32.971070827678815,32.140029153487816,32.59420394897461,5634600
2025-02-21 00:00:00-05:00,32.60387023216295,33.23198048623251,32.40093878781498,33.13534927368164,6019400
2025-02-24 00:00:00-05:00,33.2126556144315,33.28029820475917,32.49757574918331,33.04838180541992,4707400
2025-02-25 00:00:00-05:00,33.019391577824145,33.22232304787824,32.574882045791234,33.067710876464844,7436600
2025-02-26 00:00:00-05:00,32.96141472067469,33.3286200146155,32.76814858248242,32.89377212524414,4414800
2025-02-27 00:00:00-05:00,32.652189818708024,32.92276019582828,32.507239295967935,32.60387420654297,4340900
2025-02-28 00:00:00-05:00,32.88410392274222,33.27063616541335,32.671514506893296,33.222320556640625,5122600
2025-03-03 00:00:00-05:00,33.1933326205977,33.67649614454378,33.07737440699928,33.40592575073242,4382000
2025-03-04 00:00:00-05:00,33.44457614215183,33.560534343354426,32.49757617880038,32.5555534362793,5716900
2025-03-05 00:00:00-05:00,32.34296229382374,32.84545272061877,32.255992725989124,32.681175231933594,4192500
2025-03-06 00:00:00-05:00,32.55555397749375,32.6425235514027,32.12070979419386,32.27532196044922,3134100
2025-03-07 00:00:00-05:00,32.22700025347328,33.19332714186822,32.1593576661852,33.10635757446289,5001300
2025-03-10 00:00:00-04:00,33.03871363186121,33.80211272707575,32.951744068023544,33.270633697509766,6112300
2025-03-11 00:00:00-04:00,33.71514589215058,33.83110409123835,33.116024229578294,33.36726760864258,5649100
2025-03-12 00:00:00-04:00,33.2029958791172,33.63784376072571,33.1450149328211,33.3865966796875,4222800
2025-03-13 00:00:00-04:00,33.444576263427734,33.686158000451925,33.22232150771485,33.444576263427734,3885300
2025-03-14 00:00:00-04:00,33.48323262741501,34.439894310343995,33.48323262741501,34.285282135009766,7118000
2025-03-17 00:00:00-04:00,34.34325925138876,34.67181054809782,34.17898175991192,34.39157485961914,5577400
2025-03-18 00:00:00-04:00,34.121004131374725,34.49787103219263,34.043696210055884,34.4592170715332,3960700
2025-03-19 00:00:00-04:00,34.32393358451524,34.71046215139638,34.1886484017946,34.65248489379883,4406500
2025-03-20 00:00:00-04:00,34.62349894624576,34.778111122220345,34.53652936686974,34.74911880493164,3619400
2025-03-21 00:00:00-04:00,34.68147180654204,34.97136913891983,34.31426655286641,34.565513610839844,8615300
2025-03-24 00:00:00-04:00,34.53652745167639,34.86507876818348,34.285280375747234,34.5172004699707,4210600
2025-03-25 00:00:00-04:00,34.44955658528814,34.497872194618154,33.77312699593393,34.043697357177734,5309700
2025-03-26 00:00:00-04:00,34.111337832903,34.468877743274554,34.111337832903,34.343257904052734,2540700
2025-03-27 00:00:00-04:00,34.449556405071874,34.691138136702826,34.30460589159543,34.46887969970703,2734700
2025-03-28 00:00:00-04:00,34.69113733875565,35.17430079090409,34.60416776991915,35.02935028076172,6252200
2025-03-31 00:00:00-04:00,35.05834063475932,35.72510859075605,34.86507819337831,35.01002502441406,9318800
2025-04-01 00:00:00-04:00,35.09699269320988,35.667125711336546,34.7974300273316,35.560829162597656,10763700
2025-04-02 00:00:00-04:00,35.75409736495631,36.024667732984675,35.55116958893504,35.68645477294922,5692200
2025-04-03 00:00:00-04:00,35.8120771472182,36.430525789067964,35.78308483283827,36.10197448730469,5208000
2025-04-04 00:00:00-04:00,36.00533249814964,36.38220302097239,34.55584239669646,34.86507034301758,9470400
2025-04-07 00:00:00-04:00,34.439892577186136,35.183964785488904,33.95672909280082,34.30460739135742,10268000
2025-04-08 00:00:00-04:00,34.9713730413404,35.048680971264965,34.092015612795905,34.35292434692383,11987900
2025-04-09 00:00:00-04:00,34.00504338728672,35.67678853617917,33.5508722361969,35.03901290893555,12994600
2025-04-10 00:00:00-04:00,34.97137451171875,35.415887754984674,34.32393715948133,34.97137451171875,10449300
2025-04-11 00:00:00-04:00,34.82642624448793,35.425547957152574,34.62349845755644,35.348243713378906,8296700
2025-04-14 00:00:00-04:00,35.39655798348919,36.0150066551931,35.203291852020506,35.97635269165039,6610600
2025-04-15 00:00:00-04:00,36.015007037484665,36.275915764800146,35.841067885941,35.90871047973633,6008200
2025-04-16 00:00:00-04:00,35.976351769345385,36.01500573189714,35.39655707604805,35.54150390625,5771500
2025-04-17 00:00:00-04:00,35.71544434621617,36.33389302448477,35.68645571637385,35.90871047973633,4269200
2025-04-21 00:00:00-04:00,35.73477444295615,35.89905196095298,34.932724895368736,35.26127624511719,3160400
2025-04-22 00:00:00-04:00,35.75409340275414,36.11163330463325,35.560827295760646,36.00533676147461,4173700
2025-04-23 00:00:00-04:00,35.88938309958108,36.12130319448119,35.48352754131195,36.08264923095703,5229200
2025-04-24 00:00:00-04:00,35.87972232776063,36.81705700551331,35.76376043435715,36.62379455566406,6127800
2025-04-25 00:00:00-04:00,36.575474710912516,37.03931490511177,36.44018952353977,36.90402603149414,6872500
2025-04-28 00:00:00-04:00,36.76873851334066,37.03931255717927,36.5561490979074,36.95234298706055,5098700
2025-04-29 00:00:00-04:00,36.86537341694183,37.126278441053344,36.68176894322193,36.95234298706055,3585600
2025-04-30 00:00:00-04:00,37.039311276709235,37.551463346233746,36.46917826702846,37.47415542602539,6391000
2025-05-01 00:00:00-04:00,37.396851576057394,37.686748907326376,37.06830028428733,37.30021667480469,3640400
2025-05-02 00:00:00-04:00,37.493485210058516,37.8606904860209,37.309884415199726,37.67708969116211,3796700
2025-05-05 00:00:00-04:00,37.657762725508285,37.7254053176555,37.261568820255405,37.57079315185547,3158600
2025-05-06 00:00:00-04:00,37.503150794970374,37.98631427690702,37.44516985008984,37.60944366455078,3434400
2025-05-07 00:00:00-04:00,37.570791653326786,37.97664719002233,37.55146467259205,37.73506546020508,3933700
2025-05-08 00:00:00-04:00,37.5128110927003,37.52247642628831,36.63345373467054,36.6721076965332,5257100
2025-05-09 00:00:00-04:00,36.81706169440756,36.836388679102896,36.06332772251669,36.27592086791992,6167100
2025-05-12 00:00:00-04:00,35.90871264216958,36.06332482104752,35.34824487607896,35.60914993286133,8022300
2025-05-13 00:00:00-04:00,35.647803326644144,35.87005809982149,35.36756760497681,35.4255485534668,4869900
2025-05-14 00:00:00-04:00,35.49318943945028,35.49318943945028,34.78777118825995,35.33857727050781,7364400
2025-05-15 00:00:00-04:00,35.48440415872707,36.26214378213884,35.34830018819939,36.194091796875,4980700
2025-05-16 00:00:00-04:00,36.281581200326066,36.56351292194753,35.98992935765583,36.476016998291016,8025900
2025-05-19 00:00:00-04:00,36.13575405414719,36.67045343500311,36.13575405414719,36.61212158203125,3369800
2025-05-20 00:00:00-04:00,36.59267831603924,36.72878226696693,36.3690784382931,36.417686462402344,4363400
2025-05-21 00:00:00-04:00,36.281588011197115,36.495467799964054,36.087152176732175,36.18437194824219,3813700
2025-05-22 00:00:00-04:00,36.164925945295025,36.33019398466743,35.67883824094577,36.10659408569336,4244200
2025-05-23 00:00:00-04:00,36.330195667785574,36.563519408446865,35.94132771142349,36.52463150024414,3035200
2025-05-27 00:00:00-04:00,36.84544752041847,36.89405554656637,36.37880008544554,36.68017578125,4479100
2025-05-28 00:00:00-04:00,36.514908794300524,36.514908794300524,35.960769121555835,36.14548110961914,15079000
2025-05-29 00:00:00-04:00,35.81493534063539,36.22324715392687,35.630223383463644,36.077423095703125,7581100
2025-05-30 00:00:00-04:00,36.06770778175403,36.31075164472691,35.81494379602645,36.20381546020508,9664100
2025-06-02 00:00:00-04:00,36.04826655940958,36.42741438200434,35.87327468612663,36.4079704284668,3789100
2025-06-03 00:00:00-04:00,36.495466533272406,36.495466533272406,35.88299497395991,36.39824676513672,4952800
2025-06-04 00:00:00-04:00,36.38852907620399,36.51491292895524,35.931605406795356,35.97049331665039,4449600
2025-06-05 00:00:00-04:00,35.96076947238664,36.10659355642091,35.61078573701667,35.80522155761719,4824900
2025-06-06 00:00:00-04:00,35.90243491750492,35.90243491750492,35.33857145096289,35.591339111328125,5541000
2025-06-09 00:00:00-04:00,35.45523674794168,35.75660873761373,35.34829686442397,35.52328872680664,4855500
2025-06-10 00:00:00-04:00,35.484399729761584,35.68855566007149,35.16358008908493,35.241355895996094,5199400
2025-06-11 00:00:00-04:00,35.19274900513957,35.416348894383404,34.988593068250154,35.0274772644043,5266400
2025-06-12 00:00:00-04:00,35.12469608315486,35.39690399169922,34.8038764407522,35.39690399169922,8023400
2025-06-13 00:00:00-04:00,35.33857301545726,35.71772452279074,35.22191301011487,35.35801696777344,4896500
2025-06-16 00:00:00-04:00,35.571898256583296,35.71772605091632,34.85248682432453,34.96915054321289,4626300
2025-06-17 00:00:00-04:00,35.037208249813,35.08581628634796,34.59972850388737,34.726112365722656,4914800
2025-06-18 00:00:00-04:00,34.80388048732948,34.920540503333086,34.531672547136054,34.570560455322266,4437800
2025-06-20 00:00:00-04:00,34.64833229327994,35.134420016156604,34.55111623212661,34.74555206298828,6127700
2025-06-23 00:00:00-04:00,34.88165539906128,35.299691129833924,34.774715508600146,35.26080322265625,4652900
2025-06-24 00:00:00-04:00,35.23163817141957,35.55245412536858,35.15386235921687,35.46495819091797,4427100
2025-06-25 00:00:00-04:00,35.3871901744313,35.53301427632153,35.0469265195769,35.28997039794922,6636600
2025-06-26 00:00:00-04:00,35.406624135973786,35.60105994586746,35.27052018161459,35.56217575073242,4852000
2025-06-27 00:00:00-04:00,35.59134068701292,35.7566087188684,35.280244867063416,35.35801696777344,6990000
2025-06-30 00:00:00-04:00,35.06636818125042,35.746891737892234,35.06636818125042,35.71772766113281,6043200
2025-07-01 00:00:00-04:00,35.513569152591785,35.7760569776244,35.25108132755918,35.503849029541016,5359100
2025-07-02 00:00:00-04:00,35.38718698019271,35.51356711537876,34.648331579842996,34.774715423583984,5284900
2025-07-03 00:00:00-04:00,34.72610729667495,35.06636721130668,34.67749555868048,34.93998336791992,3774500
2025-07-07 00:00:00-04:00,34.9691482598364,35.24135616902519,34.93998047774144,35.23163604736328,4187800
2025-07-08 00:00:00-04:00,35.1733026215719,35.1733026215719,34.473335219413826,34.80387496948242,5312800
2025-07-09 00:00:00-04:00,34.862212149056724,35.14414391895236,34.59972433314234,35.066368103027344,3887100
2025-07-10 00:00:00-04:00,34.833048514043206,35.260804381389626,34.833048514043206,35.212196350097656,3771700
2025-07-11 00:00:00-04:00,35.0858066496673,35.309406523158486,34.823318874206905,35.13441467285156,4360000
2025-07-14 00:00:00-04:00,35.114972941386476,35.44551271190822,34.9399810800188,35.20246887207031,5069800
2025-07-15 00:00:00-04:00,35.06636500184955,35.30940884228851,34.862209065933946,35.037200927734375,2994700
2025-07-16 00:00:00-04:00,34.98859555486374,35.134419645053484,34.59972389724781,35.085811614990234,5770100
2025-07-17 00:00:00-04:00,34.94970598057581,35.63994961679787,34.93998214989392,35.48440170288086,3399400
2025-07-18 00:00:00-04:00,35.65939587206601,36.26214361384335,35.571899933053565,36.20381546020508,5778000
2025-07-21 00:00:00-04:00,36.22325533082322,36.62184711363134,36.09687519354491,36.37880325317383,4296500
2025-07-22 00:00:00-04:00,36.49546688171239,36.92322273992854,36.378803158835716,36.70934295654297,5470900
2025-07-23 00:00:00-04:00,36.61212619089971,36.79683818573114,35.95104660821732,36.08715057373047,7368600
2025-07-24 00:00:00-04:00,35.6885614731396,36.92322479480079,35.57190145232549,36.7871208190918,11220800
2025-07-25 00:00:00-04:00,36.94266080500056,37.37041659503151,36.670452912122165,37.29264450073242,5429000
2025-07-28 00:00:00-04:00,36.69962185917712,37.04960560140164,36.18437007676598,36.262142181396484,11515100
2025-07-29 00:00:00-04:00,36.26213891187194,37.244038067754154,36.18436681425365,37.22459411621094,12152600
2025-07-30 00:00:00-04:00,37.224594035619205,37.68151391595453,37.18570613261697,37.389862060546875,6635500
2025-07-31 00:00:00-04:00,37.19543328598189,37.895400838134556,37.08849709534102,37.73985290527344,5662200
2025-08-01 00:00:00-04:00,37.866233206857515,38.0315012475233,37.47736155691287,37.73012924194336,5174800
2025-08-04 00:00:00-04:00,37.817624819861784,38.24538066390886,37.42875317359727,38.07038879394531,3411700
2025-08-05 00:00:00-04:00,38.05094626681103,38.29399012769618,37.73013029889123,37.8467903137207,4035900
2025-08-06 00:00:00-04:00,37.99261793319554,38.060669917235714,37.4968063825543,37.525970458984375,3916000
2025-08-07 00:00:00-04:00,37.45791618575938,38.15788364574367,37.43847223314262,37.788455963134766,4968900
2025-08-08 00:00:00-04:00,37.953732534218155,38.02178452275637,37.56486084952388,37.749576568603516,3475600
2025-08-11 00:00:00-04:00,37.85650712797017,37.91483898456457,37.302367470264755,37.496803283691406,5527600
2025-08-12 00:00:00-04:00,37.57458141059863,37.59402165544142,36.981553811910885,37.39958953857422,4187500
2025-08-13 00:00:00-04:00,37.399585916019866,37.58429789257432,37.25375813393955,37.55513381958008,2937200
2025-08-14 00:00:00-04:00,37.57458202300716,37.67179808302524,37.22459827325413,37.37042236328125,3438900
2025-08-15 00:00:00-04:00,37.31209001851312,37.31209001851312,36.874610380474614,37.059322357177734,4993100
2025-08-18 00:00:00-04:00,37.06904740754255,37.14681950766825,36.612123802932004,36.68017578125,4020100
2025-08-19 00:00:00-04:00,36.68018010167413,37.15654771456436,36.651016024261196,37.14682388305664,2555000
2025-08-20 00:00:00-04:00,37.32181301180352,37.69124070219068,37.17598892693965,37.42875289916992,4496900
2025-08-21 00:00:00-04:00,37.409196346866096,37.51675083226713,36.978982135130394,37.15497970581055,4251400
2025-08-22 00:00:00-04:00,37.34075504305567,37.43853354802529,36.812766035694096,37.2038688659668,5607600
2025-08-25 00:00:00-04:00,36.969206861739174,37.18431210681388,36.832316958677204,36.86165237426758,5756000
2025-08-26 00:00:00-04:00,36.92031574571137,37.02787023318296,36.64654339932439,36.86165237426758,4053600
2025-08-27 00:00:00-04:00,36.90076329656909,36.98876208246198,36.685654324415694,36.89098358154297,3246800
2025-08-28 00:00:00-04:00,36.783431590860815,36.89098608423403,36.5585466182935,36.64654541015625,3720400
2025-08-29 00:00:00-04:00,36.646540685090606,37.0083117917171,36.61720900154117,36.87142562866211,4846900
2025-09-02 00:00:00-04:00,36.81276135815332,37.31141861559741,36.744318278305464,37.096309661865234,4304900
2025-09-03 00:00:00-04:00,37.03764855841652,37.174534726473055,36.55854324035032,36.78342819213867,4851900
2025-09-04 00:00:00-04:00,36.988762318178544,37.03764970401538,35.78611099335544,36.62698745727539,8438200
2025-09-05 00:00:00-04:00,36.83231825045549,36.998539845069054,36.58787758121742,36.93987274169922,5087100
2025-09-08 00:00:00-04:00,36.80298460215465,36.90076310255959,36.30432730462895,36.4901008605957,3969500
2025-09-09 00:00:00-04:00,36.441211482850726,36.99853585014686,36.42165578383898,36.70520782470703,4616400
2025-09-10 00:00:00-04:00,36.754100337941,37.018096716649524,36.626990141554955,36.94965362548828,3530700
2025-09-11 00:00:00-04:00,37.03764947912531,37.41897630815304,36.832316492067854,37.389644622802734,4668100
2025-09-12 00:00:00-04:00,37.30164583688338,37.77097145183047,37.30164583688338,37.389644622802734,4280800
2025-09-15 00:00:00-04:00,37.487421170816276,37.7025301532307,37.370090693985055,37.438533782958984,3695700
2025-09-16 00:00:00-04:00,37.32119648150917,37.63408394356151,36.754096115626204,36.81276321411133,4280900
2025-09-17 00:00:00-04:00,37.018095301327406,37.42875383259403,36.8909851098012,37.2038688659668,4726300
2025-09-18 00:00:00-04:00,36.83231646042955,37.49719534683393,36.83231646042955,37.22342300415039,4597400
2025-09-19 00:00:00-04:00,37.330975708040484,37.43853018892264,37.02786796463334,37.17453384399414,6883400
2025-09-22 00:00:00-04:00,37.26253033083141,37.54608235753674,37.14519987248949,37.32119369506836,4002900
2025-09-23 00:00:00-04:00,37.242972916286696,37.93718338012695,37.18430582488566,37.93718338012695,4762500
2025-09-24 00:00:00-04:00,38.13274110506142,38.2500715717908,37.76119027557206,38.14251708984375,7797900
2025-09-25 00:00:00-04:00,38.31851635516178,38.328296070246346,37.37008913472374,37.45808792114258,9051900
2025-09-26 00:00:00-04:00,37.59497294370217,38.03496686234106,37.5460855593797,37.94696807861328,5463300
2025-09-29 00:00:00-04:00,37.976297514246035,39.59938319476257,37.37986176317565,38.259849548339844,6527800
2025-09-30 00:00:00-04:00,38.279402485164546,38.55317478530034,37.30164000768773,37.93718338012695,13642800
2025-10-01 00:00:00-04:00,38.06429530092591,38.06429530092591,37.2820860288664,37.32119369506836,6650300
2025-10-02 00:00:00-04:00,37.252756487285225,37.62430734876414,37.17453741268728,37.438533782958984,6407100
2025-10-03 00:00:00-04:00,37.57541522769681,38.250070046828796,37.467860750037765,37.995853424072266,6228000
2025-10-06 00:00:00-04:00,38.06429514587985,38.63139546711254,37.90785329210518,38.5825080871582,5405500
2025-10-07 00:00:00-04:00,38.71940238203571,38.78784547433254,38.347855232386856,38.553184509277344,4389500
2025-10-08 00:00:00-04:00,38.74873330652772,38.84650807565069,38.50429265385194,38.68029022216797,3598900
2025-10-09 00:00:00-04:00,38.90517426832829,38.914950253065406,38.18162831212874,38.24029541015625,4120900
2025-10-10 00:00:00-04:00,38.51407091479281,38.76829129732497,38.26963024767189,38.367408752441406,3087800
2025-10-13 00:00:00-04:00,38.24029670743261,38.64117923288293,38.074075122316515,38.31851577758789,4274900
2025-10-14 00:00:00-04:00,38.42606964170833,38.77806477638969,38.26962777405754,38.611846923828125,4604800
2025-10-15 00:00:00-04:00,38.641181905055056,39.20828232497004,38.631402189441594,38.9736213684082,5295900
2025-10-16 00:00:00-04:00,38.96383553690831,39.27671924979198,38.66073153810304,38.787837982177734,5385100
2025-10-17 00:00:00-04:00,38.8758410624505,39.00295125046224,38.58251301538904,38.75851058959961,3476600
2025-10-20 00:00:00-04:00,38.90517669181606,39.364722600452055,38.90517669181606,39.32561492919922,4227500
2025-10-21 00:00:00-04:00,39.3940557202698,39.3940557202698,38.83673134131234,39.139835357666016,4157300
2025-10-22 00:00:00-04:00,39.11050211418051,39.296275656470335,38.84650577732562,39.15938949584961,4319900
2025-10-23 00:00:00-04:00,39.58961036878446,39.58961036878446,38.43585017168869,38.719398498535156,6901700
2025-10-24 00:00:00-04:00,38.81718061633773,39.00295418984113,38.49451712934531,38.65095901489258,5426800
2025-10-27 00:00:00-04:00,38.76828631716087,38.856285095214844,38.279405045720594,38.856285095214844,5024800
2025-10-28 00:00:00-04:00,38.8660630799568,39.01272896088509,38.53362364907188,38.641178131103516,5436600
2025-10-29 00:00:00-04:00,38.64118293907415,38.75851342049477,38.02519138434555,38.083858489990234,5074500
2025-10-30 00:00:00-04:00,38.17185276648281,38.51406818424245,38.01541089981149,38.044742584228516,3346300
2025-10-31 00:00:00-04:00,37.81985883737046,37.90785762328982,37.389644622802734,37.389644622802734,5805900
2025-11-03 00:00:00-05:00,37.27231144469016,37.6340863133264,36.96920740810176,37.56563949584961,6962800
2025-11-04 00:00:00-05:00,37.75141839975569,37.96652738706283,37.41897893294862,37.8785285949707,4933900
2025-11-05 00:00:00-05:00,37.87852296202065,38.15229528343047,37.624302609395976,37.995853424072266,6229300
2025-11-06 00:00:00-05:00,37.966524894007286,38.53362528257585,37.93718947865708,38.12296676635742,4214800
2025-11-07 00:00:00-05:00,38.20118331864243,38.58251012423471,38.16207192066676,38.53362274169922,4178400
2025-11-10 00:00:00-05:00,38.30874179902068,38.846510522810796,38.289186097990495,38.60206985473633,3566000
2025-11-11 00:00:00-05:00,38.670509768952826,38.84650733390832,38.27940697006038,38.807395935058594,3031200
2025-11-12 00:00:00-05:00,38.817178650800976,38.93450912655312,38.64118107223847,38.69984817504883,2938200
2025-11-13 00:00:00-05:00,38.553182282957216,38.97362052842669,38.328297316987026,38.69984817504883,4002600
2025-11-14 00:00:00-05:00,38.69984323754868,39.04205863560963,38.38695579234825,38.856285095214844,5429200
2025-11-17 00:00:00-05:00,39.00295077978749,39.41361302461258,38.91495199374415,39.286502838134766,4864800
2025-11-18 00:00:00-05:00,39.413610807436754,39.49182987403712,39.051835968571844,39.10072708129883,4924300
2025-11-19 00:00:00-05:00,39.04206697921964,39.237620275560715,38.64118440016145,38.729183197021484,4030400
2025-11-20 00:00:00-05:00,38.93564998188739,39.31911030616347,38.797999288880625,38.925819396972656,8094700
2025-11-21 00:00:00-05:00,39.0536436024535,39.23062415508761,38.80783769609505,38.89632797241211,5498000
2025-11-24 00:00:00-05:00,38.81766696057022,39.1421325462538,38.48337078927517,39.05364227294922,5630600
2025-11-25 00:00:00-05:00,39.10280141358305,39.26011703308383,38.611189633805594,38.74884033203125,4075400
2025-11-26 00:00:00-05:00,38.81766507554735,39.3191111834894,38.81766507554735,39.279781341552734,2629600
2025-11-28 00:00:00-05:00,39.279784886743286,39.45676544073146,39.22079011851373,39.30928039550781,1403000
2025-12-01 00:00:00-05:00,39.20112463739743,39.269949990667996,38.44404200072078,38.473541259765625,3879200
2025-12-02 00:00:00-05:00,38.62101740654706,38.660347246233144,37.68695809355222,37.70661926269531,5604400
2025-12-03 00:00:00-05:00,37.74595271686056,37.913102676182405,37.431321470643304,37.736122131347656,4012000
2025-12-04 00:00:00-05:00,38.14907290400135,38.20806766712064,37.64763054493798,37.893436431884766,6057700
2025-12-05 00:00:00-05:00,37.854103663280654,38.11957445074349,37.72628356175413,37.7852783203125,4328700
2025-12-08 00:00:00-05:00,37.76561987590111,37.76561987590111,37.35266774728943,37.47065353393555,4262100
2025-12-09 00:00:00-05:00,37.60830189954423,37.844277208829894,37.26417514714878,37.293670654296875,4143500
2025-12-10 00:00:00-05:00,37.27400947343143,37.46082062195146,36.75290212444874,36.85122299194336,5489200
2025-12-11 00:00:00-05:00,36.79222569049851,37.15602112674864,36.595583969034074,36.703739166259766,5051700
2025-12-12 00:00:00-05:00,36.86105436258916,37.22484604388263,36.8020595964198,37.20518112182617,4222800
2025-12-15 00:00:00-05:00,37.36249759209723,37.5788079889072,37.22484688529104,37.55914306640625,5114200
2025-12-16 00:00:00-05:00,37.667299490855434,37.706625586436914,37.293673452577075,37.411659240722656,4862500
2025-12-17 00:00:00-05:00,37.382161619892635,37.77544880839728,37.274006424076234,37.66729736328125,5137300
2025-12-18 00:00:00-05:00,37.83444416184085,37.96226428167185,37.391992786041556,37.598472595214844,6780300
2025-12-19 00:00:00-05:00,37.6378001461611,37.70662550164964,36.969207763671875,36.969207763671875,10784100
2025-12-22 00:00:00-05:00,36.85121655644226,37.25433804389227,36.71356586570811,37.16584777832031,3788700
2025-12-23 00:00:00-05:00,37.12652038270745,37.411656118404494,37.06752936890824,37.33300018310547,3930800
2025-12-24 00:00:00-05:00,37.45098786800126,37.598472911408145,37.313337161195086,37.55914306640625,2593100
2025-12-26 00:00:00-05:00,37.55914232472035,37.67712810669569,37.46081771415724,37.64763259887695,3003500
2025-12-29 00:00:00-05:00,37.68696132462886,38.01142315310679,37.618132223927205,37.775447845458984,2366700
2025-12-30 00:00:00-05:00,37.84427922905736,38.060585877524254,37.706624770050524,37.96226501464844,3097100
2025-12-31 00:00:00-05:00,37.97209400760194,38.00159326578749,37.67712768064881,37.69679260253906,2463900
2026-01-02 00:00:00-05:00,37.68696259464422,38.18840498308108,37.40182684891523,38.08024978637695,2712600
2026-01-05 00:00:00-05:00,37.92293169440196,38.03108688407557,36.86105221997956,37.4608154296875,5435500
2026-01-06 00:00:00-05:00,37.490317397719416,37.66729794803913,37.362497277888416,37.598472595214844,3681900
2026-01-07 00:00:00-05:00,37.65746382925897,37.73612351905607,36.96920654633613,37.11669158935547,3374400
2026-01-08 00:00:00-05:00,37.047864182020454,37.59847072797052,37.01836867533214,37.36249542236328,3656900
2026-01-09 00:00:00-05:00,37.49031643676618,37.81477827023542,37.244510539922686,37.25434112548828,3082300
2026-01-12 00:00:00-05:00,37.283832924989206,37.51980821279925,37.1265173166825,37.2445068359375,4587100
2026-01-13 00:00:00-05:00,37.588635253032905,37.95242691040039,37.2936689429863,37.95242691040039,8960000
2026-01-14 00:00:00-05:00,38.09991581492761,38.56203212310058,38.031090460608304,38.40471649169922,4511200
2026-01-15 00:00:00-05:00,38.434209936633025,38.77833668975049,38.2473988064693,38.65052032470703,4148300
2026-01-16 00:00:00-05:00,38.39488056195443,39.11263333486217,38.39488056195443,39.04380798339844,4252000
2026-01-20 00:00:00-05:00,39.14213216253319,39.32894329292245,38.61119052791066,38.64068603515625,6255500
2026-01-21 00:00:00-05:00,39.024144549329314,39.15196467150695,38.70951328758475,38.86682891845703,6312900
2026-01-22 00:00:00-05:00,38.93565208240966,38.96515134014547,38.19823440091932,38.217899322509766,5453500
2026-01-23 00:00:00-05:00,38.296555920028794,38.32605142468533,37.75578374735906,38.1294059753418,7834100
2026-01-26 00:00:00-05:00,38.34571871338442,38.92582076189696,38.34571871338442,38.758670806884766,5605600
2026-01-27 00:00:00-05:00,38.6111900207041,39.19129207668235,38.483369906485095,39.16179656982422,4553000
2026-01-28 00:00:00-05:00,39.1421319626457,39.21095731300082,38.89632606832019,39.122467041015625,4852900
2026-01-29 00:00:00-05:00,39.17162527754189,39.29944538563392,38.68001351640341,38.925819396972656,5471800
2026-01-30 00:00:00-05:00,38.85699700782183,39.083137985072796,38.414545638982815,39.02414321899414,5025500
2026-02-02 00:00:00-05:00,39.22078746130013,39.24045238271101,38.50303470795395,38.71934509277344,4267300
2026-02-03 00:00:00-05:00,38.660354959418825,39.54525777540428,38.5915296015867,39.5157585144043,4857400
2026-02-04 00:00:00-05:00,39.60424745943201,40.115524208002206,39.52559151772152,39.673072814941406,7003000
2026-02-05 00:00:00-05:00,39.791059649692926,40.04669613125684,39.5354194174287,39.54525375366211,6674200
2026-02-06 00:00:00-05:00,39.899212366580954,40.11551899118064,39.18145589412262,39.37810134887695,5731400
2026-02-09 00:00:00-05:00,39.35843860565378,39.58457957838643,39.053641697088175,39.57474899291992,7248500
2026-02-10 00:00:00-05:00,39.66324095173825,40.400658666197415,39.42726563280312,40.28267288208008,5656900
2026-02-11 00:00:00-05:00,40.233508006502596,40.50881316562781,40.03686628659937,40.361328125,5994800
2026-02-12 00:00:00-05:00,40.548141802249546,41.39371092447096,40.43998660910371,40.96109390258789,6403400
2026-02-13 00:00:00-05:00,40.95126385823492,41.85582775704206,40.86277358546462,41.80666732788086,6558400
2026-02-17 00:00:00-05:00,42.091802008938025,42.367103405874246,41.82633119730658,41.934486389160156,7529200
2026-02-18 00:00:00-05:00,41.93448851493432,42.04263996157016,41.19707080658753,41.226566314697266,7468400
2026-02-19 00:00:00-05:00,41.70111865036936,42.225100201343835,41.374863424857615,42.1558952331543,8486000
2026-02-20 00:00:00-05:00,42.49203310222033,42.70953657481715,42.14600827889605,42.51180648803711,11154800
2026-02-23 00:00:00-05:00,41.958165321359516,42.689765551517226,41.77032380278629,42.40305709838867,9022300
2026-02-24 00:00:00-05:00,42.36351086688447,42.39317283332475,41.8296444990031,42.31407928466797,8864700
2026-02-25 00:00:00-05:00,42.314074419196714,43.085221344378326,41.83952449598594,42.69964599609375,6832700
2026-02-26 00:00:00-05:00,42.73919767071939,42.89738099660978,42.244874305888416,42.52169418334961,5837400
2026-02-27 00:00:00-05:00,42.62055861996888,43.016015025812145,42.4426019173537,43.00613021850586,7499300
2026-03-02 00:00:00-05:00,42.521690960664145,43.13465460199786,42.521690960664145,42.84794616699219,4602400
2026-03-03 00:00:00-05:00,42.482147236516916,43.144538673629974,41.849413991696196,42.897377014160156,4977600
2026-03-04 00:00:00-05:00,42.936927620289985,43.540002726690034,42.63044577747037,43.52022933959961,4336000
2026-03-05 00:00:00-05:00,43.27306290197123,43.332383056722705,42.72930801660577,42.907264709472656,6340500
2026-03-06 00:00:00-05:00,42.75896622230386,43.29283630107951,42.5711247226106,43.1148796081543,6023600
2026-03-09 00:00:00-04:00,43.016016837133584,43.253293707741015,42.46237709136277,42.986358642578125,3774700
2026-03-10 00:00:00-04:00,42.79851566388396,43.33238577598689,42.561238801375616,42.66999053955078,4439200
2026-03-11 00:00:00-04:00,42.52169202795385,42.80840047015587,42.3536239026968,42.46237564086914,3809100
2026-03-12 00:00:00-04:00,42.46237297730545,43.39169944008663,42.234984707839445,42.907264709472656,4215700
2026-03-13 00:00:00-04:00,43.35215451490934,43.56965798686542,43.134654814340955,43.510337829589844,3408400
2026-03-16 00:00:00-04:00,43.747614344990374,43.80693450180179,43.44113252521291,43.63886260986328,3419600
2026-03-17 00:00:00-04:00,43.816817061225294,43.88602202159475,43.154425648721265,43.164310455322266,3996900
2026-03-18 00:00:00-04:00,43.02590138779828,43.085221542743064,42.59089823236586,42.739192962646484,6381100
2026-03-19 00:00:00-04:00,42.71942158145332,43.05556159913223,42.33384998469557,42.758968353271484,3866300
2026-03-20 00:00:00-04:00,42.74908066240732,42.95669554336659,41.33531572206808,41.542930603027344,10674300
2026-03-23 00:00:00-04:00,41.85929789027276,41.95816104336019,41.20679127428802,41.28588104248047,6406600
2026-03-24 00:00:00-04:00,41.14747170622659,41.93838825636454,41.08815532208349,41.40452194213867,4241600
2026-03-25 00:00:00-04:00,41.82964212601427,42.027368443663285,41.54293368548033,41.59236526489258,3009600
2026-03-26 00:00:00-04:00,41.631911353928764,42.0174829469612,41.434181268136115,41.84941482543945,2548400
2026-03-27 00:00:00-04:00,41.87907610013156,42.32396788305692,41.72089277413454,41.89884948730469,3737600
2026-03-30 00:00:00-04:00,42.422829062430424,42.77874247211635,42.24487235758746,42.501922607421875,3936400
2026-03-31 00:00:00-04:00,42.77874227772595,42.91715220944424,42.21521397207989,42.66999053955078,4576400
2026-04-01 00:00:00-04:00,42.42282833559257,42.93692505506548,42.3239651774349,42.758968353271484,3453900
2026-04-02 00:00:00-04:00,42.99624541394553,43.25329188919068,42.68976358800253,43.2137451171875,3055500
2026-04-06 00:00:00-04:00,43.16431299667054,43.362043082819476,42.79851478869701,43.09510803222656,2790300
2026-04-07 00:00:00-04:00,43.11488049119992,43.490567269668524,42.96658198692906,43.1049919128418,2336800
2026-04-08 00:00:00-04:00,42.719420714977964,43.19397065300745,42.53157920973327,43.184085845947266,5045900
2026-04-09 00:00:00-04:00,43.10498965920656,43.96511490478791,43.055558084163216,43.62897491455078,4256300
2026-04-10 00:00:00-04:00,43.4905672597203,43.60920380027728,42.78862528057142,42.897377014160156,3494600
2026-04-13 00:00:00-04:00,42.89737971814987,42.956699877861354,41.9680531776638,42.244873046875,3910400
2026-04-14 00:00:00-04:00,42.13612115410287,42.43271440881233,41.888959479947005,42.41294479370117,3935000
2026-04-15 00:00:00-04:00,42.195441275062294,42.37339798200301,41.849416440115256,41.997711181640625,4106200
2026-04-16 00:00:00-04:00,41.928504810899526,42.76885296557225,41.88895803926163,42.71942138671875,4671600
2026-04-17 00:00:00-04:00,42.333849787073845,42.581011452701965,42.00759834956634,42.51180648803711,5003100
2026-04-20 00:00:00-04:00,42.4425982230673,42.8380583658767,42.09657342664965,42.2152099609375,4195700
2026-04-21 00:00:00-04:00,42.462374300449,42.49203249305513,41.770320892333984,41.770320892333984,6107000
2026-04-22 00:00:00-04:00,42.076803054569694,42.3041913329778,41.55281776212801,41.64179611206055,7242600
2026-04-23 00:00:00-04:00,42.15589202601398,42.897377004252185,41.82964059671073,42.689762115478516,6144200
2026-04-24 00:00:00-04:00,42.63044540459757,42.788628728549426,41.87907555867326,41.98782730102539,4289400
2026-04-27 00:00:00-04:00,42.066917063676414,42.6007871961114,41.97793870827058,42.40305709838867,5527700
2026-04-28 00:00:00-04:00,42.778741196530646,42.85783096777598,42.48214795443219,42.64033126831055,5216600
2026-04-29 00:00:00-04:00,42.50192275860649,42.80840081806903,42.274530701641105,42.3338508605957,5427300
2026-04-30 00:00:00-04:00,42.472261745984405,43.24340874413785,42.32396700235375,43.1544303894043,6343300
2026-05-01 00:00:00-04:00,43.124765091181175,43.55977202354771,42.838060433761314,42.85783004760742,4627600
2026-05-04 00:00:00-04:00,42.60078630343389,43.104994459242896,42.353624629306616,42.82817459106445,3697800
2026-05-05 00:00:00-04:00,42.40305620743836,43.53011283797249,42.36350943444717,43.035789489746094,6330900
2026-05-06 00:00:00-04:00,42.78862613302607,42.927036061664616,41.78020608973248,41.84941482543945,7087600
2026-05-07 00:00:00-04:00,41.72089023977479,41.91862032810683,41.44406660755484,41.76043701171875,4982400
2026-05-08 00:00:00-04:00,41.888959800207914,42.076805087690765,41.16724815872151,41.246341705322266,4133600
2026-05-11 00:00:00-04:00,41.47372964202214,41.85930124995218,41.34520451558284,41.790096282958984,4749400
2026-05-12 00:00:00-04:00,41.750546962362705,41.99770862122447,41.493500496557026,41.65168380737305,4437800
2026-05-13 00:00:00-04:00,41.35509164159152,42.03725648000991,41.08815659054405,41.68134307861328,6714900
2026-05-14 00:00:00-04:00,42.05703353881836,42.076806926332594,41.50339000258402,42.05703353881836,3535800
2026-05-15 00:00:00-04:00,41.918619877154235,41.94827807009927,40.850879674480424,41.058494567871094,5185000
2026-05-18 00:00:00-04:00,41.30565809388495,41.59236654323085,40.732244966581014,41.246341705322266,5678500
2026-05-19 00:00:00-04:00,41.167246032463765,42.15589268558303,41.09804106845644,42.01748275756836,5076000
2026-05-20 00:00:00-04:00,42.10646183775901,42.422828470535165,41.75054843303889,41.76043701171875,6477100
2026-05-21 00:00:00-04:00,41.72067506304225,42.23758641638979,41.60138520239884,42.21770477294922,3746300
2026-05-22 00:00:00-04:00,41.8598413665015,42.62526754904583,41.8598413665015,42.575565338134766,4955400
2026-05-26 00:00:00-04:00,42.704789286894865,43.01294905428708,42.40657223666382,42.67496871948242,6616500
2026-05-27 00:00:00-04:00,42.79425486280222,42.84395707259628,42.32704954029536,42.81413650512695,5921900
2026-05-28 00:00:00-04:00,42.8936642269298,42.993068649188814,41.90954376160876,41.96918869018555,6217100
2026-05-29 00:00:00-04:00,41.989071428443296,42.257464133951515,41.820079355751595,42.008949279785156,8718400
2026-06-01 00:00:00-04:00,41.690848378296714,41.83001987462421,41.00494878198539,41.04471206665039,5711200
2026-06-02 00:00:00-04:00,40.925423005741344,41.611326407380204,40.925423005741344,41.48209762573242,4000000
2026-06-03 00:00:00-04:00,41.63120849515833,42.21770368947823,41.233583220623075,41.29322814941406,6093300
2026-06-04 00:00:00-04:00,41.58150535877607,41.83002020182292,40.84589975486174,41.601383209228516,4874100
2026-06-05 00:00:00-04:00,41.839959624207694,42.78431679741406,41.820077981483436,42.43639373779297,4075100
2026-06-08 00:00:00-04:00,42.396633740606894,42.51591980349942,41.531799356538244,41.601383209228516,4655000
2026-06-09 00:00:00-04:00,41.71073013314255,42.33698859618122,41.55168078608905,42.13817596435547,4393400
2026-06-10 00:00:00-04:00,42.6550875162882,42.6550875162882,42.19782111509111,42.48609924316406,4678500
2026-06-11 00:00:00-04:00,42.61532465107414,42.91354170731253,42.26740538413528,42.29722595214844,4197100
2026-06-12 00:00:00-04:00,42.496038806051374,42.79425586382706,42.327050530391546,42.64514923095703,4198500
2026-06-15 00:00:00-04:00,42.366809032909295,43.07259406331295,42.227641328671695,42.81413650512695,3984600
2026-06-16 00:00:00-04:00,42.95330437165261,43.44039513036008,42.366809192981435,43.092472076416016,5325900
2026-06-17 00:00:00-04:00,43.11235273792527,43.31116536536485,42.13817503471033,42.37675094604492,6392200
2026-06-18 00:00:00-04:00,42.63520809338544,43.082535592642444,42.33699102455936,42.56562423706055,7180200
2026-06-22 00:00:00-04:00,41.35286752574011,43.201818527156924,41.35286752574011,42.86383819580078,8513700
2026-06-23 00:00:00-04:00,43.102417065732546,43.39069520767334,42.5954446379007,43.24158477783203,13225500
2026-06-24 00:00:00-04:00,43.48015927828607,43.688910839575115,43.052713438292905,43.59944534301758,7060300
2026-06-25 00:00:00-04:00,43.957305908203125,44.22570238919906,43.331047452545945,43.957305908203125,6740100
2026-06-26 00:00:00-04:00,44.19587798885978,44.81219751888575,44.04677136091324,44.77243423461914,13872800
2026-06-29 00:00:00-04:00,44.55374253545661,44.95136781700824,44.38475425562038,44.523921966552734,6378100
2026-06-30 00:00:00-04:00,44.235643953627,44.414574951633746,43.74855317193404,43.778377532958984,7539000
2026-07-01 00:00:00-04:00,43.88772174187174,43.96724451787296,43.46027591876315,43.47021484375,6609600
2026-07-02 00:00:00-04:00,43.84796008405489,44.36487141935786,43.47021645594202,44.34498977661133,8355000
2026-07-06 00:00:00-04:00,44.2257038979088,44.36487160568339,43.39069385922564,43.73861312866211,8267400
2026-07-07 00:00:00-04:00,44.18593871040006,44.832075010404765,44.12629378447719,44.21575927734375,5313900
2026-07-08 00:00:00-04:00,44.354928361133446,44.48415714197507,43.64914711321523,43.78831481933594,7544800
2026-07-09 00:00:00-04:00,43.90760155486135,43.98712812645352,43.03283201956138,43.062652587890625,5479200
2026-07-10 00:00:00-04:00,43.11235330467404,43.44039471306705,43.06265109516963,43.28134536743164,6551000
2026-07-13 00:00:00-04:00,43.340985783520395,43.98712587247259,43.340985783520395,43.86783981323242,5639100
2026-07-14 00:00:00-04:00,44.2356437794411,44.42451370235529,43.500038146972656,43.500038146972656,6890800
2026-07-15 00:00:00-04:00,43.609383028942695,43.798256734104726,42.436392681653686,42.466217041015625,6831100
2026-07-16 00:00:00-04:00,42.515921232214474,43.08253479003906,42.31710859268893,43.08253479003906,7917000
2026-07-17 00:00:00-04:00,43.54974380895009,44.01694914975852,42.81413818226163,42.873783111572266,6139000
2026-07-20 00:00:00-04:00,43.07259567401593,43.38075166148397,42.456276115008485,42.734615325927734,5520000
2026-07-21 00:00:00-04:00,42.58550310235682,42.77437301548333,42.23758384343021,42.466217041015625,6852000
2026-07-22 00:00:00-04:00,42.8837201885269,43.4900970049212,42.72467084259033,43.42051315307617,5353800
2026-07-23 00:00:00-04:00,43.24158409898238,44.03683086423469,43.24158409898238,43.967247009277344,4836400
2026-07-24 00:00:00-04:00,44.32510865438968,44.484158006194086,44.05671216221305,44.2952880859375,5112600
2026-07-27 00:00:00-04:00,44.066652896366364,44.364869943573,43.4702150099176,43.74855041503906,6354500
2026-07-28 00:00:00-04:00,43.311166259646704,44.99112522252598,43.311166259646704,43.838016510009766,7448400
2026-07-29 00:00:00-04:00,44.24558053978488,44.36487039350572,42.55568265779711,42.67496871948242,6627000
2026-07-30 00:00:00-04:00,42.85390090149364,43.16205688543235,41.66102887531287,41.89960479736328,7716500
2026-07-31 00:00:00-04:00,41.76043214079165,42.138175760227135,41.62126443679845,41.79025650024414,7134600
2026-08-03 00:00:00-04:00,41.44233390127176,42.23758443341601,41.44233390127176,41.67096710205078,5552400
2026-08-04 00:00:00-04:00,42.018892189206696,42.018892189206696,40.81608119964218,41.33299255371094,9488900
2026-08-05 00:00:00-04:00,41.283285467653236,41.4323958937419,40.03077229824399,40.40851593017578,9264500
2026-08-06 00:00:00-04:00,40.816080672195454,40.86578288420608,40.0506544727177,40.42839431762695,8228800
2026-08-07 00:00:00-04:00,40.607323691188995,41.01488788064053,40.09041615649946,40.43833541870117,7331300
2026-08-10 00:00:00-04:00,41.43239380250098,41.43239380250098,39.71267159071441,39.79219436645508,6457100
2026-08-11 00:00:00-04:00,39.83195992694688,40.05065420879531,39.56356343341536,39.941307067871094,6410400
2026-08-12 00:00:00-04:00,40.02083003718321,40.32898981833098,39.941307256521796,40.28922653198242,4437500
2026-08-13 00:00:00-04:00,40.080475485889814,40.64708905157145,40.060593842458,40.239524841308594,4396200
2026-08-14 00:00:00-04:00,40.14012062071143,40.6669709022139,40.14012062071143,40.58744812011719,2984500
2026-08-17 00:00:00-04:00,40.368752085355084,40.56756472004208,40.16000052534975,40.388633728027344,4149100
2026-08-18 00:00:00-04:00,40.776315673992265,40.84589952629315,40.22958378075575,40.29916763305664,4385600
2026-08-19 00:00:00-04:00,41.28328419916572,41.28328419916572,40.11029384555274,40.15999984741211,4960800
2026-08-20 00:00:00-04:00,39.54999923706055,40.59000015258789,39.54999923706055,40.20000076293945,5813600
2026-08-21 00:00:00-04:00,40.18000030517578,40.25,38.720001220703125,38.77000045776367,7823800
2026-08-24 00:00:00-04:00,38.810001373291016,39.15999984741211,38.45000076293945,39.099998474121094,5914200
2026-08-25 00:00:00-04:00,39.04999923706055,39.25,38.900001525878906,38.93000030517578,4535900
2026-08-26 00:00:00-04:00,39.0099983215332,39.72999954223633,39.0,39.59000015258789,5617200
2026-08-27 00:00:00-04:00,39.209999084472656,39.45000076293945,39.02000045776367,39.290000915527344,4469100
2026-08-28 00:00:00-04:00,39.630001068115234,39.7400016784668,39.189998626708984,39.2400016784668,7258800
2026-08-31 00:00:00-04:00,38.88999938964844,39.7599983215332,38.83000183105469,39.599998474121094,9266100
