Date,Open,High,Low,Close,Volume
2017-01-03 00:00:00-05:00,44.028373464461964,44.71506312327681,43.850011939763036,44.12647247314453,5423200
2017-01-04 00:00:00-05:00,44.670480154401126,45.419595946606464,44.58130107993339,45.214481353759766,7898600
2017-01-05 00:00:00-05:00,44.95585731666865,45.20556144698036,44.144315491191946,44.349430084228516,5806200
2017-01-06 00:00:00-05:00,44.402935286913966,44.857753966389254,43.894607126691994,44.30483627319336,6922700
2017-01-09 00:00:00-05:00,44.10864424893091,44.74182454844092,44.072971256911366,44.313758850097656,5332900
2017-01-10 00:00:00-05:00,44.527789500434764,45.79414998854486,44.46536347084981,45.419593811035156,8440500
2017-01-11 00:00:00-05:00,45.892245214897606,46.14195271456726,45.169885960257254,45.87440872192383,10001600
2017-01-12 00:00:00-05:00,45.74955837687862,46.37382204635685,44.29591646402963,45.38391876220703,14284800
2017-01-13 00:00:00-05:00,45.294741122556935,46.05277341525006,45.285821174475316,45.6871337890625,7380600
2017-01-17 00:00:00-05:00,45.47310458054598,45.67821916954995,44.75965839031568,44.88451385498047,7477500
2017-01-18 00:00:00-05:00,44.715076615333395,45.30366744306352,44.40294640440233,44.857765197753906,7076500
2017-01-19 00:00:00-05:00,44.83991851566865,45.036116547672925,44.25132782161918,44.32267379760742,7012700
2017-01-20 00:00:00-05:00,44.38510081711073,45.07179054250194,44.33159133392423,45.03611755371094,7722400
2017-01-23 00:00:00-05:00,44.83992455097866,44.97369657298021,43.49330139160156,43.49330139160156,8753100
2017-01-24 00:00:00-05:00,43.61814984526077,44.37618216846918,43.537887319112286,44.09080505371094,6398100
2017-01-25 00:00:00-05:00,44.58130066619634,44.97369335296187,44.420775612073264,44.75965881347656,8096300
2017-01-26 00:00:00-05:00,45.20555604708779,45.963591698070914,45.089623944413454,45.39283752441406,8905600
2017-01-27 00:00:00-05:00,45.48201869170929,45.58903425372828,44.20673828760822,44.32267379760742,6852000
2017-01-30 00:00:00-05:00,43.65381402941682,43.65381402941682,42.39637030804643,42.51230239868164,12745600
2017-01-31 00:00:00-05:00,42.61932928119373,42.65500227047495,41.531326921861044,42.12883758544922,12533800
2017-02-01 00:00:00-05:00,42.342857839756135,42.601481842661826,41.950465264354925,42.14665985107422,8377500
2017-02-02 00:00:00-05:00,41.549170098872786,42.503400602851954,41.451071063553876,42.25369644165039,8795700
2017-02-03 00:00:00-05:00,42.378544796078884,42.80661049277094,42.280445769385416,42.637168884277344,5632300
2017-02-06 00:00:00-05:00,42.976045197141076,43.41303077258354,42.744177591085595,43.03847122192383,7169200
2017-02-07 00:00:00-05:00,43.19900460579813,43.64490681296685,42.8779578742863,42.94038391113281,7262900
2017-02-08 00:00:00-05:00,43.03847484003681,43.07414782918679,42.56581964067182,42.89578628540039,5342600
2017-02-09 00:00:00-05:00,42.89578405233254,44.18890092501253,42.89578405233254,43.992706298828125,7274700
2017-02-10 00:00:00-05:00,44.18890284423747,44.20673933865861,43.71624764894945,43.93027877807617,5322600
2017-02-13 00:00:00-05:00,44.028382941015344,44.9647768947778,43.948120407723486,44.64373016357422,6565900
2017-02-14 00:00:00-05:00,44.42968574903571,44.58129423470853,43.78758562517551,44.46535873413086,7024600
2017-02-15 00:00:00-05:00,45.43743799172669,46.33815900093606,45.062878348892625,45.63363265991211,12705000
2017-02-16 00:00:00-05:00,45.6247113053111,45.6336278521221,45.116383087992205,45.33041763305664,6626700
2017-02-17 00:00:00-05:00,45.11637958252225,45.6871337890625,44.759656502452884,45.6871337890625,5428000
2017-02-21 00:00:00-05:00,45.74955114295232,45.9546656844121,45.45525754936665,45.669288635253906,6406500
2017-02-22 00:00:00-05:00,45.66302389170424,45.78837282257366,45.19743970883052,45.60034942626953,4345100
2017-02-23 00:00:00-05:00,45.770470617476576,46.10175387637069,44.937791577341805,45.197444915771484,6470900
2017-02-24 00:00:00-05:00,45.107912219797846,45.23326116869026,44.66023545060911,45.17953872680664,8154700
2017-02-27 00:00:00-05:00,45.063154127582514,45.17954765140158,44.6154772699614,45.16164016723633,7574200
2017-02-28 00:00:00-05:00,45.215356925933136,45.30489091998134,44.64233116681763,44.70500564575195,6950200
2017-03-01 00:00:00-05:00,45.13477355531919,46.44198895440889,45.08105111126651,45.68989181518555,14144700
2017-03-02 00:00:00-05:00,44.767672257331114,45.38546490490144,44.5975563323341,44.73185729980469,12527200
2017-03-03 00:00:00-05:00,44.77663408341039,45.34070783357901,44.51698412330377,44.88407897949219,11170800
2017-03-06 00:00:00-05:00,44.319995323969714,44.633367662079685,43.16498856550328,43.738014221191406,11368700
2017-03-07 00:00:00-05:00,43.44255611933479,43.57685710705742,42.59196953508004,42.65464401245117,10266200
2017-03-08 00:00:00-05:00,42.69045874433319,42.950112100895666,42.547202308902655,42.68150329589844,7165900
2017-03-09 00:00:00-05:00,42.69940857741231,43.290341770056536,42.04580091096513,42.30545425415039,8790500
2017-03-10 00:00:00-05:00,42.35917823671013,42.959063483651725,42.269640831231904,42.89638900756836,6263100
2017-03-13 00:00:00-04:00,42.887436196104254,43.173949057427066,42.233825102239955,42.394989013671875,6995300
2017-03-14 00:00:00-04:00,42.09952527232352,42.14429226772408,41.29370569310204,41.43696212768555,14313200
2017-03-15 00:00:00-04:00,41.12358792700732,42.52034066409702,40.49683977258876,42.251731872558594,17933000
2017-03-16 00:00:00-04:00,42.63674631461361,42.7083762569045,42.09953540944646,42.44872283935547,7899000
2017-03-17 00:00:00-04:00,42.6367260775776,42.66358900093832,41.64288330078125,41.64288330078125,12295000
2017-03-20 00:00:00-04:00,42.28755438946861,42.28755438946861,41.67871360673134,41.94731903076172,5867100
2017-03-21 00:00:00-04:00,42.14429383136812,42.24278327420522,40.675914468531445,40.75649642944336,10366200
2017-03-22 00:00:00-04:00,40.51475117691413,41.04300994766418,39.81637644848298,40.95347595214844,12064000
2017-03-23 00:00:00-04:00,41.06986084976573,41.3832365993535,40.71172152731121,41.114627838134766,5589200
2017-03-24 00:00:00-04:00,41.275786559519474,41.46381335192564,40.8281099008891,41.18625259399414,6290300
2017-03-27 00:00:00-04:00,40.622194846366604,41.41905906216094,40.36254487916059,41.27580261230469,9023000
2017-03-28 00:00:00-04:00,41.275806180553865,41.902554483670365,40.97138577135462,41.66080856323242,7321200
2017-03-29 00:00:00-04:00,41.562316288464736,41.76825064101449,40.94452347732519,41.141502380371094,6321100
2017-03-30 00:00:00-04:00,41.20416685234719,41.616028626358556,41.105677424757,41.42800521850586,4909100
2017-03-31 00:00:00-04:00,41.293700447145916,41.44591231077421,41.08776956206253,41.15044403076172,7052700
2017-04-03 00:00:00-04:00,41.15044290896487,41.49067816941562,40.801255617016444,41.47277069091797,7398100
2017-04-04 00:00:00-04:00,41.043004308347946,41.231027722398345,40.290907236643825,40.38939666748047,8765500
2017-04-05 00:00:00-04:00,40.67591358687163,41.275798848599806,40.32672623565637,40.36254119873047,8313400
2017-04-06 00:00:00-04:00,40.398355564806806,40.88184735353065,40.1745171532313,40.523704528808594,6080400
2017-04-07 00:00:00-04:00,40.48788564097869,40.65800157336426,40.06706841052191,40.443115234375,9007300
2017-04-10 00:00:00-04:00,40.353591163617125,40.49684761962839,39.93277382980132,40.26405715942383,9945400
2017-04-11 00:00:00-04:00,40.2909028779275,40.577415691819255,39.83427414813194,40.55055618286133,10506800
2017-04-12 00:00:00-04:00,42.054762727724366,42.23383072827802,40.29091491514479,40.3356819152832,14332800
2017-04-13 00:00:00-04:00,40.19241352709315,40.290902947445026,39.225433632415594,39.42240905761719,14894000
2017-04-17 00:00:00-04:00,39.511947907360955,39.79846073233801,39.39555100486957,39.70892333984375,7140300
2017-04-18 00:00:00-04:00,39.574629914023774,40.0939332274178,39.36869899530692,39.76265335083008,7973800
2017-04-19 00:00:00-04:00,40.12079532123463,40.828122056682226,40.0223058805323,40.36254119873047,8488200
2017-04-20 00:00:00-04:00,40.65800053761705,41.33846766532716,40.514744120441115,41.12358474731445,7679200
2017-04-21 00:00:00-04:00,41.051962411182,41.222081786148706,40.559518599679315,40.76544952392578,6396000
2017-04-24 00:00:00-04:00,41.633941995252044,42.01894431274945,41.24893967775464,41.911502838134766,12522600
2017-04-25 00:00:00-04:00,42.206969115288196,42.57406396299827,41.813014751929565,41.839874267578125,7873900
2017-04-26 00:00:00-04:00,41.83986777782611,42.135336066142465,41.490680466544944,41.517539978027344,7610700
2017-04-27 00:00:00-04:00,40.8997535055372,41.06091742986793,40.16556381269855,40.95347595214844,12388000
2017-04-28 00:00:00-04:00,41.096725419269916,41.22207435791872,40.55055925901237,40.68486022949219,6600000
2017-05-01 00:00:00-04:00,40.819171438199824,41.18626628367331,40.64905548095703,40.64905548095703,6378900
2017-05-02 00:00:00-04:00,40.89080084267172,42.91430206802216,40.74754439078434,42.82476806640625,12931000
2017-05-03 00:00:00-04:00,42.67255444154157,43.41569960385075,42.565112960841326,43.25453567504883,9912400
2017-05-04 00:00:00-04:00,43.38883531330556,43.69325567867576,43.15604487649446,43.54999923706055,7467400
2017-05-05 00:00:00-04:00,43.5410395205795,43.89917885366951,43.20080425096697,43.60371398925781,5275200
2017-05-08 00:00:00-04:00,43.63057789886866,43.952905721998846,43.3351130046678,43.44255447387695,8671600
2017-05-09 00:00:00-04:00,43.87233041435108,44.71396164577992,43.76488892886093,44.37372970581055,8759600
2017-05-10 00:00:00-04:00,44.18568882832503,44.758717872108676,44.05138786791652,44.74081039428711,7548700
2017-05-11 00:00:00-04:00,44.77662897859915,44.92884085627706,43.79174145198755,44.490116119384766,8817400
2017-05-12 00:00:00-04:00,44.311045733140354,44.38267223629557,43.78278703729843,43.86336898803711,7180500
2017-05-15 00:00:00-04:00,43.979757881741556,44.508016522320695,43.87231643049727,44.32894515991211,5539300
2017-05-16 00:00:00-04:00,44.42743458001194,44.44534205780301,43.675337590297616,44.32894515991211,6422800
2017-05-17 00:00:00-04:00,44.33165443360724,44.33165443360724,42.8572262587899,42.920162200927734,8274500
2017-05-18 00:00:00-04:00,42.83025487670806,43.41463210971222,42.74934115874694,42.848236083984375,5071000
2017-05-19 00:00:00-04:00,43.019062731786065,43.7293051565924,42.983103738169184,43.3337287902832,6137000
2017-05-22 00:00:00-04:00,43.48655702252824,43.80122303093871,43.459586924217156,43.594444274902344,6548300
2017-05-23 00:00:00-04:00,43.65737896040712,43.90012014596556,43.432618984471354,43.684349060058594,5592300
2017-05-24 00:00:00-04:00,43.75627225860144,44.02598698440766,43.58545590454735,43.93608093261719,5139600
2017-05-25 00:00:00-04:00,44.04395396213852,45.338569823484576,44.01698044053516,45.31159973144531,7421000
2017-05-26 00:00:00-04:00,45.23070264634436,45.806087685041625,45.23070264634436,45.67123031616211,5778500
2017-05-30 00:00:00-04:00,45.482421360303874,45.482421360303874,44.088910425425354,44.10689163208008,10523500
2017-05-31 00:00:00-04:00,44.22377433957014,44.367620595798265,43.62141921335401,44.16983413696289,8088900
2017-06-01 00:00:00-04:00,44.3406448372589,45.01492472034321,44.32266362882887,44.817134857177734,7431600
2017-06-02 00:00:00-04:00,45.446465606924754,46.64219030295718,45.401514298482816,46.0218505859375,11872100
2017-06-05 00:00:00-04:00,45.84204246708469,46.29156238234333,45.464443954893746,46.201656341552734,9018000
2017-06-06 00:00:00-04:00,45.98588271396477,46.471361552750125,45.89597668488278,46.057804107666016,6826300
2017-06-07 00:00:00-04:00,45.86002470782102,47.199595694639434,45.536373218178184,46.99281692504883,10888400
2017-06-08 00:00:00-04:00,46.9928156321321,48.05368298054148,46.929883113969254,47.50526809692383,9057200
2017-06-09 00:00:00-04:00,47.55920862719181,48.16156367024636,47.3434375578565,47.65810012817383,9709000
2017-06-12 00:00:00-04:00,47.60415145618235,47.62213266122213,46.18366712411759,46.974822998046875,9751100
2017-06-13 00:00:00-04:00,46.98381126002741,47.505255910543504,46.26458021583636,46.63318634033203,8280600
2017-06-14 00:00:00-04:00,46.75905772755975,46.929877481699485,46.336511360544534,46.66915512084961,6019000
2017-06-15 00:00:00-04:00,46.41742851746995,46.606226063288005,45.77910761610222,46.354496002197266,6871200
2017-06-16 00:00:00-04:00,46.3455038584185,46.75007247924805,46.07579258772043,46.75007247924805,6254500
2017-06-19 00:00:00-04:00,46.83997760847216,47.31647108951226,46.69613136107036,47.20858383178711,7674700
2017-06-20 00:00:00-04:00,47.36142021439868,47.469304037582994,46.444399143419716,46.5343017578125,7050100
2017-06-21 00:00:00-04:00,46.7950270456295,47.271520534270145,46.525315756144586,46.99281692504883,5135100
2017-06-22 00:00:00-04:00,47.64012947075341,47.82892704116531,46.9029135409047,47.478302001953125,7240900
2017-06-23 00:00:00-04:00,47.4693027641824,47.801946543990155,47.30747531896462,47.577186584472656,15792900
2017-06-26 00:00:00-04:00,47.66708388530764,48.35934484522945,47.37939146424458,47.5322265625,6127500
2017-06-27 00:00:00-04:00,47.52324930633679,47.837911897151,47.28949701353336,47.50526809692383,5921800
2017-06-28 00:00:00-04:00,47.873874641282775,48.72796323159426,47.873874641282775,48.4043083190918,6745200
2017-06-29 00:00:00-04:00,48.64703781769306,49.0246328385317,48.260450479464424,48.43126678466797,7188300
2017-06-30 00:00:00-04:00,48.548156221431036,48.7998863043776,48.30541502877606,48.31440734863281,5012800
2017-07-03 00:00:00-04:00,48.781905616593,49.186474275350136,48.31440786599053,48.60210037231445,3532100
2017-07-05 00:00:00-04:00,48.68300593766656,49.09656341743876,48.314399761423566,48.84483337402344,5793000
2017-07-06 00:00:00-04:00,48.70997819234028,49.30334434208762,48.449255818927035,48.880794525146484,6221400
2017-07-07 00:00:00-04:00,49.04261842845827,49.896706889965174,48.799877280689074,49.86074447631836,7493300
2017-07-10 00:00:00-04:00,49.48315739904961,50.121474911145256,49.12354006373554,49.2763786315918,7971800
2017-07-11 00:00:00-04:00,49.285363313800424,49.48315317429284,48.709978370075014,48.79988098144531,5442100
2017-07-12 00:00:00-04:00,49.26738339779199,49.97762570676579,49.22243209092787,49.87873077392578,12101600
2017-07-13 00:00:00-04:00,49.04262052416783,49.47415921767669,48.386321880108646,48.9976692199707,13257400
2017-07-14 00:00:00-04:00,48.99766800426709,49.79781285964314,48.90776539810344,49.564064025878906,9228700
2017-07-17 00:00:00-04:00,49.627002543274045,49.70791627044147,49.09656887174646,49.123538970947266,5387400
2017-07-18 00:00:00-04:00,48.997666431723914,48.997666431723914,48.44026274635667,48.512184143066406,6421200
2017-07-19 00:00:00-04:00,48.341367090823674,48.85381946676887,47.73900868340117,48.35934829711914,10733000
2017-07-20 00:00:00-04:00,48.35935040315388,48.46723421606054,47.433337101214306,47.496273040771484,8418300
2017-07-21 00:00:00-04:00,47.244540417159456,47.37939775788085,46.81300172824147,46.98381805419922,6847600
2017-07-24 00:00:00-04:00,46.89392606511701,47.11868606416944,46.22863495891303,46.32752990722656,8208700
2017-07-25 00:00:00-04:00,46.67813657266039,46.938858891970455,45.922946565661405,45.97688674926758,5815200
2017-07-26 00:00:00-04:00,45.98588815985012,46.093771977960316,45.518387041952934,45.9679069519043,8065100
2017-07-27 00:00:00-04:00,45.31161063471497,45.83305197381097,44.5294434817236,45.02391815185547,12402000
2017-07-28 00:00:00-04:00,44.942991253816786,45.29361615018508,44.412557750972354,45.24866485595703,8652600
2017-07-31 00:00:00-04:00,45.37454463524316,45.58132339971458,44.286703754933505,44.376609802246094,9575700
2017-08-01 00:00:00-04:00,44.75419693462185,45.131795406896,44.28669586062569,45.01491928100586,7849800
2017-08-02 00:00:00-04:00,44.960975646972656,45.221697993268165,44.4844856847918,44.960975646972656,5215100
2017-08-03 00:00:00-04:00,45.05987460379846,45.61728175883381,44.88905827345424,45.46444320678711,5250300
2017-08-04 00:00:00-04:00,45.617280490984015,45.671220683506846,45.25766320286352,45.500404357910156,4426500
2017-08-07 00:00:00-04:00,46.0308504396077,46.34551307976962,45.57233810158254,45.62628173828125,6241700
2017-08-08 00:00:00-04:00,45.62627009663369,45.88699246313855,45.15876898655884,45.23069381713867,5847200
2017-08-09 00:00:00-04:00,44.9519964069498,45.04189902793764,44.5024764428803,44.655311584472656,6692200
2017-08-10 00:00:00-04:00,44.565406820100364,44.637331657083514,44.03497315082709,44.08891677856445,8925200
2017-08-11 00:00:00-04:00,44.00800698617707,44.574403124579284,43.56747589418306,44.4844970703125,6318900
2017-08-14 00:00:00-04:00,44.94299788554114,45.167757819410575,44.64631312664256,45.01491928100586,4666000
2017-08-15 00:00:00-04:00,45.176754543020344,45.248679380523825,44.82612953410342,44.880069732666016,4067600
2017-08-16 00:00:00-04:00,45.16776165777329,45.401510499853174,45.01492310638034,45.06886672973633,3696000
2017-08-17 00:00:00-04:00,44.96997204169243,45.08684817813847,42.70439129212058,42.731361389160156,12043200
2017-08-18 00:00:00-04:00,42.90218114925007,43.261795018181715,42.52458264287239,42.731361389160156,8395100
2017-08-21 00:00:00-04:00,42.97114591433699,43.342132704088776,42.84446455173889,43.26069641113281,4650400
2017-08-22 00:00:00-04:00,43.36021867814269,43.49594695887496,42.609198292774536,42.663490295410156,6762800
2017-08-23 00:00:00-04:00,42.49157603922486,42.52777071505335,41.43290765909851,41.785797119140625,10997800
2017-08-24 00:00:00-04:00,42.057247492182775,42.07534482889551,40.71807564086662,40.9080924987793,13780200
2017-08-25 00:00:00-04:00,41.107151345339176,42.582051194557174,41.034762013290354,42.23820877075195,13938800
2017-08-28 00:00:00-04:00,42.37395572169378,42.71779484535618,42.21108310450008,42.48253631591797,7816400
2017-08-29 00:00:00-04:00,41.74959990031807,42.34679820825538,41.49624408837923,42.18392562866211,5648800
2017-08-30 00:00:00-04:00,42.039151580590605,42.52776933325644,41.71340641214671,42.37394714355469,5960200
2017-08-31 00:00:00-04:00,42.527772233707815,42.83542008580746,42.38299697693823,42.69969177246094,5937200
2017-09-01 00:00:00-04:00,42.90780813299698,43.29689230220928,42.790180604045965,42.998294830322266,6099600
2017-09-05 00:00:00-04:00,42.3196449691372,42.77206793850786,41.387654756781906,41.4781379699707,11344700
2017-09-06 00:00:00-04:00,40.91715004694619,42.934956845070076,40.34709592182588,42.88066482543945,18675300
2017-09-07 00:00:00-04:00,42.79921747480564,43.2516404998072,42.50062007319575,42.63634490966797,7329100
2017-09-08 00:00:00-04:00,42.509669197643056,43.22449844226046,42.4282329108928,42.9349479675293,6110700
2017-09-11 00:00:00-04:00,43.38737209277149,44.52747668386216,43.37832169862239,44.17458724975586,12512600
2017-09-12 00:00:00-04:00,44.28317434500094,44.48224162505584,43.921237915109195,44.373661041259766,5813300
2017-09-13 00:00:00-04:00,44.30126911687515,44.45509476574329,44.011718609056175,44.319366455078125,6255100
2017-09-14 00:00:00-04:00,44.246979720839576,44.265073606987535,43.55929468893241,43.67692565917969,6283900
2017-09-15 00:00:00-04:00,43.477858806727454,43.83979866397567,43.296888878103346,43.65882873535156,17746200
2017-09-18 00:00:00-04:00,43.7312189222894,43.83979950085089,43.22450380281187,43.39642333984375,6011400
2017-09-19 00:00:00-04:00,43.44167039371803,44.31937243047043,43.206411868789075,43.342140197753906,6782300
2017-09-20 00:00:00-04:00,43.43262017129928,43.97552654275471,43.233552890965505,43.468814849853516,5535000
2017-09-21 00:00:00-04:00,43.432624929157605,43.74931977191341,42.907812387773795,43.57740020751953,6235600
2017-09-22 00:00:00-04:00,43.6678707805788,44.02981059723066,43.52309554426084,43.85789108276367,4601600
2017-09-25 00:00:00-04:00,43.81265503036818,44.029819655378816,43.269748645413486,43.722171783447266,6603400
2017-09-26 00:00:00-04:00,43.84884179558439,44.38270114017704,43.67692227677842,43.88503646850586,5232000
2017-09-27 00:00:00-04:00,44.24697900858995,44.59081806729445,42.636350481921845,43.17926025390625,11658300
2017-09-28 00:00:00-04:00,42.943998194975585,44.084106296698025,42.943998194975585,43.71311950683594,8309100
2017-09-29 00:00:00-04:00,43.79455976501362,44.02077132691614,43.432619885283785,43.63168716430664,5533100
2017-10-02 00:00:00-04:00,43.749300740800564,43.90312634873502,43.34212282058559,43.49594497680664,8604800
2017-10-03 00:00:00-04:00,43.56834191294194,46.4819440624299,43.56834191294194,46.37336349487305,16065400
2017-10-04 00:00:00-04:00,46.34622558349585,47.115343507907774,46.12906096683153,46.653873443603516,8265100
2017-10-05 00:00:00-04:00,46.60862172320409,46.843883645348726,46.38241019514178,46.762447357177734,5276300
2017-10-06 00:00:00-04:00,46.50910088986539,47.522527772612534,46.50910088986539,47.06105422973633,6735400
2017-10-09 00:00:00-04:00,47.115335542917954,47.44108068698899,46.545281540793646,46.81673812866211,4624800
2017-10-10 00:00:00-04:00,47.712546201647484,48.599295184057226,47.47728767640196,47.685401916503906,11332100
2017-10-11 00:00:00-04:00,48.300679430554844,48.83453869739454,47.504414000823175,48.02017593383789,11817800
2017-10-12 00:00:00-04:00,48.04733083081588,48.12876712517513,47.540619178548766,48.05638122558594,5819300
2017-10-13 00:00:00-04:00,48.0563788386155,48.89788602129184,47.97494254830121,48.825496673583984,7242800
2017-10-16 00:00:00-04:00,48.66262421256333,48.72596316610634,48.21020114341948,48.51784896850586,4810900
2017-10-17 00:00:00-04:00,48.418311985889225,48.91598008883298,47.649194202326086,47.73967742919922,6547600
2017-10-18 00:00:00-04:00,47.82111546898936,48.065424332568966,47.65824289326962,47.83016586303711,5402400
2017-10-19 00:00:00-04:00,47.5677712626892,47.77588550425535,46.48195497701445,47.29631805419922,9567800
2017-10-20 00:00:00-04:00,47.613005216165305,48.21020355929297,47.53156892156997,48.20115661621094,6707800
2017-10-23 00:00:00-04:00,48.228298548585656,48.282590559576754,47.26011345538594,47.305355072021484,4095100
2017-10-24 00:00:00-04:00,47.50443230806112,48.300698044657345,47.07915342856402,48.119728088378906,5306700
2017-10-25 00:00:00-04:00,48.19210508713431,48.22829976203906,47.16963140893153,47.2691650390625,6043500
2017-10-26 00:00:00-04:00,47.839208966503435,48.51784349364051,45.91188939466799,46.08380889892578,10913600
2017-10-27 00:00:00-04:00,46.07476515811857,46.36431910708097,45.19706672345993,45.7490234375,7574000
2017-10-30 00:00:00-04:00,45.44136757104889,45.84854551278287,45.25134728629764,45.54090118408203,3960500
2017-10-31 00:00:00-04:00,45.51376001261677,45.749021941257965,45.19706524526988,45.26945114135742,4755400
2017-11-01 00:00:00-04:00,45.41422287521058,46.08381048376725,45.19706175201812,45.558998107910156,5833700
2017-11-02 00:00:00-04:00,45.676635189529236,45.68568558437587,44.9165642529833,45.549957275390625,6437200
2017-11-03 00:00:00-04:00,45.685676696686144,45.866643137842225,45.133720076704726,45.60424041748047,4145000
2017-11-06 00:00:00-05:00,45.604249702769586,46.30097823684839,45.49566567391127,45.75807189941406,6259900
2017-11-07 00:00:00-05:00,45.7580794934554,45.803321120464204,45.02515270973917,45.16088104248047,4427000
2017-11-08 00:00:00-05:00,45.01609299646444,45.604244335897775,44.75368680184255,45.29659652709961,3511700
2017-11-09 00:00:00-05:00,44.97085765873408,45.23326388997921,44.43699825283149,44.50938415527344,5594200
2017-11-10 00:00:00-05:00,44.50938346831945,44.67225606094305,44.18364173478659,44.23793029785156,7048500
2017-11-13 00:00:00-05:00,43.97552676672045,44.246983405545215,43.73122131452144,44.21078872680664,5182500
2017-11-14 00:00:00-05:00,44.174585601432796,44.32841123080142,43.939327138044995,44.24697494506836,4855600
2017-11-15 00:00:00-05:00,44.02981013855383,44.82607565586453,43.74025966893427,44.63605880737305,6561300
2017-11-16 00:00:00-05:00,45.03211471886839,46.115582722287,44.995694867468664,45.93348693847656,6969900
2017-11-17 00:00:00-05:00,45.56930660089802,45.69677263902143,45.095858835590285,45.35989761352539,5005600
2017-11-20 00:00:00-05:00,45.378099832847695,45.432729614127226,44.72255635024716,45.332576751708984,4254700
2017-11-21 00:00:00-05:00,45.52377218238635,46.142895761921864,45.287050095240744,46.1337890625,4833900
2017-11-22 00:00:00-05:00,46.01543463108693,46.27947337128616,45.76960581847267,45.897071838378906,4160200
2017-11-24 00:00:00-05:00,45.96080687698543,45.96080687698543,45.50556908683321,45.623931884765625,1841200
2017-11-27 00:00:00-05:00,45.56929239249866,45.66944524070794,44.9774854752798,45.150474548339844,5032300
2017-11-28 00:00:00-05:00,44.895548860000396,46.142899342085286,44.68613990849625,46.05185317993164,8571700
2017-11-29 00:00:00-05:00,46.27947484058243,48.02758626597652,46.16111204411658,47.43577575683594,10936400
2017-11-30 00:00:00-05:00,47.79996734584427,48.71044291433655,47.59055838187369,48.18236541748047,9432600
2017-12-01 00:00:00-05:00,47.84547635024276,48.78326827159602,47.12620002922853,47.39934539794922,8852400
2017-12-04 00:00:00-05:00,48.50102763811916,49.284037080826636,47.79996112483894,48.173255920410156,8867100
2017-12-05 00:00:00-05:00,48.109524690316505,48.40997979383386,47.62697379544919,47.69981002807617,5536800
2017-12-06 00:00:00-05:00,47.53592739279523,48.05489817582935,47.42667129983767,47.61787033081055,4190400
2017-12-07 00:00:00-05:00,47.34473142881304,48.628501892089844,47.2718917133304,48.628501892089844,7115200
2017-12-08 00:00:00-05:00,49.12015337814809,49.73017028929297,48.592075926839065,48.67401885986328,6642700
2017-12-11 00:00:00-05:00,48.91074127145507,49.94868270722746,48.71043556518737,49.50254821777344,7356000
2017-12-12 00:00:00-05:00,49.593604640150566,49.884956540176766,48.74686209532799,48.819698333740234,6030500
2017-12-13 00:00:00-05:00,48.99268223560792,49.138358159821856,48.373558689401705,48.82879638671875,6289300
2017-12-14 00:00:00-05:00,49.96689700614661,50.622437012166934,49.09283787613878,50.30377197265625,13621800
2017-12-15 00:00:00-05:00,50.43123808536545,51.43276323310201,50.403924931408746,51.077674865722656,14378900
2017-12-18 00:00:00-05:00,51.460076307963796,51.68769518575564,50.88647576343558,51.05036163330078,8709800
2017-12-19 00:00:00-05:00,51.1687326851612,51.33261858149131,50.52229580140857,50.75901794433594,6444100
2017-12-20 00:00:00-05:00,50.986625896949164,51.54201648475105,50.69527402682166,51.18693161010742,7234700
2017-12-21 00:00:00-05:00,51.43276794699269,51.75143301632183,50.89558720641731,51.013946533203125,8245100
2017-12-22 00:00:00-05:00,51.14141256093478,51.19604234704353,50.86827057676855,51.013946533203125,3891800
2017-12-26 00:00:00-05:00,50.89559230771386,51.69680841181601,50.88648560585525,51.378143310546875,3276700
2017-12-27 00:00:00-05:00,51.323508946705836,51.43276852014089,50.9137942292964,51.095890045166016,3766400
2017-12-28 00:00:00-05:00,51.150511062786414,51.450966155251635,50.977521977620874,51.30529022216797,3651800
2017-12-29 00:00:00-05:00,51.46917655292782,51.614852487347115,50.97752244500537,50.98662567138672,3120200
2018-01-02 00:00:00-05:00,51.250670432587086,51.66038513183594,50.86826888889195,51.66038513183594,5297600
2018-01-03 00:00:00-05:00,51.41455716496972,51.53291648979114,50.139889962431106,50.704383850097656,9332000
2018-01-04 00:00:00-05:00,50.74080370689904,50.85916650490917,50.01242393681499,50.704383850097656,9026100
2018-01-05 00:00:00-05:00,50.731697372376416,51.03215248961551,50.440345482185805,50.95931625366211,5191300
2018-01-08 00:00:00-05:00,50.91378917779149,51.01394204024237,49.62091561245076,49.7848014831543,9654700
2018-01-09 00:00:00-05:00,49.89405801099893,50.27645953706365,49.05642219620996,49.320457458496094,10374700
2018-01-10 00:00:00-05:00,49.83944101628806,50.94111577243006,49.821231085625904,50.85917282104492,12318300
2018-01-11 00:00:00-05:00,51.988159125518166,53.90016010752383,51.22335942735371,53.281036376953125,25935300
2018-01-12 00:00:00-05:00,53.81821136264583,55.083771846043085,53.636115554467466,54.4737548828125,12268400
2018-01-16 00:00:00-05:00,54.810634284053975,55.347815051183446,53.627016645365494,54.03672790527344,12082900
2018-01-17 00:00:00-05:00,54.291660878058025,54.7742118335494,54.145984921314096,54.37360382080078,6088100
2018-01-18 00:00:00-05:00,54.4464383448645,54.67405723717011,53.9274675482628,54.12777328491211,5846600
2018-01-19 00:00:00-05:00,54.346286183952465,54.64674479283743,53.79089899697591,54.637638092041016,6192400
2018-01-22 00:00:00-05:00,54.53747448005343,54.774196541226466,54.07313010975446,54.746883392333984,7055600
2018-01-23 00:00:00-05:00,54.71957178855915,54.88345764331953,54.09134499410312,54.56479263305664,7427100
2018-01-24 00:00:00-05:00,51.38723983630622,52.02457342890033,50.58602383671404,51.71501159667969,21197900
2018-01-25 00:00:00-05:00,51.897107991842766,52.02457401716517,49.611815817247106,49.903167724609375,18385800
2018-01-26 00:00:00-05:00,50.35839657504466,50.89557721011341,49.92136879157674,50.312870025634766,9431500
2018-01-29 00:00:00-05:00,50.076144807718656,51.16871593452464,50.076144807718656,50.768104553222656,8781700
2018-01-30 00:00:00-05:00,50.622442313180535,51.478291605811094,50.45855642621676,51.095890045166016,7026800
2018-01-31 00:00:00-05:00,51.25976995315865,52.14293229954097,51.20514364600158,51.68769454956055,8609600
2018-02-01 00:00:00-05:00,51.450980580582026,52.061001109218466,50.986639499061674,51.36903762817383,5492900
2018-02-02 00:00:00-05:00,51.05946416635771,51.23245324901377,49.65733116002489,49.730167388916016,8963000
2018-02-05 00:00:00-05:00,49.16568358800602,49.821227147266534,47.79997015500585,47.818180084228516,9476700
2018-02-06 00:00:00-05:00,47.22636415611569,48.71044022326109,46.67097353430854,48.346248626708984,12240800
2018-02-07 00:00:00-05:00,48.100427893858665,49.57539740191283,48.073111263932006,49.029109954833984,8995400
2018-02-08 00:00:00-05:00,49.0290984218366,49.07462496994234,46.62544394502421,46.643653869628906,12197900
2018-02-09 00:00:00-05:00,47.299206563253996,47.34472964712311,44.17627507982905,45.942596435546875,19053400
2018-02-12 00:00:00-05:00,46.63455075983405,47.79085492619657,46.179313063149024,47.39024353027344,10610200
2018-02-13 00:00:00-05:00,47.21726649766481,47.60877129451415,46.76202868488083,47.49951171875,8220600
2018-02-14 00:00:00-05:00,47.244572485035434,47.872802794176124,47.11710647251076,47.52682113647461,7797900
2018-02-15 00:00:00-05:00,47.863700773077774,48.400881502076665,47.32652004407889,48.20968246459961,4877800
2018-02-16 00:00:00-05:00,48.13683556646162,48.72864599205844,48.045789411687416,48.11862564086914,5556500
2018-02-20 00:00:00-05:00,47.82727416169377,48.44639774405516,47.61786522548157,47.772647857666016,6719400
2018-02-21 00:00:00-05:00,47.95473681047117,49.52075558244712,47.872797360167645,48.40087127685547,7604700
2018-02-22 00:00:00-05:00,48.77174910416344,48.94573993580974,48.03001048329031,48.12158203125,4899800
2018-02-23 00:00:00-05:00,48.35051372891595,48.97321002751724,48.19484140088092,48.95489501953125,4270200
2018-02-26 00:00:00-05:00,50.007988878368025,50.181976226933756,49.220460944341625,50.08124542236328,7397700
2018-02-27 00:00:00-05:00,49.989672440010935,50.37427714476079,49.01899793389871,49.10141372680664,5979200
2018-02-28 00:00:00-05:00,49.33035196984936,49.90726258888988,48.863331416589716,49.357826232910156,6328200
2018-03-01 00:00:00-05:00,49.33034770239619,50.32849300755601,48.54281976524961,48.85416793823242,7876800
2018-03-02 00:00:00-05:00,48.33220544537941,48.927431061430624,47.44395014047497,48.77175521850586,6860500
2018-03-05 00:00:00-05:00,48.45124106515627,49.53180200652671,48.14905218805048,49.257083892822266,5964000
2018-03-06 00:00:00-05:00,49.37612824061483,49.55011906464101,48.973208556715626,49.30287170410156,4690900
2018-03-07 00:00:00-05:00,48.863324859928674,49.138043001055834,48.65270750195682,49.01899719238281,4554400
2018-03-08 00:00:00-05:00,49.41275752568366,50.374272695871184,49.32118598308691,50.03545379638672,6740700
2018-03-09 00:00:00-05:00,50.31017196941044,51.36326217651367,49.98051231978316,51.36326217651367,6975900
2018-03-12 00:00:00-04:00,51.509772495693014,51.72038981293224,50.887076299842235,51.4273567199707,6337600
2018-03-13 00:00:00-04:00,51.61051149443853,52.20573353100709,50.786353605982896,51.821128845214844,9137400
2018-03-14 00:00:00-04:00,51.848599534172244,52.43466581255414,51.290004020954946,51.418209075927734,7157000
2018-03-15 00:00:00-04:00,51.71123940146912,51.784495935665625,51.10685814811883,51.592193603515625,4266300
2018-03-16 00:00:00-04:00,51.70209089967911,52.480463133367444,51.67462013029837,51.9127082824707,6546600
2018-03-19 00:00:00-04:00,51.77534165322357,51.94932898347137,50.85045299338881,51.24421691894531,6121000
2018-03-20 00:00:00-04:00,51.427371751258725,51.94018156044144,51.23506938277685,51.73871994018555,4363500
2018-03-21 00:00:00-04:00,50.81382316818857,51.61050672457888,50.13618191217169,51.23505783081055,9313900
2018-03-22 00:00:00-04:00,50.822980492082706,51.28084518120057,50.026296911122124,50.062923431396484,6631400
2018-03-23 00:00:00-04:00,50.163665755916256,50.55742975855315,49.30288120001972,49.357826232910156,7321400
2018-03-26 00:00:00-04:00,49.97135406690262,50.621521115386685,49.51348935784672,50.42006301879883,5808800
2018-03-27 00:00:00-04:00,50.64899191506951,50.80466422876874,49.412755189089154,49.68747329711914,6699600
2018-03-28 00:00:00-04:00,49.8797868199836,50.24607652284923,49.1929896972259,49.385292053222656,7473500
2018-03-29 00:00:00-04:00,49.46771201917306,50.56658820689707,49.22046461494282,50.191139221191406,5960300
2018-04-02 00:00:00-04:00,49.98966462995018,50.02629464179326,46.65641040329448,47.572139739990234,10228200
2018-04-03 00:00:00-04:00,48.066638767841,49.238771306998075,47.865177177711935,49.19298553466797,6776300
2018-04-04 00:00:00-04:00,48.34136336450675,49.43108026201267,48.167372515844704,49.32119369506836,6378300
2018-04-05 00:00:00-04:00,49.73327197877244,49.888944321955414,49.1746764071518,49.64169692993164,4417800
2018-04-06 00:00:00-04:00,49.312031592612804,49.724110561369585,48.08495393744303,48.57944869995117,6918700
2018-04-09 00:00:00-04:00,48.86332398027931,49.17467213281331,48.05748108668,48.130741119384766,6179300
2018-04-10 00:00:00-04:00,48.854159984945504,48.88163424115685,47.09596128955178,47.94758987426758,12220000
2018-04-11 00:00:00-04:00,47.6179343981776,48.112429170687925,47.03186807219389,47.132598876953125,7799600
2018-04-12 00:00:00-04:00,48.16737214041599,49.11973169512633,47.57215003864523,48.515350341796875,12713600
2018-04-13 00:00:00-04:00,49.10141092559668,49.85230877670585,48.07579494487719,48.46039962768555,9925900
2018-04-16 00:00:00-04:00,48.780905668639704,50.20944479346651,48.780905668639704,49.72410583496094,9490400
2018-04-17 00:00:00-04:00,50.365120030098,50.548266619762664,49.47686134082428,49.953041076660156,7380400
2018-04-18 00:00:00-04:00,50.374276047330575,51.299164757951594,50.10871715883991,50.55742263793945,7504900
2018-04-19 00:00:00-04:00,50.40175134040949,50.575738683780045,49.962201609870135,50.429222106933594,5217500
2018-04-20 00:00:00-04:00,50.575735163219505,51.11601565771281,50.51163438363814,50.73141098022461,7445700
2018-04-23 00:00:00-04:00,51.070226252616195,51.09769701527387,49.605057197139125,50.00798034667969,5360400
2018-04-24 00:00:00-04:00,50.15450536953886,50.63984088898245,48.63439453213494,49.27540588378906,7655000
2018-04-25 00:00:00-04:00,49.39444988883537,50.328494434261984,48.725967747087395,50.044620513916016,7219800
2018-04-26 00:00:00-04:00,49.35781436454856,49.48601591723497,48.332194956596624,48.65270233154297,12130500
2018-04-27 00:00:00-04:00,48.780902597943054,49.1746664955142,48.616071036483966,48.991519927978516,5699000
2018-04-30 00:00:00-04:00,49.03731542593706,49.24793279776063,47.81939697265625,47.81939697265625,8200000
2018-05-01 00:00:00-04:00,47.865176435201576,48.39629767380664,47.480568268487836,48.295570373535156,6799500
2018-05-02 00:00:00-04:00,48.35966878513495,48.68932842059856,47.8743298486777,47.94758987426758,5142800
2018-05-03 00:00:00-04:00,47.636246014681866,47.727817561633174,46.784617353758414,47.425628662109375,7083100
2018-05-04 00:00:00-04:00,47.23333024499233,48.066643967168865,47.23333024499233,47.929283142089844,4535200
2018-05-07 00:00:00-04:00,47.9842242802713,47.9842242802713,47.13259561758441,47.52635955810547,6055800
2018-05-08 00:00:00-04:00,47.67287886871323,48.58860836566194,47.57214806513194,47.95675277709961,6361100
2018-05-09 00:00:00-04:00,47.7736129063891,47.87434372415497,47.123445710376465,47.269962310791016,8403900
2018-05-10 00:00:00-04:00,47.486415223613506,48.19571807523122,47.27454608829791,47.956214904785156,7590700
2018-05-11 00:00:00-04:00,47.900958347112635,48.89582609180795,47.790418657922054,48.73001480102539,7810800
2018-05-14 00:00:00-04:00,48.7300107625538,49.06162980264281,47.762777141816734,47.98386001586914,10466400
2018-05-15 00:00:00-04:00,47.87332775762841,48.56420701440853,47.67987889509483,48.24179458618164,6572800
2018-05-16 00:00:00-04:00,48.27863586263612,49.7340896555358,48.27863586263612,49.26428985595703,6997400
2018-05-17 00:00:00-04:00,49.20902044757982,49.71566800182693,48.82212978505653,48.91424560546875,6069600
2018-05-18 00:00:00-04:00,48.831333906212556,49.033992902780845,48.6471022882336,48.776065826416016,5819000
2018-05-21 00:00:00-04:00,49.07084120131621,50.06570530311833,49.043207161097314,49.72487258911133,5413600
2018-05-22 00:00:00-04:00,50.09334853826028,50.655264179722245,49.20902049704485,49.30113983154297,4943600
2018-05-23 00:00:00-04:00,49.0155725649164,49.24586561795283,48.80370337780205,49.19059753417969,3692000
2018-05-24 00:00:00-04:00,49.31034450742054,50.26836439537391,49.31034450742054,50.11176681518555,5251200
2018-05-25 00:00:00-04:00,50.34206503259133,51.696185855000536,50.31442747548561,51.46589279174805,7597300
2018-05-29 00:00:00-04:00,51.02372542910234,51.217170739529585,49.57748541763456,49.95516586303711,6544600
2018-05-30 00:00:00-04:00,50.19467709917397,50.397332603247555,49.439312626559435,50.028865814208984,4149700
2018-05-31 00:00:00-04:00,50.13018895851628,50.51708310609765,49.6880267284183,49.78935623168945,5365500
2018-06-01 00:00:00-04:00,50.13019561767578,50.41576029991965,49.80778671352424,50.13019561767578,4317800
2018-06-04 00:00:00-04:00,50.46181612020749,51.06057950479434,50.15783109661243,50.83949661254883,4472400
2018-06-05 00:00:00-04:00,50.627618202134265,50.664465929805104,50.01043457661496,50.360477447509766,4968300
2018-06-06 00:00:00-04:00,49.00636384621634,50.028865594342356,48.48129595079918,49.899898529052734,10825300
2018-06-07 00:00:00-04:00,49.6603930601169,49.807780471256464,48.72079699635482,49.24586486816406,6858000
2018-06-08 00:00:00-04:00,48.877396190016135,49.87226029788826,48.877396190016135,49.826202392578125,5858500
2018-06-11 00:00:00-04:00,50.07492828939658,51.438262912533276,49.964388594005385,50.563148498535156,6800800
2018-06-12 00:00:00-04:00,50.51708739572942,50.51708739572942,49.724878681786514,50.24994659423828,5253700
2018-06-13 00:00:00-04:00,50.323640037482306,50.72895455468104,50.09334697939351,50.342063903808594,4384900
2018-06-14 00:00:00-04:00,50.461813979304864,51.12505911390908,50.30521638585288,50.572357177734375,5456100
2018-06-15 00:00:00-04:00,50.34206395944237,50.830284118652344,49.853840286239205,50.830284118652344,8125300
2018-06-18 00:00:00-04:00,50.41575428033554,50.71974279423411,50.01964995167605,50.4802360534668,5836500
2018-06-19 00:00:00-04:00,50.04728547253632,50.148611459056504,49.11689961690941,49.5406379699707,5830800
2018-06-20 00:00:00-04:00,49.74330034938064,50.28679210486878,49.47615955970153,49.59591293334961,4541300
2018-06-21 00:00:00-04:00,49.55906108471902,50.02886085016905,49.19059433224102,49.49457931518555,4806800
2018-06-22 00:00:00-04:00,49.28272618723043,49.73410223491571,48.28785825224771,48.564212799072266,10311600
2018-06-25 00:00:00-04:00,48.15887727872324,48.45365207581775,46.721851021385696,47.265342712402344,7547800
2018-06-26 00:00:00-04:00,47.46800798074962,47.55091362915858,46.89688213281759,47.04426956176758,4810300
2018-06-27 00:00:00-04:00,47.007426627188764,47.14560389331442,45.78226915778289,45.95729064941406,9035800
2018-06-28 00:00:00-04:00,45.89280970382775,46.06783119866831,45.18350651843091,45.874385833740234,6871800
2018-06-29 00:00:00-04:00,45.88358552110294,46.353381765963825,45.60723106813352,45.63486862182617,6703900
2018-07-02 00:00:00-04:00,45.36773673437449,46.2152135815789,45.05453800519165,45.984920501708984,8300000
2018-07-03 00:00:00-04:00,45.367728340683286,45.6256554179394,44.78738890286415,44.934776306152344,6449500
2018-07-05 00:00:00-04:00,45.22956187195397,45.39537317934555,44.69528372568732,45.376949310302734,6335900
2018-07-06 00:00:00-04:00,45.45063572695977,45.85595022313055,45.21113250512999,45.67171859741211,4903000
2018-07-09 00:00:00-04:00,45.67172110473484,46.777124975702876,45.413790489381526,46.52840805053711,7895600
2018-07-10 00:00:00-04:00,46.61130905151367,46.66658064515637,45.699350597362724,46.61130905151367,7366600
2018-07-11 00:00:00-04:00,46.18757917078887,46.18757917078887,44.96242182285753,45.91122817993164,10426500
2018-07-12 00:00:00-04:00,46.8876687666998,47.237711690401056,45.247979777915965,46.7310676574707,12625600
2018-07-13 00:00:00-04:00,46.519196898411465,46.970572830315405,46.362599308440444,46.767913818359375,6835900
2018-07-16 00:00:00-04:00,46.887665387897364,46.896875563544434,46.14151465673684,46.6757926940918,8603200
2018-07-17 00:00:00-04:00,46.61131174539646,47.5048499006344,46.61131174539646,47.10874557495117,5299000
2018-07-18 00:00:00-04:00,48.306271107385555,49.3287728582856,48.251003021819,48.63789367675781,10212300
2018-07-19 00:00:00-04:00,48.693160941036865,49.0432073457635,48.29705663110769,48.82212448120117,6391400
2018-07-20 00:00:00-04:00,48.50892637402143,48.720795551627376,47.87331884120358,47.89174270629883,6697500
2018-07-23 00:00:00-04:00,47.71672175673463,48.25100334743845,47.28377318957088,48.122039794921875,4509200
2018-07-24 00:00:00-04:00,48.25099564260368,48.41680690193163,47.50484497562787,47.60617446899414,4652700
2018-07-25 00:00:00-04:00,47.541252540906385,47.967883729261295,47.541252540906385,47.912235260009766,4727600
2018-07-26 00:00:00-04:00,47.91224271180758,50.305074192479616,47.7731232860182,50.063934326171875,10322100
2018-07-27 00:00:00-04:00,50.03612117371528,50.796632823620925,50.008295160603375,50.50912094116211,6561000
2018-07-30 00:00:00-04:00,50.37926736034603,50.89864252724017,49.8506192163439,49.887718200683594,5676700
2018-07-31 00:00:00-04:00,50.01755760794224,51.05630433109039,49.90626420066477,50.472007751464844,6048100
2018-08-01 00:00:00-04:00,50.81516554914329,50.88935997106113,49.51672955502327,49.70222091674805,4203400
2018-08-02 00:00:00-04:00,49.34979014921035,50.175223035280304,49.099377329062115,49.99900817871094,4483600
2018-08-03 00:00:00-04:00,50.23086830253317,50.49055408258037,50.091748898677366,50.323612213134766,3147300
2018-08-06 00:00:00-04:00,50.175222973422514,50.57402818228319,49.93408666799573,50.472007751464844,3122300
2018-08-07 00:00:00-04:00,50.63895724361264,51.09341099340421,50.56476280692566,50.73170471191406,4425300
2018-08-08 00:00:00-04:00,50.88936754953733,51.52003615054908,50.87081805680711,51.22325134277344,3562200
2018-08-09 00:00:00-04:00,51.204701673092494,51.67770489119371,51.13050724038197,51.32527160644531,2890400
2018-08-10 00:00:00-04:00,50.80589206134986,50.85226755800842,49.9433601852148,50.740970611572266,4204400
2018-08-13 00:00:00-04:00,50.89864870510156,50.89864870510156,49.85989824523416,50.286529541015625,3896600
2018-08-14 00:00:00-04:00,50.32361541313079,51.06558089693756,50.32361541313079,50.7873420715332,3459900
2018-08-15 00:00:00-04:00,50.824446093958535,51.52003615054908,50.41636786775552,51.22325134277344,4896500
2018-08-16 00:00:00-04:00,51.31599845245749,51.75189914577211,51.213978012121956,51.42729187011719,3366100
2018-08-17 00:00:00-04:00,51.464389126778045,51.92811581239778,51.29744723691863,51.6127815246582,3266500
2018-08-20 00:00:00-04:00,51.9095633474546,53.51405716325188,51.807542916388556,53.25436782836914,7005800
2018-08-21 00:00:00-04:00,53.35639278476348,53.820119483154826,53.27292183753488,53.42131423950195,4732300
2018-08-22 00:00:00-04:00,53.32856200123135,53.32856200123135,52.66079452750563,52.78136444091797,4246100
2018-08-23 00:00:00-04:00,52.688637686845865,53.161637442779615,52.60516672545114,52.8092041015625,3051900
2018-08-24 00:00:00-04:00,52.66079750587851,53.21727161144062,52.447483670363454,53.03178024291992,3149600
2018-08-27 00:00:00-04:00,53.30073902868863,53.72736667153059,53.11524767242372,53.5604248046875,4278900
2018-08-28 00:00:00-04:00,53.745917748730115,54.59917305962114,53.61607485689482,54.52497863769531,7035300
2018-08-29 00:00:00-04:00,54.53425243798634,54.599173884885275,54.1725462229913,54.274566650390625,4543300
2018-08-30 00:00:00-04:00,54.09835389517729,54.43223411875149,53.95923448188947,54.20037078857422,3020300
2018-08-31 00:00:00-04:00,54.200373550352076,54.515707836979146,54.107629628736866,54.23747253417969,6076700
2018-09-04 00:00:00-04:00,54.2560261752497,54.88669479673338,54.20037769525264,54.60845947265625,5017400
2018-09-05 00:00:00-04:00,54.71974696974607,55.276217557646746,52.81846833347275,53.05960464477539,9495500
2018-09-06 00:00:00-04:00,53.05960226218102,53.347114057859685,52.10432649859764,52.345462799072266,7618100
2018-09-07 00:00:00-04:00,52.0115956190694,53.495519850702216,51.64988577077662,52.735008239746094,6307600
2018-09-10 00:00:00-04:00,52.91121311698845,53.55115819528341,52.69789927020805,53.38421630859375,3894900
2018-09-11 00:00:00-04:00,53.17090443941204,54.218924220666246,53.013235523694796,54.04270935058594,4717500
2018-09-12 00:00:00-04:00,54.10762863214233,54.14472761528663,53.01323339506187,53.22654724121094,5116100
2018-09-13 00:00:00-04:00,53.22655331213913,54.024163850946806,53.22655331213913,53.62535858154297,3568400
2018-09-14 00:00:00-04:00,53.56970611487836,54.09835780076547,53.44913972180861,53.72737503051758,3449300
2018-09-17 00:00:00-04:00,53.59752644200271,54.12617453390932,53.59752644200271,53.755191802978516,3944600
2018-09-18 00:00:00-04:00,53.671727557951534,54.07053280514698,52.790646115590576,53.6346321105957,3746900
2018-09-19 00:00:00-04:00,53.66245926950521,54.04271505727165,53.56043881996593,53.69955825805664,3423000
2018-09-20 00:00:00-04:00,53.97778995636583,54.21892628978085,53.6995546369011,53.91286849975586,3448100
2018-09-21 00:00:00-04:00,54.20037721904669,55.860519709188374,54.15400525510028,55.285499572753906,11936300
2018-09-24 00:00:00-04:00,54.86814938212308,54.86814938212308,52.985419893359214,53.2451057434082,6640000
2018-09-25 00:00:00-04:00,53.27292249612339,53.37494293710335,52.31764661777284,52.95758819580078,4635500
2018-09-26 00:00:00-04:00,53.23582413649018,53.745922775532165,53.031783265691864,53.33784103393555,5306700
2018-09-27 00:00:00-04:00,53.625355467738196,54.33022203513196,53.625355467738196,53.79229736328125,3897600
2018-09-28 00:00:00-04:00,53.79229749123141,54.04271033514162,53.36566977403059,53.6346321105957,4642500
2018-10-01 00:00:00-04:00,53.783017560905144,53.92213343090129,52.234168735016134,52.49385452270508,5839900
2018-10-02 00:00:00-04:00,51.41800971425545,51.56640210084097,50.27724257901298,50.72241973876953,8604600
2018-10-03 00:00:00-04:00,51.0006604052032,51.195424756279536,50.31434338118419,50.37926483154297,6966700
2018-10-04 00:00:00-04:00,50.31433797305254,50.48127983830354,49.1921204083845,49.67439651489258,7681100
2018-10-05 00:00:00-04:00,49.8413452537522,49.95263866661688,48.728400511244004,48.876792907714844,5621700
2018-10-08 00:00:00-04:00,48.570731910471444,48.88606619723255,47.865868907216296,48.357418060302734,5495700
2018-10-09 00:00:00-04:00,48.71912593522412,49.090108710142,47.07753299383653,47.17028045654297,8284700
2018-10-10 00:00:00-04:00,47.04970533266875,47.1424527851417,46.07588007840091,46.103702545166016,13082900
2018-10-11 00:00:00-04:00,47.763845969221734,48.784043205810065,46.99405801557769,47.745296478271484,15887500
2018-10-12 00:00:00-04:00,48.74694803170194,48.88606390766844,47.63400333420165,48.27394485473633,9677300
2018-10-15 00:00:00-04:00,48.2275778916807,48.69130460217763,48.0049875139424,48.079185485839844,6494400
2018-10-16 00:00:00-04:00,48.28322795875984,49.35907382098181,48.24612897159084,49.25705337524414,6684000
2018-10-17 00:00:00-04:00,50.94501439285,51.26962166032701,49.80424716120437,50.3607177734375,9184200
2018-10-18 00:00:00-04:00,50.3514384464283,50.360711422349404,49.117923909668846,49.27559280395508,5871200
2018-10-19 00:00:00-04:00,49.27560634858002,49.692961138818724,48.93244599996465,49.51674270629883,4989800
2018-10-22 00:00:00-04:00,49.65585847763471,50.48129148065782,49.43326809331356,50.305076599121094,6174200
2018-10-23 00:00:00-04:00,49.4332606544082,49.75787143527979,48.255394527607265,49.57238006591797,7679800
2018-10-24 00:00:00-04:00,49.61876650415755,49.71151044692739,47.643289389159115,47.77313232421875,6759100
2018-10-25 00:00:00-04:00,47.68038018046758,50.045385693866145,47.63400821705859,49.81352233886719,9174400
2018-10-26 00:00:00-04:00,49.44253700351628,50.258693365254985,48.35741479604587,49.414710998535156,9573000
2018-10-29 00:00:00-04:00,50.22160358166121,50.796623705405615,48.746952517803216,49.544559478759766,10819700
2018-10-30 00:00:00-04:00,49.516733405918025,51.213974721456346,49.507460429189685,51.1212272644043,7526200
2018-10-31 00:00:00-04:00,51.57568530005553,52.05796150345683,50.71315333562011,50.759525299072266,8699500
2018-11-01 00:00:00-04:00,50.94501350582238,52.15070216997059,50.81517060109233,51.9744873046875,6401100
2018-11-02 00:00:00-04:00,52.4011241257787,52.89267336153882,51.603513528764935,52.04869079589844,6488600
2018-11-05 00:00:00-05:00,51.95594980267042,52.2898336564283,51.52004548938044,51.98377227783203,5206000
2018-11-06 00:00:00-05:00,51.993085644072174,52.14241046737584,51.097136704250175,51.769100189208984,5983100
2018-11-07 00:00:00-05:00,52.08642249382814,53.430346074113004,51.927762846329294,53.00103759765625,7204600
2018-11-08 00:00:00-05:00,52.81437905380858,53.15969207351835,52.15175030890512,52.945037841796875,4150400
2018-11-09 00:00:00-05:00,53.038367472422784,53.393011732776834,52.618390258650976,52.87037658691406,6061600
2018-11-12 00:00:00-05:00,52.8237153356669,53.37435139482779,52.450404985843505,52.91704559326172,4553900
2018-11-13 00:00:00-05:00,53.31835209361419,54.05564148250763,53.00103636617442,53.02903366088867,6004400
2018-11-14 00:00:00-05:00,53.13168718814723,53.71965521027728,52.45972373428432,52.66504669189453,5543300
2018-11-15 00:00:00-05:00,52.41307289211567,52.50639958954177,51.33046682512054,52.35707473754883,6969000
2018-11-16 00:00:00-05:00,52.08642233961385,52.28241052695709,51.237136634274755,52.17041778564453,6719500
2018-11-19 00:00:00-05:00,52.263740802618024,52.81437678562443,52.039751775554066,52.441062927246094,5640400
2018-11-20 00:00:00-05:00,51.89043019849278,52.702387357358965,51.59178051713453,51.71310806274414,5623600
2018-11-21 00:00:00-05:00,52.08643105361651,53.495684261469954,51.95576868000962,52.235755920410156,6509100
2018-11-23 00:00:00-05:00,52.72105117750035,53.840985655130865,52.51572819518181,53.34634780883789,3778200
2018-11-26 00:00:00-05:00,53.682327663004095,53.943645223780074,52.78637868875667,52.926368713378906,5927100
2018-11-27 00:00:00-05:00,53.48634319249689,55.06358703086699,53.4583423374876,54.41962432861328,8879800
2018-11-28 00:00:00-05:00,54.47562016346286,54.998258893301085,53.85965474195373,54.9422607421875,6204000
2018-11-29 00:00:00-05:00,54.59694820333334,55.46489997240627,54.45695460437896,54.93292999267578,6793700
2018-11-30 00:00:00-05:00,55.30624168616659,57.228802216912825,55.22224623676056,56.65950012207031,10846900
2018-12-03 00:00:00-05:00,56.930160011071,56.99548941807213,55.81955653186613,56.10887145996094,6759400
2018-12-04 00:00:00-05:00,54.11164652849986,55.24091598823996,52.57173459981392,53.14103317260742,14429000
2018-12-06 00:00:00-05:00,52.85171292363906,54.34496135093108,52.73971662145335,54.20497131347656,9052500
2018-12-07 00:00:00-05:00,53.766332633755766,54.204975954409626,51.79710865403574,52.329078674316406,8193600
2018-12-10 00:00:00-05:00,52.47839393539759,52.87037383457379,51.61977706321548,52.5623893737793,5698400
2018-12-11 00:00:00-05:00,52.90770743394411,53.15969377320045,51.91843168743967,52.16108322143555,7319200
2018-12-12 00:00:00-05:00,52.693057779560355,53.1690332040708,52.263749265042,52.5157356262207,6175700
2018-12-13 00:00:00-05:00,52.4784050720397,52.683728089475075,49.79055403361077,49.977210998535156,10174900
2018-12-14 00:00:00-05:00,49.3705742310775,51.07847688331277,49.32390732545592,49.93987274169922,5551600
2018-12-17 00:00:00-05:00,49.80921114764743,49.80921114764743,48.642609776453426,48.894596099853516,5792700
2018-12-18 00:00:00-05:00,49.86521853988805,50.023874646895734,49.14659153478058,49.41724395751953,6099500
2018-12-19 00:00:00-05:00,49.65055754911601,49.781216339583985,47.979983447709735,48.46529006958008,8003600
2018-12-20 00:00:00-05:00,48.09197713457489,48.58661857131935,46.68272414655431,47.513343811035156,8428800
2018-12-21 00:00:00-05:00,47.14002874975429,47.858655653783096,46.00142818145405,46.150753021240234,11680200
2018-12-24 00:00:00-05:00,45.96409587139348,46.15075281031938,44.70416776396735,44.760162353515625,5381300
2018-12-26 00:00:00-05:00,45.17079877753192,47.09335522934715,44.71348955189394,47.04669189453125,7452700
2018-12-27 00:00:00-05:00,46.6920596470729,47.13070297241211,45.096149569184234,47.13070297241211,7136300
2018-12-28 00:00:00-05:00,47.158697315385446,47.69066730801269,46.39340702563448,46.83205032348633,5854800
2018-12-31 00:00:00-05:00,46.934715050300994,47.28002811693022,46.25342016308747,46.570735931396484,6231700
2019-01-02 00:00:00-05:00,45.96409816985159,46.813383902257684,45.618785129691354,46.74805450439453,5270700
2019-01-03 00:00:00-05:00,45.27345670452854,45.674767792405206,42.072306364776146,42.56694412231445,18694100
2019-01-04 00:00:00-05:00,43.276244246750046,45.57211849226329,43.15492026529845,44.601505279541016,11037000
2019-01-07 00:00:00-05:00,44.79749864273306,45.20814109862473,43.98554497668541,44.65750503540039,9375500
2019-01-08 00:00:00-05:00,45.24546882151309,45.42279095480648,43.817549829778784,44.3028564453125,8231400
2019-01-09 00:00:00-05:00,43.957539682101626,45.46945767201663,43.789548794333285,45.23613739013672,8095300
2019-01-10 00:00:00-05:00,43.56556828056128,45.64678500480679,42.76294584982747,45.47879409790039,11880200
2019-01-11 00:00:00-05:00,45.00282505681354,45.42279879022664,44.41485684577536,45.32014083862305,6577900
2019-01-14 00:00:00-05:00,44.39618376126642,44.70416824785561,43.30424653103573,44.56417465209961,10095100
2019-01-15 00:00:00-05:00,44.76950234069352,46.001433295943166,43.72422478579016,44.63884353637695,11569500
2019-01-16 00:00:00-05:00,45.6281244544631,45.89877689935537,44.24686848905587,44.33086395263672,9823000
2019-01-17 00:00:00-05:00,44.27485732929627,45.329466046012946,44.16286458598547,45.0028190612793,7312700
2019-01-18 00:00:00-05:00,45.394788098840536,45.45078624152894,44.741490674880744,44.900150299072266,7850200
2019-01-22 00:00:00-05:00,44.84415247454747,44.84415247454747,43.71488329037018,43.95753479003906,8144400
2019-01-23 00:00:00-05:00,44.13486812596242,44.6108399641854,43.80821757485805,44.14419937133789,8099900
2019-01-24 00:00:00-05:00,45.040139961033724,45.31079230828736,44.022863518067055,44.34951400756836,9057200
2019-01-25 00:00:00-05:00,44.470846357545526,44.93748691298594,43.7708855243849,44.508174896240234,11839200
2019-01-28 00:00:00-05:00,44.26551877894608,45.208131036607256,44.17219210161966,44.806819915771484,8212100
2019-01-29 00:00:00-05:00,45.180141201536834,45.254805403867444,44.67616851636053,45.0028190612793,7476500
2019-01-30 00:00:00-05:00,45.152148923328376,47.084040871002294,45.13348287067144,46.91604995727539,13005200
2019-01-31 00:00:00-05:00,46.729394804374046,47.04671059148537,45.814779549802736,46.13209533691406,8287100
2019-02-01 00:00:00-05:00,46.31874099358724,47.12136329195331,46.262742847125146,46.58938980102539,6172900
2019-02-04 00:00:00-05:00,46.65472585760813,47.03737098344162,46.25341468171142,46.98137283325195,5356200
2019-02-05 00:00:00-05:00,47.00936253594139,47.6533286984703,46.68271561305313,47.16802215576172,8727600
2019-02-06 00:00:00-05:00,46.822713930425955,47.39201600573589,46.53339905031997,47.14936447143555,6228100
2019-02-07 00:00:00-05:00,46.981362513752146,47.28934337168446,46.63604956389341,47.04669189453125,5673900
2019-02-08 00:00:00-05:00,46.729396760990525,47.158705326179856,46.58940313486166,47.10271072387695,4456600
2019-02-11 00:00:00-05:00,47.23335266113281,47.62532897789987,47.22401785729482,47.23335266113281,6963900
2019-02-12 00:00:00-05:00,47.4666775484933,47.66266572601042,46.55206249322853,46.56139373779297,8301700
2019-02-13 00:00:00-05:00,46.710710187562,47.345341509574084,46.561385380040576,47.04669189453125,5754900
2019-02-14 00:00:00-05:00,46.72938870012582,47.34535414050373,46.62672720003197,47.11203384399414,5780000
2019-02-15 00:00:00-05:00,47.49467899581155,48.03598379269328,47.1960293010441,47.67200469970703,6492000
2019-02-19 00:00:00-05:00,47.597331169463104,48.735935132775964,47.597331169463104,48.36262130737305,7904800
2019-02-20 00:00:00-05:00,47.76532905937163,48.194637529591084,47.196026993992135,47.821327209472656,7497300
2019-02-21 00:00:00-05:00,47.78399340334964,48.3999587917287,47.69066315651349,48.045310974121094,6615000
2019-02-22 00:00:00-05:00,48.157302236561975,48.49328399452156,47.821324038787175,48.0826416015625,5413200
2019-02-25 00:00:00-05:00,48.35330201582344,48.40929661134552,47.849329295012524,47.97998809814453,6180400
2019-02-26 00:00:00-05:00,47.97065265604142,48.49328782285181,47.6720029720969,47.70933151245117,6826800
2019-02-27 00:00:00-05:00,47.56934903858891,47.62534363811523,46.6174016845996,47.06537628173828,9041600
2019-02-28 00:00:00-05:00,47.074768751015135,47.14995118481617,46.557877419032934,46.5954704284668,9483800
2019-03-01 00:00:00-05:00,46.39811392017165,46.736443871393014,45.3173416705113,46.012794494628906,11393900
2019-03-04 00:00:00-05:00,46.08797828904276,46.586073145841986,45.514697408917726,45.85302734375,10194100
2019-03-05 00:00:00-05:00,47.018383855617316,47.450696336440686,46.4357064924211,46.727046966552734,9800700
2019-03-06 00:00:00-05:00,46.811626264206645,47.25333159061706,46.46389629407627,46.71764373779297,8702600
2019-03-07 00:00:00-05:00,46.52968001035245,46.80222394611598,45.824827229281226,46.60486602783203,8183600
2019-03-08 00:00:00-05:00,46.28533262367708,46.614262487483664,45.97519567917375,46.60486602783203,8570100
2019-03-11 00:00:00-04:00,46.802225911081486,48.20253507236351,46.77403294587629,48.04276657104492,8868100
2019-03-12 00:00:00-04:00,48.10855235033035,48.230727840832465,47.00898369101166,47.61985397338867,8073900
2019-03-13 00:00:00-04:00,47.911187055431796,48.01456602495099,47.06536596721936,47.94878005981445,10536300
2019-03-14 00:00:00-04:00,48.28711593561803,48.94497925388204,47.77962106852294,47.873600006103516,8048800
2019-03-15 00:00:00-04:00,48.20253737036368,48.371702339793146,47.91119690410916,48.10855484008789,8192400
2019-03-18 00:00:00-04:00,47.99577560522595,48.164940561319824,47.48828073694434,47.68564224243164,6415200
2019-03-19 00:00:00-04:00,47.92059156798087,48.296510891665804,47.7608230769882,47.89239501953125,5606600
2019-03-20 00:00:00-04:00,47.8266156116139,47.8266156116139,46.7740363417551,46.86801528930664,7753000
2019-03-21 00:00:00-04:00,46.71764845938846,47.563473357262126,46.70825199833083,47.272132873535156,5128700
2019-03-22 00:00:00-04:00,47.02777683127217,47.215738283580656,46.53907848929669,46.76462936401367,5896200
2019-03-25 00:00:00-04:00,46.614259107546886,47.02777500356784,46.0221853956255,46.07857131958008,6454000
2019-03-26 00:00:00-04:00,46.38871141963653,46.64245885001525,45.74964461388271,46.13496398925781,5321500
2019-03-27 00:00:00-04:00,46.09737660806627,47.488285830072655,46.03159062753717,46.961997985839844,7907200
2019-03-28 00:00:00-04:00,47.09355854904946,47.601053348933256,46.89620065522782,47.290916442871094,6600100
2019-03-29 00:00:00-04:00,47.676234266504814,48.63483432988142,47.34730445385572,48.540855407714844,9162100
2019-04-01 00:00:00-04:00,48.70062958272733,49.17993149838212,48.41868917737751,49.03895950317383,8501400
2019-04-02 00:00:00-04:00,51.247490475337074,52.572613441925384,50.674209691021154,51.99933624267578,15920700
2019-04-03 00:00:00-04:00,52.591409081140256,54.104493464720576,52.45044069087849,53.56880569458008,13277600
2019-04-04 00:00:00-04:00,54.00112080055728,54.19847872101153,52.976734604066195,53.775569915771484,8998000
2019-04-05 00:00:00-04:00,53.98232741390591,54.69658028880386,53.87895201036386,54.2548713684082,6918300
2019-04-08 00:00:00-04:00,54.038722218513215,54.414645198408024,53.48423779495535,54.236080169677734,7921600
2019-04-09 00:00:00-04:00,53.75677098737319,53.9823218619892,53.362051579195395,53.521820068359375,9581600
2019-04-10 00:00:00-04:00,55.42022350925859,55.42022350925859,53.35265472040398,54.37704086303711,14398200
2019-04-11 00:00:00-04:00,54.461628778734244,55.298053554130135,54.33945328573479,54.87514114379883,8452400
2019-04-12 00:00:00-04:00,55.288652337206194,55.298048796597655,54.085701186307084,54.55560302734375,7693900
2019-04-15 00:00:00-04:00,54.50860956245324,54.96911491032381,53.91653228235286,53.99171829223633,5327000
2019-04-16 00:00:00-04:00,54.18908329861879,54.621392156956325,54.17968683868395,54.611995697021484,3970200
2019-04-17 00:00:00-04:00,55.30744700880256,55.43902253991863,54.59319776521999,54.9127311706543,4987600
2019-04-18 00:00:00-04:00,54.97851384977136,55.05369986304738,54.52740852531454,54.66837692260742,4108100
2019-04-22 00:00:00-04:00,54.31124794010821,54.480412865680485,53.831946122631415,54.27365493774414,4043900
2019-04-23 00:00:00-04:00,54.18908491681144,54.89393774017531,54.18908491681144,54.73417282104492,4593000
2019-04-24 00:00:00-04:00,54.7341678955968,55.00670823812118,54.320651981992235,54.36764144897461,3275200
2019-04-25 00:00:00-04:00,54.358247677773626,54.95972148905226,52.986135097660906,53.296268463134766,5557400
2019-04-26 00:00:00-04:00,53.15529650717663,54.010517697703655,53.08011049325201,53.67218780517578,3714100
2019-04-29 00:00:00-04:00,53.79436952741718,54.41463987400388,53.61580451615925,54.2548713684082,3215500
2019-04-30 00:00:00-04:00,54.33944956173896,55.04430233563048,54.28306004920366,54.781158447265625,4030300
2019-05-01 00:00:00-04:00,55.026978503101425,55.32007521734777,53.996404376321955,54.06258773803711,5629800
2019-05-02 00:00:00-04:00,54.19495486627532,54.91352223701105,54.1287715040658,54.51641845703125,3426100
2019-05-03 00:00:00-04:00,54.58260508597789,54.970252062143786,54.38405498746625,54.64878845214844,4673000
2019-05-06 00:00:00-04:00,53.87350418503854,54.809531914005824,53.64659077643796,54.58261489868164,4105400
2019-05-07 00:00:00-04:00,54.1287751124792,54.36514530947692,53.25893451875459,54.05313491821289,4784800
2019-05-08 00:00:00-04:00,53.67494814442433,53.968048505564454,53.11711430014035,53.37239456176758,3641400
2019-05-09 00:00:00-04:00,53.07928985957471,53.63712365823664,52.65382279165919,53.504756927490234,5003500
2019-05-10 00:00:00-04:00,53.18329233308492,53.7694893898072,52.05817153592522,53.533119201660156,3737800
2019-05-13 00:00:00-04:00,52.41745455046089,52.49309474611635,51.12214685700699,51.812347412109375,5223700
2019-05-14 00:00:00-04:00,51.9068914280627,52.597091900343834,51.76506788158848,52.23780822753906,2463400
2019-05-15 00:00:00-04:00,51.60434397381312,52.3512710672885,51.1410567932517,52.0487174987793,2998900
2019-05-16 00:00:00-04:00,52.1337970393931,52.90909080318585,52.1337970393931,52.360713958740234,2731400
2019-05-17 00:00:00-04:00,51.774528346983416,52.512005842441816,51.51925169836206,51.89744186401367,3969900
2019-05-20 00:00:00-04:00,51.05596051380628,51.68943088525062,50.81959032624236,51.32069396972656,3722800
2019-05-21 00:00:00-04:00,51.69888613537832,52.02980294518363,51.613792726182275,51.8407096862793,2816800
2019-05-22 00:00:00-04:00,51.51925466770022,51.85017153255832,50.951963976442045,51.11269760131836,3616700
2019-05-23 00:00:00-04:00,50.725044781888656,51.954169062239494,50.33739781023825,51.05596160888672,5278900
2019-05-24 00:00:00-04:00,51.45306568086091,51.64216257057044,50.7817751487791,51.1694221496582,2502800
2019-05-28 00:00:00-04:00,51.18833212908874,51.65161932790547,50.93305186933951,50.942508697509766,3454100
2019-05-29 00:00:00-04:00,50.81960064398916,50.81960064398916,49.93084985672871,50.30904006958008,3929600
2019-05-30 00:00:00-04:00,50.46976780620425,50.86686802429253,49.98757056227061,50.13884735107422,3775200
2019-05-31 00:00:00-04:00,49.60937437716899,49.921381138295935,48.51261688967307,48.692256927490234,5615100
2019-06-03 00:00:00-04:00,48.67335487103568,49.82684268934191,48.607171498515484,49.259552001953125,7244600
2019-06-04 00:00:00-04:00,49.96865915539433,51.40579041334938,49.940295885365146,51.349063873291016,7619300
2019-06-05 00:00:00-04:00,51.85961255979161,52.21889621909856,51.28287238904627,51.944705963134766,6379100
2019-06-06 00:00:00-04:00,52.05817399770056,52.20945078099947,51.39633671824669,51.708343505859375,6192000
2019-06-07 00:00:00-04:00,51.92580339156438,52.80510081710506,51.92580339156438,52.067626953125,4234800
2019-06-10 00:00:00-04:00,52.47418304455222,52.8523767974724,51.67052582800051,51.74616241455078,3312900
2019-06-11 00:00:00-04:00,52.0203519590992,52.294542245698246,51.509791481995386,51.88798522949219,2833700
2019-06-12 00:00:00-04:00,52.04871664261364,52.45527366987086,51.906896688489496,52.426910400390625,3856200
2019-06-13 00:00:00-04:00,52.6538211834426,54.119319217804275,52.63491113581028,53.43857192993164,6300400
2019-06-14 00:00:00-04:00,53.48583874078088,53.542568876778425,52.738908180397104,52.937461853027344,4382500
2019-06-17 00:00:00-04:00,52.73891021878628,52.89018698057099,52.24725984130537,52.63490676879883,4057300
2019-06-18 00:00:00-04:00,52.899655611401315,53.43857942093909,52.43636839627277,52.97529220581055,3642500
2019-06-19 00:00:00-04:00,53.21165610301911,53.47639316881042,52.899649327220295,53.287296295166016,3196800
2019-06-20 00:00:00-04:00,53.75058438629343,53.77895126410476,52.313456681405015,52.91856384277344,5055700
2019-06-21 00:00:00-04:00,52.94691507233242,53.76002898801882,52.53090489518414,52.937461853027344,8573500
2019-06-24 00:00:00-04:00,53.0414705691891,53.16438408105984,52.634913543305316,53.01310729980469,2896000
2019-06-25 00:00:00-04:00,52.994197998466966,53.62767200852625,52.81455794529467,52.87128448486328,3579600
2019-06-26 00:00:00-04:00,53.013105418291126,53.71276276096619,52.795645278375005,53.30620574951172,4437700
2019-06-27 00:00:00-04:00,53.65604181383552,54.28951229433108,53.419671585580744,53.722225189208984,4375400
2019-06-28 00:00:00-04:00,53.78839546607167,54.28949907379192,53.60875543476429,53.656028747558594,8034800
2019-07-01 00:00:00-04:00,54.17604845900708,54.74333909613355,54.12877514092728,54.63933563232422,5009000
2019-07-02 00:00:00-04:00,55.40517243100094,55.991373113194506,54.92297881871703,55.348445892333984,6837100
2019-07-03 00:00:00-04:00,55.78336641123997,56.36956348906887,55.67936294763486,55.92518997192383,3303900
2019-07-05 00:00:00-04:00,55.925184747988375,56.15209809581916,54.69605695480149,55.499717712402344,5896900
2019-07-08 00:00:00-04:00,55.68882044721961,56.41683748779383,55.63209030091696,56.13319396972656,7800600
2019-07-09 00:00:00-04:00,56.32229212522223,56.719395944881065,55.36735808455076,55.745548248291016,7870200
2019-07-10 00:00:00-04:00,56.104831540682866,56.41683833321546,55.556450938375235,56.227745056152344,7781300
2019-07-11 00:00:00-04:00,56.96521273183116,57.47577318043528,56.22773893277365,56.88011932373047,12695600
2019-07-12 00:00:00-04:00,56.9463099982769,58.846728487682874,56.74775988945035,58.28889465332031,10045700
2019-07-15 00:00:00-04:00,58.21325286732036,59.00745688768025,57.96742944501224,58.33616638183594,5889000
2019-07-16 00:00:00-04:00,58.5063574443002,59.811118452493304,58.355080648855065,59.71657180786133,10319700
2019-07-17 00:00:00-04:00,59.78274901101345,59.82056910765262,58.79944813873266,58.856178283691406,7532000
2019-07-18 00:00:00-04:00,58.4023467096689,59.24382400512695,58.279433201551235,59.24382400512695,4482200
2019-07-19 00:00:00-04:00,59.432925553046736,59.650385711147905,57.54196389297766,57.589237213134766,7902700
2019-07-22 00:00:00-04:00,58.099797448211184,58.269984285338715,57.73106050334257,57.94852066040039,4786300
2019-07-23 00:00:00-04:00,58.09979508201397,59.66929304415207,57.92960825181754,59.65038299560547,7452200
2019-07-24 00:00:00-04:00,59.36777433576788,60.366910709679786,59.35826034150075,60.1004753112793,5718800
2019-07-25 00:00:00-04:00,59.72936170703886,60.071923544120764,58.84441150454718,59.215518951416016,5351700
2019-07-26 00:00:00-04:00,59.23455480255106,59.624693893805194,58.911024558834704,59.1489143371582,3857900
2019-07-29 00:00:00-04:00,58.977631652428094,59.68178697248504,58.85392795500393,59.43437957763672,4972200
2019-07-30 00:00:00-04:00,59.291650812778634,59.643726675190926,59.08230664219889,59.59614944458008,2910000
2019-07-31 00:00:00-04:00,59.4724395313622,59.50098514076617,57.7406023826017,58.08316421508789,7229600
2019-08-01 00:00:00-04:00,58.34008581445461,58.77780209991528,56.87468402757187,57.398040771484375,5838000
2019-08-02 00:00:00-04:00,56.998392662262155,57.59787229350975,56.59873594485379,57.21725082397461,3739500
2019-08-05 00:00:00-04:00,56.494053986387776,56.513085601024486,54.26740589262371,55.01913833618164,8855700
2019-08-06 00:00:00-04:00,55.656690754686444,56.04682982225439,55.276065680513454,55.94215774536133,4704500
2019-08-07 00:00:00-04:00,55.20947303696484,56.665357657539275,54.648052884274236,56.37037658691406,7648800
2019-08-08 00:00:00-04:00,57.02693112331474,57.52174223858216,56.52260601521369,57.12208557128906,5414000
2019-08-09 00:00:00-04:00,56.79855437627937,57.24578825976415,56.20858882332098,56.646305084228516,5606400
2019-08-12 00:00:00-04:00,56.20859765618674,56.427455821032844,55.44735107630682,55.818458557128906,4788300
2019-08-13 00:00:00-04:00,55.380741211621995,57.01742042086572,55.35219196983702,55.98973846435547,6156200
2019-08-14 00:00:00-04:00,55.114303841758776,55.247525170955335,53.953404155183584,54.45772933959961,7662800
2019-08-15 00:00:00-04:00,54.68609820597225,54.90495634564345,54.029520157049056,54.343536376953125,4360400
2019-08-16 00:00:00-04:00,54.64803731254182,55.53298753207614,54.44821078036562,55.22848892211914,4226100
2019-08-19 00:00:00-04:00,55.83748516517348,56.14198376980337,55.32364240864442,55.371219635009766,3503500
2019-08-20 00:00:00-04:00,55.209459346445506,55.35219103331564,54.800288643579975,54.885929107666016,2513700
2019-08-21 00:00:00-04:00,55.428307839436556,55.732806407560886,55.04768281432651,55.19993209838867,3014900
2019-08-22 00:00:00-04:00,55.31412210115973,55.45685376396279,54.68609334706214,55.1523551940918,3436400
2019-08-23 00:00:00-04:00,55.019151660332696,55.25704145603801,53.13506491393582,53.47762680053711,5921400
2019-08-26 00:00:00-04:00,54.0104932046028,54.115165286942194,53.239732652667136,53.55374526977539,3414500
2019-08-27 00:00:00-04:00,53.88679397778941,53.934371207803714,52.87814000390016,53.420528411865234,7702800
2019-08-28 00:00:00-04:00,53.13505837317126,54.40063004298219,53.096995139365426,53.93436813354492,5264100
2019-08-29 00:00:00-04:00,54.35304607714314,55.31412264708516,54.29595486342216,55.07623291015625,4101400
2019-08-30 00:00:00-04:00,55.33315818578129,56.00876421539424,54.80028383050245,55.05720520019531,4268300
2019-09-03 00:00:00-04:00,54.65755178171228,55.104785707064494,53.90582287366275,54.51482009887695,6601700
2019-09-04 00:00:00-04:00,54.828836824729144,55.22849355249868,53.99146739209689,54.45772933959961,4939600
2019-09-05 00:00:00-04:00,54.86689450169958,56.08488892021913,54.76222242574999,55.371219635009766,4461600
2019-09-06 00:00:00-04:00,55.85652190100615,56.1039256787266,55.08575769557125,55.1713981628418,5741100
2019-09-09 00:00:00-04:00,55.171393657361044,55.61862757546349,54.77174059600887,55.29509735107422,5740500
2019-09-10 00:00:00-04:00,55.26655246234829,55.87554968563976,55.000113454725934,55.79942321777344,4409600
2019-09-11 00:00:00-04:00,55.78038696780896,56.3132613088845,55.323639088276835,55.93263626098633,4163700
2019-09-12 00:00:00-04:00,55.93263634161457,56.98886740264057,55.93263634161457,56.560665130615234,5188700
2019-09-13 00:00:00-04:00,57.09354768190548,57.6454537185207,56.72244020275869,57.10306167602539,7548400
2019-09-16 00:00:00-04:00,55.21897669652306,56.26569394674043,54.476761715938274,56.20859909057617,9556400
2019-09-17 00:00:00-04:00,55.48541023339059,56.87468559326815,55.34267492207162,56.49406051635742,8176700
2019-09-18 00:00:00-04:00,56.57019126981658,56.61776850055774,55.8279726765965,56.436973571777344,4075600
2019-09-19 00:00:00-04:00,56.379874504321705,56.379874504321705,55.48541029152699,55.84700012207031,3569900
2019-09-20 00:00:00-04:00,55.95167266254596,56.313266125989415,55.65669167360585,55.78990936279297,6139400
2019-09-23 00:00:00-04:00,55.485410397542125,55.81845461839199,55.03817647533536,55.20945739746094,4387100
2019-09-24 00:00:00-04:00,55.780391477826925,56.05634447836928,54.77174119019037,55.190425872802734,5047700
2019-09-25 00:00:00-04:00,55.2284912042804,55.65669352657348,54.88592934644594,55.48541259765625,3193100
2019-09-26 00:00:00-04:00,55.29509348015279,55.961185499019855,55.12381257158956,55.93263626098633,3795400
2019-09-27 00:00:00-04:00,56.11344150803052,56.503580595359956,55.3426773272485,55.45686340332031,4395800
2019-09-30 00:00:00-04:00,55.67571777462797,55.84699869204043,54.7336763587691,54.80979919433594,5208200
2019-10-01 00:00:00-04:00,55.23799713267546,55.83748029635334,53.90581676105829,54.248374938964844,7102200
2019-10-02 00:00:00-04:00,53.03990576157458,53.04941975540174,50.30892853462237,51.71723556518555,13770400
2019-10-03 00:00:00-04:00,50.54681576003219,51.250971054755354,49.30027572667792,50.27086639404297,14346800
2019-10-04 00:00:00-04:00,50.28989636008995,51.34612752879189,50.128133057450476,51.20339584350586,6620900
2019-10-07 00:00:00-04:00,51.14629587252048,51.48885769077776,50.66100238326232,50.77518844604492,8659800
2019-10-08 00:00:00-04:00,50.45166675484595,51.47934875308669,50.32796304851444,50.622947692871094,8039400
2019-10-09 00:00:00-04:00,51.39370778996655,51.76481890539316,50.99405469169029,51.308067321777344,7615300
2019-10-10 00:00:00-04:00,49.433495478725646,50.680035564170325,48.596122462689394,50.52778625488281,22703500
2019-10-11 00:00:00-04:00,50.908404617260516,51.16532597334797,50.09006332673961,50.385047912597656,10935000
2019-10-14 00:00:00-04:00,49.52864321505309,50.62293747263048,49.45252038569371,50.42311096191406,6631900
2019-10-15 00:00:00-04:00,50.63245908587854,51.37467765582421,50.442146538971706,51.041629791259766,8413300
2019-10-16 00:00:00-04:00,51.14629683784042,51.507890278370986,50.49923642001079,50.594390869140625,5532800
2019-10-17 00:00:00-04:00,50.92744142696733,51.15581356906709,50.67052004467278,50.784706115722656,4402000
2019-10-18 00:00:00-04:00,50.613422734342564,51.374672850770466,50.60390874134652,51.2224235534668,6966400
2019-10-21 00:00:00-04:00,51.564988889502665,52.316721487107614,51.47934842104248,51.936100006103516,6699600
2019-10-22 00:00:00-04:00,52.04076804191385,52.297689445214594,51.441288397455494,52.002708435058594,5646900
2019-10-23 00:00:00-04:00,51.81385856818784,51.996000284480104,51.3824751044387,51.58378982543945,4876100
2019-10-24 00:00:00-04:00,52.053512130302884,52.398618878021985,51.2674372746656,51.564613342285156,4825300
2019-10-25 00:00:00-04:00,51.39206265120464,52.47531363100957,51.38247432055831,52.341102600097656,4412800
2019-10-28 00:00:00-04:00,52.456132473785544,53.04089621851999,52.456132473785544,52.88751220703125,3966400
2019-10-29 00:00:00-04:00,52.85874907453562,53.55854709874162,52.82999140378938,53.08882141113281,4480100
2019-10-30 00:00:00-04:00,53.06966849266992,53.1175991810087,52.54242360718907,53.03132247924805,3814100
2019-10-31 00:00:00-04:00,52.7437200095512,52.916273365037135,52.15895626672396,52.801239013671875,7024000
2019-11-01 00:00:00-04:00,53.251794205564096,53.750281293663924,52.94503348317593,53.70235061645508,5389600
2019-11-04 00:00:00-05:00,54.4021602768365,54.613059689520036,54.08581115781118,54.52678298950195,6164400
2019-11-05 00:00:00-05:00,54.910222737478435,55.734643583762384,54.68973868784749,55.130706787109375,6915300
2019-11-06 00:00:00-05:00,55.121115309324374,55.21697665580759,54.68014726450001,55.19780731201172,5120300
2019-11-07 00:00:00-05:00,55.52374352321756,56.012645952491745,55.19781344620326,55.27450180053711,7754400
2019-11-08 00:00:00-05:00,55.10194230865253,55.2744956578231,54.670558935726106,55.19780731201172,4821000
2019-11-11 00:00:00-05:00,54.891047437406804,55.140292809603864,54.72808240371171,54.843116760253906,3811600
2019-11-12 00:00:00-05:00,55.20739832012711,55.30325967761245,54.68015354020496,54.85270690917969,4424700
2019-11-13 00:00:00-05:00,54.39255938042121,54.526766727784846,53.97076068084869,54.1624870300293,4110600
2019-11-14 00:00:00-05:00,53.94200779731219,54.402148882071074,53.75028143111026,54.21042251586914,3763900
2019-11-15 00:00:00-05:00,54.536362366344164,54.862296128430295,54.4692586791685,54.498016357421875,4350100
2019-11-18 00:00:00-05:00,54.4308992613925,54.72807527201702,54.15289990738171,54.71849060058594,3788400
2019-11-19 00:00:00-05:00,54.97732662554667,55.11153764732045,54.35422048039801,54.70891189575195,4704900
2019-11-20 00:00:00-05:00,54.45007978361369,54.49801046114247,52.99296451410573,53.36682891845703,7383600
2019-11-21 00:00:00-05:00,53.4339351011494,53.673592140493334,52.973790367557974,53.021724700927734,5021300
2019-11-22 00:00:00-05:00,53.27097508698198,53.807808259000865,52.83959161454508,53.78863525390625,9648200
2019-11-25 00:00:00-05:00,54.05704565309366,54.344633392572376,53.386005156392315,54.018699645996094,6822400
2019-11-26 00:00:00-05:00,53.98994329958823,55.101951934685324,53.9228396139521,55.08277893066406,4888100
2019-11-27 00:00:00-05:00,55.149879996665106,55.19781433287967,54.335047477287475,54.70891189575195,4062500
2019-11-29 00:00:00-05:00,54.78560735427788,55.456644220973736,54.65139632406205,54.938987731933594,2653600
2019-12-02 00:00:00-05:00,54.8814555936973,55.264908274569514,54.37338389988603,54.40214157104492,5628200
2019-12-03 00:00:00-05:00,53.57773112261329,53.68318081288169,52.28358447648191,53.31890106201172,6871700
2019-12-04 00:00:00-05:00,53.635253885118054,54.22960240462993,53.453112168502265,53.74070358276367,4760100
2019-12-05 00:00:00-05:00,54.057048382764044,54.07622138728099,53.395596182874584,53.56814956665039,3899900
2019-12-06 00:00:00-05:00,54.10497819124772,54.25835856802785,53.798217437687434,53.81739044189453,4568200
2019-12-09 00:00:00-05:00,53.67359678418557,53.82697715636069,53.347663036203876,53.491455078125,4057000
2019-12-10 00:00:00-05:00,53.491450279749685,54.037868035162695,53.13675888657617,53.23262023925781,4871900
2019-12-11 00:00:00-05:00,53.10799972189664,53.2230340732619,52.676616333181784,52.801239013671875,5544300
2019-12-12 00:00:00-05:00,53.59690613349466,55.11154054703254,53.309318385457885,54.344635009765625,8868000
2019-12-13 00:00:00-05:00,54.440499358327656,54.91981348476433,54.095392602193,54.38298034667969,4440400
2019-12-16 00:00:00-05:00,54.804774100864435,56.070166727568584,54.78560475433426,56.00305938720703,7460700
2019-12-17 00:00:00-05:00,56.00306034626926,56.84665422622656,55.91678731477658,56.26189041137695,6663200
2019-12-18 00:00:00-05:00,57.02879223541995,57.1725842687939,56.031818047104814,56.15644073486328,5026900
2019-12-19 00:00:00-05:00,56.19478074881366,56.78913283074263,56.00305438873581,56.693267822265625,4455700
2019-12-20 00:00:00-05:00,57.08630638816806,57.115067719740395,56.48236962141632,56.530303955078125,6025700
2019-12-23 00:00:00-05:00,56.72202400366157,57.440995092375815,56.58781665220175,56.98085403442383,3648100
2019-12-24 00:00:00-05:00,57.19176005359221,57.24927906386581,56.71244593860841,56.93292999267578,1076000
2019-12-26 00:00:00-05:00,57.019205662230874,57.24927804234348,56.808306285200686,57.09589767456055,2464400
2019-12-27 00:00:00-05:00,57.162998389924745,57.18217139201201,56.35775058664081,56.6357536315918,3538600
2019-12-30 00:00:00-05:00,56.79872605953933,56.84665674256022,55.83051309776111,56.23313522338867,3779300
2019-12-31 00:00:00-05:00,56.07016953789754,56.300238276555916,55.92637383357856,56.06058120727539,2917300
2020-01-02 00:00:00-05:00,56.49196622557248,56.93293436759269,56.03182507865443,56.597415924072266,4459200
2020-01-03 00:00:00-05:00,55.12112961159668,55.715478159135316,54.55553874408957,55.657962799072266,9078100
2020-01-06 00:00:00-05:00,54.63222266259524,55.37036315767351,54.31587360166766,55.27450180053711,5504300
2020-01-07 00:00:00-05:00,55.514157852511346,55.66753821529873,55.092362769065105,55.22657012939453,5563000
2020-01-08 00:00:00-05:00,55.36078213352621,56.94252022866331,55.34160912945996,56.4152717590332,8519000
2020-01-09 00:00:00-05:00,56.80831301680582,57.009627744588165,56.15644911914188,56.52072525024414,5336700
2020-01-10 00:00:00-05:00,56.79873491338467,57.028807347376286,56.19479797392431,56.78915023803711,8279700
2020-01-13 00:00:00-05:00,56.58781401249959,57.2300967233654,56.58781401249959,57.028785705566406,8414200
2020-01-14 00:00:00-05:00,59.473294181804484,59.67460522539646,58.34211261751192,58.9077033996582,16454100
2020-01-15 00:00:00-05:00,58.993982723975016,59.377431825567825,58.5050802740828,59.07067108154297,7953400
2020-01-16 00:00:00-05:00,59.49245766769028,59.895079690467746,59.08024731663196,59.31990432739258,4950300
2020-01-17 00:00:00-05:00,59.55956816493544,59.89508655570747,59.31032279732519,59.46370315551758,5770000
2020-01-21 00:00:00-05:00,58.715975606294414,59.06108233373365,56.01264445052206,57.843624114990234,16592000
2020-01-22 00:00:00-05:00,58.12163580465205,58.20791249933988,57.0959037994061,57.17259216308594,7096400
2020-01-23 00:00:00-05:00,56.741203351240415,57.881973279993815,55.78257512573415,57.77652359008789,7774500
2020-01-24 00:00:00-05:00,57.613554035450115,57.71900372379164,55.447055886972684,56.37692642211914,10989500
2020-01-27 00:00:00-05:00,54.15291373862155,54.81436594258178,53.31890449294685,54.47884750366211,13090200
2020-01-28 00:00:00-05:00,55.169055284348566,55.571681052589966,54.40215341255135,55.101951599121094,6343700
2020-01-29 00:00:00-05:00,55.25533343624776,55.40871381466762,54.22960146990056,54.30629348754883,5662000
2020-01-30 00:00:00-05:00,53.34765916173841,54.81435909269617,53.34765916173841,54.737667083740234,5980700
2020-01-31 00:00:00-05:00,54.35421926014089,54.71849899731019,53.1367610165268,53.433937072753906,9320800
2020-02-03 00:00:00-05:00,53.874903645153154,54.88146248778977,53.68317728063279,53.72152328491211,7497600
2020-02-04 00:00:00-05:00,54.83353089948663,55.98388541061246,54.78560022337226,55.533329010009766,6880800
2020-02-05 00:00:00-05:00,56.5303129311799,56.846658373696265,56.17561782151904,56.45362091064453,6067000
2020-02-06 00:00:00-05:00,57.32596398116718,57.54644802200565,55.619607004405616,55.772987365722656,5210200
2020-02-07 00:00:00-05:00,55.562092498132884,55.840095568312194,55.14029738456454,55.523746490478516,3836800
2020-02-10 00:00:00-05:00,55.159472233708875,55.71547473579157,55.054022537569914,55.32243728637695,4541100
2020-02-11 00:00:00-05:00,55.69630206567522,56.65493035359993,55.571683021196236,56.23313522338867,4566500
2020-02-12 00:00:00-05:00,56.837067296615054,57.441000434349625,56.731617608696716,57.009620666503906,5227500
2020-02-13 00:00:00-05:00,56.3194093606205,56.76037747541073,55.93595660009544,56.68368911743164,4353100
2020-02-14 00:00:00-05:00,56.78914100686835,57.00962507279507,56.156446487333554,56.46320724487305,3810100
2020-02-18 00:00:00-05:00,56.43443762636309,57.009616704982975,55.993469559234484,56.290645599365234,5690600
2020-02-19 00:00:00-05:00,56.457638339166024,56.54451123913975,56.01361924921847,56.4769401550293,4399900
2020-02-20 00:00:00-05:00,56.17771750751244,56.94026815495903,56.100495510843054,56.351463317871094,5239400
2020-02-21 00:00:00-05:00,55.946053352750916,56.00396984834101,54.893927616822026,55.85918045043945,6295600
2020-02-24 00:00:00-05:00,52.92481122073307,53.45569950854797,51.48658297127189,52.34565734863281,17983100
2020-02-25 00:00:00-05:00,52.644893908778634,52.80898513390849,48.98658454385695,49.12171936035156,15836500
2020-02-26 00:00:00-05:00,49.65260233261321,49.97113752164576,47.29738684391765,47.866886138916016,15985900
2020-02-27 00:00:00-05:00,45.09662166038627,49.20859784961061,43.46534172216028,46.515541076660156,21949100
2020-02-28 00:00:00-05:00,44.42092885463679,46.12942654313976,43.57150546372162,44.52710723876953,19851300
2020-03-02 00:00:00-05:00,44.61398032897649,45.60818941735352,42.78965334142583,45.52131652832031,20098700
2020-03-03 00:00:00-05:00,48.07925152774887,48.233691854912834,44.44024740666603,44.575382232666016,26344100
2020-03-04 00:00:00-05:00,45.849505552311534,46.94989309642349,44.420931926434,46.81475830078125,20381800
2020-03-05 00:00:00-05:00,44.8842580464393,44.95182545215247,42.87653032768393,43.44602966308594,22918800
2020-03-06 00:00:00-05:00,41.95953840537701,45.29931205135418,41.380384543540956,44.295448303222656,25809300
2020-03-09 00:00:00-04:00,41.54448394008727,43.446029568686406,40.95567910688265,42.00780487060547,25784700
2020-03-10 00:00:00-04:00,43.986565148248566,44.28579481016714,40.019375970779606,43.89004135131836,28693300
2020-03-11 00:00:00-04:00,42.471120049520444,42.79930612446171,40.27999591419891,41.18733215332031,23542000
2020-03-12 00:00:00-04:00,36.16802201800934,37.432500774326506,32.297356396698575,32.53866958618164,36331900
2020-03-13 00:00:00-04:00,37.20084158291467,37.393892867860934,33.5811437982235,37.027095794677734,33052500
2020-03-16 00:00:00-04:00,31.660284346400562,36.75682054652055,30.144838068409992,34.565696716308594,35535400
2020-03-17 00:00:00-04:00,34.97110788214475,35.897749670001126,29.53673552456232,30.637123107910156,33097500
2020-03-18 00:00:00-04:00,28.754881820581605,28.754881820581605,18.43632886415785,22.67378807067871,64242500
2020-03-19 00:00:00-04:00,22.54830245388487,23.310851088699074,19.30505296638819,20.762584686279297,44623400
2020-03-20 00:00:00-04:00,22.364908455247388,25.91703921353538,20.521275671637103,20.6081485748291,55062900
2020-03-23 00:00:00-04:00,21.399657934602043,22.03672473310923,19.884211100544828,21.447919845581055,44426400
2020-03-24 00:00:00-04:00,25.347539939744934,27.973027016302645,23.66800020976974,25.95564842224121,65730300
2020-03-25 00:00:00-04:00,30.39581141815395,32.12361302776796,26.447927193260924,30.019363403320312,70733900
2020-03-26 00:00:00-04:00,31.476896421436507,34.64292463075805,29.362992137989792,30.5985164642334,57779500
2020-03-27 00:00:00-04:00,29.652567916887367,30.231720015173877,28.011639119661652,28.523221969604492,34960700
2020-03-30 00:00:00-04:00,27.500051810370845,28.27225514825613,25.096572580336666,27.673797607421875,29527500
2020-03-31 00:00:00-04:00,28.330170889055942,29.46916952143327,27.432485463840806,27.538663864135742,25002300
2020-04-01 00:00:00-04:00,25.666071451118842,25.666071451118842,22.86683877002496,23.040584564208984,56133000
2020-04-02 00:00:00-04:00,23.088846672692366,23.79348076333078,21.727840394198164,21.89193344116211,39407400
2020-04-03 00:00:00-04:00,22.22977321485128,22.828228935143137,20.994248936491907,21.698883056640625,48967800
2020-04-06 00:00:00-04:00,21.534788474654007,22.683439769996994,20.038647439019787,21.54444122314453,95093000
2020-04-07 00:00:00-04:00,24.33402061557562,24.95178361917343,21.139034571669104,21.47687339782715,98907200
2020-04-08 00:00:00-04:00,22.287690040144312,22.818578409001574,21.747148921171156,22.42282485961914,67565200
2020-04-09 00:00:00-04:00,24.51742033331423,24.642904226173652,22.5386528635179,23.54251480102539,91692900
2020-04-13 00:00:00-04:00,24.112012052957674,24.18923219547107,21.31277958550525,22.44212532043457,76173000
2020-04-14 00:00:00-04:00,23.156413422038533,24.411243110920147,23.00197312818749,23.68730354309082,60843600
2020-04-15 00:00:00-04:00,24.044447307140032,24.613946611315175,22.500042445666317,23.50390625,88092500
2020-04-16 00:00:00-04:00,22.93440590057414,22.973015053787694,21.84366924591979,21.98845863342285,57610200
2020-04-17 00:00:00-04:00,23.310856087889128,23.754873358697054,22.77031500440765,23.426687240600586,52594500
2020-04-20 00:00:00-04:00,22.625529238364532,23.281901526603047,22.113944521690662,22.818578720092773,42950800
2020-04-21 00:00:00-04:00,22.220118340771958,22.944057890041538,22.007761561365854,22.297338485717773,38616700
2020-04-22 00:00:00-04:00,23.050240333297694,23.108156837623124,20.878421130090697,21.689233779907227,70143800
2020-04-23 00:00:00-04:00,21.86297611047684,22.16220397062277,21.631315653485768,21.698883056640625,43581800
2020-04-24 00:00:00-04:00,21.74714446053293,21.89193200042574,20.994246675587487,21.63131332397461,43694600
2020-04-27 00:00:00-04:00,22.036720728386836,22.62552550891181,21.235561000641923,21.39000129699707,50561700
2020-04-28 00:00:00-04:00,22.200814267030374,24.034794207831208,21.862975420839106,23.494253158569336,83972100
2020-04-29 00:00:00-04:00,24.79734348946206,26.64097608177394,24.613944952744948,26.370704650878906,81614900
2020-04-30 00:00:00-04:00,25.772247466515303,26.28383021208397,24.613943506261858,25.00969696044922,63570700
2020-05-01 00:00:00-04:00,24.083054308172798,24.51741689520354,22.895792151712808,23.28189468383789,45146100
2020-05-04 00:00:00-04:00,20.45370890918688,21.998113875320364,19.787683910833774,21.785757064819336,91387100
2020-05-05 00:00:00-04:00,22.22011742356921,22.683438274119133,20.762585636941683,20.95563507080078,51178700
2020-05-06 00:00:00-04:00,21.0038978678782,21.332083915897652,20.028992471240816,20.270305633544922,52949200
2020-05-07 00:00:00-04:00,20.3378767067806,21.718188539650154,20.289614802010842,20.926681518554688,48328200
2020-05-08 00:00:00-04:00,21.58305412847169,22.123595204295913,21.283824421986665,21.930543899536133,43175900
2020-05-11 00:00:00-04:00,21.33208544688177,21.7278389141775,20.801195347067253,21.24521255493164,39151900
2020-05-12 00:00:00-04:00,21.332085000436066,21.62166007349387,20.299264907836914,20.299264907836914,37466300
2020-05-13 00:00:00-04:00,20.24134735611611,20.24134735611611,18.42667318881418,18.735553741455078,72264900
2020-05-14 00:00:00-04:00,18.146753586918848,18.86104234532323,16.901578316770863,18.706600189208984,88506300
2020-05-15 00:00:00-04:00,18.310844203180793,18.967216374866833,17.973007209877863,18.52320098876953,46861800
2020-05-18 00:00:00-04:00,20.1834330461287,21.17764395230186,19.835941498131607,21.10042381286621,74367700
2020-05-19 00:00:00-04:00,21.785756735686416,21.785756735686416,20.579190661790857,21.003902435302734,70906400
2020-05-20 00:00:00-04:00,21.563748629780978,22.297341010364978,21.370697325021197,21.930543899536133,50857000
2020-05-21 00:00:00-04:00,21.978805241688974,22.857185084207508,21.882279599869396,22.355253219604492,46567200
2020-05-22 00:00:00-04:00,22.43247483580197,22.58691513641096,21.457569287536728,21.901586532592773,37139300
2020-05-26 00:00:00-04:00,23.629389729325545,24.971092465648848,23.436340260675806,24.75873565673828,78557100
2020-05-27 00:00:00-04:00,26.708548352318765,26.88229417237528,23.870704253901327,25.40545654296875,92712000
2020-05-28 00:00:00-04:00,25.337888094531944,25.444066500452635,24.083060087232248,24.768388748168945,53868100
2020-05-29 00:00:00-04:00,23.764523193615116,24.720123182260114,23.523210009379305,24.334020614624023,50424400
2020-06-01 00:00:00-04:00,24.44985339285933,25.830165193830563,24.20854019243984,25.260665893554688,46510800
2020-06-02 00:00:00-04:00,25.752945438762573,26.042520547282788,25.03865857548222,25.492326736450195,43200400
2020-06-03 00:00:00-04:00,26.071480793808767,27.606233037017628,25.772252913248977,27.480749130249023,65011100
2020-06-04 00:00:00-04:00,29.218202634472068,31.66994562486862,28.204686092026613,31.254886627197266,134626500
2020-06-05 00:00:00-04:00,35.90740315873985,35.946014152586656,32.28770533391017,32.9730339050293,130685400
2020-06-08 00:00:00-04:00,35.35721199417461,35.79157650165043,34.15064596349029,35.68539810180664,82137300
2020-06-09 00:00:00-04:00,33.30122797087567,33.52323571549043,31.515511422108176,32.98269271850586,60254500
2020-06-10 00:00:00-04:00,31.119747916247068,31.843687423755654,28.725919878869572,30.54059410095215,90379400
2020-06-11 00:00:00-04:00,25.723986941886636,28.5425252123587,25.675725037959424,26.2548770904541,88001500
2020-06-12 00:00:00-04:00,28.85140512991873,29.67187036468423,27.751017545100048,29.372642517089844,68352400
2020-06-15 00:00:00-04:00,27.316652177205395,29.8938771017107,27.02707708769521,29.40159797668457,64288700
2020-06-16 00:00:00-04:00,31.496197882547396,31.872645861350644,29.546386909273163,30.21240997314453,63426700
2020-06-17 00:00:00-04:00,29.768394232344317,30.07727481025047,29.034801939280467,29.652563095092773,37722100
2020-06-18 00:00:00-04:00,28.841754840176694,30.067626422456627,28.57148521585111,29.720136642456055,40662600
2020-06-19 00:00:00-04:00,30.415117190003876,30.424769939326584,28.011637840859827,28.48461151123047,48103900
2020-06-22 00:00:00-04:00,28.021291501181143,28.80314581100256,27.567621473632997,28.291561126708984,42192700
2020-06-23 00:00:00-04:00,28.503915607905817,28.61974491193387,27.731712269733197,28.610092163085938,33475000
2020-06-24 00:00:00-04:00,27.75101708981575,27.982677533288864,25.994257346006137,26.390010833740234,45272500
2020-06-25 00:00:00-04:00,25.598505238522804,27.181519274814036,25.35719203342604,27.036731719970703,37309400
2020-06-26 00:00:00-04:00,27.046381908751208,27.123602053429163,25.328231388324838,25.974950790405273,45683400
2020-06-29 00:00:00-04:00,26.25487840211748,27.818586996793204,25.656420821724215,27.61588478088379,38727300
2020-06-30 00:00:00-04:00,27.364917215291868,27.664145067431257,26.640977616162843,27.075340270996094,27054800
2020-07-01 00:00:00-04:00,28.01164043800722,28.81280029533615,26.534802794031496,26.737506866455078,39305300
2020-07-02 00:00:00-04:00,27.548314217066505,27.73171091298401,26.640976121560666,26.756805419921875,29240100
2020-07-06 00:00:00-04:00,27.258742349448713,27.635190400618374,26.332100426239144,27.451793670654297,27345200
2020-07-07 00:00:00-04:00,26.891945091160004,26.978817995272227,25.926692237534144,26.07147979736328,24598100
2020-07-08 00:00:00-04:00,25.723988180914386,26.332098509699954,25.289625501426976,26.07147979736328,27214100
2020-07-09 00:00:00-04:00,25.85912517644411,25.984607239012753,24.343676629584426,24.75873565673828,31219800
2020-07-10 00:00:00-04:00,24.420893609411984,26.312789939017204,24.276106066485333,26.148696899414062,31349400
2020-07-13 00:00:00-04:00,26.283832173292307,26.66028200105442,25.39579956178899,25.888078689575195,34133100
2020-07-14 00:00:00-04:00,24.749083039070257,25.820514315706735,24.575337227607722,25.2027530670166,42273300
2020-07-15 00:00:00-04:00,26.544451359509406,27.876499381296053,25.984604822660877,27.606229782104492,47726600
2020-07-16 00:00:00-04:00,26.602368859281526,26.978818734439734,26.100438760860186,26.312793731689453,25914200
2020-07-17 00:00:00-04:00,26.380359803920076,26.76646056819803,26.00391178888328,26.110088348388672,20920100
2020-07-20 00:00:00-04:00,26.06182734042486,26.467233617141083,25.12553272468503,25.308929443359375,21574500
2020-07-21 00:00:00-04:00,25.57920032370802,26.013564839219327,25.434412765562143,25.511632919311523,20930300
2020-07-22 00:00:00-04:00,25.3185794059323,25.88807868056077,25.202750105948542,25.3378849029541,16710800
2020-07-23 00:00:00-04:00,25.09657230656633,26.73750277073279,24.884217357528023,25.849470138549805,28110700
2020-07-24 00:00:00-04:00,25.559894327745475,25.714334632239662,24.980742265355445,25.05796241760254,16774900
2020-07-27 00:00:00-04:00,25.048311420184774,25.251013628707906,24.488464858121436,24.61394691467285,18849800
2020-07-28 00:00:00-04:00,24.469158842927023,25.386147898084698,24.459506094000275,25.038658142089844,18615600
2020-07-29 00:00:00-04:00,25.115876592338548,25.279969630838586,24.49811359035832,24.8262996673584,14459700
2020-07-30 00:00:00-04:00,24.37263408282038,24.498116141293178,23.957575069214425,24.073406219482422,16844000
2020-07-31 00:00:00-04:00,23.938268629938936,24.140972674673716,23.58112612603869,24.10236167907715,17106500
2020-08-03 00:00:00-04:00,23.9865306082424,24.59463901552289,23.532860648755662,24.324369430541992,16590400
2020-08-04 00:00:00-04:00,24.565684974901384,25.308928246161777,24.430548328339242,24.778039932250977,17233600
2020-08-05 00:00:00-04:00,25.308926376118478,26.10043517555318,24.85525824758971,25.55023956298828,27782100
2020-08-06 00:00:00-04:00,25.965299916993064,26.35140066826099,25.222054820131312,26.13904571533203,30682500
2020-08-07 00:00:00-04:00,25.772255635115556,26.254882131345628,25.5502460476335,26.235576629638672,15254500
2020-08-10 00:00:00-04:00,26.50584033698781,28.388083986030892,26.428620188574808,28.32051658630371,34084900
2020-08-11 00:00:00-04:00,29.720134346641974,29.749090752112192,28.40738996050004,28.610092163085938,37293000
2020-08-12 00:00:00-04:00,28.996191531504323,29.227851954898732,27.374566726670075,28.079200744628906,26590000
2020-08-13 00:00:00-04:00,27.606231230762955,28.552178559719867,27.500052830609583,27.702756881713867,15767700
2020-08-14 00:00:00-04:00,27.31665871810957,28.17573512603067,27.17187113868546,27.944074630737305,13107800
2020-08-17 00:00:00-04:00,28.030939188952278,28.030939188952278,26.795415074695345,27.0463809967041,14569000
2020-08-18 00:00:00-04:00,27.027081521104712,27.297352999102337,26.418972996952338,26.669937133789062,14222500
2020-08-19 00:00:00-04:00,26.785765837007926,28.108163014529016,26.60236728514581,26.708545684814453,21082100
2020-08-20 00:00:00-04:00,26.563756490455674,26.824375178429655,26.081130108758764,26.660282135009766,14010200
2020-08-21 00:00:00-04:00,26.602367276984324,26.891944228426247,26.22591926529084,26.322444915771484,10897500
2020-08-24 00:00:00-04:00,26.698889960115775,28.764530181884766,26.583060665271347,28.764530181884766,34251000
2020-08-25 00:00:00-04:00,28.95758392539821,29.227855371488424,28.310864477421372,29.054109573364258,31001900
2020-08-26 00:00:00-04:00,28.967237392433418,29.1699396012211,28.590789381214215,28.90932273864746,18877300
2020-08-27 00:00:00-04:00,29.739437446035076,31.090790961174793,29.556040744581363,29.74909019470215,31795200
2020-08-28 00:00:00-04:00,30.164150186743086,30.878437042236328,29.662218285778014,30.878437042236328,20469700
2020-08-31 00:00:00-04:00,30.704689313447034,30.897738757868936,29.729783819734905,29.778047561645508,18262700
2020-09-01 00:00:00-04:00,28.97688882016036,30.51164088355222,28.71627012839792,29.642911911010742,20041500
2020-09-02 00:00:00-04:00,29.343686956944957,30.21241417401454,29.092720989156188,30.057973861694336,16307700
2020-09-03 00:00:00-04:00,30.53094638648854,31.399673570499694,29.411253244238843,30.13519287109375,29474900
2020-09-04 00:00:00-04:00,30.68538788036473,31.245232598490443,29.546389263803444,30.66608238220215,25878700
2020-09-08 00:00:00-04:00,30.308933443858855,31.949861876811177,30.25101879920894,31.40932273864746,28129400
2020-09-09 00:00:00-04:00,31.05218095224307,31.31279965130658,30.231717541305798,30.656429290771484,19362700
2020-09-10 00:00:00-04:00,31.061834651517508,31.573417444926548,30.56955551442826,30.685386657714844,17711300
2020-09-11 00:00:00-04:00,30.704693027131604,31.013575489497804,30.251024844742506,30.5985164642334,14344100
2020-09-14 00:00:00-04:00,31.168011275569057,31.75681602510373,30.897738009562385,31.679594039916992,16333000
2020-09-15 00:00:00-04:00,32.04638941550924,33.28191165617477,31.949861939115543,32.34561538696289,22656400
2020-09-16 00:00:00-04:00,32.62554456003884,33.774197771725454,32.03673975104777,33.36878967285156,26009000
2020-09-17 00:00:00-04:00,32.78963429448807,33.85141075591908,32.47109914677073,32.77997970581055,26014800
2020-09-18 00:00:00-04:00,32.065697296065935,32.8378987539238,31.447936129779638,31.69890022277832,35079200
2020-09-21 00:00:00-04:00,30.07727916761391,30.115890165982574,28.397739401125374,28.78384017944336,34449900
2020-09-22 00:00:00-04:00,28.774185539230704,29.478821484570563,28.68731263968296,29.169939041137695,18035300
2020-09-23 00:00:00-04:00,29.3822907831249,29.95178998618929,28.46530004162846,28.532867431640625,17358100
2020-09-24 00:00:00-04:00,28.108162038560053,28.484610037298037,26.949857954802827,28.001983642578125,22257800
2020-09-25 00:00:00-04:00,27.818586053974588,28.754882470224597,27.7799768984272,28.745229721069336,21831500
2020-09-28 00:00:00-04:00,29.53673177640395,30.849474142615826,29.092714595262574,30.251018524169922,22098400
2020-09-29 00:00:00-04:00,30.01936033655059,30.029013084800415,29.247157046225837,29.54638671875,14785600
2020-09-30 00:00:00-04:00,29.913186702293878,30.743304773011268,29.42090750973406,29.517433166503906,16664100
2020-10-01 00:00:00-04:00,29.913185002798553,30.27032936023396,29.517431489493024,30.019363403320312,12501900
2020-10-02 00:00:00-04:00,28.716270611980768,31.177664499435394,28.581135810009116,30.64677619934082,27126000
2020-10-05 00:00:00-04:00,31.22592907485523,31.303151072388573,30.42477110225809,30.888092041015625,14807100
2020-10-06 00:00:00-04:00,31.49619745536718,31.583070347924068,29.835961589678707,29.980749130249023,20317100
2020-10-07 00:00:00-04:00,31.10044627690563,31.23558107925204,30.54059788758798,31.032878875732422,15416600
2020-10-08 00:00:00-04:00,31.55411692782311,31.853346661427878,30.81087357160592,31.544466018676758,18123800
2020-10-09 00:00:00-04:00,31.57342107980139,32.113964022603774,31.168016634310263,31.66994857788086,16730600
2020-10-12 00:00:00-04:00,31.54446465216228,31.669948558515088,31.177667523979682,31.5058536529541,12065800
2020-10-13 00:00:00-04:00,30.791564438111642,31.264538096653023,30.386158182065657,30.66608238220215,22421200
2020-10-14 00:00:00-04:00,30.66608203974498,31.196970345771877,30.55025089313666,30.656429290771484,16497900
2020-10-15 00:00:00-04:00,30.28962767322772,30.36684781241665,29.62360466312567,30.251018524169922,11922300
2020-10-16 00:00:00-04:00,30.308935593659662,30.656427168353332,30.15449530292325,30.376502990722656,11143600
2020-10-19 00:00:00-04:00,30.59851739442531,31.14871124796258,30.222067514841562,30.405466079711914,14588700
2020-10-20 00:00:00-04:00,30.859129295171957,31.283841014347907,30.492334065706466,30.86878204345703,14244300
2020-10-21 00:00:00-04:00,30.78191411822188,30.83017786743712,30.279984013899853,30.405466079711914,11292300
2020-10-22 00:00:00-04:00,30.762610197530748,32.635201306431746,30.617820792192326,32.5483283996582,25713700
2020-10-23 00:00:00-04:00,32.355271213557415,32.8572030635679,31.756815565607052,32.8185920715332,15247300
2020-10-26 00:00:00-04:00,32.33596691404255,32.33596691404255,30.43441967173457,30.820520401000977,16558300
2020-10-27 00:00:00-04:00,30.6467756832482,30.94600536982296,29.62360825467815,29.642911911010742,13442000
2020-10-28 00:00:00-04:00,28.72591982319161,29.102367777222945,27.741361653030637,28.619741439819336,22720900
2020-10-29 00:00:00-04:00,28.43634758044425,29.83596492491959,28.320518271469297,29.691177368164062,16962300
2020-10-30 00:00:00-04:00,29.459514785069853,29.913182921146742,28.947930157607676,29.57534408569336,15229400
2020-11-02 00:00:00-05:00,29.556041635160376,29.56569254304469,28.639050735966933,29.169939041137695,14200900
2020-11-03 00:00:00-05:00,29.864918287477813,30.270324484722252,29.575341380261293,29.82630729675293,14257900
2020-11-04 00:00:00-05:00,29.835963411637334,30.222064157093573,29.06376192072485,29.372642517089844,12348500
2020-11-05 00:00:00-05:00,29.778047262272157,31.13905163114524,29.729783520846773,30.86878204345703,13145100
2020-11-06 00:00:00-05:00,30.56955453472923,30.733647575166763,29.951793366528413,30.3282413482666,11821100
2020-11-09 00:00:00-05:00,36.10046192351627,37.345635434745645,33.474972712453905,35.49235153198242,58086400
2020-11-10 00:00:00-05:00,34.845624045817395,35.87844423060805,34.449870551478426,35.75296401977539,28449400
2020-11-11 00:00:00-05:00,35.366862519542735,35.511651914516904,33.52322979189438,33.80315399169922,20970400
2020-11-12 00:00:00-05:00,32.90547007459028,34.314738363472856,32.837902669106015,33.185394287109375,21676300
2020-11-13 00:00:00-05:00,33.73558882339958,35.395821269742086,33.63906132630858,35.193119049072266,20832400
2020-11-16 00:00:00-05:00,37.09467797473802,37.30703484102023,35.94602807888556,36.67961883544922,25376600
2020-11-17 00:00:00-05:00,36.10045899305813,36.727871152436194,35.38617024550822,36.29350662231445,16952700
2020-11-18 00:00:00-05:00,36.76648109759733,37.934436159008676,36.57342979172542,36.592735290527344,21199200
2020-11-19 00:00:00-05:00,36.28385467399124,36.80509209520119,36.17767627165432,36.592735290527344,13981600
2020-11-20 00:00:00-05:00,36.66995018286261,36.766473976028465,35.685392027554826,35.8398323059082,12490500
2020-11-23 00:00:00-05:00,36.48655955142227,37.50007437854417,36.12941700288644,37.442161560058594,14802900
2020-11-24 00:00:00-05:00,38.65837699461325,39.85529218246085,38.04061574236191,39.826332092285156,23818000
2020-11-25 00:00:00-05:00,39.38231396158308,40.04834075790313,38.65837435316373,39.855289459228516,14588900
2020-11-27 00:00:00-05:00,40.33791581726984,40.724014732016464,39.36300841707905,39.63328170776367,10516600
2020-11-30 00:00:00-05:00,39.121698617643055,39.62363056440784,37.98269990808981,38.8514289855957,16732600
2020-12-01 00:00:00-05:00,39.37266041796708,39.63327910140962,38.53288787726989,38.57149887084961,13184200
2020-12-02 00:00:00-05:00,38.42671226514389,39.84563126545804,37.70277272219794,39.64292907714844,12937300
2020-12-03 00:00:00-05:00,40.25104130500138,42.239459657570116,40.11590650614492,41.45760726928711,24526800
2020-12-04 00:00:00-05:00,41.69892754215196,41.978851777109526,40.60819069424165,40.88811492919922,18453400
2020-12-07 00:00:00-05:00,40.926721703221624,41.34178071711077,40.289654978997156,40.878456115722656,13169100
2020-12-08 00:00:00-05:00,40.49235544804831,41.39004084111366,40.31860965054229,40.936370849609375,11530300
2020-12-09 00:00:00-05:00,41.55413741286164,41.969196462467025,39.89390489658778,40.64680099487305,16348300
2020-12-10 00:00:00-05:00,39.729800560285895,41.264552484176214,39.64292767092807,41.139068603515625,10680700
2020-12-11 00:00:00-05:00,40.55026879563618,40.95567688922987,39.710499884677645,40.28965377807617,12223100
2020-12-14 00:00:00-05:00,40.78193016094386,40.907414053978734,39.25682899341165,39.2761344909668,12445200
2020-12-15 00:00:00-05:00,39.76841238028959,40.47304641658774,38.76454867837981,40.39582443237305,11433200
2020-12-16 00:00:00-05:00,40.29930551712175,40.35722201230023,39.24717978867029,39.652587890625,11010600
2020-12-17 00:00:00-05:00,39.86494197351805,39.98077128453115,39.19891883250846,39.68154525756836,9656700
2020-12-18 00:00:00-05:00,39.45953843238228,39.60432415387184,38.88038449998154,39.26648712158203,14312400
2020-12-21 00:00:00-05:00,38.18540217670477,38.94794909193299,37.799299583005315,38.74524688720703,16976800
2020-12-22 00:00:00-05:00,39.02517690457936,39.08309340691735,37.490424573026516,37.58694839477539,13461200
2020-12-23 00:00:00-05:00,37.93443400537463,39.06378168721358,37.81860470128636,38.841773986816406,12659700
2020-12-24 00:00:00-05:00,39.01551418790339,39.03481968466224,38.224007231525775,38.349491119384766,5176400
2020-12-28 00:00:00-05:00,38.87072736636045,39.36300463202402,38.61975959786773,38.75489807128906,10654400
2020-12-29 00:00:00-05:00,39.42092470109113,39.42092470109113,38.51358839001926,38.639068603515625,8142800
2020-12-30 00:00:00-05:00,38.610110960097,39.48849083715333,38.5039325658132,39.15065383911133,8504600
2020-12-31 00:00:00-05:00,38.89968952456563,39.3244031395727,38.378452096410115,38.81281661987305,8705700
2021-01-04 00:00:00-05:00,38.77419789814089,38.93829276638337,36.998136524247656,37.38423538208008,15123400
2021-01-05 00:00:00-05:00,37.15258503445818,38.69698817222273,37.11397403547718,38.175750732421875,12317200
2021-01-06 00:00:00-05:00,38.26261719057616,39.478837678472644,38.16609339153855,38.976905822753906,12881100
2021-01-07 00:00:00-05:00,39.04447577841907,39.52710216954379,38.81281349053446,38.83211898803711,9136300
2021-01-08 00:00:00-05:00,39.00586927339771,39.27613890525133,38.38810801079082,38.62942123413086,9497500
2021-01-11 00:00:00-05:00,37.72207976981079,38.600459637421686,37.54833397778692,38.040611267089844,11748800
2021-01-12 00:00:00-05:00,38.31088389908186,39.00586712226072,37.799301072101514,38.899688720703125,9725000
2021-01-13 00:00:00-05:00,38.61976197708171,39.32439974438881,38.25296857306778,39.04447555541992,10852500
2021-01-14 00:00:00-05:00,39.77806587799224,41.1583776374813,39.691192981166104,40.02903366088867,17658300
2021-01-15 00:00:00-05:00,40.22207692296243,40.22207692296243,38.571495743788944,38.59080123901367,15465500
2021-01-19 00:00:00-05:00,38.90933609008789,39.23752214211043,38.417055170980746,38.90933609008789,11530700
2021-01-20 00:00:00-05:00,39.27613509724359,40.3186098884305,39.092738390859466,40.17382049560547,11335700
2021-01-21 00:00:00-05:00,39.874597047371616,39.99042635978877,38.77420569189256,39.256832122802734,11134200
2021-01-22 00:00:00-05:00,38.6101188659668,38.87073761016982,38.426722126926684,38.6101188659668,11310100
2021-01-25 00:00:00-05:00,38.252974029418,38.36880334814691,37.08501520453905,37.54833984375,15964900
2021-01-26 00:00:00-05:00,37.89582267365602,38.26261976251877,37.62555307246618,37.953739166259766,10599400
2021-01-27 00:00:00-05:00,37.28771602340498,37.866866220114915,36.83404603728901,37.18153762817383,16953400
2021-01-28 00:00:00-05:00,38.175749454019844,38.9672564958872,37.6352102149772,38.68733596801758,21654000
2021-01-29 00:00:00-05:00,37.90547355979789,38.44601639150892,36.42863812310018,36.6409912109375,17989700
2021-02-01 00:00:00-05:00,37.01744216352607,37.10431505989343,36.11975679511237,36.505859375,10332900
2021-02-02 00:00:00-05:00,37.21049193271533,37.529027100426475,36.66995276154044,37.451805114746094,11854300
2021-02-03 00:00:00-05:00,37.519374780748755,38.51358765471694,37.355283574472224,38.39775466918945,12416000
2021-02-04 00:00:00-05:00,38.56184994283634,39.642932043529136,38.55219535287235,39.50779724121094,11431800
2021-02-05 00:00:00-05:00,39.942173016644524,39.96147851987769,39.33406255231883,39.72016525268555,10111900
2021-02-08 00:00:00-05:00,40.1062466152719,41.9498790177273,39.9228499385144,41.737525939941406,18296300
2021-02-09 00:00:00-05:00,41.46726247784335,41.46726247784335,40.35722388485548,41.03289794921875,10432100
2021-02-10 00:00:00-05:00,41.35143103929013,41.718228142629414,40.695058825797645,41.40934753417969,12011100
2021-02-11 00:00:00-05:00,41.21629402056221,41.64100391384214,40.54061634504865,41.235599517822266,8549200
2021-02-12 00:00:00-05:00,41.032901131777,42.41321313971623,40.93637730999503,41.78580093383789,11490100
2021-02-16 00:00:00-05:00,42.461470767233116,43.25297774023608,42.258764888080975,43.09853744506836,13775500
2021-02-17 00:00:00-05:00,42.74138631624324,42.95374307828801,42.02710141469632,42.847564697265625,10934400
2021-02-18 00:00:00-05:00,42.27807650491351,43.002016183703624,41.863017461168695,42.83792495727539,8747800
2021-02-19 00:00:00-05:00,43.06957334833169,44.61397983836676,43.002005955620746,44.08308792114258,14587700
2021-02-22 00:00:00-05:00,45.125567260405816,47.22981860583715,44.85529766151827,46.08116912841797,21573500
2021-02-23 00:00:00-05:00,46.457618078641765,47.18155767527028,44.1120534909936,46.66032028198242,19193800
2021-02-24 00:00:00-05:00,47.22981971556532,48.455691211268515,46.93059002251822,47.87653732299805,17020900
2021-02-25 00:00:00-05:00,48.23368024547377,48.26263664917625,45.58888613695425,46.57344436645508,15729800
2021-02-26 00:00:00-05:00,46.04256089489935,47.432523649582,45.63715279010815,46.27421951293945,14828000
2021-03-01 00:00:00-05:00,47.75105915192098,48.2240309813088,46.390052795410156,46.390052795410156,13812900
2021-03-02 00:00:00-05:00,46.42865049473976,46.98849879317236,45.733671098044965,46.554134368896484,11566800
2021-03-03 00:00:00-05:00,46.930586328251515,47.384256286029455,46.467265463395016,46.66996765136719,13642700
2021-03-04 00:00:00-05:00,46.641014336937076,46.727887234985296,43.74525597819274,45.328269958496094,18062500
2021-03-05 00:00:00-05:00,45.28000968127645,45.36688258244361,41.51552220689561,44.604331970214844,20611800
2021-03-08 00:00:00-05:00,45.299313888892115,46.54449087609505,45.07730618826749,46.216304779052734,17273000
2021-03-09 00:00:00-05:00,46.293529618683074,46.409362621378385,44.72982090377356,45.9653434753418,11710100
2021-03-10 00:00:00-05:00,45.99430195193873,46.89198743949152,45.521326412911336,46.13908767700195,10719300
2021-03-11 00:00:00-05:00,46.53483951004474,47.25877915524947,45.92673285921893,46.64101791381836,11318600
2021-03-12 00:00:00-05:00,46.669971501967936,48.127505294931886,46.409356485727955,48.098548889160156,15891800
2021-03-15 00:00:00-04:00,49.09276255331388,50.463419889090325,48.98658414631619,49.21824645996094,19673700
2021-03-16 00:00:00-04:00,49.26650436567898,49.363028173936776,47.32634415323085,47.67383575439453,14281500
2021-03-17 00:00:00-04:00,47.32634859724384,48.88040635829456,47.30704309735002,48.687355041503906,13694400
2021-03-18 00:00:00-04:00,48.3398632003762,49.20858853281407,47.22982097975595,47.471134185791016,13410100
2021-03-19 00:00:00-04:00,47.33599334649625,47.50008453825567,46.168038461859844,47.29738235473633,12123600
2021-03-22 00:00:00-04:00,46.84371993752884,46.93059284188095,46.09082388790882,46.30318069458008,10911100
2021-03-23 00:00:00-04:00,45.386184178208225,46.16804022148518,43.87073767426722,44.054134368896484,13616800
2021-03-24 00:00:00-04:00,44.9228701080999,45.75298817753939,43.976922723573914,44.025184631347656,12120800
2021-03-25 00:00:00-04:00,43.2336747489159,45.57923939920185,42.97305604531221,45.37653350830078,14469100
2021-03-26 00:00:00-04:00,45.849504109363835,46.27421397975137,44.94216787993036,46.003944396972656,12361400
2021-03-29 00:00:00-04:00,46.0039444335142,46.42865430423909,45.08695361416916,45.675758361816406,9824200
2021-03-30 00:00:00-04:00,46.0425625216516,47.33600151154122,45.77228921485919,47.20086669921875,10787500
2021-03-31 00:00:00-04:00,47.10433746256563,47.31669426388103,46.4383143340955,46.6024055480957,9469200
2021-04-01 00:00:00-04:00,46.90163466961519,47.50009038699518,46.60240496985155,47.133296966552734,9570000
2021-04-05 00:00:00-04:00,47.857234433446244,49.208586111459745,47.75105603887185,48.50395202636719,14599900
2021-04-06 00:00:00-04:00,48.93831389285826,50.009745006728316,48.783873604147516,49.85530471801758,14652500
2021-04-07 00:00:00-04:00,50.00009926638971,50.01940476616357,48.291601198953046,48.45569610595703,12244300
2021-04-08 00:00:00-04:00,48.02133002353532,48.46534545762548,47.432525186866975,48.079246520996094,13546900
2021-04-09 00:00:00-04:00,48.07924368659729,48.07924368659729,47.13329637672229,47.558006286621094,9785400
2021-04-12 00:00:00-04:00,47.35530042925188,47.432518733212476,46.496222403466646,47.12363815307617,11070300
2021-04-13 00:00:00-04:00,45.801246939418306,46.814761661642976,44.951823428783136,46.583099365234375,18287600
2021-04-14 00:00:00-04:00,47.364948516259496,47.780007461506955,46.25490646601226,46.496219635009766,12520400
2021-04-15 00:00:00-04:00,47.16225481940823,47.34565153525453,44.54642048077368,45.193138122558594,22267900
2021-04-16 00:00:00-04:00,45.366877860000606,45.78193682435535,44.729811211805625,45.019386291503906,12236400
2021-04-19 00:00:00-04:00,44.81668299839602,44.85529398997584,44.04448157753355,44.54641342163086,9579400
2021-04-20 00:00:00-04:00,43.919001749096594,43.93830724666814,42.239460281843535,42.905487060546875,15627800
2021-04-21 00:00:00-04:00,42.47112979561487,44.15067154858649,41.834062995966555,44.112060546875,16267100
2021-04-22 00:00:00-04:00,44.45954369690488,44.72016238540299,43.079231947904006,43.09853744506836,17303200
2021-04-23 00:00:00-04:00,43.252981752760874,44.343714827629505,42.90549013586036,44.208580017089844,9162700
2021-04-26 00:00:00-04:00,44.884258149833386,45.463408395036765,44.51746103072593,44.99043655395508,11260000
2021-04-27 00:00:00-04:00,45.03869320777328,45.115915195272535,44.48849943435568,44.72981262207031,8151600
2021-04-28 00:00:00-04:00,44.642939212008706,45.12556558186826,44.48849892093953,44.82633590698242,7209200
2021-04-29 00:00:00-04:00,45.28001164142791,45.37653545483777,44.459548181001736,44.768428802490234,8222300
2021-04-30 00:00:00-04:00,44.430579485815116,45.44409774105471,44.30509928911516,45.28965377807617,9175200
2021-05-03 00:00:00-04:00,45.5502760488734,45.5888870426751,44.478848586978934,44.951820373535156,9382600
2021-05-04 00:00:00-04:00,44.64294068316565,44.79738097932423,42.548343936380704,43.10818862915039,14790400
2021-05-05 00:00:00-04:00,43.14679867369097,44.21822981563898,43.01166387779609,43.629425048828125,10700100
2021-05-06 00:00:00-04:00,43.59082028346159,43.92865732146974,42.62556739526966,43.368812561035156,9665700
2021-05-07 00:00:00-04:00,43.31089726524948,44.739471137598386,43.2143734466081,44.5078125,11195100
2021-05-10 00:00:00-04:00,44.69120555094394,45.14487556195389,43.83213111642094,43.851436614990234,9054200
2021-05-11 00:00:00-04:00,42.71244187663567,43.48464347921876,42.094680594569205,42.973060607910156,14139100
2021-05-12 00:00:00-04:00,42.60626333188655,43.18541729361326,41.447959090580795,41.53483200073242,12187300
2021-05-13 00:00:00-04:00,41.891975356975465,42.76070071671246,41.44795624548596,42.442169189453125,11778100
2021-05-14 00:00:00-04:00,43.37846006563081,44.82633928429583,43.25297985115921,44.70085906982422,11537500
2021-05-17 00:00:00-04:00,44.40162879005473,45.202790381305945,43.68734009806994,45.12556838989258,11077700
2021-05-18 00:00:00-04:00,45.318618998045835,46.13908239254317,44.778076112802886,45.10626220703125,10684000
2021-05-19 00:00:00-04:00,44.314754542212306,44.68155162596909,43.56185855958,44.53676223754883,11545800
2021-05-20 00:00:00-04:00,44.73946675783643,44.75877225610433,43.349504021873294,43.832130432128906,12341700
2021-05-21 00:00:00-04:00,44.11205941577305,44.40163455688843,43.54256004264879,43.63908386230469,9894400
2021-05-24 00:00:00-04:00,43.98656940260223,44.671898000673025,43.44602651393033,44.56571960449219,8409100
2021-05-25 00:00:00-04:00,45.76263230698598,46.48657186279074,44.893903367161464,45.048343658447266,14657000
2021-05-26 00:00:00-04:00,45.41514540245683,45.91707732130114,45.18348678277322,45.83985900878906,9746200
2021-05-27 00:00:00-04:00,46.332135891506674,46.52518719415075,45.60819626820188,46.38039779663086,8680700
2021-05-28 00:00:00-04:00,46.380393059855216,46.39004764918244,45.60819161029028,46.023250579833984,8370300
2021-06-01 00:00:00-04:00,46.45761958751183,46.85337309923631,45.781941872284165,46.04256057739258,11986200
2021-06-02 00:00:00-04:00,46.3321303634647,46.60239994563124,45.772282020808994,46.11012268066406,9108600
2021-06-03 00:00:00-04:00,45.714367595428186,45.733673090920206,44.469190752293464,44.52710723876953,11555600
2021-06-04 00:00:00-04:00,44.92286326232921,45.10625995678072,44.092745319390936,44.382320404052734,7699400
2021-06-07 00:00:00-04:00,44.391982225290995,44.76843026489291,44.29545472658052,44.47885513305664,6120200
2021-06-08 00:00:00-04:00,45.617851644413506,45.733684646633634,44.768431721018764,45.40549850463867,10714100
2021-06-09 00:00:00-04:00,45.704722429408974,45.752988019163176,44.86495345418064,44.903564453125,6741200
2021-06-10 00:00:00-04:00,45.55993625914195,45.791594886237895,44.39198116865222,44.67190170288086,9780800
2021-06-11 00:00:00-04:00,44.4691916844571,45.0097345231243,44.401624289892055,44.88425064086914,8216100
2021-06-14 00:00:00-04:00,44.72015843429934,45.164173783408636,44.13135371032336,44.30509948730469,11184200
2021-06-15 00:00:00-04:00,44.314753157500476,44.671895640391085,43.735602986210466,43.94795608520508,7898500
2021-06-16 00:00:00-04:00,43.986566801401985,44.391974864468395,43.56185692394157,43.93830490112305,8565500
2021-06-17 00:00:00-04:00,43.94796221927718,44.44989415612134,42.71243971759771,43.02132034301758,10144600
2021-06-18 00:00:00-04:00,42.8958342025971,43.803174214357696,42.42286238051311,43.39776611328125,15219300
2021-06-21 00:00:00-04:00,43.474992277101734,44.18927737387138,43.2626354570173,44.17962646484375,9861400
2021-06-22 00:00:00-04:00,44.17962835205689,44.198933853084476,43.31089921655456,43.79352569580078,8499800
2021-06-23 00:00:00-04:00,43.78386768094631,44.02518088140818,43.446026991011344,43.69699478149414,7406100
2021-06-24 00:00:00-04:00,43.98657699781194,44.05414441029446,43.04062954090873,43.349510192871094,9300300
2021-06-25 00:00:00-04:00,43.359152673115666,43.417069164904845,42.72208599202309,42.88618087768555,23930400
2021-06-28 00:00:00-04:00,42.56765150362669,42.56765150362669,41.10047033293567,41.6217041015625,17441500
2021-06-29 00:00:00-04:00,41.505866420812815,41.96918727853636,41.32246973196814,41.3803825378418,9477800
2021-06-30 00:00:00-04:00,41.34178816042477,42.0753788274306,41.32248265837883,41.75684356689453,7845500
2021-07-01 00:00:00-04:00,41.98849639777176,42.876527197834214,41.98849639777176,42.69313049316406,9873800
2021-07-02 00:00:00-04:00,42.55799689645543,42.76069910453698,42.20085438476688,42.61591339111328,5759900
2021-07-06 00:00:00-04:00,42.77034597428232,42.99235364050875,41.505863685274434,41.737525939941406,7881000
2021-07-07 00:00:00-04:00,41.45760496850143,41.959536823646076,40.49235225064177,41.061851501464844,11858300
2021-07-08 00:00:00-04:00,40.27034402590638,41.31281503246109,39.6911901936899,40.60818099975586,10363900
2021-07-09 00:00:00-04:00,40.99429284710184,41.69892703953267,40.830197935358946,41.428653717041016,7707100
2021-07-12 00:00:00-04:00,40.89776304888212,41.87267050905989,40.569576925972896,41.361083984375,10626000
2021-07-13 00:00:00-04:00,40.83019067589643,41.07150386391254,39.758759531961374,39.893898010253906,14610400
2021-07-14 00:00:00-04:00,40.08695058979872,40.73367192865742,38.72594418777084,39.26648712158203,31085700
2021-07-15 00:00:00-04:00,39.75876768310548,40.80124263648867,39.266490298773064,39.9132080078125,20896300
2021-07-16 00:00:00-04:00,40.37652375683605,40.588876855119764,38.455669190028296,38.668025970458984,16726600
2021-07-19 00:00:00-04:00,36.940229578921986,37.64486376654054,36.25490089150297,37.22015380859375,27073800
2021-07-20 00:00:00-04:00,37.28771157278473,39.40161358882481,37.09466030287476,39.24717330932617,17690600
2021-07-21 00:00:00-04:00,39.58501542635366,40.73366860675944,39.575364518567056,40.16416931152344,19145300
2021-07-22 00:00:00-04:00,39.903551316301034,40.115908112807396,39.00586590834793,39.63328170776367,10850600
2021-07-23 00:00:00-04:00,39.884250839571386,40.1834805739438,38.91899790796095,39.0058708190918,10101600
2021-07-26 00:00:00-04:00,38.93830337682505,40.25104795189266,38.909346967187524,40.22208786010742,10014900
2021-07-27 00:00:00-04:00,39.922857208863505,40.04834110641609,39.09273919484182,39.5367546081543,10508200
2021-07-28 00:00:00-04:00,39.93250804599256,40.2027813388679,39.218223022740624,39.86494064331055,7538600
2021-07-29 00:00:00-04:00,40.00006927269626,40.18346963635681,39.527097526948616,39.797367095947266,8357400
2021-07-30 00:00:00-04:00,39.237531433528446,39.6332849709627,38.368802360064194,38.51359176635742,12202300
2021-08-02 00:00:00-04:00,38.64873067464399,39.54641625157256,38.03096934904755,38.07923126220703,11084800
2021-08-03 00:00:00-04:00,38.12748858156666,38.4653256151266,37.21049761342859,38.38810729980469,14670600
2021-08-04 00:00:00-04:00,37.78964982141823,38.10818134105729,36.5830837821922,37.0174446105957,23023700
2021-08-05 00:00:00-04:00,37.152577219876676,38.76454742572637,37.13327172444684,38.60045623779297,15652400
2021-08-06 00:00:00-04:00,39.13134787490119,39.26648267250571,38.108178621092996,38.91899108886719,11716100
2021-08-09 00:00:00-04:00,38.629408100651,38.629408100651,37.403536901005644,37.924774169921875,10985000
2021-08-10 00:00:00-04:00,37.98268814051063,39.60431279468743,37.84755336635364,39.05411911010742,13745300
2021-08-11 00:00:00-04:00,38.61011271645521,39.86494064331055,38.301232109295356,39.86494064331055,12452000
2021-08-12 00:00:00-04:00,39.57536262684598,39.70084651495666,38.658371780770146,39.1216926574707,9802100
2021-08-13 00:00:00-04:00,38.909345303791675,39.16030943493271,38.40741335936206,38.51359176635742,7211800
2021-08-16 00:00:00-04:00,38.07922817664635,38.62942204280771,37.529034310484995,38.54254913330078,10923400
2021-08-17 00:00:00-04:00,37.886172745000366,38.08887495113089,36.949876342187125,37.43250274658203,11442000
2021-08-18 00:00:00-04:00,37.345629408193126,38.09852909407281,37.06570889536131,37.30702209472656,8612300
2021-08-19 00:00:00-04:00,37.094664041028864,37.191187844637525,36.01358197559414,36.612037658691406,12294000
2021-08-20 00:00:00-04:00,36.66995664234102,36.92092075806803,36.438294342929886,36.79543685913086,8213100
2021-08-23 00:00:00-04:00,37.44215270575128,37.963390041745434,37.28771242273229,37.847557067871094,8584700
2021-08-24 00:00:00-04:00,38.474975084413785,39.44987873873531,38.43636409081865,39.1216926574707,10805000
2021-08-25 00:00:00-04:00,39.17961202630882,40.00007544867458,38.764553020035144,39.86494064331055,12455900
2021-08-26 00:00:00-04:00,39.68153764639602,40.038680101436874,38.88037616703373,39.35335159301758,10032900
2021-08-27 00:00:00-04:00,39.43057215856118,40.29930107984781,39.401615755233934,40.077293395996094,7936100
2021-08-30 00:00:00-04:00,40.29930842721207,40.34757033560556,38.49428654183288,38.52324295043945,11882100
2021-08-31 00:00:00-04:00,38.34949947150033,39.179617602186596,38.24332105727565,39.034828186035156,8627200
2021-09-01 00:00:00-04:00,39.16030320329777,39.169957792659666,38.49428014105875,38.996212005615234,8434600
2021-09-02 00:00:00-04:00,39.04447645291875,39.633281249406146,38.474977154267506,39.40161895751953,9345500
2021-09-03 00:00:00-04:00,39.38231734089482,39.75876538043152,38.75490516904953,38.8514289855957,6644300
2021-09-07 00:00:00-04:00,38.78386104818962,39.11204717497353,38.45567492140571,38.94795227050781,8233900
2021-09-08 00:00:00-04:00,38.99621748573564,39.4981457386809,38.22401224273297,38.27227783203125,7156100
2021-09-09 00:00:00-04:00,38.24331623121402,40.318611296040714,38.07922501695427,39.66223907470703,15509400
2021-09-10 00:00:00-04:00,39.62362746996117,39.700849462885444,37.98269694179324,37.99235153198242,12501200
2021-09-13 00:00:00-04:00,38.32053456428724,38.78385543823242,37.45180562429817,38.78385543823242,11556300
2021-09-14 00:00:00-04:00,38.455667368715034,38.78385343104322,37.85721173110956,38.06956481933594,8837700
2021-09-15 00:00:00-04:00,37.88617102931774,38.32053551003233,37.47111204576236,38.26261901855469,8175800
2021-09-16 00:00:00-04:00,38.48463090478584,39.25683246453466,38.30123418501658,38.822471618652344,9485200
2021-09-17 00:00:00-04:00,39.141003273615205,39.565716894416965,38.407412710094654,38.71629333496094,11011500
2021-09-20 00:00:00-04:00,39.14101027717606,39.4209345442195,38.05027330424179,39.36301803588867,16633900
2021-09-21 00:00:00-04:00,39.62362655857974,40.289653344716825,38.74524666107979,38.957603454589844,11837600
2021-09-22 00:00:00-04:00,39.266490711646924,40.492362412838126,39.266490711646924,40.14487075805664,11599300
2021-09-23 00:00:00-04:00,40.44409948057322,41.28386850366997,40.270353657567306,41.11012268066406,12651000
2021-09-24 00:00:00-04:00,41.351429148871006,42.220158121763156,41.18733426192598,42.017452239990234,13478500
2021-09-27 00:00:00-04:00,42.37460298598164,43.4942961816393,42.229813580845445,42.25876998901367,14467500
2021-09-28 00:00:00-04:00,42.14293693260015,42.67382523405292,41.80509992680671,41.930580139160156,9434700
2021-09-29 00:00:00-04:00,42.17189455430764,42.461473347220824,41.26455822533529,41.853363037109375,9141100
2021-09-30 00:00:00-04:00,41.56378571827782,41.58309121558958,40.897758948536776,41.12942123413086,9789200
2021-10-01 00:00:00-04:00,42.422861267553316,44.06379176286582,42.36494477401974,43.80317306518555,19205700
2021-10-04 00:00:00-04:00,44.19892772518499,44.40162993464955,43.252980398869695,43.39776611328125,13342500
2021-10-05 00:00:00-04:00,43.42672273278799,43.9769165043244,42.91513627272217,43.18540954589844,9596000
2021-10-06 00:00:00-04:00,42.19119544155796,42.60625440508115,41.71822367149928,42.49042510986328,10145800
2021-10-07 00:00:00-04:00,42.97305928233996,43.03097578155255,42.0078063883489,42.16224670410156,8881200
2021-10-08 00:00:00-04:00,42.26842658773944,42.27807749687146,41.59274880191925,41.87267303466797,7340600
2021-10-11 00:00:00-04:00,41.496218594726706,42.4132057891777,41.23559990250531,41.689266204833984,9085700
2021-10-12 00:00:00-04:00,41.54447707427487,42.28772209482048,41.28385840352666,42.027103424072266,10515200
2021-10-13 00:00:00-04:00,41.25490161054974,41.25490161054974,39.469181923904394,39.60431671142578,28236900
2021-10-14 00:00:00-04:00,39.74911185992815,40.04834156299659,39.45953674716853,39.76841735839844,16285400
2021-10-15 00:00:00-04:00,40.434437243717646,40.801234320946726,39.52710098125311,39.565711975097656,13860300
2021-10-18 00:00:00-04:00,39.25683203836011,39.97112077471559,39.112046318686964,39.585018157958984,10140200
2021-10-19 00:00:00-04:00,39.604320251210574,39.64293124599534,38.93829716083537,39.04447555541992,11314400
2021-10-20 00:00:00-04:00,38.754903003972444,39.64293384945888,38.523240702197036,38.899688720703125,15162600
2021-10-21 00:00:00-04:00,39.09273580635238,39.334048990342204,38.62941493494954,38.996212005615234,10694400
2021-10-22 00:00:00-04:00,38.61976112182195,38.98655819986005,38.27227322289575,38.35914611816406,9461900
2021-10-25 00:00:00-04:00,38.41705489066454,38.523233271742185,38.00199595489556,38.13713073730469,9090500
2021-10-26 00:00:00-04:00,38.523236218509304,38.890033286067755,38.08887175457784,38.33018493652344,8951200
2021-10-27 00:00:00-04:00,38.45567419267913,38.5425470975977,37.66416713993109,37.71242904663086,8341800
2021-10-28 00:00:00-04:00,37.779991559303646,38.00199924708686,37.48076556723135,37.78964614868164,7416000
2021-10-29 00:00:00-04:00,37.70277637786303,38.12748629199835,37.461463173483295,37.77034378051758,9343800
2021-11-01 00:00:00-04:00,37.78965031684141,39.044478277657845,37.55798801412809,39.01551818847656,11401300
2021-11-02 00:00:00-04:00,38.84177510778118,39.09273922090639,38.446021598756666,38.9865608215332,7611200
2021-11-03 00:00:00-04:00,38.89003131341717,39.913196796393606,38.6390635549215,39.80702209472656,10010600
2021-11-04 00:00:00-04:00,40.0193782652564,40.048338351713326,39.16995849355868,39.565711975097656,9990300
2021-11-05 00:00:00-04:00,42.027109413874385,42.87652925943338,41.75683611560802,42.75104904174805,23651200
2021-11-08 00:00:00-05:00,43.43637444007679,43.93830631990866,42.95374805740927,43.09853744506836,15006700
2021-11-09 00:00:00-05:00,42.88618035959552,43.02131515665733,42.20085178469801,42.982704162597656,9359100
2021-11-10 00:00:00-05:00,42.278069335659744,42.92479058709535,42.01745065363169,42.19119644165039,8698700
2021-11-11 00:00:00-05:00,42.258766649057144,42.70278573804588,41.94023513793945,41.94023513793945,6370700
2021-11-12 00:00:00-05:00,41.98849790200692,42.01745430847978,40.415134765712075,40.75297546386719,10038900
2021-11-15 00:00:00-05:00,41.15837758308365,41.44795267807233,40.6757511973868,40.907413482666016,6938400
2021-11-16 00:00:00-05:00,40.63714895578305,40.7240218712062,39.478848326338166,39.613983154296875,11055500
2021-11-17 00:00:00-05:00,39.556063212144466,39.81668193576353,38.89969094869219,39.29544448852539,9025300
2021-11-18 00:00:00-05:00,39.334054864514066,39.353360363973984,38.069572265995845,38.72594451904297,11615800
2021-11-19 00:00:00-05:00,38.38810838270444,38.54254869985241,37.538684797316755,38.31088638305664,15033400
2021-11-22 00:00:00-05:00,38.494285705251386,38.79351174007662,37.857218954718704,38.38810729980469,11991400
2021-11-23 00:00:00-05:00,38.93830458812249,39.16996691887242,37.88617871350609,38.15644836425781,11074300
2021-11-24 00:00:00-05:00,37.81860902281859,38.67768351708844,37.56764120611087,38.31088638305664,7580500
2021-11-26 00:00:00-05:00,35.473036786242425,35.666088063005084,33.3977420048008,35.11589431762695,38052100
2021-11-29 00:00:00-05:00,35.733654577461884,36.05218604645031,34.72014000210343,34.98075866699219,21269600
2021-11-30 00:00:00-05:00,34.488483912562245,35.02902683451021,33.996206578865674,34.94215393066406,20442900
2021-12-01 00:00:00-05:00,35.58886570693089,36.04253565025253,32.23944137106671,32.36492156982422,34616800
2021-12-02 00:00:00-05:00,33.214339125064804,35.39580820400543,32.58692351308899,35.366851806640625,36044800
2021-12-03 00:00:00-05:00,35.212427659632716,36.370731952032365,34.12169078009283,34.729801177978516,25510200
2021-12-06 00:00:00-05:00,35.955664870538335,37.96339235422984,35.72400259082508,36.81473922729492,23060500
2021-12-07 00:00:00-05:00,37.258747390704684,37.77033375201724,36.45758967959803,36.71820831298828,14593500
2021-12-08 00:00:00-05:00,37.16223275166724,38.50393355277868,36.708562757970164,37.529029846191406,16355500
2021-12-09 00:00:00-05:00,36.89195806249771,37.50006459076214,36.679601297750104,37.162227630615234,10427800
2021-12-10 00:00:00-05:00,37.08500252185607,37.123613508943706,36.28384479159281,36.85334396362305,12028500
2021-12-13 00:00:00-05:00,36.061846511581784,36.31281062858454,35.15450648993543,35.588871002197266,12244800
2021-12-14 00:00:00-05:00,35.27999428242986,36.22594172343074,35.15451036900847,35.26068878173828,12638700
2021-12-15 00:00:00-05:00,35.26068769809323,35.521306426198485,34.30508937718825,35.33790969848633,13179900
2021-12-16 00:00:00-05:00,36.28385674023905,36.38038055759802,34.42091834445949,34.556053161621094,19944400
2021-12-17 00:00:00-05:00,34.78771045546442,35.94601450726839,34.35334597576955,35.289642333984375,18115500
2021-12-20 00:00:00-05:00,34.31473240729139,35.95566271740078,34.160292124113255,35.106239318847656,17475600
2021-12-21 00:00:00-05:00,35.550261751128055,37.471112726528794,35.48269066876965,37.18153762817383,17209900
2021-12-22 00:00:00-05:00,37.15258256644902,38.09852988575991,36.84369827726746,37.77034378051758,11719500
2021-12-23 00:00:00-05:00,38.339837204541,38.503928390898665,37.63520319777913,37.93442916870117,8478100
2021-12-27 00:00:00-05:00,36.93056687734199,37.818601280759026,36.54446800458633,37.64485549926758,10897600
2021-12-28 00:00:00-05:00,37.4325007808001,38.44601912252191,37.181536683839006,38.252967834472656,9974200
2021-12-29 00:00:00-05:00,37.96339604532638,38.11783635276876,37.63520993174288,37.79930114746094,7311800
2021-12-30 00:00:00-05:00,37.70277717830541,38.35914940272508,37.66416618106958,37.6834716796875,8055600
2021-12-31 00:00:00-05:00,37.69312014359035,38.08887363422528,37.56763625178499,37.72208023071289,7166700
2022-01-03 00:00:00-05:00,38.40740735262365,39.60431868648578,38.2626179689748,38.89003372192383,12529800
2022-01-04 00:00:00-05:00,39.54641215059331,39.845638190441,38.928650889058964,39.17961502075195,12076300
2022-01-05 00:00:00-05:00,39.556060250470125,39.84563536098303,38.75490232197949,38.8803825378418,11214700
2022-01-06 00:00:00-05:00,39.40162199124879,39.68154620820495,38.359150802861954,38.71629333496094,9304100
2022-01-07 00:00:00-05:00,39.305087812169766,40.511653585557625,39.03481457507125,40.06763458251953,13941600
2022-01-10 00:00:00-05:00,40.144869311059786,40.3475715416601,38.7935137427623,39.21822738647461,13086400
2022-01-11 00:00:00-05:00,39.16995507046515,40.08694216018107,39.0348166038191,39.797367095947266,11415300
2022-01-12 00:00:00-05:00,39.81667085146747,40.14485689183209,39.150647864615685,39.198909759521484,12522300
2022-01-13 00:00:00-05:00,39.65258566869113,41.0618538330732,39.0444753909082,40.02903366088867,23251900
2022-01-14 00:00:00-05:00,39.37265692550559,39.44022431720317,38.17574200573319,38.90933609008789,17141100
2022-01-18 00:00:00-05:00,38.51359117236621,39.034824926258274,38.069572051583904,38.166099548339844,15088100
2022-01-19 00:00:00-05:00,38.12747957780872,38.41705463564123,37.38423459734574,37.471107482910156,10958600
2022-01-20 00:00:00-05:00,37.69312351240467,38.7645547780196,37.413199298800365,37.490421295166016,12935700
2022-01-21 00:00:00-05:00,37.480772051121,37.480772051121,36.061849103144745,36.54447555541992,17872100
2022-01-24 00:00:00-05:00,35.66609344091904,36.61204078932928,34.63327318897382,36.592735290527344,19890100
2022-01-25 00:00:00-05:00,36.19697846824146,37.51937371728004,36.00392717998143,37.37458801269531,14674100
2022-01-26 00:00:00-05:00,37.94409241338291,38.57150458229525,37.007795932242075,37.41320037841797,12451700
2022-01-27 00:00:00-05:00,37.876522441138505,38.639069373812184,36.70856372544349,37.00779342651367,12297400
2022-01-28 00:00:00-05:00,36.78578367436874,37.05605327183247,35.49234481456116,36.94987487792969,12889100
2022-01-31 00:00:00-05:00,36.50586448598698,38.33984647399837,36.351424168839,38.31088638305664,10657300
2022-02-01 00:00:00-05:00,38.41706487494753,39.160310053507764,38.19505714869929,39.083091735839844,9668800
2022-02-02 00:00:00-05:00,38.73559727184874,39.536755209609154,38.34949466526593,39.11204528808594,10249800
2022-02-03 00:00:00-05:00,38.610109802408665,39.189259976585994,38.301229218561154,38.349491119384766,9922000
2022-02-04 00:00:00-05:00,38.21436028229077,38.69698670480914,37.73173385977239,38.46532440185547,9481900
2022-02-07 00:00:00-05:00,39.06377834088451,39.85528526828781,39.01551275968073,39.5174446105957,11417500
2022-02-08 00:00:00-05:00,39.92285526824881,41.23559962827202,39.57536368093124,41.12942123413086,14194800
2022-02-09 00:00:00-05:00,41.428644069842086,42.96339600839691,41.36107667549004,42.355289459228516,18904000
2022-02-10 00:00:00-05:00,41.92093323567201,43.175761254099285,41.80510392007116,42.374603271484375,13210100
2022-02-11 00:00:00-05:00,42.374600384449145,43.2433257154895,40.46339655543632,40.859153747558594,19893400
2022-02-14 00:00:00-05:00,40.907415033530185,41.74718394547846,40.26069373746169,40.511661529541016,11581600
2022-02-15 00:00:00-05:00,41.94989024779542,43.19506737540521,41.82441002165002,42.9441032409668,15528800
2022-02-16 00:00:00-05:00,42.56764501525321,43.57150876399428,42.45181571567449,42.86687469482422,14029100
2022-02-17 00:00:00-05:00,42.249114885150135,42.59660647725428,41.457607895200546,41.80509948730469,9463700
2022-02-18 00:00:00-05:00,41.60238541099413,42.162233684053994,41.216286581916776,41.35142135620117,11574900
2022-02-22 00:00:00-05:00,40.241389309631884,41.351431541197606,40.00007610121737,40.43444061279297,13329600
2022-02-23 00:00:00-05:00,40.830194525012075,40.917067428173375,38.71629212428355,38.79351043701172,12322200
2022-02-24 00:00:00-05:00,36.293506334548084,39.083090213812774,36.16802611295589,38.92864990234375,22659700
2022-02-25 00:00:00-05:00,39.34370368320258,40.5406188111038,39.227874374743536,40.09660339355469,15398700
2022-02-28 00:00:00-05:00,38.92864750588233,38.95760391182912,37.664165002095295,38.53289031982422,22808100
2022-03-01 00:00:00-05:00,38.12748598879103,38.21435888896278,36.08115106292551,36.332115173339844,21467500
2022-03-02 00:00:00-05:00,36.96917235876428,37.432493146298185,36.53480796978052,36.71820831298828,15773500
2022-03-03 00:00:00-05:00,37.15258046078355,37.393893651486586,35.11589654210643,35.289642333984375,17589100
2022-03-04 00:00:00-05:00,34.2761400014832,34.623631747590856,32.9827005477207,33.32054138183594,23278800
2022-03-07 00:00:00-05:00,32.81859765599464,33.011648966871164,28.938280667751688,29.063764572143555,34889300
2022-03-08 00:00:00-05:00,29.65256645319048,31.602379464451055,28.716271865244657,30.13519287109375,29492100
2022-03-09 00:00:00-05:00,31.785778027078837,32.606241512392636,31.428635488051988,31.62168312072754,25808000
2022-03-10 00:00:00-05:00,31.003918741049816,32.24909573018064,30.424768536971253,31.418977737426758,17588900
2022-03-11 00:00:00-05:00,32.15257308815351,32.239445990126654,30.897741463619838,30.955657958984375,16978700
2022-03-14 00:00:00-04:00,30.88809055546608,32.046394687725524,30.550251696800935,30.955657958984375,17253800
2022-03-15 00:00:00-04:00,33.5328866583466,34.23752081861576,32.80894699862721,33.64871597290039,27330200
2022-03-16 00:00:00-04:00,34.2761285311683,35.666095050454395,34.20856112338606,35.64678955078125,23558200
2022-03-17 00:00:00-04:00,34.4691722747821,35.85913848876953,34.14098621671805,35.85913848876953,17062300
2022-03-18 00:00:00-04:00,35.51165309509577,36.60238616014589,35.1158995754432,36.3707275390625,18429600
2022-03-21 00:00:00-04:00,35.83983949881423,35.93636331135201,34.633273431354866,34.835975646972656,18386400
2022-03-22 00:00:00-04:00,35.18346646321029,35.9460170842139,35.06763715437029,35.69504928588867,13587700
2022-03-23 00:00:00-04:00,35.444078813587566,35.51164620513977,34.81666311243517,34.96145248413086,12069300
2022-03-24 00:00:00-04:00,35.125547889303064,35.97497136221228,34.71048890152623,35.96531677246094,11302400
2022-03-25 00:00:00-04:00,35.99427955625708,36.91127049753811,35.94601765032594,36.592735290527344,11313100
2022-03-28 00:00:00-04:00,37.08501173773182,37.26841213090112,36.13906441188884,37.00779342651367,11430600
2022-03-29 00:00:00-04:00,38.27226961344765,38.86107064568425,37.7703377861397,38.146785736083984,15372200
2022-03-30 00:00:00-04:00,37.741386574462226,38.15644561226544,37.557989850700544,37.96339797973633,9363500
2022-03-31 00:00:00-04:00,38.03095429497301,38.706628176044646,37.876514024707134,38.195045471191406,9930100
2022-04-01 00:00:00-04:00,38.29158358809132,38.513595011687976,37.65451677458458,37.944095611572266,8606300
2022-04-04 00:00:00-04:00,37.857214292247555,38.24331318560043,37.364933324377795,38.03096008300781,9482700
2022-04-05 00:00:00-04:00,38.137137596273526,38.48462920333435,37.229801263951515,37.6738166809082,12713400
2022-04-06 00:00:00-04:00,36.689263732489145,36.73752932665868,35.44409020087948,36.28385925292969,16995200
2022-04-07 00:00:00-04:00,36.07149088236493,36.196974759197886,34.91318695364126,35.8398323059082,11688800
2022-04-08 00:00:00-04:00,35.69505280556152,36.04254444849289,35.2413827514958,35.46339416503906,8615600
2022-04-11 00:00:00-04:00,35.42478250199646,37.220153502147014,35.26068759272529,36.8823127746582,14142900
2022-04-12 00:00:00-04:00,37.02710060227082,37.59659994162515,36.457601262916484,37.2780647277832,15762600
2022-04-13 00:00:00-04:00,38.8128170067124,39.67189147159718,38.42671806812297,39.59467315673828,33528700
2022-04-14 00:00:00-04:00,40.51166687356898,41.38039230606622,39.89390558410932,40.88811492919922,29128900
2022-04-18 00:00:00-04:00,40.61784526741964,41.57344361095372,40.39583385210593,40.666107177734375,17011900
2022-04-19 00:00:00-04:00,41.32247547311143,42.24911731730162,41.235602570084396,41.54448318481445,18453000
2022-04-20 00:00:00-04:00,41.77613566017539,42.702781050217986,41.68926276992599,42.027103424072266,17466800
2022-04-21 00:00:00-04:00,43.25298035514235,44.66224859401506,42.99236165088825,43.175758361816406,31849600
2022-04-22 00:00:00-04:00,43.446031421997205,43.774217555382386,42.03676307128633,42.171897888183594,15557200
2022-04-25 00:00:00-04:00,41.8919748368039,42.036760553888556,40.76262709637722,41.7664909362793,15156900
2022-04-26 00:00:00-04:00,41.3417771511445,41.554130252804406,40.10625112425967,40.444091796875,14561200
2022-04-27 00:00:00-04:00,40.71435996521411,41.93057677050829,40.308951908684776,41.61204528808594,13640400
2022-04-28 00:00:00-04:00,41.99815066810543,42.876530630732375,41.39969492092435,42.7896614074707,11953000
2022-04-29 00:00:00-04:00,42.6352197412212,43.195068202675586,41.33212977109453,41.53483200073242,13460500
2022-05-02 00:00:00-04:00,41.45760542113173,41.8919698853403,40.12555562494108,41.18733215332031,13417100
2022-05-03 00:00:00-04:00,41.158375671488585,42.17189029794999,40.74331670449488,41.84370422363281,10401900
2022-05-04 00:00:00-04:00,41.27421015549979,42.44216889987498,40.86880572681803,42.32633590698242,13381200
2022-05-05 00:00:00-04:00,41.65066561317548,42.220164992043934,40.347571941791195,40.666107177734375,11983100
2022-05-06 00:00:00-04:00,40.511663419594875,40.511663419594875,38.99621673492309,39.57536697387695,12996000
2022-05-09 00:00:00-04:00,38.890021940843916,39.04446218494901,36.69889844612757,36.92090606689453,18582900
2022-05-10 00:00:00-04:00,37.50973292915669,37.96340302663619,36.53482531740048,37.33598709106445,13950000
2022-05-11 00:00:00-04:00,37.32632513612238,38.5328911725703,36.39968330384573,36.573429107666016,14402400
2022-05-12 00:00:00-04:00,36.01358554123508,36.44794638262643,34.459527847100446,35.39582061767578,17218100
2022-05-13 00:00:00-04:00,36.18732599778074,37.11396772282863,36.148715005367016,36.998138427734375,11594800
2022-05-16 00:00:00-04:00,36.98848598311102,37.64485816361244,36.785783784406874,36.84369659423828,11062500
2022-05-17 00:00:00-04:00,38.465319342047486,39.401615656857935,37.84755819162913,39.305091857910156,13594300
2022-05-18 00:00:00-04:00,38.90934858247023,39.411280569194915,37.65451677458458,37.944095611572266,11216900
2022-05-19 00:00:00-04:00,37.40355033198267,38.53289447134973,37.307026513662414,37.87652587890625,9564300
2022-05-20 00:00:00-04:00,38.51358766942003,38.658373378163915,36.332114309066036,37.297367095947266,10687600
2022-05-23 00:00:00-04:00,38.01165095222159,38.600455666604894,37.37458434105125,38.146785736083984,9005200
2022-05-24 00:00:00-04:00,37.47111511385293,37.59659901458875,35.50199842814924,35.92671203613281,10856500
2022-05-25 00:00:00-04:00,35.7915774529052,37.34563144872591,35.743311864677196,37.258758544921875,10436800
2022-05-26 00:00:00-04:00,37.770336132941175,39.80701975467071,37.64485226106991,39.4112663269043,15248300
2022-05-27 00:00:00-04:00,39.57536240301902,40.76262283325195,39.57536240301902,40.76262283325195,10730600
2022-05-31 00:00:00-04:00,39.29544287154996,40.97498446060079,39.169962651456004,40.241390228271484,14691200
2022-06-01 00:00:00-04:00,40.66610464103235,40.83019586229619,37.86686983161769,38.166099548339844,17573200
2022-06-02 00:00:00-04:00,38.03095701012669,38.89003130494687,37.857211233404996,38.60045623779297,13761600
2022-06-03 00:00:00-04:00,37.837914392035806,38.05026752603854,36.73752667588883,37.20084762573242,14804300
2022-06-06 00:00:00-04:00,37.64485549926758,37.924779667464556,36.97883245831494,37.64485549926758,12330400
2022-06-07 00:00:00-04:00,37.036747192174545,38.40740801950267,36.92091789253248,38.35914611816406,9604700
2022-06-08 00:00:00-04:00,37.490423552718546,38.1564467418145,36.843702181728844,36.8919677734375,9643000
2022-06-09 00:00:00-04:00,36.776131383237605,36.88230978377673,35.43443053747372,35.47304153442383,11976600
2022-06-10 00:00:00-04:00,34.7491046811833,35.81088140691596,33.78385177337265,33.899681091308594,19434400
2022-06-13 00:00:00-04:00,32.818601132352825,32.91512495694177,30.897746092990637,31.090797424316406,20879100
2022-06-14 00:00:00-04:00,31.46723859785044,31.631333482260803,29.78770085239777,30.289630889892578,20521200
2022-06-15 00:00:00-04:00,30.907394259947196,31.602377435393066,30.260674827837047,30.849477767944336,20995200
2022-06-16 00:00:00-04:00,29.604307071916605,29.807009301003166,28.195036854125227,28.552181243896484,20696200
2022-06-17 00:00:00-04:00,28.68731398512769,29.420906370673453,27.760672134590116,29.20855140686035,28391100
2022-06-21 00:00:00-04:00,29.729783671601297,29.884223962798693,28.725921778818215,29.005844116210938,15125900
2022-06-22 00:00:00-04:00,28.88036042520544,29.430554161395413,28.571479860402178,28.95758056640625,16042000
2022-06-23 00:00:00-04:00,28.851400728178906,29.073410233884545,27.789624300433506,28.532867431640625,15793200
2022-06-24 00:00:00-04:00,28.49426176548665,30.2027595834562,28.49426176548665,30.115886688232422,16949600
2022-06-27 00:00:00-04:00,30.241370007313478,30.3089374084221,29.28576996076236,29.382295608520508,12782900
2022-06-28 00:00:00-04:00,29.922836773908124,31.119751865009224,29.227855421300628,29.2761173248291,14358200
2022-06-29 00:00:00-04:00,28.928625510773482,28.96723650616523,28.195033167992612,28.610092163085938,13101500
2022-06-30 00:00:00-04:00,27.915113184291624,28.204688310005782,27.123606122337424,27.963375091552734,16394800
2022-07-01 00:00:00-04:00,28.214340392162793,28.696966817650658,27.673799311117026,28.494264602661133,11374200
2022-07-05 00:00:00-04:00,27.625537844489404,28.793492929035523,27.162215069434087,28.78384017944336,15811300
2022-07-06 00:00:00-04:00,28.532872192395057,29.150635235023795,28.166076939240096,28.503915786743164,10289600
2022-07-07 00:00:00-04:00,28.841755937739304,29.150638413267394,28.40739323594064,28.87071418762207,9484100
2022-07-08 00:00:00-04:00,28.890015208087426,29.372641584858485,28.465303481028307,28.68731117248535,9632300
2022-07-11 00:00:00-04:00,28.5425245452409,28.96723628595346,28.156423799626566,28.272254943847656,12059500
2022-07-12 00:00:00-04:00,28.38808347593295,30.444072882230152,28.252948678906787,30.009708404541016,22841200
2022-07-13 00:00:00-04:00,27.94407292501378,28.716274528856,27.364920801595193,28.668012619018555,38475800
2022-07-14 00:00:00-04:00,28.29155937915377,29.343685090587503,28.0888571725287,28.735576629638672,18983900
2022-07-15 00:00:00-04:00,29.102371133600784,29.382295325293764,28.5135681859916,29.044456481933594,13055100
2022-07-18 00:00:00-04:00,30.115890359619723,30.878439171566512,29.980753705534234,30.057973861694336,19675900
2022-07-19 00:00:00-04:00,30.704690635594883,31.59272327318023,30.704690635594883,31.467239379882812,15847500
2022-07-20 00:00:00-04:00,31.438285596970022,31.93056662135168,31.02322656941195,31.708555221557617,12200800
2022-07-21 00:00:00-04:00,30.772257619680744,31.032878151546505,30.202760176907745,30.849477767944336,15522200
2022-07-22 00:00:00-04:00,31.177664479050154,31.351410276370732,30.202760778215524,30.26067543029785,11256400
2022-07-25 00:00:00-04:00,30.24136811168455,30.415113898543538,29.652563354234307,30.318588256835938,9314600
2022-07-26 00:00:00-04:00,29.87457376796342,30.12553786633886,29.507776686817394,29.57534408569336,8764800
2022-07-27 00:00:00-04:00,30.212414764998517,30.55025364521007,29.671873661304296,30.405466079711914,10281300
2022-07-28 00:00:00-04:00,30.1931101885186,30.617820122258884,29.52708519818563,30.5985164642334,10672100
2022-07-29 00:00:00-04:00,30.49233943006762,30.91704938288713,30.347551862466702,30.69504165649414,8355200
2022-08-01 00:00:00-04:00,30.675735221636238,31.177665287826244,30.16415056526287,31.110097885131836,10517300
2022-08-02 00:00:00-04:00,30.62746922278707,31.30314688216798,30.20275933964762,30.71434211730957,10132600
2022-08-03 00:00:00-04:00,31.0811431218119,32.16222530421521,30.96531380851984,32.09465789794922,11895100
2022-08-04 00:00:00-04:00,32.0560420221843,32.432489994718026,31.77611784901674,32.171875,7573300
2022-08-05 00:00:00-04:00,31.756814292002307,32.23944062663975,31.640981320543684,31.795421600341797,7722900
2022-08-08 00:00:00-04:00,32.13326654827515,32.92477354853483,32.123611958286965,32.5772819519043,9526900
2022-08-09 00:00:00-04:00,32.335965888036505,32.432489686485326,31.592720857110578,32.0560417175293,7179800
2022-08-10 00:00:00-04:00,33.00199793667129,33.33018409592454,32.71242278018851,32.751033782958984,10465700
2022-08-11 00:00:00-04:00,33.30121702999525,33.58114118729593,32.6738013232381,32.77997970581055,7598700
2022-08-12 00:00:00-04:00,33.18538683953111,33.39773991676149,32.89581178356488,33.30121612548828,7142000
2022-08-15 00:00:00-04:00,33.38809054035228,34.247164841345516,33.281912155798636,33.783843994140625,9042000
2022-08-16 00:00:00-04:00,33.86107352464944,34.546402200444426,33.50392730023718,34.112037658691406,8757400
2022-08-17 00:00:00-04:00,33.56183616602165,33.70662185890859,32.876507646108564,33.33982849121094,7976000
2022-08-18 00:00:00-04:00,33.33017988654752,33.407401882335854,32.84755345931273,33.29157257080078,5687500
2022-08-19 00:00:00-04:00,32.702768236490606,32.87651404750243,31.911261178391175,32.09465789794922,9874900
2022-08-22 00:00:00-04:00,31.370715931944765,31.370715931944765,30.74330198152059,31.254886627197266,9246500
2022-08-23 00:00:00-04:00,31.264532941953743,31.872643146298163,31.148703654222743,31.727853775024414,7974300
2022-08-24 00:00:00-04:00,31.737517391768865,32.24910026674215,31.534811477893744,32.1525764465332,5742000
2022-08-25 00:00:00-04:00,32.41319119648871,32.973035912768374,32.35527470219195,32.80894470214844,6785000
2022-08-26 00:00:00-04:00,32.77033768053489,33.06956373199195,31.51550960909,31.544466018676758,6917100
2022-08-29 00:00:00-04:00,31.081142399261203,31.225928116973535,30.743303534711337,30.91704750061035,8758400
2022-08-30 00:00:00-04:00,31.129403490532255,31.322454791244084,30.376505627044494,30.61781883239746,7506400
2022-08-31 00:00:00-04:00,30.85913324131489,30.90739698891205,29.98075328685752,29.990406036376953,7450000
2022-09-01 00:00:00-04:00,29.584996675364255,30.057970306029354,28.899668100647542,30.009708404541016,8572700
2022-09-02 00:00:00-04:00,30.347544084144833,30.723992031635312,29.63325733812717,29.864917755126953,8629600
2022-09-06 00:00:00-04:00,30.251021140167538,30.550248975266616,29.594648979764266,30.106233596801758,7630800
2022-09-07 00:00:00-04:00,30.202761561701752,31.216276284265128,30.18345606348231,31.110097885131836,9035900
2022-09-08 00:00:00-04:00,30.617816957386292,31.361063867288888,30.453723914152263,31.003917694091797,11085400
2022-09-09 00:00:00-04:00,31.30315021486144,31.621681740591768,31.119753498965032,31.525157928466797,10958900
2022-09-12 00:00:00-04:00,31.853347106135118,32.28771166673924,31.583077460491555,31.998136520385742,8295100
2022-09-13 00:00:00-04:00,30.91704545758918,31.245231551056705,30.492335558691796,30.637123107910156,9508100
2022-09-14 00:00:00-04:00,30.4923376737105,31.554114335674807,29.74909253747652,31.525157928466797,11048000
2022-09-15 00:00:00-04:00,31.341762774142047,32.567634396373506,31.322457274325696,32.12361526489258,11539700
2022-09-16 00:00:00-04:00,31.58306933531897,31.67959313188883,30.685384035061418,30.994264602661133,13830200
2022-09-19 00:00:00-04:00,30.830170772140274,31.95951646883482,30.723992389376562,31.795421600341797,8929700
2022-09-20 00:00:00-04:00,31.7182103429809,32.11396387795529,31.13905640355536,31.612031936645508,7618900
2022-09-21 00:00:00-04:00,31.274191287347765,31.332104097096742,30.00005608173717,30.0772762298584,13704400
2022-09-22 00:00:00-04:00,30.03866890007788,30.11588905288739,28.69696621353636,28.918973922729492,11105300
2022-09-23 00:00:00-04:00,28.368779239468488,28.55217778720579,27.49039933762076,28.01163673400879,12887500
2022-09-26 00:00:00-04:00,27.934413551091463,28.11781023784626,27.0463809967041,27.0463809967041,12130600
2022-09-27 00:00:00-04:00,27.61588298617617,27.924763585244747,26.834026898576045,27.50970458984375,13177600
2022-09-28 00:00:00-04:00,27.509703417957134,28.610090965531896,27.278042978524212,28.465303421020508,10325700
2022-09-29 00:00:00-04:00,27.86685272249461,27.924767382426747,27.104302028913786,27.451793670654297,11040300
2022-09-30 00:00:00-04:00,27.142906033808156,27.59657412831747,26.92089651932002,27.084989547729492,9632400
2022-10-03 00:00:00-04:00,27.007772306126178,27.50970419290705,26.254876317028437,27.278043746948242,11053600
2022-10-04 00:00:00-04:00,28.233643229414778,29.7490897680116,28.233643229414778,29.681522369384766,16308100
2022-10-05 00:00:00-04:00,28.95758461672105,29.681524232139076,28.764533316180117,29.459516525268555,8523000
2022-10-06 00:00:00-04:00,29.237510252117033,29.845618748815568,29.102373598682227,29.55604362487793,10688100
2022-10-07 00:00:00-04:00,29.150634295486228,29.16993795160746,28.050244889340167,28.368778228759766,11051700
2022-10-10 00:00:00-04:00,28.38808284740447,28.687310680368835,27.973023875929723,28.397735595703125,10400100
2022-10-11 00:00:00-04:00,29.527080985270633,29.691174022053726,27.384220599991497,27.837888717651367,17037900
2022-10-12 00:00:00-04:00,27.529010905960472,28.417043575219637,27.22978120577763,28.19503402709961,11868600
2022-10-13 00:00:00-04:00,28.310862432195098,29.942140057646785,27.52900823819247,29.324377059936523,27099400
2022-10-14 00:00:00-04:00,30.492338312466835,30.810871685943532,29.787704159181065,30.000059127807617,22499400
2022-10-17 00:00:00-04:00,30.868784111375163,31.003918914272024,29.65256536208256,30.04831886291504,15306200
2022-10-18 00:00:00-04:00,30.849480931667948,31.071488650559253,30.251025181519758,31.052183151245117,13590500
2022-10-19 00:00:00-04:00,31.447940683711938,31.79542862845697,30.965314242393934,31.390024185180664,14208800
2022-10-20 00:00:00-04:00,31.27419207482164,31.94986608655369,30.99426788016282,31.032878875732422,14786500
2022-10-21 00:00:00-04:00,30.94600888330993,31.66994854857202,30.666084662359843,31.447940826416016,11173100
2022-10-24 00:00:00-04:00,31.70855971897742,32.25875363686667,31.447944648101874,32.11396789550781,10388300
2022-10-25 00:00:00-04:00,31.930561848234586,32.80894167898776,31.776117877674366,32.722068786621094,7755600
2022-10-26 00:00:00-04:00,32.529017505567744,33.397742747087435,32.529017505567744,32.722068786621094,9418900
2022-10-27 00:00:00-04:00,33.20470152899967,33.86107380142542,32.8572098927569,32.90547180175781,8440400
2022-10-28 00:00:00-04:00,32.886162748040604,33.542534949538606,32.52902024144962,33.46531295776367,7315400
2022-10-31 00:00:00-04:00,33.465318923473305,33.7162867593335,32.71242278018851,32.751033782958984,10301300
2022-11-01 00:00:00-04:00,33.1371340702704,33.23365788812745,32.36492879882344,32.461456298828125,9195500
2022-11-02 00:00:00-04:00,32.04639440198571,32.220140204382794,30.91704668640463,30.946006774902344,13959700
2022-11-03 00:00:00-04:00,30.444073708518985,31.26453710253023,29.903530823596295,30.859130859375,10291100
2022-11-04 00:00:00-04:00,31.5637703037839,32.065702249464984,31.042532858405753,31.62168312072754,9712000
2022-11-07 00:00:00-05:00,32.210490905991136,32.47110965240351,31.438289258555145,32.20083999633789,6998500
2022-11-08 00:00:00-05:00,32.25874144030187,32.722065947488296,31.949860890275325,32.42283630371094,7679400
2022-11-09 00:00:00-05:00,32.11396275068674,32.84755329629812,31.998133439726505,32.297359466552734,7765400
2022-11-10 00:00:00-05:00,33.33018269140207,34.58501445352907,33.11782954940873,34.25682830810547,11959400
2022-11-11 00:00:00-05:00,34.44987032342148,34.74910001019334,34.03481133428351,34.20855712890625,9130000
2022-11-14 00:00:00-05:00,33.54253181434553,34.25682044291076,33.39774243437449,33.484615325927734,8299600
2022-11-15 00:00:00-05:00,34.04446317729493,34.34369283992437,33.262607164574234,33.687320709228516,8391700
2022-11-16 00:00:00-05:00,33.22399276856353,33.446004107146386,32.71241006817298,32.934417724609375,7329200
2022-11-17 00:00:00-05:00,32.27805125251158,32.94407801933926,32.14291645406744,32.87651062011719,5522200
2022-11-18 00:00:00-05:00,33.7838453386548,34.150642404761335,32.98268381033618,33.27226257324219,6364200
2022-11-21 00:00:00-05:00,33.10816339563123,33.484611319942715,32.86685024598064,33.04059600830078,5733000
2022-11-22 00:00:00-05:00,33.17573078296168,33.31086555762258,32.57727520282923,33.04059600830078,4823800
2022-11-23 00:00:00-05:00,33.16608866871846,33.64871509595325,33.01164835928922,33.29157257080078,5420600
2022-11-25 00:00:00-05:00,33.301224648292504,34.16029912978601,33.16608983306623,33.880374908447266,4352600
2022-11-28 00:00:00-05:00,33.49427692209706,33.70663005975962,32.693115234375,32.693115234375,6061200
2022-11-29 00:00:00-05:00,32.83790270448785,33.523231350650995,32.70276789337371,33.40740203857422,6778200
2022-11-30 00:00:00-05:00,33.310873196629466,34.15064580113957,33.021298087071315,34.1409912109375,7404100
2022-12-01 00:00:00-05:00,34.218209791105814,34.498133964690076,33.88036912852748,34.15064239501953,6371600
2022-12-02 00:00:00-05:00,33.7838486290484,34.47883183627596,33.668019321892906,34.46917724609375,6566300
2022-12-05 00:00:00-05:00,34.48847786169252,35.59851991806879,34.440215964055895,34.54639434814453,12131800
2022-12-06 00:00:00-05:00,34.65258435010551,34.98077051907009,33.976906510219855,34.662235260009766,8832900
2022-12-07 00:00:00-05:00,34.401605601666475,34.41126019065827,33.10816683777888,33.13712692260742,10996500
2022-12-08 00:00:00-05:00,33.36878525276509,33.53288012504716,32.14291389262232,32.36492156982422,8918400
2022-12-09 00:00:00-05:00,32.15257366854325,32.64485100051232,32.007784268591955,32.625545501708984,5989400
2022-12-12 00:00:00-05:00,32.51936527341215,33.58114555509238,32.43249237474874,33.56184005737305,7163700
2022-12-13 00:00:00-05:00,34.28578295132274,34.47883426494518,31.669948514073894,32.22014236450195,15029400
2022-12-14 00:00:00-05:00,33.44600679786901,33.57148699498457,32.55797241853482,33.117820739746094,23497700
2022-12-15 00:00:00-05:00,32.48076051845271,32.87651404750243,31.689253460353285,32.09465789794922,11682500
2022-12-16 00:00:00-05:00,32.09465897171617,32.567634513549564,31.48654861282969,31.959524154663086,12861400
2022-12-19 00:00:00-05:00,32.15257283318968,32.519366254481156,31.70855373654387,31.776121139526367,8440100
2022-12-20 00:00:00-05:00,31.71820968045956,32.12361411565667,31.61203127634199,31.756820678710938,5995900
2022-12-21 00:00:00-05:00,32.08500193964113,32.8089414775359,32.04639094723815,32.500057220458984,8164600
2022-12-22 00:00:00-05:00,32.432493353196904,32.46145344172319,31.16801451268388,31.776121139526367,6806000
2022-12-23 00:00:00-05:00,31.689254257021233,32.01743670590799,31.24523512763533,32.00778579711914,5955600
2022-12-27 00:00:00-05:00,31.71820968045956,32.17187970454463,31.45759096548393,31.756820678710938,7613000
2022-12-28 00:00:00-05:00,31.698902295530466,31.872648095177883,30.810869640389804,30.878437042236328,7687300
2022-12-29 00:00:00-05:00,30.83982411349593,31.621676434087053,30.714340233073276,31.59272003173828,7388000
2022-12-30 00:00:00-05:00,31.312800213122117,31.901605023554342,31.2259273118756,31.71820831298828,6957600
2023-01-03 00:00:00-05:00,32.09465947071983,32.38423460921408,31.216279464070247,31.476898193359375,8640200
2023-01-04 00:00:00-05:00,31.805075359851365,33.27225982075605,31.795420771408157,33.195037841796875,11318800
2023-01-05 00:00:00-05:00,33.4846181667615,34.334041658219746,33.3205269588766,34.005855560302734,11332500
2023-01-06 00:00:00-05:00,33.96724460160493,34.81666809398485,33.88037170258713,34.77805709838867,11110400
2023-01-09 00:00:00-05:00,35.27034379459815,36.11976374229072,35.08694337691059,35.49235153198242,11251300
2023-01-10 00:00:00-05:00,35.39581859427954,36.84369780187608,35.38616768637368,36.7664794921875,10283500
2023-01-11 00:00:00-05:00,36.602376229699814,37.35527574932312,36.50585244412712,36.85334396362305,14336700
2023-01-12 00:00:00-05:00,37.49041619783717,38.243312149298596,36.98848433614723,38.22400665283203,20052100
2023-01-13 00:00:00-05:00,35.2799891795883,36.95953067535198,35.251032773813016,36.872657775878906,29120400
2023-01-17 00:00:00-05:00,36.872655886485305,37.0270961796185,36.2548947139525,36.93056869506836,17803900
2023-01-18 00:00:00-05:00,37.712425056685014,37.953738246800555,36.97883457887848,37.04640197753906,18661200
2023-01-19 00:00:00-05:00,36.53481819490529,37.10431751270587,35.7433111677448,37.0174446105957,17006100
2023-01-20 00:00:00-05:00,37.18153935900359,37.83791157630796,37.00779355547317,37.6738166809082,11998700
2023-01-23 00:00:00-05:00,37.83790953276169,37.94408792720106,37.38423955002879,37.72208023071289,12459300
2023-01-24 00:00:00-05:00,37.886169578830874,38.08887176802145,37.1139681327618,37.451805114746094,7679600
2023-01-25 00:00:00-05:00,37.384238146816784,38.12748319784765,37.2780597563628,38.011653900146484,10181800
2023-01-26 00:00:00-05:00,38.050251992604615,38.137124865369984,37.278050724771326,37.85720443725586,7618400
2023-01-27 00:00:00-05:00,37.64485404424399,37.85721080944719,37.355278980333,37.38423538208008,7298400
2023-01-30 00:00:00-05:00,37.094660747785575,38.021302435891464,36.93056587764261,37.065704345703125,8982000
2023-01-31 00:00:00-05:00,37.46146587474125,37.751041004448055,37.036752247833554,37.74138641357422,7919200
2023-02-01 00:00:00-05:00,37.490410837848394,38.68732567262458,37.258748595517176,38.50392532348633,10781400
2023-02-02 00:00:00-05:00,38.812817805547006,38.9383017121913,38.13714004642454,38.51359176635742,10322700
2023-02-03 00:00:00-05:00,37.9344385956226,38.61976727744806,37.92478768667544,38.2047119140625,8279400
2023-02-06 00:00:00-05:00,37.90547652647695,38.45567030799973,37.722079826685054,38.26261901855469,6453800
2023-02-07 00:00:00-05:00,38.127478770328146,38.388097421501904,37.32631732240736,38.214351654052734,7994700
2023-02-08 00:00:00-05:00,38.61010765203731,38.90933731191345,37.799295244058655,38.06956481933594,8942300
2023-02-09 00:00:00-05:00,38.33984667570726,38.58115990265477,37.52903408587773,37.65451431274414,5840000
2023-02-10 00:00:00-05:00,37.16223177689946,37.200842771551805,36.50585959639804,36.84369659423828,8190200
2023-02-13 00:00:00-05:00,36.82439770804909,37.393897036953916,36.66030280879817,37.258758544921875,7842200
2023-02-14 00:00:00-05:00,37.191192562487025,37.886175819501396,36.92092293238034,37.74138641357422,7286000
2023-02-15 00:00:00-05:00,37.32632480037124,37.895824111737895,37.26841198771696,37.66416549682617,4151600
2023-02-16 00:00:00-05:00,37.278060967198684,37.44215585290674,36.89196206827152,36.94987487792969,6273300
2023-02-17 00:00:00-05:00,36.84369541701263,37.09466319208688,36.36106904572048,37.027095794677734,5961400
2023-02-21 00:00:00-05:00,36.58308396841549,36.76648068173837,35.54060913778684,35.81087875366211,7276600
2023-02-22 00:00:00-05:00,35.71435193073062,36.15836731426225,35.55991163723496,35.724002838134766,6220000
2023-02-23 00:00:00-05:00,36.32246438022626,36.81474169465773,35.86879437987866,36.22593688964844,7620100
2023-02-24 00:00:00-05:00,35.521304755876784,36.10045868514852,35.38616994369095,36.06184768676758,5482500
2023-02-27 00:00:00-05:00,36.49620915257767,36.882308057566064,36.25489595615473,36.52516555786133,7961500
2023-02-28 00:00:00-05:00,36.33211571315517,37.38424143880199,36.33211571315517,37.00779342651367,8203600
2023-03-01 00:00:00-05:00,37.007795223443644,37.32632675617432,36.68926000856548,37.1718864440918,5983200
2023-03-02 00:00:00-05:00,36.785788303315734,37.21049825022321,36.53482048939274,37.08501434326172,5295200
2023-03-03 00:00:00-05:00,37.63520714543691,37.876520338084326,37.239453656781016,37.50006866455078,7160300
2023-03-06 00:00:00-05:00,37.63521326443428,37.90548290585466,37.02710288909073,37.123626708984375,5238300
2023-03-07 00:00:00-05:00,37.55798873590313,38.38810678686997,37.35528651847563,37.71242904663086,11338800
2023-03-08 00:00:00-05:00,37.84755925009581,38.359145708837694,37.80894825657812,38.349491119384766,7836500
2023-03-09 00:00:00-05:00,38.359150146848194,38.899689390046206,36.98848917556589,37.152584075927734,9930000
2023-03-10 00:00:00-05:00,37.56763992834705,37.56763992834705,35.308951747686535,35.95566940307617,12931100
2023-03-13 00:00:00-04:00,35.14485397475748,35.289643366273495,34.16029568603126,34.44021987915039,14734000
2023-03-14 00:00:00-04:00,35.11589430680963,35.22207269310373,33.88036834519731,34.23751449584961,14902900
2023-03-15 00:00:00-04:00,33.17573937327858,33.3012232745899,31.447939572826087,32.07535171508789,18703300
2023-03-16 00:00:00-04:00,31.969170311715718,32.712415377181216,31.496198522331255,32.53866958618164,13436300
2023-03-17 00:00:00-04:00,32.10430670323322,32.19117960304779,31.380367098827524,31.81473159790039,12989700
2023-03-20 00:00:00-04:00,31.930559182884295,32.35526902003218,31.776115225216028,31.98847198486328,9241000
2023-03-21 00:00:00-04:00,32.548318798834224,32.95372312276306,32.48075141151275,32.71240997314453,8366000
2023-03-22 00:00:00-04:00,32.71241442383775,32.837898309713125,31.5927214045536,31.631332397460938,10330400
2023-03-23 00:00:00-04:00,31.853339901639202,32.19117688228267,30.704688644231037,31.023221969604492,10506900
2023-03-24 00:00:00-04:00,30.637125742209754,30.752956896188202,29.961449840735625,30.492338180541992,12647300
2023-03-27 00:00:00-04:00,31.061834595193414,31.177663897196403,30.63712285867748,31.013572692871094,7194500
2023-03-28 00:00:00-04:00,30.888092505759055,31.39967535959847,30.859134256248343,31.34176254272461,6752000
2023-03-29 00:00:00-04:00,31.68924823534365,32.25874379935773,31.39001856968387,32.1622200012207,9977900
2023-03-30 00:00:00-04:00,32.538667800383095,33.0985161366886,32.538667800383095,32.92477035522461,10614900
2023-03-31 00:00:00-04:00,33.30122624171024,33.725936207335685,33.17574232921837,33.70663070678711,9177200
2023-04-03 00:00:00-04:00,33.28191072705263,33.63905317437225,32.97303017550919,33.195037841796875,9275500
2023-04-04 00:00:00-04:00,33.3687907960853,33.49427469783536,32.33597053910942,32.74137496948242,8551700
2023-04-05 00:00:00-04:00,32.393886960809105,32.46145436571486,31.7085546391048,32.297359466552734,8679600
2023-04-06 00:00:00-04:00,32.41319249743295,32.64485111962339,32.06570088199989,32.51936721801758,6291800
2023-04-10 00:00:00-04:00,32.519365233693726,32.973035224176,32.45179783283218,32.78963851928711,8534800
2023-04-11 00:00:00-04:00,32.789632360622335,33.571484618640625,32.760672278444495,33.37843704223633,9801200
2023-04-12 00:00:00-04:00,33.12747547153054,33.27226486294755,31.9884768843014,32.567630767822266,21581700
2023-04-13 00:00:00-04:00,32.86684793714321,32.92476441456354,31.312790773419742,32.21047592163086,37172700
2023-04-14 00:00:00-04:00,32.53867164006099,32.81859584124579,31.872648520620494,32.596588134765625,15803000
2023-04-17 00:00:00-04:00,32.63520354808927,33.40740517125784,32.500065042155455,33.388099670410156,12113600
2023-04-18 00:00:00-04:00,33.72593193103485,34.23751842533581,33.33983301546221,34.13134002685547,13113100
2023-04-19 00:00:00-04:00,33.92863406687197,34.93249408203279,33.89967398185079,34.6815299987793,11774200
2023-04-20 00:00:00-04:00,34.353346464979694,34.41126295714613,33.38809368842185,33.43635559082031,11195600
2023-04-21 00:00:00-04:00,33.474963894383464,33.484614801228425,32.68345697581088,33.13712692260742,9579200
2023-04-24 00:00:00-04:00,33.22399276856353,33.2722583443446,32.29735115505166,32.934417724609375,8452700
2023-04-25 00:00:00-04:00,32.72207483048846,32.80894773890081,31.940218654777272,31.959524154663086,9119000
2023-04-26 00:00:00-04:00,32.02709097114884,32.30701519109714,31.554115438058695,31.612031936645508,9237500
2023-04-27 00:00:00-04:00,31.901601733910287,32.28770429566878,31.592721157362263,32.171875,9561500
2023-04-28 00:00:00-04:00,32.287702846720684,33.19503903934438,32.085000667860086,33.117820739746094,11108900
2023-05-01 00:00:00-04:00,33.233652327611956,33.93828639008541,32.992339141197206,33.51357650756836,9901400
2023-05-02 00:00:00-04:00,33.301220902022926,33.465312107153,32.71241611722043,33.330177307128906,10014900
2023-05-03 00:00:00-04:00,33.33017155942615,33.60044479501353,32.86685074689328,32.94407272338867,11166100
2023-05-04 00:00:00-04:00,32.770339670763754,32.79929608210911,31.544467934455206,31.930570602416992,11694300
2023-05-05 00:00:00-04:00,32.2780547163108,33.00199437036023,32.162225402664184,32.76068115234375,8697900
2023-05-08 00:00:00-04:00,33.05025344704433,33.233650131024966,32.557972517293344,33.01164245605469,8726300
2023-05-09 00:00:00-04:00,32.760674696768795,33.22399554220417,32.52901611512449,33.01164245605469,5845700
2023-05-10 00:00:00-04:00,33.446012631187294,33.52323094425322,31.959522362657328,32.625545501708984,9025300
2023-05-11 00:00:00-04:00,32.38422820097651,32.471101093549024,31.86299084554145,32.065696716308594,7620000
2023-05-12 00:00:00-04:00,32.220141115227676,32.384232332048526,31.708554601641858,32.07535171508789,8934300
2023-05-15 00:00:00-04:00,32.19118218172944,32.557979308345246,31.911261644034706,32.5483283996582,7586600
2023-05-16 00:00:00-04:00,32.48075287347969,33.050252079498584,32.200828723607586,32.64484405517578,8646700
2023-05-17 00:00:00-04:00,33.10816705801313,34.92284317512363,33.0309487562993,34.6815299987793,16957300
2023-05-18 00:00:00-04:00,34.64292526245117,34.8649329829191,34.305088227423354,34.64292526245117,9786300
2023-05-19 00:00:00-04:00,34.681533882182535,34.74910128455294,33.79349937908294,34.35334777832031,8999000
2023-05-22 00:00:00-04:00,34.81666034668042,35.07727898574171,33.98654253681405,34.22785568237305,9021000
2023-05-23 00:00:00-04:00,34.49814401660148,35.36686951175618,34.08308492990663,34.662235260009766,10602100
2023-05-24 00:00:00-04:00,34.324384442179294,34.49813020809492,33.310866246955975,33.71627426147461,8803900
2023-05-25 00:00:00-04:00,33.88037378237895,34.57535701718383,33.812806377011526,34.507789611816406,6880100
2023-05-26 00:00:00-04:00,34.50779044844005,34.99041688827837,34.46917944953758,34.64292526245117,6703600
2023-05-30 00:00:00-04:00,35.02903325438805,35.64679460289192,34.84563282257415,35.019378662109375,8652600
2023-05-31 00:00:00-04:00,35.588868275146055,35.637130176777596,34.633270103541534,35.06763458251953,9972100
2023-06-01 00:00:00-04:00,35.154501627262015,35.53095327391528,34.74909725999258,35.11589431762695,7769000
2023-06-02 00:00:00-04:00,35.627479035505125,36.332113104713244,35.357209442424484,35.724002838134766,8931000
2023-06-05 00:00:00-04:00,35.7915769372259,35.92671174516353,35.27999043012968,35.81087875366211,8285200
2023-06-06 00:00:00-04:00,35.37651695359792,36.36107157934801,35.33790595748887,36.332115173339844,5744700
2023-06-07 00:00:00-04:00,36.52516712934943,36.93057154935177,36.29350483067144,36.901615142822266,10268900
2023-06-08 00:00:00-04:00,36.91127242248569,37.847565229249554,36.91127242248569,37.751041412353516,14879500
2023-06-09 00:00:00-04:00,37.76069030714951,38.5135900309422,37.722082991738844,37.915130615234375,14940000
2023-06-12 00:00:00-04:00,38.20470969779716,38.82247093471307,38.16609869995307,38.803165435791016,10953500
2023-06-13 00:00:00-04:00,38.98656183269345,40.202782479779295,38.80316511765871,40.115909576416016,14333300
2023-06-14 00:00:00-04:00,40.26069338035956,40.76262527791895,40.038685678349154,40.72401428222656,13048900
2023-06-15 00:00:00-04:00,40.28965374164751,41.52517615501166,40.202780841823646,41.39004135131836,14463100
2023-06-16 00:00:00-04:00,41.370736653642,41.66031176460753,41.07150695242747,41.30316925048828,12219200
2023-06-20 00:00:00-04:00,40.94602027645513,41.15837706175904,40.66609977472832,41.003936767578125,12208700
2023-06-21 00:00:00-04:00,41.01359413952275,41.544482456650776,40.888110241317,41.30316925048828,9063100
2023-06-22 00:00:00-04:00,41.12941698841561,41.60238873621498,41.00393310991616,41.44794845581055,7195500
2023-06-23 00:00:00-04:00,40.78193037741471,41.5058699699132,40.62749007830092,41.37073516845703,19597400
2023-06-26 00:00:00-04:00,41.36107847644127,42.06571621761719,41.1776817812355,41.6410026550293,10820000
2023-06-27 00:00:00-04:00,42.16223612926995,44.6622406449594,41.86300648161024,44.488494873046875,25947100
2023-06-28 00:00:00-04:00,44.66225368827052,45.28001497675178,44.44989686454968,45.08696365356445,17184100
2023-06-29 00:00:00-04:00,45.125568981726275,45.76263569065299,44.61398616941843,44.70085906982422,15246600
2023-06-30 00:00:00-04:00,45.02904060247228,46.07151161937396,44.87460031544437,45.88811492919922,13335700
2023-07-03 00:00:00-04:00,45.79159377309763,46.49622791011915,45.79159377309763,46.29352569580078,6305700
2023-07-05 00:00:00-04:00,46.061863009984855,47.12363957599584,46.00394651865537,46.83406448364258,10488400
2023-07-06 00:00:00-04:00,46.32248001346805,46.76649538440852,45.5985404678337,45.6854133605957,15081900
2023-07-07 00:00:00-04:00,45.8398567787698,46.7085820835426,45.511670681727495,46.216304779052734,14600600
2023-07-10 00:00:00-04:00,46.16804313761075,46.92093914244596,46.00394824708549,46.77614974975586,10141000
2023-07-11 00:00:00-04:00,46.891981826582736,47.09468402669661,46.34178435432815,46.969200134277344,9937300
2023-07-12 00:00:00-04:00,47.007821891968604,47.33600805964227,46.21631472560529,46.28388214111328,15383400
2023-07-13 00:00:00-04:00,48.021324445965384,48.07924093669928,45.58888706734728,46.052207946777344,32909200
2023-07-14 00:00:00-04:00,46.216641508316556,46.25533359747862,44.436845995549625,44.96885299682617,18178700
2023-07-17 00:00:00-04:00,44.96886038918834,45.64595361142715,44.80442082815797,45.268714904785156,9712500
2023-07-18 00:00:00-04:00,45.278383634849135,46.806684301974336,45.19132827666676,46.78733825683594,11640400
2023-07-19 00:00:00-04:00,46.53585052890974,47.02916180223692,46.33272257459155,46.96145248413086,9050800
2023-07-20 00:00:00-04:00,46.555195885542446,47.20327183206196,46.13926511483728,47.09687042236328,10591000
2023-07-21 00:00:00-04:00,47.30000276454226,47.49345585062753,46.70996125829136,46.96145248413086,8909700
2023-07-24 00:00:00-04:00,46.53585164830469,46.67127028777424,45.781374262756536,45.92646408081055,9434100
2023-07-25 00:00:00-04:00,45.133296918184534,45.25904438552516,43.962888685676475,44.920494079589844,13411000
2023-07-26 00:00:00-04:00,44.92049118578215,45.24936660156877,44.46587200063678,44.91082000732422,8056600
2023-07-27 00:00:00-04:00,44.52390811682674,44.649655580770954,43.90484935568794,44.25307083129883,8835300
2023-07-28 00:00:00-04:00,44.55292784854575,44.63998321513398,44.00157842344733,44.22405242919922,8272200
2023-07-31 00:00:00-04:00,44.31111427498357,44.814100501053495,44.22405889566605,44.74638748168945,7190000
2023-08-01 00:00:00-04:00,44.24340334863124,44.25307452825892,42.811825231550245,43.914527893066406,9002800
2023-08-02 00:00:00-04:00,43.44056128218735,43.6050008638754,43.169723959267955,43.33415985107422,7641900
2023-08-03 00:00:00-04:00,42.86986139073653,43.17939078280903,42.579678046903744,42.74411392211914,7096100
2023-08-04 00:00:00-04:00,43.014954622891096,43.34383006102658,42.76345968732088,43.13102722167969,7244100
2023-08-07 00:00:00-04:00,43.22774716387206,43.9338612075336,43.034294092092544,43.7597541809082,5994000
2023-08-08 00:00:00-04:00,43.16004350023637,44.436853128490334,43.14069745254994,44.29176330566406,5892100
2023-08-09 00:00:00-04:00,44.24340097382089,44.58194759084157,43.28579188729166,43.5566291809082,6073200
2023-08-10 00:00:00-04:00,43.9435422908741,44.214379581580076,43.03430017930309,43.39219284057617,6926200
2023-08-11 00:00:00-04:00,43.140700421464224,43.227755797103605,42.65706026566359,42.724769592285156,5489100
2023-08-14 00:00:00-04:00,42.56032478486375,42.889200169432925,42.270141490215835,42.782798767089844,6363300
2023-08-15 00:00:00-04:00,42.44425783446953,42.618368572327185,41.554358097654735,41.612396240234375,7020200
2023-08-16 00:00:00-04:00,41.63174201467903,42.31851009290089,41.16744794673124,41.27384567260742,5617100
2023-08-17 00:00:00-04:00,41.27384651437966,41.35123070555649,40.35493322838347,40.412967681884766,6408100
2023-08-18 00:00:00-04:00,39.987360424084926,40.267872545267885,39.755211571065715,40.13245391845703,6282000
2023-08-21 00:00:00-04:00,40.32590824796746,40.4903477927064,39.88096026318367,40.37427520751953,4164700
2023-08-22 00:00:00-04:00,40.64511609201036,40.78053473511083,39.88096381750769,40.248531341552734,4249200
2023-08-23 00:00:00-04:00,40.24852608245653,41.01267825711083,39.90997582906093,40.81922149658203,7094300
2023-08-24 00:00:00-04:00,40.625764009179306,41.09005801221281,40.3452518959255,40.52903747558594,5478200
2023-08-25 00:00:00-04:00,40.722496428022325,40.78053457049451,39.793908287754974,40.33558654785156,5804500
2023-08-28 00:00:00-04:00,40.36459577182213,41.051363717124794,40.36459577182213,41.02234649658203,4454500
2023-08-29 00:00:00-04:00,40.983658796241336,42.61836460623574,40.85791503384248,42.337852478027344,8969800
2023-08-30 00:00:00-04:00,42.34753618460819,42.415245519741426,41.80586150354229,41.81553268432617,5511900
2023-08-31 00:00:00-04:00,42.115379248285265,42.154071340437056,41.041697675299524,41.47697448730469,6506500
2023-09-01 00:00:00-04:00,41.68977534022969,41.77683070623459,40.954644008318034,41.4576301574707,5200300
2023-09-05 00:00:00-04:00,41.090058581800925,41.11907580430503,39.95834262557162,40.39361572265625,8261200
2023-09-06 00:00:00-04:00,40.132457667643465,41.31253701858203,40.132457667643465,40.34525680541992,7535200
2023-09-07 00:00:00-04:00,40.14212186199885,40.30655769848366,39.62946461898088,39.78422927856445,7242800
2023-09-08 00:00:00-04:00,39.80357921718431,40.14212579006381,39.4166656854241,39.484375,8049900
2023-09-11 00:00:00-04:00,39.7552182096039,39.842273582787975,39.39732553757227,39.503726959228516,6422500
2023-09-12 00:00:00-04:00,39.57143780019692,39.900313257062514,39.271579572210705,39.35863494873047,6840000
2023-09-13 00:00:00-04:00,38.207568581361805,38.78793523575912,37.994765752804895,38.25593185424805,11263000
2023-09-14 00:00:00-04:00,38.88466943837216,38.96204994490816,37.65622299435496,38.04313659667969,13190400
2023-09-15 00:00:00-04:00,38.01411207342111,38.79761038338731,37.83033015917872,38.594482421875,9842300
2023-09-18 00:00:00-04:00,38.28495271858863,38.52677277257704,37.462762321099305,37.61752700805664,8517700
2023-09-19 00:00:00-04:00,37.59818959455233,38.22692335524962,37.37571553658244,38.15921401977539,8175500
2023-09-20 00:00:00-04:00,38.46873557338958,38.565462121401374,37.50145533374654,37.60785675048828,7000200
2023-09-21 00:00:00-04:00,37.31767017633543,37.6562167548625,36.95977386202857,37.04682922363281,7938900
2023-09-22 00:00:00-04:00,37.124218401452914,37.16290680857425,36.292356765299964,36.43744659423828,7754200
2023-09-25 00:00:00-04:00,36.17628236766132,36.495482927379314,35.886095344432434,36.33104705810547,7346900
2023-09-26 00:00:00-04:00,35.982833044322426,36.46647326349375,35.51853887670381,35.56690216064453,8988900
2023-09-27 00:00:00-04:00,35.5668925903885,35.93446009122147,35.33474372410424,35.46049118041992,7996900
2023-09-28 00:00:00-04:00,35.49918867721496,36.24399497049704,35.21867649730061,35.74100875854492,8247600
2023-09-29 00:00:00-04:00,36.03119156811688,36.253665596758395,35.5378802332825,35.789371490478516,7990300
2023-10-02 00:00:00-04:00,35.76035622703093,35.98283026789787,35.11227646460835,35.25736999511719,5799800
2023-10-03 00:00:00-04:00,34.957505994139076,35.10259950074118,33.980554611312535,34.08695602416992,9406100
2023-10-04 00:00:00-04:00,34.30943146114225,35.073580050164864,34.203030043841544,34.880126953125,9430500
2023-10-05 00:00:00-04:00,35.276713025701106,35.450823771456164,34.8317612921707,35.2476921081543,8342200
2023-10-06 00:00:00-04:00,35.14129545355084,36.10857576410431,35.07358243712106,35.789371490478516,9785200
2023-10-09 00:00:00-04:00,34.54157547000849,34.61895965807798,33.554949211409486,34.12564468383789,14475900
2023-10-10 00:00:00-04:00,34.570598436790554,35.4701656922484,34.54157751960189,34.65765380859375,12365700
2023-10-11 00:00:00-04:00,34.68674427924615,35.520933950706436,34.279351388649026,34.900142669677734,14319300
2023-10-12 00:00:00-04:00,35.899223855995416,35.95742441879274,33.871950504481546,34.09505081176758,29838600
2023-10-13 00:00:00-04:00,33.7361603264193,34.36665361161519,32.93107271476844,33.076568603515625,14423600
2023-10-16 00:00:00-04:00,33.08627295988103,33.70706434425993,32.872874533922584,33.386966705322266,10136900
2023-10-17 00:00:00-04:00,33.299669854541975,34.13385592631045,33.24146927735463,33.639163970947266,10331900
2023-10-18 00:00:00-04:00,33.07656502065839,33.07656502065839,32.028980674361755,32.14537811279297,14724500
2023-10-19 00:00:00-04:00,32.21327656675045,32.610971202134735,31.679784304679995,31.728282928466797,13407100
2023-10-20 00:00:00-04:00,31.611887531941452,31.737986922093334,31.223891116185534,31.262691497802734,8364900
2023-10-23 00:00:00-04:00,31.039595461129498,31.611888150452398,30.826198908371694,31.07839584350586,12427600
2023-10-24 00:00:00-04:00,31.13659517858975,31.47609300091217,30.932898705321346,31.058998107910156,8662800
2023-10-25 00:00:00-04:00,30.903797367162777,30.97169618521578,30.389703408883683,30.467302322387695,11186400
2023-10-26 00:00:00-04:00,30.53520439103128,31.039598307554048,30.244208896939654,30.65160369873047,10230800
2023-10-27 00:00:00-04:00,30.806800608858904,30.845599143513606,29.681615352309873,29.730113983154297,10826500
2023-10-30 00:00:00-04:00,29.924111144287114,30.457603465050866,29.924111144287114,30.292705535888672,10783100
2023-10-31 00:00:00-04:00,30.205404075935483,30.38000208679587,29.836809714199976,30.312103271484375,9104300
2023-11-01 00:00:00-04:00,30.447902957805447,30.651601267596625,29.914410644250033,30.176307678222656,9336700
2023-11-02 00:00:00-04:00,30.709802039330942,31.126896932332958,30.62250302218614,31.058998107910156,9711700
2023-11-03 00:00:00-04:00,31.582791878762908,32.52367716453421,31.534289547363578,32.34907913208008,12310200
2023-11-06 00:00:00-05:00,32.62067197958162,32.71766922368387,31.485784982505372,31.931978225708008,8225800
2023-11-07 00:00:00-05:00,32.01927982048964,32.51397542604375,31.631287112428048,32.43637466430664,10497700
2023-11-08 00:00:00-05:00,32.737073484001044,33.668260463940456,32.70797504719298,33.144466400146484,14144100
2023-11-09 00:00:00-05:00,33.38696459041564,33.59066475693095,32.31028168270355,32.47517776489258,8513100
2023-11-10 00:00:00-05:00,32.59157610325114,33.10567195627283,32.43637826276741,33.03777313232422,7536700
2023-11-13 00:00:00-05:00,32.775873866550555,33.35786480396065,32.67887291017678,33.144466400146484,7144400
2023-11-14 00:00:00-05:00,34.06595283360234,34.4248507976317,33.82345600935931,34.18235397338867,10993800
2023-11-15 00:00:00-05:00,34.444247861655384,35.365736549183865,34.43454961661544,34.686744689941406,10580600
2023-11-16 00:00:00-05:00,34.61885004759179,35.10384376263335,34.22115534926604,34.444252014160156,7756300
2023-11-17 00:00:00-05:00,34.70614986799523,35.00684731035925,34.45395475842525,34.97774887084961,8447200
2023-11-20 00:00:00-05:00,34.87104867186959,35.50153827805021,34.647952008124896,35.404541015625,7784200
2023-11-21 00:00:00-05:00,35.1911390733532,35.259037890291886,34.62854834726006,34.80314636230469,7345000
2023-11-22 00:00:00-05:00,35.69553578836319,35.928334393814005,34.706148190561755,34.87104797363281,12367700
2023-11-24 00:00:00-05:00,35.074748740287376,35.239648543572095,34.87105224817868,35.01654815673828,4392600
2023-11-27 00:00:00-05:00,34.81284188428004,34.91954107403951,34.599443504761105,34.76434326171875,7147100
2023-11-28 00:00:00-05:00,34.83224792056307,35.04564633590475,34.395752843822514,34.95834732055664,7810200
2023-11-29 00:00:00-05:00,35.268741329627524,35.811931888145914,35.24934113822213,35.54033660888672,9311600
2023-11-30 00:00:00-05:00,35.60823019666083,36.112623998464265,35.10383639485739,35.82162857055664,11392800
2023-12-01 00:00:00-05:00,35.87013749964155,36.975922663578416,35.860439252681005,36.908023834228516,11014200
2023-12-04 00:00:00-05:00,36.859523072870616,37.49971464139108,36.57822582452762,37.01472091674805,9760000
2023-12-05 00:00:00-05:00,36.62672759920323,36.791627403837225,36.24843305356065,36.481231689453125,7828100
2023-12-06 00:00:00-05:00,37.092324409486274,38.333907251574935,36.98562519020514,37.77131271362305,12499700
2023-12-07 00:00:00-05:00,38.26599961719291,39.30388572925111,38.22719923725237,39.12928771972656,12122600
2023-12-08 00:00:00-05:00,39.05168567827842,39.517282821869536,38.66369299222951,39.13898468017578,8728400
2023-12-11 00:00:00-05:00,39.19718838420704,39.41058678374225,38.90619292133688,39.294185638427734,7295400
2023-12-12 00:00:00-05:00,39.303889091129335,40.21567589647486,39.303889091129335,40.002281188964844,8448900
2023-12-13 00:00:00-05:00,39.64338922971176,40.11868474648058,38.91589858377763,39.95378494262695,12821300
2023-12-14 00:00:00-05:00,40.283571468795735,41.41845853626645,40.244774788872974,41.166259765625,14530800
2023-12-15 00:00:00-05:00,41.311767963766215,41.311767963766215,40.720074994000676,41.069271087646484,12907200
2023-12-18 00:00:00-05:00,40.73946970335588,40.91406772667263,39.86647958677212,39.9440803527832,8624000
2023-12-19 00:00:00-05:00,40.176867496871985,40.45816466906378,39.82767521783549,39.914974212646484,7560000
2023-12-20 00:00:00-05:00,39.54638255356765,40.18657402175503,39.06138890493456,39.12928771972656,9695100
2023-12-21 00:00:00-05:00,39.63368442913645,40.351473008988954,39.546385418050804,39.88587951660156,7709400
2023-12-22 00:00:00-05:00,39.82768147403023,40.04107617248277,39.662781702281215,39.89558029174805,6839000
2023-12-26 00:00:00-05:00,39.779182800642864,39.89558395617179,39.52698769741364,39.536685943603516,4722900
2023-12-27 00:00:00-05:00,39.49788359383868,39.653081412077015,39.187487957362016,39.37178421020508,4486400
2023-12-28 00:00:00-05:00,39.284495523434565,39.497893967134864,39.235996886286905,39.41059494018555,4558100
2023-12-29 00:00:00-05:00,39.31359378838401,39.439693204566304,38.780101381748054,39.02259826660156,8624200
2024-01-02 00:00:00-05:00,38.77038759921763,39.711272619296224,38.382391258837956,39.23598098754883,9483800
2024-01-03 00:00:00-05:00,38.469695171523774,38.60549279796593,37.50940614135627,37.577308654785156,11846200
2024-01-04 00:00:00-05:00,37.57732039615884,38.489107387314974,37.49971961382608,38.02351379394531,8355800
2024-01-05 00:00:00-05:00,37.9750135104001,39.517293840482616,37.88771448416114,39.32329559326172,11060000
2024-01-08 00:00:00-05:00,39.99257686361255,40.83646479814962,39.87617942096798,40.38057327270508,11967400
2024-01-09 00:00:00-05:00,40.15748283881514,41.117768364407155,40.05078362481413,41.049869537353516,11894000
2024-01-10 00:00:00-05:00,40.96256214020006,41.24385933773195,40.72006532168109,40.84616470336914,10255600
2024-01-11 00:00:00-05:00,40.59397398796398,41.09836791450716,40.23507966146138,40.991668701171875,10485200
2024-01-12 00:00:00-05:00,38.944993467930146,39.53668264151343,37.22811541945962,37.31541442871094,42272200
2024-01-16 00:00:00-05:00,36.99531435514536,37.043812979219126,35.249337987034814,36.34542465209961,27511600
2024-01-17 00:00:00-05:00,36.18052741784782,36.83042086650793,35.87983370745698,36.02532958984375,11165800
2024-01-18 00:00:00-05:00,36.1805283902144,37.13111557481277,36.03503250391737,36.94681930541992,13540800
2024-01-19 00:00:00-05:00,37.0341152289197,37.102014043571046,35.588832530895665,36.16112518310547,19117400
2024-01-22 00:00:00-05:00,36.52972415294426,37.03411802863401,35.87013244628906,35.87013244628906,11661700
2024-01-23 00:00:00-05:00,36.91771924578766,37.80040757128114,36.539421077540716,36.86921691894531,15332500
2024-01-24 00:00:00-05:00,37.24751960439098,37.53851509969544,36.888621583313956,37.043819427490234,9694900
2024-01-25 00:00:00-05:00,37.87800387519141,39.100189963061865,37.83920349457788,38.974090576171875,19386400
2024-01-26 00:00:00-05:00,39.051686865836636,39.35238425934013,38.40179715433255,38.44059753417969,8126600
2024-01-29 00:00:00-05:00,38.43089978152769,38.96439211189674,38.15930449338526,38.88679504394531,7247500
2024-01-30 00:00:00-05:00,38.40180309148354,38.82859623516321,38.22720505538539,38.33390426635742,6610800
2024-01-31 00:00:00-05:00,38.20780217252092,38.55699822013279,37.713110238542896,37.96530532836914,8183300
2024-02-01 00:00:00-05:00,38.22720584901071,38.615202315108014,37.4415146702575,38.56669998168945,9865500
2024-02-02 00:00:00-05:00,38.266005794945,38.92559755958866,37.984708545274636,38.78009796142578,7513500
2024-02-05 00:00:00-05:00,38.25629229305514,38.36299147278518,37.790698899857354,38.06229782104492,7931900
2024-02-06 00:00:00-05:00,38.0817003231005,39.07108782749774,37.868305630142004,38.974090576171875,7579200
2024-02-07 00:00:00-05:00,39.10019003863537,39.20688553521686,38.59579619030847,39.00318908691406,6544000
2024-02-08 00:00:00-05:00,39.090486056945636,39.274786005511054,38.36299560787019,39.13898468017578,7611500
2024-02-09 00:00:00-05:00,39.30388758397464,39.64338167395515,38.76069333979777,39.294185638427734,7769400
2024-02-12 00:00:00-05:00,39.10988089374777,39.71127187995298,39.07108052039072,39.36207962036133,6677300
2024-02-13 00:00:00-05:00,38.64430038080881,38.89649549118414,38.17870684612539,38.80919647216797,8855300
2024-02-14 00:00:00-05:00,39.16809121124201,39.89558174198465,38.75099634426624,39.61428451538086,8961800
2024-02-15 00:00:00-05:00,39.95377409241727,40.176870719225874,39.575479651298004,39.76947784423828,7291500
2024-02-16 00:00:00-05:00,39.33298457822274,39.41058533892085,38.780092108976476,38.915889739990234,7674100
2024-02-20 00:00:00-05:00,38.770391862637254,39.66277836335228,38.64429248311613,39.3814811706543,8190900
2024-02-21 00:00:00-05:00,39.28449084037429,39.75008436186483,38.91589458161613,39.536685943603516,5903000
2024-02-22 00:00:00-05:00,39.769476987059285,41.117758663611724,39.71127642036931,40.85586166381836,12389000
2024-02-23 00:00:00-05:00,40.807252395847165,40.846141405644715,40.29193314413116,40.564178466796875,9103400
2024-02-26 00:00:00-05:00,40.60307271273008,41.02116022133387,40.47667692381398,40.63224411010742,7783300
2024-02-27 00:00:00-05:00,40.90448522755666,41.08922009981362,40.60307218533445,40.816978454589844,7119400
2024-02-28 00:00:00-05:00,40.36971898651789,40.95309493848224,40.35027262691723,40.84614181518555,7376400
2024-02-29 00:00:00-05:00,41.00170619688492,41.517025418751466,40.82669639039872,41.09893798828125,10294100
2024-03-01 00:00:00-05:00,41.030893311295685,41.15729283403871,40.379453040864746,40.992000579833984,5332300
2024-03-04 00:00:00-05:00,40.72946931137661,41.28367760490965,40.06830788944,40.4183349609375,8206500
2024-03-05 00:00:00-05:00,40.10719824261092,40.71002054736993,40.0294128050865,40.64196014404297,7123200
2024-03-06 00:00:00-05:00,40.816976571685274,41.08921820435044,40.573902625658796,40.85586929321289,6435500
2024-03-07 00:00:00-05:00,41.030884649451146,42.042073199897835,40.97254556457429,41.59481430053711,9519200
2024-03-08 00:00:00-05:00,41.643429275749575,42.071238075876614,40.923928779748564,41.06977462768555,8222400
2024-03-11 00:00:00-04:00,40.8947629354373,41.517031657832476,40.78780980333547,41.49758529663086,8031400
2024-03-12 00:00:00-04:00,41.07949774548349,41.57536697387695,40.45722902396459,41.57536697387695,15141900
2024-03-13 00:00:00-04:00,41.49758105931827,43.23799126450147,41.44896701578527,42.693504333496094,12386600
2024-03-14 00:00:00-04:00,42.596275757257644,42.693503843207075,41.585087343723124,41.8670539855957,9658300
2024-03-15 00:00:00-04:00,41.78927133786204,42.28514425272516,41.76982497757192,41.925392150878906,8026800
2024-03-18 00:00:00-04:00,42.129577071203975,42.44071141775728,41.439244262588225,42.23652648925781,8313200
2024-03-19 00:00:00-04:00,42.168469003675774,42.57683517994731,42.02262685494713,42.528221130371094,5358600
2024-03-20 00:00:00-04:00,42.74211802532956,44.190840248380326,42.41153733940605,44.122779846191406,9632600
2024-03-21 00:00:00-04:00,44.23945713043213,44.77421905723895,43.95749046954734,44.72560501098633,9868900
2024-03-22 00:00:00-04:00,44.72561030763161,44.87145617267531,44.317247819932334,44.326969146728516,6666100
2024-03-25 00:00:00-04:00,44.220009764399144,44.32696288913079,43.335220790274484,44.16167068481445,8827000
2024-03-26 00:00:00-04:00,44.317241160427145,44.84227803585599,44.18111664263492,44.65754318237305,7468400
2024-03-27 00:00:00-04:00,44.929785802066874,46.18404821209555,44.77421863013405,45.99931335449219,10201400
2024-03-28 00:00:00-04:00,45.98959579677562,46.72854276535272,45.940981743083206,46.54380416870117,13599400
2024-04-01 00:00:00-04:00,47.15634348856034,47.83695124978564,46.87437683320767,46.88410186767578,13772800
2024-04-02 00:00:00-04:00,46.00903227493624,46.11598539548922,45.11452201033628,45.600669860839844,9990900
2024-04-03 00:00:00-04:00,45.49371810666136,46.15487949992487,45.21175145473731,45.27981185913086,11209100
2024-04-04 00:00:00-04:00,45.91180509382278,46.738254972370946,44.39502243509572,44.60892868041992,10628300
2024-04-05 00:00:00-04:00,44.71588277110459,45.17285924735294,44.19084218067739,44.78394317626953,7632900
2024-04-08 00:00:00-04:00,45.03673978184006,46.07709595929987,45.01729342135313,45.70762252807617,9977500
2024-04-09 00:00:00-04:00,45.84374851193873,46.174329232719934,45.143694348163436,46.009037017822266,13330700
2024-04-10 00:00:00-04:00,46.524346786032574,47.87584089627065,44.45335965893978,44.958953857421875,34952500
2024-04-11 00:00:00-04:00,45.445101323866936,46.553517796080875,45.28953416476698,46.31044387817383,14073300
2024-04-12 00:00:00-04:00,45.49372242605852,45.64928960930178,44.813114608488924,45.56178283691406,16612000
2024-04-15 00:00:00-04:00,45.960423531383476,46.49518548679803,45.00757407960511,45.357601165771484,12122000
2024-04-16 00:00:00-04:00,45.3089823949344,45.474274608157174,44.3755793253682,45.26036834716797,11692900
2024-04-17 00:00:00-04:00,46.39795683744456,46.85493334204929,45.843748527275096,46.553524017333984,13841600
2024-04-18 00:00:00-04:00,46.67019888245709,47.84667592245563,46.485464013792466,46.52435302734375,12255100
2024-04-19 00:00:00-04:00,46.47574094296697,47.39942274335836,46.184052929426095,46.252113342285156,9271700
2024-04-22 00:00:00-04:00,46.475743161121066,47.81751253826511,46.475743161121066,47.66194534301758,10442100
2024-04-23 00:00:00-04:00,47.07855849107705,48.2453141342777,46.864655947950254,47.866119384765625,10669300
2024-04-24 00:00:00-04:00,47.83694921307114,47.90500961539452,46.41739838030655,46.611854553222656,10329500
2024-04-25 00:00:00-04:00,45.979865652724044,48.556447094492434,45.57149952018243,48.498111724853516,12946800
2024-04-26 00:00:00-04:00,48.38143919269305,48.84814445814965,47.817509536205584,48.53700637817383,9983000
2024-04-29 00:00:00-04:00,48.44949628039521,49.33428521481737,48.37171084443937,49.05231857299805,9601300
2024-04-30 00:00:00-04:00,48.45922609470187,49.32456882172995,48.39116568082423,48.68285369873047,11063500
2024-05-01 00:00:00-04:00,48.65367792654775,49.10093306030006,47.91473111433513,48.63423156738281,10368700
2024-05-02 00:00:00-04:00,49.188444087484484,49.77182007696591,48.848142045122664,49.61625289916992,8196100
2024-05-03 00:00:00-04:00,49.937110387831154,50.21907704591453,49.41206979188568,50.12184524536133,9165900
2024-05-06 00:00:00-04:00,50.52049107821602,51.53167964442092,50.24824942924327,51.463619232177734,8541200
2024-05-07 00:00:00-04:00,50.69549850670579,51.07469324600346,50.56909902393529,50.75383758544922,6583900
2024-05-08 00:00:00-04:00,50.714944814341806,51.28859943984949,50.520484927743404,50.83161926269531,5125500
2024-05-09 00:00:00-04:00,50.68578236373318,51.43445059359162,50.578829229608516,51.288604736328125,4601700
2024-05-10 00:00:00-04:00,51.48306316997809,51.677523071094136,50.71494860052748,51.142757415771484,6118900
2024-05-13 00:00:00-04:00,51.59086352542506,52.46759797967293,51.4350000353453,51.62009048461914,7137400
2024-05-14 00:00:00-04:00,52.04871564733007,52.126645536567494,51.57138160496507,51.68828201293945,5549600
2024-05-15 00:00:00-04:00,51.941560252010056,52.14613039757332,51.629833254176816,51.88311004638672,5655300
2024-05-16 00:00:00-04:00,51.95130478002433,52.09742472268981,51.11353706419117,51.15250015258789,4801100
2024-05-17 00:00:00-04:00,51.171978404903015,51.8343991500087,51.07456511959632,51.33758544921875,4535300
2024-05-20 00:00:00-04:00,51.210946500610554,51.86362742012369,51.191463099840746,51.62009048461914,4470500
2024-05-21 00:00:00-04:00,51.34733218993657,51.51293925650196,50.67517151242552,50.87974166870117,6094900
2024-05-22 00:00:00-04:00,50.860250444024715,51.0453408850198,49.81791270397341,50.24654006958008,6309900
2024-05-23 00:00:00-04:00,50.31473674160245,50.382926792193416,49.213948656795516,49.87636947631836,6112500
2024-05-24 00:00:00-04:00,50.11990745826773,50.53879132965459,49.78869704173112,50.49982452392578,5197700
2024-05-28 00:00:00-04:00,50.37318383645384,50.421890485162514,48.90222223540889,48.98015213012695,6060800
2024-05-29 00:00:00-04:00,47.6650531472779,48.7073910177719,47.03185557761526,48.60997772216797,10796100
2024-05-30 00:00:00-04:00,48.70738782993591,48.85351147985723,48.113157103838084,48.814544677734375,4909200
2024-05-31 00:00:00-04:00,49.097056251562066,49.75947712901287,48.92170933011454,49.701026916503906,7780900
2024-06-03 00:00:00-04:00,50.119904246923895,50.30499098815793,49.15549630536384,49.476966857910156,5403300
2024-06-04 00:00:00-04:00,49.291874019478776,50.06145162378172,48.02548270424228,48.571006774902344,7232200
2024-06-05 00:00:00-04:00,48.7073903492212,50.363442364310515,48.51256004460852,49.50619125366211,10234100
2024-06-06 00:00:00-04:00,49.68153034488403,50.32446764776293,48.999626243993475,49.12626647949219,5228700
2024-06-07 00:00:00-04:00,48.70739312400043,49.39903721450223,48.697653280450474,49.136016845703125,4743500
2024-06-10 00:00:00-04:00,48.999635327111186,49.55489929543294,48.71713156327617,49.19446563720703,3734400
2024-06-11 00:00:00-04:00,48.83403526968959,48.89248176540144,47.78195375392439,48.015750885009766,7120800
2024-06-12 00:00:00-04:00,48.65868594319241,49.866627198483805,48.51256227898304,49.311363220214844,6810000
2024-06-13 00:00:00-04:00,49.10678674397445,49.194460188002154,48.07418881610133,48.872989654541016,5250400
2024-06-14 00:00:00-04:00,48.23980107319348,48.346957929256426,46.19408839691328,47.46048355102539,12323500
2024-06-17 00:00:00-04:00,47.35332746494463,48.493078662883406,47.24617060713928,48.424888610839844,5288500
2024-06-18 00:00:00-04:00,48.29825210571289,48.62945880672142,47.90859147993476,48.29825210571289,5026600
2024-06-20 00:00:00-04:00,48.083931942633214,48.463848957982506,48.0059983414956,48.32746887207031,5303100
2024-06-21 00:00:00-04:00,48.27876333336165,48.31772641874277,47.46047908309862,48.103416442871094,9374800
2024-06-24 00:00:00-04:00,48.14237778575278,49.067818848494944,48.06444790173247,48.12289810180664,6695400
2024-06-25 00:00:00-04:00,48.2690279212517,48.56127154936459,47.4215202849005,47.548160552978516,7726200
2024-06-26 00:00:00-04:00,46.66168042193942,47.216944362507796,45.93106958265694,46.93444061279297,10964200
2024-06-27 00:00:00-04:00,46.905214831624384,47.382545139802964,46.63245093944364,47.34357833862305,6504900
2024-06-28 00:00:00-04:00,47.16823791919232,47.246171532241874,45.81417297912961,46.21357345581055,11892900
2024-07-01 00:00:00-04:00,46.57400682454606,46.66168027362445,45.53166899443579,45.70701217651367,9064600
2024-07-02 00:00:00-04:00,45.784948989550294,46.06745275815332,45.31735846707587,45.502445220947266,6361900
2024-07-03 00:00:00-04:00,45.931073991117366,46.242801015177776,45.69727686503243,46.16486740112305,3543200
2024-07-05 00:00:00-04:00,45.931072220218745,45.931072220218745,44.771833910364876,44.830284118652344,9605500
2024-07-08 00:00:00-04:00,45.60959930845422,46.0771898025238,45.08355860909635,45.15174865722656,7404000
2024-07-09 00:00:00-04:00,45.171234273035225,46.37917922898098,45.06407741612724,45.677791595458984,9369500
2024-07-10 00:00:00-04:00,45.91158755565329,46.06745105739045,45.27838998955167,45.64856719970703,11416100
2024-07-11 00:00:00-04:00,41.898092331454905,43.86587119664475,41.07980808767377,43.826908111572266,33857200
2024-07-12 00:00:00-04:00,43.31060910728316,43.71975310441339,42.42413478225967,42.49232482910156,16717000
2024-07-15 00:00:00-04:00,42.48257826801882,42.49231810913642,41.615587481500604,41.88834762573242,12563800
2024-07-16 00:00:00-04:00,42.12215430801127,44.85950736475652,42.04422069696132,44.830284118652344,15554000
2024-07-17 00:00:00-04:00,44.15811576931034,44.84001616706118,44.12888881220783,44.576995849609375,7160500
2024-07-18 00:00:00-04:00,44.56725714083843,45.590111479543594,43.43724596088326,43.75871276855469,10441500
2024-07-19 00:00:00-04:00,43.58337357067181,44.67441805023831,42.911209220196206,44.26527404785156,8789800
2024-07-22 00:00:00-04:00,43.495700304475996,43.75871693759356,42.42413550596305,42.6968994140625,14486000
2024-07-23 00:00:00-04:00,42.70663561894169,42.901465903536504,42.122148481235826,42.482582092285156,10772600
2024-07-24 00:00:00-04:00,42.35593945810617,42.765083404259364,41.703262315059675,41.829898834228516,7120100
2024-07-25 00:00:00-04:00,41.63507920672648,42.8625038173298,41.41102193935001,42.34620666503906,9293100
2024-07-26 00:00:00-04:00,42.83327607165931,43.13525948398941,42.2390453729627,42.989139556884766,8721400
2024-07-29 00:00:00-04:00,42.989146666701785,43.03785331712541,42.05396188460367,42.06370544433594,7832300
2024-07-30 00:00:00-04:00,42.42539685723696,43.09990064847811,42.12235697645914,42.259212493896484,6087700
2024-07-31 00:00:00-04:00,42.27875913272832,42.953262849272654,41.897517739506185,42.053924560546875,7718200
2024-08-01 00:00:00-04:00,42.34719098879849,42.40584495076166,40.049964882887856,40.56806182861328,9729500
2024-08-02 00:00:00-04:00,39.74692135676579,39.776246470538204,38.70095003651138,38.93556213378906,9378300
2024-08-05 00:00:00-04:00,36.66765775735023,37.86026210888417,36.46237450212865,37.07822799682617,19882800
2024-08-06 00:00:00-04:00,37.37149101925214,38.036220959148935,36.784966356535136,37.361717224121094,7541400
2024-08-07 00:00:00-04:00,37.87003978161445,37.95801885263109,36.45260085036086,36.48192596435547,10595700
2024-08-08 00:00:00-04:00,36.95114940321793,38.81825763460256,36.91204676206054,38.72050476074219,9297300
2024-08-09 00:00:00-04:00,38.63251833700695,38.857352887361884,37.98733979671771,38.417457580566406,8279500
2024-08-12 00:00:00-04:00,38.124199741292045,38.32948299877727,37.93846780295296,38.18285369873047,10284000
2024-08-13 00:00:00-04:00,38.446795435480865,38.8084855596417,38.221957103372844,38.61297607421875,7616400
2024-08-14 00:00:00-04:00,38.84757917580534,38.9746571421238,37.78205664332286,37.8211555480957,5936300
2024-08-15 00:00:00-04:00,38.44678802523959,39.66871741232655,38.3881340722077,39.2776985168457,9742600
2024-08-16 00:00:00-04:00,39.199502398237556,39.375460569382504,38.89646622606948,39.248382568359375,4633800
2024-08-19 00:00:00-04:00,39.32657944888297,39.6882695447402,39.1115186588437,39.56119155883789,5246900
2024-08-20 00:00:00-04:00,39.59051515244004,39.63939158583402,39.160397317927085,39.21904754638672,4108400
2024-08-21 00:00:00-04:00,39.42433153490916,39.53185818858547,39.01376132175101,39.2776985168457,6508200
2024-08-22 00:00:00-04:00,39.34613208318207,39.8251301145345,39.17017392709612,39.23860168457031,4620900
2024-08-23 00:00:00-04:00,39.53186641090248,40.50941012389344,39.18972760296897,40.45075988769531,6033500
2024-08-26 00:00:00-04:00,40.68536549587419,41.0079566889384,39.89355752932218,40.05973815917969,6110900
2024-08-27 00:00:00-04:00,40.137940581552,40.20636833356394,39.58074104143607,39.8935546875,5348200
2024-08-28 00:00:00-04:00,39.86422585733807,40.02063268042052,39.238598565008274,39.52208709716797,7586900
2024-08-29 00:00:00-04:00,39.73714828448178,40.93952644844258,39.727370760357985,40.626712799072266,8824200
2024-08-30 00:00:00-04:00,40.96885434281286,41.6531356456317,40.871101469138644,41.535831451416016,8652000
2024-09-03 00:00:00-04:00,41.15458465783922,41.7802157031877,41.10570822294575,41.418521881103516,7690200
2024-09-04 00:00:00-04:00,41.33054280668208,41.90729368810414,41.21323861713116,41.418521881103516,7096300
2024-09-05 00:00:00-04:00,41.85841196255096,42.904383199004975,41.125254344716886,41.22300720214844,18941400
2024-09-06 00:00:00-04:00,41.19368150210455,42.07347212254702,40.54850295679089,41.086151123046875,8498200
2024-09-09 00:00:00-04:00,41.60425281553792,43.08034186377583,41.60425281553792,42.699100494384766,12176000
2024-09-10 00:00:00-04:00,42.933711522390404,43.01191679741233,41.82908998045136,42.425392150878906,7184800
2024-09-11 00:00:00-04:00,42.5329202554506,43.34428323072002,42.06369977647653,43.28562927246094,6984900
2024-09-12 00:00:00-04:00,45.24071703138884,45.50465425330372,41.897519678532866,43.275856018066406,13654900
2024-09-13 00:00:00-04:00,43.91126089849176,44.644418668222855,43.84283313830619,44.16542434692383,9391400
2024-09-16 00:00:00-04:00,44.04811691060861,44.86925370151985,44.04811691060861,44.302276611328125,7171400
2024-09-17 00:00:00-04:00,44.927904151431974,46.36489447479668,44.78127484496665,45.631736755371094,8579600
2024-09-18 00:00:00-04:00,45.75881398129551,46.8927643269229,45.4068977138538,45.86634063720703,7584000
2024-09-19 00:00:00-04:00,46.61905057215307,46.72658095933315,45.81746515921597,46.07162857055664,6676800
2024-09-20 00:00:00-04:00,46.003206515552165,46.10095939107256,45.47533203806244,45.88589859008789,9728200
2024-09-23 00:00:00-04:00,45.8174674245586,46.364893182253994,45.45577733718761,46.100955963134766,5449600
2024-09-24 00:00:00-04:00,46.30624132338363,46.814564465212264,45.81746950189838,46.726585388183594,6652700
2024-09-25 00:00:00-04:00,46.90253777460894,48.08536454218243,46.8829864566698,47.65524673461914,9203400
2024-09-26 00:00:00-04:00,48.87717507133322,50.82248827994659,48.54481013168685,50.64653015136719,17920400
2024-09-27 00:00:00-04:00,50.85181936527346,51.27216341858743,50.060007693651855,50.382598876953125,10931300
2024-09-30 00:00:00-04:00,50.30439319307011,50.45102622594262,49.14111764153119,49.64944076538086,8083200
2024-10-01 00:00:00-04:00,49.65921044258776,49.83516857582987,47.97783811132131,48.83807373046875,10546000
2024-10-02 00:00:00-04:00,48.27110260413539,48.27110260413539,47.117600891458636,47.3131103515625,8142000
2024-10-03 00:00:00-04:00,47.332655515692025,47.41086078733874,45.8467926447303,46.39421463012695,9561800
2024-10-04 00:00:00-04:00,47.968060413421895,48.53503744714829,47.26422788301191,48.173343658447266,8574400
2024-10-07 00:00:00-04:00,47.968066135241635,48.564368352520184,47.81165930194177,48.35908508300781,7103400
2024-10-08 00:00:00-04:00,48.80875353435331,50.050234386599115,48.77942841886997,49.48325729370117,8425800
2024-10-09 00:00:00-04:00,49.65921260494558,50.71496145036975,49.48325446404156,49.83517074584961,9670500
2024-10-10 00:00:00-04:00,49.52143204032173,50.49205770789569,48.325312051437635,49.30574035644531,16893700
2024-10-11 00:00:00-04:00,48.99200668483309,50.511669905335374,48.472377107213994,50.32538986206055,8037200
2024-10-14 00:00:00-04:00,50.34499357887954,52.32545926724169,50.070474841495354,52.13917922973633,9581400
2024-10-15 00:00:00-04:00,52.78625877797582,53.227452252260505,51.521505398372064,51.69798278808594,9175400
2024-10-16 00:00:00-04:00,52.207811674680514,55.374594919945835,52.15879100327516,55.207923889160156,18957900
2024-10-17 00:00:00-04:00,54.41377123702988,54.95300605983985,53.982384126789334,54.178466796875,8349900
2024-10-18 00:00:00-04:00,54.462793914287566,55.13929186717309,53.786299701439376,54.70790100097656,8222100
2024-10-21 00:00:00-04:00,53.60981693203121,54.12944270697137,53.38431888366025,54.0215950012207,6869400
2024-10-22 00:00:00-04:00,54.00199286673778,54.139252231113474,53.10979951822142,53.72747039794922,5701400
2024-10-23 00:00:00-04:00,53.32549654214172,54.01179712464786,53.17843453591438,53.58041000366211,6624000
2024-10-24 00:00:00-04:00,54.19807202517675,54.66867713256903,53.060775413969495,53.698055267333984,5724600
2024-10-25 00:00:00-04:00,53.923557539373604,54.18827363428045,52.815672491808776,53.0607795715332,5982900
2024-10-28 00:00:00-04:00,54.41376621444343,55.53145378692881,54.27650686203812,54.29611587524414,10898800
2024-10-29 00:00:00-04:00,53.62942809701836,56.24716983053655,53.53138302420449,56.21775817871094,9524100
2024-10-30 00:00:00-04:00,56.00206750797715,57.91390357955984,56.00206750797715,57.31584167480469,11089000
2024-10-31 00:00:00-04:00,57.15896973042306,57.933508993005574,55.982455010303845,56.1001091003418,7749400
2024-11-01 00:00:00-04:00,56.36483193045862,58.03155726481973,56.36483193045862,57.247215270996094,9588400
2024-11-04 00:00:00-05:00,56.68836417262808,56.98249191548106,55.69813323234769,55.77656555175781,7959800
2024-11-05 00:00:00-05:00,55.97265140735212,57.48251187646105,55.962848770036636,57.149166107177734,5390600
2024-11-06 00:00:00-05:00,59.3159166775113,61.43364181755317,59.149245649007334,61.10029602050781,16683600
2024-11-07 00:00:00-05:00,60.443411579693404,61.24736255816463,59.227678733691484,59.24728775024414,7400000
2024-11-08 00:00:00-05:00,59.71788894874341,60.502230858405895,59.315913486289055,59.85514831542969,4646000
2024-11-11 00:00:00-05:00,59.88456301831685,62.590543510482945,59.63945594061916,62.31602478027344,8087400
2024-11-12 00:00:00-05:00,61.96307000146556,62.855259614849,61.58070355859226,62.79643630981445,6598700
2024-11-13 00:00:00-05:00,63.002323554927884,64.4533532248095,62.75721648419762,63.19840621948242,8528900
2024-11-14 00:00:00-05:00,63.747451061516074,64.95338128067714,63.355285686900324,63.580780029296875,7311800
2024-11-15 00:00:00-05:00,64.15922948486914,64.55139481554843,62.6101509964336,62.8160400390625,9852600
2024-11-18 00:00:00-05:00,62.825844894262296,62.825844894262296,61.1591160989956,62.00228500366211,6628900
2024-11-19 00:00:00-05:00,60.48262262918571,63.88471388789146,60.090453539276496,63.48273468017578,9800400
2024-11-20 00:00:00-05:00,62.84545106591047,63.77686241719721,60.45320741620684,62.39445495605469,10922900
2024-11-21 00:00:00-05:00,63.43370973524927,63.776865633598646,62.05130968446355,62.1003303527832,9931500
2024-11-22 00:00:00-05:00,62.208178067108804,62.37484908740309,61.66894323551806,62.1003303527832,6625400
2024-11-25 00:00:00-05:00,63.070952900604595,63.90431544064726,62.71799812222137,63.22781753540039,7901300
2024-11-26 00:00:00-05:00,63.59057982694497,64.64944418100988,62.73760825730633,62.88467025756836,5499600
2024-11-27 00:00:00-05:00,62.816040895211025,63.13958402949795,61.99248097343367,62.374847412109375,5557400
2024-11-29 00:00:00-05:00,62.40426708310596,62.82585158030501,62.31602838043552,62.57093811035156,3111400
2024-12-02 00:00:00-05:00,62.74740958833575,62.972911382776445,61.92384968788736,62.1689567565918,6299600
2024-12-03 00:00:00-05:00,62.168961730251084,62.28661208543114,60.85518758728888,61.345401763916016,5337600
2024-12-04 00:00:00-05:00,61.688549105462606,63.01212586303826,61.54148709908603,63.00232696533203,5301200
2024-12-05 00:00:00-05:00,65.33574050097167,66.17890942689057,64.07098711209329,64.4827651977539,9380100
2024-12-06 00:00:00-05:00,65.66910211820053,65.79655512629158,62.91409303497728,63.26704788208008,8635300
2024-12-09 00:00:00-05:00,63.208215196065034,63.590581643722494,60.982642453506806,61.041465759277344,6331700
2024-12-10 00:00:00-05:00,62.43367830606045,62.992522172433915,61.11990415317395,61.54148864746094,6552600
2024-12-11 00:00:00-05:00,61.747372833447514,62.7278011167478,61.443438719211066,62.237586975097656,7100300
2024-12-12 00:00:00-05:00,62.355242765613966,62.541526549327685,60.18849696796823,60.42380142211914,8166400
2024-12-13 00:00:00-05:00,61.07087871388572,61.07087871388572,59.74729828633522,60.315948486328125,5835600
2024-12-16 00:00:00-05:00,60.217905747391605,60.60027593463698,59.35513151678149,59.85514831542969,6105200
2024-12-17 00:00:00-05:00,59.64925799621904,60.09045147977838,59.26689155714667,59.61984634399414,5537800
2024-12-18 00:00:00-05:00,59.78652104945671,60.766949411186154,57.16877911885706,57.727622985839844,8171800
2024-12-19 00:00:00-05:00,58.521763346536055,59.42375931912405,57.717812447075616,59.19826126098633,9403300
2024-12-20 00:00:00-05:00,58.65902580996721,60.62968500790173,58.65902580996721,59.73749542236328,13918600
2024-12-23 00:00:00-05:00,59.41395252014144,60.35516651530082,58.7178493360429,60.315948486328125,7196400
2024-12-24 00:00:00-05:00,60.20810391053268,61.71796444423683,60.07084454202089,61.33559799194336,3218400
2024-12-26 00:00:00-05:00,60.78655717833697,61.619919772670215,60.50223206166805,61.17873001098633,4478100
2024-12-27 00:00:00-05:00,60.776751096280606,61.16892016666818,59.855146113793744,60.06103515625,7175400
2024-12-30 00:00:00-05:00,58.99237379551979,59.98260855317236,58.19822920179961,59.531612396240234,5153300
2024-12-31 00:00:00-05:00,59.37474501893417,59.91397988882439,58.91394247591865,59.31591796875,4326500
2025-01-02 00:00:00-05:00,59.09041704965411,59.58063122420903,57.45309976182127,57.913902282714844,8639300
2025-01-03 00:00:00-05:00,57.864877263824475,57.94330958103844,55.619695615514196,57.84526824951172,9207000
2025-01-06 00:00:00-05:00,59.11982747498282,59.757107384678385,58.443333274565994,58.86491775512695,9652900
2025-01-07 00:00:00-05:00,59.11982325091516,60.374773965261724,58.776674856388944,59.982601165771484,9074200
2025-01-08 00:00:00-05:00,59.75710817453137,60.64929781587552,58.71785278591752,60.2179069519043,9062400
2025-01-10 00:00:00-05:00,63.71802536000535,67.63973808223498,63.2474240221789,65.63966369628906,27227200
2025-01-13 00:00:00-05:00,65.01219543869067,65.11024424861672,62.090523416699696,63.82587814331055,12375500
2025-01-14 00:00:00-05:00,65.19849620711257,65.41419167709111,64.07100191954581,64.99260711669922,6989800
2025-01-15 00:00:00-05:00,65.81615903216613,65.96322479540525,63.835696858115746,64.21806335449219,8808600
2025-01-16 00:00:00-05:00,64.15922791670353,65.12984980253722,63.570964974914354,64.8847427368164,6427000
2025-01-17 00:00:00-05:00,65.39457364669879,65.68870516933791,64.35532189883786,64.53179931640625,5978000
2025-01-21 00:00:00-05:00,65.45340076770559,67.16915043334741,65.45340076770559,67.00247192382812,11875200
2025-01-22 00:00:00-05:00,68.40448043355073,68.6103769627298,65.8847799563069,66.45343017578125,11612600
2025-01-23 00:00:00-05:00,66.85541282000362,67.31621534986147,65.8749844518209,66.12989044189453,8116300
2025-01-24 00:00:00-05:00,66.06126365946496,66.62010755469362,65.38477314213034,65.86518096923828,5186700
2025-01-27 00:00:00-05:00,65.03180719014671,66.94363927304722,64.75728847876344,66.44361877441406,4157600
2025-01-28 00:00:00-05:00,66.306360756634,66.3946031899728,64.97297772009017,66.32597351074219,5175900
2025-01-29 00:00:00-05:00,66.97305940402552,67.1887548417317,66.25735088444576,67.09071350097656,4841300
2025-01-30 00:00:00-05:00,66.66912249278367,67.74759209591683,66.47303983042278,67.22796630859375,6381000
2025-01-31 00:00:00-05:00,67.46327554465421,67.86525477750695,65.8847852284655,65.95341491699219,4482900
2025-02-03 00:00:00-05:00,63.865100930032064,65.73772263405884,63.698429908857044,65.17887878417969,5711800
2025-02-04 00:00:00-05:00,65.98281821661588,67.76719717014322,65.23769071995635,67.70836639404297,7789200
2025-02-05 00:00:00-05:00,67.35541165773441,68.09073277836502,66.68872020915973,67.70836639404297,5467300
2025-02-06 00:00:00-05:00,67.79661298661111,68.00250201543791,65.94360424709615,66.59068298339844,6000400
2025-02-07 00:00:00-05:00,66.85541326574639,67.40445076196535,66.14950363913638,66.80638885498047,5313900
2025-02-10 00:00:00-05:00,66.52207693240558,66.58090773301677,64.55141341364926,64.89456939697266,6825700
2025-02-11 00:00:00-05:00,64.37492805530594,64.61022876124402,62.82584949105827,63.48273468017578,7899000
2025-02-12 00:00:00-05:00,63.669019760301595,65.12004953669971,63.345476607969346,65.03181457519531,7642300
2025-02-13 00:00:00-05:00,65.17887850453666,65.51222054545654,60.012017029682426,62.806236267089844,12609600
2025-02-14 00:00:00-05:00,63.09057527991625,64.24748126048058,62.64938542735978,64.11022186279297,6049800
2025-02-18 00:00:00-05:00,63.51214417268846,64.8357208836638,62.76701656914724,63.080753326416016,6876200
2025-02-19 00:00:00-05:00,62.69839605022899,64.61023215147077,62.57093931280288,63.76706314086914,7614200
2025-02-20 00:00:00-05:00,63.82588078512025,64.20824722342157,61.28657134046285,62.50230407714844,8671600
2025-02-21 00:00:00-05:00,62.698391441671994,63.05134249315597,58.45313504592923,58.82569885253906,12798800
2025-02-24 00:00:00-05:00,60.129672598453936,61.07088291837484,59.061005545615416,60.28654098510742,11226700
2025-02-25 00:00:00-05:00,60.34535735075098,61.00224621557292,58.649216946414036,60.58066177368164,9713100
2025-02-26 00:00:00-05:00,60.98264582938203,62.19837492307849,60.42380195340201,60.492431640625,5474300
2025-02-27 00:00:00-05:00,60.79710017220959,61.04280458367235,58.408852992859416,58.72335433959961,7326200
2025-02-28 00:00:00-05:00,58.77249283317235,59.548919651540196,58.035379619338705,59.08699417114258,8627800
2025-03-03 00:00:00-05:00,59.07716724052312,59.58823284851718,56.63978001334871,57.4456901550293,7966100
2025-03-04 00:00:00-05:00,55.68645352698994,55.902674631570925,52.90508124594926,53.750301361083984,17873700
2025-03-05 00:00:00-05:00,54.123764992370646,56.11888352286502,53.65201299374323,55.7945556640625,8741500
2025-03-06 00:00:00-05:00,54.78225581091598,55.96163395607879,53.612700443178774,54.015655517578125,10669300
2025-03-07 00:00:00-05:00,53.081977431540984,53.406309042220336,50.25146541599288,52.36452102661133,15670600
2025-03-10 00:00:00-04:00,50.742879875032926,50.742879875032926,47.56837909298031,49.46521759033203,20260900
2025-03-11 00:00:00-04:00,47.58802639745938,48.433250133413374,45.04253241237469,45.877925872802734,31482500
2025-03-12 00:00:00-04:00,46.13346119549324,46.585560183979254,43.371745875479306,44.52164077758789,16767700
2025-03-13 00:00:00-04:00,44.57077754893016,45.32754756591579,42.1039069733758,43.165348052978516,16240600
2025-03-14 00:00:00-04:00,44.0105756722555,45.956554280118056,43.42088654835243,45.94672775268555,16680800
2025-03-17 00:00:00-04:00,45.01304865525908,46.23174421891016,44.914768387659805,46.084320068359375,12570500
2025-03-18 00:00:00-04:00,45.248926078892836,45.642050894380844,44.16782440070915,45.130985260009766,13907000
2025-03-19 00:00:00-04:00,45.21943818984116,47.145763623099086,45.209611663019466,46.929542541503906,11359500
2025-03-20 00:00:00-04:00,45.91724005770488,46.62486618931221,45.77964619181322,46.143287658691406,6816800
2025-03-21 00:00:00-04:00,45.20961104688032,46.153115073279665,44.580608362614086,45.96638107299805,17062800
2025-03-24 00:00:00-04:00,46.929541828958435,48.5217053396758,46.88040169729249,48.04012680053711,9852900
2025-03-25 00:00:00-04:00,48.74775330754777,49.13105533535966,47.578201668924294,47.83373260498047,8227000
2025-03-26 00:00:00-04:00,48.05978572603427,48.43325374251448,46.69366601080274,47.24404525756836,6853200
2025-03-27 00:00:00-04:00,46.70349180950584,47.17524379758349,45.18995183787033,45.357032775878906,11157800
2025-03-28 00:00:00-04:00,45.20960517100311,45.229261970975614,42.85084166242071,43.08671951293945,15135100
2025-03-31 00:00:00-04:00,41.27834237049146,43.25380424859529,40.07930360666762,42.85084915161133,18053300
2025-04-01 00:00:00-04:00,41.6026701642584,41.83854428508599,40.14809683949817,41.69112014770508,13980800
2025-04-02 00:00:00-04:00,40.72795957274622,42.8115355625691,40.678819443085175,42.62479782104492,10066500
2025-04-03 00:00:00-04:00,39.87290980861183,39.98102034468363,37.985901812582114,38.04486846923828,18127900
2025-04-04 00:00:00-04:00,36.63944197940834,37.15050762386535,34.143087916880546,36.60995864868164,22165500
2025-04-07 00:00:00-04:00,35.066928522450986,39.25372940163416,34.52637965001706,36.64926528930664,20498800
2025-04-08 00:00:00-04:00,38.20212304441963,38.585421348510316,34.85071482903554,35.26350021362305,24697300
2025-04-09 00:00:00-04:00,36.275799781357314,44.21696829579964,35.93181509906294,43.50933837890625,41445600
2025-04-10 00:00:00-04:00,41.49456353300521,42.08425263969135,37.99573125231894,38.6837043762207,20053100
2025-04-11 00:00:00-04:00,38.57559182161774,40.26603933811527,38.22177687638322,40.17758560180664,13717000
2025-04-14 00:00:00-04:00,40.86556074883027,40.86556074883027,38.791814853562144,39.60755157470703,12505800
2025-04-15 00:00:00-04:00,39.50927228563137,40.86556176124978,39.46013215046699,40.128448486328125,10499600
2025-04-16 00:00:00-04:00,41.003151622761436,41.38644988830904,39.224250410514365,39.8925666809082,15131900
2025-04-17 00:00:00-04:00,39.99085112358325,40.501916780807726,39.51909907441112,40.148101806640625,8116000
2025-04-21 00:00:00-04:00,39.46995570895257,39.489612511370154,38.13332313777033,38.791812896728516,9066300
2025-04-22 00:00:00-04:00,39.43064095886761,39.85325282569184,38.909748831961686,39.6468620300293,8513000
2025-04-23 00:00:00-04:00,42.26115877230147,43.116209074443674,40.42329082429179,40.68865203857422,11848800
2025-04-24 00:00:00-04:00,40.098961538138205,41.632158504725844,39.902397247680504,41.29800033569336,8777700
2025-04-25 00:00:00-04:00,40.8852116775031,41.268513700326444,40.305349129110915,40.86555862426758,7197200
2025-04-28 00:00:00-04:00,41.06212144842774,42.06459593138292,40.855730635536005,41.23902893066406,8372900
2025-04-29 00:00:00-04:00,40.91469546605391,41.720605553375194,40.69847440633064,41.356964111328125,6327800
2025-04-30 00:00:00-04:00,40.1087856470338,41.12108652587088,39.2537316774001,40.914695739746094,10589000
2025-05-01 00:00:00-04:00,41.474903148732565,41.70095074508432,40.72795967899049,40.786930084228516,8142800
2025-05-02 00:00:00-04:00,42.26115839925985,43.9516059349588,42.20218799133369,43.4405403137207,13943400
2025-05-05 00:00:00-04:00,42.9982700167047,45.2784065496584,42.821362548703846,44.72802734375,18733400
2025-05-06 00:00:00-04:00,43.4798524022611,44.5511237393965,43.34225478856666,44.04005813598633,8826600
2025-05-07 00:00:00-04:00,44.35456356924129,45.003223097158134,44.01057512693342,44.52164077758789,8676000
2025-05-08 00:00:00-04:00,45.65187802644773,47.92218427088708,45.09167229736647,47.70596694946289,17708300
2025-05-09 00:00:00-04:00,47.990989358739874,48.52170805929101,46.90006112851199,47.50940704345703,13494800
2025-05-12 00:00:00-04:00,51.12617204235306,52.639712047347075,49.494694975028175,50.26129150390625,18926000
2025-05-13 00:00:00-04:00,50.44858116652684,52.63685610018495,50.29086789492326,52.23271560668945,14097900
2025-05-14 00:00:00-04:00,51.76943259984197,52.39043026833683,49.81772940189637,49.85715866088867,13883300
2025-05-15 00:00:00-04:00,49.79801512430187,49.94586920629616,48.85173546288633,49.56144332885742,8102700
2025-05-16 00:00:00-04:00,49.40372495658335,50.53729160253213,49.3248702063555,50.192291259765625,8326000
2025-05-19 00:00:00-04:00,50.20215241013942,50.902004796477094,49.433300704595545,50.45843505859375,8092200
2025-05-20 00:00:00-04:00,50.25144074034987,50.6358666209632,49.10801853331846,49.26573181152344,9055300
2025-05-21 00:00:00-04:00,48.57573013078532,48.841871967157005,47.392882538263315,47.58016586303711,8021500
2025-05-22 00:00:00-04:00,47.65902311401742,48.24059150692048,47.2351679924009,47.806880950927734,9957800
2025-05-23 00:00:00-04:00,46.40718034259698,47.50131414616994,46.21003779558318,47.235172271728516,7811900
2025-05-27 00:00:00-04:00,48.06316248699655,49.41358633611972,47.83644989981507,48.69401931762695,11316100
2025-05-28 00:00:00-04:00,48.56587966989637,48.81230690360184,47.72802481918905,47.905452728271484,7390500
2025-05-29 00:00:00-04:00,48.467304099383576,48.674305823094215,47.51116903728809,47.806880950927734,9060900
2025-05-30 00:00:00-04:00,47.5505979202859,48.01387853593601,47.15631286508743,47.69845199584961,9190700
2025-06-02 00:00:00-04:00,47.40274045824466,48.161736751367705,46.81131663096537,47.806880950927734,8117500
2025-06-03 00:00:00-04:00,47.885740588989904,48.60530764111102,47.392886134645494,48.13216781616211,9400100
2025-06-04 00:00:00-04:00,48.023735212468104,49.00944403860132,47.91530663996453,48.2800178527832,8231200
2025-06-05 00:00:00-04:00,47.99416334518584,48.87144739472112,47.78716538571185,48.14202117919922,7398200
2025-06-06 00:00:00-04:00,49.0883036558595,50.32043981067616,49.078448221100665,50.22187042236328,7449500
2025-06-09 00:00:00-04:00,50.56686543620882,51.19771852581722,50.28100895492345,50.46829605102539,6378900
2025-06-10 00:00:00-04:00,50.46829694201877,51.33572183563479,50.07401187396209,50.941436767578125,5877900
2025-06-11 00:00:00-04:00,51.128710931676565,51.25685411982665,47.91530211633604,48.4672966003418,10205400
2025-06-12 00:00:00-04:00,47.79702025401577,48.24058619554736,47.19573729838158,48.18144607543945,7655000
2025-06-13 00:00:00-04:00,45.539752621554115,47.51117045140337,45.2046114400725,46.36774826049805,12952600
2025-06-16 00:00:00-04:00,47.04788271877482,48.891157206001566,46.72260075523167,48.75315856933594,10242300
2025-06-17 00:00:00-04:00,47.806878329697874,48.24058886191046,46.37759977192848,46.643741607666016,9221600
2025-06-18 00:00:00-04:00,46.4268887260919,47.76745346175536,46.387463226946196,46.88031768798828,7391800
2025-06-20 00:00:00-04:00,47.13660159924415,47.501312857205235,46.446604583509846,46.52546310424805,10796100
2025-06-23 00:00:00-04:00,46.13117293820631,47.74773483341494,44.632895050891264,47.56045150756836,16437900
2025-06-24 00:00:00-04:00,48.792590274046276,49.57130120308561,48.3884497777392,48.85173416137695,11886500
2025-06-25 00:00:00-04:00,48.94044846718736,49.009447789483005,47.43231129085707,47.619598388671875,7885300
2025-06-26 00:00:00-04:00,47.84630937551137,48.54616176964557,47.50130901545609,48.270164489746094,8286300
2025-06-27 00:00:00-04:00,48.536305287457544,49.26572772863693,48.00402160756069,48.88130187988281,10177200
2025-06-30 00:00:00-04:00,49.108014468067466,49.28544236138291,47.92516309935811,48.4771614074707,12531200
2025-07-01 00:00:00-04:00,48.39830540871956,48.71373195540188,47.86602546130628,48.29973602294922,10037600
2025-07-02 00:00:00-04:00,48.477161504073294,49.43330029104734,47.550596539497995,49.4135856628418,9833400
2025-07-03 00:00:00-04:00,49.77830001311067,50.655580342405834,49.63044217236563,50.133155822753906,6123400
2025-07-07 00:00:00-04:00,49.936013905989235,50.96115208870615,48.4870205854217,49.28544616699219,12227000
2025-07-08 00:00:00-04:00,50.054294427471575,51.08929173282513,49.699438638228166,49.798011779785156,10734500
2025-07-09 00:00:00-04:00,50.537298597497106,50.78372583636133,49.117879055304414,49.97544479370117,12870400
2025-07-10 00:00:00-04:00,55.396834862283164,56.99368205246817,54.01684104941472,55.968544006347656,46966400
2025-07-11 00:00:00-04:00,55.42640864942691,55.98826239782762,53.87884604275395,55.84040832519531,17788900
2025-07-14 00:00:00-04:00,55.968550187298,57.46682816781957,55.3574117216185,57.279544830322266,13722100
2025-07-15 00:00:00-04:00,57.16126403992072,57.34854738798393,54.69699164875668,54.91384506225586,13709600
2025-07-16 00:00:00-04:00,55.69254852187007,55.73197777724929,54.1055567145737,54.76598358154297,9066800
2025-07-17 00:00:00-04:00,55.40669261425722,56.55011471041417,54.83498344626914,55.53483581542969,13199000
2025-07-18 00:00:00-04:00,55.554549242779416,55.77140638466487,54.27312853928866,55.48554992675781,8978400
2025-07-21 00:00:00-04:00,55.57426929195679,55.80098188959981,55.051841013736635,55.23912811279297,6074500
2025-07-22 00:00:00-04:00,55.1898390066643,55.36726313657095,54.15484172776072,54.87440872192383,7547700
2025-07-23 00:00:00-04:00,55.54468861514625,56.08683145586519,55.150407356655016,55.17997741699219,6782300
2025-07-24 00:00:00-04:00,54.6575573181197,55.791120256799175,53.65213382456426,53.928131103515625,10696500
2025-07-25 00:00:00-04:00,54.01684488414767,54.21398740857869,53.464850327957926,54.07598876953125,6819900
2025-07-28 00:00:00-04:00,54.204131039186265,54.89412422251813,53.86898988149043,54.815269470214844,6545600
2025-07-29 00:00:00-04:00,55.17012744873907,55.17012744873907,53.4451369014889,53.721134185791016,5916300
2025-07-30 00:00:00-04:00,53.42542341837019,53.70142070859146,52.49885464088837,52.8339958190918,7354800
2025-07-31 00:00:00-04:00,52.87158262170115,53.14855134728132,52.2483992157299,52.634178161621094,6538100
2025-08-01 00:00:00-04:00,51.36803159298009,51.36803159298009,49.90404809988516,50.596473693847656,9535100
2025-08-04 00:00:00-04:00,50.90311827614067,52.02089089654071,50.67560770268155,51.9516487121582,7476400
2025-08-05 00:00:00-04:00,52.21872688473331,52.38688539583591,50.96246990618984,52.29785919189453,5846500
2025-08-06 00:00:00-04:00,52.42645355863261,53.75195272407053,52.376995394864274,53.534332275390625,8476700
2025-08-07 00:00:00-04:00,53.86075892628306,53.87064904893176,52.5253659637642,53.04963302612305,4976500
2025-08-08 00:00:00-04:00,53.544223573738925,53.71238207707389,52.307750672455384,53.05952453613281,6638000
2025-08-11 00:00:00-04:00,52.67374500381612,53.821191692399246,52.545150766968696,52.92103958129883,4821600
2025-08-12 00:00:00-04:00,54.12784186750627,57.93617710048361,54.08827382690103,57.80758285522461,15727800
2025-08-13 00:00:00-04:00,57.58996650157922,58.87589764113015,56.887646983855134,58.7769775390625,9103700
2025-08-14 00:00:00-04:00,58.213146408498524,58.42087673700421,57.57018272273318,58.321956634521484,4300300
2025-08-15 00:00:00-04:00,58.80665622654777,59.83540266102784,58.42087725697177,59.58810806274414,9825500
2025-08-18 00:00:00-04:00,59.321023048055416,60.656412225445166,58.94513424263436,60.42890167236328,6504200
2025-08-19 00:00:00-04:00,60.48825472922301,61.07187007884673,59.70680296434424,59.84528732299805,5734000
2025-08-20 00:00:00-04:00,59.20232600833538,59.65735094226604,57.68888425672941,58.41098403930664,6517000
2025-08-21 00:00:00-04:00,58.34173973240735,58.41098191634223,56.96678240367761,57.21407699584961,5175100
2025-08-22 00:00:00-04:00,57.619635562526874,61.279596001010006,57.48115120526474,61.02240753173828,10312400
2025-08-25 00:00:00-04:00,60.438795433243115,60.45857945297368,59.34081063881599,59.756263732910156,6191900
2025-08-26 00:00:00-04:00,59.766154836757536,61.160899950029275,59.55842828630191,60.488258361816406,5618800
2025-08-27 00:00:00-04:00,60.4289064611348,61.39830080590213,60.191501993261824,60.59706497192383,4693100
2025-08-28 00:00:00-04:00,61.02241256003801,61.78408036115756,60.201396471439054,61.29938507080078,5825000
2025-08-29 00:00:00-04:00,61.24003299642453,61.85332253187845,60.60695944067649,61.1114387512207,4856300
2025-09-02 00:00:00-04:00,59.8848599474725,60.6762018956879,59.321028573530526,60.468475341796875,6925300
2025-09-03 00:00:00-04:00,60.76522486314418,63.21838665861608,60.45857822367924,60.606956481933594,7237400
2025-09-04 00:00:00-04:00,60.676200494429494,62.00169964211019,59.716696281830615,59.89474868774414,7023800
2025-09-05 00:00:00-04:00,60.201396115772084,61.714837812212565,59.785939238790455,60.5179328918457,6398500
2025-09-08 00:00:00-04:00,60.339881814795326,61.19057583429148,59.84529261959209,61.09165573120117,7579200
2025-09-09 00:00:00-04:00,60.9333843965469,61.1213306966325,59.370484577370206,60.02334213256836,6424300
2025-09-10 00:00:00-04:00,59.90463858376089,61.259811784118355,59.64745011532137,60.72565460205078,5199500
2025-09-11 00:00:00-04:00,61.14111532263938,61.329057851172905,57.72844925204414,59.78593826293945,18816800
2025-09-12 00:00:00-04:00,60.16183099879195,60.26074733109049,59.1924366032847,59.222110748291016,6771000
2025-09-15 00:00:00-04:00,59.232003154966556,59.232003154966556,57.520724990036854,57.78779983520508,9773300
2025-09-16 00:00:00-04:00,57.84714953718194,58.00541792246963,56.432624192803736,57.23386001586914,10140900
2025-09-17 00:00:00-04:00,57.79769271742236,59.4891868320077,57.530614103527405,58.1834716796875,8361000
2025-09-18 00:00:00-04:00,58.79675717399659,59.20232012868403,58.33184593591124,58.82643508911133,5574400
2025-09-19 00:00:00-04:00,59.15286454839088,59.28145879038881,57.84714942885851,59.11329650878906,15278900
2025-09-22 00:00:00-04:00,58.80665348249297,58.97481199023949,57.10526551819865,58.25271224975586,7157800
2025-09-23 00:00:00-04:00,58.36152187915559,59.09351550879037,58.064769132758315,58.114227294921875,4527500
2025-09-24 00:00:00-04:00,58.38130859058852,58.45055077549335,56.94699918121572,57.08548355102539,5372600
2025-09-25 00:00:00-04:00,56.63046351663041,56.93711017969175,55.74020144543046,56.12598419189453,6781400
2025-09-26 00:00:00-04:00,56.75905750987379,57.303104873861265,56.22490026955906,56.58100509643555,6634400
2025-09-29 00:00:00-04:00,57.40201711072823,57.70866375054082,56.05673398220518,57.0360221862793,7822100
2025-09-30 00:00:00-04:00,57.01624002318936,57.52072309951774,55.11701938467683,56.13587188720703,8263400
2025-10-01 00:00:00-04:00,56.94699952952131,57.19429412666997,55.384099637718116,55.50279998779297,7005400
2025-10-02 00:00:00-04:00,56.027062263905904,56.94699844972899,55.19615228230492,56.462303161621094,7619700
2025-10-03 00:00:00-04:00,57.055807208634036,57.36245385383727,56.63046021865558,56.640350341796875,6390300
2025-10-06 00:00:00-04:00,57.055806574437916,57.89660664849181,56.066628241002334,57.6295280456543,7821500
2025-10-07 00:00:00-04:00,57.68887997369027,57.82736433631168,55.66106514941416,56.01716995239258,10623500
2025-10-08 00:00:00-04:00,56.373274920389946,56.98656443097254,55.69073945487808,56.50186538696289,12402700
2025-10-09 00:00:00-04:00,61.23014533440449,61.59614029101862,58.262610092480195,58.925357818603516,29289500
2025-10-10 00:00:00-04:00,59.28146288455743,60.31020934475752,56.82830086106074,56.857975006103516,14375100
2025-10-13 00:00:00-04:00,57.59984993985967,59.291343868027745,56.84807611847907,58.08454895019531,9448600
2025-10-14 00:00:00-04:00,57.17450648349782,61.13121978717817,57.05580614094385,60.606956481933594,10945000
2025-10-15 00:00:00-04:00,60.99273100595841,61.398293939263226,60.389331667121,61.03229904174805,8882200
2025-10-16 00:00:00-04:00,61.14938547629298,61.5363434934894,58.7085666713755,59.928977966308594,12415900
2025-10-17 00:00:00-04:00,59.869441899486176,60.3655426763182,58.94669415178274,59.17490005493164,6230900
2025-10-20 00:00:00-04:00,59.61147304574171,61.74470418260003,58.748254941597295,61.26844787597656,6512100
2025-10-21 00:00:00-04:00,60.98070570429706,62.419398693444144,60.702890484443294,61.83399963378906,7041200
2025-10-22 00:00:00-04:00,61.516500091552736,62.06221022247192,59.51225237631152,59.53209686279297,7235700
2025-10-23 00:00:00-04:00,60.02819575335986,60.236557177339215,57.80566254273408,58.31168746948242,7687600
2025-10-24 00:00:00-04:00,59.40310617038309,61.3378999639325,58.91692952692134,60.47468566894531,8857500
2025-10-27 00:00:00-04:00,60.89140789626525,61.21883622364013,59.710689417593656,59.97858428955078,5658100
2025-10-28 00:00:00-04:00,59.86944237752497,59.94881653427862,57.2897198313796,57.408782958984375,8516600
2025-10-29 00:00:00-04:00,57.44847522927988,59.03599630501505,57.19050068887991,58.30176544189453,8625000
2025-10-30 00:00:00-04:00,57.756052785881565,58.262077708821245,56.54556943786329,56.67455291748047,7191600
2025-10-31 00:00:00-04:00,56.853147694497856,57.121042565478795,56.307437602476774,56.932525634765625,7677500
2025-11-03 00:00:00-05:00,56.843229715103426,58.37122106444664,56.41658273074203,58.043792724609375,7598000
2025-11-04 00:00:00-05:00,56.952371417725686,57.01190108933462,54.60085098050906,55.21601867675781,11622700
2025-11-05 00:00:00-05:00,55.8609476520652,58.53989264892079,55.59305277388478,58.08348083496094,8311000
2025-11-06 00:00:00-05:00,57.44847111171395,58.41090403898181,56.714240301218744,57.35917282104492,6605400
2025-11-07 00:00:00-05:00,56.41657845421266,59.70076302936478,55.791490443237684,58.42082595825195,8748700
2025-11-10 00:00:00-05:00,59.4328751359152,60.13733733723662,57.57745548799729,58.10332489013672,7918200
2025-11-11 00:00:00-05:00,57.99418467507484,58.420831668799345,56.90276063661383,57.28972244262695,5693800
2025-11-12 00:00:00-05:00,57.79574500413732,60.18695078338264,57.65683738139301,60.00835418701172,9805400
2025-11-13 00:00:00-05:00,59.89920660511347,60.94101747721344,58.99630334463369,59.44279479980469,8536100
2025-11-14 00:00:00-05:00,57.82550340416917,58.926847697527585,57.567532674213744,57.954490661621094,5320800
2025-11-17 00:00:00-05:00,57.696526044857606,57.86519850444071,54.987812276109565,55.32516098022461,8424500
2025-11-18 00:00:00-05:00,54.98780743794854,56.98213464958023,54.83897947816685,56.68447494506836,6441800
2025-11-19 00:00:00-05:00,57.33933351679217,57.75605638760159,55.930405223927046,56.42650604248047,5538400
2025-11-20 00:00:00-05:00,57.26987632193724,57.78582159694867,55.255704543826525,55.53352355957031,6229000
2025-11-21 00:00:00-05:00,56.4165794011374,59.045911175335334,56.15860488468196,58.113243103027344,9568000
2025-11-24 00:00:00-05:00,58.60934785992462,60.26632649022328,57.74613353285454,60.196868896484375,9994900
2025-11-25 00:00:00-05:00,60.03811522823768,62.330102213431154,60.03811522823768,61.66532897949219,7753400
2025-11-26 00:00:00-05:00,61.90345498324569,64.30458095177228,61.61571562124747,63.76879119873047,8122000
2025-11-28 00:00:00-05:00,64.06645650393939,64.46333865478886,63.600120544433594,63.600120544433594,3476200
2025-12-01 00:00:00-05:00,62.89565915743434,64.46333951065999,62.50870113694032,63.64973449707031,7252600
2025-12-02 00:00:00-05:00,63.897784351472446,65.21741429206561,63.32230560852088,64.63201141357422,7337600
2025-12-03 00:00:00-05:00,64.61216376564538,67.09266749109388,64.61216376564538,66.96367645263672,10140600
2025-12-04 00:00:00-05:00,67.0728304086608,67.52924226187683,66.34852743917156,66.71563720703125,9455900
2025-12-05 00:00:00-05:00,66.22945216966454,67.22165370029623,65.78296450883906,66.57672119140625,7895600
2025-12-08 00:00:00-05:00,67.15220498212753,67.22165879173637,65.53491908986582,66.69579315185547,9235500
2025-12-09 00:00:00-05:00,66.18976980800345,67.74752606381546,65.78297107617875,66.88431549072266,7340400
2025-12-10 00:00:00-05:00,67.16212932910214,69.40449951489974,66.73548233447738,69.38465881347656,11823200
2025-12-11 00:00:00-05:00,68.88855014255262,70.16849098026884,68.65042390317883,70.00973510742188,9134700
2025-12-12 00:00:00-05:00,70.39669599924693,71.03170437712821,69.07707370858874,69.26558685302734,7937900
2025-12-15 00:00:00-05:00,70.20818552821189,71.08132018857181,69.59301782688497,70.71420288085938,7993300
2025-12-16 00:00:00-05:00,70.92257281304775,71.77585921408594,69.553329777413,70.58522033691406,10443600
2025-12-17 00:00:00-05:00,70.38677950660772,71.38889760935608,68.96793100490481,69.1762924194336,7222300
2025-12-18 00:00:00-05:00,70.26771667244887,70.43638912686512,69.45411166714393,69.60294342041016,5988000
2025-12-19 00:00:00-05:00,69.69223909728387,70.69436484483104,69.47395353149166,70.50584411621094,16154200
2025-12-22 00:00:00-05:00,70.94240881570957,71.55757648444921,70.61498049670797,71.49803924560547,5141600
2025-12-23 00:00:00-05:00,71.23015150289606,71.33929428101041,69.79145468679646,69.95021057128906,6050300
2025-12-24 00:00:00-05:00,69.9601361532836,70.6348335365351,69.73192645708053,70.40662384033203,1821800
2025-12-26 00:00:00-05:00,70.27764464932798,70.65467855096654,69.86092177332254,70.2974853515625,2892400
2025-12-29 00:00:00-05:00,69.56325646869328,70.01966830737484,68.25355062772519,68.98777770996094,5262500
2025-12-30 00:00:00-05:00,68.94808712520442,69.30528030711108,68.56112910645514,68.79925537109375,3807600
2025-12-31 00:00:00-05:00,68.86871167146926,69.15644345299408,68.37261090761737,68.8587875366211,3233400
2026-01-02 00:00:00-05:00,69.30528647081726,69.45411823816438,67.96581570448943,68.52144622802734,5115400
2026-01-05 00:00:00-05:00,68.87862549771086,72.28187690521267,68.78933099731852,71.2599105834961,9263200
2026-01-06 00:00:00-05:00,71.4186730567854,72.58947122394244,70.57529565789552,71.65679931640625,7717900
2026-01-07 00:00:00-05:00,72.17273594495217,72.50016426105779,70.97217302246169,71.09123992919922,6399700
2026-01-08 00:00:00-05:00,70.89280288865827,71.76594516105718,70.68444145635334,70.73405456542969,4981800
2026-01-09 00:00:00-05:00,71.3293709036251,72.38110215492287,70.60506799014931,71.74609375,7971400
2026-01-12 00:00:00-05:00,70.24787210355072,70.8233432439861,69.06714984785098,70.47607421875,10736400
2026-01-13 00:00:00-05:00,67.56892588759608,70.81342928390671,67.56892588759608,68.78933715820312,18342700
2026-01-14 00:00:00-05:00,68.8488620832369,70.2081808753214,67.02321494077574,67.95587921142578,9529700
2026-01-15 00:00:00-05:00,68.61074445919547,70.82334986239306,68.52144237584838,70.78366088867188,8223800
2026-01-16 00:00:00-05:00,70.81342440406075,71.11108031474522,69.52355941473779,69.88075256347656,7580100
2026-01-20 00:00:00-05:00,68.24362767768991,68.91832509657239,66.32867820717772,66.93392181396484,7740400
2026-01-21 00:00:00-05:00,67.9161917153605,69.39457744570888,67.62845993310702,68.41229248046875,9791200
2026-01-22 00:00:00-05:00,69.23582156732371,70.77373696711805,67.84673791104123,68.41229248046875,6874500
2026-01-23 00:00:00-05:00,67.73759561814914,67.9459646024836,66.9537630652212,67.43001556396484,6400300
2026-01-26 00:00:00-05:00,67.19189549377188,67.58877765915477,66.47750911006221,66.9736099243164,6981900
2026-01-27 00:00:00-05:00,67.5986854065491,67.76736541451267,65.03881129206722,65.62420654296875,8097200
2026-01-28 00:00:00-05:00,66.48743335824983,66.6858706563277,65.1678033733287,65.31663513183594,6165800
2026-01-29 00:00:00-05:00,65.29678477818281,66.0508601126518,63.967238269677104,66.0210952758789,9613500
2026-01-30 00:00:00-05:00,65.68374739206857,66.41798207669754,64.66178088523671,65.37616729736328,6680600
2026-02-02 00:00:00-05:00,66.22945867304644,68.95801315021315,65.56468539902126,68.54129028320312,10090600
2026-02-03 00:00:00-05:00,69.30528313044562,70.92257665049033,68.98777890802727,69.89068603515625,10014800
2026-02-04 00:00:00-05:00,70.03949730219723,71.37897532671128,67.86658125622503,70.3073959350586,9912000
2026-02-05 00:00:00-05:00,69.86091642097594,70.44631171576755,68.67026999088377,69.23582458496094,5655000
2026-02-06 00:00:00-05:00,69.9303731189595,75.06997778473638,69.71208755259137,74.76239013671875,13466800
2026-02-09 00:00:00-05:00,74.6135526361037,75.1295016750507,73.91901458740234,74.41511535644531,7613200
2026-02-10 00:00:00-05:00,74.04799831196752,74.89137567810302,73.85948516662525,73.87932586669922,6635000
2026-02-11 00:00:00-05:00,74.50441519821388,75.79428031807986,70.31733076627596,70.863037109375,9527800
2026-02-12 00:00:00-05:00,71.43851169064749,72.04375524250723,67.2018143975263,68.9580078125,9989100
2026-02-13 00:00:00-05:00,69.24574656007505,69.98989771695662,67.8070497814991,68.46190643310547,7381300
2026-02-17 00:00:00-05:00,68.95801463874628,70.84319928673473,68.90840152831322,70.2974853515625,6936100
2026-02-18 00:00:00-05:00,68.64050863225786,71.16070166491319,67.46971041346362,70.55545806884766,7742200
2026-02-19 00:00:00-05:00,69.40449830333867,69.44418727538971,66.71563289853384,66.91407775878906,8628200
2026-02-20 00:00:00-05:00,66.78508896995325,69.37473581732128,66.32867713074823,68.89848327636719,7665200
2026-02-23 00:00:00-05:00,68.06503227814792,69.17630086114183,65.78297300489872,66.35844421386719,8154600
2026-02-24 00:00:00-05:00,66.47750408717545,69.51363841864057,66.28898336963579,68.69011688232422,9027600
2026-02-25 00:00:00-05:00,69.4541111914469,69.55332983631234,68.07495158909424,68.83894348144531,4899500
2026-02-26 00:00:00-05:00,69.82190479130604,71.19486056818577,69.25481353667469,70.15022277832031,7271100
2026-02-27 00:00:00-05:00,67.40430422125013,67.40430422125013,65.0264998530071,65.36476135253906,12371500
2026-03-02 00:00:00-05:00,62.60889677315043,64.46935773546561,61.28568134418506,63.92216110229492,11728000
2026-03-03 00:00:00-05:00,62.17114015865143,65.31501578895843,60.83797749164092,64.27037048339844,11508500
2026-03-04 00:00:00-05:00,64.53900106409318,65.56374423502758,63.39486746520386,63.50430679321289,9415200
2026-03-05 00:00:00-05:00,61.68364357276412,62.09155138651664,58.86808189119884,60.99716567993164,20671100
2026-03-06 00:00:00-05:00,59.0173162116033,59.66400106979906,58.17165490033122,58.70889663696289,23029000
2026-03-09 00:00:00-04:00,57.26629853081392,60.33058070021781,54.9979297663322,60.27088928222656,28401600
2026-03-10 00:00:00-04:00,59.74359004114208,61.235936189356615,58.17165407187701,58.96757125854492,24287100
2026-03-11 00:00:00-04:00,59.22624334180934,59.40532518448608,57.345887788936075,58.838233947753906,13719700
2026-03-12 00:00:00-04:00,57.07726454199175,58.17165399300475,56.957877912961564,57.64435577392578,15013600
2026-03-13 00:00:00-04:00,58.29104286863182,58.74869479357967,57.40558472833581,58.480072021484375,12554000
2026-03-16 00:00:00-04:00,59.06705964538258,60.79818285195329,58.83823369079109,60.52956008911133,14465500
2026-03-17 00:00:00-04:00,63.1361942397067,64.98670419109847,62.52930615938652,64.49920654296875,24657100
2026-03-18 00:00:00-04:00,63.9221628555863,64.69818167266604,63.305327482913505,63.48440933227539,11810200
2026-03-19 00:00:00-04:00,62.45965909498961,65.38465995193815,62.45965909498961,64.67828369140625,12368100
2026-03-20 00:00:00-04:00,64.4196080344357,64.57879526527988,62.36017067579512,63.11629104614258,17890100
2026-03-23 00:00:00-04:00,66.1805753110798,66.38951045606329,64.67828562042949,64.79766845703125,18189300
2026-03-24 00:00:00-04:00,63.67343399097225,66.62828050159018,63.215782095017914,66.3099136352539,14678300
2026-03-25 00:00:00-04:00,66.66807880641443,68.24996207424215,66.66807880641443,67.64307403564453,13239800
2026-03-26 00:00:00-04:00,67.03618794250042,67.68287280785962,66.1805755219572,66.51884460449219,11104600
2026-03-27 00:00:00-04:00,65.69308050301127,66.31987078392929,64.1410428368629,64.49920654296875,11844400
2026-03-30 00:00:00-04:00,64.13108919611085,64.72802615248538,62.628795705269795,62.86756896972656,14631800
2026-03-31 00:00:00-04:00,63.62369211080461,67.04613794155057,63.54409849381323,66.14078521728516,17749200
2026-04-01 00:00:00-04:00,66.6680800674974,67.97139329448407,66.55864074105949,67.25506591796875,12564300
2026-04-02 00:00:00-04:00,64.56884739621452,67.04613997406639,63.842568902464805,66.41935729980469,11240500
2026-04-06 00:00:00-04:00,66.22036848895954,67.47394133779575,65.60353695910004,66.43924713134766,8207800
2026-04-07 00:00:00-04:00,65.62344065748339,66.2502233734914,64.71808784547183,65.2851791381836,16273700
2026-04-08 00:00:00-04:00,72.62750569234848,73.81143595381617,67.73261260986328,67.73261260986328,20679500
2026-04-09 00:00:00-04:00,67.29486140791721,68.78720754958977,65.87215778257078,67.48389434814453,11636400
2026-04-10 00:00:00-04:00,67.80226360208322,68.2798101335256,67.03618830513254,67.47394561767578,8040800
2026-04-13 00:00:00-04:00,66.55864197484173,66.81731744125952,65.42445947115678,66.70787811279297,8593800
2026-04-14 00:00:00-04:00,68.2499639953397,71.81169871119259,67.73262065778309,71.33414459228516,16227100
2026-04-15 00:00:00-04:00,71.19485919752704,73.02547445525529,70.50838511753598,71.62266540527344,12333500
2026-04-16 00:00:00-04:00,71.50328663621521,72.5578755658006,69.31450756422296,69.53338623046875,8826100
2026-04-17 00:00:00-04:00,74.04026197108892,74.63719888722979,70.95608157897384,71.35404205322266,12765600
2026-04-20 00:00:00-04:00,70.68746951897312,71.88134346771788,70.22980999513999,70.84664916992188,7616700
2026-04-21 00:00:00-04:00,70.14026438426593,71.41373179974707,69.23490413673399,69.8616943359375,9904800
2026-04-22 00:00:00-04:00,70.13031683375326,70.43874019469223,67.73261800463682,68.0609359741211,7763600
2026-04-23 00:00:00-04:00,68.1305803784414,69.92139122529471,67.1157807338059,68.0211410522461,8670600
2026-04-24 00:00:00-04:00,68.4190901275833,69.22496217449385,67.64307137834437,68.10072326660156,5999500
2026-04-27 00:00:00-04:00,68.3992016543034,69.2946109031437,67.85200500488281,67.85200500488281,6457200
2026-04-28 00:00:00-04:00,67.42419556356926,68.04103470339787,66.49894064905885,66.87700653076172,7020800
2026-04-29 00:00:00-04:00,66.35965279947233,66.85710149389256,65.48414582986003,65.93184661865234,8098700
2026-04-30 00:00:00-04:00,66.95659997152354,67.98134310836262,66.70787561440862,67.64307403564453,6294400
2026-05-01 00:00:00-04:00,67.95149830564091,70.38899400166811,67.25506554215806,68.6280288696289,9132000
2026-05-04 00:00:00-04:00,68.31960529120074,70.03083010017362,67.52369189455028,68.15047454833984,8584400
2026-05-05 00:00:00-04:00,68.57827611430365,70.96603132375945,68.55838150668004,70.49842834472656,8247000
2026-05-06 00:00:00-04:00,74.00046878359537,74.36858356860942,72.35889408154327,72.96577453613281,9503800
2026-05-07 00:00:00-04:00,73.86118512991811,74.58746361380055,71.93108922361144,72.73695373535156,8301300
2026-05-08 00:00:00-04:00,73.05532166415405,73.55277040009669,72.32904316987306,72.9558334350586,5073200
2026-05-11 00:00:00-04:00,72.67725909753658,72.70710480546931,70.72725348732861,70.8366928100586,6681700
2026-05-12 00:00:00-04:00,70.15022093498715,70.63771855744774,69.65277221275159,70.34919738769531,5532700
2026-05-13 00:00:00-04:00,70.13031415896486,70.96603190482627,69.76220698642969,70.68746185302734,4530500
2026-05-14 00:00:00-04:00,71.82266024980055,72.3613311149464,70.83510080233461,71.37377166748047,5877500
2026-05-15 00:00:00-04:00,70.35627860801486,70.80517479385152,69.3886665661168,70.05702209472656,7336100
2026-05-18 00:00:00-04:00,70.88497371351579,72.3513542576814,69.30887110585896,70.0669937133789,6781900
2026-05-19 00:00:00-04:00,69.04951223499903,69.04951223499903,67.59310913085938,67.59310913085938,5735900
2026-05-20 00:00:00-04:00,68.48091081580765,74.76538882119007,67.99211985786297,73.93743896484375,11954600
2026-05-21 00:00:00-04:00,72.72044231857484,75.51354110242,72.43115570117396,75.46366882324219,8298200
2026-05-22 00:00:00-04:00,75.84273157152565,76.91009578222014,75.32401571658183,75.95246124267578,6437100
2026-05-26 00:00:00-04:00,78.00738659957881,79.39396235396471,77.8178597539151,79.1944580078125,9492400
2026-05-27 00:00:00-04:00,80.55110915350099,83.55369752040838,80.55110915350099,81.59852600097656,11966100
2026-05-28 00:00:00-04:00,80.70073938790075,82.79556542471886,80.14211353030718,82.28681945800781,7700700
2026-05-29 00:00:00-04:00,82.73571390554142,83.62352114825376,82.15714067011461,82.27684783935547,8224600
2026-06-01 00:00:00-04:00,80.87032419347051,81.63842433393023,79.10468705414691,81.26934051513672,7337000
2026-06-02 00:00:00-04:00,81.14963251577328,81.72820579581503,79.41392028625128,79.82290649414062,5198800
2026-06-03 00:00:00-04:00,79.50369256363696,79.7431069133576,78.40640343119463,78.5859603881836,5275000
2026-06-04 00:00:00-04:00,80.08226329324172,80.24187285467373,78.65578518300494,79.31416320800781,4843400
2026-06-05 00:00:00-04:00,78.86526659251157,79.85283362460729,78.34655074190394,79.22438049316406,5067600
2026-06-08 00:00:00-04:00,79.32413548036844,79.81293406898432,78.00738700141322,78.01736450195312,4692700
2026-06-09 00:00:00-04:00,79.66329895681216,81.59852301498302,77.91760934863613,80.9700698852539,7695300
2026-06-10 00:00:00-04:00,79.11465573840512,79.57352183761473,76.24175196529151,76.28165435791016,6647300
2026-06-11 00:00:00-04:00,76.32155234409394,81.77808054735821,76.21182267337873,81.62844848632812,7975700
2026-06-12 00:00:00-04:00,82.95517512617062,83.23448425013437,80.73066441356873,82.85541534423828,6867900
2026-06-15 00:00:00-04:00,85.83805678904693,87.17475263645773,83.68337334410653,83.86293029785156,9785300
2026-06-16 00:00:00-04:00,84.89039025839516,85.51884338795557,82.72573697138259,82.93521881103516,10288300
2026-06-17 00:00:00-04:00,83.1746307357213,83.84298629704777,81.69828026578337,82.04741668701172,10340400
2026-06-18 00:00:00-04:00,83.92278398579771,84.83054629715791,83.46391788499922,83.97266387939453,14843800
2026-06-22 00:00:00-04:00,84.29187336270367,86.41662435380442,83.98263933960625,85.7083740234375,7497300
2026-06-23 00:00:00-04:00,84.32180025546636,86.75579293804402,84.04249111692857,86.50640869140625,6895000
2026-06-24 00:00:00-04:00,88.21219401748331,90.48657707735977,87.4241389027712,90.42672729492188,9590600
2026-06-25 00:00:00-04:00,91.23473236770187,94.90566880239044,90.8257461585285,91.88313293457031,11815600
2026-06-26 00:00:00-04:00,92.02278371939784,92.84076371470171,91.71354970001558,92.34199523925781,11457300
2026-06-29 00:00:00-04:00,91.61378767211613,93.04026578136433,91.42426083130044,92.94051361083984,6427700
2026-06-30 00:00:00-04:00,92.8507404066465,94.74606211894964,92.16243748113463,93.42931365966797,7617400
2026-07-01 00:00:00-04:00,94.23731843441853,94.35701799960172,92.7210579835381,92.8307876586914,6114700
2026-07-02 00:00:00-04:00,94.68620641619555,95.44433663676071,91.75345292901984,92.52155303955078,6074000
2026-07-06 00:00:00-04:00,93.06022054213658,95.29470112066137,90.90553713346415,91.45418548583984,6342200
2026-07-07 00:00:00-04:00,91.25468379168497,91.97290400480136,87.95283130267526,88.41169738769531,8338700
2026-07-08 00:00:00-04:00,86.57623608374072,87.32438882458473,85.06995310120588,87.07500457763672,8721300
2026-07-09 00:00:00-04:00,87.98999786376953,89.58999633789062,87.72000122070312,89.0,9522200
2026-07-10 00:00:00-04:00,87.94000244140625,89.19999694824219,85.3499984741211,87.38999938964844,10939200
2026-07-13 00:00:00-04:00,87.93000030517578,88.08000183105469,85.5,86.19000244140625,8573900
2026-07-14 00:00:00-04:00,87.01000213623047,87.08000183105469,84.83000183105469,85.51000213623047,6732300
2026-07-15 00:00:00-04:00,86.16000366210938,86.44000244140625,85.30999755859375,85.95999908447266,6791100
2026-07-16 00:00:00-04:00,85.30000305175781,87.19000244140625,85.02999877929688,86.69999694824219,5884000
2026-07-17 00:00:00-04:00,84.77999877929688,86.0199966430664,83.55999755859375,84.16999816894531,6462900
2026-07-20 00:00:00-04:00,84.79000091552734,85.5,83.81999969482422,84.54000091552734,6578700
2026-07-21 00:00:00-04:00,85.0,85.33000183105469,83.80999755859375,84.62999725341797,4030500
2026-07-22 00:00:00-04:00,83.5199966430664,84.5999984741211,82.9000015258789,83.5199966430664,5144800
2026-07-23 00:00:00-04:00,81.05999755859375,82.0999984741211,80.63999938964844,81.97000122070312,8061800
2026-07-24 00:00:00-04:00,82.66000366210938,86.01000213623047,82.44000244140625,85.05999755859375,5461200
2026-07-27 00:00:00-04:00,86.87000274658203,88.56999969482422,85.73999786376953,86.66999816894531,7591100
2026-07-28 00:00:00-04:00,86.91000366210938,89.69000244140625,86.2300033569336,89.37000274658203,7214700
2026-07-29 00:00:00-04:00,87.12999725341797,88.51000213623047,86.12000274658203,86.25,5459800
2026-07-30 00:00:00-04:00,87.83000183105469,89.26000213623047,86.19999694824219,88.58999633789062,5717300
2026-07-31 00:00:00-04:00,88.0199966430664,88.58000183105469,87.31999969482422,87.44000244140625,4772500
2026-08-03 00:00:00-04:00,89.19999694824219,91.93000030517578,89.19999694824219,91.58999633789062,5485700
2026-08-04 00:00:00-04:00,93.04000091552734,94.08000183105469,91.9000015258789,92.7699966430664,5184400
2026-08-05 00:00:00-04:00,93.4000015258789,95.01000213623047,93.05999755859375,93.13999938964844,5028300
2026-08-06 00:00:00-04:00,92.5,93.30000305175781,91.91999816894531,91.9800033569336,5234300
2026-08-07 00:00:00-04:00,92.30000305175781,92.44000244140625,90.8499984741211,91.33999633789062,3386100
2026-08-10 00:00:00-04:00,90.33999633789062,90.51000213623047,88.94000244140625,89.20999908447266,3760100
2026-08-11 00:00:00-04:00,89.98999786376953,90.91000366210938,88.93000030517578,90.41000366210938,2893400
2026-08-12 00:00:00-04:00,90.76000213623047,91.25,88.5,89.93000030517578,3192700
2026-08-13 00:00:00-04:00,91.44999694824219,92.20999908447266,90.83000183105469,91.30999755859375,3553300
2026-08-14 00:00:00-04:00,91.04000091552734,91.36000061035156,89.05999755859375,89.3499984741211,4459900
2026-08-17 00:00:00-04:00,89.0,89.16999816894531,87.5199966430664,87.58999633789062,3939400
2026-08-18 00:00:00-04:00,87.0,87.2300033569336,85.66999816894531,85.69999694824219,4605500
2026-08-19 00:00:00-04:00,86.72000122070312,86.72000122070312,83.05999755859375,83.29000091552734,5489100
2026-08-20 00:00:00-04:00,82.0999984741211,82.19999694824219,80.66999816894531,81.05999755859375,6169400
2026-08-21 00:00:00-04:00,82.22000122070312,83.06999969482422,82.05000305175781,82.41000366210938,5075800
2026-08-24 00:00:00-04:00,83.30000305175781,84.31999969482422,82.1500015258789,82.4800033569336,4080000
2026-08-25 00:00:00-04:00,84.43000030517578,84.43000030517578,82.12999725341797,83.62000274658203,5705000
2026-08-26 00:00:00-04:00,84.55000305175781,84.98999786376953,83.01000213623047,83.08000183105469,5730700
2026-08-27 00:00:00-04:00,82.51000213623047,83.01000213623047,80.94999694824219,81.13999938964844,4711900
2026-08-28 00:00:00-04:00,81.8499984741211,82.30999755859375,79.88999938964844,80.06999969482422,3801200
2026-08-31 00:00:00-04:00,79.23999786376953,79.25,77.7699966430664,78.0,6100400
