Date,Open,High,Low,Close,Volume
2017-01-03 00:00:00-05:00,76.48438688500492,76.97086281351655,75.88246948641472,76.22877502441406,1011100
2017-01-04 00:00:00-05:00,76.60805939870924,76.98734726651293,76.2782419469142,76.73998260498047,921600
2017-01-05 00:00:00-05:00,76.43489950578386,76.70699937227548,75.75053569259303,76.4266586303711,1089000
2017-01-06 00:00:00-05:00,76.32722323176175,76.816072350796,76.21950599971882,76.2443618774414,784500
2017-01-09 00:00:00-05:00,76.27752054939323,76.79123197126233,75.87981378269819,76.58409118652344,954800
2017-01-10 00:00:00-05:00,76.44320835530074,77.10605482548296,76.05378281433444,77.05634307861328,1038600
2017-01-11 00:00:00-05:00,77.12263716016815,77.75234042017469,76.5923574036188,77.28005981445312,720200
2017-01-12 00:00:00-05:00,77.00665825154437,77.20551162997045,76.51780272451307,77.15579986572266,686100
2017-01-13 00:00:00-05:00,77.29665583108273,77.61979494888898,76.58409102734714,76.80780029296875,663200
2017-01-17 00:00:00-05:00,76.7166506807659,76.77465616353517,75.97094898401403,76.44322967529297,767700
2017-01-18 00:00:00-05:00,76.81608310502024,77.36293777721171,76.35208979874966,77.02322387695312,803500
2017-01-19 00:00:00-05:00,76.81607588129347,77.08121579157662,75.78037211902584,75.83837127685547,1257900
2017-01-20 00:00:00-05:00,75.94607787177345,76.05378877223983,74.96008600539957,75.39922332763672,1167700
2017-01-23 00:00:00-05:00,75.44066876396644,75.57323556575697,74.98495655467366,75.45723724365234,1207800
2017-01-24 00:00:00-05:00,75.74721000335934,75.77206587604319,75.3246475248689,75.68092346191406,929100
2017-01-25 00:00:00-05:00,75.77209741500263,76.5923794835944,75.7140982474549,76.12837982177734,1008000
2017-01-26 00:00:00-05:00,75.90465794762284,78.82948436518514,75.03466425745107,76.96521759033203,1672300
2017-01-27 00:00:00-05:00,77.48720263195045,77.53692070645342,76.35207546064125,76.82435607910156,1374700
2017-01-30 00:00:00-05:00,76.70008665095081,76.70008665095081,74.67839064467054,75.01810455322266,1093800
2017-01-31 00:00:00-05:00,75.13409786694513,76.18637016237648,74.76952810092115,76.16151428222656,1384300
2017-02-01 00:00:00-05:00,76.33550855489104,76.72493418469004,76.19465435900796,76.68350982666016,1266700
2017-02-02 00:00:00-05:00,76.47636957239543,77.04807375984657,76.16979897808524,76.6255111694336,1050400
2017-02-03 00:00:00-05:00,77.01493395554994,77.4126470060761,76.55094066446482,77.31321716308594,745700
2017-02-06 00:00:00-05:00,77.29665342951816,77.29665342951816,76.52608948297463,76.87408447265625,743700
2017-02-07 00:00:00-05:00,76.73322108376121,77.02321687381318,76.30236477731188,76.74150848388672,816700
2017-02-08 00:00:00-05:00,76.7166186502469,77.2717604728809,76.49290949891069,77.09776306152344,623800
2017-02-09 00:00:00-05:00,77.09778356421026,77.90977169981119,76.83264367809497,77.69434356689453,760100
2017-02-10 00:00:00-05:00,77.75235186206073,78.06720985983122,77.42921278540574,77.52035522460938,877700
2017-02-13 00:00:00-05:00,77.56178794798781,77.95949467368575,77.56178794798781,77.8517837524414,650600
2017-02-14 00:00:00-05:00,77.68606545564815,78.44005446749938,77.68606545564815,78.39034271240234,766000
2017-02-15 00:00:00-05:00,78.1003396756393,79.13604328673676,78.1003396756393,79.03661346435547,1077400
2017-02-16 00:00:00-05:00,79.19404035356283,79.9148860022136,78.63061735108461,78.96204376220703,761700
2017-02-17 00:00:00-05:00,78.54776931926429,79.26033395409284,78.34890966203291,79.24375915527344,978700
2017-02-21 00:00:00-05:00,79.11119475034539,79.73261697465087,79.01176491874037,79.43433380126953,638300
2017-02-22 00:00:00-05:00,79.16087481266847,79.5088696018126,78.99515849300609,79.21058654785156,781500
2017-02-23 00:00:00-05:00,79.29347021762717,79.60832817811533,78.93718790331879,79.21890258789062,705200
2017-02-24 00:00:00-05:00,79.31003713638982,80.66059230826787,79.1194648991639,80.62744903564453,807100
2017-02-27 00:00:00-05:00,80.69377659245077,80.87606152380658,80.49492317707902,80.76006317138672,516500
2017-02-28 00:00:00-05:00,80.53632403706509,81.05832279200474,80.4783248777867,80.73518371582031,694900
2017-03-01 00:00:00-05:00,81.0085800174643,81.82057432127272,80.76830237472302,81.53057861328125,837000
2017-03-02 00:00:00-05:00,81.40632122958485,81.7046044390416,81.07489473891795,81.42288970947266,608800
2017-03-03 00:00:00-05:00,81.4394465889784,81.73772973279404,81.1991625941584,81.63001251220703,510100
2017-03-06 00:00:00-05:00,81.24888610440905,81.69631088489348,81.0168894748469,81.50574493408203,688300
2017-03-07 00:00:00-05:00,81.15773437473955,81.68801413056771,80.82631426842194,81.34001922607422,689700
2017-03-08 00:00:00-05:00,81.15773704119792,81.67144833716165,81.05002613524915,81.13288116455078,601000
2017-03-09 00:00:00-05:00,81.20746075268154,81.6963098844965,80.86774689110113,81.36488342285156,507500
2017-03-10 00:00:00-05:00,81.30687656659325,81.99458530313109,81.21573414023602,81.84544372558594,549100
2017-03-13 00:00:00-04:00,81.97805315161841,82.00290903865094,81.30691259455894,81.85376739501953,612200
2017-03-14 00:00:00-04:00,82.02774111468652,82.40887935523314,81.35660707387989,81.74603271484375,829100
2017-03-15 00:00:00-04:00,81.92003852566793,82.7237394477092,81.64661117700251,82.64088439941406,909700
2017-03-16 00:00:00-04:00,82.70717166076969,82.85631327752664,81.53061352937321,81.7957534790039,1083800
2017-03-17 00:00:00-04:00,81.88688004032866,82.30944260461851,81.82888088514571,82.07744598388672,1547800
2017-03-20 00:00:00-04:00,82.30947148605588,82.40890135330136,81.92005206257552,82.16861724853516,576100
2017-03-21 00:00:00-04:00,82.32600652505344,82.66571401153882,81.21572900214025,81.5554428100586,1125000
2017-03-22 00:00:00-04:00,81.72946217577166,81.85374790277375,81.19089490638572,81.67146301269531,875800
2017-03-23 00:00:00-04:00,81.5803187148622,82.32602673850408,81.28203550540545,81.42288970947266,685800
2017-03-24 00:00:00-04:00,81.5223222685465,82.2017437523991,81.42289242160415,81.7791748046875,884000
2017-03-27 00:00:00-04:00,81.24887839751908,81.87858799048075,80.77659778315619,81.72944641113281,807600
2017-03-28 00:00:00-04:00,81.62176631378676,82.06090381832705,80.99205648314849,81.89518737792969,727900
2017-03-29 00:00:00-04:00,81.71291921645275,81.73777510532933,81.29863754467858,81.3814926147461,500100
2017-03-30 00:00:00-04:00,81.36488441919012,81.67145500621669,81.19917434705546,81.50574493408203,449000
2017-03-31 00:00:00-04:00,81.27375179167811,81.50575477067378,81.06661101579381,81.35661315917969,783000
2017-04-03 00:00:00-04:00,81.44816111697035,81.87267554527342,81.24839223622583,81.58134460449219,772800
2017-04-04 00:00:00-04:00,81.58965220817893,81.80607216935967,81.00699040946618,81.25670623779297,874800
2017-04-05 00:00:00-04:00,81.49811168323049,82.24724660659373,81.206774379102,81.48146057128906,967700
2017-04-06 00:00:00-04:00,81.48979306856332,81.52308894474382,80.71568141134907,81.45649719238281,681800
2017-04-07 00:00:00-04:00,81.37324731795663,81.61463761773133,80.99867353532498,81.44815826416016,458500
2017-04-10 00:00:00-04:00,81.43981313778941,81.9475639307208,81.03194993299641,81.74779510498047,378700
2017-04-11 00:00:00-04:00,81.53973501064506,81.81442123061964,81.00701368432178,81.76448059082031,446800
2017-04-12 00:00:00-04:00,81.90597736721223,81.95591800339174,81.27336845660409,81.67291259765625,428300
2017-04-13 00:00:00-04:00,81.56469586953236,81.60631729823005,80.85717603544032,80.94873809814453,618200
2017-04-17 00:00:00-04:00,81.06528285292336,81.41488004541375,80.89048425667816,81.38158416748047,781700
2017-04-18 00:00:00-04:00,81.1152044669174,81.24006239224376,80.66572609660314,80.83219909667969,904300
2017-04-19 00:00:00-04:00,81.15683794687092,81.70621035969299,81.11521651540059,81.66458892822266,850500
2017-04-20 00:00:00-04:00,82.96311644950076,86.70881757201843,82.5968744358887,86.59228515625,3329900
2017-04-21 00:00:00-04:00,86.73376168771873,87.60776089241905,85.8847391507417,85.98462677001953,2212000
2017-04-24 00:00:00-04:00,86.4507533297244,87.00011934058057,86.0345644561365,86.64219665527344,1679100
2017-04-25 00:00:00-04:00,86.22601360582938,88.22372160409438,85.85977169070017,88.12384033203125,1836000
2017-04-26 00:00:00-04:00,88.33192883595959,88.72314104276633,87.66602409785688,88.03227233886719,1226400
2017-04-27 00:00:00-04:00,88.21540737640217,88.7148328165161,87.915750842226,88.07389831542969,886600
2017-04-28 00:00:00-04:00,88.02394949038668,88.473434249849,87.68267155521515,87.82418060302734,940300
2017-05-01 00:00:00-04:00,88.01565066002077,88.78144327008114,87.72431962113168,88.4568099975586,735400
2017-05-02 00:00:00-04:00,88.83969065271333,89.24755402073174,88.42350172805074,88.89795684814453,985700
2017-05-03 00:00:00-04:00,88.88129544493688,89.11436019967944,88.37354450758849,88.8479995727539,1389900
2017-05-04 00:00:00-04:00,89.0560936583016,89.67205776543982,88.76476271602718,89.24754333496094,940800
2017-05-05 00:00:00-04:00,89.42233973323643,89.52222734696906,88.93123357055694,89.13932800292969,875200
2017-05-08 00:00:00-04:00,89.21423914239476,89.89678857943936,88.98117441031187,89.22256469726562,703000
2017-05-09 00:00:00-04:00,89.18927852862325,89.58049709311351,88.90626678707224,89.2974853515625,1024900
2017-05-10 00:00:00-04:00,89.06443743560376,89.87184503405024,88.9812009137158,89.77195739746094,712000
2017-05-11 00:00:00-04:00,89.6221143346972,90.07159909939733,89.21425099934538,89.40570068359375,1171200
2017-05-12 00:00:00-04:00,89.19758782289011,89.29746907184376,88.33191434558098,88.62324523925781,927900
2017-05-15 00:00:00-04:00,88.64823795656174,89.77194674505829,88.53170556963846,89.55552673339844,1044100
2017-05-16 00:00:00-04:00,89.44729969724817,89.48059556463903,88.28196974071749,88.55665588378906,863400
2017-05-17 00:00:00-04:00,88.55665907428974,88.55665907428974,87.45792081295568,87.49954223632812,918700
2017-05-18 00:00:00-04:00,87.56614576813503,88.44014503576282,87.10834176886148,87.94071960449219,877700
2017-05-19 00:00:00-04:00,88.11550972491948,88.37354479700974,87.63272910249263,88.1404800415039,823000
2017-05-22 00:00:00-04:00,88.26532783931837,88.92290695286374,88.06555897904433,88.6898422241211,616500
2017-05-23 00:00:00-04:00,88.84799085448047,88.98117433014365,88.4650978877553,88.65654754638672,490900
2017-05-24 00:00:00-04:00,88.65656349493219,88.94789446218124,88.32361109641666,88.68153381347656,705900
2017-05-25 00:00:00-04:00,88.85632399838974,90.32962980815434,88.64822956279632,90.0133285522461,678500
2017-05-26 00:00:00-04:00,90.11320693982648,90.404537849717,89.70533731544221,89.88014221191406,572900
2017-05-30 00:00:00-04:00,89.85515454936608,90.53770389065221,89.68868157853015,89.80521392822266,615000
2017-05-31 00:00:00-04:00,89.94673990062128,90.64594053052986,89.94673990062128,90.53772735595703,872600
2017-06-01 00:00:00-04:00,90.69587474223897,91.42004563791083,90.42951412840644,91.32848358154297,717300
2017-06-02 00:00:00-04:00,91.4783084397674,91.7946096724498,91.27021401945424,91.51160430908203,691100
2017-06-05 00:00:00-04:00,91.40339505668412,91.79461359969638,90.92894001209305,91.01217651367188,734400
2017-06-06 00:00:00-04:00,90.71252599314664,91.13703405455857,90.58766806603926,90.845703125,615900
2017-06-07 00:00:00-04:00,91.02882874356854,91.26189349107011,90.41287100366608,90.67090606689453,659100
2017-06-08 00:00:00-04:00,90.67092086528314,90.78745325805316,89.71368505278157,90.16316986083984,853900
2017-06-09 00:00:00-04:00,90.17977984371423,90.59596861467588,89.93007039145924,90.23805236816406,826200
2017-06-12 00:00:00-04:00,90.21309479912772,90.44616589464155,88.5483393629712,89.4306640625,1340600
2017-06-13 00:00:00-04:00,89.7886006623566,90.30467086326817,89.66374271517061,90.25473022460938,997900
2017-06-14 00:00:00-04:00,90.43784185980864,90.43784185980864,88.87296765916753,89.25586700439453,599000
2017-06-15 00:00:00-04:00,88.76478570921842,89.67208099365234,88.68154918279858,89.67208099365234,630800
2017-06-16 00:00:00-04:00,89.74694346872349,89.97168260367629,89.29745884828142,89.62208557128906,915700
2017-06-19 00:00:00-04:00,89.62210999724435,90.04662442400561,89.14765493811288,90.0133285522461,850100
2017-06-20 00:00:00-04:00,90.0382992482467,90.7874404896508,89.98835861566583,90.17980194091797,1288500
2017-06-21 00:00:00-04:00,90.17148089124557,90.80408339278972,90.17148089124557,90.75414276123047,762400
2017-06-22 00:00:00-04:00,90.77910839823274,91.87784668967367,90.69587189974465,91.19529724121094,774200
2017-06-23 00:00:00-04:00,91.2785467212924,91.46999004666888,90.7374999160081,91.31183624267578,1260500
2017-06-26 00:00:00-04:00,91.34513088595894,92.10259767327629,91.1370364521515,91.6031723022461,828600
2017-06-27 00:00:00-04:00,91.48664008199547,91.77797101971068,90.67923266137178,91.12039184570312,975600
2017-06-28 00:00:00-04:00,91.71971048026245,92.75185715910078,91.43669873009829,92.4854965209961,851500
2017-06-29 00:00:00-04:00,92.66030106357776,93.11811141662734,91.2369357166495,92.01104736328125,1059900
2017-06-30 00:00:00-04:00,92.26074788839456,93.0265402541552,92.17751138248576,92.52711486816406,893600
2017-07-03 00:00:00-04:00,93.02654571631923,94.03372210319145,92.11093139648438,92.11093139648438,845600
2017-07-05 00:00:00-04:00,92.61035768916177,93.2179899392149,91.9194825769852,92.2191390991211,657800
2017-07-06 00:00:00-04:00,92.09377097878173,92.15227479692216,90.8066806032542,91.10755920410156,1050400
2017-07-07 00:00:00-04:00,91.2914414091723,91.78454416900802,90.58938912860705,91.7093276977539,971500
2017-07-10 00:00:00-04:00,91.53381481452398,91.69261365326635,90.71476121524445,90.75654602050781,936600
2017-07-11 00:00:00-04:00,90.7481643304958,91.04068338105158,90.11297555183394,90.7314453125,667800
2017-07-12 00:00:00-04:00,91.14098450828321,91.45021622125915,90.84845906155597,91.01561737060547,647000
2017-07-13 00:00:00-04:00,91.09918592175542,91.09918592175542,90.28848572405667,90.82337951660156,505500
2017-07-14 00:00:00-04:00,90.85684347495973,91.40009696951064,90.63954080185152,91.1242904663086,635500
2017-07-17 00:00:00-04:00,91.09917461169124,91.70929115554826,91.00723915472051,91.65078735351562,520300
2017-07-18 00:00:00-04:00,91.65916835728886,91.80124815165327,91.00726682885156,91.60902404785156,795900
2017-07-19 00:00:00-04:00,91.7260179321655,92.16897626960342,91.38334819856279,91.87645721435547,682200
2017-07-20 00:00:00-04:00,91.97674335885904,92.22747122079797,91.36662677957818,91.6424331665039,1129000
2017-07-21 00:00:00-04:00,91.5839468165872,91.89317854289379,91.05740609092955,91.4251480102539,713000
2017-07-24 00:00:00-04:00,91.31651014957251,91.64246093235535,90.77325671945495,91.46694946289062,1007700
2017-07-25 00:00:00-04:00,90.26342483928588,90.88189466852285,87.81461129923662,90.41386413574219,1776000
2017-07-26 00:00:00-04:00,90.59772015543719,92.60357498526659,90.39713658538525,90.44728088378906,1468700
2017-07-27 00:00:00-04:00,90.447293604331,91.68423323279103,89.87896809555708,91.09083557128906,990900
2017-07-28 00:00:00-04:00,91.18278946256753,91.60067576292433,90.77326267362075,91.52545928955078,617300
2017-07-31 00:00:00-04:00,91.60903654866797,91.73440371580672,90.47238528577088,90.52252960205078,747100
2017-08-01 00:00:00-04:00,90.7398226491828,91.27471655427188,90.51416687340141,90.54759216308594,731300
2017-08-02 00:00:00-04:00,90.45566017862247,90.4890854672453,89.66167248041053,90.23835754394531,735200
2017-08-03 00:00:00-04:00,90.0628492491468,90.53087982356864,89.67839465209481,89.89569091796875,647800
2017-08-04 00:00:00-04:00,90.11297788052592,90.11297788052592,88.89275096921952,89.40257263183594,618200
2017-08-07 00:00:00-04:00,89.41091601903797,89.63657171562726,88.52499311878577,89.20197296142578,1347600
2017-08-08 00:00:00-04:00,89.14347347913242,89.67000771430742,88.60022022773425,88.76737213134766,885000
2017-08-09 00:00:00-04:00,88.77574275068265,89.26049225884402,88.39128822310414,89.00975799560547,740200
2017-08-10 00:00:00-04:00,88.70053671712107,88.95963053857848,88.07370731676792,88.26593780517578,690600
2017-08-11 00:00:00-04:00,88.3495024497796,89.46108130749087,88.3495024497796,88.67545318603516,849400
2017-08-14 00:00:00-04:00,89.23540573210906,89.31898806332086,88.88438289619131,88.976318359375,697300
2017-08-15 00:00:00-04:00,89.37753456397601,89.78706140150653,88.77577719984318,89.09336853027344,639400
2017-08-16 00:00:00-04:00,89.26887142851477,89.80376539476089,89.12679161357669,89.2187271118164,587200
2017-08-17 00:00:00-04:00,89.16020563832397,89.65330832544156,87.68089120053345,88.06534576416016,496900
2017-08-18 00:00:00-04:00,87.98175716476084,88.31606739785354,87.44686334238745,87.64745330810547,779200
2017-08-21 00:00:00-04:00,87.81460732957791,88.1990618750453,87.63073637817232,87.756103515625,673400
2017-08-22 00:00:00-04:00,87.91491805356316,89.33572886188375,87.88148638582825,89.29393768310547,702300
2017-08-23 00:00:00-04:00,88.97631955075343,89.36077404901637,88.60857769309467,89.21033477783203,659700
2017-08-24 00:00:00-04:00,89.39421856062725,89.6031616686251,89.01812351680617,89.06826782226562,511400
2017-08-25 00:00:00-04:00,89.21036640382776,89.86226801792017,89.13514992978892,89.44438171386719,335800
2017-08-28 00:00:00-04:00,89.7201622221228,89.80373818344218,88.95961268474812,89.46107482910156,912700
2017-08-29 00:00:00-04:00,89.10171979155034,89.72018974677457,88.98471213451978,89.25215911865234,753900
2017-08-30 00:00:00-04:00,89.19364818015859,89.77033328415295,89.06828102149392,89.64496612548828,477100
2017-08-31 00:00:00-04:00,89.77031699672457,90.64787419528106,89.611518199465,90.55593872070312,795700
2017-09-01 00:00:00-04:00,90.64789238916485,90.91533935713319,89.97091864634095,90.405517578125,516400
2017-09-05 00:00:00-04:00,90.11298916364966,90.36372345996418,89.51959146390585,89.77867889404297,814200
2017-09-06 00:00:00-04:00,89.95419789023077,89.9709169121533,89.07664053245519,89.64496612548828,758600
2017-09-07 00:00:00-04:00,89.77866153436209,89.95417295726999,89.17690444071394,89.67001342773438,552400
2017-09-08 00:00:00-04:00,89.60316085475921,89.96254325230875,89.36914559615721,89.87896728515625,654100
2017-09-11 00:00:00-04:00,90.53921102203589,90.71472243256052,90.00431728240758,90.45563507080078,625200
2017-09-12 00:00:00-04:00,90.56432115839442,90.78997695902773,89.64497255630029,89.8706283569336,512000
2017-09-13 00:00:00-04:00,89.73688982729246,89.9625455820918,89.11841362618452,89.3357162475586,980300
2017-09-14 00:00:00-04:00,89.1936203667563,89.20197987511081,87.7560909987376,88.25755310058594,1131300
2017-09-15 00:00:00-04:00,88.1907096886712,88.56681113225991,87.32986505055091,87.7226791381836,1252300
2017-09-18 00:00:00-04:00,87.78118944518641,88.0737085608622,86.60275347162434,86.80333709716797,959200
2017-09-19 00:00:00-04:00,86.73647188358511,86.84512639308049,84.72226340806118,85.13179016113281,1231100
2017-09-20 00:00:00-04:00,84.93121046331662,85.77533616404892,84.54675584808001,85.08164978027344,2385100
2017-09-21 00:00:00-04:00,85.05657579981724,85.3574544498357,83.58562059577035,84.87271118164062,1359100
2017-09-22 00:00:00-04:00,84.87271338479403,85.67505434685765,84.10379771676544,85.34074401855469,1026600
2017-09-25 00:00:00-04:00,79.79119795582245,80.77740971589725,77.42596035835967,79.03900146484375,4661500
2017-09-26 00:00:00-04:00,78.98048351589674,80.20071032673712,78.4205175969754,78.8133316040039,2414000
2017-09-27 00:00:00-04:00,78.8133456482881,79.1225773780376,77.55132744636857,77.80205535888672,1989200
2017-09-28 00:00:00-04:00,77.39254473317236,77.91908557419418,76.61527592748988,76.85765075683594,2312200
2017-09-29 00:00:00-04:00,76.87436251089261,78.91364321167056,76.70720417381995,78.2617416381836,2451300
2017-10-02 00:00:00-04:00,78.51367774955268,78.93358190798448,78.10217346831364,78.58086395263672,1534400
2017-10-03 00:00:00-04:00,78.27852689924825,78.97556929058824,77.61507760706989,78.0097885131836,1581700
2017-10-04 00:00:00-04:00,77.96780132247883,78.38770548231268,77.70746279369513,78.0685806274414,1432100
2017-10-05 00:00:00-04:00,78.20294393166647,78.44648908489026,77.36313570974782,77.63187408447266,1072600
2017-10-06 00:00:00-04:00,77.66548991087615,77.90902872814287,77.21199256945755,77.61509704589844,1160600
2017-10-09 00:00:00-04:00,77.69065661493664,77.74944293131496,76.36375815127995,76.47293090820312,965000
2017-10-10 00:00:00-04:00,76.14539657374264,76.36374846712638,75.73389241127983,76.30496215820312,1840600
2017-10-11 00:00:00-04:00,76.47293611513157,77.20357158891957,76.27978380840622,76.80046081542969,1318300
2017-10-12 00:00:00-04:00,76.79208838051721,77.29597217997804,76.37218414642817,76.85926818847656,1615000
2017-10-13 00:00:00-04:00,76.55691685208181,76.9348279706241,76.07822003799392,76.47293090820312,785800
2017-10-16 00:00:00-04:00,76.36375403431065,76.89283085319154,76.16220187576948,76.86763763427734,1064400
2017-10-17 00:00:00-04:00,76.84245097567774,77.49750035228111,76.24618791730214,77.41352081298828,1393000
2017-10-18 00:00:00-04:00,77.41353221246918,78.17775446196546,76.92644184272525,77.30435943603516,1916300
2017-10-19 00:00:00-04:00,78.00981089989226,79.03437829304583,75.66674442060591,78.29534912109375,2452900
2017-10-20 00:00:00-04:00,78.61445688693412,80.0253351125526,78.56407043834277,79.8489761352539,1806800
2017-10-23 00:00:00-04:00,79.94135170868137,80.62159436078734,79.73139964003349,79.94974517822266,1418200
2017-10-24 00:00:00-04:00,79.8657561816393,80.1932808573955,79.31987958630303,80.0085220336914,1125400
2017-10-25 00:00:00-04:00,79.66421621753445,79.73979588941275,78.66484228561781,79.11833953857422,1927700
2017-10-26 00:00:00-04:00,79.68941787567829,80.41165360602355,79.07636133701773,79.61383819580078,1216600
2017-10-27 00:00:00-04:00,79.8825613082232,80.48721785299296,79.31988492347436,80.35285186767578,887500
2017-10-30 00:00:00-04:00,80.142902314322,80.142902314322,77.85022295088461,78.75721740722656,1398600
2017-10-31 00:00:00-04:00,78.39609960001052,79.16872165960764,78.16095431293562,78.75721740722656,1217600
2017-11-01 00:00:00-04:00,78.86639096520267,79.3534748506454,78.10216242940248,78.18614196777344,1371700
2017-11-02 00:00:00-04:00,78.27011286679655,79.52982502499967,78.16933999476582,78.73200988769531,1263300
2017-11-03 00:00:00-04:00,78.82440292719377,79.29469349729601,78.69003053160543,79.0175552368164,658400
2017-11-06 00:00:00-05:00,78.79921935076153,79.42067573835985,78.21974953650286,78.2281494140625,1165600
2017-11-07 00:00:00-05:00,78.43810682035651,78.87480437462548,77.62349163703334,77.816650390625,904300
2017-11-08 00:00:00-05:00,77.5814933937853,78.74043302230264,77.06081631521478,78.2281494140625,928900
2017-11-09 00:00:00-05:00,78.0517929773374,78.87480160263603,77.39674346534026,78.11897277832031,1843500
2017-11-10 00:00:00-05:00,77.93421568432258,78.16096111452526,77.29595955870052,77.30435943603516,1056000
2017-11-13 00:00:00-05:00,77.26237487792969,77.62349275593094,77.144802211346,77.26237487792969,1058500
2017-11-14 00:00:00-05:00,76.9600474662594,77.78306258377393,76.77528857821143,77.61509704589844,1359800
2017-11-15 00:00:00-05:00,77.37990524674684,77.6066569849457,76.79204223516886,77.13636016845703,736500
2017-11-16 00:00:00-05:00,77.40513989337309,78.42130730429983,77.40513989337309,78.05179595947266,850600
2017-11-17 00:00:00-05:00,77.79141021378915,78.70680423589799,77.27912683780352,78.13573455810547,2013400
2017-11-20 00:00:00-05:00,77.472317047275,77.8922212047128,75.84308686610304,77.606689453125,2092800
2017-11-21 00:00:00-05:00,77.10280491502844,78.53887646846496,77.09441144447747,77.648681640625,1328400
2017-11-22 00:00:00-05:00,77.70746603968105,78.6564535811731,77.43872762245084,77.69906616210938,1476400
2017-11-24 00:00:00-05:00,77.57309351783489,77.6906661650441,76.48974006235393,76.9432373046875,634800
2017-11-27 00:00:00-05:00,77.03560154437011,77.81662335101817,76.82564951470373,77.6822509765625,981800
2017-11-28 00:00:00-05:00,77.87541828528329,78.53886113412428,77.55628706423109,78.3960952758789,899700
2017-11-29 00:00:00-05:00,78.33730727308173,81.8225125579331,78.32890739712197,81.73853302001953,2134000
2017-11-30 00:00:00-05:00,81.72173453968544,83.51053012049537,81.72173453968544,82.68751525878906,3487600
2017-12-01 00:00:00-05:00,82.59513958012606,83.35096828175898,81.52018605212743,83.31737518310547,2595800
2017-12-04 00:00:00-05:00,83.67010469291802,86.18113630530577,83.65331134488031,84.18238830566406,2135400
2017-12-05 00:00:00-05:00,84.07320045766718,84.30834573142812,82.18363198422348,82.19203186035156,1884500
2017-12-06 00:00:00-05:00,82.33477877534142,82.3767653318655,81.77210894155056,81.78890228271484,1026300
2017-12-07 00:00:00-05:00,81.65456415624983,81.98208888198744,81.04990115266382,81.14228057861328,1177400
2017-12-08 00:00:00-05:00,81.23467740415764,81.82254077954201,80.8399663918723,81.53700256347656,764400
2017-12-11 00:00:00-05:00,81.26822617203253,81.66293700008102,80.83992865869365,81.54536437988281,700400
2017-12-12 00:00:00-05:00,81.9400780950193,82.43556821807894,81.46978759765625,81.46978759765625,1199700
2017-12-13 00:00:00-05:00,81.42780612341174,82.04086895735465,81.06668832418035,81.57897186279297,1126400
2017-12-14 00:00:00-05:00,81.81411054318968,82.59513239910167,81.42779955310378,81.56217193603516,1395500
2017-12-15 00:00:00-05:00,82.05767569778321,83.70369934683232,81.85612348145031,83.13262939453125,1644800
2017-12-18 00:00:00-05:00,83.46854626825082,83.7288847904505,82.79669706661632,82.91427612304688,1023700
2017-12-19 00:00:00-05:00,83.04862304514764,84.10678305216284,82.50274649509541,83.54411315917969,896600
2017-12-20 00:00:00-05:00,83.78765504607922,83.93882076709467,82.66231521747464,83.17459869384766,928600
2017-12-21 00:00:00-05:00,83.56092227259153,83.92204008242052,82.68752090911612,83.2669906616211,1484500
2017-12-22 00:00:00-05:00,83.38456041848723,83.49373318243039,83.08222894132176,83.34256744384766,464600
2017-12-26 00:00:00-05:00,83.33415776129775,83.9892070319678,83.19978539437717,83.36774444580078,365500
2017-12-27 00:00:00-05:00,83.42655550143876,83.54413456098543,82.97306464663005,83.3089828491211,421600
2017-12-28 00:00:00-05:00,83.42654205552134,83.4349419313985,82.84707876455653,83.25018310546875,842300
2017-12-29 00:00:00-05:00,83.59453182137159,83.76249094433962,82.71273040771484,82.71273040771484,460000
2018-01-02 00:00:00-05:00,82.94787341892734,83.22501173056725,82.59515542623818,83.05705261230469,874800
2018-01-03 00:00:00-05:00,82.90588524469388,83.51054831034966,82.30122217903809,83.35098266601562,855100
2018-01-04 00:00:00-05:00,83.63649611900875,83.63649611900875,82.80508778950082,83.20819854736328,933100
2018-01-05 00:00:00-05:00,83.62811987604674,84.04802406533331,83.14102947873926,83.90525817871094,877100
2018-01-08 00:00:00-05:00,83.9052486443331,84.22581735864728,83.34847072618552,84.09928131103516,554600
2018-01-09 00:00:00-05:00,84.24267752567732,85.56714154728859,84.031775570413,85.32249450683594,1083900
2018-01-10 00:00:00-05:00,84.85009238974601,85.28876570853014,84.4451577263761,84.67293548583984,1198600
2018-01-11 00:00:00-05:00,84.94287437869963,85.29718812225889,84.92599861783472,85.22126007080078,780000
2018-01-12 00:00:00-05:00,85.54185175666198,85.7611916369298,84.95132229997452,85.73587799072266,588100
2018-01-16 00:00:00-05:00,85.9383228198935,86.25889144416402,85.36466929905089,85.38997650146484,580400
2018-01-17 00:00:00-05:00,85.77803196984068,85.82864637270968,85.22124779341746,85.61774444580078,520400
2018-01-18 00:00:00-05:00,85.61775915571515,86.12392258001684,85.29719048877476,85.68524932861328,579400
2018-01-19 00:00:00-05:00,86.16608979859933,87.38931838677763,86.16608979859933,86.94220733642578,876500
2018-01-22 00:00:00-05:00,87.08565105828393,87.38091255200735,86.81569677313426,87.37247467041016,589500
2018-01-23 00:00:00-05:00,86.95908328878382,87.20373029420875,86.16608999093853,86.99282836914062,896700
2018-01-24 00:00:00-05:00,87.51589111301607,88.71381935078753,87.27124402347887,88.25827026367188,890900
2018-01-25 00:00:00-05:00,88.37635388936957,88.76441270045355,87.53274609930438,88.70536041259766,1064000
2018-01-26 00:00:00-05:00,89.08500420510451,89.96235730426929,88.33419359416685,89.94548797607422,732500
2018-01-29 00:00:00-05:00,90.26601234069447,91.79294002256971,89.94544377278368,91.00838470458984,1221700
2018-01-30 00:00:00-05:00,90.19854572636847,91.36272862626238,89.27901630055,90.40101623535156,1102700
2018-01-31 00:00:00-05:00,90.66253062397966,90.66253062397966,88.67161571583513,89.27057647705078,1446700
2018-02-01 00:00:00-05:00,89.40556533662203,89.40556533662203,86.0480031654842,87.38090515136719,1814500
2018-02-02 00:00:00-05:00,87.14470071136392,88.11484467039956,86.73976607782409,86.98441314697266,1320900
2018-02-05 00:00:00-05:00,86.68070674718207,88.0979681952416,84.44514465332031,84.44514465332031,2169900
2018-02-06 00:00:00-05:00,82.24331709622402,85.80334280291984,80.7163891403651,85.31404876708984,1662900
2018-02-07 00:00:00-05:00,84.97659430403453,86.4191624924481,84.79943104849309,84.85005187988281,1432000
2018-02-08 00:00:00-05:00,84.78259726528692,84.95131627739741,81.31536814580912,81.3406753540039,1518600
2018-02-09 00:00:00-05:00,82.25176828331634,83.62684681039917,80.37051987936229,82.96039581298828,1516200
2018-02-12 00:00:00-05:00,83.27252595498564,84.11613376298212,82.5807678098772,83.57622528076172,974000
2018-02-13 00:00:00-05:00,84.25112787283896,85.9467752099963,83.70278142076842,85.53340911865234,1306200
2018-02-14 00:00:00-05:00,85.00194517446273,85.93835058359677,84.6898078926786,85.63465118408203,1201400
2018-02-15 00:00:00-05:00,86.19141162733332,87.00971226343974,85.76960770655411,86.967529296875,941300
2018-02-16 00:00:00-05:00,86.6385158690439,88.40165946462994,86.34325443520409,88.18231964111328,783000
2018-02-20 00:00:00-05:00,87.73521748884595,88.0389168335124,86.06487109318043,86.26734161376953,1108300
2018-02-21 00:00:00-05:00,86.3854501136299,87.3134175149511,85.93833895711626,85.97208404541016,838900
2018-02-22 00:00:00-05:00,86.18301191535046,86.5879402241105,84.90916180342822,85.077880859375,1052200
2018-02-23 00:00:00-05:00,85.20438233618162,86.55415344238281,84.58011440635413,86.55415344238281,766600
2018-02-26 00:00:00-05:00,86.67228013672354,87.81114959716797,86.56261341879946,87.81114959716797,1018300
2018-02-27 00:00:00-05:00,87.81956569602252,89.42242171206699,87.69302324597915,88.40165710449219,1535900
2018-02-28 00:00:00-05:00,88.57038697787426,88.98375946129062,86.93379211425781,86.93379211425781,1648900
2018-03-01 00:00:00-05:00,86.91692125615133,87.38933962245835,84.41140475329762,84.70667266845703,1218000
2018-03-02 00:00:00-05:00,84.4788840742676,85.9298905114256,84.4788840742676,85.57557678222656,850200
2018-03-05 00:00:00-05:00,85.20440200272905,86.95910806391316,84.81634312238948,86.79882049560547,472200
2018-03-06 00:00:00-05:00,87.3809368861964,87.87866262333624,86.69760988332048,87.85335540771484,877600
2018-03-07 00:00:00-05:00,87.7099109881723,89.34651231023419,87.22061688047296,88.0389175415039,1416200
2018-03-08 00:00:00-05:00,88.38479029802218,88.71380327594854,87.43995363925364,88.2751235961914,764600
2018-03-09 00:00:00-05:00,88.75598548932396,90.70471765903253,87.87020106500981,90.25760650634766,1027800
2018-03-12 00:00:00-04:00,90.2575904418284,90.26602832138218,89.07653831673528,89.08497619628906,1024100
2018-03-13 00:00:00-04:00,89.54898472980754,89.54898472980754,88.32574934672292,88.57039642333984,733700
2018-03-14 00:00:00-04:00,89.48993294338,89.62490686864125,87.84489357799691,88.54508972167969,873100
2018-03-15 00:00:00-04:00,88.52820797309867,88.97531909438229,88.11483550123305,88.34261322021484,689800
2018-03-16 00:00:00-04:00,88.62941719907951,89.00060662278247,87.777378110984,88.03045654296875,1374100
2018-03-19 00:00:00-04:00,88.04735300870087,88.42697396407173,87.19530728399057,87.61711120605469,669700
2018-03-20 00:00:00-04:00,87.76053355304919,88.22452049762731,87.14470335702862,87.37247467041016,853800
2018-03-21 00:00:00-04:00,87.54961527047381,87.99672636863389,87.13624925620348,87.4230728149414,704800
2018-03-22 00:00:00-04:00,87.02658200484058,87.97141860285187,86.2504579527671,86.30107879638672,902600
2018-03-23 00:00:00-04:00,86.22516902106226,86.34327362084123,84.0233517254115,84.17520141601562,857700
2018-03-26 00:00:00-04:00,84.81634605221853,84.87539835265315,83.66903869844475,84.7151107788086,761000
2018-03-27 00:00:00-04:00,84.833212504028,85.40686616146935,83.83775487600383,84.31861114501953,829200
2018-03-28 00:00:00-04:00,84.61386149087645,84.91756080148564,83.37375704525836,83.9474105834961,1037900
2018-03-29 00:00:00-04:00,84.52950278061775,85.04410407661905,83.67746349843996,84.6138687133789,733300
2018-04-02 00:00:00-04:00,84.65605534141419,84.71510763966062,81.48408769050636,82.51329040527344,1173700
2018-04-03 00:00:00-04:00,82.77614590843787,83.90390447222106,82.39456791694138,83.86151123046875,1066500
2018-04-04 00:00:00-04:00,83.02206412135807,84.4296454911317,82.47937489874836,84.19222259521484,910100
2018-04-05 00:00:00-04:00,84.53986404347049,85.41325024627929,83.93782564919182,84.65010070800781,1020300
2018-04-06 00:00:00-04:00,84.25156155438518,84.47202840070493,82.02995002740903,82.54719543457031,903400
2018-04-09 00:00:00-04:00,83.08140033724422,84.3024330108651,82.89485197160134,83.06443786621094,625200
2018-04-10 00:00:00-04:00,83.73433560575262,84.37029258503682,83.26796456656197,83.89544677734375,1351700
2018-04-11 00:00:00-04:00,83.63255401505323,84.4804963890165,83.35273794830341,83.9971694946289,789900
2018-04-12 00:00:00-04:00,84.40420240907352,85.53196755595194,84.0989425727863,85.00624084472656,974700
2018-04-13 00:00:00-04:00,85.24367226133754,85.6846060553732,84.19222520287306,84.59075927734375,1060000
2018-04-16 00:00:00-04:00,85.3115001596632,86.44774006723101,84.59922505624975,85.83722686767578,1068100
2018-04-17 00:00:00-04:00,86.20181849086963,86.32052989693467,84.43809693035112,85.47258758544922,1408300
2018-04-18 00:00:00-04:00,85.24365211261262,86.12551302295284,85.14190316056897,85.46411895751953,1495200
2018-04-19 00:00:00-04:00,85.05711340446388,86.99042134437698,83.92087351564369,86.05768585205078,1628600
2018-04-20 00:00:00-04:00,86.36295066380941,86.37991313824725,82.77615716554145,83.23404693603516,1781100
2018-04-23 00:00:00-04:00,83.43753754786685,84.35331693743008,82.6913440589098,84.32787322998047,1664700
2018-04-24 00:00:00-04:00,84.75185102474661,85.39628914175475,83.92087099031711,84.57378387451172,1116200
2018-04-25 00:00:00-04:00,84.50596127837643,85.84570564842723,83.95479730327723,85.76939392089844,957000
2018-04-26 00:00:00-04:00,85.72698948809358,86.55797602366358,85.09951381998246,85.94745635986328,871900
2018-04-27 00:00:00-04:00,85.99832332071998,87.33807396918702,85.99832332071998,87.11760711669922,1082900
2018-04-30 00:00:00-04:00,87.29569781107845,87.41440927076533,85.81179809570312,85.81179809570312,712500
2018-05-01 00:00:00-04:00,86.8462797865584,87.71965963195808,86.00681842156989,86.88867950439453,917000
2018-05-02 00:00:00-04:00,86.54101355006459,86.91411033778436,85.7524267292039,85.94745635986328,864000
2018-05-03 00:00:00-04:00,85.50652442133037,85.6337170988551,83.88695749999947,85.59132385253906,963100
2018-05-04 00:00:00-04:00,85.16736024611725,86.3544747585229,84.09046947792072,86.06617736816406,762100
2018-05-07 00:00:00-04:00,86.10009419753519,86.59190246854452,85.12495889309635,85.72699737548828,662400
2018-05-08 00:00:00-04:00,85.55740845638229,85.98137975054743,84.41268725599413,84.68402862548828,1313200
2018-05-09 00:00:00-04:00,84.70098004387546,85.44716715225324,84.16677857110038,85.3369369506836,612400
2018-05-10 00:00:00-04:00,85.5404342323686,87.0158587912934,85.3962855647813,86.2272720336914,673100
2018-05-11 00:00:00-04:00,86.20183966501912,87.14304991021821,85.81178041295172,86.91410827636719,502400
2018-05-14 00:00:00-04:00,87.09218389224179,87.55007367372653,86.85476099872126,87.27873229980469,595600
2018-05-15 00:00:00-04:00,86.60035705566406,87.01585349949487,86.26966002929245,86.60035705566406,475200
2018-05-16 00:00:00-04:00,86.82083965414078,87.13458073553626,86.2442384449176,86.320556640625,854200
2018-05-17 00:00:00-04:00,86.35445473627972,86.60035881948782,85.9220087510089,86.24422454833984,705800
2018-05-18 00:00:00-04:00,86.36294710671432,86.9310670605003,85.4132555945439,86.6173324584961,1978100
2018-05-21 00:00:00-04:00,87.05826471949013,87.4398427690038,86.7699673423047,86.99890899658203,498300
2018-05-22 00:00:00-04:00,86.91411450774672,87.09218167335041,86.23575785558062,86.3544692993164,427700
2018-05-23 00:00:00-04:00,86.07463178577002,86.33749185028499,85.34540083006375,85.82872772216797,435400
2018-05-24 00:00:00-04:00,85.71852852629101,86.0153136608784,85.11648995689008,85.54894256591797,538100
2018-05-25 00:00:00-04:00,87.846835041818,91.44210915766912,87.33807087427195,89.72078704833984,2772200
2018-05-29 00:00:00-04:00,89.94124234471516,90.66199202863633,89.45791547721164,90.17866516113281,1975500
2018-05-30 00:00:00-04:00,90.32281646120472,92.49355328078242,90.32281646120472,91.8830337524414,1548900
2018-05-31 00:00:00-04:00,92.06112535015484,92.06112535015484,90.29740323690513,90.3313217163086,1349200
2018-06-01 00:00:00-04:00,90.95879158687504,91.55235523449012,90.2041232590215,91.53539276123047,675700
2018-06-04 00:00:00-04:00,91.56081582706506,91.90846881904676,90.94181507841354,90.98421478271484,725100
2018-06-05 00:00:00-04:00,90.74682583042751,91.13688516936917,89.93280160646344,90.49244689941406,562300
2018-06-06 00:00:00-04:00,90.60265152276253,91.58626789210369,90.55177704479235,91.56930541992188,535300
2018-06-07 00:00:00-04:00,91.91697357001308,91.9932852941353,91.02663130619112,91.23861694335938,470400
2018-06-08 00:00:00-04:00,92.51052060205953,93.65524162313775,92.08654937430556,93.03624725341797,1297000
2018-06-11 00:00:00-04:00,92.9344981580765,95.22394682541773,92.30702250967393,94.67278289794922,1657200
2018-06-12 00:00:00-04:00,94.52015686070708,94.62190582612266,93.79092575188353,94.1301040649414,828200
2018-06-13 00:00:00-04:00,94.54558303066,94.56253903314762,93.71459658444215,93.84178924560547,519600
2018-06-14 00:00:00-04:00,94.1215989571098,94.47773318431872,93.5873976162964,94.07072448730469,768200
2018-06-15 00:00:00-04:00,93.79090339482066,94.4522973895176,93.25670204586237,94.38446044921875,1354900
2018-06-18 00:00:00-04:00,93.64678328630548,93.90964342345836,93.14649378575311,93.57046508789062,497600
2018-06-19 00:00:00-04:00,93.27366935760179,93.93506343250607,92.89209784339933,93.84178924560547,632600
2018-06-20 00:00:00-04:00,93.74851951690734,93.92658666328894,92.73099111778728,93.88419342041016,576900
2018-06-21 00:00:00-04:00,93.82486051066807,94.43538028625237,93.34153343321206,94.2742691040039,689700
2018-06-22 00:00:00-04:00,94.7067004211157,95.2239458665312,94.25729192870601,95.00347900390625,911900
2018-06-25 00:00:00-04:00,96.89439870660794,98.7768323263434,95.41049914663668,95.93622589111328,1646800
2018-06-26 00:00:00-04:00,95.93623254850381,96.10581849369613,94.72367427944015,95.01197814941406,1399700
2018-06-27 00:00:00-04:00,92.90056956200277,93.97746005932775,91.11989177200147,93.57892608642578,1979200
2018-06-28 00:00:00-04:00,93.11255321698047,93.8333094350664,91.62865401151178,93.46021270751953,830600
2018-06-29 00:00:00-04:00,93.27366805514148,94.41838905105166,93.00232673411621,93.22279357910156,741900
2018-07-02 00:00:00-04:00,92.95144592240824,93.51956576375511,92.19677772258042,93.45172882080078,613500
2018-07-03 00:00:00-04:00,93.57894744479502,93.91812578442027,93.10410165089293,93.3245620727539,345500
2018-07-05 00:00:00-04:00,93.81636157555361,94.10466540154704,92.96841904036654,93.96051025390625,733200
2018-07-06 00:00:00-04:00,93.94348358642041,94.33530438688467,93.27909151178052,94.11383819580078,451700
2018-07-09 00:00:00-04:00,94.3012279880197,94.71008813047777,93.81571022431972,94.35233306884766,666700
2018-07-10 00:00:00-04:00,95.45965223898786,96.73733117847566,95.22967288926895,96.24329376220703,1264200
2018-07-11 00:00:00-04:00,95.99626624515325,96.99286066544757,95.63851773459147,96.74584197998047,1055300
2018-07-12 00:00:00-04:00,97.25692402380672,97.43579830081704,96.7543669133966,97.01842498779297,820200
2018-07-13 00:00:00-04:00,96.9502726460605,98.32164848995804,96.9502726460605,97.91278839111328,676300
2018-07-16 00:00:00-04:00,98.00647597959824,98.1001729412262,97.16320982355671,97.42726135253906,528900
2018-07-17 00:00:00-04:00,97.28247042231207,97.72540274575725,96.89064967379421,97.15470123291016,543500
2018-07-18 00:00:00-04:00,96.98434561367672,97.4954158672329,96.30291427652791,96.70325469970703,683300
2018-07-19 00:00:00-04:00,96.49031563749242,98.03204619552382,96.31996103941353,97.94686889648438,598900
2018-07-20 00:00:00-04:00,97.47837424696924,98.35571262813214,97.45282171137968,97.49540710449219,698900
2018-07-23 00:00:00-04:00,97.73393275393077,98.50054152372628,96.28589902101528,97.86170196533203,820200
2018-07-24 00:00:00-04:00,90.12743819557235,92.60613757424322,89.43749389366178,89.79524230957031,2872500
2018-07-25 00:00:00-04:00,90.07637081421497,91.93326458125152,88.96904639861451,91.70328521728516,2401600
2018-07-26 00:00:00-04:00,91.70328760861906,92.9979995218819,91.192210788946,91.43070983886719,1108100
2018-07-27 00:00:00-04:00,91.20074225914543,92.02697585933734,90.69819155307306,90.90261840820312,1097600
2018-07-30 00:00:00-04:00,90.9026253847619,91.48184026759425,90.37451559498112,91.15815734863281,1059000
2018-07-31 00:00:00-04:00,91.2858868320385,91.95027874687065,90.95369087462244,91.7543716430664,653700
2018-08-01 00:00:00-04:00,91.90772550860267,92.180296812577,91.01334746504901,91.09001159667969,550200
2018-08-02 00:00:00-04:00,90.99630749277271,92.5806301041676,90.71521652977414,92.43582153320312,633500
2018-08-03 00:00:00-04:00,90.9963040243735,92.84467816767788,90.9963040243735,92.70838928222656,602400
2018-08-06 00:00:00-04:00,92.41879076698224,92.8106115885572,92.12918661570986,92.31657409667969,713200
2018-08-07 00:00:00-04:00,92.50396245266131,92.7424615035894,92.2058386390012,92.70838928222656,784700
2018-08-08 00:00:00-04:00,92.76800136726199,92.96390847633714,91.54994732442768,92.05249786376953,826400
2018-08-09 00:00:00-04:00,92.34212258481135,92.78504844161132,91.99288720848271,92.33360290527344,728100
2018-08-10 00:00:00-04:00,92.06101203372224,92.81058120807505,92.06101203372224,92.4443130493164,636100
2018-08-13 00:00:00-04:00,92.37619951575941,92.75950715814332,92.06104281933754,92.35064697265625,408800
2018-08-14 00:00:00-04:00,92.19732677022577,92.92134366434443,92.08659691537403,92.54656219482422,446600
2018-08-15 00:00:00-04:00,92.20584302343386,92.5635916168371,91.6777333151157,92.30805969238281,600300
2018-08-16 00:00:00-04:00,92.83617958487805,93.5516833988736,92.58064761450431,93.3046646118164,740700
2018-08-17 00:00:00-04:00,93.28760809407687,95.72371678897417,93.108733798123,94.92304229736328,2244500
2018-08-20 00:00:00-04:00,94.9571084997142,95.68963849919997,94.68453723288341,94.83785247802734,586200
2018-08-21 00:00:00-04:00,94.57379368516092,95.11042299672373,94.16494006537233,94.23307800292969,803900
2018-08-22 00:00:00-04:00,94.11382980211037,94.50565056762947,93.9860606071645,94.30122375488281,739500
2018-08-23 00:00:00-04:00,94.26716282169322,94.94859427724253,94.01163089982121,94.37789916992188,562800
2018-08-24 00:00:00-04:00,94.62489791566436,94.69304235122263,93.84125640257741,94.13086700439453,629300
2018-08-27 00:00:00-04:00,94.4204844471531,94.4204844471531,93.66239536564632,94.0286636352539,715400
2018-08-28 00:00:00-04:00,94.06271918033922,94.3097378763811,93.6112736835978,94.18196868896484,531600
2018-08-29 00:00:00-04:00,94.42900613067725,95.00822092981834,94.11384293896697,94.42048645019531,372200
2018-08-30 00:00:00-04:00,93.7731024682894,94.31825139892375,93.51757060874652,93.80717468261719,472000
2018-08-31 00:00:00-04:00,93.56018732000405,93.994600074831,93.28761601275457,93.679443359375,707800
2018-09-04 00:00:00-04:00,93.71350620286286,93.97756431951333,93.03208120501337,93.12577819824219,551400
2018-09-05 00:00:00-04:00,93.20240614347792,93.37276721263706,92.60615864794671,93.22795867919922,485300
2018-09-06 00:00:00-04:00,93.1768653626907,93.74756039449792,93.10020774585591,93.50054168701172,480700
2018-09-07 00:00:00-04:00,93.47500305978242,93.79016625043437,93.04059683584445,93.14280700683594,515600
2018-09-10 00:00:00-04:00,93.32168311838028,93.54314932418615,92.54656114597807,92.60618591308594,562800
2018-09-11 00:00:00-04:00,92.44432444599066,92.8105926499034,92.10360877978636,92.29952239990234,1137100
2018-09-12 00:00:00-04:00,92.04400487132442,93.09170464492429,91.57552641047899,91.90772247314453,1572100
2018-09-13 00:00:00-04:00,92.4272906415357,92.60616490227567,91.64364266769917,92.13768005371094,1312000
2018-09-14 00:00:00-04:00,92.50393766512313,92.88724517878434,92.00990033566289,92.15470886230469,851100
2018-09-17 00:00:00-04:00,92.40175774918772,92.40175774918772,91.4903468943453,91.677734375,1300800
2018-09-18 00:00:00-04:00,91.8225286249156,92.12917208885987,91.22627455675237,91.3284912109375,1113100
2018-09-19 00:00:00-04:00,91.57550406763238,92.17175159909327,91.302932839163,91.59253692626953,828200
2018-09-20 00:00:00-04:00,91.89920871842908,92.16326034972553,91.52442072669524,91.93328094482422,629300
2018-09-21 00:00:00-04:00,92.06101543465726,92.61467753211011,91.5754977642839,91.66067504882812,1209100
2018-09-24 00:00:00-04:00,91.55848419049383,91.74587816842622,90.60448793718284,91.64366149902344,1354200
2018-09-25 00:00:00-04:00,92.01844945488823,92.51248694241688,91.54997100866932,91.64366149902344,997600
2018-09-26 00:00:00-04:00,91.82255147729308,92.17178042677065,91.26036948727827,91.54998016357422,744200
2018-09-27 00:00:00-04:00,91.5669655966592,92.19728521464418,91.19217779745277,91.35401916503906,876600
2018-09-28 00:00:00-04:00,91.35406254109522,91.95882991421443,91.1240831451365,91.91624450683594,982400
2018-10-01 00:00:00-04:00,92.0525224883299,92.64025696999839,91.93327295561632,92.31657409667969,900500
2018-10-02 00:00:00-04:00,92.21433374129,92.41876051636979,91.14108179955362,91.71177673339844,915100
2018-10-03 00:00:00-04:00,91.74586263619224,91.81400707092416,90.29782914049929,90.49373626708984,853800
2018-10-04 00:00:00-04:00,90.19421713148763,90.34826387883349,88.25152265100365,88.47402954101562,1565500
2018-10-05 00:00:00-04:00,88.47400777077117,89.00461455425301,88.1060076609598,88.43122100830078,1028900
2018-10-08 00:00:00-04:00,88.36278073566831,88.84203440620128,87.54976018325108,88.1317138671875,710600
2018-10-09 00:00:00-04:00,87.98619891614482,88.86768592743427,87.88350545733203,88.66229248046875,1306300
2018-10-10 00:00:00-04:00,88.77357746822926,89.99739158914753,88.43980404494083,88.48259735107422,979200
2018-10-11 00:00:00-04:00,88.26007380285519,88.44835388132996,85.92370581283188,85.95793914794922,1487600
2018-10-12 00:00:00-04:00,86.42862656342152,87.06193342327344,84.97374583754231,85.79532623291016,951400
2018-10-15 00:00:00-04:00,85.31605997066549,86.38582697188524,85.221919952211,85.54712677001953,1064700
2018-10-16 00:00:00-04:00,85.9151361706012,87.60109019153938,85.7782093748942,87.4983901977539,1067300
2018-10-17 00:00:00-04:00,87.43848212019013,88.1316956409544,86.99346187949152,87.61820220947266,1253700
2018-10-18 00:00:00-04:00,87.92629565662563,88.670855908802,86.99346187949152,87.61820220947266,1356300
2018-10-19 00:00:00-04:00,88.48257513593929,89.19290205162564,87.67810819386845,87.72090148925781,1161800
2018-10-22 00:00:00-04:00,87.74658393495578,88.25151744957314,86.76239680321619,86.89933013916016,1433300
2018-10-23 00:00:00-04:00,81.21673279541257,83.3648273110755,80.20687222699274,81.49059295654297,3438200
2018-10-24 00:00:00-04:00,81.1739440863185,81.37078414889886,78.17859554786142,78.27273559570312,3261100
2018-10-25 00:00:00-04:00,78.5209031628984,79.36815685654989,78.2213696883085,78.64071655273438,1476200
2018-10-26 00:00:00-04:00,78.2641605870745,78.940254196479,77.48537351200983,78.28128051757812,2201100
2018-10-29 00:00:00-04:00,79.84741011311786,79.84741011311786,77.88759621943458,78.58936309814453,1490500
2018-10-30 00:00:00-04:00,78.87178877225335,79.60778250103345,77.99885519665052,79.47085571289062,1073900
2018-10-31 00:00:00-04:00,79.82175475684903,81.49059567861423,79.53934114921374,80.54064178466797,1406900
2018-11-01 00:00:00-04:00,80.93429678099324,81.3279702772588,79.76182972758883,80.10415649414062,1381100
2018-11-02 00:00:00-04:00,80.40369950345578,80.91719297886151,79.05151873566426,79.91588592529297,985100
2018-11-05 00:00:00-05:00,80.17264248143854,81.07124964410683,80.0271556926154,80.48929595947266,937800
2018-11-06 00:00:00-05:00,80.24109597987871,81.80723012058274,80.17262931543796,81.71309661865234,786900
2018-11-07 00:00:00-05:00,82.43197307481678,83.86118034779906,82.36350641364226,83.48462677001953,1647600
2018-11-08 00:00:00-05:00,83.13373015785002,84.07512378453532,82.92833672805345,83.69857025146484,745100
2018-11-09 00:00:00-05:00,83.5445200228043,84.08368020178035,82.90265986859224,83.29633331298828,718700
2018-11-12 00:00:00-05:00,83.40760577605896,83.78416590860634,82.14100510550246,82.21802520751953,750000
2018-11-13 00:00:00-05:00,82.37205090469413,82.7657243384842,80.71177059447339,81.33651733398438,720200
2018-11-14 00:00:00-05:00,81.77302529474632,82.29507232506477,80.6176712421562,81.05413818359375,948400
2018-11-15 00:00:00-05:00,80.51494611922988,82.13243332226148,80.00145925831089,81.9184799194336,1124300
2018-11-16 00:00:00-05:00,81.56758403939301,82.79995759059499,81.49056395711236,82.02972412109375,697200
2018-11-19 00:00:00-05:00,82.12387935194342,82.15811268241525,80.25820528193996,80.66899871826172,662900
2018-11-20 00:00:00-05:00,80.46362517507846,81.62753267620978,80.18121153223252,80.99423217773438,872400
2018-11-21 00:00:00-05:00,81.19107052883383,81.48204413324028,79.75330285394143,79.77041625976562,978200
2018-11-23 00:00:00-05:00,79.41952023542729,80.96854106520718,79.29970683032502,80.49784088134766,359100
2018-11-26 00:00:00-05:00,81.20816894192491,81.5162624246172,80.21542835384828,81.15682220458984,873400
2018-11-27 00:00:00-05:00,81.29374321541873,81.91849010224426,80.33523603038077,81.0113296508789,708100
2018-11-28 00:00:00-05:00,81.31941790704833,83.27067869982226,81.09691103794847,82.95402526855469,1338700
2018-11-29 00:00:00-05:00,79.54788362353159,79.54788362353159,74.7981213377391,75.26026153564453,4330300
2018-11-30 00:00:00-05:00,74.78955520862709,75.91066901359204,73.22341464412945,75.7994155883789,3534900
2018-12-03 00:00:00-05:00,75.18323143653453,77.79346580540584,74.88369795060018,77.7078857421875,2175900
2018-12-04 00:00:00-05:00,77.79346724874829,78.2299340674022,76.61244015466596,76.80072021484375,2074300
2018-12-06 00:00:00-05:00,75.62825339070397,76.15030023119631,74.02787954025405,76.02192687988281,1983800
2018-12-07 00:00:00-05:00,75.66249018258449,76.52685729368653,74.33597637386644,74.93504333496094,1474400
2018-12-10 00:00:00-05:00,75.00351114161536,75.2345844939527,73.29188376452814,74.8494644165039,1389700
2018-12-11 00:00:00-05:00,75.00351275760575,76.22732661976444,74.7895593308601,75.39718627929688,1436300
2018-12-12 00:00:00-05:00,76.02193920166675,76.58677289791969,75.52556564511596,75.55123901367188,1332900
2018-12-13 00:00:00-05:00,75.75663922262558,76.22733945244335,75.35441219727582,75.60259246826172,1306000
2018-12-14 00:00:00-05:00,74.8580125155617,75.48275275273791,72.97521878161074,73.15494537353516,1831200
2018-12-17 00:00:00-05:00,72.46174778268107,73.53151495744372,72.22212098022874,73.05226135253906,1728600
2018-12-18 00:00:00-05:00,73.25763264579446,74.08777276681005,71.16945219273009,71.56312561035156,1754600
2018-12-19 00:00:00-05:00,71.68298030457647,73.26623485091986,70.97265313897435,71.95684051513672,1778700
2018-12-20 00:00:00-05:00,71.35773923888061,72.35904616399556,69.60332518744694,70.22806549072266,1633800
2018-12-21 00:00:00-05:00,70.40781186670661,72.30771990935872,69.72316461387695,69.91999816894531,2041300
2018-12-24 00:00:00-05:00,69.53487276657248,69.5434327329747,68.16557196257592,68.25115203857422,632900
2018-12-26 00:00:00-05:00,68.25114366739845,70.4762580171446,67.56649008470404,70.41635131835938,1100400
2018-12-27 00:00:00-05:00,69.52628741184193,70.6046142578125,68.42228720538093,70.6046142578125,983300
2018-12-28 00:00:00-05:00,70.98118680845899,71.0325335384956,69.78304638266455,70.1852798461914,746200
2018-12-31 00:00:00-05:00,70.4591427804792,71.2807231407079,70.22806942736906,71.26360321044922,910100
2019-01-02 00:00:00-05:00,70.45912261657556,70.92126266120086,69.42358912984308,70.32218933105469,1578800
2019-01-03 00:00:00-05:00,69.69747072475712,69.98844425246183,68.40519019271805,69.04705047607422,1339000
2019-01-04 00:00:00-05:00,69.81725786664175,71.14376470246359,69.6118579520849,70.7843246459961,1549100
2019-01-07 00:00:00-05:00,71.00686926776756,71.72574969771168,70.14249553518542,70.72444915771484,1735100
2019-01-08 00:00:00-05:00,71.26359539052706,72.0851821899414,70.78434186531834,72.0851821899414,1308900
2019-01-09 00:00:00-05:00,72.49598230694399,73.21486925545335,72.16221546528132,72.2649154663086,1226000
2019-01-10 00:00:00-05:00,71.84556704054484,72.62436074501072,71.82845363718285,72.51310729980469,891800
2019-01-11 00:00:00-05:00,72.10230279768996,72.85541648821906,71.98248940440897,72.76983642578125,1098100
2019-01-14 00:00:00-05:00,72.52008482839291,72.77844187623504,71.6675170829821,71.89142608642578,1324800
2019-01-15 00:00:00-05:00,72.14116686224943,73.25209171635966,71.80530662383157,73.22625732421875,944300
2019-01-16 00:00:00-05:00,73.15735807657933,73.31237099303254,72.51147201973976,72.5717544555664,1000400
2019-01-17 00:00:00-05:00,72.55456449380132,73.36407746423859,72.30482099078779,73.28656768798828,915000
2019-01-18 00:00:00-05:00,73.82908408621576,75.20697300792602,73.78602238823092,74.95722961425781,2144300
2019-01-22 00:00:00-05:00,74.6730388630809,74.6730388630809,73.78602306689305,74.21661376953125,1103300
2019-01-23 00:00:00-05:00,74.37164447235162,74.94863457501211,73.32961551118595,74.32858276367188,1099900
2019-01-24 00:00:00-05:00,74.38025367810091,74.60415615301585,73.458789672015,73.7171401977539,1024000
2019-01-25 00:00:00-05:00,74.3457825263415,74.5094025040475,73.24347152366344,73.55349731445312,1199400
2019-01-28 00:00:00-05:00,73.22627847339038,74.17357702381571,72.77846688292756,73.62242126464844,918900
2019-01-29 00:00:00-05:00,73.90661199471582,74.2941411251144,73.20905693188044,74.19080352783203,854200
2019-01-30 00:00:00-05:00,74.28549798645113,75.13806560173471,73.94963781769422,74.85387420654297,910200
2019-01-31 00:00:00-05:00,73.493250670847,75.42230260754233,73.20045201652282,75.22422790527344,1159200
2019-02-01 00:00:00-05:00,75.28447570301395,75.56866713921113,74.46635600882614,75.50838470458984,880100
2019-02-04 00:00:00-05:00,75.5169968984882,75.89591223580094,75.06057182085054,75.72367858886719,700100
2019-02-05 00:00:00-05:00,75.93900509290147,76.38681670085622,75.17255388004946,75.34478759765625,1169100
2019-02-06 00:00:00-05:00,75.3361598590569,75.97343232386054,75.08641643778269,75.49117279052734,1053500
2019-02-07 00:00:00-05:00,75.76674275806985,77.28241729736328,75.76674275806985,77.28241729736328,1587400
2019-02-08 00:00:00-05:00,77.08436513675242,77.26521248028435,75.35338831966968,76.72266387939453,1076900
2019-02-11 00:00:00-05:00,76.6193270026693,76.84323605542762,75.9562134999642,75.99927520751953,1640600
2019-02-12 00:00:00-05:00,76.28347577706434,77.35995289097539,75.97344984263435,76.86907958984375,1057800
2019-02-13 00:00:00-05:00,77.21354544489056,77.63552258940028,76.53321119214556,77.40299987792969,1375100
2019-02-14 00:00:00-05:00,72.7526097988236,74.50941412695765,72.46841835121934,73.63101196289062,3758200
2019-02-15 00:00:00-05:00,74.09607264324107,75.82704966223741,73.38129027093228,75.620361328125,2099500
2019-02-19 00:00:00-05:00,75.62034570517085,77.07574454829741,75.15530690493584,75.82703399658203,2597900
2019-02-20 00:00:00-05:00,75.64618562152752,77.02408138368742,75.24143580445903,76.59349060058594,1621900
2019-02-21 00:00:00-05:00,76.58488717643186,76.74851379836382,75.22421854318507,75.620361328125,1132100
2019-02-22 00:00:00-05:00,75.66340126642197,75.97342710807872,75.14669372042503,75.61173248291016,956100
2019-02-25 00:00:00-05:00,75.97344177770472,76.2490196268003,75.05197772882629,75.08642578125,1114200
2019-02-26 00:00:00-05:00,74.97446948604154,75.2155992875947,74.17357031928607,74.87113189697266,1589000
2019-02-27 00:00:00-05:00,74.50081034889047,74.53525839591272,73.8290898576893,74.10466766357422,1748800
2019-02-28 00:00:00-05:00,74.10467988755113,74.91418613008071,74.08745257605167,74.53527069091797,1224900
2019-03-01 00:00:00-05:00,75.07780259642983,75.51700699621918,74.08744256840397,74.4146957397461,978400
2019-03-04 00:00:00-05:00,74.75918049493885,74.7677941515316,73.20905739328005,73.82049560546875,1445500
2019-03-05 00:00:00-05:00,73.95828842077856,74.00135013761712,73.1487820206368,73.28656768798828,1421500
2019-03-06 00:00:00-05:00,73.3726723838289,73.3726723838289,71.5555786155386,71.7708740234375,1442600
2019-03-07 00:00:00-05:00,71.85699480850727,72.30480634959036,71.1249851922514,71.6761474609375,1609200
2019-03-08 00:00:00-05:00,71.34888318204821,72.68371708317653,71.22831830236744,72.65788269042969,2034800
2019-03-11 00:00:00-04:00,72.87318472818919,73.64824286271988,72.38231151018265,73.57935333251953,1487900
2019-03-12 00:00:00-04:00,73.87216209880259,75.1897689936918,73.83771404380158,74.7591781616211,1159200
2019-03-13 00:00:00-04:00,75.21558675717736,76.67098555018472,74.69887918703003,76.05093383789062,1568600
2019-03-14 00:00:00-04:00,76.04231932887873,76.16288419779787,75.32753719864914,75.69784545898438,1646700
2019-03-15 00:00:00-04:00,75.91314304794354,77.03267494529199,75.91314304794354,76.17149353027344,1554300
2019-03-18 00:00:00-04:00,75.68923258429854,76.4040147218837,75.68923258429854,76.38678741455078,1128100
2019-03-19 00:00:00-04:00,76.65377130654112,77.99721241681308,76.58487520593901,76.99824523925781,1935000
2019-03-20 00:00:00-04:00,76.80878899085026,77.30826932532494,75.99066252884037,76.32652282714844,1260000
2019-03-21 00:00:00-04:00,76.07677451087943,77.44605658360999,76.07677451087943,77.17909240722656,690400
2019-03-22 00:00:00-04:00,77.06712488786421,77.88525119445129,76.21455710568601,76.8518295288086,1284800
2019-03-25 00:00:00-04:00,76.78293811679426,76.78293811679426,75.43087698773407,76.17149353027344,1317700
2019-03-26 00:00:00-04:00,76.39543399151684,76.8346385336883,75.99067750856426,76.35237884521484,674700
2019-03-27 00:00:00-04:00,76.04232011418723,76.610696420634,75.51699893548904,76.2231674194336,866200
2019-03-28 00:00:00-04:00,76.33511439678641,76.74848433603131,75.83562763653406,76.68820190429688,640900
2019-03-29 00:00:00-04:00,76.75711235323207,77.63552124984021,76.67099550873762,77.43744659423828,1357600
2019-04-01 00:00:00-04:00,77.80773939824962,78.23833010501392,77.35992795414357,77.62689208984375,1094500
2019-04-02 00:00:00-04:00,78.79810898924282,78.82394338356609,77.25659328178305,78.29862213134766,1438200
2019-04-03 00:00:00-04:00,78.62585764131644,78.63446472396059,77.54076733157297,77.9971923828125,914100
2019-04-04 00:00:00-04:00,77.93692363052908,78.39334876186979,77.57522898723568,78.38473510742188,724300
2019-04-05 00:00:00-04:00,78.40205972274093,78.73122298264353,77.97760453510658,78.62727355957031,1298200
2019-04-08 00:00:00-04:00,78.46271223702911,78.68792612266277,77.61380828657633,78.37609100341797,744400
2019-04-09 00:00:00-04:00,78.03825560481442,78.41939695662911,77.73507798804202,77.91698455810547,607400
2019-04-10 00:00:00-04:00,77.96030165360389,78.47137157000915,77.49253905062906,78.28080749511719,794300
2019-04-11 00:00:00-04:00,78.60129762453293,78.60129762453293,77.48386597052834,77.7177505493164,1110400
2019-04-12 00:00:00-04:00,77.72642520810393,78.80920719712994,77.66578968106955,77.85635375976562,944600
2019-04-15 00:00:00-04:00,78.29811428132068,78.86982622413377,77.97760850046103,78.8178482055664,607900
2019-04-16 00:00:00-04:00,79.19033461423757,79.19033461423757,76.99878512923452,77.17202758789062,2157400
2019-04-17 00:00:00-04:00,77.26731646549716,77.44056554087294,73.34331577891255,74.23552703857422,1576800
2019-04-18 00:00:00-04:00,74.30480955566657,74.98046427208159,73.04012133618653,74.27882385253906,1486500
2019-04-22 00:00:00-04:00,74.01898086730566,74.9978201041464,73.57721053386977,73.78510284423828,1209500
2019-04-23 00:00:00-04:00,74.7726078688718,81.87565650771029,74.7726078688718,80.6282958984375,3584100
2019-04-24 00:00:00-04:00,80.91412355964327,82.75918141413378,80.71488879556621,82.08352661132812,2239200
2019-04-25 00:00:00-04:00,82.06619222712813,82.19612735837904,80.75819663652136,81.6330795288086,1295200
2019-04-26 00:00:00-04:00,81.77168245498352,82.61192218504897,81.47716237027088,82.58592987060547,1040900
2019-04-29 00:00:00-04:00,82.56861081305433,83.54744320642408,82.33473284606362,83.33088684082031,1166300
2019-04-30 00:00:00-04:00,83.5907582128598,83.88527170170822,82.11817755106588,83.48680877685547,1316200
2019-05-01 00:00:00-04:00,83.75533732261758,83.85928014259213,82.80248408101464,83.36553192138672,1239800
2019-05-02 00:00:00-04:00,83.4088426827178,85.34052158034928,83.4088426827178,85.0286865234375,1410100
2019-05-03 00:00:00-04:00,85.04601145335727,85.83427314392783,84.77748368969127,85.57440948486328,1019000
2019-05-06 00:00:00-04:00,84.21444798895867,85.53977200669617,84.04986302168165,85.4618148803711,795100
2019-05-07 00:00:00-04:00,84.94206016361177,85.47912228795363,83.98054944595353,84.60423278808594,961200
2019-05-08 00:00:00-04:00,84.5522606683162,85.75631342917532,83.5994140630804,84.85543823242188,1434200
2019-05-09 00:00:00-04:00,84.08450252496773,85.7389962743676,83.82463225153275,85.53109741210938,1553100
2019-05-10 00:00:00-04:00,85.40115976002338,86.02484311087717,84.41366332409666,85.90357208251953,842900
2019-05-13 00:00:00-04:00,84.70820482669865,84.838139992457,83.69472242958227,84.09318542480469,906800
2019-05-14 00:00:00-04:00,84.50030270542887,85.22792897506157,83.77266982701987,83.80731964111328,786100
2019-05-15 00:00:00-04:00,83.27025312173377,84.62156936626205,83.07102496198873,84.35303497314453,634500
2019-05-16 00:00:00-04:00,84.33572327116832,84.87278551167067,83.37421234554611,83.4954833984375,949100
2019-05-17 00:00:00-04:00,82.79384051949461,85.0027117297899,82.71587678261689,84.22311401367188,1122000
2019-05-20 00:00:00-04:00,83.82465098656355,84.77750446294004,83.68605832285783,84.09318542480469,794500
2019-05-21 00:00:00-04:00,84.38770216270665,85.0893494408729,84.24910949375031,84.69087982177734,940100
2019-05-22 00:00:00-04:00,84.52627853468289,84.90741322761218,84.05851601225669,84.56092834472656,1331200
2019-05-23 00:00:00-04:00,84.335720232059,84.59559054104831,83.58210162301121,84.57826232910156,1056800
2019-05-24 00:00:00-04:00,84.58693145466513,85.12398709890768,83.74669156235123,84.92475891113281,866300
2019-05-28 00:00:00-04:00,84.63887926131291,85.7303250670304,83.963224536889,84.11048126220703,1755200
2019-05-29 00:00:00-04:00,83.83330536827835,84.21444671461497,83.00172965617904,83.85929107666016,1557300
2019-05-30 00:00:00-04:00,83.9805577426705,84.26641373751772,82.72453343868256,83.15764617919922,681700
2019-05-31 00:00:00-04:00,82.74184740996266,83.2442597287356,82.01422124520904,83.07968139648438,691500
2019-06-03 00:00:00-04:00,83.04503558876351,84.93340731860883,82.50797343501416,83.2962417602539,960000
2019-06-04 00:00:00-04:00,83.81597360388132,84.66487081572393,83.53011762878565,84.20577239990234,699200
2019-06-05 00:00:00-04:00,84.9853799004427,84.9853799004427,83.443499648279,84.67353820800781,701600
2019-06-06 00:00:00-04:00,84.86410960108985,86.03351265346939,84.50029649302081,85.53976440429688,957100
2019-06-07 00:00:00-04:00,85.91223440060122,86.45795401686296,85.48778581017542,86.05082702636719,600500
2019-06-10 00:00:00-04:00,86.29339312648814,86.6138923557801,85.93823747278165,86.33670043945312,781400
2019-06-11 00:00:00-04:00,86.25005952906301,86.56190118988944,85.331862754838,85.68701171875,658700
2019-06-12 00:00:00-04:00,85.4011694833627,86.21542357399254,85.20194131785291,86.18943786621094,584500
2019-06-13 00:00:00-04:00,86.21541885884047,87.4454574242571,85.92090537505442,87.36750030517578,1541900
2019-06-14 00:00:00-04:00,87.35016268537481,88.15575253964604,87.28086967880341,87.5147476196289,727900
2019-06-17 00:00:00-04:00,87.60136961630852,88.61485832566503,87.40214148137805,88.30301666259766,895800
2019-06-18 00:00:00-04:00,88.78810249894724,88.78810249894724,86.91705248383046,87.11628723144531,1002200
2019-06-19 00:00:00-04:00,87.35883695244462,88.50225430358138,86.89973851272107,88.28569793701172,679100
2019-06-20 00:00:00-04:00,88.45029916924955,88.53692041006445,86.57059114758023,86.91707611083984,922400
2019-06-21 00:00:00-04:00,87.02100341546807,87.83525741118412,86.69184014064315,87.73130798339844,1497800
2019-06-24 00:00:00-04:00,87.80060061800144,87.80060061800144,86.77845445679397,87.40213775634766,498200
2019-06-25 00:00:00-04:00,87.39347659716012,87.93053870293264,86.58788674288888,87.5147476196289,590000
2019-06-26 00:00:00-04:00,87.42815235187642,87.61005893956607,86.36269192823472,86.38002014160156,529600
2019-06-27 00:00:00-04:00,86.80445027530503,87.16826337285032,86.43197307292992,87.0816421508789,604900
2019-06-28 00:00:00-04:00,87.05567622170732,88.1904296875,86.68319893471609,88.1904296875,960900
2019-07-01 00:00:00-04:00,88.84875382681413,89.80160060392092,88.23373448332907,88.74480438232422,880100
2019-07-02 00:00:00-04:00,88.64951676720159,89.43778516459366,87.82660516464561,89.42046356201172,511400
2019-07-03 00:00:00-04:00,89.54170569044942,90.25201012490139,89.54170569044942,90.06143951416016,412200
2019-07-05 00:00:00-04:00,89.91345649482362,90.58387140625273,89.2604585809746,89.90475463867188,568200
2019-07-08 00:00:00-04:00,89.65225850362225,89.66096700213922,88.86865970304724,89.21692657470703,667300
2019-07-09 00:00:00-04:00,88.529085633625,88.9992448306104,87.9979802431028,88.81640625,548500
2019-07-10 00:00:00-04:00,89.2082221916668,89.71320884673834,88.92961001001326,89.26045989990234,427300
2019-07-11 00:00:00-04:00,89.96568961892893,90.72316285318713,89.20820974203328,90.11370086669922,810900
2019-07-12 00:00:00-04:00,89.92216013165451,90.21818929076544,89.23433490247331,89.66096496582031,620900
2019-07-15 00:00:00-04:00,87.41464778886808,88.12859184684265,86.84871498425268,88.0415267944336,1186900
2019-07-16 00:00:00-04:00,88.6596842687179,88.9295878843006,87.58005652111362,88.34624481201172,867500
2019-07-17 00:00:00-04:00,88.21566273749096,88.34626364606675,87.00544049378907,87.20569610595703,1073400
2019-07-18 00:00:00-04:00,87.20565936289287,87.91960316730558,86.77032761282085,87.8238296508789,894400
2019-07-19 00:00:00-04:00,87.73676284022432,87.9196080308884,86.37852983050747,86.4394760131836,993400
2019-07-22 00:00:00-04:00,86.78777522532994,87.15345245817385,85.02903712262484,85.39471435546875,1536800
2019-07-23 00:00:00-04:00,90.29654459479325,91.33263667334809,88.4333245386169,90.00922393798828,2662300
2019-07-24 00:00:00-04:00,90.37490020718961,90.82764243593277,89.63483070312205,89.99180603027344,1453300
2019-07-25 00:00:00-04:00,90.02665127650572,90.18337104889054,88.34626963362805,88.999267578125,990100
2019-07-26 00:00:00-04:00,89.12115044268768,90.01793312750742,87.94575559712163,88.18083190917969,1029400
2019-07-29 00:00:00-04:00,87.99799245771293,89.28657784045832,87.93704625571645,89.2430419921875,1062300
2019-07-30 00:00:00-04:00,88.23304810336809,90.30523177121898,87.21437326172705,90.2442855834961,1126700
2019-07-31 00:00:00-04:00,90.63610312123001,90.63610312123001,88.24177759541989,88.87736511230469,1058700
2019-08-01 00:00:00-04:00,88.75546900389924,89.39104985162203,87.97187026326235,88.15470886230469,815100
2019-08-02 00:00:00-04:00,88.22435812313657,88.36366086697792,87.0141360593124,87.36239624023438,672100
2019-08-05 00:00:00-04:00,86.49173756337827,87.06637885226927,84.40214978503384,85.19445037841797,1102700
2019-08-06 00:00:00-04:00,85.57754468965958,86.24795288499101,84.75911860166954,86.12606048583984,912400
2019-08-07 00:00:00-04:00,85.55143352721436,87.1708688530599,84.80266206934435,87.04026794433594,981300
2019-08-08 00:00:00-04:00,87.25792629415515,88.44202958264671,87.25792629415515,88.13729858398438,1015800
2019-08-09 00:00:00-04:00,88.1547185428144,88.5900504862357,87.31888200856208,87.71067810058594,594500
2019-08-12 00:00:00-04:00,87.56267063931074,88.10248466396192,86.98803590319434,87.31888580322266,424600
2019-08-13 00:00:00-04:00,86.90966754519494,88.97314331574559,86.90966754519494,88.37238311767578,511800
2019-08-14 00:00:00-04:00,87.50171816603857,88.06765100509281,86.63105430368992,86.65717315673828,866500
2019-08-15 00:00:00-04:00,87.05766899183313,87.42335282569357,86.39596930561173,86.9706039428711,963600
2019-08-16 00:00:00-04:00,87.55395591253357,88.00670484104111,87.32758809091791,87.58878326416016,897100
2019-08-19 00:00:00-04:00,88.2243672416292,89.15597727142071,87.98928428830884,88.87736511230469,792400
2019-08-20 00:00:00-04:00,89.10373681826056,89.10373681826056,88.28531730157925,88.32014465332031,734000
2019-08-21 00:00:00-04:00,88.84253783888043,89.93086762428031,88.59004453155111,89.80897521972656,883500
2019-08-22 00:00:00-04:00,89.93957055320004,90.2007656999394,88.8338238398274,89.34751892089844,938800
2019-08-23 00:00:00-04:00,89.30397939850353,90.26170818239326,88.13729317729754,88.45943450927734,1758700
2019-08-26 00:00:00-04:00,88.92960756576323,89.03408962200099,87.83256922450047,88.20695495605469,972600
2019-08-27 00:00:00-04:00,88.71193024462968,89.01666123302844,87.46688079833984,87.46688079833984,806900
2019-08-28 00:00:00-04:00,87.28403939815392,88.05892959057694,87.1621470067146,87.87609100341797,800300
2019-08-29 00:00:00-04:00,88.68581859819025,89.22563256622753,88.03282072316489,89.11244201660156,898600
2019-08-30 00:00:00-04:00,89.28656439601109,90.18334693719822,88.93829759019867,89.12984466552734,1413800
2019-09-03 00:00:00-04:00,88.44203636899593,89.16468896601558,88.2243704043012,89.05149841308594,741100
2019-09-04 00:00:00-04:00,89.6348464487058,89.73062000975877,88.86866460292042,89.44330596923828,539400
2019-09-05 00:00:00-04:00,90.27913051040792,90.27913051040792,89.00796217412916,89.43458557128906,703100
2019-09-06 00:00:00-04:00,89.53907583576455,90.89731609058265,88.91220338273926,90.73188781738281,1542500
2019-09-09 00:00:00-04:00,90.99306627691814,91.61994521152481,89.98309318391028,91.42839813232422,1412000
2019-09-10 00:00:00-04:00,91.35875819739314,91.69831656804404,90.46197549323117,91.02790832519531,1164600
2019-09-11 00:00:00-04:00,91.21074307547224,91.41970053103317,89.49553429792509,90.48809051513672,1012800
2019-09-12 00:00:00-04:00,91.18462012950522,91.69830856857652,90.51420530250333,91.3935775756836,1219200
2019-09-13 00:00:00-04:00,91.70702600544523,92.29036919765007,90.79282629501704,90.89730834960938,819800
2019-09-16 00:00:00-04:00,90.32267018265823,92.05529610826092,90.32267018265823,92.0030517578125,484500
2019-09-17 00:00:00-04:00,91.95083975547486,92.77796802600955,91.84635766800767,92.50806427001953,800400
2019-09-18 00:00:00-04:00,92.51672279045144,92.65602552251117,91.80277885172417,92.48189544677734,641800
2019-09-19 00:00:00-04:00,92.76054456539096,93.09139449835043,91.86376169653197,92.04660034179688,411400
2019-09-20 00:00:00-04:00,92.27295153819799,94.00557062319928,92.17717798973001,93.52670288085938,1234200
2019-09-23 00:00:00-04:00,93.00431823730469,93.54413225074651,92.79536075965946,93.00431823730469,749700
2019-09-24 00:00:00-04:00,93.4222368170103,93.52671223113836,92.15977020764419,92.64734649658203,785800
2019-09-25 00:00:00-04:00,92.60380098354251,92.68215753596303,91.53288160199935,91.99433898925781,737700
2019-09-26 00:00:00-04:00,92.47321384249194,92.83018923698648,91.73315084144929,92.69087982177734,811600
2019-09-27 00:00:00-04:00,93.16104076254892,93.16104076254892,91.25428462503557,91.8463363647461,789200
2019-09-30 00:00:00-04:00,91.95951649664113,93.48317820544874,91.85503444525897,93.18714904785156,755400
2019-10-01 00:00:00-04:00,93.53542243953045,93.79662426490141,92.41226521865666,92.56898498535156,702100
2019-10-02 00:00:00-04:00,92.04660059506375,92.22073074075539,91.09757336591835,91.71574401855469,955600
2019-10-03 00:00:00-04:00,91.28693576557279,91.34819015268668,89.18677485902465,90.53437805175781,1122000
2019-10-04 00:00:00-04:00,90.7356548381965,91.66322326660156,90.49938312545642,91.66322326660156,1105200
2019-10-07 00:00:00-04:00,91.38322467140317,92.06577569585599,91.12945450247562,91.5932388305664,1015300
2019-10-08 00:00:00-04:00,91.13814205611897,91.13814205611897,89.20424664033719,89.37925720214844,626600
2019-10-09 00:00:00-04:00,89.93057400207756,90.63938234964854,89.63305462070304,90.3506088256836,453800
2019-10-10 00:00:00-04:00,90.4556358676258,90.74440276857072,89.83433938948934,90.1318588256836,637700
2019-10-11 00:00:00-04:00,90.9106835319416,91.79450281303578,90.5519096384151,90.58690643310547,488200
2019-10-14 00:00:00-04:00,90.59565069117937,91.22569975770256,90.2631277621716,90.77066802978516,388200
2019-10-15 00:00:00-04:00,91.58448172843704,92.17952066032565,91.10319238502252,91.71573638916016,711700
2019-10-16 00:00:00-04:00,91.90826763458045,92.74833098610033,91.5232360948809,92.59957122802734,746400
2019-10-17 00:00:00-04:00,92.66082600328501,92.95835219683144,91.54074153018566,91.645751953125,1072500
2019-10-18 00:00:00-04:00,91.73321255913315,91.73321255913315,89.25677303822903,89.83432006835938,1649700
2019-10-21 00:00:00-04:00,89.98311279378447,90.13187253450756,89.25680581087157,89.50182342529297,1469000
2019-10-22 00:00:00-04:00,89.43180008387544,89.49305447624712,87.62041256519522,88.16295623779297,2669600
2019-10-23 00:00:00-04:00,88.54799754630268,90.77066766597143,88.21546794239889,90.06185913085938,1230300
2019-10-24 00:00:00-04:00,89.68558880926867,89.96560990056817,87.13039551663203,87.76044464111328,1180800
2019-10-25 00:00:00-04:00,87.9792077110455,88.54800240705754,87.45416902096869,88.0579605102539,769900
2019-10-28 00:00:00-04:00,88.38170668925922,89.23052216823355,87.83041725889659,87.84791564941406,647000
2019-10-29 00:00:00-04:00,87.80418175412234,89.1867886208657,87.63792363557467,88.34672546386719,1153800
2019-10-30 00:00:00-04:00,88.3642247663089,89.125528405892,88.04044773346845,89.01177215576172,510300
2019-10-31 00:00:00-04:00,88.73174043029753,89.10801927536312,87.5504020438633,88.60047912597656,796000
2019-11-01 00:00:00-04:00,89.16929308498537,89.7993421419927,88.81051255343392,88.89801788330078,841300
2019-11-04 00:00:00-05:00,89.25677672637872,89.25677672637872,88.13669275330285,88.50421905517578,856200
2019-11-05 00:00:00-05:00,88.88051258384948,89.37930026919784,88.17171078788819,88.22421264648438,1004900
2019-11-06 00:00:00-05:00,88.38171608933733,89.2217791242867,88.15419693105078,88.47797393798828,754000
2019-11-07 00:00:00-05:00,88.477986404739,88.9330181091996,87.67292671733955,88.91551971435547,931400
2019-11-08 00:00:00-05:00,88.94177044840805,89.11678110137693,88.43423020807846,88.8805160522461,831300
2019-11-11 00:00:00-05:00,88.45173182744817,89.06427576516433,88.01419853587144,88.22421264648438,494300
2019-11-12 00:00:00-05:00,88.21546596050554,89.2392990046146,88.03170276700612,89.1867904663086,727000
2019-11-13 00:00:00-05:00,89.18678984854859,89.75558449661857,88.85426693064747,89.54557037353516,617200
2019-11-14 00:00:00-05:00,89.32679155542137,89.95684051513672,89.27428302462663,89.95684051513672,510200
2019-11-15 00:00:00-05:00,90.16685362835698,91.52320270765705,89.63306252530887,91.19943237304688,962500
2019-11-18 00:00:00-05:00,91.12066502401207,92.14449782184859,90.875647491616,90.98941040039062,805100
2019-11-19 00:00:00-05:00,91.00690610609313,91.73321282442659,90.80563789543407,91.42694091796875,771200
2019-11-20 00:00:00-05:00,91.15568108850145,91.7769775390625,91.02441977050056,91.7769775390625,724200
2019-11-21 00:00:00-05:00,91.59321254924642,91.96949142607066,91.22568620710958,91.75072479248047,792200
2019-11-22 00:00:00-05:00,92.02197632975728,93.0370497773399,91.8469590620871,92.67827606201172,980000
2019-11-25 00:00:00-05:00,92.68704931333288,93.25584391798142,92.36327895584334,93.22084045410156,895300
2019-11-26 00:00:00-05:00,93.36085258413962,94.03465089174661,93.00207209317307,94.0083999633789,1302700
2019-11-27 00:00:00-05:00,94.07840969948292,94.76971309746604,93.40460469552487,93.74588012695312,885600
2019-11-29 00:00:00-05:00,93.5008658916689,93.76338854501543,93.10708858787751,93.23834991455078,403800
2019-12-02 00:00:00-05:00,93.18585043001926,93.87715391983701,92.84457495325505,93.1946029663086,822300
2019-12-03 00:00:00-05:00,93.08083924709653,93.16834457429668,91.91699903427184,92.41578674316406,796200
2019-12-04 00:00:00-05:00,92.38078308370332,93.4396128959348,92.25827429063379,93.01958465576172,754300
2019-12-05 00:00:00-05:00,93.11581716394407,93.15081394423885,92.25824916973515,92.88829803466797,637700
2019-12-06 00:00:00-05:00,93.41334357721566,93.84212426855434,93.01081381119177,93.56210327148438,629800
2019-12-09 00:00:00-05:00,93.1333368129498,93.25584560062573,92.0570019769648,92.08325958251953,611700
2019-12-10 00:00:00-05:00,92.0832531249671,92.53828477924921,91.82073049765545,91.82948303222656,496600
2019-12-11 00:00:00-05:00,91.76826077510587,92.20579418967468,91.33072736053705,91.645751953125,882700
2019-12-12 00:00:00-05:00,91.5582272865362,92.6695657447722,91.48822702380593,92.16202545166016,941300
2019-12-13 00:00:00-05:00,91.68072031965427,92.21451145399006,91.49695714367066,92.05699920654297,653000
2019-12-16 00:00:00-05:00,92.59079661766886,93.16834378953648,91.96950012068392,92.9145736694336,904300
2019-12-17 00:00:00-05:00,92.88831437855852,93.78087931011086,92.81830745319775,93.4133529663086,967500
2019-12-18 00:00:00-05:00,93.6408691901083,93.85963581780844,93.19458340025629,93.81587982177734,949800
2019-12-19 00:00:00-05:00,94.46342488399446,95.33849137361452,94.30591264881376,94.49842834472656,1069100
2019-12-20 00:00:00-05:00,94.97971435271651,95.08472473133973,93.59710774386699,93.73712158203125,1644600
2019-12-23 00:00:00-05:00,93.36959262093642,93.92088878719532,93.22958545296247,93.85963439941406,711300
2019-12-24 00:00:00-05:00,93.98215061578276,94.29717511394985,93.73713304525904,93.82463836669922,169500
2019-12-26 00:00:00-05:00,93.90339110943265,93.90339110943265,92.80081204258897,93.18583679199219,430400
2019-12-27 00:00:00-05:00,93.22960122722253,93.50086975097656,92.78331536860406,93.50086975097656,360400
2019-12-30 00:00:00-05:00,93.45712324154188,93.50087256940523,92.91457950145106,93.06333923339844,377500
2019-12-31 00:00:00-05:00,92.80080925801855,93.47460755642732,92.59954101623376,93.44835662841797,466800
2020-01-02 00:00:00-05:00,93.42209988277872,93.474601735528,91.8557300722267,92.52078247070312,1020900
2020-01-03 00:00:00-05:00,91.24316649337618,92.4945116562362,91.08565428139987,91.97822570800781,679100
2020-01-06 00:00:00-05:00,91.75072866598383,92.52953738034618,91.63697241515642,92.47703552246094,505200
2020-01-07 00:00:00-05:00,91.35695086863078,91.71572468922098,90.99817037181248,91.41820526123047,629400
2020-01-08 00:00:00-05:00,91.00693329400086,92.24078049805745,90.45564369768151,91.79449462890625,700900
2020-01-09 00:00:00-05:00,92.33703246905665,93.07209194658596,91.80324794024311,92.92333221435547,652900
2020-01-10 00:00:00-05:00,92.96707856304022,93.57087668492234,92.51204684485003,93.50086975097656,671700
2020-01-13 00:00:00-05:00,93.50966445776476,94.10767630083042,93.40413058798522,93.71192932128906,512500
2020-01-14 00:00:00-05:00,93.6415940613394,93.89662254297397,92.43677402927842,93.6591796875,733500
2020-01-15 00:00:00-05:00,93.58879984997532,94.67050009398498,93.36015322076064,93.8614273071289,666400
2020-01-16 00:00:00-05:00,94.32752569532273,94.81120746207667,94.00213465588169,94.19561004638672,495600
2020-01-17 00:00:00-05:00,94.03731852117629,94.18681980159808,92.97321051601266,94.15164184570312,1329000
2020-01-21 00:00:00-05:00,93.94937671423213,94.68809365736075,93.78228310159203,94.39788055419922,958400
2020-01-22 00:00:00-05:00,94.78483353752807,95.59390641084363,94.41547505747218,95.45320129394531,684500
2020-01-23 00:00:00-05:00,95.3388704705803,95.3564560927439,94.20440662003276,94.9695053100586,650000
2020-01-24 00:00:00-05:00,95.19816129399173,95.20695746007166,93.66795716201636,94.79362487792969,764700
2020-01-27 00:00:00-05:00,94.06370420777596,96.42936984102636,93.87902496380794,96.27107238769531,1517000
2020-01-28 00:00:00-05:00,96.41177532782491,97.60779901272774,95.80497402836612,97.45829772949219,999900
2020-01-29 00:00:00-05:00,97.35276728901665,98.1530507324833,96.96582317227761,97.32638549804688,1505300
2020-01-30 00:00:00-05:00,99.13800337915745,99.27870848657871,96.35020921443356,98.49601745605469,1454800
2020-01-31 00:00:00-05:00,98.06510919274758,98.75106259599934,96.64922826162152,97.32638549804688,1060300
2020-02-03 00:00:00-05:00,97.78367801696626,98.43445336776468,96.78112984888196,98.34651184082031,731400
2020-02-04 00:00:00-05:00,98.84779360733066,99.37544951951477,97.76609328427058,97.84524536132812,1006700
2020-02-05 00:00:00-05:00,98.25858213249496,99.37545374899429,98.05631055763595,98.47843933105469,1064700
2020-02-06 00:00:00-05:00,99.0148767850262,99.3754457823227,97.70452986531996,98.22339630126953,660700
2020-02-07 00:00:00-05:00,98.35530576889595,98.69828914573813,97.8716239939556,98.0123291015625,471500
2020-02-10 00:00:00-05:00,97.88041779886258,98.1882165044925,97.41431494804176,98.16183471679688,677600
2020-02-11 00:00:00-05:00,98.57517200934785,99.35786982233752,98.10028635671587,98.80382537841797,840600
2020-02-12 00:00:00-05:00,98.95333315102305,99.30510603968365,97.55504447322213,97.74851989746094,1466500
2020-02-13 00:00:00-05:00,97.46709967398338,99.14680526472503,97.28242042324275,98.6367416381836,953500
2020-02-14 00:00:00-05:00,98.7422637594313,99.24353790283203,98.24098961603055,99.24353790283203,670800
2020-02-18 00:00:00-05:00,99.10283319596243,99.24353831441691,98.04751461476212,99.01488494873047,903500
2020-02-19 00:00:00-05:00,99.37543296039526,100.22847978587743,99.1203978582763,99.79756164550781,840500
2020-02-20 00:00:00-05:00,99.43701278434845,99.65686998133424,98.69829582304064,99.2347412109375,520500
2020-02-21 00:00:00-05:00,99.23474250483385,99.88552464724376,98.68070477662903,99.50736999511719,970600
2020-02-24 00:00:00-05:00,98.32892490021433,99.472184941691,98.01233001825184,98.7950210571289,956500
2020-02-25 00:00:00-05:00,99.13799867018608,99.27870377092397,96.71077361950486,97.08892822265625,913800
2020-02-26 00:00:00-05:00,97.69573966682798,98.32892946011648,96.67560577392578,96.67560577392578,1092900
2020-02-27 00:00:00-05:00,95.87531236861938,99.59529866153869,95.64666574116963,97.59020233154297,2098300
2020-02-28 00:00:00-05:00,96.10395503595073,96.12154736503737,91.12639271615011,93.2721939086914,2707500
2020-03-02 00:00:00-05:00,94.08128380441109,98.6806920760371,93.65035891731534,98.5927505493164,1841300
2020-03-03 00:00:00-05:00,98.75105447893147,99.3402701271892,94.46823407979326,95.54993438720703,1605000
2020-03-04 00:00:00-05:00,97.07134265511799,101.56522408796916,97.07134265511799,101.55643463134766,2082500
2020-03-05 00:00:00-05:00,104.03641293365209,104.28265188439077,100.35160470929023,101.73230743408203,3936000
2020-03-06 00:00:00-05:00,102.75244941326946,102.75244941326946,95.61149243222043,98.51360321044922,3035100
2020-03-09 00:00:00-04:00,95.892896682795,98.49600456985743,94.37148223145215,96.596435546875,3186600
2020-03-10 00:00:00-04:00,99.37545454232385,99.56892995212242,90.36130932941394,93.5184555053711,3290800
2020-03-11 00:00:00-04:00,91.97944647772172,91.97944647772172,85.32217134485889,87.70542907714844,3101100
2020-03-12 00:00:00-04:00,82.35851830614403,82.6663170810331,77.44250723759268,79.50917053222656,2801600
2020-03-13 00:00:00-04:00,85.12870630873978,90.1854216583615,79.4124193917761,85.1023178100586,3270100
2020-03-16 00:00:00-04:00,78.00534812792834,80.08959723358676,73.22125902167153,75.97386932373047,3671800
2020-03-17 00:00:00-04:00,77.93497826658833,78.83199263970558,70.4598338890787,75.8155517578125,3264400
2020-03-18 00:00:00-04:00,71.93727643300299,72.97500265522267,65.66694497715935,68.12055206298828,2452400
2020-03-19 00:00:00-04:00,67.56652523341285,74.2238018598274,64.61164353859245,69.74750518798828,2658600
2020-03-20 00:00:00-04:00,71.26891020425326,71.9196856325421,64.61163450827925,66.16822052001953,2637200
2020-03-23 00:00:00-04:00,65.13050685765266,71.10183032201464,64.38299358094834,66.08029174804688,2662300
2020-03-24 00:00:00-04:00,68.78012655224366,69.94097231521155,65.76368545998105,69.72111511230469,2675500
2020-03-25 00:00:00-04:00,68.79770419098982,71.29527826197926,67.64564813136431,69.49244689941406,2430100
2020-03-26 00:00:00-04:00,70.81160509468747,80.45894025010392,70.64451818262695,78.24278259277344,3309800
2020-03-27 00:00:00-04:00,75.10324047345894,76.91486212748106,72.43857158716084,73.0629653930664,1889100
2020-03-30 00:00:00-04:00,73.15089062591296,74.06549741773159,71.03146391698996,73.04535675048828,1692700
2020-03-31 00:00:00-04:00,71.62068955261395,71.92848831621235,69.53644070851651,70.6181411743164,2474400
2020-04-01 00:00:00-04:00,67.09161876859338,69.47486982714292,65.17446386447668,69.27259826660156,3038200
2020-04-02 00:00:00-04:00,68.07658412475548,69.85302728323506,66.78382276278086,68.11175537109375,2238900
2020-04-03 00:00:00-04:00,67.6456636284302,68.09417420797354,64.21588986802884,64.49730682373047,1595700
2020-04-06 00:00:00-04:00,67.1647429573938,70.84245482428129,66.10130453502859,69.73471069335938,1995700
2020-04-07 00:00:00-04:00,73.8378032872433,74.89237801722079,71.8881760369814,73.91756439208984,1748800
2020-04-08 00:00:00-04:00,74.44041932488193,78.87139666564872,74.44041932488193,77.8434066772461,1785600
2020-04-09 00:00:00-04:00,78.87138924251082,82.54023759447395,78.75618627650198,79.55375671386719,1953300
2020-04-13 00:00:00-04:00,79.55376159150214,79.73986858350787,75.68995569734798,76.5938720703125,1167500
2020-04-14 00:00:00-04:00,77.54208508731084,80.2183917919971,77.1876056318279,79.84619140625,1342000
2020-04-15 00:00:00-04:00,76.64703059550789,79.33220130746605,76.45206654520415,78.91569519042969,1404200
2020-04-16 00:00:00-04:00,78.99547341643363,81.08689552496287,78.06496535349616,80.42224884033203,1619500
2020-04-17 00:00:00-04:00,82.41618210548734,84.95956564318146,82.17691229362893,84.54305267333984,2369900
2020-04-20 00:00:00-04:00,83.47958998558633,85.34060542261479,82.85925601399897,84.21513366699219,1585700
2020-04-21 00:00:00-04:00,82.41618492954683,84.55191941876501,82.0173996424064,83.71002960205078,2615400
2020-04-22 00:00:00-04:00,88.65496340983499,91.80981597288854,84.64935755497612,88.247314453125,3771100
2020-04-23 00:00:00-04:00,88.61955259279651,91.05659028909841,87.6447388665028,89.2044448852539,3135400
2020-04-24 00:00:00-04:00,90.20582739524579,96.71936200324824,89.08035549071258,94.48615264892578,3875000
2020-04-27 00:00:00-04:00,96.97636634277286,103.48103756485844,96.40033796005144,102.81639099121094,4460900
2020-04-28 00:00:00-04:00,108.2753573446412,110.77442817379666,99.10323604407773,99.17413330078125,4820500
2020-04-29 00:00:00-04:00,100.30846391305207,101.87702686532481,96.82571556702146,100.62749481201172,2191800
2020-04-30 00:00:00-04:00,98.72218012880501,99.9096788543813,96.69279162089461,97.57898712158203,2395300
2020-05-01 00:00:00-04:00,96.28515313798653,96.90548735253846,93.4227383796721,96.42694091796875,2181600
2020-05-04 00:00:00-04:00,95.60276082917636,96.5066839566098,94.72542924407239,95.071044921875,1426600
2020-05-05 00:00:00-04:00,95.86864557142582,97.56127574508656,95.44326868504065,95.98384857177734,1580800
2020-05-06 00:00:00-04:00,96.46237325749554,97.02953780388289,94.32664574150397,95.1862564086914,1066100
2020-05-07 00:00:00-04:00,96.07245282034847,96.35603509638405,94.29119805714718,95.1419448852539,1121200
2020-05-08 00:00:00-04:00,96.48009179011238,100.11349143320133,95.07103764443193,99.44884490966797,1673600
2020-05-11 00:00:00-04:00,98.34107453201784,98.76644440763936,96.48892319689956,98.30562591552734,1504600
2020-05-12 00:00:00-04:00,99.05003658445338,99.82102885845977,95.39005276651417,95.54956817626953,1215600
2020-05-13 00:00:00-04:00,96.22309459021608,97.00294407931924,93.3784082729298,94.9646987915039,1418200
2020-05-14 00:00:00-04:00,94.31777990463777,98.16386482627988,92.85555609261176,97.89801025390625,1774200
2020-05-15 00:00:00-04:00,97.56126777343728,99.45773252742899,97.33971887930797,98.43860626220703,2406300
2020-05-18 00:00:00-04:00,100.29960910025206,101.37190486679235,96.53327814490059,96.6307601928711,1761300
2020-05-19 00:00:00-04:00,96.26741355197468,98.7398997780296,95.72683376270452,97.67646789550781,1411800
2020-05-20 00:00:00-04:00,99.60836677318089,104.50902637447655,99.43112363212126,100.99082946777344,1788200
2020-05-21 00:00:00-04:00,100.91108193697369,100.91108193697369,99.2716148868917,100.1312255859375,898900
2020-05-22 00:00:00-04:00,100.3527545895688,100.3527545895688,98.77532802617903,99.98941802978516,770400
2020-05-26 00:00:00-04:00,102.17834214626515,102.33785760404382,99.51975569071065,99.91854095458984,1176100
2020-05-27 00:00:00-04:00,99.38681973427364,102.93160148664268,97.62329270558774,102.39102172851562,1681300
2020-05-28 00:00:00-04:00,103.53421434081551,106.2016577333619,102.28467553155255,104.63309478759766,1521800
2020-05-29 00:00:00-04:00,105.26228867963286,105.64335297261914,102.29353543764574,104.8191909790039,2183100
2020-06-01 00:00:00-04:00,104.6242399136933,105.87377883012859,103.34812297483249,104.96099853515625,2088100
2020-06-02 00:00:00-04:00,106.35230370589048,109.34764149459018,106.08644240178832,108.65641021728516,2221600
2020-06-03 00:00:00-04:00,109.3122034859712,109.77302888968411,105.47497570237961,105.90035247802734,1526200
2020-06-04 00:00:00-04:00,105.11164272770901,107.69046796804105,104.70399363257914,105.92694091796875,994900
2020-06-05 00:00:00-04:00,106.74222091290774,106.91946402914348,103.39240376908825,103.77346801757812,1527900
2020-06-08 00:00:00-04:00,103.3303634020618,105.65219735970811,102.86954485318482,103.50760650634766,1529600
2020-06-09 00:00:00-04:00,103.69373671381496,104.08365813385791,102.5682646494639,103.45446014404297,1657400
2020-06-10 00:00:00-04:00,103.9329884876193,103.9329884876193,100.40593481745749,101.30098724365234,1478600
2020-06-11 00:00:00-04:00,99.62605476442033,99.75012154157096,97.5966671079818,98.30562591552734,1587500
2020-06-12 00:00:00-04:00,100.3173287071364,100.61863869536431,95.72683570955284,98.01322174072266,1263000
2020-06-15 00:00:00-04:00,96.59530404605508,100.00715517618879,95.59390562160448,99.94512176513672,1161700
2020-06-16 00:00:00-04:00,102.16061148883657,102.31126309427842,98.88169099315787,100.91107940673828,820200
2020-06-17 00:00:00-04:00,101.77067633712028,101.8947499131767,100.08691048856795,100.76041412353516,1014600
2020-06-18 00:00:00-04:00,99.97169822998721,100.27300817369832,97.84483473592033,98.44744110107422,825800
2020-06-19 00:00:00-04:00,99.85650474206558,99.85650474206558,95.92179473457279,95.94837951660156,2434000
2020-06-22 00:00:00-04:00,96.33828738401759,97.46375916775112,95.0533069417203,97.40172576904297,1118200
2020-06-23 00:00:00-04:00,97.39286132023828,97.84482280010435,94.01645275107413,94.78744506835938,1578600
2020-06-24 00:00:00-04:00,94.31778611221607,95.70024891072335,91.6857844295695,92.65174102783203,1652200
2020-06-25 00:00:00-04:00,92.50991851144701,96.26738435261382,91.50852034645936,95.97494506835938,1746400
2020-06-26 00:00:00-04:00,95.82431580740143,98.19046290188518,95.29259986614055,97.67646789550781,1962700
2020-06-29 00:00:00-04:00,98.06639050379952,98.27907551599566,96.4889569433688,97.85369873046875,1478300
2020-06-30 00:00:00-04:00,97.8891454911423,101.46937580693266,97.81824823471845,100.99082946777344,1152400
2020-07-01 00:00:00-04:00,100.9819850782129,101.88590836895374,99.68814032427764,101.07061004638672,1159300
2020-07-02 00:00:00-04:00,101.86815758186556,103.56079402552989,101.38075417306133,102.83411407470703,854200
2020-07-06 00:00:00-04:00,103.7646204602542,105.44839314257455,103.7646204602542,104.89895629882812,1444600
2020-07-07 00:00:00-04:00,104.31130411405586,105.28184562497337,103.48322435822311,104.45376586914062,955900
2020-07-08 00:00:00-04:00,104.32908135028039,105.06812146213673,103.52771296352485,104.99688720703125,958000
2020-07-09 00:00:00-04:00,105.06811024340237,105.37975158462253,102.58387190635305,103.15373229980469,1460000
2020-07-10 00:00:00-04:00,103.30511940291939,104.52498064592041,103.20718078578422,104.01744842529297,851400
2020-07-13 00:00:00-04:00,105.95852674175158,109.7872829463675,105.51332284787868,106.08318328857422,2323600
2020-07-14 00:00:00-04:00,107.84620239590105,109.29756476141121,105.7804564334448,109.26194763183594,2193500
2020-07-15 00:00:00-04:00,110.19689162309885,110.5886665081753,106.64415895247576,108.84346771240234,1748500
2020-07-16 00:00:00-04:00,108.62084946009267,111.58590916930552,107.85509818155832,110.12564086914062,1576700
2020-07-17 00:00:00-04:00,110.36607209856588,112.97496788631553,110.24141551839551,111.3989486694336,1913500
2020-07-20 00:00:00-04:00,112.98386135259476,113.61605016579033,111.50578772576635,112.99276733398438,1275200
2020-07-21 00:00:00-04:00,113.27769910859642,114.91604645590469,112.6722214382274,114.51536560058594,1116300
2020-07-22 00:00:00-04:00,114.51536583131455,115.59276541796609,114.07016186083072,115.5393295288086,1259600
2020-07-23 00:00:00-04:00,113.04617500516304,117.36465153504606,111.63042984474318,113.61603546142578,1924400
2020-07-24 00:00:00-04:00,113.03729019290812,113.03729019290812,110.41058937272142,111.2920913696289,1195500
2020-07-27 00:00:00-04:00,111.15850440162257,112.41398263679228,110.12563490554055,110.44618225097656,1404900
2020-07-28 00:00:00-04:00,110.58867144457089,112.05784601069028,109.69826344004689,109.92977142333984,1104500
2020-07-29 00:00:00-04:00,111.06948157577025,113.04618823685551,110.64208958018459,112.36947631835938,1883200
2020-07-30 00:00:00-04:00,111.37221754032109,113.09070499390502,110.77564590032237,112.86810302734375,894300
2020-07-31 00:00:00-04:00,112.93933009453733,113.40234598758092,111.30098288720859,113.14412689208984,1132800
2020-08-03 00:00:00-04:00,113.73179514157856,116.37630069094895,113.4379589272243,115.76191711425781,1336400
2020-08-04 00:00:00-04:00,115.17426627377799,115.37015709695693,112.46741867342155,114.0612564086914,1159500
2020-08-05 00:00:00-04:00,114.35507012847555,114.6043968184109,112.31604219291732,113.13521575927734,759200
2020-08-06 00:00:00-04:00,113.08179873803407,113.23316644454201,109.7694803967365,110.86468505859375,1197400
2020-08-07 00:00:00-04:00,110.63317013501184,112.33385230892445,110.1523491035382,111.48796081542969,1102000
2020-08-10 00:00:00-04:00,111.10507768984866,111.2920625017046,107.73043151030302,107.95303344726562,1251700
2020-08-11 00:00:00-04:00,108.46951101518798,108.62087875698053,105.75376367938284,106.97362518310547,1240200
2020-08-12 00:00:00-04:00,107.28525988309356,108.44279302052745,106.35923473180125,107.87293243408203,810700
2020-08-13 00:00:00-04:00,107.5078440494104,108.42496306626404,106.68867044147053,108.40715789794922,650400
2020-08-14 00:00:00-04:00,107.94414008965764,108.28249260653307,106.30578621264445,106.85784149169922,827400
2020-08-17 00:00:00-04:00,107.19622711004146,108.41608861272883,106.57294417773373,106.84896850585938,933800
2020-08-18 00:00:00-04:00,106.84896850585938,107.23184424806968,106.13663933184385,106.84896850585938,782400
2020-08-19 00:00:00-04:00,107.69482426999708,107.69482426999708,104.42702916583589,104.76538848876953,1344400
2020-08-20 00:00:00-04:00,104.8633279860032,107.61469173513812,104.80990568962457,104.98799133300781,979600
2020-08-21 00:00:00-04:00,104.89897422792953,105.2640448032309,103.70583065584859,104.91678619384766,957400
2020-08-24 00:00:00-04:00,105.13046792722005,105.22841334661896,103.56334801011101,104.71197509765625,1158500
2020-08-25 00:00:00-04:00,105.01471805901659,106.34142403097916,103.98184155399564,105.36197662353516,1237900
2020-08-26 00:00:00-04:00,105.29964833742345,105.75375151054854,103.8482789999638,105.36197662353516,1800100
2020-08-27 00:00:00-04:00,97.25036560220211,99.5476199376732,92.69147406746187,97.95378875732422,5631700
2020-08-28 00:00:00-04:00,98.14965420481055,98.92430463855251,96.84965284638953,98.61266326904297,1527200
2020-08-31 00:00:00-04:00,98.0606348756725,99.9839195004131,98.04282970393567,99.04898834228516,1364400
2020-09-01 00:00:00-04:00,99.28048544935672,100.33116709176247,95.02433657710625,97.63323211669922,2857100
2020-09-02 00:00:00-04:00,98.28321881719712,99.22705578431746,96.9743249470264,98.55924987792969,2445900
2020-09-03 00:00:00-04:00,98.93322084857583,99.07568257796582,95.87912152503553,96.75172424316406,2845000
2020-09-04 00:00:00-04:00,97.02775434617953,97.71336547120387,95.22912650245206,96.9565200805664,1688700
2020-09-08 00:00:00-04:00,96.5024024262092,96.88527808172744,94.86405520751823,95.62980651855469,1513500
2020-09-09 00:00:00-04:00,96.3955691021496,96.7428276683128,95.25584798312435,95.31817626953125,1204600
2020-09-10 00:00:00-04:00,97.6688398649343,99.66335155957272,97.32158134467542,98.39006805419922,1889700
2020-09-11 00:00:00-04:00,98.92431193015587,99.11129676564404,96.71610424063304,98.23870086669922,1250700
2020-09-14 00:00:00-04:00,98.8085692617089,100.8297922775056,98.30103701240147,100.36678314208984,764700
2020-09-15 00:00:00-04:00,100.39350188682945,102.64623303736619,100.39350188682945,101.14144134521484,1112700
2020-09-16 00:00:00-04:00,101.61334019603431,103.340726702055,101.47977766788661,101.9962158203125,983200
2020-09-17 00:00:00-04:00,101.47978959026129,101.47978959026129,98.71062047396993,100.25102233886719,953900
2020-09-18 00:00:00-04:00,99.90376075766386,101.8804673251084,99.77020501116596,101.3907470703125,1364800
2020-09-21 00:00:00-04:00,99.8859473856598,105.23730017166548,99.62772830818294,105.2016830444336,1913200
2020-09-22 00:00:00-04:00,104.41814916344761,105.07705601241905,101.90719873107679,102.60172271728516,1272100
2020-09-23 00:00:00-04:00,102.68183249361277,102.68183249361277,98.78184857505461,99.12020111083984,1257100
2020-09-24 00:00:00-04:00,98.93321421010444,99.1023938710965,97.06335913189504,97.2236328125,993700
2020-09-25 00:00:00-04:00,96.9476071878679,100.01061245814302,96.41336382040137,99.45855712890625,1137900
2020-09-28 00:00:00-04:00,100.33118644363395,102.7530975978953,100.31338127041502,101.39967346191406,953400
2020-09-29 00:00:00-04:00,101.51540210967083,102.15649685635626,100.30444687554788,101.19485473632812,635700
2020-09-30 00:00:00-04:00,101.79141947472051,102.70853842225148,101.11470764426883,101.94278717041016,1013700
2020-10-01 00:00:00-04:00,102.4770272799605,102.96675427216208,100.06402303159089,100.34895324707031,858400
2020-10-02 00:00:00-04:00,99.30718911239669,102.5304680622477,97.49966221488012,101.3907470703125,937600
2020-10-05 00:00:00-04:00,102.86718519373568,103.79778686067372,102.1334424907255,103.251953125,829700
2020-10-06 00:00:00-04:00,103.58302619145311,105.24737042419969,102.80454039650826,103.98568725585938,819500
2020-10-07 00:00:00-04:00,104.46887706512875,105.5605443674409,103.7082913169617,104.20043182373047,695400
2020-10-08 00:00:00-04:00,104.56732278742088,105.06841336729251,103.85147325030671,104.04833221435547,592700
2020-10-09 00:00:00-04:00,104.52258099621318,105.31001686269109,103.59197931655117,104.39730834960938,468900
2020-10-12 00:00:00-04:00,104.89840576287183,105.34581002269891,103.86042460318632,104.39730834960938,529600
2020-10-13 00:00:00-04:00,103.86042623574407,105.1131595483208,103.52040145059571,104.81787109375,984600
2020-10-14 00:00:00-04:00,105.44421997494166,106.81328257961566,104.102007357174,105.24736785888672,638600
2020-10-15 00:00:00-04:00,104.01253946474189,105.90058597014557,103.73515101076931,105.71267700195312,510100
2020-10-16 00:00:00-04:00,106.11533466467739,109.93617070805469,106.07954833300207,107.55597686767578,1807200
2020-10-19 00:00:00-04:00,107.86021754504144,108.96082817839299,107.65440858596956,108.11971282958984,1075500
2020-10-20 00:00:00-04:00,108.08390655017007,110.68779542240607,108.04811339524824,110.34777069091797,1076700
2020-10-21 00:00:00-04:00,111.62733975134994,112.56689123350243,109.81982991910817,109.90930938720703,1650900
2020-10-22 00:00:00-04:00,109.66774200978587,113.74807394909178,108.03024742766398,113.05011749267578,1843400
2020-10-23 00:00:00-04:00,113.13062538113394,117.07672684364358,112.55794855585746,113.75698852539062,1509900
2020-10-26 00:00:00-04:00,113.17538148456288,113.17538148456288,110.45516283974445,111.24259185791016,1438000
2020-10-27 00:00:00-04:00,112.11949294438251,114.36545706685253,111.13519826315292,113.77488708496094,1514700
2020-10-28 00:00:00-04:00,111.91367532766239,113.93594402464062,111.24256909354908,111.8241958618164,1093500
2020-10-29 00:00:00-04:00,111.8689448259453,111.89579481289506,109.44401484514574,110.03459167480469,1202900
2020-10-30 00:00:00-04:00,109.97197230395993,110.43726974675458,107.26070348621542,109.29191589355469,988800
2020-11-02 00:00:00-05:00,110.1598633936598,112.56690019005964,109.81983865709124,111.70787811279297,1142900
2020-11-03 00:00:00-05:00,112.5669122312831,114.08808395325431,112.27162378731371,113.19327545166016,1243900
2020-11-04 00:00:00-05:00,114.25810100029383,115.61821376059716,112.38794766158854,112.53112030029297,1580300
2020-11-05 00:00:00-05:00,113.81067212525353,115.13498461256023,111.85998971938118,114.58020782470703,1284000
2020-11-06 00:00:00-05:00,114.60705135508951,115.53764600100457,113.2022025646473,113.56012725830078,869000
2020-11-09 00:00:00-05:00,105.58741258962968,111.9942453083958,105.58741258962968,107.66336822509766,1869700
2020-11-10 00:00:00-05:00,107.80652697743591,108.54026964641359,105.99006005707403,108.0123291015625,1226400
2020-11-11 00:00:00-05:00,108.75504875299973,110.99207047288161,108.75504875299973,110.29412078857422,1008100
2020-11-12 00:00:00-05:00,110.02564817406419,110.75939084320319,107.92284964406741,108.59395599365234,744800
2020-11-13 00:00:00-05:00,108.96080840793412,109.68560780459116,108.15548636451985,108.73710632324219,918600
2020-11-16 00:00:00-05:00,109.1218898352203,111.82421522897364,107.0101413066563,109.97196197509766,989000
2020-11-17 00:00:00-05:00,109.45295775036023,111.51101969834762,109.0234467359917,110.90254974365234,1068700
2020-11-18 00:00:00-05:00,110.88469224823783,111.52895560327094,109.27404068750364,109.40825653076172,1176800
2020-11-19 00:00:00-05:00,109.34559237322877,110.31198715989038,108.71027917834387,109.89142608642578,851700
2020-11-20 00:00:00-05:00,109.55140378216754,112.27162241293573,109.55140378216754,111.68104553222656,2407600
2020-11-23 00:00:00-05:00,112.37004557199646,114.58022351184628,111.68103924992718,112.39688873291016,962600
2020-11-24 00:00:00-05:00,112.85323670332825,113.58697931069719,111.46628096687473,112.74585723876953,954400
2020-11-25 00:00:00-05:00,112.84427594083826,112.9337554060097,111.18888194120716,111.25151824951172,706300
2020-11-27 00:00:00-05:00,110.9025604464486,111.9047415319487,110.78623097984831,111.6720962524414,405300
2020-11-30 00:00:00-05:00,111.74366126511936,112.73689905287728,110.28512615177054,110.93833923339844,1459900
2020-12-01 00:00:00-05:00,112.06580816014569,113.08588924511977,111.35890866672565,112.45952606201172,1074100
2020-12-02 00:00:00-05:00,112.41479054363205,113.10379691869223,111.01889145398908,111.29627990722656,1005700
2020-12-03 00:00:00-05:00,111.14415858605086,111.71683545733629,109.03241006311829,109.90037536621094,1262300
2020-12-04 00:00:00-05:00,109.88246866935037,110.76832702883698,109.51559396709924,110.3209228515625,780900
2020-12-07 00:00:00-05:00,110.06144145644085,110.91150676947137,109.61403722287807,109.97196197509766,823300
2020-12-08 00:00:00-05:00,109.8108905140895,111.39469841539908,109.8108905140895,111.03677368164062,1181400
2020-12-09 00:00:00-05:00,111.1978474030331,112.46848063986134,110.97414528183158,111.10836791992188,1018400
2020-12-10 00:00:00-05:00,110.83098702861447,113.41698317982119,110.83098702861447,112.2716293334961,1142500
2020-12-11 00:00:00-05:00,111.8510451633163,112.48635828062241,108.68342274506966,109.22030639648438,1419300
2020-12-14 00:00:00-05:00,110.58937381428991,112.11950228187064,110.01669694852444,110.2046127319336,1077600
2020-12-15 00:00:00-05:00,110.6878140699109,111.82422474287937,110.11513714837545,111.4036636352539,1015300
2020-12-16 00:00:00-05:00,113.488557198224,113.55119351656529,108.03022702598659,108.2539291381836,1801800
2020-12-17 00:00:00-05:00,107.39490836325204,109.32769791370006,106.79538833350719,108.02127838134766,1651100
2020-12-18 00:00:00-05:00,108.14653900695474,108.48656372631406,106.607467534446,107.69913482666016,1879300
2020-12-21 00:00:00-05:00,106.98328560976665,108.16443237490418,106.41060880405428,108.1286392211914,1727100
2020-12-22 00:00:00-05:00,108.14653595994727,109.05923745822079,107.87809072859551,108.45076751708984,1030400
2020-12-23 00:00:00-05:00,109.05031448998334,109.25611662220811,107.72599490450301,108.11971282958984,860100
2020-12-24 00:00:00-05:00,108.29865970247262,108.84449337333989,107.05487657098067,107.58281707763672,535300
2020-12-28 00:00:00-05:00,108.55813370450235,108.63866999480119,105.76632958173728,106.03477478027344,768200
2020-12-29 00:00:00-05:00,106.45536066455965,106.47325382945729,104.75522327172709,105.94532012939453,970900
2020-12-30 00:00:00-05:00,106.57167460619706,107.52017611268293,105.4352709896576,105.88267517089844,614400
2020-12-31 00:00:00-05:00,105.61423445990259,106.77748811174472,104.9252349950613,106.63431549072266,886700
2021-01-04 00:00:00-05:00,107.3770234162314,108.50448407361907,106.13324010780782,108.37921142578125,1182300
2021-01-05 00:00:00-05:00,108.69237233748665,109.77508963143448,108.25391815358783,108.93396759033203,1698400
2021-01-06 00:00:00-05:00,108.39708469132276,113.90910749159353,108.37024153269256,112.48635864257812,1721600
2021-01-07 00:00:00-05:00,112.5311006772712,112.93376170642935,110.44619557091939,110.90254974365234,2033000
2021-01-08 00:00:00-05:00,110.63411167326716,111.38575429039251,107.62755485845854,110.03459167480469,1699600
2021-01-11 00:00:00-05:00,109.77512524969298,111.82423787358103,109.14876192660414,110.62519073486328,1135600
2021-01-12 00:00:00-05:00,110.97415090226549,113.08589957950781,110.60728295487492,112.94273376464844,1568500
2021-01-13 00:00:00-05:00,112.62058259628921,114.25808356058448,112.1731784088979,112.25370788574219,1043800
2021-01-14 00:00:00-05:00,112.98744257150544,113.24693780125072,111.6452301032788,111.8241958618164,1239300
2021-01-15 00:00:00-05:00,111.55578212222557,112.13740905464758,110.35674192241956,111.30523681640625,3038500
2021-01-19 00:00:00-05:00,111.88949871737738,114.29843093638374,110.63110006128971,113.24676513671875,1029500
2021-01-20 00:00:00-05:00,113.33663772898936,114.7298658950458,112.55463817084488,114.47818756103516,1114100
2021-01-21 00:00:00-05:00,114.46018460057137,114.79276339666401,112.06923402968044,112.51866149902344,1070300
2021-01-22 00:00:00-05:00,112.34789018465332,112.98607644384887,111.08949174977037,111.87149810791016,1394400
2021-01-25 00:00:00-05:00,111.77261771037935,113.04000655017884,110.64005849192098,112.32991027832031,905300
2021-01-26 00:00:00-05:00,112.4288104677804,113.48945988191873,111.17041181169272,113.24676513671875,965600
2021-01-27 00:00:00-05:00,112.62656166976338,114.50516578553332,111.9074747515645,112.46476745605469,2268000
2021-01-28 00:00:00-05:00,112.95911690687103,114.50514875059056,111.09848715488765,111.20635223388672,964300
2021-01-29 00:00:00-05:00,112.14116867469099,118.73876893819076,111.46702732276812,116.0871353149414,1814500
2021-02-01 00:00:00-05:00,117.23763856848562,121.0847501765685,116.88708570447382,119.85330963134766,1425000
2021-02-02 00:00:00-05:00,119.89828223311112,120.31176161732839,117.62417990851733,117.74103546142578,1376600
2021-02-03 00:00:00-05:00,117.6241778651233,118.60392662350928,113.25574157022557,114.06471252441406,1789700
2021-02-04 00:00:00-05:00,113.61527532084793,115.1972620681516,109.33672352727912,109.65132141113281,2313900
2021-02-05 00:00:00-05:00,109.0940401411617,110.69400103664995,107.50306285863611,109.4715576171875,1484100
2021-02-08 00:00:00-05:00,110.55917440969095,111.14343158096096,109.12100765883247,109.33673095703125,1572500
2021-02-09 00:00:00-05:00,109.12100469548929,110.40636769428936,109.12100469548929,109.4715576171875,1275400
2021-02-10 00:00:00-05:00,110.47829159277843,111.42208540114763,109.49853589717155,111.05355834960938,1160700
2021-02-11 00:00:00-05:00,111.45803576701222,112.86024757090088,110.43334147067506,112.41082000732422,1388000
2021-02-12 00:00:00-05:00,112.3568981455219,114.04674342485104,112.33892405921578,113.27372741699219,1206500
2021-02-16 00:00:00-05:00,113.7860468399406,113.7860468399406,109.45356617867363,109.73221588134766,1580900
2021-02-17 00:00:00-05:00,108.87829788555439,110.8467924252403,108.12326301745074,109.52547454833984,1197600
2021-02-18 00:00:00-05:00,108.92324337624969,110.37040039783408,107.41316678232332,109.52547454833984,1085500
2021-02-19 00:00:00-05:00,109.6602962109304,110.88273940583366,106.98170563034921,107.17047119140625,1439400
2021-02-22 00:00:00-05:00,106.51431904945134,106.69408730897865,102.88294397369984,104.45594024658203,2180400
2021-02-23 00:00:00-05:00,104.59977769612391,105.70536570532886,101.89422173768502,105.60649108886719,1464400
2021-02-24 00:00:00-05:00,105.12108382206516,106.02892924313119,103.32337391928358,104.0334701538086,993700
2021-02-25 00:00:00-05:00,103.80878260338172,105.02223572232838,102.19084739735976,103.0357666015625,1434400
2021-02-26 00:00:00-05:00,103.45822926626771,104.83347658672007,102.64925823726021,103.89866638183594,1519000
2021-03-01 00:00:00-05:00,104.83344722836561,106.71205758394497,103.9076277546664,104.7795181274414,1481300
2021-03-02 00:00:00-05:00,105.38175662700004,107.23340256120748,105.02221326109535,106.56824493408203,1240300
2021-03-03 00:00:00-05:00,107.0536567332679,107.0536567332679,104.35709103793258,105.05819702148438,1199900
2021-03-04 00:00:00-05:00,104.61772897919528,107.09857060634833,104.3480697462172,105.41770935058594,1987100
2021-03-05 00:00:00-05:00,105.95705874223592,106.35255726291014,104.04249945007692,106.02896881103516,1533500
2021-03-08 00:00:00-05:00,105.93006540282936,110.14569774725139,105.9031008487855,108.84235382080078,1194600
2021-03-09 00:00:00-05:00,109.471546491326,110.89173897514615,107.58395244531796,107.75473022460938,1465400
2021-03-10 00:00:00-05:00,108.2850712113497,110.20862050953384,104.86043559445811,105.0491943359375,1707700
2021-03-11 00:00:00-05:00,106.97273425513303,109.64233467204602,105.6334353827872,109.53446960449219,1605200
2021-03-12 00:00:00-05:00,109.30078518790077,109.7322386785588,107.92553790161674,109.5434799194336,902800
2021-03-15 00:00:00-04:00,109.30977028389322,111.11647097198437,109.25584117185834,110.88276672363281,877000
2021-03-16 00:00:00-04:00,111.11645603416827,111.60183855039107,109.93895133718138,110.27153015136719,840500
2021-03-17 00:00:00-04:00,109.80414549513957,112.6714886841241,109.80414549513957,110.66704559326172,1098200
2021-03-18 00:00:00-04:00,110.74793373558394,112.06026133125525,109.68728446542218,111.69173431396484,1142500
2021-03-19 00:00:00-04:00,111.59285492529014,113.53437825155208,111.59285492529014,112.60855865478516,1687200
2021-03-22 00:00:00-04:00,112.25799927396312,113.34561299011378,111.28723423785996,113.17483520507812,930500
2021-03-23 00:00:00-04:00,113.62427690613215,114.5950352058824,112.34789744750832,112.54564666748047,981400
2021-03-24 00:00:00-04:00,112.52767414385205,115.65568610657883,112.34789900605607,114.05572509765625,1045800
2021-03-25 00:00:00-04:00,113.78607278142704,114.45123054538708,112.5007164705773,114.28943634033203,1253300
2021-03-26 00:00:00-04:00,114.55008045420321,116.25789942419145,114.12761751781187,116.16802215576172,721300
2021-03-29 00:00:00-04:00,115.48488437331075,115.92532825253022,114.05570824207331,115.08938598632812,1720300
2021-03-30 00:00:00-04:00,115.05343734817957,115.7725240746934,113.61527075287118,115.49388122558594,782700
2021-03-31 00:00:00-04:00,116.14106779044596,116.53655249401409,114.37031537562997,115.35905456542969,928700
2021-04-01 00:00:00-04:00,116.84218189659897,116.84218189659897,114.1006710396169,116.34780883789062,1048500
2021-04-05 00:00:00-04:00,116.40174966581459,118.86461787815621,116.3028750441217,116.96803283691406,1078500
2021-04-06 00:00:00-04:00,116.74219839561965,116.93186763975226,115.5500369989635,115.88420104980469,831500
2021-04-07 00:00:00-04:00,116.01064904397766,116.8234995595823,115.35134752460696,115.3694076538086,700900
2021-04-08 00:00:00-04:00,115.5681215976261,115.62231577480283,114.34885941467749,114.3940200805664,959900
2021-04-09 00:00:00-04:00,114.61980032004615,114.97203143561258,113.5179463111257,114.42110443115234,1062100
2021-04-12 00:00:00-04:00,114.99007911720945,116.40803693651952,114.74622948304354,116.38094329833984,1086600
2021-04-13 00:00:00-04:00,116.56159628005517,118.10600288154667,115.7126253583897,115.95648193359375,994500
2021-04-14 00:00:00-04:00,115.92937330643204,116.2906310309984,114.38497379509782,115.00814819335938,1281700
2021-04-15 00:00:00-04:00,115.4236203736655,117.22089636642724,115.4236203736655,116.64287567138672,1015400
2021-04-16 00:00:00-04:00,117.5370042262311,117.92536940726647,116.29064153602002,117.5099105834961,1460000
2021-04-19 00:00:00-04:00,117.95246557757255,118.39500427246094,116.93189240901708,118.39500427246094,876000
2021-04-20 00:00:00-04:00,117.86214113478121,118.67497797499487,115.75778094584584,116.84156799316406,1032300
2021-04-21 00:00:00-04:00,116.93187207911485,118.01565896661158,116.70608257000728,117.4286117553711,1166600
2021-04-22 00:00:00-04:00,118.4130602631109,120.93286532440717,115.9022818217121,120.74320983886719,2129400
2021-04-23 00:00:00-04:00,118.4040471259853,119.9213463074777,117.41959420109966,118.5033950805664,1586100
2021-04-26 00:00:00-04:00,118.89173746595795,120.16519375583034,117.56409389244834,119.46073150634766,855400
2021-04-27 00:00:00-04:00,119.15366082282786,120.1652074298615,119.13560758029419,119.48783874511719,1257000
2021-04-28 00:00:00-04:00,119.65037035708959,119.98454819487131,118.37692802543793,118.92784118652344,1359300
2021-04-29 00:00:00-04:00,119.17171040897124,119.7497310507983,117.45571550448128,118.72917175292969,926600
2021-04-30 00:00:00-04:00,118.35886714275344,119.81295217825773,118.17823828602153,119.10848999023438,1239300
2021-05-03 00:00:00-04:00,119.76782532307226,121.70058357592825,119.71363802886825,119.85814666748047,1267800
2021-05-04 00:00:00-04:00,121.03223398781648,123.29917005018109,120.13811612643252,123.18175506591797,1498600
2021-05-05 00:00:00-04:00,123.73268126975643,123.9042835436469,121.13158107836678,123.34432983398438,1948600
2021-05-06 00:00:00-04:00,123.05527199764663,125.07835078838076,122.56757276313671,124.98802947998047,1315400
2021-05-07 00:00:00-04:00,125.22286999351893,127.02015964463078,125.22286999351893,125.49382019042969,1264900
2021-05-10 00:00:00-04:00,126.21638656538431,128.9710224452145,125.63836573987106,127.77884674072266,1247100
2021-05-11 00:00:00-04:00,126.9027332740408,127.19175046640213,124.18423249124598,124.5003433227539,1176600
2021-05-12 00:00:00-04:00,124.5906527216028,125.82798864588216,122.8385238647461,122.8385238647461,1290300
2021-05-13 00:00:00-04:00,122.4772680553403,124.75323028076369,121.98956875472749,124.15714263916016,1138200
2021-05-14 00:00:00-04:00,124.81645017809984,125.16868129577327,122.2153641480112,122.30567169189453,1262800
2021-05-17 00:00:00-04:00,122.6579102120447,123.23593089595931,118.57563138002884,119.22590637207031,2284300
2021-05-18 00:00:00-04:00,119.4155835347173,119.94844358858276,117.9253779519136,118.30470275878906,1692300
2021-05-19 00:00:00-04:00,117.69054029347696,118.62079211688418,116.29064235751169,118.03374481201172,1611000
2021-05-20 00:00:00-04:00,117.92537631061279,119.77683965102392,117.57313137223703,118.72014617919922,1093700
2021-05-21 00:00:00-04:00,119.04526740201013,120.3096970154065,118.12404227785119,118.61175537109375,710600
2021-05-24 00:00:00-04:00,119.21688344586889,119.81297117056238,117.81698546736774,117.83505249023438,735700
2021-05-25 00:00:00-04:00,117.77181336545104,119.01817598131913,117.77181336545104,118.1782455444336,928000
2021-05-26 00:00:00-04:00,118.53950864741441,120.6077347727025,118.02470188064628,119.80392456054688,1330000
2021-05-27 00:00:00-04:00,119.98456456957187,120.58063846912181,119.03624576510214,119.72264099121094,1513700
2021-05-28 00:00:00-04:00,119.92133696017773,120.12905947407425,118.58466676908334,118.91883087158203,871600
2021-06-01 00:00:00-04:00,118.79237078563544,118.90074533581941,114.68300601484066,114.94491577148438,1556000
2021-06-02 00:00:00-04:00,115.35136605640058,115.88422608531926,114.06888307002494,115.17976379394531,1220500
2021-06-03 00:00:00-04:00,114.89977854612992,116.35386368850943,114.89977854612992,115.73068237304688,1221800
2021-06-04 00:00:00-04:00,115.61326801400747,117.13960746863648,115.61326801400747,116.3990249633789,1092100
2021-06-07 00:00:00-04:00,116.6970650393268,117.19379097317061,116.2816062465294,116.44416809082031,1273600
2021-06-08 00:00:00-04:00,116.66092754217053,116.80543614243705,114.15918269236285,115.17071533203125,943700
2021-06-09 00:00:00-04:00,115.46876815912387,116.28161187265434,114.8184931882995,115.15266418457031,825200
2021-06-10 00:00:00-04:00,115.52295715944518,116.2364460026732,115.23393994931291,115.76679992675781,1011600
2021-06-11 00:00:00-04:00,116.03774320849486,116.44416157758842,114.74623380298229,114.9629898071289,822800
2021-06-14 00:00:00-04:00,115.03523540476152,116.06482806922283,114.63784368509151,115.64034271240234,842100
2021-06-15 00:00:00-04:00,116.1641927499872,116.33579499741673,114.7101145190277,115.75777435302734,794300
2021-06-16 00:00:00-04:00,115.92034074310511,116.4712677025353,114.54753665416304,115.11652374267578,1240200
2021-06-17 00:00:00-04:00,115.15266398642159,115.88421988206527,114.01468278943712,115.6855239868164,1284900
2021-06-18 00:00:00-04:00,115.27007226353311,116.30870551468037,114.85462034118417,115.15266418457031,2041600
2021-06-21 00:00:00-04:00,115.30618352971564,117.32022206905859,115.30618352971564,116.89573669433594,1116600
2021-06-22 00:00:00-04:00,117.02220504502048,118.2053399855522,117.02220504502048,117.6273193359375,1096900
2021-06-23 00:00:00-04:00,117.50992172381746,117.57313563582535,116.48032185897716,116.65192413330078,754600
2021-06-24 00:00:00-04:00,116.81446142310813,117.23894681833892,115.96549063264654,116.67899322509766,679600
2021-06-25 00:00:00-04:00,116.6790165511566,117.66345573643429,116.33581200611984,117.07640838623047,1066700
2021-06-28 00:00:00-04:00,117.30218489386156,119.31622370899966,116.9228601247167,118.90980529785156,794600
2021-06-29 00:00:00-04:00,118.94593308503339,120.84257083184441,118.90077241847112,120.10197448730469,840700
2021-06-30 00:00:00-04:00,120.19227958499295,120.70707252718366,118.25952183466718,119.18977355957031,877500
2021-07-01 00:00:00-04:00,119.43364030034564,120.28259739647523,119.0904357888444,120.07487487792969,879300
2021-07-02 00:00:00-04:00,119.90328504734167,120.74322939118791,119.52396023373738,120.40906524658203,914000
2021-07-06 00:00:00-04:00,120.65403556339153,121.30734873245899,119.8555386133119,121.0986557006836,935100
2021-07-07 00:00:00-04:00,120.88993353593655,122.32359203978785,120.55420819960246,122.16027069091797,765900
2021-07-08 00:00:00-04:00,121.4615732976796,122.28729028559592,120.82641170908407,121.47064208984375,800900
2021-07-09 00:00:00-04:00,121.79734415598756,122.63213024831045,121.32551756825465,122.53231811523438,699500
2021-07-12 00:00:00-04:00,122.49598982882436,123.93871705278079,122.26914540321543,123.06764221191406,853600
2021-07-13 00:00:00-04:00,123.19471401905258,123.27637471552681,122.2147441248937,122.53231811523438,690200
2021-07-14 00:00:00-04:00,122.36898773115442,123.22192519740908,121.93345020313718,122.14214324951172,858400
2021-07-15 00:00:00-04:00,121.58863754624754,122.45972641471293,121.17123762385025,121.65216064453125,1118300
2021-07-16 00:00:00-04:00,121.8154670741046,122.79543673884066,121.02605283535313,122.06046295166016,1220900
2021-07-19 00:00:00-04:00,122.06048147179477,124.67372046210932,121.69752199710646,123.63024139404297,1849400
2021-07-20 00:00:00-04:00,124.374296821031,126.22534166618263,123.2491432277894,123.64839172363281,1335900
2021-07-21 00:00:00-04:00,124.11115142316451,124.56484038547919,122.5867631556216,123.20377349853516,1257200
2021-07-22 00:00:00-04:00,122.72287912566266,125.34520109068346,119.86464385612604,125.19094848632812,1572600
2021-07-23 00:00:00-04:00,125.41777416151132,127.0238369176095,124.79168119665164,126.51569366455078,951200
2021-07-26 00:00:00-04:00,126.32515954961514,127.2960467583284,125.01853308382374,125.5629653930664,789700
2021-07-27 00:00:00-04:00,125.43593657886605,127.18716942939531,125.27260134328137,126.99662780761719,1153900
2021-07-28 00:00:00-04:00,127.03289649685591,127.60454896164758,126.12551866473551,127.00567626953125,887500
2021-07-29 00:00:00-04:00,127.74063543145533,128.58450391808995,126.85140913481212,128.1580352783203,872500
2021-07-30 00:00:00-04:00,128.149001839928,129.28322443531022,127.84049661690179,128.6662139892578,1005700
2021-08-02 00:00:00-04:00,128.88391265194463,130.33572240015178,128.01283787940744,129.79129028320312,852400
2021-08-03 00:00:00-04:00,130.6261454304983,131.91462055328964,130.2178142464216,131.89646911621094,1112100
2021-08-04 00:00:00-04:00,131.72401430582227,134.80910668205797,131.4881010966891,133.1213836669922,1270500
2021-08-05 00:00:00-04:00,133.38450697382584,134.84538546116804,131.406430455012,133.65672302246094,1260400
2021-08-06 00:00:00-04:00,133.64767023910707,134.51875902022343,132.47715896763992,133.02159118652344,1376200
2021-08-09 00:00:00-04:00,133.29379406963696,134.63672319032455,133.18491316354908,134.201171875,826500
2021-08-10 00:00:00-04:00,133.8472956993073,136.4151765617339,133.3936067945426,134.8091278076172,954500
2021-08-11 00:00:00-04:00,135.625771084814,136.05223979056146,134.46432852100867,134.79098510742188,947000
2021-08-12 00:00:00-04:00,135.12668571299972,135.20834638325886,133.08508588361124,134.3554229736328,1624600
2021-08-13 00:00:00-04:00,134.91801532988893,135.88890243403966,134.43710617489597,134.49154663085938,945100
2021-08-16 00:00:00-04:00,134.51878771723483,137.41332573566984,134.51878771723483,137.3316650390625,1819900
2021-08-17 00:00:00-04:00,137.28624979835263,139.2189548987719,136.74181763611662,138.17547607421875,1087500
2021-08-18 00:00:00-04:00,138.08475205800926,138.08475205800926,135.12670530513574,135.3172607421875,811400
2021-08-19 00:00:00-04:00,135.48965152873396,138.37510611199025,135.4261284407511,137.5584716796875,923000
2021-08-20 00:00:00-04:00,137.73089229328386,138.8378944947372,137.51313044741676,137.92144775390625,776300
2021-08-23 00:00:00-04:00,138.01219072493492,138.45679705607404,136.25187529951688,136.5876007080078,1246400
2021-08-24 00:00:00-04:00,136.95054512884036,136.95054512884036,134.70025172603567,135.6802215576172,785100
2021-08-25 00:00:00-04:00,135.94339429866184,136.1157845083508,134.899901170911,135.8435821533203,712100
2021-08-26 00:00:00-04:00,135.96149412137098,136.33352236388322,135.09041913627925,135.73464965820312,844100
2021-08-27 00:00:00-04:00,136.006857812512,136.006857812512,134.64579111326924,135.32632446289062,870300
2021-08-30 00:00:00-04:00,135.80725288604398,137.8670046603075,135.0632101843887,136.8053741455078,751500
2021-08-31 00:00:00-04:00,136.86885855394337,138.71991694536823,136.1792564379045,138.67454528808594,1687600
2021-09-01 00:00:00-04:00,139.2552621204969,139.54561579609117,137.8397550689468,139.3187713623047,706700
2021-09-02 00:00:00-04:00,139.5728959534114,140.69803585540657,139.55474451597888,140.6526641845703,1094400
2021-09-03 00:00:00-04:00,140.45299704512442,141.51464120583293,139.79061515863214,141.40574645996094,844100
2021-09-07 00:00:00-04:00,141.3876234581281,141.54187603141543,139.4549042039925,141.133544921875,990900
2021-09-08 00:00:00-04:00,141.1517031185765,143.44736808508668,140.79782629337697,143.36570739746094,1110700
2021-09-09 00:00:00-04:00,143.60159739302875,145.6885689822196,142.36756310211047,142.77589416503906,1455100
2021-09-10 00:00:00-04:00,144.93549186648016,145.4980756717021,140.43490449764607,140.5891571044922,1730400
2021-09-13 00:00:00-04:00,140.90671684247127,141.32411679468254,138.130142509488,139.6454620361328,1255700
2021-09-14 00:00:00-04:00,140.4893428436902,141.44209254969542,139.8088093173279,140.47119140625,1471000
2021-09-15 00:00:00-04:00,139.87228303442245,142.26775988463615,139.72711310826293,141.36038208007812,1278800
2021-09-16 00:00:00-04:00,141.614496531633,142.45835145812939,139.98121329995772,140.6526641845703,861600
2021-09-17 00:00:00-04:00,140.5891433388129,142.30408712940718,140.28970695055182,140.4348907470703,4055800
2021-09-20 00:00:00-04:00,140.03563365651306,141.35132884888003,139.12825575205474,139.93582153320312,1406200
2021-09-21 00:00:00-04:00,140.50746455429655,141.36947073621815,139.88137162722583,140.04469299316406,999300
2021-09-22 00:00:00-04:00,140.61634272943903,140.61634272943903,138.13920514248872,138.565673828125,1334600
2021-09-23 00:00:00-04:00,138.2934843046444,140.3169333679326,137.98497910755802,139.30067443847656,892000
2021-09-24 00:00:00-04:00,139.3097251680781,140.01747880866458,138.25716350164623,138.9104766845703,658600
2021-09-27 00:00:00-04:00,138.356945896724,138.87415782436983,135.7799965874484,135.99777221679688,1083500
2021-09-28 00:00:00-04:00,135.14484309290933,135.14484309290933,131.50624948680525,132.52252197265625,1902200
2021-09-29 00:00:00-04:00,132.72216412998608,134.75468168555068,132.62235201106193,134.00155639648438,1014300
2021-09-30 00:00:00-04:00,134.70930718674862,135.07225274944275,131.7966185101054,131.85105895996094,953900
2021-10-01 00:00:00-04:00,131.7784848493825,132.13236166665152,128.76599750541064,130.02725219726562,1357500
2021-10-04 00:00:00-04:00,130.36442347599686,131.02968366565332,127.74892372029996,128.71493530273438,1319300
2021-10-05 00:00:00-04:00,128.72404562850335,130.1548257661304,128.532662167844,128.65113830566406,1220800
2021-10-06 00:00:00-04:00,128.14080968692747,129.8176365095918,127.2932741685873,129.70828247070312,1777900
2021-10-07 00:00:00-04:00,130.46470561764733,132.3237941670264,130.46470561764733,130.77455139160156,1217400
2021-10-08 00:00:00-04:00,130.792791449687,131.4671600778796,128.97925768642833,129.34378051757812,832300
2021-10-11 00:00:00-04:00,129.40755229608573,129.71739802760726,127.28417318480274,127.9129867553711,1250200
2021-10-12 00:00:00-04:00,128.06787715872989,129.4530883032343,127.5939865740432,128.02230834960938,1204500
2021-10-13 00:00:00-04:00,128.46888338420703,128.83340611100616,127.2294866451791,128.45065307617188,1425800
2021-10-14 00:00:00-04:00,129.55335878152184,130.191280513693,128.26839321023013,129.78118896484375,1785600
2021-10-15 00:00:00-04:00,130.2186500881766,130.92947931726414,129.4804823430206,129.8632354736328,3432200
2021-10-18 00:00:00-04:00,129.6262705246751,131.09349751147633,128.91544144094794,130.9750213623047,1095000
2021-10-19 00:00:00-04:00,131.68580928493765,133.27151192526668,131.68580928493765,132.78851318359375,1359700
2021-10-20 00:00:00-04:00,133.73636172399682,134.68412948075857,133.54497818839062,133.82749938964844,1293600
2021-10-21 00:00:00-04:00,134.45624637290288,135.92347321699071,128.08612374944167,132.46957397460938,2854600
2021-10-22 00:00:00-04:00,132.1415015402012,133.57228171434866,131.21195053233632,133.49937438964844,1252600
2021-10-25 00:00:00-04:00,133.28975507604218,133.28975507604218,130.82919206870227,132.15060424804688,1321100
2021-10-26 00:00:00-04:00,132.90699838924692,133.1712891611933,131.4580019134836,132.59715270996094,867400
2021-10-27 00:00:00-04:00,132.67005658293226,132.9981325600205,131.1299225212027,131.1754913330078,1025600
2021-10-28 00:00:00-04:00,131.6676148972349,133.81833237169408,131.46712322460854,132.8979034423828,759000
2021-10-29 00:00:00-04:00,132.870566187855,134.046163819675,132.5333680594439,133.76365661621094,920900
2021-11-01 00:00:00-04:00,133.69076730348007,135.3038091183291,132.688322701452,134.24667358398438,1128500
2021-11-02 00:00:00-04:00,134.93931808679352,135.1215795204419,131.27580347613983,131.43983459472656,1322000
2021-11-03 00:00:00-04:00,130.9294418068876,132.34199165690555,129.94521379343607,132.16883850097656,1309200
2021-11-04 00:00:00-04:00,132.16886519058957,132.97994021189712,130.30065461851066,131.0570526123047,1079900
2021-11-05 00:00:00-04:00,129.53511710689406,130.24594610403287,126.67357081169048,128.08612060546875,1570300
2021-11-08 00:00:00-05:00,128.16814383899614,129.77206327931856,126.94697742742167,129.6080322265625,1461300
2021-11-09 00:00:00-05:00,128.95187663876473,129.7538432895771,127.97675683328607,129.43487548828125,1432200
2021-11-10 00:00:00-05:00,129.47133821748977,131.995686538451,129.47133821748977,131.94100952148438,963100
2021-11-11 00:00:00-05:00,131.39421859231373,135.17620803473446,130.8474344876518,135.0941925048828,1237200
2021-11-12 00:00:00-05:00,135.9326139818877,137.26313456386328,135.34024711798875,136.6981201171875,1073500
2021-11-15 00:00:00-05:00,136.54318669928622,137.21756904579073,133.40824116192604,133.59962463378906,1232400
2021-11-16 00:00:00-05:00,134.0187989559616,135.9234555837088,133.31707823313175,134.8754425048828,1093100
2021-11-17 00:00:00-05:00,135.1580112279735,136.52499268693998,134.41984346503634,134.7205810546875,735500
2021-11-18 00:00:00-05:00,134.69321073130786,135.23088664084335,133.22598375559747,134.71144104003906,905100
2021-11-19 00:00:00-05:00,135.75947295420985,136.7801478926184,134.86638238310238,135.27647399902344,1916000
2021-11-22 00:00:00-05:00,135.00305799980507,138.33849534765872,134.36513624340853,137.37249755859375,1074400
2021-11-23 00:00:00-05:00,136.88947489560124,138.28379431593,135.4678030637856,137.64585876464844,539300
2021-11-24 00:00:00-05:00,137.5547241290927,138.85790582275985,136.09660570710983,136.26065063476562,720400
2021-11-26 00:00:00-05:00,138.2746981946806,142.6763792351792,138.0924368196279,141.2091522216797,1209600
2021-11-29 00:00:00-05:00,141.25469753077343,144.2893968947899,139.54141029801178,142.80393981933594,1188600
2021-11-30 00:00:00-05:00,141.17270127058458,141.71037717782585,135.20354755366813,135.4951629638672,3358700
2021-12-01 00:00:00-05:00,135.78677699458163,140.9448552164297,135.52250012428604,137.82814025878906,1458600
2021-12-02 00:00:00-05:00,137.53652612640323,142.01111435293157,137.53652612640323,140.63502502441406,1641400
2021-12-03 00:00:00-05:00,141.07245441953128,144.28030734261728,140.9630864740464,143.1320343017578,1415300
2021-12-06 00:00:00-05:00,143.7881678280137,144.48076650048645,142.90418570483638,143.66058349609375,1222500
2021-12-07 00:00:00-05:00,144.15270902671872,146.24874952509063,143.87020182016857,145.93890380859375,774500
2021-12-08 00:00:00-05:00,146.15761181061373,146.69528766232673,142.6490217095142,145.947998046875,880700
2021-12-09 00:00:00-05:00,145.8659923991107,146.50391412277133,143.68793643183682,143.73350524902344,893700
2021-12-10 00:00:00-05:00,143.68794127378385,146.77731806629217,143.2413890993483,145.86599731445312,968300
2021-12-13 00:00:00-05:00,146.23966268528523,149.8576076903289,145.81134075935236,148.78224182128906,1223500
2021-12-14 00:00:00-05:00,148.63643573485433,150.70512404584878,148.63643573485433,149.84848022460938,1163400
2021-12-15 00:00:00-05:00,150.57751779861488,153.876508241722,150.17653445923662,153.47552490234375,1591200
2021-12-16 00:00:00-05:00,153.56664326320882,157.81340098270636,153.37527370697163,156.64691162109375,1255500
2021-12-17 00:00:00-05:00,156.80184859672187,158.4695672653046,155.60802061950864,156.0181121826172,2074000
2021-12-20 00:00:00-05:00,155.83587268320935,156.95679348787408,153.4937713137832,156.2824249267578,1159500
2021-12-21 00:00:00-05:00,156.55579053729093,156.7380658176487,151.70757122297834,152.28170776367188,1369300
2021-12-22 00:00:00-05:00,152.48219664604042,153.7944868632058,151.9809674455686,152.8922882080078,1260500
2021-12-23 00:00:00-05:00,153.30237333939212,153.55754202971943,151.4432712748353,152.2361297607422,758500
2021-12-27 00:00:00-05:00,153.52112405653364,154.50533838594296,152.94698744300044,154.3321990966797,406900
2021-12-28 00:00:00-05:00,154.94274912946798,155.0156564540622,153.84004496524943,154.3230438232422,528400
2021-12-29 00:00:00-05:00,154.9700879974885,155.0885502327849,153.6942306726052,155.02476501464844,627200
2021-12-30 00:00:00-05:00,155.70827607613722,157.26664079897307,155.10680099675133,156.1457061767578,560600
2021-12-31 00:00:00-05:00,156.10925179838435,158.7156297754472,155.27083835266745,157.6676025390625,796800
2022-01-03 00:00:00-05:00,157.00234074345852,157.20283242480022,148.44503929116934,149.77557373046875,1232500
2022-01-04 00:00:00-05:00,149.45663914072375,149.9122996259089,142.5032556869892,144.1709747314453,1945700
2022-01-05 00:00:00-05:00,144.37141716003836,145.65638262685073,143.23226633605216,143.3689727783203,1193900
2022-01-06 00:00:00-05:00,142.54878879327754,145.71107288043225,141.75594419755524,144.29852294921875,945400
2022-01-07 00:00:00-05:00,144.68130915488868,144.79978532831177,141.8106537218939,142.04759216308594,729800
2022-01-10 00:00:00-05:00,142.49412341012433,145.71108477960016,141.99289417996832,145.44680786132812,860000
2022-01-11 00:00:00-05:00,145.15517706396219,145.82043735966127,141.69215521533823,143.87933349609375,776700
2022-01-12 00:00:00-05:00,137.5365271942745,138.63923143046694,133.4173534725677,134.09173583984375,2598300
2022-01-13 00:00:00-05:00,134.15552082983845,134.4015673966176,130.7836232544525,132.15060424804688,1433100
2022-01-14 00:00:00-05:00,132.26910174124566,133.3900224434044,128.33220307494702,129.6809539794922,1324500
2022-01-18 00:00:00-05:00,128.22560306042345,129.2507583866263,126.00140943896793,127.07231903076172,1365200
2022-01-19 00:00:00-05:00,127.31946417185571,128.6466591855183,126.16616610448327,127.2096176147461,904500
2022-01-20 00:00:00-05:00,128.44525786946116,130.5138502832458,125.25082581868003,125.5528793334961,1687100
2022-01-21 00:00:00-05:00,126.62383012847184,127.45676458110681,125.33324122491727,126.05634307861328,1156500
2022-01-24 00:00:00-05:00,125.03118188474855,127.06316844410311,121.75437485629841,126.58720397949219,1422200
2022-01-25 00:00:00-05:00,125.67188114277046,126.85262316262855,122.73373421453958,125.5620346069336,1023300
2022-01-26 00:00:00-05:00,124.82981293202671,126.62381027713613,123.20056445949739,123.93280029296875,1532100
2022-01-27 00:00:00-05:00,123.8412615959372,125.07691987814691,122.08387068580457,123.639892578125,1125200
2022-01-28 00:00:00-05:00,122.47743832510908,123.4385151232499,120.32647155131824,123.42936706542969,1884600
2022-01-31 00:00:00-05:00,123.51177270390095,124.44539159806028,121.49809612094288,123.58499908447266,1485500
2022-02-01 00:00:00-05:00,124.27147421967457,124.27147421967457,121.29672075053983,123.78636169433594,1276500
2022-02-02 00:00:00-05:00,122.05643180618746,124.88473259384803,121.43401457113224,124.39962005615234,2606600
2022-02-03 00:00:00-05:00,126.5780314614812,129.7724637889196,124.1158628392889,124.7657241821289,2320000
2022-02-04 00:00:00-05:00,124.62844562029673,126.2576941154738,122.34932175240134,122.6971435546875,1243100
2022-02-07 00:00:00-05:00,122.25780578327038,122.47747096149321,119.20982573689061,121.01298522949219,1248400
2022-02-08 00:00:00-05:00,121.23265383869696,123.30126076886667,120.57363035236914,123.12734985351562,1009400
2022-02-09 00:00:00-05:00,123.93276175818472,125.88237327653668,123.87784548439997,125.20503997802734,958900
2022-02-10 00:00:00-05:00,124.13416193196521,125.34237612482345,122.00149097627025,122.38593292236328,1306000
2022-02-11 00:00:00-05:00,122.06556152695977,123.502588837866,120.7475148427518,121.1594009399414,1087200
2022-02-14 00:00:00-05:00,120.47293175684754,121.74521034538631,118.76130888421343,119.25556945800781,1220400
2022-02-15 00:00:00-05:00,120.35394818543142,121.11365609626394,118.7155377613159,120.0061264038086,1280100
2022-02-16 00:00:00-05:00,119.57592570149322,121.22348412299539,118.68807516230878,120.56446075439453,1105000
2022-02-17 00:00:00-05:00,120.0702034152365,120.27157247146684,118.12060514028512,118.1846694946289,2109700
2022-02-18 00:00:00-05:00,118.31280137661548,120.62853134550544,117.5164872510336,120.25326538085938,2243500
2022-02-22 00:00:00-05:00,119.6949298344906,121.29672015617578,118.39519307801785,119.49356079101562,1098900
2022-02-23 00:00:00-05:00,116.87576945896384,120.85735390094207,116.58287095599471,118.15719604492188,1354200
2022-02-24 00:00:00-05:00,115.56688709094476,118.69723442065505,115.11838076634218,118.54163360595703,1206400
2022-02-25 00:00:00-05:00,119.2098319379918,121.45233587019466,118.9901527818374,120.98551940917969,1032900
2022-02-28 00:00:00-05:00,118.61486187214756,120.54616396350984,118.61486187214756,120.152587890625,1147700
2022-03-01 00:00:00-05:00,119.59422897129632,120.80242910055341,118.62400405794558,120.74751281738281,996200
2022-03-02 00:00:00-05:00,120.74753413478882,125.00372839643819,120.74753413478882,123.34700775146484,1412100
2022-03-03 00:00:00-05:00,123.27378630490249,124.61014333962744,122.1296502694033,124.28977966308594,992100
2022-03-04 00:00:00-05:00,123.31039303487287,126.44989527006379,123.31039303487287,125.99224090576172,951000
2022-03-07 00:00:00-05:00,126.01055192710056,126.01055192710056,123.05410862236617,124.57352447509766,1123400
2022-03-08 00:00:00-05:00,123.75889096469754,125.2874547620437,121.96487983277821,122.92595672607422,1233500
2022-03-09 00:00:00-05:00,124.77487520181431,125.86408070522715,122.9717161403859,124.09754180908203,884600
2022-03-10 00:00:00-05:00,123.05413020332651,124.98543253239677,122.1845895454951,124.45455169677734,694300
2022-03-11 00:00:00-05:00,124.65591452032773,127.31946662587832,124.65591452032773,124.79320526123047,1438100
2022-03-14 00:00:00-04:00,125.68102696797065,126.98992558412895,125.29659901562735,126.41327667236328,1260100
2022-03-15 00:00:00-04:00,126.92588673675401,129.7633499860049,126.77028589575075,129.65350341796875,1272300
2022-03-16 00:00:00-04:00,129.64434799942197,131.3468230590567,128.85718181127893,131.15460205078125,1200900
2022-03-17 00:00:00-04:00,130.65118061900912,132.89368434243895,130.63287053274132,132.86622619628906,1378600
2022-03-18 00:00:00-04:00,133.7906820200253,134.02865727368052,130.54133307415688,132.77468872070312,1849700
2022-03-21 00:00:00-04:00,132.39021706550054,133.30552553911892,131.16370706281168,131.66712951660156,1398400
2022-03-22 00:00:00-04:00,131.76786649115192,133.82731137708032,130.9257700694928,131.6031036376953,1605800
2022-03-23 00:00:00-04:00,130.7060980878465,131.11798425030588,129.1043077043349,130.30335998535156,1687800
2022-03-24 00:00:00-04:00,130.3033662203359,131.91430474089492,129.5802783864413,129.96470642089844,1158100
2022-03-25 00:00:00-04:00,130.01047797285645,131.87771606445312,129.77250267222428,131.87771606445312,684100
2022-03-28 00:00:00-04:00,131.88683699602802,132.67400309497043,130.94407008254515,132.62823486328125,702300
2022-03-29 00:00:00-04:00,133.25979058154027,133.8638976768631,128.93038433139813,129.41549682617188,1489300
2022-03-30 00:00:00-04:00,129.33314941437877,129.56197663769987,126.42245987115179,127.19132995605469,1022500
2022-03-31 00:00:00-04:00,127.20045945127146,127.99677360291965,125.26000935001227,125.26915740966797,1175100
2022-04-01 00:00:00-04:00,125.45222916931891,125.58037185009076,122.36764280370079,124.7840576171875,1586200
2022-04-04 00:00:00-04:00,123.20055250545143,124.32637825835383,122.04725464328135,123.14562225341797,1475600
2022-04-05 00:00:00-04:00,122.79609336981805,124.45177384030202,122.47415043223519,122.95246124267578,1451300
2022-04-06 00:00:00-04:00,122.59373889363476,123.91828334835287,121.72910492817408,123.65152740478516,1177500
2022-04-07 00:00:00-04:00,122.74092311412349,127.03648573185731,122.74092311412349,126.87091064453125,1230300
2022-04-08 00:00:00-04:00,127.58840024904349,129.48322960739026,127.11008931230754,128.77496337890625,1205300
2022-04-11 00:00:00-04:00,128.66454258114416,129.06926599322549,126.15342160219025,126.37418365478516,772300
2022-04-12 00:00:00-04:00,125.86827894900614,127.99306281964186,125.71191109222256,126.26380920410156,865300
2022-04-13 00:00:00-04:00,125.99709107618429,126.77894462984474,124.76453416354734,126.06148529052734,895300
2022-04-14 00:00:00-04:00,126.99971871048474,126.99971871048474,124.47940359179364,125.0220947265625,667000
2022-04-18 00:00:00-04:00,124.80129708092255,125.50956312712297,122.19821619939339,122.55694580078125,1113600
2022-04-19 00:00:00-04:00,123.02607468170805,125.97870664962586,122.54776376986814,124.98529815673828,1056100
2022-04-20 00:00:00-04:00,125.50036999956387,128.23223928590068,125.35319528220313,127.34920501708984,1157700
2022-04-21 00:00:00-04:00,130.39380602377054,132.37142938441858,125.46356542729697,130.28343200683594,2299800
2022-04-22 00:00:00-04:00,129.05091389100937,129.54761115084293,126.07989542033123,126.19026947021484,1183400
2022-04-25 00:00:00-04:00,126.53978050101043,126.65934768582979,122.60293374600344,125.66593933105469,820600
2022-04-26 00:00:00-04:00,124.84728825672424,125.75791601087893,123.71591246666776,123.9274673461914,1177700
2022-04-27 00:00:00-04:00,124.23099788209221,128.51736627793716,124.16661772298265,126.45696258544922,1416900
2022-04-28 00:00:00-04:00,126.74217297450832,126.94453478688649,123.2468632014877,124.9393310546875,1192400
2022-04-29 00:00:00-04:00,124.39658336267252,127.19283271848536,122.93405746722675,123.10882568359375,884100
2022-05-02 00:00:00-04:00,123.18240459294849,124.01944492164986,120.68049079782372,121.80267333984375,983400
2022-05-03 00:00:00-04:00,121.83028631151221,125.3991962145289,121.5451440526256,123.05364990234375,772500
2022-05-04 00:00:00-04:00,122.99845160062569,128.33341561597646,122.24419172731317,127.89189147949219,872600
2022-05-05 00:00:00-04:00,127.20204580057911,127.65276316416322,124.24942811374855,125.26122283935547,705600
2022-05-06 00:00:00-04:00,124.5529723716498,125.77633605850828,123.57796429943241,125.37161254882812,707600
2022-05-09 00:00:00-04:00,124.88413291757642,125.72115957396254,123.09967747728045,125.28885650634766,1086000
2022-05-10 00:00:00-04:00,125.66593683227427,126.6501520102942,122.051047145575,123.33879089355469,880400
2022-05-11 00:00:00-04:00,122.47415462128893,124.93008892379807,121.95905713182096,122.20741271972656,631200
2022-05-12 00:00:00-04:00,121.9406764710172,125.19683662916056,121.60033315763462,125.17843627929688,982000
2022-05-13 00:00:00-04:00,125.48198498795071,127.16525918069733,124.81971271423548,125.45439147949219,812900
2022-05-16 00:00:00-04:00,125.28881341756907,126.11664662963588,123.4215640414856,124.53455352783203,963900
2022-05-17 00:00:00-04:00,125.25199360759846,129.6487358019107,125.25199360759846,129.2532196044922,1228000
2022-05-18 00:00:00-04:00,128.3242506028067,129.0785107240343,127.13768742996152,128.0391082763672,1057600
2022-05-19 00:00:00-04:00,127.2940637111248,130.41225722358797,125.96032569013683,128.83937072753906,1504900
2022-05-20 00:00:00-04:00,129.32683479165584,131.22166375585465,127.85511561646136,129.72235107421875,1710400
2022-05-23 00:00:00-04:00,130.51340696013906,131.17567923255885,127.4504012090364,128.35182189941406,1157400
2022-05-24 00:00:00-04:00,129.29002875553306,129.8419269322863,127.66194176592923,128.8577117919922,1449400
2022-05-25 00:00:00-04:00,129.20725357350696,130.89972080023264,128.4989874923511,129.72235107421875,841100
2022-05-26 00:00:00-04:00,130.22826813922887,130.66977832077438,127.98390249372619,130.2926483154297,1181600
2022-05-27 00:00:00-04:00,130.614580240566,133.74196598429694,130.25585061681244,133.73277282714844,892300
2022-05-31 00:00:00-04:00,132.08632075735963,132.5370241314178,128.094286359837,129.7131805419922,2552700
2022-06-01 00:00:00-04:00,129.8235686788384,130.31107281105676,126.35583868945282,127.505615234375,738000
2022-06-02 00:00:00-04:00,127.76315842384447,127.76315842384447,124.89332078557992,127.533203125,713600
2022-06-03 00:00:00-04:00,127.04564873331655,127.30319744326349,124.93007204951704,125.27959442138672,526000
2022-06-06 00:00:00-04:00,125.92350207085524,126.76054263432496,124.42420323267275,124.94849395751953,511200
2022-06-07 00:00:00-04:00,124.30458351781157,126.8708773983545,124.30458351781157,126.72371673583984,543000
2022-06-08 00:00:00-04:00,125.55559768467158,126.79736195723466,124.57138223324843,124.68177032470703,589500
2022-06-09 00:00:00-04:00,124.64494581632395,127.32162844854581,123.92748651794464,124.07466125488281,1105100
2022-06-10 00:00:00-04:00,122.45577710629219,122.92488077461631,119.92626929669864,120.72650909423828,949700
2022-06-13 00:00:00-04:00,118.61091109874391,119.65950644157658,117.01962475290007,117.5439224243164,865200
2022-06-14 00:00:00-04:00,117.13000141136935,118.4637390388107,115.75947010223398,116.88165283203125,858200
2022-06-15 00:00:00-04:00,117.06561242983484,119.57672677999263,116.96443857882241,118.45454406738281,931700
2022-06-16 00:00:00-04:00,116.82647665837757,118.10502037307229,115.28117697223027,117.71870422363281,907300
2022-06-17 00:00:00-04:00,118.20618220873007,121.28758792656676,117.99462732553953,120.1654052734375,1764500
2022-06-21 00:00:00-04:00,120.89205639935304,121.53594226961567,119.86186146349817,121.35196685791016,859500
2022-06-22 00:00:00-04:00,121.26916604860365,124.38735787435533,120.84605635733938,123.56871795654297,850100
2022-06-23 00:00:00-04:00,124.10226450912235,127.16527053982159,124.10226450912235,126.40181732177734,915300
2022-06-24 00:00:00-04:00,127.48721805050744,129.21647228265778,126.43862249231525,129.0601043701172,995100
2022-06-27 00:00:00-04:00,128.75654550126572,129.0968888307733,126.10747044492328,127.45040130615234,705400
2022-06-28 00:00:00-04:00,127.93791110369146,128.64617726770985,125.35321610535661,125.51879119873047,516100
2022-06-29 00:00:00-04:00,125.362398144319,127.30322101929205,124.61734537860956,126.57656860351562,577600
2022-06-30 00:00:00-04:00,125.5371840167809,125.85912702674226,121.62794421041079,122.31781005859375,1245400
2022-07-01 00:00:00-04:00,122.76851275447397,125.96948597657975,121.89468559188839,125.72113037109375,798200
2022-07-05 00:00:00-04:00,124.45486576808084,124.51957243375753,121.40473909576947,123.46588897705078,746100
2022-07-06 00:00:00-04:00,123.34574368810522,126.48831894021423,122.96678371977085,125.647216796875,769100
2022-07-07 00:00:00-04:00,125.600973526266,126.89496570463864,124.48258349081344,125.4808120727539,707700
2022-07-08 00:00:00-04:00,125.43459865569146,127.09829871630835,125.31443721223027,125.46232604980469,766500
2022-07-11 00:00:00-04:00,125.21278464694417,126.22025106380723,124.41789965211231,125.6749267578125,724900
2022-07-12 00:00:00-04:00,125.64719487939675,127.04285892721086,123.18859555241039,123.93726348876953,723900
2022-07-13 00:00:00-04:00,122.83736135010295,124.12211579061601,122.29203707108788,123.01297760009766,591300
2022-07-14 00:00:00-04:00,121.20139891599534,123.57680211842376,120.6745501207908,123.14238739013672,791200
2022-07-15 00:00:00-04:00,125.08338792722625,125.67492927685635,123.33649127726724,125.57325744628906,620900
2022-07-18 00:00:00-04:00,125.56399964130432,125.73960177202353,123.17934498959774,123.53056335449219,834900
2022-07-19 00:00:00-04:00,124.40868995328188,127.02440247984876,124.40868995328188,126.31271362304688,714700
2022-07-20 00:00:00-04:00,126.45132664493374,126.80255917487085,124.25152560536304,124.63048553466797,1066700
2022-07-21 00:00:00-04:00,124.14984503987459,125.00018470547506,120.1661687874875,124.43637084960938,1676400
2022-07-22 00:00:00-04:00,125.48080771559039,125.78582316921344,120.5913509005301,121.10894775390625,978800
2022-07-25 00:00:00-04:00,121.43244922139178,121.99626308490629,120.45271033476632,121.12743377685547,867400
2022-07-26 00:00:00-04:00,120.6191049322433,123.25332091122786,119.29738511145864,123.11466979980469,947500
2022-07-27 00:00:00-04:00,122.48615332944223,125.10187946153987,121.68201643784529,124.13137817382812,717500
2022-07-28 00:00:00-04:00,124.0389759601305,125.96148939519954,122.59709440969424,124.94477081298828,754500
2022-07-29 00:00:00-04:00,124.94473124106898,126.81178927186632,124.61200246877517,126.22949981689453,987600
2022-08-01 00:00:00-04:00,125.73964151484196,126.84879405947771,125.12037266938127,126.32194519042969,888200
2022-08-02 00:00:00-04:00,126.83027159729512,127.93940975140934,125.99842150757365,126.34963989257812,881200
2022-08-03 00:00:00-04:00,126.7748529076961,128.05960767190984,126.56225733916042,127.48654174804688,684300
2022-08-04 00:00:00-04:00,128.14277201014352,129.704814699837,127.44955880017012,127.58819580078125,711000
2022-08-05 00:00:00-04:00,127.27393165869674,128.88219124570284,126.64542517166808,128.8267364501953,580000
2022-08-08 00:00:00-04:00,129.62161757223308,130.25012404056983,128.89142517721316,129.41827392578125,519600
2022-08-09 00:00:00-04:00,129.77873958864782,130.7677162854613,128.3830615098911,128.6696014404297,588300
2022-08-10 00:00:00-04:00,129.54769719813694,130.70305262954844,128.81750466754738,130.30560302734375,735800
2022-08-11 00:00:00-04:00,130.22241464358825,132.0247662103978,129.39980217958498,129.92665100097656,707900
2022-08-12 00:00:00-04:00,129.9543591187419,130.68453740288732,128.89142386791258,129.90814208984375,648400
2022-08-15 00:00:00-04:00,129.98207400385593,131.68275331733403,129.17793726811064,130.41648864746094,590200
2022-08-16 00:00:00-04:00,129.85269853204636,131.10047379951786,128.97461721737665,129.88966369628906,607900
2022-08-17 00:00:00-04:00,128.74356031068925,129.6678446564155,127.11682493945656,127.40335083007812,715300
2022-08-18 00:00:00-04:00,127.68984263209957,127.68984263209957,124.25150465563378,125.6656723022461,782600
2022-08-19 00:00:00-04:00,125.98919596264615,126.68240921673168,124.48260797732645,125.22203826904297,1814800
2022-08-22 00:00:00-04:00,124.43636323775343,125.12957625894845,121.88533029354453,121.99625396728516,934300
2022-08-23 00:00:00-04:00,121.60807908129988,121.60807908129988,119.82420323977622,120.20316314697266,905900
2022-08-24 00:00:00-04:00,119.74101562958735,119.74101562958735,117.8832024953513,118.99234771728516,936800
2022-08-25 00:00:00-04:00,118.89991416891121,120.7207550983702,117.47651571162716,120.71151733398438,769900
2022-08-26 00:00:00-04:00,120.94258941660783,121.00728197478003,117.42106192992603,117.47651672363281,775600
2022-08-29 00:00:00-04:00,117.2824072066741,118.03107506040847,116.45979493358305,117.0420913696289,564600
2022-08-30 00:00:00-04:00,117.26392870918565,117.79077037491523,116.3488823541857,116.71859741210938,569600
2022-08-31 00:00:00-04:00,117.2269602270109,117.43030386792336,115.45233635460333,115.8220443725586,1116400
2022-09-01 00:00:00-04:00,115.55400623774258,116.9404325216232,114.87003791217886,116.57072448730469,748800
2022-09-02 00:00:00-04:00,117.069846247834,117.54122613711458,115.10111628629689,115.65568542480469,651300
2022-09-06 00:00:00-04:00,115.59098479063738,117.38409847267886,115.48007519495093,115.87751770019531,700200
2022-09-07 00:00:00-04:00,116.33040981935733,118.40081150181176,116.15479356504079,117.80001831054688,786300
2022-09-08 00:00:00-04:00,117.42106254621237,120.56363015444866,117.25469111249019,120.341796875,1062300
2022-09-09 00:00:00-04:00,120.44347011623546,121.09971809433505,119.65783701958941,120.15694427490234,882000
2022-09-12 00:00:00-04:00,120.48967889285512,121.82988805111933,120.15693604428652,121.68199920654297,742800
2022-09-13 00:00:00-04:00,120.05526577395709,120.12921019719835,116.10857561885578,116.38585662841797,873800
2022-09-14 00:00:00-04:00,116.24721440427278,116.45980286146295,113.98272105821349,114.60198974609375,896000
2022-09-15 00:00:00-04:00,115.25823091552408,116.3026765202255,114.65745185820163,114.87003326416016,1067600
2022-09-16 00:00:00-04:00,114.67593404287138,116.02538805371574,114.50956261404244,115.28596496582031,1240400
2022-09-19 00:00:00-04:00,114.75912906433133,116.19176533589737,114.59275762712114,116.08084869384766,864400
2022-09-20 00:00:00-04:00,115.18430447293237,115.46158551376372,113.34497375895754,114.92549896240234,1260100
2022-09-21 00:00:00-04:00,115.50780855601283,116.57997466278857,112.5131294385081,112.55009460449219,732000
2022-09-22 00:00:00-04:00,112.18037071219582,114.38016446798821,111.2838139513217,113.5390625,1036200
2022-09-23 00:00:00-04:00,113.14162822701161,113.54830846517137,111.81065677045241,113.08616638183594,1027100
2022-09-26 00:00:00-04:00,112.70721034395919,114.43561717350883,112.63326592030776,113.8718032836914,1014500
2022-09-27 00:00:00-04:00,114.55577431187237,115.45233102263765,112.69796128501484,113.04918670654297,993700
2022-09-28 00:00:00-04:00,114.11212472983715,116.31191855336438,113.42815640684611,115.6926498413086,1002800
2022-09-29 00:00:00-04:00,115.31369487379038,115.7111373484429,114.12136744983283,115.18429565429688,1005200
2022-09-30 00:00:00-04:00,115.96994547704017,116.72785827671154,113.23406495501351,113.40043640136719,1129800
2022-10-03 00:00:00-04:00,114.6642492067995,117.12685101298177,114.40405105487706,116.56928253173828,854500
2022-10-04 00:00:00-04:00,117.20119961799583,119.57086752168189,117.17331516653472,119.04118347167969,918300
2022-10-05 00:00:00-04:00,118.25127572599128,119.30137017761547,117.34057515881524,118.72521209716797,540000
2022-10-06 00:00:00-04:00,118.40927259205584,118.40927259205584,116.22545832497215,117.14544677734375,797200
2022-10-07 00:00:00-04:00,116.29051016358412,116.29051016358412,113.89295757752306,114.58992004394531,692900
2022-10-10 00:00:00-04:00,114.98022416898208,115.73294136235972,113.87437478918524,115.24971008300781,676800
2022-10-11 00:00:00-04:00,115.42624943188267,117.13613396975366,114.10666917224488,115.56564331054688,961900
2022-10-12 00:00:00-04:00,116.10464497155687,117.28483151291255,115.02667305925378,115.59353637695312,837700
2022-10-13 00:00:00-04:00,114.11597999959314,117.94462225290992,113.41901759834937,116.8201904296875,932700
2022-10-14 00:00:00-04:00,117.62867404657122,118.9482545438486,116.1418222827468,117.19190979003906,782600
2022-10-17 00:00:00-04:00,118.2141165520776,119.2735059364753,117.69372022209633,118.8832015991211,1180800
2022-10-18 00:00:00-04:00,120.79752868146505,121.60600053068517,119.36642460797007,120.41651916503906,1164800
2022-10-19 00:00:00-04:00,120.19348266626159,120.19348266626159,116.31837352115146,117.70301055908203,1460800
2022-10-20 00:00:00-04:00,119.37573740542668,125.44395614117232,119.37573740542668,125.13729095458984,2360000
2022-10-21 00:00:00-04:00,125.4160798017346,129.33764226344744,123.20438102089376,127.0794906616211,1486400
2022-10-24 00:00:00-04:00,128.57563359552643,130.44348786048673,128.10170423330175,129.13320922851562,1121500
2022-10-25 00:00:00-04:00,129.24471199272898,134.39293479457834,129.24471199272898,133.86325073242188,1867800
2022-10-26 00:00:00-04:00,134.27215809961692,135.77759260875948,132.5715678453409,133.3614501953125,1337600
2022-10-27 00:00:00-04:00,133.01757915450483,134.51372547656308,131.17760263126507,132.56222534179688,1243900
2022-10-28 00:00:00-04:00,132.8317547827805,135.50809517618282,132.19983477667714,134.3650665283203,1082800
2022-10-31 00:00:00-04:00,133.81677088106684,136.46523347664873,133.42647366756532,133.49151611328125,1088700
2022-11-01 00:00:00-04:00,133.8725564991678,134.550929371133,131.33561693599162,132.68307495117188,1152500
2022-11-02 00:00:00-04:00,132.42285610911512,134.0769790720992,130.3784359033778,130.5457000732422,1570700
2022-11-03 00:00:00-04:00,129.28187792199452,133.68668551992917,128.2782503358928,132.86891174316406,1076500
2022-11-04 00:00:00-04:00,133.71456400802504,134.69960196756463,131.66084182126397,133.46365356445312,1066100
2022-11-07 00:00:00-05:00,133.63094610246665,136.08425353405048,132.66448349562972,135.8054656982422,1051600
2022-11-08 00:00:00-05:00,136.12140820897662,137.51533310158283,135.1828372193272,135.5173797607422,879700
2022-11-09 00:00:00-05:00,135.7868479012205,136.16785739181856,134.82039967454796,135.1363525390625,1125900
2022-11-10 00:00:00-05:00,137.58969738586748,141.76218493991357,137.45031054831978,141.69712829589844,1668100
2022-11-11 00:00:00-05:00,140.99086289478038,141.9108584631216,138.11007900342014,140.3496551513672,1589300
2022-11-14 00:00:00-05:00,140.82357852907703,142.29184777673032,139.74562072753906,139.74562072753906,1026400
2022-11-15 00:00:00-05:00,139.7642090130953,140.47047342829146,137.09717035815203,137.47817993164062,1144600
2022-11-16 00:00:00-05:00,137.88704982290582,140.06156917194457,137.3852289394435,138.714111328125,1153900
2022-11-17 00:00:00-05:00,133.90968612698072,136.48378983055397,131.75374275821184,135.63815307617188,1565600
2022-11-18 00:00:00-05:00,136.85552434850024,138.18439235814932,134.01192036780293,136.0656280517578,1225800
2022-11-21 00:00:00-05:00,135.37798030010134,138.24017448030546,134.9691075712757,136.13999938964844,1054600
2022-11-22 00:00:00-05:00,136.53958261995714,137.4131111533354,135.26646909095203,136.3258514404297,829300
2022-11-23 00:00:00-05:00,136.87412140089637,138.59330105699888,136.87412140089637,137.96139526367188,795800
2022-11-25 00:00:00-05:00,138.35168724641855,139.11369209636578,137.15290397869416,138.51895141601562,459100
2022-11-28 00:00:00-05:00,138.33308832072973,139.2809610906567,137.6454136947458,138.5282440185547,1104600
2022-11-29 00:00:00-05:00,138.15652028564006,139.00217133126225,137.9427891375354,138.47247314453125,648100
2022-11-30 00:00:00-05:00,137.998563665872,141.09307861328125,135.85192161093863,141.09307861328125,2063500
2022-12-01 00:00:00-05:00,141.7156798979828,143.3140480449815,141.36254776465606,141.81790161132812,858600
2022-12-02 00:00:00-05:00,140.39611261509077,141.30680621357072,138.33310270239556,139.81996154785156,1423200
2022-12-05 00:00:00-05:00,138.85348127896967,138.95570298876288,136.84622634834056,138.3888397216797,1248100
2022-12-06 00:00:00-05:00,138.0078719098852,139.1601884245846,137.40384337492964,138.4353485107422,1154300
2022-12-07 00:00:00-05:00,138.88137040181624,139.39247899407508,138.03571929278215,138.46319580078125,1079600
2022-12-08 00:00:00-05:00,138.24017396554865,139.99651877643646,137.19938124198177,139.8571319580078,660800
2022-12-09 00:00:00-05:00,140.1544957583364,140.7306467913704,138.03571706644232,138.3238067626953,733300
2022-12-12 00:00:00-05:00,138.56541751923302,138.56541751923302,136.70685113264537,138.46319580078125,721700
2022-12-13 00:00:00-05:00,140.50764483856176,140.81431005688037,137.84060606373805,139.16018676757812,866400
2022-12-14 00:00:00-05:00,139.24380224446284,141.669232154553,138.9092596989422,140.4239959716797,1171300
2022-12-15 00:00:00-05:00,138.88139477586057,139.3460364540533,137.92423405316262,138.66766357421875,1306600
2022-12-16 00:00:00-05:00,137.64542666691122,139.47611575344195,137.2830067765681,138.6862335205078,2354200
2022-12-19 00:00:00-05:00,138.24017026306475,140.87934545244025,137.74765127815814,140.7399444580078,1222700
2022-12-20 00:00:00-05:00,140.77710654324687,142.45910674068344,139.40175730070632,139.5783233642578,1278000
2022-12-21 00:00:00-05:00,140.62844731145393,144.3920476146588,140.62844731145393,144.3177032470703,1086600
2022-12-22 00:00:00-05:00,143.80658531979628,144.8195006759393,142.6449812380532,144.62435913085938,1071500
2022-12-23 00:00:00-05:00,144.5221286076237,145.54433162949522,143.3233453275801,145.25625610351562,947500
2022-12-27 00:00:00-05:00,145.2934424473619,147.0219098671409,145.2934424473619,146.1576690673828,740400
2022-12-28 00:00:00-05:00,146.41790443121602,147.13345668891952,145.10761130703887,145.44215393066406,630200
2022-12-29 00:00:00-05:00,146.10190015932088,147.1426927653491,145.21908398958368,145.70230102539062,761100
2022-12-30 00:00:00-05:00,145.469979744757,145.80452224981653,144.3734324213449,145.37705993652344,719000
2023-01-03 00:00:00-05:00,144.97747447097944,145.33060664286978,143.1746768801521,144.75445556640625,841300
2023-01-04 00:00:00-05:00,145.61869675158724,146.232027160007,142.79368163300717,143.64862060546875,796000
2023-01-05 00:00:00-05:00,142.82153217124372,143.64859362248887,141.61346121848197,143.57424926757812,1059700
2023-01-06 00:00:00-05:00,144.40131567494058,145.3956555037964,143.16536731913428,144.63363647460938,768100
2023-01-09 00:00:00-05:00,145.08902904157873,145.84174636449578,141.51128210060796,142.1153106689453,1223200
2023-01-10 00:00:00-05:00,142.11528857294536,142.263977304407,140.48904279439546,141.75286865234375,1004900
2023-01-11 00:00:00-05:00,142.08741671883067,142.94236986802383,140.3310717770701,142.0316619873047,1649800
2023-01-12 00:00:00-05:00,142.9423574283693,142.9423574283693,137.59897869948458,137.6454315185547,1797500
2023-01-13 00:00:00-05:00,137.0878826294347,138.4632180057421,136.5488965893202,137.47817993164062,1312200
2023-01-17 00:00:00-05:00,137.6462024769696,138.30894235987378,136.6007313799343,137.73020935058594,1304100
2023-01-18 00:00:00-05:00,137.67419175949402,137.79553026215874,135.4245796233435,135.44325256347656,937100
2023-01-19 00:00:00-05:00,135.44325716981683,136.23667911145452,134.66849392566672,135.62994384765625,974700
2023-01-20 00:00:00-05:00,136.0593058713809,137.5248253197654,134.85516483334223,135.7512664794922,948400
2023-01-23 00:00:00-05:00,135.6392469172152,137.76750596746598,134.92048839134347,137.22610473632812,1009300
2023-01-24 00:00:00-05:00,136.143323619868,136.85273859253556,134.02439380600987,134.32308959960938,841200
2023-01-25 00:00:00-05:00,134.07107270569912,135.42456876962694,133.7256874356792,135.26588439941406,526600
2023-01-26 00:00:00-05:00,135.32190176868892,137.2914768043625,135.31257242012788,137.1887969970703,758700
2023-01-27 00:00:00-05:00,136.97408501100008,137.52481559241724,135.54591154080146,135.93795776367188,1025200
2023-01-30 00:00:00-05:00,136.24602709901825,137.86088756718428,135.91931471979854,136.059326171875,719600
2023-01-31 00:00:00-05:00,136.5540445746925,138.72897921478534,136.03131619211365,138.59829711914062,1136000
2023-02-01 00:00:00-05:00,138.29959928837172,139.02768727403478,136.1059917397202,138.74765014648438,1519900
2023-02-02 00:00:00-05:00,137.37549346247522,140.54922412289443,133.7817284376692,135.78863525390625,3043000
2023-02-03 00:00:00-05:00,135.38721745602092,135.41523398449013,130.5612956499893,133.30563354492188,1316000
2023-02-06 00:00:00-05:00,133.52970958268486,136.28337772225183,132.85762603253713,135.71397399902344,2301500
2023-02-07 00:00:00-05:00,134.9111573102858,136.76872284272974,134.78980458528505,136.20864868164062,928400
2023-02-08 00:00:00-05:00,136.19000883963633,137.1888046795266,135.93798822485368,136.5447235107422,895700
2023-02-09 00:00:00-05:00,137.10479803492157,137.2541388369093,135.65795130085237,136.30203247070312,1111800
2023-02-10 00:00:00-05:00,136.35805051898203,137.4595120392406,135.0698880520578,135.16323852539062,922300
2023-02-13 00:00:00-05:00,135.28453939760618,136.58204509672305,135.13519862243228,136.53536987304688,721200
2023-02-14 00:00:00-05:00,136.30203116246184,136.30203116246184,133.8003840297043,134.96719360351562,851900
2023-02-15 00:00:00-05:00,134.50045463357486,137.08610834619813,134.15508359645426,136.86207580566406,920800
2023-02-16 00:00:00-05:00,135.31258632158273,137.4781776024833,133.98707803916807,136.89944458007812,783200
2023-02-17 00:00:00-05:00,137.13279198728745,139.0090165583213,137.0301121803186,138.35560607910156,940200
2023-02-21 00:00:00-05:00,137.3381560381532,138.07557340782174,133.99641177272022,134.0244140625,791100
2023-02-22 00:00:00-05:00,134.04309160223676,135.21923054318066,132.78293154579026,134.2111053466797,1260000
2023-02-23 00:00:00-05:00,134.47246195976186,135.09787015644022,132.4842139698116,132.9602813720703,729300
2023-02-24 00:00:00-05:00,132.0081631280134,132.20419339884566,130.4493072832675,130.67333984375,714500
2023-02-27 00:00:00-05:00,131.5041401715731,131.53214246814397,129.24519804072457,129.431884765625,1166200
2023-02-28 00:00:00-05:00,129.02109711223804,129.38514101819345,127.3688912729282,129.1517791748047,1881500
2023-03-01 00:00:00-05:00,128.2836569126481,129.8425264536544,127.2382004838169,129.74917602539062,1545400
2023-03-02 00:00:00-05:00,129.31981067555324,130.73865486688146,128.73174843465208,130.41195678710938,3140900
2023-03-03 00:00:00-05:00,131.27074371394983,131.68146294678698,130.37462772927967,131.42942810058594,1277900
2023-03-06 00:00:00-05:00,131.25205630470558,131.588097981503,130.4212885819673,130.99069213867188,1226100
2023-03-07 00:00:00-05:00,131.19607142811523,131.5601154456909,128.0690160706023,128.55441284179688,928300
2023-03-08 00:00:00-05:00,128.7037527696315,128.8811100830807,126.9768691045812,127.63027954101562,786100
2023-03-09 00:00:00-05:00,128.1997018570088,128.1997018570088,125.39002944797335,125.91275787353516,1011900
2023-03-10 00:00:00-05:00,125.98740902379494,126.46346211671565,124.34454656690137,125.37133026123047,1173900
2023-03-13 00:00:00-04:00,124.98861365518204,126.21144183575521,123.81247494120781,124.20452117919922,1119900
2023-03-14 00:00:00-04:00,125.35266090559134,126.02474425790864,123.90582864754043,124.98861694335938,1028500
2023-03-15 00:00:00-04:00,123.67248792942787,124.44725121100846,122.08561548292624,124.00852966308594,1227400
2023-03-16 00:00:00-04:00,123.5977769686194,125.30598746564537,123.5977769686194,125.08195495605469,1026500
2023-03-17 00:00:00-04:00,125.29667297172458,125.29667297172458,121.66556221482398,122.7763671875,2257000
2023-03-20 00:00:00-04:00,123.17772670895098,124.41919923236738,123.11237855336213,124.06449890136719,1236100
2023-03-21 00:00:00-04:00,124.90459995013188,126.97685441108355,123.64445444924675,126.8648452758789,1673300
2023-03-22 00:00:00-04:00,127.22892931701942,128.09702887507584,125.3246879585697,125.38070678710938,1503100
2023-03-23 00:00:00-04:00,124.91395794914192,126.40746548283202,124.32588143492734,126.37946319580078,2430800
2023-03-24 00:00:00-04:00,126.56616576700716,131.87748527186986,125.97810342214993,130.73867797851562,1674500
2023-03-27 00:00:00-04:00,132.17618276800067,133.6230151195603,129.42250101773757,130.1505889892578,1220600
2023-03-28 00:00:00-04:00,129.8332598638447,130.41200722441613,128.86248035323834,129.55322265625,640700
2023-03-29 00:00:00-04:00,129.87991865168257,130.29996728821828,128.59175620590966,129.2638397216797,746100
2023-03-30 00:00:00-04:00,129.96390814145272,130.15993840869152,128.6290848816584,130.01991271972656,536200
2023-03-31 00:00:00-04:00,130.5519675612205,132.32551210903873,130.44928776677133,132.06414794921875,919100
2023-04-03 00:00:00-04:00,132.54954914005006,133.48299666920533,132.03615015035885,133.17495727539062,914100
2023-04-04 00:00:00-04:00,133.6416882816998,133.6790341611259,131.71878854636708,131.80279541015625,970100
2023-04-05 00:00:00-04:00,131.88678625579956,134.15507100557332,131.79345005512977,133.77235412597656,1159100
2023-04-06 00:00:00-04:00,134.21327454123423,134.8793140547878,133.35960455392907,134.0350341796875,886200
2023-04-10 00:00:00-04:00,133.5941510557261,135.00129396303933,133.01252225371542,134.5041046142578,947900
2023-04-11 00:00:00-04:00,134.83242166004754,135.36714280506217,134.19452378269364,134.97314453125,902500
2023-04-12 00:00:00-04:00,135.35771601557303,135.73296258957322,133.47215029162408,133.650390625,711500
2023-04-13 00:00:00-04:00,133.7348521662051,134.27894911107452,133.33147809274158,133.83804321289062,688600
2023-04-14 00:00:00-04:00,133.3408414780574,133.81926484222438,132.3933705479321,133.52845764160156,703900
2023-04-17 00:00:00-04:00,133.6222690538787,134.55097404679518,133.3126959515081,134.23202514648438,562600
2023-04-18 00:00:00-04:00,134.54159224905115,134.54159224905115,132.33707743900518,133.30331420898438,496800
2023-04-19 00:00:00-04:00,133.11569340480992,134.73860828816788,131.86803947668236,134.66355895996094,1135900
2023-04-20 00:00:00-04:00,134.36337853605562,135.1795311365207,133.42528328684782,134.94500732421875,937300
2023-04-21 00:00:00-04:00,135.7798923843684,137.47784225582555,135.49846098643616,136.19264221191406,1178500
2023-04-24 00:00:00-04:00,136.58667188701642,137.67485148039097,136.50223243711025,137.4778594970703,958900
2023-04-25 00:00:00-04:00,137.52476923007188,139.41971132684336,136.84933950565122,137.4309539794922,1634500
2023-04-26 00:00:00-04:00,136.7555145851133,138.8099453254413,136.53036658816075,137.74989318847656,1769800
2023-04-27 00:00:00-04:00,137.75927880304224,137.75927880304224,128.13441338200613,132.28079223632812,2750300
2023-04-28 00:00:00-04:00,131.24890570726416,132.03690225690696,129.21324079692172,130.2169952392578,1355000
2023-05-01 00:00:00-04:00,130.65788859752925,131.39899176638454,129.5415531022481,130.8455047607422,903000
2023-05-02 00:00:00-04:00,127.13067003295741,130.17008942795837,126.63348070441225,129.56033325195312,1189800
2023-05-03 00:00:00-04:00,129.52281977373653,130.07629254324488,128.0687692539148,128.1156768798828,852500
2023-05-04 00:00:00-04:00,127.32764117307211,127.41208060904212,125.97678196789111,127.02745819091797,594600
2023-05-05 00:00:00-04:00,127.6184508482073,128.59407776618772,127.20570102896428,128.05935668945312,1059300
2023-05-08 00:00:00-04:00,127.74040849434878,127.74040849434878,125.7704173660024,126.3895492553711,890600
2023-05-09 00:00:00-04:00,126.09873336687251,126.13626518436413,124.61654148822863,125.37639617919922,892700
2023-05-10 00:00:00-04:00,125.7610332657164,126.26761266164701,124.09122504721148,124.23193359375,724600
2023-05-11 00:00:00-04:00,123.42519632438963,123.65972013197033,122.57152622938851,122.77790832519531,1024600
2023-05-12 00:00:00-04:00,122.89048150567707,122.93738913245014,121.5302462144462,122.63719177246094,1016700
2023-05-15 00:00:00-04:00,122.5152515616086,124.44772558390972,122.04620391292586,124.20381164550781,745200
2023-05-16 00:00:00-04:00,123.70660932977893,123.81919048732928,122.13999206492215,122.47770690917969,689300
2023-05-17 00:00:00-04:00,122.57151618131721,124.28823202978008,122.3182264819188,123.96926879882812,831900
2023-05-18 00:00:00-04:00,123.99743996730368,124.59783474976129,121.58654229362001,122.81544494628906,1098600
2023-05-19 00:00:00-04:00,123.20941294291625,123.7910416666301,122.51523169650994,123.35013580322266,708400
2023-05-22 00:00:00-04:00,123.65972217532745,124.27885415878117,122.60904576635035,123.47209167480469,544300
2023-05-23 00:00:00-04:00,123.08747281597618,123.43456344625238,122.41204315249001,122.97489166259766,592700
2023-05-24 00:00:00-04:00,122.83418512857044,124.19442027638895,121.92423165906364,123.86608123779297,776200
2023-05-25 00:00:00-04:00,123.03115573620384,125.22630895445603,122.72159697712901,124.475830078125,1417000
2023-05-26 00:00:00-04:00,124.77602931678604,126.1550303165999,124.65408668233842,125.4889907836914,1058400
2023-05-30 00:00:00-04:00,124.33512001416025,126.97117930636466,124.33512001416025,125.59217834472656,1325900
2023-05-31 00:00:00-04:00,125.24507874952765,125.93927431600017,124.18504096007423,124.43831634521484,1714700
2023-06-01 00:00:00-04:00,125.19818288494673,125.83608070526836,122.11184187806165,125.75165557861328,1438800
2023-06-02 00:00:00-04:00,126.08936349488411,127.77793750649968,125.06684329019842,127.16816711425781,956400
2023-06-05 00:00:00-04:00,126.26762885382863,126.97120030513705,125.47024214999996,125.91114807128906,935000
2023-06-06 00:00:00-04:00,126.05184882265414,126.76481034354096,124.25070773665055,124.9073715209961,742600
2023-06-07 00:00:00-04:00,124.91675766573411,126.97118840121745,124.10060512507852,126.54903411865234,910500
2023-06-08 00:00:00-04:00,126.78356403809727,127.4777596582833,124.82294845163044,127.27137756347656,696200
2023-06-09 00:00:00-04:00,127.2056828116036,127.2056828116036,125.92987308832156,126.2206802368164,665100
2023-06-12 00:00:00-04:00,126.38954333243352,127.55278635908404,125.72350385627466,127.33702850341797,735200
2023-06-13 00:00:00-04:00,127.19631771883643,128.33141914649215,126.77417776495308,128.2469940185547,732500
2023-06-14 00:00:00-04:00,128.35953410721274,128.73476636264934,127.27134052657634,127.81543731689453,785500
2023-06-15 00:00:00-04:00,128.30329095362498,129.0068623889488,127.8811509552702,128.7066650390625,835000
2023-06-16 00:00:00-04:00,129.30704273839095,130.6766680689487,128.85676103711322,130.02000427246094,2673500
2023-06-20 00:00:00-04:00,129.2882916420141,130.02000477725514,128.38771392176503,129.49465942382812,782000
2023-06-21 00:00:00-04:00,129.39148926848839,130.77988074114558,128.6597760150986,130.07630920410156,592400
2023-06-22 00:00:00-04:00,130.3108386306934,130.87368729591435,129.63540878106812,130.19825744628906,663500
2023-06-23 00:00:00-04:00,130.3952321705171,135.45156470153978,129.90741866089692,132.73109436035156,2051500
2023-06-26 00:00:00-04:00,132.99379469093077,133.91312421522025,130.8830799484842,132.63731384277344,821000
2023-06-27 00:00:00-04:00,131.91494106323114,134.15698799520473,131.23013558237136,133.73484802246094,579400
2023-06-28 00:00:00-04:00,133.2470425570805,133.39714123197572,132.1307212373156,133.1344757080078,624600
2023-06-29 00:00:00-04:00,132.16821670592975,132.80612881074478,131.6053539260456,132.40274047851562,763400
2023-06-30 00:00:00-04:00,133.19075129124096,133.19075129124096,130.99561197837258,131.85865783691406,1113800
2023-07-03 00:00:00-04:00,131.27706832382216,131.3708692722709,129.9262087012056,130.5359649658203,477900
2023-07-05 00:00:00-04:00,130.01060140335167,130.60160591930392,128.5377994838873,129.64474487304688,871200
2023-07-06 00:00:00-04:00,129.0818874044751,131.5490677058171,128.8004560205341,130.83612060546875,879100
2023-07-07 00:00:00-04:00,130.65785279729664,131.61471357595732,130.2169470617467,130.3951873779297,834100
2023-07-10 00:00:00-04:00,130.39521482852038,132.1113205306875,130.14063910252233,131.7812957763672,853100
2023-07-11 00:00:00-04:00,132.149029354064,132.82792672540415,131.5172804311171,132.28103637695312,643400
2023-07-12 00:00:00-04:00,132.37533797854388,133.79912908942902,131.68701664813577,132.9033660888672,684900
2023-07-13 00:00:00-04:00,133.016540177036,133.64828919334695,132.2904942500028,132.7430877685547,432800
2023-07-14 00:00:00-04:00,133.35597383832635,133.35597383832635,131.87561018389428,132.42250061035156,625000
2023-07-17 00:00:00-04:00,132.00763386585135,132.6016728223086,131.2627399767635,131.9227752685547,663500
2023-07-18 00:00:00-04:00,131.79073162035846,133.06365338947052,131.5550037681874,132.3470458984375,578400
2023-07-19 00:00:00-04:00,132.91281865857502,134.9966451307321,132.91281865857502,134.93064880371094,784200
2023-07-20 00:00:00-04:00,135.6095412941501,136.25071421968192,134.77977455504967,135.402099609375,849500
2023-07-21 00:00:00-04:00,135.4304131141048,137.0710702765701,134.42149068127262,136.12815856933594,770600
2023-07-24 00:00:00-04:00,136.12815192831005,137.269081368987,134.90237827885778,135.7981414794922,895000
2023-07-25 00:00:00-04:00,135.17578892435003,136.88245638314183,134.1197326819346,136.646728515625,1174300
2023-07-26 00:00:00-04:00,130.3669358421464,133.1768224073041,128.0096571458186,128.46226501464844,2181400
2023-07-27 00:00:00-04:00,128.23597247012833,130.04636094318397,126.3124392136594,126.6895980834961,1067000
2023-07-28 00:00:00-04:00,127.5476264026398,127.67963342033391,125.12433724992233,126.8121566772461,687000
2023-07-31 00:00:00-04:00,127.30249502949096,127.52879900211293,125.51096867289209,127.4910888671875,960800
2023-08-01 00:00:00-04:00,127.65135569948434,128.6791257188432,126.54815103819729,126.91588592529297,1124900
2023-08-02 00:00:00-04:00,126.82161298971843,127.25535866584288,125.31294864145639,127.06676483154297,914300
2023-08-03 00:00:00-04:00,127.32131465579101,129.0562680351877,126.82157280615701,128.8865509033203,715400
2023-08-04 00:00:00-04:00,128.53770055098684,129.87663313326536,127.81165467892959,127.90593719482422,732200
2023-08-07 00:00:00-04:00,128.34909494420836,129.0468545585808,127.85879137618177,128.81112670898438,583500
2023-08-08 00:00:00-04:00,128.84885375447436,128.84885375447436,126.77445128315718,127.21762084960938,486100
2023-08-09 00:00:00-04:00,127.03843285706338,128.198224091794,127.03843285706338,127.61360931396484,409800
2023-08-10 00:00:00-04:00,127.21760409065797,128.70740582600882,126.30297888359013,126.46327209472656,656300
2023-08-11 00:00:00-04:00,126.5293026191069,127.37791725515882,125.93526374125753,127.30248260498047,665200
2023-08-14 00:00:00-04:00,127.37793611431637,127.86825421922643,126.87819407212189,127.4439468383789,443700
2023-08-15 00:00:00-04:00,127.2836242368615,127.60421068291636,125.65237703818958,125.90696716308594,597000
2023-08-16 00:00:00-04:00,125.80323283124548,126.19925387877704,124.79432515037153,124.80374908447266,571600
2023-08-17 00:00:00-04:00,124.26631394923963,125.15265315894905,123.46484771852631,124.69063568115234,701000
2023-08-18 00:00:00-04:00,124.70004562492228,126.20870977697183,124.60574872003632,125.8786849975586,817800
2023-08-21 00:00:00-04:00,125.60525881652342,126.7367498432205,125.2658100697454,125.30352020263672,824700
2023-08-22 00:00:00-04:00,125.2469391431283,126.05784362722785,124.65290028044838,124.8226318359375,1110100
2023-08-23 00:00:00-04:00,125.14322557724654,125.89755771594304,124.87921148685611,125.80326080322266,607300
2023-08-24 00:00:00-04:00,125.37895715755116,126.47273807143424,125.34123263627835,125.61468505859375,546000
2023-08-25 00:00:00-04:00,126.08613587808978,126.26529137783268,124.76606543949262,124.83206176757812,420200
2023-08-28 00:00:00-04:00,125.27524021476235,125.69012363557393,124.32290464440105,124.87921905517578,527900
2023-08-29 00:00:00-04:00,124.9640824497503,125.52983520671623,124.46434041576283,124.84149932861328,598600
2023-08-30 00:00:00-04:00,125.23751611823914,127.4344873184221,125.0677845615157,126.99131774902344,791100
2023-08-31 00:00:00-04:00,127.35905191998135,127.43447217212976,123.94570280896666,123.99285125732422,1204800
2023-09-01 00:00:00-04:00,124.48317671906196,124.60574542694927,122.65392615904389,123.06880950927734,695400
2023-09-05 00:00:00-04:00,122.6539313990216,122.6539313990216,119.76861727598197,119.97605895996094,870100
2023-09-06 00:00:00-04:00,119.48573856614436,120.34378423386671,118.36367165297179,119.88175964355469,725100
2023-09-07 00:00:00-04:00,120.28721589078813,120.96610610608093,119.41973906526655,119.85347747802734,897700
2023-09-08 00:00:00-04:00,119.6554709465671,120.54180286592216,119.4008808126788,119.76861572265625,822000
2023-09-11 00:00:00-04:00,119.6460274410071,120.654942355221,119.28772369738157,119.47630310058594,521700
2023-09-12 00:00:00-04:00,119.51403595979467,120.36265777224249,119.23115962436404,119.96663665771484,578700
2023-09-13 00:00:00-04:00,120.23064649593714,121.4187169914846,119.37259358419624,120.81525421142578,600800
2023-09-14 00:00:00-04:00,121.40927436654388,121.9090162891499,119.23115119675401,120.07977294921875,736700
2023-09-15 00:00:00-04:00,120.00432722206381,120.4663589741914,118.76911562602301,119.01427459716797,1071700
2023-09-18 00:00:00-04:00,119.23115113524568,119.57059983605646,118.38253657706227,118.60883331298828,823100
2023-09-19 00:00:00-04:00,118.8445749225543,119.86292114276179,118.1562463124573,118.40140533447266,793600
2023-09-20 00:00:00-04:00,118.91999194122158,118.98599545345675,117.58105224555433,117.87335968017578,1113600
2023-09-21 00:00:00-04:00,117.43961910267556,117.95821606235383,116.31755222169822,116.46841430664062,1006200
2023-09-22 00:00:00-04:00,116.18555845917837,117.0153180056645,116.07240648717591,116.43071746826172,770600
2023-09-25 00:00:00-04:00,115.9781153615983,117.2321893924373,115.94039803805684,117.20390319824219,658200
2023-09-26 00:00:00-04:00,116.98703150853443,118.59940933771816,116.98703150853443,117.4679183959961,690600
2023-09-27 00:00:00-04:00,117.48677661664443,117.53392507125089,115.69524324926176,116.35528564453125,750700
2023-09-28 00:00:00-04:00,116.81730141386876,118.27881706954433,116.00639697436205,116.3081283569336,612400
2023-09-29 00:00:00-04:00,116.39299243991373,116.98702406745724,114.7806147132869,114.90319061279297,803600
2023-10-02 00:00:00-04:00,114.33746391399885,114.37518124168368,112.76279605699739,114.0074462890625,631200
2023-10-03 00:00:00-04:00,113.53598202959418,114.76176271577515,113.30967808033641,114.1205825805664,706200
2023-10-04 00:00:00-04:00,114.36573559859072,115.87439254531563,113.70569323863097,115.58209228515625,976700
2023-10-05 00:00:00-04:00,115.85713189654972,116.81501551872888,115.11737008693261,116.64430236816406,1180100
2023-10-06 00:00:00-04:00,116.40720292462916,118.65492490161267,116.1701017250393,117.85826110839844,827800
2023-10-09 00:00:00-04:00,117.60219605300617,118.53163594747963,117.109028737161,118.38937377929688,555900
2023-10-10 00:00:00-04:00,118.33246086851665,118.83512147847046,117.26076607514307,117.3840560913086,813900
2023-10-11 00:00:00-04:00,116.5115395518763,116.78657783888664,115.81920803263917,116.39773559570312,519500
2023-10-12 00:00:00-04:00,116.11319383929653,116.11319383929653,113.90340903507537,114.3965835571289,813800
2023-10-13 00:00:00-04:00,114.52936598736726,116.82450387306578,114.52936598736726,116.1795883178711,917700
2023-10-16 00:00:00-04:00,116.1795838740154,117.14695355192845,115.62002853504949,116.47358703613281,691300
2023-10-17 00:00:00-04:00,116.07527478262617,117.62117216009948,115.79075041918084,116.92884063720703,632000
2023-10-18 00:00:00-04:00,117.24180572300061,117.48838576492145,116.33133796976223,116.45462799072266,904500
2023-10-19 00:00:00-04:00,116.5115338829143,117.52632677869511,115.54416412373499,116.49256896972656,845800
2023-10-20 00:00:00-04:00,117.28921353646386,118.84459674548899,116.5115219319513,117.34612274169922,1287400
2023-10-23 00:00:00-04:00,116.22700498065366,118.12381448022693,115.0794288659483,115.18375396728516,1940300
2023-10-24 00:00:00-04:00,116.33133438576678,117.6401303840209,114.63368895255239,117.20386505126953,1518300
2023-10-25 00:00:00-04:00,115.55363904431546,119.29984240041063,115.32602391500667,118.99635314941406,1633200
2023-10-26 00:00:00-04:00,118.84461871822911,124.72472635308475,118.6075174872147,124.48762512207031,2461600
2023-10-27 00:00:00-04:00,124.01341235685379,124.62988418918047,121.016456808415,121.09233093261719,1095700
2023-10-30 00:00:00-04:00,121.34840052184614,124.29794025368989,120.5517439022413,122.73307800292969,1313300
2023-10-31 00:00:00-04:00,123.1408719285687,124.65832534997217,121.87001300926059,123.38746643066406,969500
2023-11-01 00:00:00-04:00,123.4538568834201,126.32752240480055,123.36850392056947,125.69209289550781,1202200
2023-11-02 00:00:00-04:00,124.84801166674467,125.78693766137975,124.0039319440357,124.55400848388672,996500
2023-11-03 00:00:00-04:00,125.75848464314274,128.20535633841618,124.8954327856847,127.00089263916016,866800
2023-11-06 00:00:00-05:00,126.83967102414104,128.30020813921135,126.19474819497971,126.98192596435547,871600
2023-11-07 00:00:00-05:00,127.20005296622065,127.25695494138327,125.88177081275197,126.02404022216797,637200
2023-11-08 00:00:00-05:00,126.87762140246762,126.97246769231342,125.45501388385286,126.5836181640625,727000
2023-11-09 00:00:00-05:00,126.38441834614586,126.7827466252745,124.74368209536412,124.84800720214844,771300
2023-11-10 00:00:00-05:00,125.54982453651287,126.14730968410737,124.63934961557149,125.96712493896484,591400
2023-11-13 00:00:00-05:00,126.04299627280268,126.13784254452257,124.89543453114206,125.5213851928711,672500
2023-11-14 00:00:00-05:00,125.8059070606467,126.98193437316529,124.9713205702725,126.87760925292969,1005400
2023-11-15 00:00:00-05:00,126.83015332135294,129.172714029752,126.74480037363966,128.46141052246094,1457000
2023-11-16 00:00:00-05:00,128.64163554157787,128.8977089076121,127.45612945819134,127.96826171875,1202800
2023-11-17 00:00:00-05:00,128.55626370364743,128.9261409685027,127.32333466362735,127.93031311035156,849600
2023-11-20 00:00:00-05:00,127.2379933821073,128.48040137361815,126.84914393501352,127.89239501953125,785900
2023-11-21 00:00:00-05:00,128.26227835341282,128.58473253234195,127.26645035706377,127.3897476196289,1080500
2023-11-22 00:00:00-05:00,127.81652373411825,129.01150861712134,127.81652373411825,128.74595642089844,658100
2023-11-24 00:00:00-05:00,128.87876152057515,128.87876152057515,127.88293332489353,128.54681396484375,379400
2023-11-27 00:00:00-05:00,128.54677283827203,129.3434438228422,127.5699171081226,128.32864379882812,829900
2023-11-28 00:00:00-05:00,128.5657352994973,129.57104193855486,127.35177847442706,128.7174835205078,804100
2023-11-29 00:00:00-05:00,128.53729046652762,129.56156930009215,127.99670730163687,128.29071044921875,583200
2023-11-30 00:00:00-05:00,128.5278329329763,130.23496460521307,127.68375317163566,130.14959716796875,1291700
2023-12-01 00:00:00-05:00,130.26341236121218,130.29186334908428,128.89770705731374,129.144287109375,1151400
2023-12-04 00:00:00-05:00,129.0020381021275,130.50999841472938,128.84081100626852,130.3961944580078,871000
2023-12-05 00:00:00-05:00,130.18752099262645,130.18752099262645,127.88288997967624,127.93031311035156,750800
2023-12-06 00:00:00-05:00,127.71218310503052,128.47090977554987,127.15262779323167,127.9587631225586,787700
2023-12-07 00:00:00-05:00,128.71750380335234,128.75543362882837,127.38974283905382,128.24330139160156,883000
2023-12-08 00:00:00-05:00,128.44247554104024,129.21069570726067,128.2148676146144,128.89772033691406,719300
2023-12-11 00:00:00-05:00,129.26759418072479,130.0168277040618,128.17691983399308,129.87457275390625,786900
2023-12-12 00:00:00-05:00,132.3024550002003,133.9621632170487,131.49630522055676,132.21710205078125,986200
2023-12-13 00:00:00-05:00,132.88099879585695,133.83888244628906,132.30247128164316,133.83888244628906,1077900
2023-12-14 00:00:00-05:00,134.66397317095272,134.66397317095272,129.04941972526444,130.17800903320312,2076200
2023-12-15 00:00:00-05:00,129.27706744557747,130.09269622482284,127.70271186469522,128.0631103515625,1806900
2023-12-18 00:00:00-05:00,128.77443362449694,129.63748567367858,128.07260869359447,128.8123779296875,684700
2023-12-19 00:00:00-05:00,129.03049488710008,129.78922173284835,127.67426829870455,129.40985107421875,898700
2023-12-20 00:00:00-05:00,129.63747167134014,129.63747167134014,127.74066181903349,127.81653594970703,717900
2023-12-21 00:00:00-05:00,128.21484544904763,129.09685495448957,127.60786696432704,129.02098083496094,668400
2023-12-22 00:00:00-05:00,129.64691593851848,130.13061158363865,129.0873606544646,129.6848602294922,408100
2023-12-26 00:00:00-05:00,129.25807551921739,130.05474649837495,128.93562138109837,129.70382690429688,467100
2023-12-27 00:00:00-05:00,129.53311689740428,130.49100044379307,128.9451106086812,130.4815216064453,648600
2023-12-28 00:00:00-05:00,130.74709690431442,131.4204707343573,130.40567056978043,130.5574188232422,434800
2023-12-29 00:00:00-05:00,130.2539055743656,130.8798561858075,129.95990241576632,130.76605224609375,416000
2024-01-02 00:00:00-05:00,131.0031559109002,136.21938216182394,131.0031559109002,133.5543670654297,1045400
2024-01-03 00:00:00-05:00,133.6586810446324,133.89578224379326,132.06536793259565,132.47317504882812,1039700
2024-01-04 00:00:00-05:00,132.69134285095672,133.58284583836715,132.34042317136263,133.30780029296875,880900
2024-01-05 00:00:00-05:00,133.67765470417882,135.04335994222978,132.56802281613966,134.65451049804688,930600
2024-01-08 00:00:00-05:00,134.5975951421779,134.75882220681873,132.3973037330416,134.2941131591797,852000
2024-01-09 00:00:00-05:00,134.67347641083134,135.54600705663037,133.70609950008333,134.77780151367188,668700
2024-01-10 00:00:00-05:00,135.4227015109909,135.4227015109909,128.27173640003446,130.0262908935547,2141300
2024-01-11 00:00:00-05:00,130.0263186181581,130.32980066339906,128.3191868902076,128.7649383544922,1145700
2024-01-12 00:00:00-05:00,128.60367712309028,129.21065552397982,126.93447566701413,128.31915283203125,1008700
2024-01-16 00:00:00-05:00,127.87103417348897,128.6909653652505,127.07017520884192,127.6136245727539,887000
2024-01-17 00:00:00-05:00,127.45154822904107,129.2058296443983,127.36574501818271,127.48969268798828,794400
2024-01-18 00:00:00-05:00,126.57444122042776,128.3668529210882,126.0119339902338,127.9759521484375,710000
2024-01-19 00:00:00-05:00,128.09987360375024,128.11894583329877,125.52567543294664,126.39328002929688,945200
2024-01-22 00:00:00-05:00,126.5267650846772,126.7651170526593,124.1813753186794,124.61994934082031,986200
2024-01-23 00:00:00-05:00,124.93458049350528,124.93458049350528,123.20891430560027,123.73329162597656,1194500
2024-01-24 00:00:00-05:00,123.75235668463647,124.50554257543335,121.72159306521867,121.80740356445312,1707300
2024-01-25 00:00:00-05:00,121.387912686459,124.78205029216645,121.36884772597844,124.08605194091797,1853600
2024-01-26 00:00:00-05:00,124.89644734828829,125.63057557785604,123.70468735450692,124.36254119873047,966000
2024-01-29 00:00:00-05:00,123.847680204427,123.89535350892524,122.82754131784468,123.31377410888672,911200
2024-01-30 00:00:00-05:00,123.57118683519373,123.80000994681774,122.4461580545199,122.82752990722656,896400
2024-01-31 00:00:00-05:00,123.39004603020297,123.89535104255526,122.22688725328078,122.4461669921875,1712900
2024-02-01 00:00:00-05:00,118.27026757343245,123.56168498428806,117.3073234383011,121.2448959350586,2505700
2024-02-02 00:00:00-05:00,120.5679541832814,121.20673568827193,118.05095807574224,119.17597961425781,1276600
2024-02-05 00:00:00-05:00,118.8613574347903,119.06157221466587,117.440781744859,118.01282501220703,1380200
2024-02-06 00:00:00-05:00,118.22257733946593,120.90165115958335,117.96516041191501,120.37728118896484,1942700
2024-02-07 00:00:00-05:00,122.03621657230016,123.34238079748835,120.80631945428641,121.48323822021484,1194700
2024-02-08 00:00:00-05:00,120.84445612709291,121.29255902172754,119.37620702987692,120.64424133300781,1003400
2024-02-09 00:00:00-05:00,120.61563541761824,121.65484653671996,120.05312097440145,120.83491516113281,621300
2024-02-12 00:00:00-05:00,120.58703142887711,124.08602931621573,120.262868968403,123.95255279541016,1011200
2024-02-13 00:00:00-05:00,123.96209737374416,124.63900882580417,121.29255238417905,121.9027328491211,791500
2024-02-14 00:00:00-05:00,121.91226922974968,122.70359224842873,120.99699853034656,121.76925659179688,801100
2024-02-15 00:00:00-05:00,122.03619596323546,122.89425714696267,119.43338952068046,119.87196350097656,1231700
2024-02-16 00:00:00-05:00,119.82430552383565,120.33914666425721,118.0414301268531,118.22257995605469,1397200
2024-02-20 00:00:00-05:00,118.22257716503785,119.22365834898916,117.60286058801678,118.03189849853516,1124800
2024-02-21 00:00:00-05:00,118.27977396427067,120.88258056054919,117.55518924516984,120.82537841796875,1488700
2024-02-22 00:00:00-05:00,120.26286652442593,120.67283219397596,118.22257429194664,119.50013732910156,873800
2024-02-23 00:00:00-05:00,119.88149500922226,121.29254175697308,119.64314305867764,121.15906524658203,787400
2024-02-26 00:00:00-05:00,120.05312293634134,121.94087380896596,119.59549121044303,120.32007598876953,956000
2024-02-27 00:00:00-05:00,119.89104238903177,121.37835637252401,119.18552258582712,120.53936004638672,631700
2024-02-28 00:00:00-05:00,120.40588882544662,120.98746824694472,119.65269568491755,119.80524444580078,583700
2024-02-29 00:00:00-05:00,120.0149853829132,120.49168933906797,118.42279591509828,119.07111358642578,1590400
2024-03-01 00:00:00-05:00,119.16644950241879,119.16644950241879,117.89842254362654,118.87089538574219,1034100
2024-03-04 00:00:00-05:00,118.31792722087715,120.12940381251768,118.10817630436054,119.47154998779297,913600
2024-03-05 00:00:00-05:00,119.91964903600619,120.74911655900677,118.54673928039843,118.70882415771484,1068000
2024-03-06 00:00:00-05:00,118.84229799634653,121.09234125646418,118.46093337576427,121.00653076171875,1006200
2024-03-07 00:00:00-05:00,121.17813883552132,121.77879044899915,120.73957208814414,121.45462799072266,819200
2024-03-08 00:00:00-05:00,121.71205182265574,122.87521058450993,121.05419806660792,121.31161499023438,811800
2024-03-11 00:00:00-04:00,121.09232126843283,123.59025221069825,120.86349816949894,123.3995590209961,825400
2024-03-12 00:00:00-04:00,123.04680454564402,123.82860590050096,122.47476861199442,123.69512939453125,909200
2024-03-13 00:00:00-04:00,123.94303086871452,125.14431962298511,122.72266988245059,123.38052368164062,849400
2024-03-14 00:00:00-04:00,123.05636969441137,123.07542737874275,119.26179562197686,121.19721984863281,1018900
2024-03-15 00:00:00-04:00,119.79570151656712,122.75126448829648,119.79570151656712,122.30316162109375,1954900
2024-03-18 00:00:00-04:00,121.77879191476259,122.23643089844802,120.56795983175785,122.16968536376953,838200
2024-03-19 00:00:00-04:00,122.32224440988303,123.88583288533854,121.86460538768668,123.04682922363281,902800
2024-03-20 00:00:00-04:00,122.56058688440085,123.18983958182326,121.38789198189767,121.76925659179688,586600
2024-03-21 00:00:00-04:00,121.85504986763539,122.95147757783731,121.32114382169472,122.82752990722656,639800
2024-03-22 00:00:00-04:00,122.88473406562632,123.36143797844943,122.06480275365662,123.275634765625,708100
2024-03-25 00:00:00-04:00,123.87628587601752,123.9335025722494,122.65592488438108,123.25657653808594,584200
2024-03-26 00:00:00-04:00,123.5807328366718,123.70468052449411,122.47479067987135,122.86567687988281,666200
2024-03-27 00:00:00-04:00,123.46633726069221,124.99179589540901,122.71315133405626,124.95365142822266,753000
2024-03-28 00:00:00-04:00,125.06804200931107,127.1941521121576,125.06804200931107,126.90812683105469,888000
2024-04-01 00:00:00-04:00,126.54583850282224,129.13910940075206,124.92504782857895,128.4907989501953,2109000
2024-04-02 00:00:00-04:00,128.32868874531567,128.32868874531567,125.27777231235872,126.12630462646484,1404300
2024-04-03 00:00:00-04:00,125.9451901664969,127.26088318387065,125.15385985899633,126.22167205810547,1067100
2024-04-04 00:00:00-04:00,126.89858915951251,127.8043236967748,125.27778419532314,125.37313079833984,847800
2024-04-05 00:00:00-04:00,124.89370927446522,125.75669258391868,123.80059025455105,125.25808715820312,691500
2024-04-08 00:00:00-04:00,125.2580701598715,126.27447713836574,124.69232177734375,124.69232177734375,595100
2024-04-09 00:00:00-04:00,125.3539583469599,127.31965868781178,125.3539583469599,127.2908935546875,800000
2024-04-10 00:00:00-04:00,127.21417518661559,127.52102276606851,125.74709494668882,126.20735168457031,787400
2024-04-11 00:00:00-04:00,126.84022064641857,127.08952334462126,123.86769674406194,124.67316436767578,754200
2024-04-12 00:00:00-04:00,124.3087920412376,124.94165426251097,122.99513546208175,123.24443817138672,720200
2024-04-15 00:00:00-04:00,123.96358746800861,124.54850288207778,122.80335477158673,123.34990692138672,698800
2024-04-16 00:00:00-04:00,124.10741364462484,124.10741364462484,122.1609022825563,122.1800765991211,692300
2024-04-17 00:00:00-04:00,122.37186694265073,122.72664669719913,121.52805062772514,121.75818634033203,886800
2024-04-18 00:00:00-04:00,122.01708451703772,122.10337992581276,120.26233804877734,120.73219299316406,873700
2024-04-19 00:00:00-04:00,121.31708550543496,123.5800425795055,120.89518470202786,123.15813446044922,1557600
2024-04-22 00:00:00-04:00,123.45540384475986,125.81424751327476,123.10062406524162,124.74029541015625,1694300
2024-04-23 00:00:00-04:00,129.44835792766665,133.19756943545346,127.63608150193122,131.0784454345703,2088300
2024-04-24 00:00:00-04:00,130.40723183386012,132.63183281169577,129.4004083677069,131.89349365234375,1566400
2024-04-25 00:00:00-04:00,131.89350166455316,132.90990869223023,128.6141448911562,129.85108947753906,1016000
2024-04-26 00:00:00-04:00,129.44838952487385,130.39768298199138,128.53745933966275,128.7388153076172,601700
2024-04-29 00:00:00-04:00,128.96895137226284,136.60161842656484,128.96895137226284,133.76333618164062,2790100
2024-04-30 00:00:00-04:00,133.09208734895418,133.8975402561393,131.58664392432038,132.49757385253906,1067500
2024-05-01 00:00:00-04:00,132.62223468061885,132.71812820360387,130.85790505555448,131.89349365234375,676600
2024-05-02 00:00:00-04:00,131.7688344420235,131.7688344420235,129.78396728003608,130.73324584960938,695200
2024-05-03 00:00:00-04:00,131.04012198093278,131.82639343854942,129.69768552867677,131.7305145263672,640500
2024-05-06 00:00:00-04:00,132.34415806474001,132.43045345090397,129.98531509051674,130.06202697753906,750600
2024-05-07 00:00:00-04:00,130.42644398979448,131.51956310369002,129.7839982030691,131.30860900878906,637800
2024-05-08 00:00:00-04:00,131.57707736054994,132.03733413371202,130.5031400127387,130.54148864746094,612400
2024-05-09 00:00:00-04:00,130.52230717908603,132.6797800095847,130.40724664347513,132.47842407226562,588300
2024-05-10 00:00:00-04:00,132.44007143334886,133.24553914115398,131.74967890168742,132.7277374267578,569600
2024-05-13 00:00:00-04:00,132.9674612445524,135.90162228986392,132.55515119041416,134.99069213867188,1116200
2024-05-14 00:00:00-04:00,135.23999557100177,135.3742377557528,132.42090969123066,133.43731689453125,741100
2024-05-15 00:00:00-04:00,133.6770354353097,135.21122973434348,133.3126575223126,134.99069213867188,757600
2024-05-16 00:00:00-04:00,134.9810905808805,137.07143497176187,134.63589434929565,136.57281494140625,995900
2024-05-17 00:00:00-04:00,137.11940526029693,138.51937205946834,136.1221796598128,138.404296875,1422800
2024-05-20 00:00:00-04:00,138.2317037292757,139.63165587369062,137.98238635985587,138.2412872314453,1078800
2024-05-21 00:00:00-04:00,138.35631877329604,138.55768932704416,136.85088989545707,137.4453887939453,561800
2024-05-22 00:00:00-04:00,136.31394162682895,137.54130287041895,135.69066287214173,136.02627563476562,805700
2024-05-23 00:00:00-04:00,135.402996116732,137.04266721186022,134.22356714649763,134.28109741210938,1147100
2024-05-24 00:00:00-04:00,134.81810922649726,135.76738807256552,134.02223957742385,135.4701385498047,647500
2024-05-28 00:00:00-04:00,135.00984724509323,135.7577699280602,132.96743511706148,133.19757080078125,886300
2024-05-29 00:00:00-04:00,132.44965662284875,133.35100315284072,131.692135759856,132.50718688964844,986800
2024-05-30 00:00:00-04:00,132.2962381974396,133.93590939302595,131.71132274238673,133.60031127929688,838600
2024-05-31 00:00:00-04:00,133.84001435014105,136.21802451927596,133.65782543231057,136.13172912597656,2238000
2024-06-03 00:00:00-04:00,135.12490946568806,136.40021729527666,134.07973732270503,135.30709838867188,634300
2024-06-04 00:00:00-04:00,135.1728523198763,136.17007767039613,133.96467292056042,135.74818420410156,818800
2024-06-05 00:00:00-04:00,135.46054014874034,137.11939304475555,135.00986684725007,136.8221435546875,837500
2024-06-06 00:00:00-04:00,136.51528434976697,137.9248344061086,136.42898894990083,136.77418518066406,618400
2024-06-07 00:00:00-04:00,136.44817785326234,137.30157765933174,136.39064758361937,136.4865264892578,366200
2024-06-10 00:00:00-04:00,136.1317363591673,136.35227391974962,134.65505793819398,135.6522979736328,589500
2024-06-11 00:00:00-04:00,135.163298932488,135.61395763026468,134.5687852846597,134.9715118408203,544000
2024-06-12 00:00:00-04:00,135.74820806754164,135.90161724984523,132.47843436770012,133.12088012695312,831200
2024-06-13 00:00:00-04:00,133.16881891999824,133.4085381276559,131.8263825783358,132.8332061767578,668000
2024-06-14 00:00:00-04:00,132.32499326443764,133.45646082150168,131.37570000201234,132.18116760253906,718600
2024-06-17 00:00:00-04:00,131.1455804890946,132.08527563093955,130.98257319325506,131.3852996826172,815800
2024-06-18 00:00:00-04:00,130.72369677869045,132.08530029640724,130.72369677869045,131.65380859375,759700
2024-06-20 00:00:00-04:00,130.76202312828744,132.6030648087403,130.23465259899575,132.5167694091797,758500
2024-06-21 00:00:00-04:00,132.938681569773,133.94550515574701,132.2291074566115,133.2455291748047,898000
2024-06-24 00:00:00-04:00,133.62905406914265,134.79888478363569,132.53593524443733,134.46327209472656,599400
2024-06-25 00:00:00-04:00,134.0318199576555,134.40578138585303,131.98940735602986,132.61268615722656,609100
2024-06-26 00:00:00-04:00,132.13324039858566,133.00582189340557,131.3277873101213,132.9003448486328,710900
2024-06-27 00:00:00-04:00,132.88113579689954,133.63864195757364,131.38529047515505,131.69212341308594,936200
2024-06-28 00:00:00-04:00,132.26747523681564,132.91950447281133,129.89904824310852,131.25106811523438,1284700
2024-07-01 00:00:00-04:00,131.8647324404462,133.55235022353446,130.69490165549146,131.45240783691406,788700
2024-07-02 00:00:00-04:00,131.42363097724652,132.37292412562425,130.7428367509859,131.02090454101562,1048500
2024-07-03 00:00:00-04:00,134.22357845480462,135.14410667604201,131.56750009329923,135.10574340820312,808400
2024-07-05 00:00:00-04:00,135.40299582528058,136.16050203970198,133.06333415344977,134.6742401123047,1017600
2024-07-08 00:00:00-04:00,135.33943507475317,135.86965163318263,133.84519375912487,133.9223175048828,642500
2024-07-09 00:00:00-04:00,133.63310268082148,134.20188844809348,132.0617523816698,133.38246154785156,932200
2024-07-10 00:00:00-04:00,135.66717301606903,135.87925959731686,133.93192585579007,135.39724731445312,723000
2024-07-11 00:00:00-04:00,136.74690485672005,138.578545839529,136.44804485376685,138.33753967285156,951600
2024-07-12 00:00:00-04:00,138.98343727213896,139.9956661348218,138.3279075461192,138.92559814453125,581900
2024-07-15 00:00:00-04:00,138.90632380280388,141.2392619511916,138.56892396352845,139.38833618164062,1277100
2024-07-16 00:00:00-04:00,140.1113292847598,143.37937203091428,139.09910053120444,143.25405883789062,1008600
2024-07-17 00:00:00-04:00,143.57217482182415,145.17245916817524,142.77204735849642,143.13836669921875,769800
2024-07-18 00:00:00-04:00,142.28040685563016,144.45911216716536,140.97898229160123,141.55738830566406,765700
2024-07-19 00:00:00-04:00,142.78167481966221,142.78167481966221,140.68974333873047,140.75721740722656,907000
2024-07-22 00:00:00-04:00,141.26816940500785,142.92629302282916,140.47767682061354,142.04904174804688,1334400
2024-07-23 00:00:00-04:00,138.78097427310658,141.14283136942495,132.7558211142094,135.88890075683594,1893400
2024-07-24 00:00:00-04:00,136.8818776160334,139.18589614761942,135.02130222567223,138.73280334472656,1060800
2024-07-25 00:00:00-04:00,139.44615082641616,141.8176577861842,138.6074541416697,139.060546875,1127700
2024-07-26 00:00:00-04:00,139.7064611575003,141.45134355337268,139.36906133020202,140.35235595703125,1282600
2024-07-29 00:00:00-04:00,139.78356973864572,139.88961303511726,136.71797851131157,137.02645874023438,1532200
2024-07-30 00:00:00-04:00,136.70834796084213,139.5329481381446,136.70834796084213,137.74949645996094,937200
2024-07-31 00:00:00-04:00,137.40241610486814,138.34715603252943,135.64789909635434,137.18069458007812,1276200
2024-08-01 00:00:00-04:00,137.7205721352934,142.5696153017849,137.7205721352934,142.35752868652344,1120800
2024-08-02 00:00:00-04:00,142.67565872409156,146.31967099309455,141.9140856667496,144.6808319091797,1024000
2024-08-05 00:00:00-04:00,144.49765780436428,145.13391761959846,139.65824982189548,140.54515075683594,1261900
2024-08-06 00:00:00-04:00,140.68010545583243,142.97448875401665,140.25594698014936,141.60557556152344,822600
2024-08-07 00:00:00-04:00,141.61521318352126,143.36974508225254,140.5933494226552,140.8729248046875,1090300
2024-08-08 00:00:00-04:00,140.58370958997352,144.8446965691213,140.1980909229489,144.66152954101562,800000
2024-08-09 00:00:00-04:00,144.6036863910526,145.09533362923702,143.0805257958851,143.93850708007812,675600
2024-08-12 00:00:00-04:00,143.6396774169006,145.14355356513929,143.38903629547727,145.0085906982422,693000
2024-08-13 00:00:00-04:00,145.56772986327206,146.53175456435332,143.47579802710766,145.34600830078125,728400
2024-08-14 00:00:00-04:00,145.05682769296803,145.3171185343915,144.06388322403504,144.45913696289062,510400
2024-08-15 00:00:00-04:00,144.77721802113717,145.43276244649834,143.23478737354162,144.3048553466797,685200
2024-08-16 00:00:00-04:00,144.58440822132658,146.37749460084305,143.31190337352203,145.93405151367188,717100
2024-08-19 00:00:00-04:00,145.99192090605104,147.38011899863653,145.10501983797727,145.6834259033203,688300
2024-08-20 00:00:00-04:00,145.9147498583158,145.9147498583158,144.61331089090467,145.48094177246094,432200
2024-08-21 00:00:00-04:00,145.9244125232199,147.56326626303328,145.4713197424267,147.46685791015625,625000
2024-08-22 00:00:00-04:00,147.7946302793878,147.7946302793878,146.68600771425142,147.34153747558594,477600
2024-08-23 00:00:00-04:00,148.21881159509002,148.2766507289656,146.55105282565637,148.03564453125,472300
2024-08-26 00:00:00-04:00,148.41159223609407,149.14426038593047,147.97778408465604,148.36338806152344,425400
2024-08-27 00:00:00-04:00,148.7297025901263,149.086386957345,147.44754820626437,148.0741729736328,494500
2024-08-28 00:00:00-04:00,148.0066968816574,149.70337489610273,147.86209907440428,149.30813598632812,570000
2024-08-29 00:00:00-04:00,149.44312686621157,151.08196606506624,148.8647061090389,150.60958862304688,698700
2024-08-30 00:00:00-04:00,150.3107385908298,151.6796519828151,149.8962150053735,151.32296752929688,883700
2024-09-03 00:00:00-04:00,151.3518870952659,152.5279984775076,150.4071469506268,151.32296752929688,745900
2024-09-04 00:00:00-04:00,151.55435222339685,153.62699975440927,149.31780752420693,149.79981994628906,606100
2024-09-05 00:00:00-04:00,149.67446277343643,149.9154689374017,146.8016734177283,148.6815185546875,756100
2024-09-06 00:00:00-04:00,148.69118373747932,149.45275682277693,146.5510476012703,147.4282989501953,827500
2024-09-09 00:00:00-04:00,147.45722471654148,150.0408038541301,147.07160601028602,148.73936462402344,912100
2024-09-10 00:00:00-04:00,149.02859872323668,149.81910616463676,145.79912428664986,147.36083984375,656100
2024-09-11 00:00:00-04:00,146.65709614104526,148.4308982258678,144.14099084850042,148.03564453125,958100
2024-09-12 00:00:00-04:00,147.98742821666443,149.39491076826238,146.41607793908798,149.1924591064453,762500
2024-09-13 00:00:00-04:00,149.4431165913894,149.91547929108103,147.81391245689002,148.82614135742188,570700
2024-09-16 00:00:00-04:00,149.7515997032579,151.57360587494853,149.6359214415157,150.7349090576172,618500
2024-09-17 00:00:00-04:00,150.74453616220435,151.1590744282847,149.00930348700118,149.7901611328125,476200
2024-09-18 00:00:00-04:00,149.61664040502396,151.40972705414873,149.52024675455093,149.88656616210938,440200
2024-09-19 00:00:00-04:00,150.23361928715278,151.2362133032256,148.95146455516308,149.53952026367188,519500
2024-09-20 00:00:00-04:00,149.52023773693764,149.52023773693764,147.0716067469614,147.48614501953125,1456300
2024-09-23 00:00:00-04:00,147.70786775364732,149.42383056659182,147.49578113992612,148.44052124023438,678400
2024-09-24 00:00:00-04:00,148.08380779776294,149.115306389864,146.73417934739325,147.5728759765625,788000
2024-09-25 00:00:00-04:00,148.064553499971,148.61405465215861,146.42571441478054,147.00413513183594,697500
2024-09-26 00:00:00-04:00,146.57031670233985,148.94182406266202,146.57031670233985,148.8647003173828,647800
2024-09-27 00:00:00-04:00,149.09605520442926,150.88914163346567,148.90325321729767,149.23101806640625,712300
2024-09-30 00:00:00-04:00,149.5106084527337,149.99262087127485,148.0260166759616,149.66485595703125,934700
2024-10-01 00:00:00-04:00,149.2406677000562,149.76124929736147,148.1609646980159,148.41160583496094,500200
2024-10-02 00:00:00-04:00,148.9321644851327,149.79978073382753,147.47647793718852,149.28884887695312,577800
2024-10-03 00:00:00-04:00,149.40453538739243,149.51057868675343,146.32929441577159,146.65707397460938,558900
2024-10-04 00:00:00-04:00,147.36430400716716,147.7324530759351,145.7270281374089,146.08547973632812,500800
2024-10-07 00:00:00-04:00,146.04672253869697,146.04672253869697,141.60961304186932,142.31683349609375,640200
2024-10-08 00:00:00-04:00,142.61717400627631,144.7388353665798,141.95838176724894,144.13818359375,748100
2024-10-09 00:00:00-04:00,144.43852879845448,145.31045851530965,143.50848817308403,144.36102294921875,539300
2024-10-10 00:00:00-04:00,144.62259428778933,144.62259428778933,142.70437268317372,143.19845581054688,426000
2024-10-11 00:00:00-04:00,143.91536484294934,144.77759698189203,143.07249807685312,144.0316162109375,480100
2024-10-14 00:00:00-04:00,144.55475775029467,145.27166080139358,142.43308186968758,144.35130310058594,678800
2024-10-15 00:00:00-04:00,143.66347309908983,146.71520467930046,143.46003319671257,144.69041442871094,861500
2024-10-16 00:00:00-04:00,144.56446883496744,146.17268184739066,143.99287986228285,144.28350830078125,524400
2024-10-17 00:00:00-04:00,145.03920757837588,145.63017679339177,143.96383785212504,144.31260681152344,582100
2024-10-18 00:00:00-04:00,144.44820471314733,145.89170843940582,143.34377239612598,144.9810333251953,631400
2024-10-21 00:00:00-04:00,144.39976407267253,145.07792168493816,142.32653092504495,142.7721710205078,1435700
2024-10-22 00:00:00-04:00,146.60864603048134,154.1846615912403,146.60864603048134,152.5570831298828,2044000
2024-10-23 00:00:00-04:00,154.85312659392616,154.9500125934424,150.3482084882531,152.21798706054688,1445300
2024-10-24 00:00:00-04:00,152.67333806019278,155.92850984131755,152.01456051034492,153.0608673095703,1233200
2024-10-25 00:00:00-04:00,152.86708326037075,153.47743254089008,148.96281692443887,150.202880859375,814700
2024-10-28 00:00:00-04:00,150.82291764191726,152.4601935349454,150.33851718990795,151.05543518066406,507900
2024-10-29 00:00:00-04:00,150.45478037303008,152.52801367529,150.12539162003745,151.0941925048828,699800
2024-10-30 00:00:00-04:00,150.64854720037954,151.772359846321,148.75938831100424,151.06512451171875,661000
2024-10-31 00:00:00-04:00,150.63886284916094,151.52046046598088,149.47628989986455,149.99945068359375,874200
2024-11-01 00:00:00-04:00,151.05543290899016,152.09205695641043,150.21258086564245,150.44508361816406,1094700
2024-11-04 00:00:00-05:00,150.52260696256576,151.36547388663112,149.19535432019094,149.5150604248047,554900
2024-11-05 00:00:00-05:00,149.30188849654576,149.5828342177804,147.58710698023432,149.29220581054688,611900
2024-11-06 00:00:00-05:00,149.75724456626827,150.5322882411079,147.31586216447846,150.33851623535156,804100
2024-11-07 00:00:00-05:00,150.9682543104082,152.111432339469,150.5807250594923,151.3267059326172,525100
2024-11-08 00:00:00-05:00,151.03604135669926,155.47315086953378,150.91978998920936,154.3977813720703,944000
2024-11-11 00:00:00-05:00,155.48287497254918,157.41077946639695,154.79501977070868,155.1728515625,776800
2024-11-12 00:00:00-05:00,155.63786166968126,157.4882749721773,155.40535891014926,156.6551055908203,994500
2024-11-13 00:00:00-05:00,156.77135099155188,157.5173169565647,154.7949891008931,155.5409698486328,796400
2024-11-14 00:00:00-05:00,154.93064015178547,155.27940907159172,151.22982835308517,151.9467315673828,946400
2024-11-15 00:00:00-05:00,151.85952515436637,157.07167818040833,151.44294790674917,155.4344024658203,2725900
2024-11-18 00:00:00-05:00,155.86068621692428,157.6432762415153,155.7444200621185,157.05230712890625,897100
2024-11-19 00:00:00-05:00,155.26001314669253,157.7982813319023,153.5743091910952,156.13194274902344,761800
2024-11-20 00:00:00-05:00,156.3450977360611,156.96512973567755,155.01783041885525,156.28697204589844,763800
2024-11-21 00:00:00-05:00,156.28695352515334,159.12553279838968,155.3278354029429,158.77676391601562,651500
2024-11-22 00:00:00-05:00,158.8833263657218,159.94901312638743,158.30203999031755,158.48611450195312,596400
2024-11-25 00:00:00-05:00,158.57331284626156,160.1621603997574,157.12011160045904,157.37200927734375,1500700
2024-11-26 00:00:00-05:00,157.76924275832246,158.2052002351837,156.5388613959869,157.20733642578125,756000
2024-11-27 00:00:00-05:00,156.99418236689786,158.76708971515995,156.59697046632334,158.2245635986328,672000
2024-11-29 00:00:00-05:00,157.17824947478397,158.66051353843113,156.62602591477992,157.58514404296875,427500
2024-12-02 00:00:00-05:00,157.401078901356,157.86609918088476,156.17069765440115,156.4710235595703,788300
2024-12-03 00:00:00-05:00,156.56791294985393,157.43014515353957,156.0738298160774,156.8876190185547,673100
2024-12-04 00:00:00-05:00,156.53885127993559,157.14920057773628,155.0953326163786,155.24066162109375,508400
2024-12-05 00:00:00-05:00,155.0759699400012,155.0759699400012,153.23523932735048,153.57432556152344,757000
2024-12-06 00:00:00-05:00,154.09748308921522,154.20405178941408,151.8304923206903,152.4408416748047,951400
2024-12-09 00:00:00-05:00,153.23523464133737,155.49254248372003,152.8477201993291,153.26429748535156,839600
2024-12-10 00:00:00-05:00,154.0393355310893,155.0081363834861,151.86921629993847,153.5161895751953,1017400
2024-12-11 00:00:00-05:00,153.08990341684816,154.71748163177412,150.39663843067777,150.8325958251953,914700
2024-12-12 00:00:00-05:00,150.50320688561723,153.58398626620473,150.50320688561723,151.20074462890625,905100
2024-12-13 00:00:00-05:00,151.22982569202603,152.16956374322575,149.98976172847495,150.1641387939453,849800
2024-12-16 00:00:00-05:00,149.9606845023597,150.64853964436475,147.4321135671805,147.887451171875,704200
2024-12-17 00:00:00-05:00,148.41060998768293,151.65608408387396,147.59682079186743,150.63885498046875,1115700
2024-12-18 00:00:00-05:00,150.57104136229086,151.1716932187719,146.53114318847656,146.53114318847656,972500
2024-12-19 00:00:00-05:00,145.4460767565474,147.82931857602932,144.41915021784968,146.79270935058594,1097300
2024-12-20 00:00:00-05:00,146.94773010868408,149.29224156180788,146.94773010868408,148.3234405517578,1400100
2024-12-23 00:00:00-05:00,147.57744211759038,148.6721918594752,146.18236646347523,148.1684112548828,576800
2024-12-24 00:00:00-05:00,147.71308017594404,148.70126127171076,147.3836914049315,148.63343811035156,213200
2024-12-26 00:00:00-05:00,147.65495673093588,148.72062890913887,147.4418193387494,148.2459259033203,443200
2024-12-27 00:00:00-05:00,147.15113940305253,148.82716049392585,147.15113940305253,147.86805725097656,481000
2024-12-30 00:00:00-05:00,147.0930417983059,147.5096190878329,145.59139745311643,146.25987243652344,480400
2024-12-31 00:00:00-05:00,146.42455283726068,147.72274236598608,145.82390106961432,146.15328979492188,463500
2025-01-02 00:00:00-05:00,147.21899931722453,147.2577448509423,145.60108871696826,146.2501983642578,420200
2025-01-03 00:00:00-05:00,146.25987888129322,147.47088005452858,145.24263493922967,147.18023681640625,766200
2025-01-06 00:00:00-05:00,147.70339216374472,149.01126451305097,146.80239963700924,147.51931762695312,779800
2025-01-07 00:00:00-05:00,148.4978191762253,149.19535709330594,147.45151230060435,148.84658813476562,609700
2025-01-08 00:00:00-05:00,149.46659596771397,149.46659596771397,146.89927959374023,149.22439575195312,630100
2025-01-10 00:00:00-05:00,147.78086082093128,148.6334102167131,146.0079684461894,147.05426025390625,936000
2025-01-13 00:00:00-05:00,147.78088567603976,150.60009989811184,147.05428498680854,149.2147216796875,870600
2025-01-14 00:00:00-05:00,149.00052808163608,149.0686682613329,146.43037914109806,148.932373046875,622900
2025-01-15 00:00:00-05:00,150.05196954624694,150.35376506138294,146.3038284945625,146.35250854492188,815400
2025-01-16 00:00:00-05:00,146.35249636415816,147.67651340638113,144.76561895592482,147.64730834960938,983400
2025-01-17 00:00:00-05:00,147.5402236310707,149.51651177252307,147.1021329082729,147.19947814941406,760000
2025-01-21 00:00:00-05:00,147.3065723652695,148.94212992512058,146.81007151311644,148.61111450195312,1126800
2025-01-22 00:00:00-05:00,147.7933318988464,148.163282420366,146.59588002006495,147.5012664794922,666100
2025-01-23 00:00:00-05:00,148.02698070996274,148.34825117164866,146.1675129719004,147.832275390625,711200
2025-01-24 00:00:00-05:00,147.10214252627057,152.30085113418423,146.9950523554679,151.17153930664062,1219800
2025-01-27 00:00:00-05:00,152.77786740334918,155.82505719036536,151.4538651640782,155.73744201660156,1468300
2025-01-28 00:00:00-05:00,154.79311323957492,155.75692476417333,152.15480898712428,152.97259521484375,1751500
2025-01-29 00:00:00-05:00,153.14781897167228,154.17004057097282,150.3537594746406,151.32730102539062,1725900
2025-01-30 00:00:00-05:00,149.9254080636339,162.6593341155427,149.91567799534965,159.82632446289062,2602000
2025-01-31 00:00:00-05:00,159.60242414955823,162.5522542285155,158.24920181912924,158.78465270996094,1575200
2025-02-03 00:00:00-05:00,157.5579744419169,159.26167230099057,155.77639146953476,158.1713104248047,808600
2025-02-04 00:00:00-05:00,157.98630841612268,161.60788386955642,157.41192251457272,159.03773498535156,889800
2025-02-05 00:00:00-05:00,159.97236125059163,161.31583854377826,159.14484495679966,160.50779724121094,628000
2025-02-06 00:00:00-05:00,160.05996463954162,160.71223567440114,157.80134118594023,158.3367919921875,915200
2025-02-07 00:00:00-05:00,158.68726753308894,159.0280130066276,157.4314055103132,158.3367919921875,499500
2025-02-10 00:00:00-05:00,158.33677189161205,162.32829755321316,157.3729605627211,160.81930541992188,1164500
2025-02-11 00:00:00-05:00,160.63436226796458,163.7204873240806,160.24495157418974,162.51329040527344,1088200
2025-02-12 00:00:00-05:00,162.0654751420665,162.0654751420665,159.78739130984403,160.00157165527344,1417600
2025-02-13 00:00:00-05:00,160.57594970504826,164.79138650603414,160.25467920279496,164.2559356689453,1075100
2025-02-14 00:00:00-05:00,164.77190698964992,166.7676701339497,163.66207021919553,164.3046112060547,1327100
2025-02-18 00:00:00-05:00,163.64257837758797,165.66754637139812,161.75390559225238,165.1613006591797,1043400
2025-02-19 00:00:00-05:00,164.42143528405686,168.0722161742426,164.31434511707545,167.2057647705078,1448300
2025-02-20 00:00:00-05:00,166.46586717201527,167.9359094957198,165.95962143034924,167.58543395996094,1147200
2025-02-21 00:00:00-05:00,166.73849415593824,168.33510197882137,166.0667479938901,167.68283081054688,727400
2025-02-24 00:00:00-05:00,167.1960420600886,171.23623381432333,167.05000190501536,169.45465087890625,1008400
2025-02-25 00:00:00-05:00,169.3962389317021,171.7716828199687,169.31835382084972,170.76893615722656,1676500
2025-02-26 00:00:00-05:00,169.0749645879759,171.10966292702986,168.1111530749719,168.8705291748047,995500
2025-02-27 00:00:00-05:00,168.0429989768866,169.0165404772787,166.8650072251838,167.01104736328125,1091400
2025-02-28 00:00:00-05:00,167.39074104696064,168.95814357939136,166.4756095882033,168.32533264160156,1197900
2025-03-03 00:00:00-05:00,169.04573811099496,173.37799462649528,168.6660575367166,172.26815795898438,1325900
2025-03-04 00:00:00-05:00,171.13886256348007,172.73547011151265,170.17506593607982,170.37950134277344,1420800
2025-03-05 00:00:00-05:00,169.52279576196153,170.8565429389754,166.80660650409513,167.45887756347656,1534100
2025-03-06 00:00:00-05:00,167.43942435211372,167.57571958127642,164.8205950834982,167.1278839111328,944800
2025-03-07 00:00:00-05:00,166.3977154343754,171.45039831876912,165.62862416694477,170.91494750976562,1092100
2025-03-10 00:00:00-04:00,170.19453749076843,174.1373688052028,167.8385539145245,168.5395050048828,1396700
2025-03-11 00:00:00-04:00,170.05824494822093,170.05824494822093,163.42842881887384,163.70101928710938,1436600
2025-03-12 00:00:00-04:00,162.54249012101852,163.2142212560465,158.6872593694348,162.0167694091797,1527700
2025-03-13 00:00:00-04:00,162.26016355949747,164.93740274285855,161.37423720996975,164.35328674316406,1447800
2025-03-14 00:00:00-04:00,163.8275589208742,165.94988707002756,163.7788788759045,165.65782165527344,1276600
2025-03-17 00:00:00-04:00,165.5020636923403,169.76618043991675,165.5020636923403,168.88998413085938,1072600
2025-03-18 00:00:00-04:00,168.23771310149488,170.25295124309503,166.77740077456093,167.88723754882812,1360000
2025-03-19 00:00:00-04:00,164.26567896181345,165.5020810206215,159.3687656353145,163.56472778320312,1596600
2025-03-20 00:00:00-04:00,163.36028252785746,163.36028252785746,161.12113388949783,162.0557403564453,1106600
2025-03-21 00:00:00-04:00,162.06545636663697,163.11688298010006,161.49107044092221,162.6885223388672,1437900
2025-03-24 00:00:00-04:00,163.21423553348322,164.15857202896416,161.5008077468188,162.9027099609375,670800
2025-03-25 00:00:00-04:00,163.38948468504574,163.6815501292206,160.25467961803807,161.2769012451172,769200
2025-03-26 00:00:00-04:00,161.87074096333973,163.69125872023437,161.67603564445778,162.2114715576172,573800
2025-03-27 00:00:00-04:00,161.72471512810338,163.53550297838598,161.21848422527617,161.60789489746094,871900
2025-03-28 00:00:00-04:00,161.72471814474838,163.38948073778064,160.7317164556353,162.9027099609375,1140800
2025-03-31 00:00:00-04:00,163.49656386815317,166.12512297899465,163.0487282364977,164.7232208251953,1591200
2025-04-01 00:00:00-04:00,164.47983121134303,166.04723359917443,163.96385541178338,164.8011016845703,1035800
2025-04-02 00:00:00-04:00,165.50207055654332,165.90122617427784,162.83456124798477,163.51605224609375,940600
2025-04-03 00:00:00-04:00,164.12935403110916,169.39621698653815,162.63010669285876,166.11538696289062,1828600
2025-04-04 00:00:00-04:00,164.97635735456,168.71475333580014,159.49531368256785,159.83604431152344,2505200
2025-04-07 00:00:00-04:00,158.40773825855086,163.07427480023097,154.32819289074703,160.7458953857422,2301200
2025-04-08 00:00:00-04:00,163.9351873522581,163.9351873522581,154.592336775929,156.33372497558594,1971400
2025-04-09 00:00:00-04:00,154.71948993171782,164.61018988752554,153.79009980246542,160.5012969970703,2178900
2025-04-10 00:00:00-04:00,160.20780880197768,161.55787942867272,156.3630632211609,160.29586791992188,2073300
2025-04-11 00:00:00-04:00,160.2958529594993,161.47959787948986,158.09465884461466,160.4328155517578,2218400
2025-04-14 00:00:00-04:00,161.47962045243256,164.4536870540746,160.36434920876803,164.35585021972656,1723100
2025-04-15 00:00:00-04:00,164.45367767493164,166.0091847288384,163.01556287330337,163.6025390625,1139600
2025-04-16 00:00:00-04:00,163.97429296578792,165.9896061449038,160.53064276764047,160.90240478515625,1252700
2025-04-17 00:00:00-04:00,160.7458649372215,162.0078912436605,158.94578090575487,160.24693298339844,1491400
2025-04-21 00:00:00-04:00,160.08062450564574,160.4719419342159,156.54893022631896,158.34901428222656,1401200
2025-04-22 00:00:00-04:00,165.3341345580857,172.20186432720638,164.6590993125658,169.09083557128906,2424200
2025-04-23 00:00:00-04:00,169.02237336316873,171.5464112284366,165.57872306701208,169.80502319335938,1854000
2025-04-24 00:00:00-04:00,170.10830542997056,172.67146920443636,168.80715319080454,172.0551300048828,1569200
2025-04-25 00:00:00-04:00,172.00621868171007,172.33884001039854,168.92453775212047,169.9908905029297,1033400
2025-04-28 00:00:00-04:00,170.8909172298909,173.17037776774026,170.49959981105263,172.8475341796875,1133000
2025-04-29 00:00:00-04:00,171.56595663879725,175.2737542084113,170.5387446574126,174.62806701660156,1307200
2025-04-30 00:00:00-04:00,173.9530311695857,175.19548713846396,171.0083279725938,174.35414123535156,1622100
2025-05-01 00:00:00-04:00,172.56385905714356,174.8335422494636,171.54642464776893,173.47369384765625,857300
2025-05-02 00:00:00-04:00,175.40094153207463,175.43030452352195,172.61277099137388,174.0900115966797,881700
2025-05-05 00:00:00-04:00,174.14868965800372,175.3911456252761,173.0334185718593,173.71824645996094,834600
2025-05-06 00:00:00-04:00,173.307366651001,173.60086222355963,171.6735930413839,172.28993225097656,869800
2025-05-07 00:00:00-04:00,172.0355611215696,173.8747710086663,171.44857003193655,172.7399444580078,1103700
2025-05-08 00:00:00-04:00,172.47582033706897,174.86289586413204,171.98666600538573,172.08448791503906,1504700
2025-05-09 00:00:00-04:00,171.89858961950975,174.15847982026196,171.32137627107733,173.12147521972656,1310000
2025-05-12 00:00:00-04:00,171.90839952097977,174.07045330744856,168.50388955225,172.08448791503906,1334200
2025-05-13 00:00:00-04:00,171.50726810818654,173.13126387056633,170.42134502946317,170.70506286621094,1169800
2025-05-14 00:00:00-04:00,170.40178434994237,170.71485026649358,167.6527395793719,168.73866271972656,1333800
2025-05-15 00:00:00-04:00,168.42562323515597,173.15085587524663,168.2690902661885,172.58343505859375,1616000
2025-05-16 00:00:00-04:00,172.8769251193789,174.3639434936372,171.8692534937283,174.10958862304688,2133900
2025-05-19 00:00:00-04:00,173.43452633841616,174.57914546998816,172.95514980865923,174.2563018798828,773000
2025-05-20 00:00:00-04:00,173.91392727562783,176.0857736027361,173.7671720261825,174.3737335205078,994500
2025-05-21 00:00:00-04:00,173.27801186689032,173.74761073589534,165.9993936031606,166.78204345703125,2124600
2025-05-22 00:00:00-04:00,166.25377027133268,167.4081672845305,164.80587768480837,165.94070434570312,1036300
2025-05-23 00:00:00-04:00,166.36136545029314,167.69186562371831,165.3830569382982,167.51576232910156,1025600
2025-05-27 00:00:00-04:00,167.79947790265192,170.1767603895136,167.79947790265192,169.91261291503906,1048400
2025-05-28 00:00:00-04:00,169.15934762036696,169.90285679999,167.29077456737977,167.66253662109375,746500
2025-05-29 00:00:00-04:00,167.54510457976045,168.8364789361543,166.88963969079182,168.26905822753906,783200
2025-05-30 00:00:00-04:00,168.4842858629877,169.65825304118584,167.64293998184854,169.57998657226562,1612700
2025-06-02 00:00:00-04:00,168.76800184031836,171.40944685588283,167.33967972320352,170.61700439453125,876200
2025-06-03 00:00:00-04:00,169.42347485540668,170.43114643909286,168.28864823342826,169.8245849609375,769300
2025-06-04 00:00:00-04:00,170.0496028201597,171.46814726124413,169.1006423129382,170.03981018066406,743000
2025-06-05 00:00:00-04:00,170.20611386990885,170.91049720573434,169.60934506949567,169.88327026367188,602800
2025-06-06 00:00:00-04:00,170.4311338762851,171.69314529913933,170.3919931759063,170.5583038330078,434200
2025-06-09 00:00:00-04:00,170.2941961975473,172.67147908418116,168.7386740776624,172.08448791503906,496200
2025-06-10 00:00:00-04:00,172.65188171501958,174.26609971366904,172.1822978098685,173.591064453125,763100
2025-06-11 00:00:00-04:00,173.3660586940101,174.49110751632392,172.40730560028177,173.1410369873047,583200
2025-06-12 00:00:00-04:00,173.287783723875,175.9487839512149,172.45621555490533,175.15634155273438,743200
2025-06-13 00:00:00-04:00,174.1389263540132,177.96411646502438,173.8552234354905,176.30099487304688,1028500
2025-06-16 00:00:00-04:00,177.00534996422223,178.42390923326442,175.32267307566622,178.12063598632812,989000
2025-06-17 00:00:00-04:00,177.11299034069907,178.30652808059793,174.5107006928032,175.06832885742188,871900
2025-06-18 00:00:00-04:00,174.9020015078494,176.9075370224361,173.90412260630512,175.88031005859375,618900
2025-06-20 00:00:00-04:00,176.09553058544157,177.073839088694,174.872644956376,175.5378875732422,1016700
2025-06-23 00:00:00-04:00,175.4890034108063,176.40861589355697,174.64765740826897,175.82162475585938,1201900
2025-06-24 00:00:00-04:00,175.8509708627518,176.12489607654732,173.47368812992562,175.99771118164062,713600
2025-06-25 00:00:00-04:00,175.43029063462293,175.43029063462293,173.6986803777656,174.77481079101562,747500
2025-06-26 00:00:00-04:00,175.63573795907402,176.1835883747575,171.83011818462526,173.2193145751953,1040200
2025-06-27 00:00:00-04:00,173.30736810053773,176.3303531170296,172.73016959062116,173.97262573242188,1205900
2025-06-30 00:00:00-04:00,174.00195600369943,175.8607362423639,173.3660614293678,175.7335662841797,819300
2025-07-01 00:00:00-04:00,175.4694267984089,177.2205925813142,174.20741530353126,175.44007873535156,850300
2025-07-02 00:00:00-04:00,175.23461378190268,175.23461378190268,170.8517958807171,172.769287109375,895600
2025-07-03 00:00:00-04:00,172.31927218858885,173.0823516845703,171.88881402617795,173.0823516845703,436500
2025-07-07 00:00:00-04:00,172.9251038913767,173.0725107403365,170.09477242646676,170.96942138671875,839400
2025-07-08 00:00:00-04:00,170.22255636118217,171.47064116043376,169.1611819288113,169.52479553222656,1080500
2025-07-09 00:00:00-04:00,170.5664950221233,170.79252386326314,168.33564299466696,170.62545776367188,871000
2025-07-10 00:00:00-04:00,168.89583676679524,171.46082126278984,168.40446054147532,168.49290466308594,914100
2025-07-11 00:00:00-04:00,167.57895320233413,167.93274468675446,164.2572450983661,165.19085693359375,1335600
2025-07-14 00:00:00-04:00,165.3480779380941,166.3603116286458,164.00171205749066,165.46600341796875,1274600
2025-07-15 00:00:00-04:00,165.46601627452392,165.97705171970497,161.81017615825087,163.54965209960938,1177700
2025-07-16 00:00:00-04:00,163.42189719783647,164.86654448913248,162.5963887444137,164.14913940429688,1148400
2025-07-17 00:00:00-04:00,163.2155106961697,165.8001541532328,162.3408617119499,165.27928161621094,1358700
2025-07-18 00:00:00-04:00,165.66259219266584,167.35291265660013,163.01898563108546,164.03121948242188,1557300
2025-07-21 00:00:00-04:00,164.1294863285104,164.53241844436093,162.4489879848222,163.5791473388672,1999800
2025-07-22 00:00:00-04:00,167.687055261235,175.77510372206336,167.09739779327438,175.16580200195312,2697900
2025-07-23 00:00:00-04:00,176.53183672421193,177.77009947825056,165.4169083264343,167.53964233398438,3086500
2025-07-24 00:00:00-04:00,169.5542890251922,172.72857542762745,167.52982125777626,168.93515014648438,2114200
2025-07-25 00:00:00-04:00,169.62307951392148,170.05547799725306,164.2769037662731,165.64292907714844,1877500
2025-07-28 00:00:00-04:00,164.6994613662023,165.84927980665518,162.92068202681085,164.95498657226562,1086600
2025-07-29 00:00:00-04:00,165.80999796125644,166.69446918613517,164.14914388742596,165.0336151123047,810700
2025-07-30 00:00:00-04:00,164.5127464629168,166.8222206110045,163.8739633984389,165.81980895996094,1094000
2025-07-31 00:00:00-04:00,163.88380014950394,167.20550837069533,163.88380014950394,164.52259826660156,941400
2025-08-01 00:00:00-04:00,165.33825980015837,168.94495910419423,165.0630903434087,167.9032440185547,1421100
2025-08-04 00:00:00-04:00,167.58875969537766,169.75081190043687,167.58875969537766,169.4658203125,788400
2025-08-05 00:00:00-04:00,169.62306710305762,171.56891262032082,168.9449655602933,170.28150939941406,744200
2025-08-06 00:00:00-04:00,169.87858957285331,172.45339620032084,168.82703725057465,170.01617431640625,994300
2025-08-07 00:00:00-04:00,170.5959723309207,171.46079917467003,169.72132336235072,171.26425170898438,898400
2025-08-08 00:00:00-04:00,171.63769684185098,174.19285902322886,171.56891197309983,173.90786743164062,616300
2025-08-11 00:00:00-04:00,174.03562215384417,175.4704472825988,173.98648153380793,175.28372192382812,653200
2025-08-12 00:00:00-04:00,174.3009649471346,175.7849156615045,172.5320076413752,175.5981903076172,763200
2025-08-13 00:00:00-04:00,175.78489924037333,176.37455661908015,174.52697749503483,175.95196533203125,928500
2025-08-14 00:00:00-04:00,175.7554301546162,175.7554301546162,174.23216098283672,175.36233520507812,679500
2025-08-15 00:00:00-04:00,175.85373197336335,177.2590608282853,174.21253712374397,176.66941833496094,810200
2025-08-18 00:00:00-04:00,177.1214625336999,177.3278471377271,175.75543728456395,175.86354064941406,808500
2025-08-19 00:00:00-04:00,175.99131398271052,180.20731547748264,175.96183260828371,179.6766357421875,784700
2025-08-20 00:00:00-04:00,180.17782827269258,181.7797195442391,179.2933570772837,181.21954345703125,957800
2025-08-21 00:00:00-04:00,180.34490017349586,182.06471699410972,179.68645781879147,180.55128479003906,1074600
2025-08-22 00:00:00-04:00,181.8092087467245,182.41851048554986,176.8266464766904,177.12147521972656,947800
2025-08-25 00:00:00-04:00,174.16340148740184,176.09942513692604,173.91771335924508,175.5785675048828,753400
2025-08-26 00:00:00-04:00,175.68666422362926,177.25905918688017,175.3132134843863,177.24923706054688,1044400
2025-08-27 00:00:00-04:00,177.42613745845063,177.7701068466362,176.35494078587024,176.6595916748047,597100
2025-08-28 00:00:00-04:00,176.41388853392024,176.61045102222943,175.0577003373841,176.10923767089844,560000
2025-08-29 00:00:00-04:00,176.46301437016518,179.2049018988436,175.97163818178956,178.50714111328125,731500
2025-09-02 00:00:00-04:00,177.77989581951547,178.870751538288,175.23457080758317,175.6178436279297,1109200
2025-09-03 00:00:00-04:00,175.26407603576678,176.52199802739526,173.98649479550292,176.4138946533203,689500
2025-09-04 00:00:00-04:00,177.42611638433056,177.72094511124027,176.28613496688473,177.0035400390625,585700
2025-09-05 00:00:00-04:00,177.0919923197083,180.6102479662485,177.0919923197083,180.32525634765625,556200
2025-09-08 00:00:00-04:00,180.33506116640248,180.33506116640248,177.78973610910404,179.3817901611328,438500
2025-09-09 00:00:00-04:00,179.0279917690822,180.21712869716106,178.04523943023082,179.52919006347656,435500
2025-09-10 00:00:00-04:00,178.7823181243258,178.96904348308678,176.66940642338315,177.03302001953125,652100
2025-09-11 00:00:00-04:00,177.17060069243755,180.96402553956315,176.89543122129777,180.29576110839844,598500
2025-09-12 00:00:00-04:00,180.07955912202024,181.85833860571574,179.36213905745302,179.7552490234375,454100
2025-09-15 00:00:00-04:00,179.2245468910395,180.10903303114176,177.46542672744565,177.50473022460938,642200
2025-09-16 00:00:00-04:00,177.3671615913222,178.45801743287436,176.56131236362037,177.0526885986328,549500
2025-09-17 00:00:00-04:00,178.02560992518232,180.29578080349086,177.40648604529196,179.1066436767578,662900
2025-09-18 00:00:00-04:00,177.7209403934825,180.95420418659617,177.59319277851532,180.16799926757812,667800
2025-09-19 00:00:00-04:00,180.5217937278846,181.80919699378595,180.09920239120794,180.433349609375,1435600
2025-09-22 00:00:00-04:00,180.1581811003333,182.3103963070214,179.74541188718072,181.50454711914062,976000
2025-09-23 00:00:00-04:00,181.53401594477887,184.7181389686547,181.53401594477887,183.74520874023438,775000
2025-09-24 00:00:00-04:00,183.2734987494696,184.67882747034923,182.77228543299557,183.59780883789062,748100
2025-09-25 00:00:00-04:00,183.48969941730192,184.03020121788123,180.4529832334734,182.1924591064453,657800
2025-09-26 00:00:00-04:00,183.07693378188208,185.96622817064284,181.9762559178251,185.73037719726562,550500
2025-09-29 00:00:00-04:00,185.7303838954214,186.21192298050687,184.52158763082437,185.5829620361328,528000
2025-09-30 00:00:00-04:00,185.6222774165797,188.18726177081402,185.6222774165797,187.29295349121094,780500
2025-10-01 00:00:00-04:00,187.39121688429134,187.6860455978286,178.67420806001627,178.9297332763672,1781900
2025-10-02 00:00:00-04:00,177.71111983458397,178.86093835309472,174.7235441150996,177.83888244628906,1029700
2025-10-03 00:00:00-04:00,177.62171860294504,178.35217506285247,175.95348955985887,177.0195770263672,1395200
2025-10-06 00:00:00-04:00,175.7066965246253,177.31570086888368,175.1045549958451,176.1311492919922,844000
2025-10-07 00:00:00-04:00,177.45390332501705,182.10321271182852,176.45690621177843,179.5465850830078,1110600
2025-10-08 00:00:00-04:00,179.18135157802652,179.2800541688255,176.23973421531335,178.55946350097656,745300
2025-10-09 00:00:00-04:00,178.71741171452453,180.43498446158023,178.64830634266846,179.10238647460938,538700
2025-10-10 00:00:00-04:00,179.95131665925322,181.95516167864926,179.0826494366656,181.69851684570312,737000
2025-10-13 00:00:00-04:00,180.35603480996264,181.86632161943228,179.47750186156392,180.4251251220703,809300
2025-10-14 00:00:00-04:00,180.46461423187793,183.3074990129155,180.41525540306066,183.00149536132812,718500
2025-10-15 00:00:00-04:00,183.16930212973108,185.6864517609261,182.80407391083523,184.93624877929688,1071900
2025-10-16 00:00:00-04:00,185.08431783365387,186.2787352587752,183.8800346673069,184.4130859375,1056600
2025-10-17 00:00:00-04:00,185.19289020062487,187.63106867390957,184.64010748091977,187.0684051513672,983900
2025-10-20 00:00:00-04:00,188.2332089849905,189.39799898497668,187.05853818223198,187.95681762695312,1491100
2025-10-21 00:00:00-04:00,192.56666694307305,195.00484562849277,177.5427542998974,182.26116943359375,2889900
2025-10-22 00:00:00-04:00,182.49806936667946,184.05771495380537,178.51011101423094,178.8358612060547,1583200
2025-10-23 00:00:00-04:00,179.61569681673174,181.0174002195826,177.21699626532774,180.86932373046875,1230900
2025-10-24 00:00:00-04:00,181.61954852809615,182.35000501089343,179.59595693276188,179.83285522460938,867100
2025-10-27 00:00:00-04:00,179.03327597390546,179.81310627468565,177.42428667000303,177.9375762939453,900900
2025-10-28 00:00:00-04:00,177.48352964830508,178.3028380581483,174.88740872688624,175.9831085205078,1434000
2025-10-29 00:00:00-04:00,176.0028520880166,176.4569171841701,172.44922712498678,172.5281982421875,1014800
2025-10-30 00:00:00-04:00,172.98226337241616,176.57536605078923,172.65651319058847,173.48568725585938,1427000
2025-10-31 00:00:00-04:00,172.08399704242035,174.53204140059475,172.08399704242035,173.68312072753906,966200
2025-11-03 00:00:00-05:00,173.51531497806047,176.8418923377947,172.11361153475704,176.535888671875,1106900
2025-11-04 00:00:00-05:00,177.03932897792865,177.72042662864973,173.9990087166291,175.736328125,1059500
2025-11-05 00:00:00-05:00,175.5191490606261,177.07879464135092,174.57152583575507,175.96334838867188,784900
2025-11-06 00:00:00-05:00,175.69684391634752,176.67407945946556,173.4067267628667,174.23590087890625,830200
2025-11-07 00:00:00-05:00,174.85779789002862,178.2633464458349,173.8213226611656,177.18739318847656,1020700
2025-11-10 00:00:00-05:00,175.90412812820645,182.21180091510527,173.50544266069,181.93540954589844,1592600
2025-11-11 00:00:00-05:00,182.5967805857516,188.84522897016475,182.4585848974382,186.41693115234375,1293700
2025-11-12 00:00:00-05:00,185.93324357156328,186.6341028348843,184.40321015669127,184.4427032470703,1076600
2025-11-13 00:00:00-05:00,183.20879817191556,188.01604991319726,182.12296417633655,185.1632843017578,1412000
2025-11-14 00:00:00-05:00,184.48215727027602,186.45638979071867,183.72207353248993,184.5413818359375,923900
2025-11-17 00:00:00-05:00,184.60061099284928,186.82162263358663,182.70534953355065,183.7911834716797,1086500
2025-11-18 00:00:00-05:00,184.93624848811535,185.73581029697962,181.9748995295367,182.93240356445312,1368400
2025-11-19 00:00:00-05:00,182.9521408282628,185.26198947402898,181.8070822464949,183.5641632080078,874600
2025-11-20 00:00:00-05:00,184.7289404948126,186.33794485510643,183.85040760592196,185.19288635253906,1104400
2025-11-21 00:00:00-05:00,185.6864508528518,191.26365201480175,185.3804472047653,188.78599548339844,1769800
2025-11-24 00:00:00-05:00,190.26667443830996,190.26667443830996,187.29545967881188,188.1246337890625,2285300
2025-11-25 00:00:00-05:00,189.28941610808812,190.85894247105355,188.27268752491017,189.871826171875,1207300
2025-11-26 00:00:00-05:00,188.9735472786261,189.7829748139815,186.7821478830502,187.24609375,869600
2025-11-28 00:00:00-05:00,187.67055228481368,187.80874796885348,186.50576224250696,186.74266052246094,379700
2025-12-01 00:00:00-05:00,186.07143034475465,186.94996328606948,181.29379086754147,181.40237426757812,1175700
2025-12-02 00:00:00-05:00,181.4319850158458,182.50793820387602,179.86247366132105,180.19808959960938,1177500
2025-12-03 00:00:00-05:00,180.90880933583253,181.7873422443141,179.86246846305664,180.25730895996094,1057300
2025-12-04 00:00:00-05:00,179.96116526109856,182.73495957735838,179.90194069468998,181.80706787109375,1044900
2025-12-05 00:00:00-05:00,180.8397125458652,181.81696315604506,179.73414705231238,180.15859985351562,738200
2025-12-08 00:00:00-05:00,179.9414240909182,181.1358414438832,178.8950832205948,179.4774932861328,980700
2025-12-09 00:00:00-05:00,179.36890106767007,180.4152418865264,176.30883465665366,177.30581665039062,846500
2025-12-10 00:00:00-05:00,177.68094279955733,178.65819340734694,176.64446762078654,177.19725036621094,1071100
2025-12-11 00:00:00-05:00,177.3255857057642,179.71440553527393,177.1972557566011,179.23072814941406,685600
2025-12-12 00:00:00-05:00,179.8131215131469,180.65216139004207,178.895095457014,180.2079620361328,1139000
2025-12-15 00:00:00-05:00,180.88905548419243,182.42895444698462,180.60279839483186,181.73797607421875,951900
2025-12-16 00:00:00-05:00,182.45858730519578,182.45858730519578,176.2200196418942,176.35821533203125,1338900
2025-12-17 00:00:00-05:00,176.03244251586693,176.92084111520978,174.7393226394507,176.7925262451172,1652300
2025-12-18 00:00:00-05:00,176.88138107775706,177.48352265344312,173.76208979839313,173.8805389404297,973800
2025-12-19 00:00:00-05:00,173.535057441753,174.55178607785885,172.34064003020137,173.7917022705078,1580900
2025-12-22 00:00:00-05:00,173.73246878974453,174.95649842406408,173.3672405786699,174.06808471679688,704300
2025-12-23 00:00:00-05:00,174.27540313077685,174.27540313077685,172.23206495645732,172.8243408203125,652500
2025-12-24 00:00:00-05:00,173.4758297079624,173.98911935611403,172.87368814260768,173.65350341796875,296500
2025-12-26 00:00:00-05:00,174.19641873726712,174.4530635588736,173.38697612249325,173.67324829101562,402700
2025-12-29 00:00:00-05:00,173.45608725091287,174.077975374988,172.3801340379894,173.2586669921875,632000
2025-12-30 00:00:00-05:00,173.04149517049734,174.0977018082568,172.77496954473753,173.2290496826172,732800
2025-12-31 00:00:00-05:00,173.22905090700206,173.46594918739646,171.15610058035173,171.29429626464844,645300
2026-01-02 00:00:00-05:00,171.07713745157477,171.57069564170092,169.81362968982785,171.5509490966797,683200
2026-01-05 00:00:00-05:00,171.22520949168256,172.2419381319172,168.97457034603082,171.25482177734375,748800
2026-01-06 00:00:00-05:00,171.14623938534697,178.88522803592284,171.14623938534697,178.13502502441406,1165400
2026-01-07 00:00:00-05:00,178.8161245212815,178.89509563839883,175.41057605492358,175.84490966796875,767300
2026-01-08 00:00:00-05:00,175.89425730950052,178.33243579491804,174.42344858838078,175.45005798339844,870100
2026-01-09 00:00:00-05:00,175.23290138941425,176.00285094938957,172.18270037329634,172.1925811767578,942400
2026-01-12 00:00:00-05:00,173.5449183491125,173.79169742988017,171.27454779360988,173.67324829101562,695200
2026-01-13 00:00:00-05:00,175.37885162762382,178.90903528401114,174.00049306221413,178.45289611816406,1069600
2026-01-14 00:00:00-05:00,178.98834688340241,185.5330791930347,178.3239598214942,185.20584106445312,1498900
2026-01-15 00:00:00-05:00,185.5826556487841,189.3905080296296,184.8686842730631,188.66661071777344,1245600
2026-01-16 00:00:00-05:00,187.813818398816,189.36076651616335,187.16926803150514,187.903076171875,1132500
2026-01-20 00:00:00-05:00,186.11814188556752,189.4698400057143,185.26534358231714,187.36758422851562,1482000
2026-01-21 00:00:00-05:00,187.43702006532976,188.1609023039161,182.88544839936566,183.10360717773438,1140300
2026-01-22 00:00:00-05:00,183.55975193121168,183.91673762897696,180.48570758206617,180.63446044921875,1754200
2026-01-23 00:00:00-05:00,180.41630650665215,180.91211914841782,178.22480797240743,179.50401306152344,848900
2026-01-26 00:00:00-05:00,180.61462478492368,182.25080041635874,179.85106909578698,181.00135803222656,681900
2026-01-27 00:00:00-05:00,179.98988898693509,182.84577447438537,179.96014144069082,182.69703674316406,667900
2026-01-28 00:00:00-05:00,181.48724857243707,182.04255626418623,180.10889014791692,181.2095947265625,838900
2026-01-29 00:00:00-05:00,180.64436031420107,182.4292886949262,180.15845852053152,180.82286071777344,635700
2026-01-30 00:00:00-05:00,182.28056025223393,185.622332494277,182.28056025223393,185.4636688232422,1164100
2026-02-02 00:00:00-05:00,184.4522043743863,185.36449777416985,180.83277832179934,183.45066833496094,1003800
2026-02-03 00:00:00-05:00,183.23251419066244,187.54609012072788,183.1432715487716,183.61924743652344,807900
2026-02-04 00:00:00-05:00,183.78781171519452,188.21046678357143,183.5795788956722,187.64523315429688,1337500
2026-02-05 00:00:00-05:00,188.4087884275695,191.8398182849957,187.07008835213162,190.6895294189453,1635500
2026-02-06 00:00:00-05:00,191.5819911392796,191.97865030931962,188.34929834120436,189.11285400390625,1099500
2026-02-09 00:00:00-05:00,188.40879911534927,190.17389086500248,186.0090678054949,189.64833068847656,1925500
2026-02-10 00:00:00-05:00,193.08926788357667,205.3160089047162,190.29287744476113,203.6302490234375,2307900
2026-02-11 00:00:00-05:00,205.3060818876547,208.6181216703548,200.29838655836616,207.56700134277344,1431200
2026-02-12 00:00:00-05:00,210.02622501096823,211.41449426913795,205.07800970684883,205.12759399414062,1671500
2026-02-13 00:00:00-05:00,205.74238891565162,207.6363966483107,202.86668193478673,205.1374969482422,1354600
2026-02-17 00:00:00-05:00,206.2481365555671,207.18025155956082,201.13134674921778,203.76907348632812,971200
2026-02-18 00:00:00-05:00,203.5509187509547,205.0185198802858,201.46849967921423,202.67828369140625,871700
2026-02-19 00:00:00-05:00,203.11459733796949,203.37241445017955,200.30829612602838,200.74461364746094,815300
2026-02-20 00:00:00-05:00,202.64854051532922,202.70803561049064,199.25718391211944,200.71487426757812,642000
2026-02-23 00:00:00-05:00,200.29839648455797,205.98040512299173,200.29839648455797,205.6928253173828,783100
2026-02-24 00:00:00-05:00,206.06963360513387,208.14212667401887,204.63178006890746,207.78514099121094,882100
2026-02-25 00:00:00-05:00,207.76533486739186,208.92553464024527,204.40372574163672,206.0597381591797,798300
2026-02-26 00:00:00-05:00,206.92243510606693,209.78823141798782,206.34729065645303,209.33209228515625,783700
2026-02-27 00:00:00-05:00,209.32217495579368,211.71199549184914,207.21993422186983,210.13531494140625,1058700
2026-03-02 00:00:00-05:00,210.74019020158403,211.4739831603851,207.67605685640245,208.48919677734375,922400
2026-03-03 00:00:00-05:00,205.99030726641533,208.0727263268379,202.1824699689001,206.6150360107422,779500
2026-03-04 00:00:00-05:00,206.39688325498696,208.0033113517309,205.37551043656325,206.70428466796875,508300
2026-03-05 00:00:00-05:00,204.4830484477076,204.4830484477076,201.76598982900006,202.27171325683594,604100
2026-03-06 00:00:00-05:00,202.05355451376641,202.07339125535046,197.34333459909033,197.5416717529297,1055700
2026-03-09 00:00:00-04:00,196.58970136208043,200.78427183794315,193.7536526060432,199.89181518554688,819600
2026-03-10 00:00:00-04:00,201.44867093307647,202.67829173569828,197.20451591664127,199.21751403808594,675900
2026-03-11 00:00:00-04:00,198.31513731593574,200.02073394025794,196.70869413707393,198.88035583496094,646700
2026-03-12 00:00:00-04:00,198.66219152397056,201.2999182217647,198.29529503711197,199.1976776123047,772800
2026-03-13 00:00:00-04:00,201.14126002095477,203.28317417048385,197.4226653714947,198.02755737304688,663100
2026-03-16 00:00:00-04:00,199.2968345938773,200.1893063799483,197.19459394708812,197.27392578125,777200
2026-03-17 00:00:00-04:00,199.01917887191772,199.01917887191772,195.52865385655622,196.94668579101562,795400
2026-03-18 00:00:00-04:00,195.41958785211796,199.8025694747926,193.24792621620676,193.59498596191406,694200
2026-03-19 00:00:00-04:00,193.3768384653956,195.55842616430743,192.2860597469405,192.53396606445312,806600
2026-03-20 00:00:00-04:00,192.44471926475512,195.1815995038173,191.1754250259866,193.62474060058594,2030100
2026-03-23 00:00:00-04:00,195.67740619514836,201.210676730461,193.59498718376187,193.96189880371094,881100
2026-03-24 00:00:00-04:00,192.9504284478162,195.37990710138112,192.18687282606743,194.4378662109375,759200
2026-03-25 00:00:00-04:00,195.12209866268634,196.06413959493887,192.65294641916125,194.814697265625,679600
2026-03-26 00:00:00-04:00,194.59654680052057,197.21443688613292,193.36692602886905,196.49053955078125,706200
2026-03-27 00:00:00-04:00,196.27238147247888,196.9665312628994,192.94053510726397,193.87265014648438,976300
2026-03-30 00:00:00-04:00,195.02293302686817,195.9054788802131,193.08926684605623,195.5088348388672,865500
2026-03-31 00:00:00-04:00,193.22809914814943,197.28384283807074,191.115932498283,194.33871459960938,1268700
2026-04-01 00:00:00-04:00,193.87264245016974,197.19459300901985,192.46453644524524,196.03439331054688,587300
2026-04-02 00:00:00-04:00,195.01302237573933,197.47224872222745,194.4180411822501,196.36163330078125,520000
2026-04-06 00:00:00-04:00,196.07279429944438,198.4132843424435,195.77402127012576,198.1543426513672,477800
2026-04-07 00:00:00-04:00,198.68220192637827,200.1860819466993,194.90754042810752,196.01304626464844,908800
2026-04-08 00:00:00-04:00,195.38558880749096,198.08462172231154,193.2343469798008,198.00494384765625,799300
2026-04-09 00:00:00-04:00,197.12850665818308,198.60252457546997,195.75410508260612,197.0189666748047,718400
2026-04-10 00:00:00-04:00,196.85960247919508,196.85960247919508,189.35012632143665,190.7344970703125,1044200
2026-04-13 00:00:00-04:00,190.2564531134694,192.34795557551527,188.95176018210785,192.12884521484375,899000
2026-04-14 00:00:00-04:00,191.49143320112023,193.47336524235897,190.38592738634355,193.373779296875,885500
2026-04-15 00:00:00-04:00,192.3877805382933,193.49328634067425,190.26640084256215,190.64486694335938,877700
2026-04-16 00:00:00-04:00,190.4456892674975,193.48334186530062,190.37596542569486,190.68472290039062,987200
2026-04-17 00:00:00-04:00,189.45968875775887,195.65450304475038,189.45968875775887,194.2303009033203,1000100
2026-04-20 00:00:00-04:00,193.4335273120128,195.97320438882116,190.85401889776833,195.5150604248047,1964300
2026-04-21 00:00:00-04:00,202.4269718007835,208.9404824355157,201.31151192376538,204.209716796875,2426100
2026-04-22 00:00:00-04:00,204.53838247967445,206.16178692088408,197.90536262411464,203.17393493652344,1609400
2026-04-23 00:00:00-04:00,204.4487468385589,204.82721294604886,196.16244538883672,198.72203063964844,1263400
2026-04-24 00:00:00-04:00,199.18017255570638,199.2598504299829,193.67256677122208,195.47523498535156,1038900
2026-04-27 00:00:00-04:00,195.11670030926604,197.19823357191146,194.81791206748412,195.8337860107422,702900
2026-04-28 00:00:00-04:00,197.78583623189488,197.97506928719793,193.48333731990343,194.2601776123047,909100
2026-04-29 00:00:00-04:00,193.06503025493672,193.70243803226552,186.74073785414302,188.55337524414062,1399900
2026-04-30 00:00:00-04:00,189.46964884504226,195.07684042548658,189.15093735641298,193.41360473632812,1110000
2026-05-01 00:00:00-04:00,193.71239245412602,195.54493791798012,191.4316722579272,191.88980102539062,692000
2026-05-04 00:00:00-04:00,189.83815287449946,192.71644962798834,189.63896578508516,190.72454833984375,567500
2026-05-05 00:00:00-04:00,190.61499085282682,190.92373311723034,188.41393326940084,190.0672149658203,613800
2026-05-06 00:00:00-04:00,190.1170186712965,191.84000903792355,187.72674319386013,188.36415100097656,898600
2026-05-07 00:00:00-04:00,187.42795186978972,190.21661667882242,187.139117676186,190.0672149658203,739900
2026-05-08 00:00:00-04:00,190.93370924867347,191.421715349912,185.47588864620084,186.63119506835938,762500
2026-05-11 00:00:00-04:00,186.60130589396,189.6787896150296,186.37224151005196,189.0413818359375,620700
2026-05-12 00:00:00-04:00,190.43572471150057,191.52130723987577,188.70276516201136,189.40988159179688,754900
2026-05-13 00:00:00-04:00,188.04543121149834,190.3361206413382,186.75069238619753,190.07717895507812,693100
2026-05-14 00:00:00-04:00,190.1468990622692,192.01929117476226,186.38220676583182,187.17897033691406,768100
2026-05-15 00:00:00-04:00,188.39403210249736,189.11111779958412,185.67507583562616,185.85435485839844,1081500
2026-05-18 00:00:00-04:00,186.880170260982,190.38592063348585,186.49175013426995,189.07125854492188,926100
2026-05-19 00:00:00-04:00,188.47371187078795,190.40584342160224,186.3025314892112,189.61904907226562,794600
2026-05-20 00:00:00-04:00,191.09304675380068,194.0609906388747,189.62899807946576,192.96543884277344,948700
2026-05-21 00:00:00-04:00,191.94955852567733,193.04511028526886,188.11515776110778,193.03515625,474000
2026-05-22 00:00:00-04:00,193.20446418726368,196.122592178228,193.17458688474187,194.41952514648438,871300
2026-05-26 00:00:00-04:00,193.4733700851457,193.90163677214875,191.57111587087965,192.09896850585938,869400
2026-05-27 00:00:00-04:00,193.47336350112482,195.52503456003888,191.79021970548743,193.2044677734375,597200
2026-05-28 00:00:00-04:00,193.24430645711666,196.00309405636742,193.12479724026863,195.405517578125,653700
2026-05-29 00:00:00-04:00,195.79393786638227,196.58074740318335,193.51321752693585,194.11077880859375,1264300
2026-06-01 00:00:00-04:00,193.35385379802395,195.6843746140683,191.0731335526473,191.4217071533203,609500
2026-06-02 00:00:00-04:00,192.14874329454952,192.5272093882114,190.24648918509175,192.37782287597656,678300
2026-06-03 00:00:00-04:00,192.21847234520743,194.41952993283542,191.60098781522157,192.88575744628906,648100
2026-06-04 00:00:00-04:00,194.2004222835979,201.17207681813167,194.2004222835979,195.32583618164062,735900
2026-06-05 00:00:00-04:00,196.61061542120865,200.72388114533217,196.51101428046942,199.47894287109375,816200
2026-06-08 00:00:00-04:00,201.26171288001393,201.26171288001393,195.90349342135158,196.41143798828125,821700
2026-06-09 00:00:00-04:00,197.09862465134023,204.0105244919921,196.1923211229181,203.7017822265625,747100
2026-06-10 00:00:00-04:00,202.52656724806468,206.46056920801837,202.14810114458032,202.95481872558594,786600
2026-06-11 00:00:00-04:00,203.2436570407127,206.65976048574797,201.71983856046847,203.00462341308594,1079900
2026-06-12 00:00:00-04:00,204.69773119860935,205.12599787075808,201.5604928016383,202.23773193359375,898800
2026-06-15 00:00:00-04:00,201.43102144834273,202.37717153811892,199.55862934019544,201.36129760742188,1009300
2026-06-16 00:00:00-04:00,202.20785358088798,203.87108929608652,198.85150484758913,200.2259063720703,1020300
2026-06-17 00:00:00-04:00,199.190132958098,200.2259149627996,195.70430563133127,196.95919799804688,754200
2026-06-18 00:00:00-04:00,195.8935319216731,196.6404948944608,192.04916188051232,194.2103729248047,1292200
2026-06-22 00:00:00-04:00,193.3439032124536,194.36973115910993,192.1188729795721,192.79612731933594,904800
2026-06-23 00:00:00-04:00,194.98722115985655,196.9890765377204,193.36381670302592,196.3815460205078,988000
2026-06-24 00:00:00-04:00,197.60657161725575,204.92679975816174,197.60657161725575,202.28753662109375,1135600
2026-06-25 00:00:00-04:00,202.31740844773458,207.00834255713775,202.31740844773458,205.4048614501953,632400
2026-06-26 00:00:00-04:00,207.1278515193945,209.04007488488259,205.71360346357523,209.03012084960938,1349700
2026-06-29 00:00:00-04:00,207.12785820407953,211.8984551379889,206.1418615881939,211.77894592285156,786300
2026-06-30 00:00:00-04:00,212.02793187620696,213.34259402012142,209.81692023198772,211.09173583984375,847800
2026-07-01 00:00:00-04:00,212.80477356553422,215.9918126061891,210.54396133483493,215.145263671875,1004100
2026-07-02 00:00:00-04:00,216.19100546211905,216.52962502107187,214.06962580709066,214.84646606445312,869700
2026-07-06 00:00:00-04:00,214.76679719311002,215.64323862666075,211.709236605247,212.58566284179688,745900
2026-07-07 00:00:00-04:00,216.0117362407368,218.3123798146586,211.26104737693666,211.52000427246094,981100
2026-07-08 00:00:00-04:00,210.74000549316406,210.74000549316406,207.22999572753906,208.2100067138672,773700
2026-07-09 00:00:00-04:00,210.1999969482422,210.1999969482422,206.33999633789062,208.0500030517578,621100
2026-07-10 00:00:00-04:00,208.25,209.86000061035156,207.02999877929688,207.44000244140625,614800
2026-07-13 00:00:00-04:00,207.47999572753906,210.75999450683594,207.00999450683594,207.35000610351562,568900
2026-07-14 00:00:00-04:00,202.8000030517578,208.52000427246094,201.1300048828125,206.0,865900
2026-07-15 00:00:00-04:00,204.67999267578125,206.41000366210938,201.1199951171875,201.77000427246094,1193200
2026-07-16 00:00:00-04:00,201.0,209.55999755859375,201.0,209.41000366210938,991700
2026-07-17 00:00:00-04:00,210.9499969482422,214.39999389648438,209.41000366210938,210.67999267578125,955500
2026-07-20 00:00:00-04:00,208.61000061035156,211.0,205.61000061035156,207.66000366210938,822900
2026-07-21 00:00:00-04:00,206.16000366210938,208.00999450683594,204.10000610351562,206.83999633789062,691900
2026-07-22 00:00:00-04:00,207.1300048828125,212.3000030517578,205.41000366210938,209.8300018310547,1834000
2026-07-23 00:00:00-04:00,228.08999633789062,237.77999877929688,220.0,227.89999389648438,3758400
2026-07-24 00:00:00-04:00,228.0,233.2100067138672,223.4199981689453,227.86000061035156,1542100
2026-07-27 00:00:00-04:00,225.9499969482422,231.9499969482422,224.97000122070312,231.83999633789062,1143200
2026-07-28 00:00:00-04:00,235.17999267578125,240.1300048828125,233.97999572753906,235.94000244140625,1611900
2026-07-29 00:00:00-04:00,235.11000061035156,237.83999633789062,233.0,235.22000122070312,964500
2026-07-30 00:00:00-04:00,230.91000366210938,235.61000061035156,229.00999450683594,234.3000030517578,947700
2026-07-31 00:00:00-04:00,234.0,235.2899932861328,232.00999450683594,233.00999450683594,872500
2026-08-03 00:00:00-04:00,232.83999633789062,233.44000244140625,230.5399932861328,231.9499969482422,839200
2026-08-04 00:00:00-04:00,231.9499969482422,234.5500030517578,229.75999450683594,233.72000122070312,903600
2026-08-05 00:00:00-04:00,234.22000122070312,236.6699981689453,232.55999755859375,235.83999633789062,674200
2026-08-06 00:00:00-04:00,237.66000366210938,238.8800048828125,235.32000732421875,238.5,642200
2026-08-07 00:00:00-04:00,236.33999633789062,239.3800048828125,236.33999633789062,238.35000610351562,574500
2026-08-10 00:00:00-04:00,236.52999877929688,239.3300018310547,235.85000610351562,237.6300048828125,856100
2026-08-11 00:00:00-04:00,236.35000610351562,239.9199981689453,235.50999450683594,237.5,847000
2026-08-12 00:00:00-04:00,234.4600067138672,238.50999450683594,232.27999877929688,237.77000427246094,686800
2026-08-13 00:00:00-04:00,239.10000610351562,240.0,235.64999389648438,236.0399932861328,549000
2026-08-14 00:00:00-04:00,235.82000732421875,237.6999969482422,233.69000244140625,234.39999389648438,541800
2026-08-17 00:00:00-04:00,233.94000244140625,237.1699981689453,233.0,235.52000427246094,614200
2026-08-18 00:00:00-04:00,238.00999450683594,239.3800048828125,236.07000732421875,236.25,693600
2026-08-19 00:00:00-04:00,238.10000610351562,242.38999938964844,237.3800048828125,241.75999450683594,924000
2026-08-20 00:00:00-04:00,239.86000061035156,245.67999267578125,237.52999877929688,241.3000030517578,1139400
2026-08-21 00:00:00-04:00,240.3300018310547,244.6999969482422,239.42999267578125,244.38999938964844,1263100
2026-08-24 00:00:00-04:00,243.97000122070312,246.0,242.4600067138672,243.8699951171875,837700
2026-08-25 00:00:00-04:00,243.92999267578125,245.77999877929688,241.7899932861328,244.50999450683594,709200
2026-08-26 00:00:00-04:00,244.11000061035156,246.0,243.49000549316406,245.0,811000
2026-08-27 00:00:00-04:00,242.8300018310547,247.19000244140625,242.44000244140625,244.61000061035156,839800
2026-08-28 00:00:00-04:00,245.1699981689453,245.27999877929688,242.27000427246094,242.75999450683594,639900
2026-08-31 00:00:00-04:00,241.99000549316406,242.63999938964844,239.39999389648438,240.3000030517578,1358100
