Date,Open,High,Low,Close,Volume
2017-01-03 00:00:00-05:00,178.71481462188115,179.59276403988417,176.1958620071541,177.26251220703125,231500
2017-01-04 00:00:00-05:00,178.00918255478197,179.57635561470988,177.13944620276737,178.7066192626953,263900
2017-01-05 00:00:00-05:00,178.72299760806547,179.9701603282944,178.18145950799135,178.69017028808594,234200
2017-01-06 00:00:00-05:00,178.69839872331912,179.96198782052898,177.0984109235655,179.5435333251953,241200
2017-01-09 00:00:00-05:00,179.6747744581814,179.682987548035,177.77940365519856,178.0255584716797,296600
2017-01-10 00:00:00-05:00,178.64096682133845,180.1671118950961,178.0584007497615,180.03582763671875,277900
2017-01-11 00:00:00-05:00,180.15894666315734,180.9055994242323,178.95279890762907,180.58560180664062,274200
2017-01-12 00:00:00-05:00,179.78968432357692,180.69224800791486,178.8461052608246,180.3312225341797,268900
2017-01-13 00:00:00-05:00,180.92198186372,182.21018520448285,179.73224797903825,179.89634704589844,231000
2017-01-17 00:00:00-05:00,178.59175369576695,181.22557706094878,178.22252764232502,178.76405334472656,239500
2017-01-18 00:00:00-05:00,179.46146205380853,182.21016811576328,178.72301006221582,181.4799041748047,335300
2017-01-19 00:00:00-05:00,181.8820183428637,183.05535136733428,179.0840828813931,180.01126098632812,188300
2017-01-20 00:00:00-05:00,180.50348327176704,180.65936920923275,178.94451121753087,179.37937927246094,227900
2017-01-23 00:00:00-05:00,179.21531807020042,180.0522395593246,178.46865294284413,179.8142852783203,148900
2017-01-24 00:00:00-05:00,179.98660457275255,180.42147273672012,178.50968792156252,179.18251037597656,206700
2017-01-25 00:00:00-05:00,180.24095894021698,180.93839562469708,179.18250931643087,180.42967224121094,204700
2017-01-26 00:00:00-05:00,181.09426293444068,182.037841796875,179.5106765371925,182.037841796875,278200
2017-01-27 00:00:00-05:00,181.709692050794,182.2758320068645,180.5281586260326,181.4307098388672,105100
2017-01-30 00:00:00-05:00,180.33944975785383,181.6686812457737,179.07587293299616,180.87278747558594,151600
2017-01-31 00:00:00-05:00,181.3978762034007,182.01325708826482,179.83890378310466,180.45428466796875,295500
2017-02-01 00:00:00-05:00,180.7824939571147,182.817349895487,179.74044549433782,180.10147094726562,317000
2017-02-02 00:00:00-05:00,180.59372067931116,183.35882717639038,180.355766473478,182.30857849121094,358500
2017-02-03 00:00:00-05:00,183.36712488891723,185.2707094642538,181.06969997797808,181.83277893066406,257100
2017-02-06 00:00:00-05:00,182.53013972840955,182.89115258239696,180.24091634362802,182.23475646972656,288900
2017-02-07 00:00:00-05:00,182.86658995339704,188.6922009968016,182.86658995339704,186.95272827148438,672100
2017-02-08 00:00:00-05:00,186.90351380120654,188.67581410486653,186.77224203497732,188.27377319335938,331100
2017-02-09 00:00:00-05:00,186.89526322102108,188.5444793701172,186.78859320204015,188.5444793701172,369900
2017-02-10 00:00:00-05:00,188.75782402371777,189.54550450943003,188.1260295050018,189.2993621826172,292400
2017-02-13 00:00:00-05:00,188.93017983493257,191.55581562131076,188.6922380082712,191.2440185546875,206400
2017-02-14 00:00:00-05:00,190.0296402578032,192.35987975780398,190.0296402578032,191.6460418701172,290400
2017-02-15 00:00:00-05:00,191.52295885519172,192.3516673544382,190.0952705547494,192.089111328125,199700
2017-02-16 00:00:00-05:00,191.95778760980886,193.96802911427616,191.88394491632812,193.23777770996094,275000
2017-02-17 00:00:00-05:00,193.22142788576332,193.22142788576332,191.7198967864309,192.91783142089844,250800
2017-02-21 00:00:00-05:00,193.2952479011145,193.8039587804029,191.60500367125994,191.94961547851562,247000
2017-02-22 00:00:00-05:00,191.28502599785367,193.13116892017513,190.915787397423,192.7455291748047,246400
2017-02-23 00:00:00-05:00,193.49219005061622,194.01731463584227,192.49936992607005,193.13116455078125,193400
2017-02-24 00:00:00-05:00,192.3516234535511,194.62443339864214,191.9331690133893,192.84393310546875,194100
2017-02-27 00:00:00-05:00,192.77013026528888,192.77013026528888,191.17014234572073,191.2029571533203,166700
2017-02-28 00:00:00-05:00,191.41624452082718,193.0736736557162,191.1618891254637,192.93418884277344,336300
2017-03-01 00:00:00-05:00,194.75575317352695,197.34034801774803,193.6398619428883,196.22445678710938,286300
2017-03-02 00:00:00-05:00,195.59266692957328,196.28189052456344,194.38651937836235,194.60804748535156,273300
2017-03-03 00:00:00-05:00,194.5588257930283,195.57626007817862,192.87679464380813,193.32806396484375,200100
2017-03-06 00:00:00-05:00,193.85598079919538,193.85598079919538,191.85976306574275,191.91751098632812,211500
2017-03-07 00:00:00-05:00,191.36480807570797,191.5297823276579,190.46567511713297,190.90286254882812,393800
2017-03-08 00:00:00-05:00,191.16690587707262,193.02289525451994,191.16690587707262,192.2392578125,215300
2017-03-09 00:00:00-05:00,192.14023790623708,192.84963870076018,191.14213524297537,191.9835205078125,142900
2017-03-10 00:00:00-05:00,192.0082191089754,194.13642097255766,191.9834736001791,193.83946228027344,244000
2017-03-13 00:00:00-04:00,193.93847028392446,194.35915657652026,193.17957854352179,193.8477325439453,230300
2017-03-14 00:00:00-04:00,193.13008629883043,193.77349478307826,192.77537964961513,193.6085205078125,118700
2017-03-15 00:00:00-04:00,193.82299891986577,194.9943327162476,193.0146161056619,194.90359497070312,194300
2017-03-16 00:00:00-04:00,194.99433866120737,195.00258297042413,193.30332385363053,194.40042114257812,169600
2017-03-17 00:00:00-04:00,194.3921849370788,195.06033902670745,193.05586417108935,194.66439819335938,266000
2017-03-20 00:00:00-04:00,194.71387804930654,194.99433559905177,193.5177987216143,193.98797607421875,128100
2017-03-21 00:00:00-04:00,194.79636128930974,194.79636128930974,192.23922831369927,192.58567810058594,170000
2017-03-22 00:00:00-04:00,192.59392613961424,193.81476360664644,191.82679000809398,193.3775634765625,184400
2017-03-23 00:00:00-04:00,193.3528364780289,193.9880007871469,192.65993682448183,193.05587768554688,128600
2017-03-24 00:00:00-04:00,193.06407514186154,194.84582734818798,191.99172357768012,192.52789306640625,126100
2017-03-27 00:00:00-04:00,191.0019046286974,192.0907450315001,190.4987248538486,191.18338012695312,165000
2017-03-28 00:00:00-04:00,190.82044085337608,193.59205193996203,190.7709498211262,192.86614990234375,238600
2017-03-29 00:00:00-04:00,192.43722057823317,193.36934370887067,191.835058664373,192.55270385742188,150600
2017-03-30 00:00:00-04:00,192.3217010816401,194.16120147858967,191.60405602373584,193.7570037841797,142100
2017-03-31 00:00:00-04:00,193.31983867585518,194.40043483575263,192.8084145602964,192.86614990234375,173800
2017-04-03 00:00:00-04:00,193.55076385677737,194.62311547772168,192.15670800822272,192.8578643798828,226800
2017-04-04 00:00:00-04:00,192.79184907952333,195.08502511195604,192.79184907952333,194.76332092285156,150400
2017-04-05 00:00:00-04:00,194.57362445604778,194.9530640133677,192.4206769061234,192.8578643798828,186900
2017-04-06 00:00:00-04:00,192.65988363141287,193.23729984994512,190.89463257091168,192.7258758544922,303900
2017-04-07 00:00:00-04:00,192.1237601825157,193.5260606456118,191.87629243332637,191.88453674316406,236800
2017-04-10 00:00:00-04:00,191.78554783205172,193.41881477962676,191.40609561860896,192.74241638183594,128800
2017-04-11 00:00:00-04:00,192.5279041524987,194.17767201185765,191.5875369761333,193.31155395507812,145900
2017-04-12 00:00:00-04:00,193.85596153155743,193.85596153155743,192.0412194621278,192.48666381835938,147300
2017-04-13 00:00:00-04:00,193.1135889401351,193.60026746721445,190.152258474608,190.2429962158203,245700
2017-04-17 00:00:00-04:00,190.05323658631022,193.84770738253218,190.05323658631022,193.48475646972656,158100
2017-04-18 00:00:00-04:00,192.32165812045127,193.50949283835268,192.2804239987219,192.94857788085938,134300
2017-04-19 00:00:00-04:00,193.27035174869187,193.41882484859508,191.8185476426188,192.37123107910156,179800
2017-04-20 00:00:00-04:00,192.1567352106612,194.24369083154778,191.57931889817448,193.80650329589844,139500
2017-04-21 00:00:00-04:00,193.78172371530968,194.1776644618766,192.79186555552778,192.80010986328125,209300
2017-04-24 00:00:00-04:00,194.84584326720886,197.9721478979358,194.36740906604788,197.46072387695312,722200
2017-04-25 00:00:00-04:00,202.2615426264589,208.66265015307525,199.43219671114304,207.8047637939453,860800
2017-04-26 00:00:00-04:00,209.0091198495103,213.06753518580328,208.72040540390284,211.92095947265625,491300
2017-04-27 00:00:00-04:00,210.9970623465322,211.83844750904487,209.11632792684293,209.4462890625,401800
2017-04-28 00:00:00-04:00,208.472964554712,209.6855452438258,206.82319627964378,207.631591796875,285200
2017-05-01 00:00:00-04:00,208.62139661826805,210.3288997989474,205.46208967320686,206.49319458007812,200000
2017-05-02 00:00:00-04:00,205.64358431048984,207.367588854647,204.32376487199068,204.56298828125,261000
2017-05-03 00:00:00-04:00,205.07439052556586,205.59407141955128,203.42462269625813,205.1321258544922,224500
2017-05-04 00:00:00-04:00,205.8828072428608,206.19626720995626,203.6143761028908,204.88470458984375,275100
2017-05-05 00:00:00-04:00,204.53824222723347,205.34662502314276,203.21842279222446,203.26791381835938,246000
2017-05-08 00:00:00-04:00,203.05348629385134,204.4475425274696,202.00587989437605,203.07823181152344,214300
2017-05-09 00:00:00-04:00,203.8041158507993,204.29079443757416,199.9518961177833,200.49632263183594,262000
2017-05-10 00:00:00-04:00,200.06733147295756,201.83258247935808,199.78687397351288,201.27166748046875,221000
2017-05-11 00:00:00-04:00,199.8776430340491,202.5090250475253,199.7044244400117,201.61814880371094,250000
2017-05-12 00:00:00-04:00,201.00773128226822,202.38529866740208,200.8015102779553,201.23045349121094,196600
2017-05-15 00:00:00-04:00,202.19557087846547,203.04520042861495,201.362442533321,201.84912109375,195100
2017-05-16 00:00:00-04:00,201.99761798087962,202.904982918829,199.95189639554877,201.71714782714844,280200
2017-05-17 00:00:00-04:00,201.71715122747702,201.71715122747702,198.09591055076655,199.33323669433594,193000
2017-05-18 00:00:00-04:00,198.714531581833,202.33577149242169,198.23610998386053,201.14794921875,248300
2017-05-19 00:00:00-04:00,200.72727828885064,204.1175521801013,200.1993530093077,201.2222137451172,269700
2017-05-22 00:00:00-04:00,200.6530307618737,202.01408431199985,200.17459653680254,201.2469482421875,369700
2017-05-23 00:00:00-04:00,201.78309902883095,203.34212912292918,199.21770955264498,203.1441650390625,241600
2017-05-24 00:00:00-04:00,204.19176836258038,204.5547193160885,202.92145261203223,204.24127197265625,303500
2017-05-25 00:00:00-04:00,204.02677284374,205.71778729009984,203.77930516605068,205.40432739257812,254600
2017-05-26 00:00:00-04:00,205.41267771138956,206.22513903870242,204.36807192603825,206.15052795410156,189700
2017-05-30 00:00:00-04:00,204.80745882170797,206.2665874542996,203.6219294579616,205.8271942138672,225600
2017-05-31 00:00:00-04:00,207.3277982231365,211.1165313720703,205.71116126352064,211.1165313720703,718300
2017-06-01 00:00:00-04:00,211.52270143743266,212.26885009423785,210.12161229932315,211.90406799316406,275800
2017-06-02 00:00:00-04:00,211.53931120555438,212.1776673085888,210.37863959504526,211.84605407714844,195400
2017-06-05 00:00:00-04:00,211.91237508537623,212.21911795093692,210.40350581646248,210.64393615722656,194400
2017-06-06 00:00:00-04:00,209.60767002616515,210.801498109815,208.61281750653566,208.9858856201172,220300
2017-06-07 00:00:00-04:00,208.54644935924327,209.74027719697193,208.388928651455,209.2760009765625,204200
2017-06-08 00:00:00-04:00,208.80349355909263,210.9838882477209,208.28948916718997,209.88954162597656,290600
2017-06-09 00:00:00-04:00,210.84293468961653,212.60880629806954,210.17139696299373,211.87924194335938,252600
2017-06-12 00:00:00-04:00,211.879229578735,214.283457207021,211.2906015268562,213.9932861328125,251800
2017-06-13 00:00:00-04:00,213.89379748682492,213.89379748682492,211.0170078031811,211.62220764160156,494400
2017-06-14 00:00:00-04:00,210.69364325502158,211.76310648742336,208.41376790937417,209.23452758789062,391400
2017-06-15 00:00:00-04:00,207.65107539384974,209.79001479627559,207.49355468840326,208.99412536621094,479600
2017-06-16 00:00:00-04:00,209.8066266804274,212.21914034427542,208.58792834239514,211.89581298828125,7583800
2017-06-19 00:00:00-04:00,213.19741250741623,215.5021587279779,212.9901510656374,213.33006286621094,487900
2017-06-20 00:00:00-04:00,212.85745350772237,213.8108508684043,210.19621161928433,211.29055786132812,321800
2017-06-21 00:00:00-04:00,211.28230458731954,213.09791671912475,210.60248103193362,212.71653747558594,369900
2017-06-22 00:00:00-04:00,212.64192070662588,214.0596070513596,211.69682177726997,212.84918212890625,368900
2017-06-23 00:00:00-04:00,213.24711702213415,213.24711702213415,210.04700039840833,210.56100463867188,469900
2017-06-26 00:00:00-04:00,211.3071931202963,212.48442396334286,210.30404215723215,210.7019805908203,299100
2017-06-27 00:00:00-04:00,210.80972084701384,211.03356670818357,209.05214816730327,210.0884552001953,355900
2017-06-28 00:00:00-04:00,210.98382791764786,212.24398082319527,210.3040044257629,211.4646759033203,532000
2017-06-29 00:00:00-04:00,212.4097945169297,212.4429634294983,210.4200898707566,211.539306640625,346000
2017-06-30 00:00:00-04:00,211.44812381821257,211.9952970563868,209.24285905846872,211.06675720214844,427400
2017-07-03 00:00:00-04:00,211.90413709026555,222.4993426797552,211.3486652050832,218.82667541503906,523900
2017-07-05 00:00:00-04:00,219.53129014815892,220.27745151482205,217.51671517928875,217.83175659179688,522600
2017-07-06 00:00:00-04:00,217.62449281402849,218.14679564485678,216.30631320789664,216.64622497558594,437800
2017-07-07 00:00:00-04:00,217.85660544732892,218.92608137357993,216.4140741750352,218.2130889892578,281500
2017-07-10 00:00:00-04:00,217.6327969028464,221.3966462008234,217.38406801016652,220.17794799804688,476900
2017-07-11 00:00:00-04:00,220.7582717539745,220.7582717539745,215.701088295682,217.40892028808594,522800
2017-07-12 00:00:00-04:00,217.2099860735672,219.37378333259431,216.72085211808368,217.80690002441406,310400
2017-07-13 00:00:00-04:00,218.56137884867277,219.11682544403996,217.1271203060486,218.7271728515625,319800
2017-07-14 00:00:00-04:00,218.2628917794145,218.82666218566456,217.14370012250663,218.6608428955078,287500
2017-07-17 00:00:00-04:00,217.70745867305067,220.08681636095818,216.51363055151603,219.58108520507812,272600
2017-07-18 00:00:00-04:00,218.32922842519253,222.5241983784755,217.77375657662054,221.62881469726562,483600
2017-07-19 00:00:00-04:00,222.35005244710374,224.51384943961887,221.62876148246673,223.04644775390625,489800
2017-07-20 00:00:00-04:00,222.7894303395616,223.69308699591923,221.95208619814957,223.1044464111328,399900
2017-07-21 00:00:00-04:00,222.6568378775713,224.14911020609244,222.17597714250175,223.9418487548828,347900
2017-07-24 00:00:00-04:00,224.45580212350322,226.7854182819187,223.24540260749774,224.77084350585938,451700
2017-07-25 00:00:00-04:00,226.12222439417638,229.78661767788464,218.2628617121975,221.13137817382812,662600
2017-07-26 00:00:00-04:00,221.20594547707583,221.20594547707583,215.41919827938568,215.56842041015625,521400
2017-07-27 00:00:00-04:00,215.19541561888306,215.43582067475933,213.1310744565896,215.16224670410156,387200
2017-07-28 00:00:00-04:00,215.16226280086775,216.00788043754142,214.03477261863623,215.4358367919922,312900
2017-07-31 00:00:00-04:00,215.609948118492,218.2463077006549,215.609948118492,217.53334045410156,307500
2017-08-01 00:00:00-04:00,219.05874463315467,220.17793603778347,217.1933918914856,218.85975646972656,393700
2017-08-02 00:00:00-04:00,218.7436882726988,221.2473968954473,218.07216335566255,219.9789581298828,277500
2017-08-03 00:00:00-04:00,219.69708040164923,221.24739160018294,219.24938870085197,220.57586669921875,213300
2017-08-04 00:00:00-04:00,221.52104831741448,221.71171265949002,218.91783235605078,220.2526092529297,211700
2017-08-07 00:00:00-04:00,220.3189296659383,220.75002439004078,219.05049055607986,220.186279296875,235100
2017-08-08 00:00:00-04:00,219.97073844583778,220.73347180927425,219.53134512899695,220.68373107910156,289600
2017-08-09 00:00:00-04:00,219.92097082725007,222.87237185885425,219.59765612065735,222.78118896484375,249500
2017-08-10 00:00:00-04:00,222.61533878430592,223.593631923405,222.06816559478267,223.26199340820312,330600
2017-08-11 00:00:00-04:00,223.4278084644686,223.56875736082566,219.58102440456722,219.75514221191406,218600
2017-08-14 00:00:00-04:00,220.76664119920784,222.98017959802104,220.57595153282475,222.96360778808594,230600
2017-08-15 00:00:00-04:00,223.51072624656877,224.62164445083127,220.84949662814543,221.6951141357422,258000
2017-08-16 00:00:00-04:00,222.61537602489602,223.5522018560801,220.5261896521504,221.28062438964844,227300
2017-08-17 00:00:00-04:00,221.11480278321852,221.5624946085612,217.35095299011715,217.62452697753906,296600
2017-08-18 00:00:00-04:00,216.98612186332508,218.25456066529568,216.65448337092994,218.05557250976562,659500
2017-08-21 00:00:00-04:00,218.15511167952567,218.296035289332,216.820334860396,217.59963989257812,215200
2017-08-22 00:00:00-04:00,217.74886706953737,218.602783203125,217.39238345950358,218.602783203125,254600
2017-08-23 00:00:00-04:00,218.5115532327944,220.30229475148113,217.70737799477948,217.86489868164062,194200
2017-08-24 00:00:00-04:00,217.85664277919795,218.12194349326637,212.79945860681858,213.57046508789062,369100
2017-08-25 00:00:00-04:00,213.47923197464593,216.03268117052744,213.25539878132452,215.7508087158203,302000
2017-08-28 00:00:00-04:00,214.60672378122072,214.6233208848919,208.72050783326702,209.65733337402344,581900
2017-08-29 00:00:00-04:00,208.786887795224,210.10506755944456,207.8832309241723,209.32577514648438,491100
2017-08-30 00:00:00-04:00,208.8449153690853,210.5030068488442,208.03244143583493,208.71226501464844,405500
2017-08-31 00:00:00-04:00,208.70397337195527,209.7485664213927,207.41894998043358,209.3174591064453,528800
2017-09-01 00:00:00-04:00,209.42579257223676,210.74220383469196,206.43471274024853,206.9429473876953,540600
2017-09-05 00:00:00-04:00,205.06833176329812,205.06833176329812,191.6792709904332,192.62075805664062,1013700
2017-09-06 00:00:00-04:00,192.5207518892128,194.8369653235698,189.28804563701289,189.44635009765625,1195200
2017-09-07 00:00:00-04:00,189.3796687485283,189.38799587729417,175.13244724389773,176.58216857910156,1196400
2017-09-08 00:00:00-04:00,176.54883863689562,188.854771511244,174.31594761238853,185.36378479003906,1566400
2017-09-11 00:00:00-04:00,201.76893321744268,204.30177909314395,192.24579886424885,193.26226806640625,1421900
2017-09-12 00:00:00-04:00,193.2539421928765,195.76179414760574,190.95439562726156,194.33706665039062,653200
2017-09-13 00:00:00-04:00,193.26225795893515,195.06189679282144,191.23764679019823,194.39537048339844,479900
2017-09-14 00:00:00-04:00,194.40369016442085,194.40369016442085,189.14638591424855,191.0376739501953,558300
2017-09-15 00:00:00-04:00,191.29599947865685,193.17063357005546,190.42949482369843,193.0123291015625,540100
2017-09-18 00:00:00-04:00,193.29564548609582,193.98717884682148,188.44658482890327,188.85484313964844,483400
2017-09-19 00:00:00-04:00,188.62153728798165,190.8377746716621,187.65505610684886,188.19662475585938,599400
2017-09-20 00:00:00-04:00,188.12164059071713,188.4049283416769,184.62232556404075,187.3134765625,648400
2017-09-21 00:00:00-04:00,187.67168213479115,190.50445715721622,187.47171660926978,189.3796844482422,427000
2017-09-22 00:00:00-04:00,188.55485993036152,189.4213645816346,186.79686923693308,188.51319885253906,341700
2017-09-25 00:00:00-04:00,187.7966680572171,189.5879926649644,186.2553099117703,186.5802459716797,537000
2017-09-26 00:00:00-04:00,185.15552949934548,185.78874739649874,180.83971117991888,183.52252197265625,888700
2017-09-27 00:00:00-04:00,185.7554282900431,186.03870331236385,184.10575365709457,184.19740295410156,736000
2017-09-28 00:00:00-04:00,184.11406575141405,187.02183619790034,183.1142634104702,185.6970977783203,591800
2017-09-29 00:00:00-04:00,186.27199579991984,191.1710312996204,185.53880145154983,190.28787231445312,663300
2017-10-02 00:00:00-04:00,189.29639174319834,192.01253652299332,187.0551603929418,191.02938842773438,560000
2017-10-03 00:00:00-04:00,190.4211229929778,191.6708787605364,189.49630321645753,191.0626678466797,412300
2017-10-04 00:00:00-04:00,191.2126459712273,191.7542017569002,189.58796590103466,189.7129364013672,396000
2017-10-05 00:00:00-04:00,188.7798255141876,190.3128566061051,188.30491209580012,188.9214630126953,450300
2017-10-06 00:00:00-04:00,189.36304183280845,190.07956916662098,187.1884657266127,187.47174072265625,312100
2017-10-09 00:00:00-04:00,187.9549472045252,189.51298482673496,186.63020903973532,188.31321716308594,343700
2017-10-10 00:00:00-04:00,188.2965859945133,189.40470459696485,187.22180134082015,187.27178955078125,380200
2017-10-11 00:00:00-04:00,187.07181758980906,187.28011026629645,184.14739298866934,185.38880920410156,564000
2017-10-12 00:00:00-04:00,185.8720696886112,189.67966632579117,185.8720696886112,188.97146606445312,579500
2017-10-13 00:00:00-04:00,189.96290422135732,203.78520196419674,189.96290422135732,200.3858642578125,933400
2017-10-16 00:00:00-04:00,199.9276359522518,200.9107712227522,198.11964444344633,198.39459228515625,562400
2017-10-17 00:00:00-04:00,199.28610121753056,199.28610121753056,195.9284243228442,196.9615478515625,439300
2017-10-18 00:00:00-04:00,197.54475305552614,197.86134923650053,195.05356840104798,195.7950897216797,323400
2017-10-19 00:00:00-04:00,195.44518972353006,197.84472547394483,195.13692062424184,197.6697540283203,237900
2017-10-20 00:00:00-04:00,199.3777357610777,199.57768857730943,196.41165033067398,197.18649291992188,402200
2017-10-23 00:00:00-04:00,197.44480071828352,197.44480071828352,195.55351226981702,196.50332641601562,294100
2017-10-24 00:00:00-04:00,196.2366996110781,198.30295944695519,194.42872066553863,195.1952362060547,491200
2017-10-25 00:00:00-04:00,194.6036674269078,198.34459536680163,193.0956179286541,194.07876586914062,536500
2017-10-26 00:00:00-04:00,194.96193888392168,196.74492362843566,193.21227537277008,195.75344848632812,371500
2017-10-27 00:00:00-04:00,195.4535012877241,199.28609139349328,193.42056285143826,197.41978454589844,534300
2017-10-30 00:00:00-04:00,196.4616027705209,200.5774669976979,196.4616027705209,199.22772216796875,645800
2017-10-31 00:00:00-04:00,199.12779713142473,203.43528812119703,196.86157181228916,197.8363800048828,817200
2017-11-01 00:00:00-04:00,198.76951371309903,199.23608720928428,195.6201171875,195.6201171875,728600
2017-11-02 00:00:00-04:00,195.62013464429467,197.66974007192508,188.9464422011174,189.496337890625,692600
2017-11-03 00:00:00-04:00,189.4963876110702,190.68781587110394,186.66359898174863,189.82965087890625,500700
2017-11-06 00:00:00-05:00,189.62963366407385,192.2457888398063,189.62963366407385,190.34616088867188,310600
2017-11-07 00:00:00-05:00,190.79610203568365,193.02899354670217,188.80482444872914,189.15475463867188,489800
2017-11-08 00:00:00-05:00,188.3965410896409,190.85440464871655,187.57171029229315,190.26284790039062,580900
2017-11-09 00:00:00-05:00,190.1712274330543,193.60388692244635,188.89647717750134,192.2874755859375,561600
2017-11-10 00:00:00-05:00,192.08748817356778,193.94545508864348,189.97956753091123,192.5790557861328,329200
2017-11-13 00:00:00-05:00,192.1791484468234,192.6373948547477,190.07122768354697,190.42115783691406,410500
2017-11-14 00:00:00-05:00,189.58799282054713,190.46282458661366,188.04662196065965,188.40489196777344,425400
2017-11-15 00:00:00-05:00,187.8549757954947,192.02915591578474,186.24694993009845,191.02102661132812,599000
2017-11-16 00:00:00-05:00,191.05435259430564,191.59592112451944,187.16344732945143,187.85498046875,589300
2017-11-17 00:00:00-05:00,188.04662741717897,189.621319556521,187.21345670402073,188.56320190429688,832900
2017-11-20 00:00:00-05:00,188.57982894809538,188.57982894809538,185.98866789561822,186.4969024658203,447000
2017-11-21 00:00:00-05:00,187.18843623325208,187.18843623325208,184.9222111956167,185.1721649169922,499300
2017-11-22 00:00:00-05:00,185.2555138531929,185.6970933157745,182.5227149208034,182.6643524169922,623000
2017-11-24 00:00:00-05:00,182.77264983458696,183.2059021522169,181.0479931205589,181.35626220703125,299200
2017-11-27 00:00:00-05:00,182.84764574796264,186.40527545102523,181.55622863210704,185.8553924560547,950500
2017-11-28 00:00:00-05:00,186.74372564888384,189.36684088611642,185.42797366480883,188.5706787109375,573800
2017-11-29 00:00:00-05:00,188.9227225681886,190.7999702729556,184.98386683304628,186.66836547851562,481300
2017-11-30 00:00:00-05:00,187.2465422196878,188.3611564262604,182.5115386151618,184.03680419921875,917200
2017-12-01 00:00:00-05:00,184.3301541693843,185.77160947551164,180.20692601035782,182.74623107910156,471800
2017-12-04 00:00:00-05:00,183.9027103939528,185.2268382463299,178.81571264233256,178.97494506835938,567600
2017-12-05 00:00:00-05:00,179.72083286460156,179.8381600143624,177.3575251943622,177.79330444335938,529100
2017-12-06 00:00:00-05:00,177.9860447579732,180.0392760248589,176.82952528725363,176.8798065185547,626500
2017-12-07 00:00:00-05:00,176.5613685020952,177.55865570012003,175.99987335440488,176.29319763183594,597800
2017-12-08 00:00:00-05:00,176.20098705202463,179.5783462088882,174.99418633129642,177.90223693847656,609800
2017-12-11 00:00:00-05:00,177.6592037581671,182.4528772146199,176.39373309598233,182.25173950195312,655500
2017-12-12 00:00:00-05:00,182.71267524574475,184.96704426168463,182.47802097077766,184.22117614746094,793800
2017-12-13 00:00:00-05:00,183.82728132624575,184.59829002246857,181.27121224286128,181.79080200195312,668100
2017-12-14 00:00:00-05:00,182.6121427105558,183.41668097556874,179.86332388562295,182.4445343017578,1334600
2017-12-15 00:00:00-05:00,183.0897713758709,187.91696079084915,182.51151171303397,186.14028930664062,906300
2017-12-18 00:00:00-05:00,185.95591146319603,186.4671252168715,182.31036929331555,183.7183074951172,453700
2017-12-19 00:00:00-05:00,184.061966959417,184.43071309169247,182.74621487722501,183.4334259033203,455700
2017-12-20 00:00:00-05:00,183.6513078181588,185.0340929684067,180.61755387356408,181.4472198486328,402700
2017-12-21 00:00:00-05:00,182.31037946992683,184.1960021897354,182.20981701693358,183.06463623046875,335300
2017-12-22 00:00:00-05:00,182.69591605944538,183.76862500228307,182.15118564499005,183.4920654296875,173900
2017-12-26 00:00:00-05:00,183.24905527621854,185.57045773382234,183.24905527621854,184.14576721191406,161600
2017-12-27 00:00:00-05:00,184.0451942370228,185.41960344141955,183.5004637939698,184.3552703857422,187400
2017-12-28 00:00:00-05:00,184.63180629694762,186.7437074628343,184.2295436707734,186.52581787109375,226100
2017-12-29 00:00:00-05:00,186.6264341023173,186.69348002394693,185.23526000083163,185.42800903320312,304300
2018-01-02 00:00:00-05:00,186.58447639899154,186.58447639899154,180.76837540506693,181.41368103027344,563500
2018-01-03 00:00:00-05:00,182.2684968176454,184.6485687768197,180.52534174132535,184.17926025390625,479000
2018-01-04 00:00:00-05:00,184.97541728617244,187.11245913091338,184.23792512636882,185.85537719726562,431700
2018-01-05 00:00:00-05:00,186.6515678861564,186.6515678861564,183.71837605775758,186.34149169921875,391000
2018-01-08 00:00:00-05:00,185.73804902300662,186.24926285133935,183.04788807345608,183.32444763183594,551800
2018-01-09 00:00:00-05:00,182.64567315459266,184.9419352229983,181.75733707373192,181.8159942626953,436400
2018-01-10 00:00:00-05:00,181.5058883901563,185.285510482119,181.32151533321178,184.34689331054688,394300
2018-01-11 00:00:00-05:00,184.66536698896718,187.85835350086342,184.37204271502216,186.7269744873047,365300
2018-01-12 00:00:00-05:00,186.81916714186303,188.01759210838495,184.90840329594783,187.89187622070312,278000
2018-01-16 00:00:00-05:00,189.0567537604504,189.4841698349237,186.4336512859265,186.6766815185547,370500
2018-01-17 00:00:00-05:00,187.64045525878973,189.58474843604367,186.4169024728461,189.40037536621094,265900
2018-01-18 00:00:00-05:00,189.01482611286892,190.3222020115521,186.88617308636478,187.08731079101562,312600
2018-01-19 00:00:00-05:00,187.581760425146,189.0232153430458,187.2297790318493,188.22706604003906,259100
2018-01-22 00:00:00-05:00,192.75261868623747,197.63848007702595,192.71071338550433,193.17164611816406,477000
2018-01-23 00:00:00-05:00,192.81962040074797,194.25268672825433,190.16298862596238,194.12698364257812,446500
2018-01-24 00:00:00-05:00,194.42867341883633,195.84498778416912,193.62413535051573,194.39515686035156,321100
2018-01-25 00:00:00-05:00,194.37839527494316,194.8560797702068,192.80284845945812,193.53195190429688,288700
2018-01-26 00:00:00-05:00,193.67444499605006,193.67444499605006,189.21598788362803,192.12403869628906,294800
2018-01-29 00:00:00-05:00,192.0989039066483,192.55144782877832,188.7802015894609,191.76368713378906,253800
2018-01-30 00:00:00-05:00,191.31114180294122,193.1297191186551,189.58475102340182,190.6155548095703,291300
2018-01-31 00:00:00-05:00,190.9926342988239,193.2386272302578,190.6825581952614,192.58494567871094,419600
2018-02-01 00:00:00-05:00,191.7217727447934,194.14375025874614,191.15188891272828,192.86990356445312,296000
2018-02-02 00:00:00-05:00,192.18273572219792,194.9566951052751,192.18273572219792,192.42576599121094,346100
2018-02-05 00:00:00-05:00,191.33627013075684,194.2526969613752,187.99243999862463,188.92266845703125,493400
2018-02-06 00:00:00-05:00,189.3836421301695,203.6473400641937,189.3836421301695,203.0774688720703,942000
2018-02-07 00:00:00-05:00,203.06903301708232,210.0835467884093,203.0019871063252,206.7480926513672,669200
2018-02-08 00:00:00-05:00,206.16146148640078,207.35149765639176,202.02146911621094,202.02146911621094,514100
2018-02-09 00:00:00-05:00,203.99091807262448,203.99091807262448,198.97096531215044,200.94039916992188,510700
2018-02-12 00:00:00-05:00,202.44885522855398,204.67807073894917,198.98768564928767,200.6973114013672,472300
2018-02-13 00:00:00-05:00,200.42079379126838,200.42079379126838,198.13290784218077,199.60787963867188,388600
2018-02-14 00:00:00-05:00,199.0547648096576,203.8651908182501,198.97933016463855,203.30369567871094,280200
2018-02-15 00:00:00-05:00,204.0747103805158,205.03009229717028,201.18342401072195,203.13609313964844,368400
2018-02-16 00:00:00-05:00,202.59971539842434,204.6529467714993,201.43481992480795,203.86517333984375,283300
2018-02-20 00:00:00-05:00,203.78975148899144,205.32339306148484,201.65270953428103,203.86517333984375,373400
2018-02-21 00:00:00-05:00,203.7813770316041,205.3233945584236,200.94874814930571,201.0828399658203,375600
2018-02-22 00:00:00-05:00,201.85390637280815,204.03285425646607,200.54654275769462,200.63034057617188,382300
2018-02-23 00:00:00-05:00,200.86493376008866,203.75623255270102,198.21669076646427,203.5970001220703,257100
2018-02-26 00:00:00-05:00,204.2003953935164,204.2003953935164,201.24206355555648,202.4991455078125,335900
2018-02-27 00:00:00-05:00,203.02710226643535,205.28147118062657,201.83706627204225,203.79811096191406,367300
2018-02-28 00:00:00-05:00,204.87924224316274,205.34017490530084,201.3342742919922,201.3342742919922,286100
2018-03-01 00:00:00-05:00,202.19745973346184,203.60538548220177,199.45701730174326,199.77548217773438,315200
2018-03-02 00:00:00-05:00,198.90388543095835,200.52133753773305,198.61057397922028,200.29505920410156,226300
2018-03-05 00:00:00-05:00,205.3234086316211,213.98889146155653,203.69758041111825,213.1592254638672,506500
2018-03-06 00:00:00-05:00,212.7969771975632,215.19770831760536,210.03403745036587,214.54908752441406,423100
2018-03-07 00:00:00-05:00,212.81384549825563,215.76211856793958,212.24104682586304,215.28196716308594,350500
2018-03-08 00:00:00-05:00,215.13032048439192,217.05931923426553,213.71516185008363,216.74765014648438,322600
2018-03-09 00:00:00-05:00,217.78376353510308,221.9113224304606,215.787374430431,221.2205810546875,400200
2018-03-12 00:00:00-04:00,220.9004947656918,221.83552780345155,219.3168537336584,220.18450927734375,263600
2018-03-13 00:00:00-04:00,221.08582341781664,221.08582341781664,219.0388945558369,220.5045928955078,185000
2018-03-14 00:00:00-04:00,220.99316905487484,221.75128797496987,218.4239554225443,219.32528686523438,279400
2018-03-15 00:00:00-04:00,220.21813894824177,220.6645886597955,217.884811317183,218.48287963867188,283100
2018-03-16 00:00:00-04:00,218.48292695851387,222.07138907821695,218.48292695851387,220.1929168701172,559800
2018-03-19 00:00:00-04:00,220.00759187390906,221.82709266824986,219.33371411605927,221.26272583007812,219300
2018-03-20 00:00:00-04:00,221.6501893086723,221.6501893086723,219.11467750085373,219.2326202392578,211200
2018-03-21 00:00:00-04:00,218.55028061645052,223.12428858408285,216.18325141595793,218.66819763183594,151800
2018-03-22 00:00:00-04:00,217.21093715697444,218.11226852617276,213.26027955571237,213.36135864257812,275300
2018-03-23 00:00:00-04:00,214.17845225342842,215.67786490151752,209.43597412109375,209.43597412109375,352700
2018-03-26 00:00:00-04:00,211.67666777492545,212.780170323116,209.55392953824565,212.65380859375,228300
2018-03-27 00:00:00-04:00,213.58035734513655,215.0460553595791,210.3372665564452,211.17962646484375,220500
2018-03-28 00:00:00-04:00,211.78611465404862,218.33968619601077,211.7271561475578,217.6068115234375,361400
2018-03-29 00:00:00-04:00,218.71879822905055,218.71879822905055,216.24225743994808,216.33493041992188,329700
2018-04-02 00:00:00-04:00,217.13511528653254,218.56713748576018,211.9883083258503,214.31321716308594,293000
2018-04-03 00:00:00-04:00,215.70312768120817,218.4155278630989,215.0460750673214,216.5202178955078,267000
2018-04-04 00:00:00-04:00,214.61644669334387,217.83426756701678,213.54664605927982,217.5562744140625,282400
2018-04-05 00:00:00-04:00,218.97993876102794,218.97993876102794,215.78741228151853,215.9727325439453,240400
2018-04-06 00:00:00-04:00,214.68386879750784,216.4107093575961,212.43476915370852,214.17002868652344,249300
2018-04-09 00:00:00-04:00,215.3577381002913,220.60564960438722,213.630897710706,217.19407653808594,316400
2018-04-10 00:00:00-04:00,218.94624844613764,219.7717448915776,215.07980581956133,215.8126678466797,286600
2018-04-11 00:00:00-04:00,215.3999069234992,219.70436755057352,214.74285422007983,219.0136260986328,259800
2018-04-12 00:00:00-04:00,219.01358272723297,220.06653264419083,209.67181414879713,211.13751220703125,517100
2018-04-13 00:00:00-04:00,211.34809732270574,212.01356885279597,208.89683974106296,209.9076690673828,219800
2018-04-16 00:00:00-04:00,210.91012144558584,212.78016185590928,209.72239064514355,211.364990234375,280500
2018-04-17 00:00:00-04:00,212.78852537591666,213.06650567294298,206.90042530994094,208.4250946044922,396500
2018-04-18 00:00:00-04:00,209.05690013601085,209.91611094114916,204.91249044856983,205.42633056640625,407200
2018-04-19 00:00:00-04:00,204.9883256357337,205.7548635213552,203.68266497273396,204.14596557617188,436300
2018-04-20 00:00:00-04:00,204.9377320009605,208.172403747428,204.48286331581218,208.05447387695312,458500
2018-04-23 00:00:00-04:00,208.0545084818136,209.4696671628898,206.1002270421628,206.68145751953125,175100
2018-04-24 00:00:00-04:00,206.67306692582773,208.3409364156613,204.5250459832293,206.08340454101562,236200
2018-04-25 00:00:00-04:00,205.5948348611028,205.86438340813703,201.71997327699978,202.5370635986328,376900
2018-04-26 00:00:00-04:00,200.17001542476288,200.17001542476288,193.4227034465118,195.35171508789062,743300
2018-04-27 00:00:00-04:00,196.2530266552474,200.65857865254173,195.46963803503846,199.40345764160156,363600
2018-04-30 00:00:00-04:00,199.15073204485248,199.85831129746023,195.97503152675884,195.99188232421875,243500
2018-05-01 00:00:00-04:00,195.76445842865945,196.36253968283899,194.20610014411844,196.18563842773438,220300
2018-05-02 00:00:00-04:00,195.9329401514344,196.74159854944838,191.47684857604776,192.20127868652344,375600
2018-05-03 00:00:00-04:00,192.11703721605284,192.79091488369232,187.56828583913065,190.49969482421875,553700
2018-05-04 00:00:00-04:00,187.85469579665374,192.98467787849847,187.85469579665374,191.65374755859375,209800
2018-05-07 00:00:00-04:00,191.96540762143812,192.31077828418728,190.0027074044253,190.82821655273438,199800
2018-05-08 00:00:00-04:00,190.49973682880224,192.03283842352909,188.61285837793284,191.35894775390625,390900
2018-05-09 00:00:00-04:00,191.36735509738492,192.45400678879085,190.08697704165272,192.01597595214844,240200
2018-05-10 00:00:00-04:00,192.37819011263412,193.5406382279149,191.69588053654894,192.2181396484375,227200
2018-05-11 00:00:00-04:00,191.98226485530049,193.02678299741197,191.30837430508436,192.30235290527344,164500
2018-05-14 00:00:00-04:00,192.30238658246216,192.3529389866308,190.7440280689082,191.1399383544922,308700
2018-05-15 00:00:00-04:00,190.79456023711683,192.15917946877275,190.17964097084402,192.074951171875,315600
2018-05-16 00:00:00-04:00,192.09178418501884,193.15316609650554,191.36735401265275,192.9594268798828,223500
2018-05-17 00:00:00-04:00,192.88358125053284,193.00151113153612,190.16276216163317,191.8896026611328,234200
2018-05-18 00:00:00-04:00,191.49368810811865,193.32160764892797,190.6429091896955,190.82821655273438,312500
2018-05-21 00:00:00-04:00,191.88119783984348,193.82706043033943,191.64533804464304,192.83306884765625,263700
2018-05-22 00:00:00-04:00,192.63933999202987,194.07134964090704,192.42031813227754,192.9341583251953,199000
2018-05-23 00:00:00-04:00,192.73195825727862,192.9593990416979,190.21329739097098,190.82821655273438,224800
2018-05-24 00:00:00-04:00,191.07245841357695,191.41782898645275,189.6067478614093,190.8197479248047,315100
2018-05-25 00:00:00-04:00,190.38178323535897,192.21813476023888,189.96060322592888,191.58636474609375,178900
2018-05-29 00:00:00-04:00,190.72216124241447,191.22202038117405,188.95151169018908,190.38328552246094,446900
2018-05-30 00:00:00-04:00,191.06957523280056,191.6880294266444,190.26473545824481,191.05262756347656,222400
2018-05-31 00:00:00-04:00,190.71379695323049,191.4254441061405,188.88383605093009,190.8662872314453,487700
2018-06-01 00:00:00-04:00,192.84018949022638,192.84018949022638,190.78149404118966,191.3999481201172,179200
2018-06-04 00:00:00-04:00,191.4253995632134,192.7470333760249,191.04416102909994,192.04385375976562,122200
2018-06-05 00:00:00-04:00,191.77276968479964,192.1031781621216,190.62057370001043,191.9083251953125,166600
2018-06-06 00:00:00-04:00,192.19633632202283,193.30616939385183,190.61207197618597,193.2468719482422,182400
2018-06-07 00:00:00-04:00,193.78060324284993,195.12766489686553,192.5182799278656,194.92433166503906,145500
2018-06-08 00:00:00-04:00,195.02598195488383,195.72069409969725,193.50949540862558,195.12765502929688,188700
2018-06-11 00:00:00-04:00,195.38178370612624,196.4407865454445,193.07739249358733,193.5687713623047,145500
2018-06-12 00:00:00-04:00,193.24688326849832,193.890752474186,191.65413853192783,192.56063842773438,207900
2018-06-13 00:00:00-04:00,193.34855441719202,194.72101832217731,191.9845578833333,192.60301208496094,147600
2018-06-14 00:00:00-04:00,192.59449296908255,193.22989466953283,190.84925836687742,191.46771240234375,225900
2018-06-15 00:00:00-04:00,191.28981419297196,193.24686249342773,190.2308112484163,191.97605895996094,525100
2018-06-18 00:00:00-04:00,192.34886298533385,193.40786618231093,190.79849368097032,192.10317993164062,232700
2018-06-19 00:00:00-04:00,191.61177102040816,194.72948266837594,191.61177102040816,194.20420837402344,220300
2018-06-20 00:00:00-04:00,194.2635561400726,195.75462804209857,193.72981437255444,194.96673583984375,273100
2018-06-21 00:00:00-04:00,194.80571748884404,195.55972709058472,192.39966583017514,193.72976684570312,214000
2018-06-22 00:00:00-04:00,194.59392144822152,195.0937677619918,193.00117679847727,194.85655212402344,382700
2018-06-25 00:00:00-04:00,194.8311322110427,197.80480790870504,194.65321402337702,197.1185760498047,208400
2018-06-26 00:00:00-04:00,196.78818126633837,197.6015012948308,194.14491379648376,194.77183532714844,295200
2018-06-27 00:00:00-04:00,194.44142473351687,196.0934798111079,192.12009835262182,193.7721405029297,465400
2018-06-28 00:00:00-04:00,194.00091703423925,196.85598549771765,193.49259033213065,196.11044311523438,242200
2018-06-29 00:00:00-04:00,195.96640899923537,197.0338924270148,194.22964128175403,195.2632293701172,282100
2018-07-02 00:00:00-04:00,195.50040587450104,196.11039258895917,191.7218907054051,192.4504852294922,297700
2018-07-03 00:00:00-04:00,193.03509332565432,194.39908985735676,190.98485191525992,191.7981719970703,164300
2018-07-05 00:00:00-04:00,192.81480312690687,195.51738101965802,192.5860677722989,195.39877319335938,229000
2018-07-06 00:00:00-04:00,195.26324211657618,197.1186177885617,194.33979443010833,195.24630737304688,171400
2018-07-09 00:00:00-04:00,195.9748775104754,199.7279781698218,195.87320442562623,199.10104370117188,170500
2018-07-10 00:00:00-04:00,199.6686249951482,199.6686249951482,197.32188401246162,198.4317169189453,206200
2018-07-11 00:00:00-04:00,197.88107910261434,199.11798741940189,197.2626120169373,198.0335693359375,149400
2018-07-12 00:00:00-04:00,199.10106584014278,199.64327495292304,196.44933065960547,197.2711181640625,128800
2018-07-13 00:00:00-04:00,197.499839954098,197.499839954098,195.49197419337153,196.16973876953125,157800
2018-07-16 00:00:00-04:00,196.75427686315248,199.45684147938113,196.04261707004144,199.2450408935547,251500
2018-07-17 00:00:00-04:00,199.71951745641414,199.71951745641414,197.8133118748165,199.18577575683594,171800
2018-07-18 00:00:00-04:00,199.49924703643913,200.85477624782234,198.48260659154403,200.21090698242188,243200
2018-07-19 00:00:00-04:00,199.84659106739025,200.1685321442292,197.9742679119145,198.49954223632812,171500
2018-07-20 00:00:00-04:00,191.04418543235676,191.04418543235676,186.2998457229893,190.4680938720703,647600
2018-07-23 00:00:00-04:00,188.84990230011022,191.51011749106402,187.6892261464931,190.8408203125,392900
2018-07-24 00:00:00-04:00,190.76456835508603,190.8577611388634,188.39239898125703,189.33279418945312,287500
2018-07-25 00:00:00-04:00,188.2652922148997,190.78995139662248,186.56242028122537,189.4513702392578,314800
2018-07-26 00:00:00-04:00,189.95969626530226,193.22143021437807,189.63775526215625,192.52671813964844,339100
2018-07-27 00:00:00-04:00,192.40813252197432,194.6193312449251,191.30676684547674,191.6287078857422,291900
2018-07-30 00:00:00-04:00,191.35760239398198,194.41600358214902,189.0277957885919,189.55307006835938,334800
2018-07-31 00:00:00-04:00,183.84287465934153,185.47796867587195,180.47101357324624,184.98660278320312,659600
2018-08-01 00:00:00-04:00,183.3769679719572,187.13008155286184,183.24141247722073,186.27439880371094,724700
2018-08-02 00:00:00-04:00,185.87621923990238,188.88379063419416,185.59665379706283,186.359130859375,395700
2018-08-03 00:00:00-04:00,185.73221006770612,187.09620668038949,184.06322002214682,186.96913146972656,262800
2018-08-06 00:00:00-04:00,187.3926915809273,189.80721054416927,184.72399639761937,185.4525909423828,271700
2018-08-07 00:00:00-04:00,185.63056492317787,186.1049963177641,183.91074465415983,184.9951629638672,271700
2018-08-08 00:00:00-04:00,184.40206617459853,185.4102390371185,183.79207944983492,183.96151733398438,173600
2018-08-09 00:00:00-04:00,184.13945927482987,184.34277959113115,182.09769825008058,182.32644653320312,174200
2018-08-10 00:00:00-04:00,181.4792648087965,183.25838241610438,179.6493041893212,182.29257202148438,293600
2018-08-13 00:00:00-04:00,181.9282440293785,183.0973745251181,181.2674272060919,182.0807342529297,285200
2018-08-14 00:00:00-04:00,181.46233313944236,182.7331370827012,180.555820121487,181.8605194091797,229500
2018-08-15 00:00:00-04:00,181.3521671264121,184.74945746317906,181.3521671264121,183.1736602783203,198500
2018-08-16 00:00:00-04:00,183.6226877496501,187.20635096352208,183.6226877496501,184.2750244140625,222800
2018-08-17 00:00:00-04:00,183.99538860420583,185.85924399889223,183.72429059143033,185.0289764404297,257100
2018-08-20 00:00:00-04:00,185.3763703649006,187.29105622027885,185.0290142497039,186.72341918945312,209900
2018-08-21 00:00:00-04:00,186.31675648664023,187.367292151589,186.00329572488945,186.6217498779297,217500
2018-08-22 00:00:00-04:00,186.50314330942498,187.34187837293285,185.8592741133871,186.37606811523438,207700
2018-08-23 00:00:00-04:00,186.34214658752967,186.82505811214557,185.15606851751394,186.46075439453125,249800
2018-08-24 00:00:00-04:00,186.5709031564289,187.7400465399519,186.5709031564289,187.10464477539062,156700
2018-08-27 00:00:00-04:00,187.24867578406014,189.51070461319978,187.24867578406014,188.4940643310547,227400
2018-08-28 00:00:00-04:00,188.51950019826157,189.5954380443779,187.99422586807722,188.46018981933594,203100
2018-08-29 00:00:00-04:00,188.79905826466572,189.3836170563415,187.07075814537285,188.80752563476562,246600
2018-08-30 00:00:00-04:00,188.68893199896667,188.68893199896667,186.57939323010186,188.4347686767578,242900
2018-08-31 00:00:00-04:00,188.03657193482925,189.20571539500196,187.24019960267003,188.94308471679688,265500
2018-09-04 00:00:00-04:00,188.67892716191338,189.1305761363087,187.23024103632005,188.80674743652344,238300
2018-09-05 00:00:00-04:00,187.39213497672537,189.4969954359783,187.24726767019968,188.4147491455078,340300
2018-09-06 00:00:00-04:00,187.9801348345512,188.87491573360785,186.6677990515263,186.8893585205078,374000
2018-09-07 00:00:00-04:00,187.17907999087507,187.17907999087507,183.26762396737638,183.63406372070312,797600
2018-09-10 00:00:00-04:00,183.85561630558416,183.85561630558416,176.31390911452948,178.8192901611328,499700
2018-09-11 00:00:00-04:00,178.1887244175431,181.41844249260012,176.1264618963845,179.39027404785156,395400
2018-09-12 00:00:00-04:00,179.7907751377774,183.62553911779386,179.52660458853552,182.3728485107422,437900
2018-09-13 00:00:00-04:00,183.36987464192683,188.6874183913147,182.9693668351927,188.06533813476562,394700
2018-09-14 00:00:00-04:00,188.32951312591908,190.72410802227648,187.57108257508264,190.35768127441406,217000
2018-09-17 00:00:00-04:00,190.80936562511093,190.97979700466928,188.8493722524879,190.2554473876953,219300
2018-09-18 00:00:00-04:00,190.6133095489464,192.76931082217547,189.90602015069408,192.36026000976562,244400
2018-09-19 00:00:00-04:00,192.5733452685422,196.46776785003308,192.5733452685422,195.62411499023438,346200
2018-09-20 00:00:00-04:00,195.77747800341675,197.78006906248842,195.7348669163986,197.44772338867188,217500
2018-09-21 00:00:00-04:00,199.0839367836464,199.42481256074498,195.85421843951056,198.6663818359375,379200
2018-09-24 00:00:00-04:00,198.20615122216282,198.29137339503632,193.11017995881315,194.93382263183594,349000
2018-09-25 00:00:00-04:00,195.28322022188058,196.2802572546703,193.25505208506766,195.197998046875,194900
2018-09-26 00:00:00-04:00,195.16390070850665,196.4421552085567,193.323211107696,194.11572265625,202000
2018-09-27 00:00:00-04:00,193.97089147957072,195.60705598382583,193.10168761995618,194.45663452148438,149600
2018-09-28 00:00:00-04:00,194.14984805148922,195.9820079292897,192.03647057793287,194.6952362060547,226200
2018-10-01 00:00:00-04:00,194.44810431544377,195.34288523179626,190.78378447251012,191.20986938476562,256700
2018-10-02 00:00:00-04:00,192.36879916284408,195.55590562496945,191.00532239622441,193.54478454589844,250900
2018-10-03 00:00:00-04:00,194.03908752422078,195.12134695980694,192.47109799748677,192.5563201904297,223300
2018-10-04 00:00:00-04:00,193.3999161151281,194.31174396059697,191.95123018603778,193.34027099609375,271400
2018-10-05 00:00:00-04:00,192.7011448307326,195.55590561882804,192.5221834664266,193.408447265625,169900
2018-10-08 00:00:00-04:00,193.34025802506153,194.43955117308636,192.10460160663138,193.61294555664062,200200
2018-10-09 00:00:00-04:00,193.84307642329347,195.80306967490083,192.9142144094324,195.5814971923828,253500
2018-10-10 00:00:00-04:00,193.33181785746115,194.9765128391711,185.3384715158268,185.54298400878906,334400
2018-10-11 00:00:00-04:00,185.21059659367296,189.03684399456523,183.02052678738093,183.21652221679688,344300
2018-10-12 00:00:00-04:00,185.33837971360572,185.33837971360572,177.8051902124928,181.5036163330078,253100
2018-10-15 00:00:00-04:00,181.98087406367225,184.6566868724837,181.42695585933777,182.80747985839844,162200
2018-10-16 00:00:00-04:00,183.84709010071816,185.0571694771054,182.33874613727974,183.55734252929688,132900
2018-10-17 00:00:00-04:00,183.52328904390436,184.83562481737962,181.2309501964681,184.0771942138672,219200
2018-10-18 00:00:00-04:00,183.4721875230936,184.2902633696802,179.2113378964685,179.9101104736328,238000
2018-10-19 00:00:00-04:00,179.23686078226004,185.3469161829564,178.61478052053084,184.2220458984375,358300
2018-10-22 00:00:00-04:00,184.30728346802496,185.4236238265273,181.06051860762383,181.19686889648438,214700
2018-10-23 00:00:00-04:00,179.03235867747372,181.40991981429391,177.941582321834,178.91305541992188,237800
2018-10-24 00:00:00-04:00,177.83927216455314,178.11195966921895,174.62658919925414,174.762939453125,269400
2018-10-25 00:00:00-04:00,175.51291191593836,178.71706594181933,175.42768972781823,176.86785888671875,179500
2018-10-26 00:00:00-04:00,175.453249278974,177.05533275232202,173.75742660233263,174.7203826904297,250300
2018-10-29 00:00:00-04:00,175.74297168913705,178.2227888922612,174.35394377718,175.93898010253906,312200
2018-10-30 00:00:00-04:00,186.04571801575838,187.77562167916628,179.1516544129439,187.04275512695312,516700
2018-10-31 00:00:00-04:00,188.06539009995535,189.22434176288738,183.3017631557677,185.65374755859375,486200
2018-11-01 00:00:00-04:00,185.6878358624124,190.08503613729812,184.99758025010357,187.28140258789062,340500
2018-11-02 00:00:00-04:00,188.17614325261727,190.56220831266256,184.91233132745893,186.8893585205078,236800
2018-11-05 00:00:00-05:00,188.23578852503854,191.09907960241532,187.84378469167868,188.62779235839844,245400
2018-11-06 00:00:00-05:00,188.77266569031895,191.61039280424887,187.53702202887408,190.46847534179688,225900
2018-11-07 00:00:00-05:00,190.4343872427487,191.67003085859872,186.8893577354593,190.93716430664062,234600
2018-11-08 00:00:00-05:00,189.22431798785342,190.73266226476812,188.37214813697645,189.66744995117188,203700
2018-11-09 00:00:00-05:00,189.69298138518747,190.51105701962112,187.14498928813143,188.51698303222656,193100
2018-11-12 00:00:00-05:00,188.52548681363604,188.52548681363604,181.9467361177884,182.2194366455078,236800
2018-11-13 00:00:00-05:00,182.8500711739661,184.83561526694555,181.97232436059338,182.53475952148438,237900
2018-11-14 00:00:00-05:00,183.0205354480582,184.00052564459216,179.3135911335358,180.79637145996094,282600
2018-11-15 00:00:00-05:00,180.62588482394074,182.93525729485026,179.5521427424449,182.79039001464844,410000
2018-11-16 00:00:00-05:00,181.79341586100634,184.44366490911432,181.50368120055143,184.4351348876953,261900
2018-11-19 00:00:00-05:00,184.23906865307305,185.15941340009337,182.71369075951407,183.90672302246094,288000
2018-11-20 00:00:00-05:00,182.70520139498348,184.02606719627158,181.23946828689435,183.64259338378906,328400
2018-11-21 00:00:00-05:00,183.94934125933992,185.03160035623225,182.6540397498431,182.79039001464844,348100
2018-11-23 00:00:00-05:00,181.22244821484713,184.4436492927975,180.04644962975783,182.56887817382812,138900
2018-11-26 00:00:00-05:00,184.17093313122163,186.12240925617735,183.75337825092888,185.09127807617188,306000
2018-11-27 00:00:00-05:00,183.13126909395288,184.55440398046318,181.4865877626537,182.85858154296875,232900
2018-11-28 00:00:00-05:00,183.42955802778883,185.61111073731294,182.9438149775958,184.5458984375,302600
2018-11-29 00:00:00-05:00,183.4721535838829,188.90898785964004,183.4721535838829,187.57960510253906,300900
2018-11-30 00:00:00-05:00,187.33249580688957,190.51108564071006,187.33249580688957,189.2498779296875,474500
2018-12-03 00:00:00-05:00,190.88601988694586,192.2835777267093,188.63629231554427,191.23541259765625,226700
2018-12-04 00:00:00-05:00,191.20134151470793,192.85455307334325,188.36361440680503,189.6077880859375,349200
2018-12-06 00:00:00-05:00,186.92347798219004,192.49666356235002,186.09687211587777,192.11318969726562,460600
2018-12-07 00:00:00-05:00,192.03647389454554,197.89939340661167,192.03647389454554,195.03610229492188,573600
2018-12-10 00:00:00-05:00,195.14689897610256,196.80862761130922,193.46812330274295,196.14393615722656,277800
2018-12-11 00:00:00-05:00,197.4818358413377,198.27434752071497,189.33508156028128,189.77821350097656,400600
2018-12-12 00:00:00-05:00,191.26097335420326,193.28914144154461,187.39211555749722,187.494384765625,485800
2018-12-13 00:00:00-05:00,188.06541311435078,189.2328819386212,184.6993439691532,185.54298400878906,360900
2018-12-14 00:00:00-05:00,184.12833976001568,185.7389402041635,182.82450796896308,183.48068237304688,339500
2018-12-17 00:00:00-05:00,183.27619799859409,187.4688726061929,181.86159275614153,185.5855712890625,408900
2018-12-18 00:00:00-05:00,186.67629977010975,190.5536746587754,186.28430897436036,187.18760681152344,457100
2018-12-19 00:00:00-05:00,187.87787905670913,190.6133368651686,185.61963426137163,187.61370849609375,269400
2018-12-20 00:00:00-05:00,186.4291972466226,186.8552821613864,182.68817221511947,184.27320861816406,368500
2018-12-21 00:00:00-05:00,184.16243845916577,187.94607491312289,181.29063004389613,181.74227905273438,467000
2018-12-24 00:00:00-05:00,181.3928795569151,181.3928795569151,175.29987017056354,175.34246826171875,113600
2018-12-26 00:00:00-05:00,174.78001954844092,179.2198166292181,171.36281055590857,179.16017150878906,234200
2018-12-27 00:00:00-05:00,177.20017330507497,183.12275024668716,176.23721736240404,183.08013916015625,264100
2018-12-28 00:00:00-05:00,183.8897128509995,186.27579085827267,182.64555224210955,184.09423828125,192800
2018-12-31 00:00:00-05:00,184.1879706011323,185.60257551728748,183.23354463508957,185.5684814453125,213400
2019-01-02 00:00:00-05:00,182.81596845417408,183.83005249848682,180.62589904180984,182.0745849609375,204400
2019-01-03 00:00:00-05:00,180.83894636970828,180.8559804023035,177.31096416383272,177.93304443359375,288300
2019-01-04 00:00:00-05:00,179.11758867985264,183.54886944341501,179.11758867985264,183.13983154296875,258700
2019-01-07 00:00:00-05:00,182.30466029293729,183.71074811994077,180.1145908941421,180.12310791015625,301800
2019-01-08 00:00:00-05:00,179.19426176930725,181.87007438035204,174.55845604755547,181.85302734375,471500
2019-01-09 00:00:00-05:00,182.50071166722302,184.14539335763953,180.34472282783463,180.65150451660156,305300
2019-01-10 00:00:00-05:00,180.59183193923263,182.86712386434783,179.63740587409725,182.7393035888672,268400
2019-01-11 00:00:00-05:00,182.51769965321697,182.51769965321697,180.6173648677776,181.65701293945312,268900
2019-01-14 00:00:00-05:00,180.61739411191755,182.8756519788195,180.61739411191755,182.09164428710938,375800
2019-01-15 00:00:00-05:00,182.15129916751508,183.96642504652067,181.6570391111588,183.62554931640625,282900
2019-01-16 00:00:00-05:00,183.58294788287776,183.8556484813158,180.44696901932153,181.27357482910156,364100
2019-01-17 00:00:00-05:00,180.36173478327916,183.4977264404297,180.36173478327916,183.4977264404297,259400
2019-01-18 00:00:00-05:00,183.94084253052847,185.0145717156928,183.0460617080191,184.6566619873047,229200
2019-01-22 00:00:00-05:00,184.95495657379018,186.70190753740425,181.47811468916942,182.93531799316406,232100
2019-01-23 00:00:00-05:00,184.06869764696296,185.51738387042016,182.97792121967186,185.4321746826172,297400
2019-01-24 00:00:00-05:00,185.45772563305547,187.25580450775325,183.6681637756119,183.830078125,221300
2019-01-25 00:00:00-05:00,183.02900746662527,184.83560307300502,178.88746219678902,181.87005615234375,411100
2019-01-28 00:00:00-05:00,180.31915720335383,182.7222695752394,180.31915720335383,182.60296630859375,174000
2019-01-29 00:00:00-05:00,182.65406425268338,183.34431968162662,181.74224936601723,182.45806884765625,198100
2019-01-30 00:00:00-05:00,182.9438012323711,187.92048260552193,182.9438012323711,186.8552703857422,276500
2019-01-31 00:00:00-05:00,186.25024823678615,186.8638115950617,181.90418961926164,186.66781616210938,280300
2019-02-01 00:00:00-05:00,187.196106892289,189.51400939833036,186.24168103794622,189.4287872314453,196200
2019-02-04 00:00:00-05:00,189.40324031713368,189.40324031713368,186.06273652164458,187.18760681152344,243200
2019-02-05 00:00:00-05:00,187.01720001865868,188.84084296794325,185.70485117483673,187.86083984375,213400
2019-02-06 00:00:00-05:00,187.81821700503548,189.71856500391294,187.01718832293093,189.43734741210938,208100
2019-02-07 00:00:00-05:00,188.97717772759916,190.1446592424023,187.05127858365518,189.6077880859375,227400
2019-02-08 00:00:00-05:00,188.8237825933097,189.95716996816518,185.73893213140823,189.01126098632812,212500
2019-02-11 00:00:00-05:00,189.40327908112465,189.40327908112465,186.06277460195528,187.80120849609375,266700
2019-02-12 00:00:00-05:00,183.00349215697952,183.00349215697952,177.25986215741608,180.99237060546875,834300
2019-02-13 00:00:00-05:00,181.61444276678756,184.04313215413163,180.932717257361,182.76487731933594,470700
2019-02-14 00:00:00-05:00,182.21948910485875,183.90678184587938,180.39584606072435,182.3984375,285500
2019-02-15 00:00:00-05:00,184.01756619441954,186.02868763382065,183.13130223640255,184.8612060546875,275600
2019-02-19 00:00:00-05:00,184.0856809345442,187.8011409167562,183.7362882772333,187.1108856201172,252800
2019-02-20 00:00:00-05:00,186.76151337534733,189.18167218709223,186.72741930584243,188.88340759277344,185100
2019-02-21 00:00:00-05:00,188.8578489374375,190.90306406459885,188.18464058087577,189.87193298339844,235000
2019-02-22 00:00:00-05:00,190.77526261328964,191.60186841867227,189.42031565509424,190.80935668945312,197400
2019-02-25 00:00:00-05:00,190.9967939708207,192.1898263180383,189.60775323557087,190.2042694091797,320600
2019-02-26 00:00:00-05:00,189.97418918867922,191.68705864560008,189.61627946711852,189.87193298339844,225600
2019-02-27 00:00:00-05:00,189.7355751712402,191.6955680474303,189.139058992333,191.1331329345703,255800
2019-02-28 00:00:00-05:00,191.5933665980983,192.84605743332529,190.1105862412979,192.68414306640625,231900
2019-03-01 00:00:00-05:00,193.1357996103878,193.98796957213557,190.42590537350915,192.07058715820312,210000
2019-03-04 00:00:00-05:00,191.8575305619914,193.28065273310938,189.6248495873499,191.63597106933594,209400
2019-03-05 00:00:00-05:00,191.57593363702802,192.87076646766255,191.1300256545788,191.2500762939453,298200
2019-03-06 00:00:00-05:00,191.86747945085395,193.29094634930362,190.4440125524043,190.46116638183594,251100
2019-03-07 00:00:00-05:00,190.3582973908533,190.3582973908533,187.02259018628845,187.056884765625,256600
2019-03-08 00:00:00-05:00,185.684818323282,187.00538826761675,185.16173780225995,185.890625,281700
2019-03-11 00:00:00-04:00,186.20791461920538,188.21449390472077,185.64196910822497,186.87677001953125,285400
2019-03-12 00:00:00-04:00,187.46847620379842,188.89194324239912,186.95397903103603,187.13404846191406,330000
2019-03-13 00:00:00-04:00,187.36555011880762,188.99481053819972,187.0654170015072,187.20262145996094,275100
2019-03-14 00:00:00-04:00,187.42557907599766,188.47172707304262,187.03968990700025,187.80287170410156,220000
2019-03-15 00:00:00-04:00,187.37411170747328,190.08384075449672,187.09971588796557,187.83717346191406,595900
2019-03-18 00:00:00-04:00,188.58320666105803,189.93807122231425,188.58320666105803,188.98623657226562,239100
2019-03-19 00:00:00-04:00,189.3120552287429,190.17813364591265,187.34835447347405,187.69993591308594,181600
2019-03-20 00:00:00-04:00,187.36555250027806,187.81146045365173,181.49161575787312,181.74887084960938,375900
2019-03-21 00:00:00-04:00,181.05429614365505,185.23035724394055,180.1882174988092,184.77587890625,223100
2019-03-22 00:00:00-04:00,184.1584613196165,186.422282505675,184.1241667478819,184.35569763183594,345800
2019-03-25 00:00:00-04:00,184.51003812970072,185.21320113544394,183.61823535741863,184.19276428222656,246900
2019-03-26 00:00:00-04:00,185.01598017580207,185.44473431207905,184.06414546988572,184.77587890625,220800
2019-03-27 00:00:00-04:00,184.88733100509,186.16502284699988,183.9183426176567,184.06411743164062,217000
2019-03-28 00:00:00-04:00,182.66645779647456,184.97315767244987,182.66645779647456,184.6815948486328,246200
2019-03-29 00:00:00-04:00,185.00738701017545,185.48758949011756,184.0555524215273,185.18746948242188,215500
2019-04-01 00:00:00-04:00,185.71912776032187,187.32266390929206,185.33325168674267,186.3622589111328,232000
2019-04-02 00:00:00-04:00,186.61952050069206,186.73098767323742,184.2699432373047,184.2699432373047,237900
2019-04-03 00:00:00-04:00,185.35899648096503,185.44473945987787,183.84120313274124,185.3418426513672,246800
2019-04-04 00:00:00-04:00,185.34187876073315,186.47379621303028,184.31287122153444,184.6129913330078,166900
2019-04-05 00:00:00-04:00,184.58723875694758,185.61625922253853,184.4929123170864,185.4876251220703,197400
2019-04-08 00:00:00-04:00,185.70199507847994,187.86291965493905,185.04171002479055,186.88536071777344,227200
2019-04-09 00:00:00-04:00,186.9282760507774,186.9282760507774,183.38676188328665,184.09849548339844,313300
2019-04-10 00:00:00-04:00,183.9783874908522,185.9506589738051,183.66110055839465,185.91635131835938,330100
2019-04-11 00:00:00-04:00,186.86822495716783,190.90709519189662,186.63669403045355,190.28968811035156,363300
2019-04-12 00:00:00-04:00,191.6531193282627,194.73157121431987,191.4901906455983,194.08843994140625,330500
2019-04-15 00:00:00-04:00,195.47759876069725,195.47759876069725,192.91364422099312,193.97695922851562,202700
2019-04-16 00:00:00-04:00,194.05412315202324,197.1411450579352,194.05412315202324,196.62664794921875,226700
2019-04-17 00:00:00-04:00,197.0811662756567,197.08973664961957,195.10032387338308,196.10360717773438,199400
2019-04-18 00:00:00-04:00,196.0264395676916,197.47561787687093,195.66627449940148,196.4037322998047,238900
2019-04-22 00:00:00-04:00,195.82055199129618,196.36078628618068,195.0144922765591,195.9491729736328,121700
2019-04-23 00:00:00-04:00,196.54947580831228,197.8271547531565,195.5633334496764,197.02967834472656,238500
2019-04-24 00:00:00-04:00,197.0210772939468,199.25917419629516,196.96962889600215,198.32449340820312,222500
2019-04-25 00:00:00-04:00,197.50133005164858,197.99867338176279,194.56006959826672,195.94065856933594,282900
2019-04-26 00:00:00-04:00,195.55473382684096,198.2644626879074,194.71437951381404,197.83570861816406,270000
2019-04-29 00:00:00-04:00,198.08437903964423,199.91944592381623,198.08437903964423,198.35020446777344,193700
2019-04-30 00:00:00-04:00,198.53028237792483,202.09750619081032,197.68134463394372,201.9431610107422,324000
2019-05-01 00:00:00-04:00,202.02893038876584,204.8329726880045,202.02893038876584,202.76638793945312,294400
2019-05-02 00:00:00-04:00,203.13514876743173,205.00452373996794,202.00324457023578,203.0493927001953,268000
2019-05-03 00:00:00-04:00,203.67537988111002,204.91019395574563,202.65494288652815,204.65293884277344,294800
2019-05-06 00:00:00-04:00,202.3805271571044,205.3560819752346,202.3805271571044,203.90689086914062,296000
2019-05-07 00:00:00-04:00,205.47611662072885,213.99118009617328,205.05594596471906,211.710205078125,598000
2019-05-08 00:00:00-04:00,211.86459913257204,213.55387858270788,207.20832188223474,207.42269897460938,572500
2019-05-09 00:00:00-04:00,206.94245965071227,211.44437779152767,205.37321804291219,210.6554718017578,342800
2019-05-10 00:00:00-04:00,209.72936298977496,213.4766697414907,209.72936298977496,213.29660034179688,285800
2019-05-13 00:00:00-04:00,210.61260061895933,212.610596400344,209.56643951309206,211.42723083496094,372300
2019-05-14 00:00:00-04:00,211.17852072676712,214.37702223484115,211.17852072676712,213.04788208007812,337500
2019-05-15 00:00:00-04:00,212.02750144984293,214.08552925844302,211.11854472864007,212.885009765625,297900
2019-05-16 00:00:00-04:00,213.2280133793759,215.8091086078936,213.2280133793759,213.8797149658203,426600
2019-05-17 00:00:00-04:00,212.70494034665234,214.1541314938502,211.97605304442217,212.885009765625,997600
2019-05-20 00:00:00-04:00,212.88497816768972,215.6375852099852,211.8988489847242,213.9568634033203,428600
2019-05-21 00:00:00-04:00,214.60862650120606,216.71808979431518,212.36194564210035,213.8025665283203,399400
2019-05-22 00:00:00-04:00,213.22802733710913,214.75439113821193,212.6363444879495,214.66006469726562,370200
2019-05-23 00:00:00-04:00,213.8711090288832,215.83479691863374,212.62772483877197,215.74905395507812,378700
2019-05-24 00:00:00-04:00,216.16064145381327,216.94097695801054,213.74246235321127,214.2998504638672,323000
2019-05-28 00:00:00-04:00,214.2222931713511,215.29159846983205,210.21242132898752,210.46249389648438,1058900
2019-05-29 00:00:00-04:00,210.54009301283014,211.24721741433808,208.30663782743466,210.9540252685547,403600
2019-05-30 00:00:00-04:00,211.20408436936376,212.2388886262407,210.41073400048307,211.63525390625,290100
2019-05-31 00:00:00-04:00,211.35067683343874,214.6016987705034,210.5142068934652,213.56689453125,341300
2019-06-03 00:00:00-04:00,213.3771903113109,217.4560505948893,212.73905463644695,217.24908447265625,448400
2019-06-04 00:00:00-04:00,217.22323888660057,217.50781240115836,213.1012585695246,214.09295654296875,395200
2019-06-05 00:00:00-04:00,214.56720826809212,218.66331874664138,213.33405658699695,218.43910217285156,294400
2019-06-06 00:00:00-04:00,217.95621508611615,219.17211641727704,216.54197943938493,218.0941925048828,411100
2019-06-07 00:00:00-04:00,218.71508169497238,219.52568259710395,217.51643080899623,217.86997985839844,251700
2019-06-10 00:00:00-04:00,218.29252468800675,218.8702903204159,216.76618075865673,217.4560546875,311700
2019-06-11 00:00:00-04:00,218.3873546639418,218.73228500524465,212.954616259803,214.76553344726562,324300
2019-06-12 00:00:00-04:00,214.89488989289683,216.37811412028483,214.17914689819509,215.8262176513672,247500
2019-06-13 00:00:00-04:00,216.02455683136824,217.1628507257491,214.29987868224575,215.67962646484375,282900
2019-06-14 00:00:00-04:00,216.26600254402112,217.0076146464384,215.41229531375845,216.49021911621094,245400
2019-06-17 00:00:00-04:00,217.01624107480137,217.68886445818657,215.51576644203863,215.7227325439453,237400
2019-06-18 00:00:00-04:00,216.23156334877166,217.0421643356388,215.01566186847097,215.70553588867188,273400
2019-06-19 00:00:00-04:00,216.21427682195758,217.5250359259204,215.44679555651726,217.27496337890625,226200
2019-06-20 00:00:00-04:00,217.11976538443187,218.1545698054644,214.8173212712026,217.79238891601562,235900
2019-06-21 00:00:00-04:00,218.3356757807215,218.37016356092727,215.50720410675223,215.7141571044922,395100
2019-06-24 00:00:00-04:00,216.14528970467254,219.3790613229845,215.63651279470486,216.88690185546875,204400
2019-06-25 00:00:00-04:00,217.15420253460155,217.93892098544464,216.30910088254245,216.7144012451172,264800
2019-06-26 00:00:00-04:00,216.98179781264207,217.6371840637374,209.12588672104647,209.48806762695312,395000
2019-06-27 00:00:00-04:00,209.09135582780985,211.8853391578903,208.479089297097,210.72117614746094,320000
2019-06-28 00:00:00-04:00,211.38521502182454,214.61035524996933,211.0661405661148,213.1529998779297,439600
2019-07-01 00:00:00-04:00,213.5582665837768,216.1366651540711,213.23920533678137,215.99868774414062,335200
2019-07-02 00:00:00-04:00,216.955936397067,218.15458747048854,215.12778133326668,216.56788635253906,221200
2019-07-03 00:00:00-04:00,217.1111203995004,220.20691463202564,217.1111203995004,219.8619842529297,189700
2019-07-05 00:00:00-04:00,219.49976132902538,219.97405040648033,217.68885733999107,219.47389221191406,172800
2019-07-08 00:00:00-04:00,218.89612666601394,220.22413608288787,218.3700993543364,219.47389221191406,220200
2019-07-09 00:00:00-04:00,219.3962973322467,222.01780222845196,219.04273516729563,221.95745849609375,320100
2019-07-10 00:00:00-04:00,222.22481053525044,224.22541737219424,221.50905430011545,222.71632385253906,235000
2019-07-11 00:00:00-04:00,222.80256184801115,223.8718539721216,220.43976099963712,221.51768493652344,204500
2019-07-12 00:00:00-04:00,221.96608008289826,222.70770539684057,220.491487583834,222.24203491210938,157000
2019-07-15 00:00:00-04:00,222.61281139350956,224.64794515289037,221.7246032609806,222.74215698242188,215400
2019-07-16 00:00:00-04:00,222.76806076952667,223.09575385676882,218.89616641201263,220.1293182373047,300500
2019-07-17 00:00:00-04:00,219.5170323456731,219.5170323456731,215.37780216309298,216.62820434570312,387400
2019-07-18 00:00:00-04:00,216.86963390407908,218.23213106573235,215.90380530293646,217.3611602783203,212200
2019-07-19 00:00:00-04:00,218.0424442942916,219.40492847800928,215.67963044937244,217.3180694580078,286100
2019-07-22 00:00:00-04:00,217.5681783474333,219.43083413936571,217.05076957470152,218.52537536621094,195900
2019-07-23 00:00:00-04:00,218.4391007651655,219.2928211542682,216.72305449175386,218.35287475585938,154200
2019-07-24 00:00:00-04:00,218.63743307707904,220.55182678685068,218.38736054663565,219.89645385742188,196900
2019-07-25 00:00:00-04:00,219.58604698337078,222.00923111791636,219.52569008341496,220.34490966796875,210100
2019-07-26 00:00:00-04:00,220.3017723781298,223.8028670418292,219.43081461837346,223.7942352294922,208700
2019-07-29 00:00:00-04:00,223.66490263884495,224.45826624147625,220.62084647139986,221.4486846923828,272200
2019-07-30 00:00:00-04:00,222.67320276961783,224.51859475336013,216.19704088551154,217.04212951660156,576400
2019-07-31 00:00:00-04:00,216.3780961738961,217.99929767361357,211.324789203951,212.68728637695312,336000
2019-08-01 00:00:00-04:00,212.65281052791605,213.76522208942725,210.3762360100506,210.69529724121094,298700
2019-08-02 00:00:00-04:00,210.3848948254523,211.3679609831448,207.92722285209516,209.6519012451172,245700
2019-08-05 00:00:00-04:00,208.2462770788304,210.0313121999657,204.91764757722362,206.2283935546875,389400
2019-08-06 00:00:00-04:00,205.99560199183782,211.97160661284786,204.7451995664467,211.14376831054688,329900
2019-08-07 00:00:00-04:00,209.30696258815416,215.46406368247108,208.41875430338203,214.03257751464844,340400
2019-08-08 00:00:00-04:00,214.53269055642548,217.1542084262571,214.53269055642548,216.96449279785156,272300
2019-08-09 00:00:00-04:00,216.46433662546914,218.28387241793664,215.73996187469984,217.17144775390625,154900
2019-08-12 00:00:00-04:00,216.90412668253367,218.8788903526423,214.9552452879025,215.62786865234375,205400
2019-08-13 00:00:00-04:00,216.2142877359729,218.00795471660697,214.96389862128476,217.86135864257812,237200
2019-08-14 00:00:00-04:00,216.2660071919756,217.9734480056961,212.3941132316318,212.61831665039062,317300
2019-08-15 00:00:00-04:00,212.93739551390695,214.12742772651222,211.9457107755698,212.7821807861328,184900
2019-08-16 00:00:00-04:00,213.67896470696357,215.5243695515635,213.03221048817974,214.97247314453125,169900
2019-08-19 00:00:00-04:00,216.4643558228758,217.17146701402393,214.6793076420173,215.51577758789062,190100
2019-08-20 00:00:00-04:00,215.03291433930306,215.03291433930306,212.64423094989954,212.8166961669922,177700
2019-08-21 00:00:00-04:00,213.54966166003368,214.44648856574256,212.04918683663033,213.7307586669922,121800
2019-08-22 00:00:00-04:00,214.4982055390723,216.05903700877784,213.13570835315423,214.5930633544922,184700
2019-08-23 00:00:00-04:00,213.6358454633293,216.3522077558874,210.44518098223253,211.1695556640625,261800
2019-08-26 00:00:00-04:00,212.08364439811254,213.25642590158404,210.82462373596368,213.14431762695312,160400
2019-08-27 00:00:00-04:00,214.26541960300995,214.3947652182159,211.32483980697785,211.7473907470703,301800
2019-08-28 00:00:00-04:00,210.6435761656622,211.54903485456623,202.830786005534,206.53883361816406,325600
2019-08-29 00:00:00-04:00,207.15107430165358,208.4359641403674,201.86493205497894,206.8665008544922,312600
2019-08-30 00:00:00-04:00,207.2976831872095,207.6339948895424,199.69185962743006,203.40853881835938,621600
2019-09-03 00:00:00-04:00,205.72471879597143,214.174054417827,204.62301886160137,209.64576721191406,463900
2019-09-04 00:00:00-04:00,208.84768735759533,213.80104850811458,208.84768735759533,213.71429443359375,300900
2019-09-05 00:00:00-04:00,215.24103353852544,217.40108257291345,214.84199662832742,215.7788848876953,326800
2019-09-06 00:00:00-04:00,216.02180902818105,217.55725285652127,215.04154360850518,216.00445556640625,270200
2019-09-09 00:00:00-04:00,217.02807882742601,218.48546512980369,215.71817709086605,218.4073944091797,282200
2019-09-10 00:00:00-04:00,218.6589716443727,218.6589716443727,215.7615655838598,217.7567901611328,342000
2019-09-11 00:00:00-04:00,217.6005820296257,221.1052392757352,217.41841704990415,221.05319213867188,303000
2019-09-12 00:00:00-04:00,221.25280007690273,221.93810972013912,214.98086602427918,218.34671020507812,553800
2019-09-13 00:00:00-04:00,218.9192339609008,222.9964242011894,218.0604162256956,222.41522216796875,351000
2019-09-16 00:00:00-04:00,220.6802397921189,221.52170408905275,218.53754368386234,221.16603088378906,228700
2019-09-17 00:00:00-04:00,220.69754757461416,225.9805444582427,220.69754757461416,225.92849731445312,472700
2019-09-18 00:00:00-04:00,225.59020149343448,227.41193124643368,224.64464292764208,227.06494140625,333300
2019-09-19 00:00:00-04:00,227.50734739794038,229.02545097119275,226.3795974307777,227.5333709716797,469200
2019-09-20 00:00:00-04:00,228.14934477779047,229.54598775520807,227.05630142250166,229.45057678222656,572600
2019-09-23 00:00:00-04:00,228.13199172436418,230.5956543374385,227.64620058790624,229.88430786132812,297500
2019-09-24 00:00:00-04:00,230.40475229032933,233.3108415550667,229.8582307706365,231.41104125976562,464100
2019-09-25 00:00:00-04:00,230.3440202555638,231.49776730994546,227.8543346590362,228.20132446289062,309200
2019-09-26 00:00:00-04:00,228.54833177499992,231.56719889441064,228.21002529425357,231.0640411376953,214700
2019-09-27 00:00:00-04:00,232.0876536180017,232.0876536180017,229.27697562601017,230.734375,320300
2019-09-30 00:00:00-04:00,231.02065182350424,232.55609555226982,229.82351453812382,230.82980346679688,212300
2019-10-01 00:00:00-04:00,231.10742432992885,231.31561292708486,228.73917314277406,228.88665771484375,229000
2019-10-02 00:00:00-04:00,228.8519346856482,230.20521341917978,223.9332941085957,224.8528289794922,326900
2019-10-03 00:00:00-04:00,224.7660855158837,224.9829574574325,222.2330095901986,223.4735107421875,311600
2019-10-04 00:00:00-04:00,223.71642463528218,225.6595886896775,222.86627712467188,225.2865753173828,351000
2019-10-07 00:00:00-04:00,224.56656015617688,224.70536137953235,220.8016663211486,220.91444396972656,281500
2019-10-08 00:00:00-04:00,220.04692455754525,220.04692455754525,216.94998723593,217.2622833251953,378600
2019-10-09 00:00:00-04:00,218.16450118591268,218.33799609027838,216.7157982173995,217.288330078125,191800
2019-10-10 00:00:00-04:00,216.73319041249127,219.05806504627353,215.46666539379046,216.43824768066406,270600
2019-10-11 00:00:00-04:00,217.97364858878376,219.43970499031838,216.16927249741903,217.30567932128906,282100
2019-10-14 00:00:00-04:00,217.08881166540843,217.6786969877922,215.44926033055478,217.40110778808594,249400
2019-10-15 00:00:00-04:00,218.1471074582763,221.1052433460573,217.86083496234812,218.20782470703125,183300
2019-10-16 00:00:00-04:00,216.95869266694206,220.97515196872178,213.60150605643133,219.23150634765625,274900
2019-10-17 00:00:00-04:00,219.41365830995218,219.41365830995218,216.31673409417715,216.4034881591797,162300
2019-10-18 00:00:00-04:00,216.1085559825004,219.40501226196594,216.1085559825004,217.808837890625,226300
2019-10-21 00:00:00-04:00,219.0580163669653,220.74094476618626,218.12979809524145,219.49176025390625,151800
2019-10-22 00:00:00-04:00,218.79777708747352,218.79777708747352,213.04632865587547,215.5793914794922,285000
2019-10-23 00:00:00-04:00,215.79624342601798,217.43579470986558,215.53600769589323,216.2646942138672,247800
2019-10-24 00:00:00-04:00,216.46424558791958,217.63535949873662,215.180367255846,216.585693359375,155000
2019-10-25 00:00:00-04:00,216.36011949080645,217.35772509284212,214.45164911827905,215.64877319335938,141800
2019-10-28 00:00:00-04:00,216.07388819440467,216.76788116329,213.69696657793725,214.286865234375,301100
2019-10-29 00:00:00-04:00,216.46421413107765,222.71013643201783,213.16775808042865,222.28504943847656,504000
2019-10-30 00:00:00-04:00,222.59736808686236,222.94435790171184,217.32304083291015,220.8190155029297,246400
2019-10-31 00:00:00-04:00,220.7149097458392,223.3000328634866,219.07535836937268,223.02243041992188,258500
2019-11-01 00:00:00-04:00,223.52559800890398,225.32127767458874,223.21328862772359,224.98297119140625,222800
2019-11-04 00:00:00-05:00,225.67695562770524,226.91745688164198,223.89861615030654,224.18487548828125,281600
2019-11-05 00:00:00-05:00,224.76612286947454,225.62492742917112,223.2046287466452,224.83551025390625,306700
2019-11-06 00:00:00-05:00,224.09807667916857,227.36852211682853,223.69903976618897,227.00416564941406,268100
2019-11-07 00:00:00-05:00,227.0735809895067,229.00806155064785,226.47501237926747,228.66107177734375,230100
2019-11-08 00:00:00-05:00,228.1145579031092,230.30064384758072,227.57671976554036,230.1878662109375,200500
2019-11-11 00:00:00-05:00,229.28572371086852,232.04432886692257,229.28572371086852,231.32432556152344,220800
2019-11-12 00:00:00-05:00,230.46548338736423,234.29976443703993,230.46548338736423,234.00482177734375,277800
2019-11-13 00:00:00-05:00,233.0072093341907,233.29346863640282,231.11609243839658,231.54115295410156,228300
2019-11-14 00:00:00-05:00,232.00089065791965,233.10259040219108,231.17676683143475,232.92042541503906,198400
2019-11-15 00:00:00-05:00,232.68630452685613,233.18943589414584,231.07276315853514,231.7667694091797,199800
2019-11-18 00:00:00-05:00,231.43706903167177,232.6688868369712,231.22885396529136,232.0009307861328,208800
2019-11-19 00:00:00-05:00,231.4457635395449,232.0183087363398,229.88429589274435,231.63661193847656,321800
2019-11-20 00:00:00-05:00,230.91658126324972,233.44097395626886,230.91658126324972,232.2351531982422,178900
2019-11-21 00:00:00-05:00,232.67752977157494,233.83127665419275,230.9859183283884,231.70594787597656,252600
2019-11-22 00:00:00-05:00,230.64762718913607,232.33921227065755,230.06639879868263,231.81874084472656,269000
2019-11-25 00:00:00-05:00,231.41105643851452,234.7248397494838,231.41105643851452,234.06556701660156,301400
2019-11-26 00:00:00-05:00,234.26507086694934,236.4337903768216,233.8833741153217,236.27764892578125,457600
2019-11-27 00:00:00-05:00,236.79813181147918,237.89983172177614,235.62701805605914,236.615966796875,331700
2019-11-29 00:00:00-05:00,236.1215003215539,237.18851981859186,234.94170317763883,235.3147430419922,177800
2019-12-02 00:00:00-05:00,236.11280627355285,236.11280627355285,232.85972725469736,233.1893768310547,278500
2019-12-03 00:00:00-05:00,231.74101292669945,232.77931249303774,230.4933173561122,231.93296813964844,226300
2019-12-04 00:00:00-05:00,231.74103829126247,234.13173169197916,231.61887285730444,233.39881896972656,213500
2019-12-05 00:00:00-05:00,233.41626109104558,234.37603726630113,232.8753035996739,234.18408203125,193700
2019-12-06 00:00:00-05:00,235.0827324096613,236.0686829077838,233.7128715117892,234.6639404296875,169300
2019-12-09 00:00:00-05:00,234.7250026342893,237.01102430233348,233.48604082498622,236.9412078857422,176400
2019-12-10 00:00:00-05:00,237.15937002510404,237.15937002510404,235.21364321072286,235.84185791015625,344500
2019-12-11 00:00:00-05:00,235.65862040413668,236.4613494873047,233.88740814808295,236.4613494873047,229000
2019-12-12 00:00:00-05:00,236.63585292686102,240.55348105183265,236.63585292686102,239.99505615234375,183500
2019-12-13 00:00:00-05:00,239.7245596911555,240.94608078453138,238.84330711118017,239.65476989746094,195200
2019-12-16 00:00:00-05:00,240.7105052888249,241.89711814719087,239.0003757935248,241.13803100585938,236500
2019-12-17 00:00:00-05:00,241.1292561599658,243.99114307001258,240.78898771166388,243.4414520263672,247700
2019-12-18 00:00:00-05:00,243.36294460645513,244.29651944436162,240.28295444429543,240.9198760986328,207900
2019-12-19 00:00:00-05:00,240.64067608825894,241.95818800625307,239.56749499806418,240.42254638671875,258000
2019-12-20 00:00:00-05:00,241.62661993677008,243.83409139039972,241.20782796274395,241.9320068359375,385700
2019-12-23 00:00:00-05:00,243.17966479564961,243.17966479564961,237.68280796711443,238.63385009765625,261800
2019-12-24 00:00:00-05:00,238.21519270406966,239.55014607273654,236.4527134296021,239.50653076171875,74000
2019-12-26 00:00:00-05:00,239.44535471488012,240.26552460892404,238.72117574571212,239.56752014160156,127400
2019-12-27 00:00:00-05:00,239.5238576803972,240.87627783220972,238.72115527452726,240.8239288330078,172400
2019-12-30 00:00:00-05:00,241.40845061352223,242.72596227891387,240.04732366704908,242.08030700683594,202400
2019-12-31 00:00:00-05:00,242.07161229621715,242.79579116719657,241.20782722526914,241.548095703125,136000
2020-01-02 00:00:00-05:00,242.47295612718517,242.82195830294458,239.8466927871893,242.6910858154297,181300
2020-01-03 00:00:00-05:00,240.34401238456437,242.79578799254188,240.34401238456437,241.8970947265625,162400
2020-01-06 00:00:00-05:00,241.76624599915655,242.34211163791204,240.3702105076731,241.32998657226562,265200
2020-01-07 00:00:00-05:00,240.68426973406943,241.36483320129693,239.0962794348201,239.21844482421875,244300
2020-01-08 00:00:00-05:00,239.8729339130984,241.8622761573726,238.48560527861116,238.4943389892578,225700
2020-01-09 00:00:00-05:00,238.71241244226033,241.5742730069523,238.71241244226033,241.0245819091797,193800
2020-01-10 00:00:00-05:00,240.79776001276127,241.92329014930962,238.69498640468558,239.79434204101562,220700
2020-01-13 00:00:00-05:00,239.55879802336574,241.41726762581234,239.55879802336574,240.7803192138672,158700
2020-01-14 00:00:00-05:00,238.62517351530445,241.1205912907241,238.62517351530445,239.63729858398438,203400
2020-01-15 00:00:00-05:00,239.34939001719783,241.3212646163124,238.22383318539485,240.4138641357422,206700
2020-01-16 00:00:00-05:00,241.66151504852417,242.91794415683944,241.15546589827767,242.0628662109375,264200
2020-01-17 00:00:00-05:00,243.12738244859142,245.57045130759985,243.12738244859142,244.27911376953125,205900
2020-01-21 00:00:00-05:00,244.3052520751953,245.1341555455999,243.12734642725803,244.3052520751953,398400
2020-01-22 00:00:00-05:00,244.47107249078442,245.25633417461165,243.33680857271884,245.1778106689453,561600
2020-01-23 00:00:00-05:00,243.42397466672367,245.29991110466509,241.1030718145649,245.1079559326172,336400
2020-01-24 00:00:00-05:00,245.06439063061393,246.03290050098212,240.3615273860491,241.99313354492188,258800
2020-01-27 00:00:00-05:00,239.44536516895022,240.49239854281058,237.87484173532448,237.91845703125,173900
2020-01-28 00:00:00-05:00,238.9742012879105,241.56555671771252,238.9742012879105,240.06484985351562,214900
2020-01-29 00:00:00-05:00,240.08228212117214,241.13802243959066,238.73859568044594,239.61111450195312,192500
2020-01-30 00:00:00-05:00,238.2587283881505,241.77497828307594,237.2727778288434,241.58302307128906,214100
2020-01-31 00:00:00-05:00,240.81523409388384,243.31935926052807,240.69306865786916,241.3125762939453,454200
2020-02-03 00:00:00-05:00,241.7836990887703,245.29997581044225,241.39108156089537,243.9475555419922,288100
2020-02-04 00:00:00-05:00,245.60530203598995,246.33821461346733,242.20248413085938,242.20248413085938,236400
2020-02-05 00:00:00-05:00,243.4240313664198,247.19331928069357,243.1186710632162,247.18458557128906,344900
2020-02-06 00:00:00-05:00,247.7429885653303,248.03090805147733,244.53212579306307,244.69790649414062,374300
2020-02-07 00:00:00-05:00,243.8777835085677,249.40955053055632,243.8777835085677,246.556396484375,229100
2020-02-10 00:00:00-05:00,246.12008166006586,249.50545873060335,245.8583366812757,249.4356689453125,215100
2020-02-11 00:00:00-05:00,250.96257131080137,256.7909901467792,248.02218739550435,254.4613800048828,411900
2020-02-12 00:00:00-05:00,254.74055887843969,254.74055887843969,248.58931253295071,251.0061798095703,243300
2020-02-13 00:00:00-05:00,250.43903241733463,254.600936881348,250.43903241733463,254.58349609375,233900
2020-02-14 00:00:00-05:00,254.82783966524153,256.43327106870703,252.7337998619022,254.22579956054688,209700
2020-02-18 00:00:00-05:00,253.46672518879058,253.55398239896957,250.5699562246855,252.8472442626953,205900
2020-02-19 00:00:00-05:00,254.11239520867392,254.63591187265087,252.6203953494287,253.53652954101562,243700
2020-02-20 00:00:00-05:00,252.1579821810323,253.08285015851266,248.8773023350774,251.22438049316406,160500
2020-02-21 00:00:00-05:00,250.76191530780852,252.98685437949493,250.3867385881247,252.89959716796875,235000
2020-02-24 00:00:00-05:00,249.15653256356993,250.79687260352256,245.3261878605112,246.95779418945312,593100
2020-02-25 00:00:00-05:00,246.4342264687287,247.46379232264928,242.27232113418805,243.0401153564453,438500
2020-02-26 00:00:00-05:00,244.40126918783423,245.2301728374166,238.3983612060547,238.3983612060547,349000
2020-02-27 00:00:00-05:00,236.00761556384487,239.38425925797839,228.42542461599055,228.4341583251953,354000
2020-02-28 00:00:00-05:00,224.09774520388495,224.97026408100356,211.35024387663876,216.2799835205078,676700
2020-03-02 00:00:00-05:00,216.39339176705073,226.94215461473664,216.15782126706154,225.2494659423828,771700
2020-03-03 00:00:00-05:00,225.240736143698,228.59993904672544,219.22036139499912,221.1311798095703,439400
2020-03-04 00:00:00-05:00,224.21991920553901,235.2223698858793,222.9373020284385,235.04788208007812,302700
2020-03-05 00:00:00-05:00,229.57717368829998,230.2752047997419,221.79430652908155,224.3944091796875,304400
2020-03-06 00:00:00-05:00,217.55387354783758,222.49233403982453,215.10209740878764,221.19227600097656,334200
2020-03-09 00:00:00-04:00,194.69387840469315,212.222780954029,194.69387840469315,204.84127807617188,513300
2020-03-10 00:00:00-04:00,211.560404930554,211.92929679958456,201.3894831630562,211.19151306152344,397600
2020-03-11 00:00:00-04:00,204.86759546248658,208.80245485105308,196.64654157794152,200.21250915527344,497200
2020-03-12 00:00:00-04:00,185.9925585575074,186.0891740443458,176.38377380371094,176.38377380371094,625900
2020-03-13 00:00:00-04:00,185.21083930348587,188.18833561274585,176.34861739623312,187.16070556640625,704200
2020-03-16 00:00:00-04:00,160.69701923023752,180.91588390810762,149.7531743186083,160.3896026611328,803600
2020-03-17 00:00:00-04:00,164.0170712244786,174.82036947099934,158.44852617238638,173.9332733154297,605600
2020-03-18 00:00:00-04:00,161.2415410324985,167.67961042579753,151.20236424307961,165.747314453125,625400
2020-03-19 00:00:00-04:00,164.20148764296118,173.74880994071935,155.27777679509117,164.45620727539062,624600
2020-03-20 00:00:00-04:00,166.00204882467733,177.4553059789529,158.08841100439238,170.96453857421875,654800
2020-03-23 00:00:00-04:00,166.88035152358506,166.88035152358506,147.697897491264,151.03550720214844,796000
2020-03-24 00:00:00-04:00,159.73085656499387,166.69590945405983,156.4547353148894,162.99819946289062,398100
2020-03-25 00:00:00-04:00,163.8062396515728,165.55409657769172,152.88875783325474,153.5562744140625,708500
2020-03-26 00:00:00-04:00,157.1310313033106,172.3171518544305,151.8259982876903,171.56179809570312,693900
2020-03-27 00:00:00-04:00,163.69208846614237,171.2192786460284,161.11862367645045,166.25677490234375,418400
2020-03-30 00:00:00-04:00,165.96692842240623,176.3222888282897,162.6556667426416,174.33729553222656,341000
2020-03-31 00:00:00-04:00,172.2556626957587,173.66975472605358,166.76617708158054,169.00588989257812,353300
2020-04-01 00:00:00-04:00,157.67560225044122,163.27926024051501,155.2163099321382,159.18630981445312,438100
2020-04-02 00:00:00-04:00,158.73838010284666,166.59054376805105,156.03315953662428,164.8339080810547,524400
2020-04-03 00:00:00-04:00,162.63810596852665,165.51898729011748,155.17240464324402,156.35813903808594,384800
2020-04-06 00:00:00-04:00,164.1487681720629,167.84649099476246,162.04081138991845,166.81884765625,340500
2020-04-07 00:00:00-04:00,174.2231112897591,177.36749047664256,167.4600672228274,167.978271484375,374900
2020-04-08 00:00:00-04:00,169.62071306727043,175.44396381445344,166.0635370382412,173.7312469482422,302900
2020-04-09 00:00:00-04:00,176.00610486757702,186.90603207259235,175.6723398121441,186.4668731689453,330900
2020-04-13 00:00:00-04:00,184.6048207642791,184.6048207642791,177.29722395430048,177.54315185546875,230000
2020-04-14 00:00:00-04:00,182.38266295086342,183.53327038239144,175.90068751266466,178.4038848876953,322800
2020-04-15 00:00:00-04:00,172.69481134781637,174.33727446000012,167.38100030870706,167.78501892089844,258200
2020-04-16 00:00:00-04:00,166.7925251538997,167.94313259369963,163.09481515791313,164.3771514892578,378300
2020-04-17 00:00:00-04:00,169.91057301615618,173.83665459162287,168.7160602911496,172.45770263671875,498100
2020-04-20 00:00:00-04:00,169.14646038953603,171.351033462502,165.33456397413485,167.33712768554688,293500
2020-04-21 00:00:00-04:00,162.3833655618889,164.35078844958375,156.77969486840826,157.745849609375,489700
2020-04-22 00:00:00-04:00,161.00445634475474,162.21653936733682,154.9440680359802,157.55267333984375,547300
2020-04-23 00:00:00-04:00,158.81742520658426,159.48494188536864,155.30415413538432,155.54129028320312,340000
2020-04-24 00:00:00-04:00,156.3756533853425,156.3756533853425,148.9187458353523,150.02542114257812,512800
2020-04-27 00:00:00-04:00,149.99909073986035,155.2075214965277,149.99909073986035,154.33798217773438,432600
2020-04-28 00:00:00-04:00,158.13232305218745,161.10104135911067,155.233885176128,157.78977966308594,348200
2020-04-29 00:00:00-04:00,162.2604111577404,164.12244032921822,159.50249421041053,162.0056915283203,238900
2020-04-30 00:00:00-04:00,159.1336032836304,159.1336032836304,152.0016674525266,152.0631561279297,285600
2020-05-01 00:00:00-04:00,148.80456670745522,148.80456670745522,144.22853950050563,144.93118286132812,322800
2020-05-04 00:00:00-04:00,143.01645352197812,143.97381647010855,140.2936636562549,143.00767517089844,312100
2020-05-05 00:00:00-04:00,144.5008376188455,150.95646493450573,143.47320747640322,147.30267333984375,748200
2020-05-06 00:00:00-04:00,148.54104963005753,148.54104963005753,143.67517663203964,144.45687866210938,360600
2020-05-07 00:00:00-04:00,146.26625615837906,156.4459558260604,145.58994772755943,152.677978515625,618700
2020-05-08 00:00:00-04:00,155.47979100984932,156.3932354504601,151.65910394882548,155.28656005859375,312100
2020-05-11 00:00:00-04:00,153.7055459588421,157.8248567348687,150.90371129103417,157.2100372314453,473000
2020-05-12 00:00:00-04:00,156.98168627390848,157.81608523577867,151.0706131290525,151.0793914794922,375700
2020-05-13 00:00:00-04:00,149.5335740976715,149.5335740976715,143.01645899634656,144.23731994628906,491100
2020-05-14 00:00:00-04:00,141.3037659783067,144.0441131097831,138.17695688683943,142.0415496826172,470700
2020-05-15 00:00:00-04:00,140.4429960268623,149.14712772210694,138.2032965950518,148.38299560546875,1087600
2020-05-18 00:00:00-04:00,154.2501601223372,159.55520687725144,153.61777026543268,158.41339111328125,741700
2020-05-19 00:00:00-04:00,158.37827027985549,166.1162478631806,157.53507930479105,163.6833038330078,675000
2020-05-20 00:00:00-04:00,165.82636692440406,176.55940915685287,165.40477822551395,174.98721313476562,760300
2020-05-21 00:00:00-04:00,174.17037867502808,181.26718632481112,173.99471783956102,180.94219970703125,571100
2020-05-22 00:00:00-04:00,180.2834824496578,181.00370938135762,176.54185395183956,180.65237426757812,376000
2020-05-26 00:00:00-04:00,188.93587824390363,188.93587824390363,179.51961716622898,179.93556213378906,540000
2020-05-27 00:00:00-04:00,186.1215995959591,186.1215995959591,176.28054922870984,179.7054443359375,637400
2020-05-28 00:00:00-04:00,181.94448085329796,183.41356256883375,178.90012329950397,180.9886932373047,342400
2020-05-29 00:00:00-04:00,178.92666220795158,178.92666220795158,173.5105461790855,175.59027099609375,535400
2020-06-01 00:00:00-04:00,175.70529507192202,176.27168615385364,171.23612198197233,171.48391723632812,439700
2020-06-02 00:00:00-04:00,172.3158282156366,183.8560529886158,169.99715304588318,182.35157775878906,539100
2020-06-03 00:00:00-04:00,185.7056612673413,191.1306356773755,184.97997897892097,188.73231506347656,564600
2020-06-04 00:00:00-04:00,188.39603191171284,192.6528171088145,185.218918402608,192.1572265625,533400
2020-06-05 00:00:00-04:00,203.157625370548,203.69746801208655,195.79454012446516,200.1398162841797,455200
2020-06-08 00:00:00-04:00,202.10445159766874,204.66206316771223,199.91853290068926,204.49392700195312,342200
2020-06-09 00:00:00-04:00,200.08666168873555,203.06021786674805,198.56448331762041,201.29910278320312,346500
2020-06-10 00:00:00-04:00,199.3698797815147,200.60001122998864,195.10424926020946,196.19277954101562,426800
2020-06-11 00:00:00-04:00,188.0951280449462,193.38735994348255,185.1923718114474,186.7322540283203,658600
2020-06-12 00:00:00-04:00,194.50243983758344,194.52014335847906,185.23662495979636,190.2279510498047,477400
2020-06-15 00:00:00-04:00,182.76752330483617,192.6705302275588,182.00643392684432,191.9359893798828,339800
2020-06-16 00:00:00-04:00,200.86551604713912,200.86551604713912,193.40506803660048,195.21044921875,429400
2020-06-17 00:00:00-04:00,194.73256855568428,195.78570543567517,191.08642578125,191.08642578125,430900
2020-06-18 00:00:00-04:00,189.3871955606058,193.5908833125351,186.5817887234618,190.7146759033203,429500
2020-06-19 00:00:00-04:00,194.9449214137719,194.9449214137719,187.97122002856744,190.91822814941406,682900
2020-06-22 00:00:00-04:00,188.44033061819306,190.9006076222777,186.31636659766266,188.82972717285156,332300
2020-06-23 00:00:00-04:00,191.84746715621787,192.6705120297634,186.9888840098569,188.5110626220703,418100
2020-06-24 00:00:00-04:00,187.26327568890744,187.26327568890744,181.09491452399314,182.30734252929688,647500
2020-06-25 00:00:00-04:00,182.07723012643464,183.944553235409,179.38686208598827,183.43125915527344,484300
2020-06-26 00:00:00-04:00,181.31614048915233,182.44006425396444,175.82921029795315,177.767333984375,621300
2020-06-29 00:00:00-04:00,180.16561273372173,182.3692347071537,177.48410383429908,179.2363739013672,328200
2020-06-30 00:00:00-04:00,178.91780252802207,183.27193651823941,178.90009900869526,182.4842987060547,336600
2020-07-01 00:00:00-04:00,182.8648717305132,183.97995051108225,180.3692018595531,180.44000244140625,266200
2020-07-02 00:00:00-04:00,184.17466072247356,184.25430631830588,177.38681147753329,177.83815002441406,258100
2020-07-06 00:00:00-04:00,182.37812276201166,184.53749320477405,180.63469728996975,182.29847717285156,302600
2020-07-07 00:00:00-04:00,181.3869088074932,181.69664609943476,179.18328671282165,180.28952026367188,405100
2020-07-08 00:00:00-04:00,180.08603623785646,182.18345141814015,178.1302087356907,180.9002227783203,317900
2020-07-09 00:00:00-04:00,180.64353646980325,180.64353646980325,173.1831027749396,175.280517578125,285900
2020-07-10 00:00:00-04:00,175.183172685144,183.2100111990622,174.66987860838825,183.00645446777344,326400
2020-07-13 00:00:00-04:00,183.98879612516976,186.79421686298792,180.08601362842344,183.79409790039062,328000
2020-07-14 00:00:00-04:00,183.7232964157331,187.5021809734705,183.3692935330614,187.12164306640625,209200
2020-07-15 00:00:00-04:00,190.89166411560672,194.07762223173657,188.95354072028005,193.18377685546875,240300
2020-07-16 00:00:00-04:00,192.50236864298876,200.4583928256052,191.528877578768,197.4405975341797,305200
2020-07-17 00:00:00-04:00,198.0777880024585,198.0777880024585,194.05109463098034,197.0157928466797,203100
2020-07-20 00:00:00-04:00,196.4671395028765,196.63528921531636,193.0068366427846,194.56442260742188,173700
2020-07-21 00:00:00-04:00,193.90951714755818,197.38750984543316,193.90951714755818,195.21044921875,272300
2020-07-22 00:00:00-04:00,194.57324324387346,198.43178712155157,194.57324324387346,198.06893920898438,206500
2020-07-23 00:00:00-04:00,197.00697092417454,199.0778374137192,195.94498914777967,197.40521240234375,192900
2020-07-24 00:00:00-04:00,204.80369834273696,204.80369834273696,195.62638709651674,198.24594116210938,294900
2020-07-27 00:00:00-04:00,197.33438591471196,197.76803438067802,193.50239080881545,195.40512084960938,214800
2020-07-28 00:00:00-04:00,195.13079343291872,195.5113313707172,191.26339096237533,191.44039916992188,229100
2020-07-29 00:00:00-04:00,192.6439637060097,195.14847853683133,192.15723165900332,194.64404296875,176700
2020-07-30 00:00:00-04:00,191.05983697128792,193.53780319529267,189.49340624873966,191.23683166503906,180500
2020-07-31 00:00:00-04:00,191.53774226122374,193.7944619572993,190.00671843371393,193.62631225585938,240100
2020-08-03 00:00:00-04:00,193.83870570214086,197.42290583005803,193.2369210110256,195.54673767089844,326900
2020-08-04 00:00:00-04:00,196.61755678783152,196.61755678783152,191.9182780592692,192.18377685546875,276600
2020-08-05 00:00:00-04:00,194.98917510548566,197.16623542684866,193.03334801642234,193.9183349609375,368700
2020-08-06 00:00:00-04:00,193.37848186669567,200.69732728083324,191.6173665853489,197.93617248535156,439100
2020-08-07 00:00:00-04:00,196.01580865565862,205.80376437108828,196.01580865565862,205.48516845703125,318600
2020-08-10 00:00:00-04:00,205.20194165800308,207.97195542812258,204.62670548069158,205.21080017089844,210100
2020-08-11 00:00:00-04:00,208.90117338014792,209.77730182294434,201.77702569328156,202.01597595214844,252100
2020-08-12 00:00:00-04:00,205.0957478119934,205.6267454408706,201.13985463796692,201.5292510986328,140500
2020-08-13 00:00:00-04:00,200.40530957436306,201.63544100180724,198.99818344227523,199.3521728515625,176600
2020-08-14 00:00:00-04:00,198.4052252594446,202.21067182177865,197.77687858712878,199.36985778808594,237300
2020-08-17 00:00:00-04:00,199.11322283304662,199.7946530757909,196.2635637151885,196.4051513671875,207500
2020-08-18 00:00:00-04:00,196.2458708736735,197.2459105233648,194.94493887934544,195.33433532714844,231800
2020-08-19 00:00:00-04:00,195.36969985496467,196.27239025866146,191.85630084150077,192.31649780273438,234500
2020-08-20 00:00:00-04:00,189.76772215615787,192.04214482322874,189.29868020993732,191.4757537841797,211900
2020-08-21 00:00:00-04:00,191.38725504088464,192.28994542650796,188.68805589896454,189.2190399169922,388100
2020-08-24 00:00:00-04:00,189.20136338227996,193.82985508064127,188.94472309587235,193.48471069335938,140400
2020-08-25 00:00:00-04:00,195.80340020198165,196.32553936160062,193.45818973668835,193.6705780029297,216100
2020-08-26 00:00:00-04:00,192.9625080389172,193.22800676882474,191.07749541460902,192.0155792236328,181300
2020-08-27 00:00:00-04:00,191.9094326928672,199.75926291198823,191.9094326928672,196.3609161376953,211600
2020-08-28 00:00:00-04:00,198.51142919600284,198.51142919600284,193.97144162454575,196.17506408691406,190700
2020-08-31 00:00:00-04:00,195.5821460937521,196.18393083066312,192.84753923770467,194.76795959472656,288200
2020-09-01 00:00:00-04:00,193.41319989954795,195.1333465283015,192.7001995639169,194.1796875,184500
2020-09-02 00:00:00-04:00,192.8249472854486,195.4541730307202,191.56826194156906,194.21531677246094,294900
2020-09-03 00:00:00-04:00,196.0691793911327,198.74297148843632,191.14939812420332,192.51303100585938,198800
2020-09-04 00:00:00-04:00,195.72159112213774,196.41677599424267,190.71267790566654,192.11196899414062,202400
2020-09-08 00:00:00-04:00,191.51484732411618,191.51484732411618,185.81966987762868,188.54693603515625,268200
2020-09-09 00:00:00-04:00,190.2492419599091,193.39540316462066,188.64496384995158,190.36509704589844,265200
2020-09-10 00:00:00-04:00,191.34546627790635,191.79109826845544,184.90163150245704,185.01748657226562,205800
2020-09-11 00:00:00-04:00,185.22250775500902,186.3098374216811,183.57366376608235,183.90342712402344,241000
2020-09-14 00:00:00-04:00,185.01750357216937,188.87667859686894,184.71447705465928,186.8980712890625,238900
2020-09-15 00:00:00-04:00,187.26348478031943,188.2527883917558,183.056717495618,183.70733642578125,172500
2020-09-16 00:00:00-04:00,184.3936166766998,187.50413307190777,183.0745497054973,183.84994506835938,232200
2020-09-17 00:00:00-04:00,182.1743883385957,184.36690414969965,180.3829522780241,182.6735076904297,245500
2020-09-18 00:00:00-04:00,182.04068450766516,184.08167322406945,178.63604926592672,179.45602416992188,366700
2020-09-21 00:00:00-04:00,175.3294822423724,180.48098786989988,174.67886322979433,180.3116455078125,516100
2020-09-22 00:00:00-04:00,179.99078328499803,184.25994596373422,177.50416241587453,178.35086059570312,272300
2020-09-23 00:00:00-04:00,178.431062284685,179.77687972048832,174.62536093648606,175.66815185546875,240400
2020-09-24 00:00:00-04:00,175.31162406172538,179.54512801298532,173.60930657741784,177.95867919921875,285400
2020-09-25 00:00:00-04:00,175.64143280364203,177.81610590888192,174.69668137970245,177.04071044921875,196400
2020-09-28 00:00:00-04:00,179.82144018710898,182.17437687061778,179.15299211111656,179.67884826660156,149100
2020-09-29 00:00:00-04:00,178.54693012889146,179.9907735490176,175.85530886949184,178.05673217773438,185600
2020-09-30 00:00:00-04:00,179.15295916766,179.81249937721984,173.3864804044962,176.06027221679688,473700
2020-10-01 00:00:00-04:00,176.1048390281001,178.94797317889194,173.57365269683785,175.5166015625,346700
2020-10-02 00:00:00-04:00,174.06383973614857,178.1725667964913,172.0406669061036,177.05848693847656,217500
2020-10-05 00:00:00-04:00,178.85887455364426,181.91591751396797,178.43999293478865,181.800048828125,262200
2020-10-06 00:00:00-04:00,183.98361861731482,184.03710588029628,177.5397837883829,178.09237670898438,184400
2020-10-07 00:00:00-04:00,178.65384892599724,179.78575790520364,173.68059465156873,176.76437377929688,290000
2020-10-08 00:00:00-04:00,177.3258960963212,182.70021706996448,177.3258960963212,181.8980712890625,222100
2020-10-09 00:00:00-04:00,183.79647179279172,184.11732739183256,181.1226796673215,182.65565490722656,190500
2020-10-12 00:00:00-04:00,182.86954671011796,184.91054894971688,182.12088819061532,183.3330078125,157300
2020-10-13 00:00:00-04:00,181.73767665528598,182.86066459191628,178.14588320759086,180.48989868164062,290600
2020-10-14 00:00:00-04:00,178.6628350776261,183.3241432330217,177.06746447632005,180.35623168945312,405100
2020-10-15 00:00:00-04:00,177.96759716711273,180.28488911340108,177.29914913640764,179.85708618164062,150700
2020-10-16 00:00:00-04:00,179.6342836521582,181.3722459424958,178.2973874904199,178.96583557128906,109700
2020-10-19 00:00:00-04:00,178.87670783803247,179.90166974539093,175.80184931517974,175.83749389648438,133300
2020-10-20 00:00:00-04:00,177.97651481109168,179.76795060027732,176.95155302555378,178.11019897460938,212900
2020-10-21 00:00:00-04:00,179.1084552105376,183.60042068422527,177.04962353550152,183.1280517578125,298100
2020-10-22 00:00:00-04:00,183.38652660159298,185.1690550959306,182.42395958269708,184.52734375,263200
2020-10-23 00:00:00-04:00,186.7198194569163,191.12266606300747,185.38292337488588,190.7483367919922,313700
2020-10-26 00:00:00-04:00,189.09945770736215,189.65203696669747,184.65204600515386,186.3721923828125,328200
2020-10-27 00:00:00-04:00,186.14051391462542,186.14051391462542,179.8303624143386,180.12448120117188,294000
2020-10-28 00:00:00-04:00,177.60219987042345,179.59862273780755,174.8660125732422,174.8660125732422,293700
2020-10-29 00:00:00-04:00,174.1797114152356,181.27417861191037,172.6289208086394,180.13336181640625,351000
2020-10-30 00:00:00-04:00,182.27238362412436,183.78754320306288,172.56651985349026,175.65029907226562,675900
2020-11-02 00:00:00-05:00,177.53088357298216,184.65207443930262,175.52553951382583,184.4916534423828,365400
2020-11-03 00:00:00-05:00,187.90519150813856,194.69661886359427,187.07630891300602,192.19216918945312,472400
2020-11-04 00:00:00-05:00,187.49521183244843,194.16187664655075,185.5968286740768,188.6271209716797,357200
2020-11-05 00:00:00-05:00,190.16008053539224,193.10125434629475,187.022827563789,188.79644775390625,251800
2020-11-06 00:00:00-05:00,189.71447771098894,189.71447771098894,185.40967045695243,187.77151489257812,271300
2020-11-09 00:00:00-05:00,202.74475096481896,209.48270529530683,199.86597176798054,206.49697875976562,621000
2020-11-10 00:00:00-05:00,207.38821644974072,215.1065657345809,206.5504261375818,214.08160400390625,398100
2020-11-11 00:00:00-05:00,214.1707506804069,214.36682985639612,207.97646834695655,209.47378540039062,236200
2020-11-12 00:00:00-05:00,207.5486592598091,208.2973314129812,202.75366781947417,205.25811767578125,280600
2020-11-13 00:00:00-05:00,207.00497936652303,209.43813996783615,205.96220208007878,207.04954528808594,241600
2020-11-16 00:00:00-05:00,212.325850480132,213.64493118796804,208.4666751544073,212.83387756347656,284100
2020-11-17 00:00:00-05:00,209.76791573279394,212.78039269402598,208.35080910058304,212.46844482421875,181700
2020-11-18 00:00:00-05:00,213.40425771213992,214.8659301512802,209.55399064341353,209.5629119873047,205700
2020-11-19 00:00:00-05:00,207.85165658307562,209.16180198225044,202.71796790226028,208.40423583984375,268600
2020-11-20 00:00:00-05:00,208.57363525433323,208.57363525433323,203.9925381757439,205.9711456298828,218400
2020-11-23 00:00:00-05:00,207.84277091838953,209.0905487312157,205.9711245985652,208.3151397705078,188900
2020-11-24 00:00:00-05:00,212.0852111729796,216.30088655715733,209.27772109883324,215.2759246826172,334400
2020-11-25 00:00:00-05:00,214.27773359217866,214.27773359217866,209.47382018200761,211.6663360595703,236200
2020-11-27 00:00:00-05:00,210.83744483939523,210.87310302112556,207.2813095898529,208.06561279296875,138500
2020-11-30 00:00:00-05:00,206.0513797184347,207.70021038583775,201.00682090761583,202.61109924316406,1072000
2020-12-01 00:00:00-05:00,207.37613706028245,209.80804987622057,205.38394663787497,207.03514099121094,271300
2020-12-02 00:00:00-05:00,206.11980960997332,208.8478466629275,205.18652404685122,208.54273986816406,210600
2020-12-03 00:00:00-05:00,208.08507324936065,210.05931215087654,207.5556071301275,208.7042694091797,202400
2020-12-04 00:00:00-05:00,209.21580035109554,211.86307655498825,209.21580035109554,210.56187438964844,263500
2020-12-07 00:00:00-05:00,208.57861413279227,208.63246858649597,205.69802388980997,206.68515014648438,230400
2020-12-08 00:00:00-05:00,208.98247902654438,211.1541434287346,206.93644764950656,210.651611328125,293500
2020-12-09 00:00:00-05:00,211.36951604654217,212.45535514314298,208.05818537132959,211.78231811523438,251300
2020-12-10 00:00:00-05:00,210.11319371292666,212.74253225542947,209.37734698816448,211.6208038330078,229500
2020-12-11 00:00:00-05:00,209.5837626223537,212.8502355748568,207.8338688429726,207.851806640625,196300
2020-12-14 00:00:00-05:00,210.0593555194573,211.24389362773655,205.6352514467434,206.12881469726562,247200
2020-12-15 00:00:00-05:00,207.04412995740375,210.0862566498117,205.3032053931222,209.33245849609375,201600
2020-12-16 00:00:00-05:00,209.74522318827252,211.68357281595465,208.41710082544054,209.4221649169922,242700
2020-12-17 00:00:00-05:00,209.55682675123344,211.74644288488926,208.94659935175142,211.02853393554688,291100
2020-12-18 00:00:00-05:00,211.028516854647,212.58098507569707,206.97234325820224,208.66839599609375,466000
2020-12-21 00:00:00-05:00,208.1927814886662,208.1927814886662,201.48036288504684,205.6262664794922,220300
2020-12-22 00:00:00-05:00,204.99806881788905,206.62232901799118,204.15452704274915,204.72885131835938,173800
2020-12-23 00:00:00-05:00,206.10185266894527,208.71323922711895,205.48265650639158,205.99417114257812,133100
2020-12-24 00:00:00-05:00,205.97625984730732,206.32623856925974,203.02387664857787,205.66217041015625,77800
2020-12-28 00:00:00-05:00,207.04413591389476,208.87479058172948,206.21854547993217,207.0979766845703,172100
2020-12-29 00:00:00-05:00,208.22865210323363,208.22865210323363,204.51348869365847,205.7967529296875,127600
2020-12-30 00:00:00-05:00,206.2634243355186,207.29540898966295,205.10579295491365,206.72108459472656,128600
2020-12-31 00:00:00-05:00,207.0441382721427,210.34650004560717,205.2045009929263,210.0683135986328,118600
2021-01-04 00:00:00-05:00,210.88494721901196,211.70156881157808,203.4994909866087,204.7019805908203,165100
2021-01-05 00:00:00-05:00,204.6750253501609,206.11082929647534,202.4315688468835,203.01486206054688,158600
2021-01-06 00:00:00-05:00,206.06597213593858,215.8294855750794,205.9134187361208,215.04876708984375,309900
2021-01-07 00:00:00-05:00,216.48458836471926,216.99608933821432,213.8014093991384,216.59226989746094,259400
2021-01-08 00:00:00-05:00,216.53845897976962,217.04099112579829,211.7912965934455,214.4475555419922,209700
2021-01-11 00:00:00-05:00,213.5680902714108,215.12055833805334,211.71050171358402,212.90402221679688,215400
2021-01-12 00:00:00-05:00,214.1155326494911,217.07688481191215,213.70273055375569,214.85137939453125,163400
2021-01-13 00:00:00-05:00,214.1962846973829,216.9063843593499,212.60791344101787,213.79246520996094,162900
2021-01-14 00:00:00-05:00,215.07572464374712,215.07572464374712,210.10423017368586,211.06442260742188,197900
2021-01-15 00:00:00-05:00,209.38631362613089,210.93878191197373,206.92748002125063,207.47488403320312,268500
2021-01-19 00:00:00-05:00,206.99025424860855,210.0503319118461,206.15568138910265,208.8568115234375,235900
2021-01-20 00:00:00-05:00,207.8876892230546,212.72458165297112,207.51975901265357,212.3028106689453,179300
2021-01-21 00:00:00-05:00,212.21304998742858,213.52323471065927,207.96843379196372,208.0133056640625,178400
2021-01-22 00:00:00-05:00,206.14672654874713,206.46081592767982,202.27002724602204,205.42881774902344,229600
2021-01-25 00:00:00-05:00,203.94815977477862,208.53378568817365,202.92514409610402,204.8275909423828,186500
2021-01-26 00:00:00-05:00,204.80962177854119,207.66330549463615,202.620006099103,203.8583984375,266900
2021-01-27 00:00:00-05:00,201.04066214998315,201.42654386389117,196.0871053939545,196.46400451660156,308600
2021-01-28 00:00:00-05:00,198.16004187236885,198.16004187236885,194.25642189670202,194.82177734375,290800
2021-01-29 00:00:00-05:00,193.57441106045266,193.57441106045266,188.11832308557234,189.41952514648438,316800
2021-02-01 00:00:00-05:00,191.04380920324607,191.2950752726833,188.18115609825696,189.79644775390625,254900
2021-02-02 00:00:00-05:00,191.88732953993028,194.92945610987525,189.9489797715656,192.1385955810547,294200
2021-02-03 00:00:00-05:00,191.13353536166812,193.60133764669814,189.85925364310023,192.29115295410156,177100
2021-02-04 00:00:00-05:00,193.69106886103953,199.2907415545918,190.80149561811064,198.2587432861328,272200
2021-02-05 00:00:00-05:00,199.3176705702065,200.77142615170044,196.4550175875081,196.88575744628906,201400
2021-02-08 00:00:00-05:00,197.4152318029089,202.28801345666798,196.75116365289946,202.0816192626953,236800
2021-02-09 00:00:00-05:00,204.78275387330157,215.73082138302007,204.78275387330157,209.12608337402344,430500
2021-02-10 00:00:00-05:00,209.74522666866994,212.1322676186856,207.47484983584926,210.60671997070312,238100
2021-02-11 00:00:00-05:00,211.4772240126272,219.88569607238253,211.00161224637904,219.81390380859375,365500
2021-02-12 00:00:00-05:00,218.60243845025946,222.20990716501186,215.95514844304563,218.548583984375,305100
2021-02-16 00:00:00-05:00,219.65236175099832,219.65236175099832,214.4026676117417,215.76669311523438,260600
2021-02-17 00:00:00-05:00,216.46667000348023,219.01523375016052,214.95905984953149,217.812744140625,177400
2021-02-18 00:00:00-05:00,215.91919321333998,218.33315421004414,215.4346127121694,216.17942810058594,158100
2021-02-19 00:00:00-05:00,217.46272044306207,217.46272044306207,213.2091221198254,214.74365234375,351400
2021-02-22 00:00:00-05:00,213.8463156911179,218.32424692607464,212.92201253837666,216.99612426757812,298500
2021-02-23 00:00:00-05:00,218.03707630445777,220.37027680796086,214.39370472347434,215.35389709472656,299000
2021-02-24 00:00:00-05:00,216.2692484148555,222.6047686049293,216.11669498651648,219.60751342773438,207100
2021-02-25 00:00:00-05:00,220.89973966562414,220.89973966562414,213.568124286442,214.4475555419922,221700
2021-02-26 00:00:00-05:00,214.3488478487666,218.83576167487914,212.30281623949725,216.99612426757812,391200
2021-03-01 00:00:00-05:00,219.50879666422384,221.48303599037004,215.82055298646588,217.74095153808594,205100
2021-03-02 00:00:00-05:00,217.4179069934422,219.43701832413387,216.07183277298105,217.0948486328125,186400
2021-03-03 00:00:00-05:00,215.44364895176608,219.80492959745172,215.44364895176608,217.37301635742188,271600
2021-03-04 00:00:00-05:00,216.3230788291712,220.7202624245217,213.90014819535193,215.08468627929688,222700
2021-03-05 00:00:00-05:00,217.4986392286722,222.9547276529957,215.73079422552078,221.56378173828125,219400
2021-03-08 00:00:00-05:00,222.69452323771006,227.93523560466875,222.09327839324845,225.2789764404297,240100
2021-03-09 00:00:00-05:00,223.4034079635617,226.90320851410488,220.48691435126202,221.78811645507812,320600
2021-03-10 00:00:00-05:00,221.35737963106132,226.82243675728276,220.9535601716853,224.5430908203125,206300
2021-03-11 00:00:00-05:00,222.7573380618901,225.05463593649188,221.15999770555058,223.82522583007812,192800
2021-03-12 00:00:00-05:00,226.07762846722926,228.08777074631797,224.9738515244628,226.87631225585938,216800
2021-03-15 00:00:00-04:00,225.92504654099986,230.26838888727224,224.67768523002815,229.70303344726562,206700
2021-03-16 00:00:00-04:00,226.7326759130953,229.14328323901213,225.61313719551666,228.7550506591797,184800
2021-03-17 00:00:00-04:00,230.76843640691024,230.76843640691024,224.52070307162091,226.8681182861328,225400
2021-03-18 00:00:00-04:00,229.06203168693187,231.18372047765365,226.26319176133913,227.47300720214844,209900
2021-03-19 00:00:00-04:00,227.29244003137043,227.29244003137043,221.80311152461522,221.94757080078125,450800
2021-03-22 00:00:00-04:00,220.53912258663394,221.3155739589414,218.29102164467062,220.18701171875,242500
2021-03-23 00:00:00-04:00,219.16679542481623,220.43077967160008,217.39720370292375,217.91183471679688,282700
2021-03-24 00:00:00-04:00,221.6496053472274,222.26353654163034,219.19385301682894,219.3473358154297,378700
2021-03-25 00:00:00-04:00,219.57308137127714,224.68321484272846,218.48966430356336,223.78036499023438,314000
2021-03-26 00:00:00-04:00,225.71246316449543,226.04651320153232,223.92482431362333,225.84788513183594,178000
2021-03-29 00:00:00-04:00,226.99449824420256,230.97606922433974,226.3534825919996,229.4051055908203,458200
2021-03-30 00:00:00-04:00,230.01904065208092,231.96017593094328,228.8182488001581,229.58566284179688,288700
2021-03-31 00:00:00-04:00,229.53150849052332,229.63082252290812,223.57270787662065,223.73521423339844,281700
2021-04-01 00:00:00-04:00,222.26355817003818,227.19312416224568,221.73991740686546,226.71461486816406,235400
2021-04-05 00:00:00-04:00,228.2946216639657,228.77313099921005,225.4596735861576,226.6243438720703,341600
2021-04-06 00:00:00-04:00,225.99234869930243,230.05517311329254,225.99234869930243,228.94467163085938,262300
2021-04-07 00:00:00-04:00,228.9446511284794,231.2740052370703,227.8792812138241,230.91285705566406,256200
2021-04-08 00:00:00-04:00,229.36900138415666,229.86557154445785,227.19312999399742,228.69186401367188,266600
2021-04-09 00:00:00-04:00,229.73015490489686,230.40729233168065,228.1321067202962,230.01907348632812,185100
2021-04-12 00:00:00-04:00,229.7482002220712,230.39825320993114,226.85908348513559,230.20864868164062,262600
2021-04-13 00:00:00-04:00,229.9649031310831,231.69837327868265,227.31052223193515,231.19277954101562,241600
2021-04-14 00:00:00-04:00,231.35523939859732,235.14721922156218,231.03021295024013,234.24436950683594,244900
2021-04-15 00:00:00-04:00,234.5694238475474,237.69327670063893,234.15412061977943,237.26893615722656,208900
2021-04-16 00:00:00-04:00,238.60513827682257,239.0926848718237,235.91463601882506,236.63693237304688,228000
2021-04-19 00:00:00-04:00,237.99123676999113,238.6142053989831,235.78828083180335,238.3523712158203,162000
2021-04-20 00:00:00-04:00,237.8196935609905,239.2552215841604,235.71603788127183,236.9348907470703,327400
2021-04-21 00:00:00-04:00,236.93483570596482,241.78313409541212,236.93483570596482,241.63870239257812,189200
2021-04-22 00:00:00-04:00,240.42890181313376,240.78102647672094,238.19886160212016,238.8128204345703,220000
2021-04-23 00:00:00-04:00,239.4989731635381,242.60477889550273,239.15591336005082,240.89840698242188,169300
2021-04-26 00:00:00-04:00,241.160200605365,243.07426535549286,239.77884149198118,240.15805053710938,226900
2021-04-27 00:00:00-04:00,241.05183402951573,242.30680834536787,239.7065967853521,241.1060028076172,188900
2021-04-28 00:00:00-04:00,243.16454356860064,243.16454356860064,239.55314408556006,240.2664031982422,311500
2021-04-29 00:00:00-04:00,240.46500364958948,246.23422688637322,239.0475229026528,245.98143005371094,655100
2021-04-30 00:00:00-04:00,246.52314449191485,251.84094341940357,245.1237382229922,250.04428100585938,462600
2021-05-03 00:00:00-04:00,252.0666062850108,253.9445215105011,245.35843972414077,245.63832092285156,393800
2021-05-04 00:00:00-04:00,245.73770131552598,250.53183251235583,245.09668554353868,246.8572540283203,441100
2021-05-05 00:00:00-04:00,246.5772705078125,248.2656226059849,240.88932836895916,246.5772705078125,300200
2021-05-06 00:00:00-04:00,248.08505969298457,248.2385562777268,243.86873912695575,246.76690673828125,276300
2021-05-07 00:00:00-04:00,243.93193447622636,247.38082707216418,243.3631347354612,246.56826782226562,296800
2021-05-10 00:00:00-04:00,247.5884857124479,249.00593881600042,246.18905213129253,246.30642700195312,332400
2021-05-11 00:00:00-04:00,245.21398859850825,245.4487107889861,238.99334082428996,239.76980590820312,319900
2021-05-12 00:00:00-04:00,241.1421703681493,241.66583872643028,236.56471487858522,236.9439239501953,307500
2021-05-13 00:00:00-04:00,235.70698470727316,245.67442584971016,235.70698470727316,244.6361541748047,222700
2021-05-14 00:00:00-04:00,244.44652421944232,245.8910890605662,242.86653745163431,245.06045532226562,191700
2021-05-17 00:00:00-04:00,244.79868544313612,246.6766007308896,241.06991170423547,245.67442321777344,335900
2021-05-18 00:00:00-04:00,244.20283249870695,245.85503556817687,241.28661762209953,245.1327667236328,400500
2021-05-19 00:00:00-04:00,244.05833691124894,244.50072444625994,240.62749152808786,243.04714965820312,324300
2021-05-20 00:00:00-04:00,243.4895352132193,243.93192274463294,240.79002345575918,242.34292602539062,252400
2021-05-21 00:00:00-04:00,242.52358657588243,244.45569899230017,238.15379545006812,238.6142578125,276800
2021-05-24 00:00:00-04:00,239.66151934169275,240.00457916273334,236.9800540101137,237.9641571044922,388200
2021-05-25 00:00:00-04:00,237.74616412574986,237.74616412574986,230.1355215039527,231.08004760742188,592600
2021-05-26 00:00:00-04:00,231.52502681181048,233.04171733368258,230.38071162584123,231.31614685058594,495900
2021-05-27 00:00:00-04:00,233.03264075000016,236.11142042567496,231.50688707579056,236.0659942626953,1750000
2021-05-28 00:00:00-04:00,237.5644956046138,237.5644956046138,233.43223927564898,236.09323120117188,357000
2021-06-01 00:00:00-04:00,238.3183446055837,238.91775384300766,235.08518766368434,235.9479522705078,463100
2021-06-02 00:00:00-04:00,235.6663922153102,235.6663922153102,232.9872463213714,233.4867401123047,332300
2021-06-03 00:00:00-04:00,232.6693665646089,234.8036201510774,231.14359905520195,233.40499877929688,325200
2021-06-04 00:00:00-04:00,233.19613255189455,235.9933756265401,231.83386026345116,235.55743408203125,227200
2021-06-07 00:00:00-04:00,235.3848529281738,235.6300821489745,232.77835012064872,234.1224822998047,327800
2021-06-08 00:00:00-04:00,233.60484081216683,235.87531783284498,232.00642997845048,235.37582397460938,304100
2021-06-09 00:00:00-04:00,233.99530029296875,235.23045390927592,233.50486961327493,233.99530029296875,237400
2021-06-10 00:00:00-04:00,235.1669122179474,235.57560913688667,231.35251388501152,231.4796600341797,237500
2021-06-11 00:00:00-04:00,231.38879658365136,232.66025786194655,230.0719230044409,230.53509521484375,276200
2021-06-14 00:00:00-04:00,230.4806396980429,230.81666582975035,228.86406132588024,230.7076873779297,207600
2021-06-15 00:00:00-04:00,231.0346184326668,234.75819177541422,229.6269201564314,233.02354431152344,216400
2021-06-16 00:00:00-04:00,232.45139210887902,233.72286732274392,230.7894015706393,230.8529815673828,191400
2021-06-17 00:00:00-04:00,231.5250232138766,231.75207086408025,222.906303281195,222.988037109375,310000
2021-06-18 00:00:00-04:00,217.32094252683754,219.05559005797346,214.45107049937553,214.5237274169922,606000
2021-06-21 00:00:00-04:00,216.0313268293478,221.55312818996293,216.0313268293478,221.21710205078125,327700
2021-06-22 00:00:00-04:00,221.16261984238596,222.56122752851164,219.51879676853682,221.99815368652344,301900
2021-06-23 00:00:00-04:00,221.8982294413185,224.11421690713502,220.87196954332398,223.21510314941406,407500
2021-06-24 00:00:00-04:00,224.7499455678714,230.33531262916986,224.18687178861376,229.4180450439453,327500
2021-06-25 00:00:00-04:00,230.36254185175028,233.18702905085857,229.2000589837779,232.71475219726562,512600
2021-06-28 00:00:00-04:00,232.2788275254644,232.2788275254644,227.52899447241634,228.45535278320312,235800
2021-06-29 00:00:00-04:00,229.5905966991347,230.60776578201066,228.31004457008515,229.77223205566406,361700
2021-06-30 00:00:00-04:00,228.845863300812,229.79946620152728,227.50174509423655,228.87310791015625,226000
2021-07-01 00:00:00-04:00,229.7358848199865,233.5139469298547,228.2373621160533,233.2415008544922,291800
2021-07-02 00:00:00-04:00,231.8338457444965,232.2788503220463,228.037601381686,229.1819305419922,311100
2021-07-06 00:00:00-04:00,228.03757426183458,228.03757426183458,224.53195799407513,225.57638549804688,668700
2021-07-07 00:00:00-04:00,224.07788788318766,228.89130137233556,224.07788788318766,227.9376983642578,528400
2021-07-08 00:00:00-04:00,224.3322067474337,224.3322067474337,220.1908588755607,220.68128967285156,240900
2021-07-09 00:00:00-04:00,224.18688883915326,225.18589033452852,222.82460273445813,225.10415649414062,282300
2021-07-12 00:00:00-04:00,223.5601813504162,226.7933373788777,222.60657853445394,226.04861450195312,174900
2021-07-13 00:00:00-04:00,225.51282957128504,225.70355571497157,222.20701599121094,222.20701599121094,155300
2021-07-14 00:00:00-04:00,222.51579950327067,224.29585938142296,221.38965189882873,222.69744873046875,175000
2021-07-15 00:00:00-04:00,220.39973505927736,223.95076438686195,220.18177813794298,223.75096130371094,222700
2021-07-16 00:00:00-04:00,224.65913547690994,224.73179239794356,222.4704063590441,224.12330627441406,140200
2021-07-19 00:00:00-04:00,220.1545040498931,221.2624977779842,213.30673862494376,214.9505615234375,253900
2021-07-20 00:00:00-04:00,215.42282296008494,221.13535000318518,215.29567682130428,219.1009979248047,285800
2021-07-21 00:00:00-04:00,221.0354507695512,224.25043965944917,221.0354507695512,222.07986450195312,221900
2021-07-22 00:00:00-04:00,221.34422580410603,221.9890334036657,219.84571677829936,220.43603515625,169200
2021-07-23 00:00:00-04:00,222.01629386193844,222.6156891628988,219.61867108442797,220.49960327148438,152900
2021-07-26 00:00:00-04:00,220.02737644874122,222.0708056322109,219.1010180053588,221.22618103027344,234700
2021-07-27 00:00:00-04:00,219.42792544243872,223.51478303110042,218.4016656578727,222.533935546875,253200
2021-07-28 00:00:00-04:00,222.22516251416795,225.12229277649587,218.4924985538273,221.0535888671875,279600
2021-07-29 00:00:00-04:00,224.9406490052714,226.0758872948843,222.715584729208,224.84983825683594,373500
2021-07-30 00:00:00-04:00,224.3321823023982,230.44431575876456,223.22418852749712,229.61785888671875,346400
2021-08-02 00:00:00-04:00,231.10728204698563,235.40303391502053,230.54420826332446,231.3706512451172,370300
2021-08-03 00:00:00-04:00,232.60580524037306,236.86522197963805,228.85498695033363,235.95703125,476900
2021-08-04 00:00:00-04:00,234.69462684772918,236.71987414591246,233.4776270548779,234.48573303222656,335700
2021-08-05 00:00:00-04:00,236.383887806816,238.1639339202032,233.55942787185205,235.38487243652344,273300
2021-08-06 00:00:00-04:00,237.91868361825007,238.7814757420235,236.72895619437924,238.55442810058594,165800
2021-08-09 00:00:00-04:00,238.5453261153402,240.10741492365082,237.0831249609951,238.62705993652344,273800
2021-08-10 00:00:00-04:00,238.30024528808738,240.28915804195682,237.9460375012052,240.0258026123047,239100
2021-08-11 00:00:00-04:00,240.26185111094372,244.21248640483938,239.66246960761634,244.13075256347656,172400
2021-08-12 00:00:00-04:00,245.2114558183814,246.52834324149458,244.1488606482266,246.5010986328125,167000
2021-08-13 00:00:00-04:00,247.22767400140387,249.44366153149554,245.96527562207808,247.86341857910156,229100
2021-08-16 00:00:00-04:00,246.94615276351809,248.50824197862843,244.9844573969296,246.7372589111328,267800
2021-08-17 00:00:00-04:00,245.49300614775242,250.53345304089365,245.49300614775242,248.55360412597656,222000
2021-08-18 00:00:00-04:00,247.27306185583393,250.66062300675807,246.24682968782193,246.6464080810547,210000
2021-08-19 00:00:00-04:00,245.09335692450748,248.11764670081763,243.84004964537164,246.5101318359375,180500
2021-08-20 00:00:00-04:00,245.88351832957116,247.82705954998383,244.4849247372994,246.97335815429688,197800
2021-08-23 00:00:00-04:00,248.0359084569729,250.00669415057934,247.63633011243965,247.7816162109375,139200
2021-08-24 00:00:00-04:00,248.48491448835128,249.91892718164155,247.35233267919662,248.59454345703125,169400
2021-08-25 00:00:00-04:00,248.7132642993897,250.54916629165248,247.44368109700915,249.08775329589844,198600
2021-08-26 00:00:00-04:00,249.07869176761966,250.39396095790977,243.25132396950048,243.29698181152344,243900
2021-08-27 00:00:00-04:00,243.3334523859176,245.82698862413355,241.02260320970095,244.70352172851562,203500
2021-08-30 00:00:00-04:00,244.57570627852326,244.57570627852326,239.97229201911983,240.23715209960938,194700
2021-08-31 00:00:00-04:00,239.9539959639144,244.1464058400531,239.83525213177882,241.9542999267578,305500
2021-09-01 00:00:00-04:00,241.817312841096,242.19180192070428,238.3373378777333,238.6204833984375,266700
2021-09-02 00:00:00-04:00,238.74837521291306,238.74837521291306,235.83469122680015,236.6841278076172,402700
2021-09-03 00:00:00-04:00,236.41009680503413,238.17294111847949,233.660842381945,234.40982055664062,340600
2021-09-07 00:00:00-04:00,233.6517248305133,233.6517248305133,230.15347791885782,230.33615112304688,405200
2021-09-08 00:00:00-04:00,231.24947571385644,241.47933994401103,230.34523869164346,240.6116180419922,562000
2021-09-09 00:00:00-04:00,240.68473291386704,244.51179671085632,237.07687136089825,237.55181884765625,233200
2021-09-10 00:00:00-04:00,239.2415820935438,239.2415820935438,233.222412109375,233.222412109375,286900
2021-09-13 00:00:00-04:00,235.3048900424168,236.06301085508963,233.47813051674117,234.86648559570312,170700
2021-09-14 00:00:00-04:00,236.32787177146264,236.32787177146264,229.70588240401335,231.916259765625,193600
2021-09-15 00:00:00-04:00,231.8158037726745,232.8205132240013,230.46400552588872,231.44131469726562,188700
2021-09-16 00:00:00-04:00,232.37294962394617,232.68349539950424,230.03469965280667,230.4639892578125,199900
2021-09-17 00:00:00-04:00,229.66933390194666,234.29104711494315,229.66933390194666,233.6973419189453,517500
2021-09-20 00:00:00-04:00,230.30869853947962,232.24507308796285,228.50021053566687,231.3773651123047,270200
2021-09-21 00:00:00-04:00,233.27719337722095,233.9531133779336,229.49580159460396,230.99374389648438,190100
2021-09-22 00:00:00-04:00,233.0032043921847,233.08540523346406,230.13519223196272,231.43218994140625,212300
2021-09-23 00:00:00-04:00,232.41862934018616,235.8894753571447,232.41862934018616,233.11279296875,209500
2021-09-24 00:00:00-04:00,232.8296616044726,234.3458755049024,231.3317192034771,233.5877685546875,153200
2021-09-27 00:00:00-04:00,235.4510083473811,238.4103495349509,235.1313198905934,236.46487426757812,241200
2021-09-28 00:00:00-04:00,237.25953405401907,238.23682920742323,231.59656842394875,232.35467529296875,184500
2021-09-29 00:00:00-04:00,231.97107830325024,233.66996535744607,230.8658825682389,231.1216278076172,163500
2021-09-30 00:00:00-04:00,231.24038090466473,235.81640905361596,229.03000328321343,229.05740356445312,272900
2021-10-01 00:00:00-04:00,229.8611658693155,231.74272604421745,227.0936261655217,230.19911193847656,224000
2021-10-04 00:00:00-04:00,230.42746776633072,233.34115172184997,228.15314691929441,228.71945190429688,179000
2021-10-05 00:00:00-04:00,228.68289874111858,234.52852395466894,228.68289874111858,233.6151580810547,240300
2021-10-06 00:00:00-04:00,232.56471606827222,238.41948281975593,232.19024101353196,238.2550811767578,198500
2021-10-07 00:00:00-04:00,240.8399280610654,244.3381875650575,240.8399280610654,243.02291870117188,208100
2021-10-08 00:00:00-04:00,244.12810296747074,246.83169882959447,243.12337981373543,245.33377075195312,170800
2021-10-11 00:00:00-04:00,245.55305698733326,248.43934091045486,242.34708451394673,242.44757080078125,156900
2021-10-12 00:00:00-04:00,241.55241641769368,245.33382220551243,240.67557960605123,242.76722717285156,127000
2021-10-13 00:00:00-04:00,241.9177424474612,243.60750052655519,238.25510867641032,243.13255310058594,231000
2021-10-14 00:00:00-04:00,245.61698179325046,255.02478321292213,245.1420343001694,253.8008575439453,348000
2021-10-15 00:00:00-04:00,255.66413348923095,257.0890036933864,253.17059669488972,254.3397216796875,227200
2021-10-18 00:00:00-04:00,253.280184853034,256.74190179176344,252.1841459150451,252.41249084472656,229600
2021-10-19 00:00:00-04:00,254.72334511076534,256.1756155453975,251.90100507280437,252.67738342285156,174600
2021-10-20 00:00:00-04:00,251.7731465618726,256.21218706543846,251.04245384173248,254.8421173095703,162400
2021-10-21 00:00:00-04:00,254.45844916723703,256.27606586400765,253.28932425752274,255.36268615722656,142100
2021-10-22 00:00:00-04:00,256.7236713193117,257.46350673960967,253.87393075606914,256.586669921875,152100
2021-10-25 00:00:00-04:00,255.90163506785055,258.66917479271,254.47673691204878,258.1576843261719,141200
2021-10-26 00:00:00-04:00,259.6373448166678,264.4782464941909,257.2716945346979,261.79290771484375,275300
2021-10-27 00:00:00-04:00,262.0212489469248,264.58784385881086,255.22570125965595,255.91073608398438,415300
2021-10-28 00:00:00-04:00,251.17947046865027,252.35773833488122,240.41071372997993,244.23777770996094,531600
2021-10-29 00:00:00-04:00,243.3700570438919,244.01854889229452,238.69352908850598,238.84881591796875,406500
2021-11-01 00:00:00-04:00,241.0500479415826,244.37473566495376,240.07272494047726,242.42926025390625,302400
2021-11-02 00:00:00-04:00,243.598337765203,254.96989646765905,243.598337765203,250.0924530029297,399600
2021-11-03 00:00:00-04:00,248.49410397217594,250.63140934047829,247.45286550388775,250.23866271972656,173500
2021-11-04 00:00:00-04:00,249.49884268013795,249.49884268013795,243.35178626703836,245.525634765625,186200
2021-11-05 00:00:00-04:00,248.2840422431994,250.39397542488962,247.2976042305587,249.8550567626953,159700
2021-11-08 00:00:00-05:00,251.80966968656767,251.80966968656767,248.85944301041485,249.98291015625,127200
2021-11-09 00:00:00-05:00,248.62201478927332,249.46230867038005,247.64469162668578,248.84121704101562,110800
2021-11-10 00:00:00-05:00,249.5901851634755,250.00118936891013,246.4846713936632,246.90484619140625,124400
2021-11-11 00:00:00-05:00,246.5120519435698,249.26130578947487,244.57566363339163,249.18824768066406,282700
2021-11-12 00:00:00-05:00,249.60847059607914,251.40783020515627,247.5442229978294,250.40310668945312,195700
2021-11-15 00:00:00-05:00,250.98760139402816,252.3576708666578,249.9189349407577,251.63609313964844,100200
2021-11-16 00:00:00-05:00,252.28457539267256,256.05683765857066,251.06065005473832,254.4127655029297,199700
2021-11-17 00:00:00-05:00,253.5267787040771,254.4858161209657,250.27514960363754,254.03826904296875,216600
2021-11-18 00:00:00-05:00,253.3898026419956,255.47230719374642,248.46667279591904,250.63137817382812,161300
2021-11-19 00:00:00-05:00,250.40307159828282,250.40307159828282,243.72626735680987,243.97286987304688,333900
2021-11-22 00:00:00-05:00,244.5209006450678,253.5542403276274,243.77195038670033,250.14732360839844,200000
2021-11-23 00:00:00-05:00,251.75489989219486,255.7281079309446,251.4260686420063,255.28053283691406,191800
2021-11-24 00:00:00-05:00,255.04301184817297,255.68236088406667,252.40333125789812,253.8282012939453,134700
2021-11-26 00:00:00-05:00,244.62135982263715,247.86384663288692,241.4336456907408,245.15110778808594,139800
2021-11-29 00:00:00-05:00,248.64022047167794,248.64022047167794,241.33318294741923,241.47018432617188,267200
2021-11-30 00:00:00-05:00,238.43827221812373,238.92521734205638,235.20422422884732,235.55335998535156,524900
2021-12-01 00:00:00-05:00,239.18245963326365,242.67378899618257,235.8749228158513,236.03109741210938,374600
2021-12-02 00:00:00-05:00,237.70327930160474,244.4653875476764,236.9682772882594,242.39816284179688,302800
2021-12-03 00:00:00-05:00,242.18687710773926,243.12400892938416,237.90542146242453,241.14866638183594,312900
2021-12-06 00:00:00-05:00,244.6399181034608,247.19408756211496,243.3536507571107,245.28306579589844,176700
2021-12-07 00:00:00-05:00,245.80680064715747,250.97946059958343,245.78840737224587,248.88467407226562,239400
2021-12-08 00:00:00-05:00,249.12357329594516,252.78027468259432,247.55249016415934,251.5858612060547,293200
2021-12-09 00:00:00-05:00,250.1341072502851,252.16457277699485,248.64571043710782,249.16021728515625,217400
2021-12-10 00:00:00-05:00,250.27205568925086,251.12650203271212,247.5433173355069,248.03945922851562,152700
2021-12-13 00:00:00-05:00,247.20331722910097,248.61822551840527,243.93251066626277,245.75167846679688,167600
2021-12-14 00:00:00-05:00,246.24774346335704,249.9228088100808,243.91409715592434,247.8004608154297,151200
2021-12-15 00:00:00-05:00,249.07759175416354,252.04518946149093,246.65203485256228,247.95669555664062,170500
2021-12-16 00:00:00-05:00,250.42821171903384,251.97173283358015,246.9828370677087,248.58148193359375,244400
2021-12-17 00:00:00-05:00,251.4939513369263,252.55972378729808,244.9890691464722,245.24632263183594,608000
2021-12-20 00:00:00-05:00,242.609487941832,243.23424245368827,238.5117970642073,240.4136505126953,318800
2021-12-21 00:00:00-05:00,242.09495194149713,247.33193175678053,242.05819343386864,243.3260955810547,223700
2021-12-22 00:00:00-05:00,242.48086251370992,244.44700820716076,240.7811389125707,241.6999053955078,311600
2021-12-23 00:00:00-05:00,243.65687636215688,245.7975898766073,242.68298615781993,245.32901000976562,124200
2021-12-27 00:00:00-05:00,246.52340352178354,249.65640026395033,244.55722999644587,249.1878204345703,110600
2021-12-28 00:00:00-05:00,249.48185458095114,252.55972785657312,249.48185458095114,251.95333862304688,129700
2021-12-29 00:00:00-05:00,251.94410769351546,254.75553045995235,251.85222545151274,253.76327514648438,130100
2021-12-30 00:00:00-05:00,254.35132754616382,256.4277489150343,251.81552290372238,251.93496704101562,82600
2021-12-31 00:00:00-05:00,251.48476880882868,253.4968696973704,250.9794584466133,251.6685333251953,151400
2022-01-03 00:00:00-05:00,252.33917148720852,253.9470125937663,248.5446619895683,250.63027954101562,188200
2022-01-04 00:00:00-05:00,253.60713260041118,255.10472658035127,250.5568208899775,250.70382690429688,200400
2022-01-05 00:00:00-05:00,252.34839855144864,253.23960313665833,247.37786865234375,247.37786865234375,222400
2022-01-06 00:00:00-05:00,252.6516100068427,255.09553244664946,250.1525638159413,252.02685546875,213900
2022-01-07 00:00:00-05:00,253.17530366455074,257.4016353252945,252.04521073475914,256.4920654296875,161800
2022-01-10 00:00:00-05:00,258.5959810809823,259.05536427740765,255.59162507022944,257.4383544921875,240300
2022-01-11 00:00:00-05:00,259.09213906373736,262.6018336342018,255.15981977679334,262.43646240234375,207200
2022-01-12 00:00:00-05:00,262.7488351929449,264.2096704600706,258.22849199548745,260.0292663574219,140000
2022-01-13 00:00:00-05:00,261.2787967814516,264.67821568339616,259.7536411726124,261.4809265136719,132500
2022-01-14 00:00:00-05:00,260.26816497062134,266.874098144947,259.0921450084362,266.7178955078125,211900
2022-01-18 00:00:00-05:00,265.5235446424759,269.7958036804012,265.48678612806884,267.2691955566406,310600
2022-01-19 00:00:00-05:00,268.43607182870875,269.8785141994794,263.6125467839345,263.9984130859375,192800
2022-01-20 00:00:00-05:00,264.5036347171772,270.80635786584446,263.40110397865067,263.7778015136719,276200
2022-01-21 00:00:00-05:00,263.9064465908741,264.65064511720516,260.1670887254481,260.95721435546875,217700
2022-01-24 00:00:00-05:00,259.21165212504087,262.21600912356956,251.28269106168224,261.0307922363281,319700
2022-01-25 00:00:00-05:00,258.72467822755937,263.92490050918724,252.44948669503864,262.11492919921875,221000
2022-01-26 00:00:00-05:00,262.82232757290257,266.73628160926006,256.2439564480806,258.87164306640625,277000
2022-01-27 00:00:00-05:00,260.948041510197,266.3779546874393,254.1951304177111,255.36195373535156,372900
2022-01-28 00:00:00-05:00,255.97752129839185,258.11826294657254,251.9900780500262,257.9436950683594,297800
2022-01-31 00:00:00-05:00,254.95770127899237,260.70918848557903,252.93640378317107,260.37841796875,377000
2022-02-01 00:00:00-05:00,258.6419009077299,261.774897244182,256.21634450330714,261.41656494140625,253500
2022-02-02 00:00:00-05:00,260.13959518858064,267.0211482250034,260.13959518858064,266.63525390625,217000
2022-02-03 00:00:00-05:00,267.4346566044403,268.52799145725373,261.9036899667387,262.0690612792969,221800
2022-02-04 00:00:00-05:00,261.7015110303596,264.84370557216994,258.0356407636936,262.7580871582031,291300
2022-02-07 00:00:00-05:00,263.57576264085833,265.11928377587424,261.34316656643904,263.46551513671875,194900
2022-02-08 00:00:00-05:00,265.19280878335826,268.0409628544281,262.6937624730572,266.7822570800781,278300
2022-02-09 00:00:00-05:00,267.5632044877636,270.09900922031176,264.76097763481874,265.6337890625,344800
2022-02-10 00:00:00-05:00,264.74257008885075,272.4969618473901,264.74257008885075,267.76531982421875,522800
2022-02-11 00:00:00-05:00,268.5002571089251,272.7449529693786,266.5800388881734,270.97174072265625,347100
2022-02-14 00:00:00-05:00,271.761956836291,272.01001370285223,265.98290757396495,269.308837890625,314100
2022-02-15 00:00:00-05:00,270.7696608655432,276.72327773652233,269.5293205126066,276.2087707519531,259900
2022-02-16 00:00:00-05:00,275.57483499299235,281.52845219568275,274.97764235675794,278.4597473144531,634800
2022-02-17 00:00:00-05:00,277.3755872352393,278.46892156008073,270.70536183625137,278.1657409667969,352600
2022-02-18 00:00:00-05:00,277.3480162441745,282.75956394622125,277.3480162441745,279.6908874511719,265500
2022-02-22 00:00:00-05:00,280.7106973027468,281.62946370350704,273.6178195673364,276.0341796875,306100
2022-02-23 00:00:00-05:00,278.06463595565594,279.30497616144623,274.784633289251,275.7033996582031,309400
2022-02-24 00:00:00-05:00,269.7957461936172,269.7957461936172,259.31261826555783,267.8204040527344,508800
2022-02-25 00:00:00-05:00,269.10671204474215,278.3495011283366,269.10671204474215,277.7615051269531,281300
2022-02-28 00:00:00-05:00,270.37459522459756,274.7295393128937,270.05302135292186,273.9945373535156,315800
2022-03-01 00:00:00-05:00,271.3118189251332,273.213672889028,258.9911810789484,261.012451171875,371200
2022-03-02 00:00:00-05:00,262.6477869492896,271.192332615412,262.3629715642718,268.8954162597656,264000
2022-03-03 00:00:00-05:00,268.26142537446714,269.823311441882,264.6047249839448,265.6245422363281,260300
2022-03-04 00:00:00-05:00,259.88230020635825,260.8653871718405,256.7860613316713,259.4688720703125,372300
2022-03-07 00:00:00-05:00,256.1061652983126,256.8962910403804,245.4852266594272,245.63223266601562,393500
2022-03-08 00:00:00-05:00,248.23231609278037,251.19074522337812,241.69990000332538,245.64138793945312,265800
2022-03-09 00:00:00-05:00,252.66078862479145,255.55489750496972,251.0070201328406,253.101806640625,343800
2022-03-10 00:00:00-05:00,249.54610983613202,252.3024088305868,248.51709603103262,251.54904174804688,269200
2022-03-11 00:00:00-05:00,253.4876484742415,255.00360745238342,249.16026650724706,249.36239624023438,282200
2022-03-14 00:00:00-04:00,254.36056958265027,255.0955717361363,249.2338356329935,249.9137420654297,331100
2022-03-15 00:00:00-04:00,252.408545835699,257.94348764401303,250.9762795355865,257.5831298828125,291000
2022-03-16 00:00:00-04:00,260.95588383597567,263.3398740187599,256.87164993616904,261.87066650390625,285500
2022-03-17 00:00:00-04:00,259.4126774285144,263.52463020108456,257.80487112695454,263.515380859375,212900
2022-03-18 00:00:00-04:00,261.52875519823283,265.09553310041895,258.4702117754798,264.88299560546875,479500
2022-03-21 00:00:00-04:00,269.078090265647,272.2197929656127,262.81315535129136,265.104736328125,392800
2022-03-22 00:00:00-04:00,266.1396021584293,272.7279527426983,265.22481979204014,270.0852355957031,224300
2022-03-23 00:00:00-04:00,269.81734313233704,272.69106910747087,268.9117816235304,269.66949462890625,267700
2022-03-24 00:00:00-04:00,270.75063231786936,273.91080604770804,270.0298884672728,272.5894470214844,200600
2022-03-25 00:00:00-04:00,272.2845045631654,276.6736562845441,272.2475353897309,276.2947998046875,157400
2022-03-28 00:00:00-04:00,276.1931780773768,276.1931780773768,272.76502701835466,275.1490173339844,128700
2022-03-29 00:00:00-04:00,277.3944551598896,280.02792415633627,275.90674877528414,279.5936279296875,197300
2022-03-30 00:00:00-04:00,280.8041107347926,283.5115178496135,279.3441243170992,281.571044921875,214600
2022-03-31 00:00:00-04:00,281.9314239741196,284.78670801366604,278.48480224609375,278.48480224609375,290800
2022-04-01 00:00:00-04:00,280.21270431051096,284.33387913929647,280.184984478449,283.7702331542969,258400
2022-04-04 00:00:00-04:00,283.1510495639064,283.1510495639064,273.1807670320446,274.7054138183594,267500
2022-04-05 00:00:00-04:00,274.7054751533038,277.93958708240103,272.7927221874253,276.1746826171875,302500
2022-04-06 00:00:00-04:00,274.72395540530874,279.07613828879636,274.2434689104841,274.9364929199219,206700
2022-04-07 00:00:00-04:00,274.37283953809765,275.731167827585,270.51039220036836,274.0124816894531,171800
2022-04-08 00:00:00-04:00,274.71467578859523,277.5514605224334,272.8758613099364,275.1951904296875,168500
2022-04-11 00:00:00-04:00,276.81228147021335,279.94473538238157,273.966247031645,274.4005432128906,227200
2022-04-12 00:00:00-04:00,274.6592476639966,276.91388787686475,266.712595457139,267.8953552246094,302900
2022-04-13 00:00:00-04:00,266.61094280836073,269.90974370452255,265.7053813272915,269.60479736328125,137200
2022-04-14 00:00:00-04:00,269.6139505144271,271.6375820598861,268.08930394983395,268.4958801269531,190100
2022-04-18 00:00:00-04:00,267.35935167859105,269.7064002941421,265.93633484247766,268.0339050292969,116000
2022-04-19 00:00:00-04:00,269.32765632179587,269.32765632179587,265.4652086390308,269.01348876953125,215800
2022-04-20 00:00:00-04:00,270.6489749152163,275.4724232213941,269.7341922327545,274.8348388671875,225700
2022-04-21 00:00:00-04:00,276.98777717512576,279.05759935186853,270.4733361647684,270.7967529296875,183500
2022-04-22 00:00:00-04:00,270.2516219080747,270.45491006230804,264.3655429776501,264.439453125,190100
2022-04-25 00:00:00-04:00,263.3398439982042,263.7649189786111,253.78535746931666,262.6468200683594,272700
2022-04-26 00:00:00-04:00,260.37368572318644,262.7207344472788,257.3428624744363,257.35211181640625,222400
2022-04-27 00:00:00-04:00,257.3521058814875,265.2895356669762,257.34285653973086,263.16424560546875,403900
2022-04-28 00:00:00-04:00,268.85631258866596,268.85631258866596,253.70219513274017,261.1868591308594,417100
2022-04-29 00:00:00-04:00,259.44045192115493,261.40864457355497,253.1940148384313,253.8408203125,279000
2022-05-02 00:00:00-04:00,256.4095961507425,258.42400707106583,251.78021562919545,256.3541564941406,269600
2022-05-03 00:00:00-04:00,257.88807090701306,261.41787968776475,256.7237816381579,258.2946472167969,172000
2022-05-04 00:00:00-04:00,259.18173411955166,265.33579080066784,256.84393422020196,264.4579772949219,248100
2022-05-05 00:00:00-04:00,262.1755868881609,265.04006328160557,259.28336246586065,262.554443359375,208800
2022-05-06 00:00:00-04:00,263.24749834109656,266.9528476028133,261.8799207861268,265.4928894042969,270300
2022-05-09 00:00:00-04:00,263.2844449861103,265.04934958382364,258.516436228778,259.2464294433594,266600
2022-05-10 00:00:00-04:00,261.02982285694964,263.59863100586966,255.67044787550338,258.07293701171875,246100
2022-05-11 00:00:00-04:00,258.7381729207611,262.4804907142615,256.76073118350376,257.3983154296875,199900
2022-05-12 00:00:00-04:00,257.06565495010796,257.06565495010796,252.6210643014629,253.1754608154297,438200
2022-05-13 00:00:00-04:00,254.56154256989035,258.98766332687643,254.56154256989035,258.7474060058594,278400
2022-05-16 00:00:00-04:00,257.9249972774854,262.4989377046774,257.65702016341334,260.9281005859375,140300
2022-05-17 00:00:00-04:00,263.79265497371705,267.738261304379,263.081132314641,267.53497314453125,145200
2022-05-18 00:00:00-04:00,265.6407079146258,265.6868982311829,258.49793098362835,259.0893249511719,237900
2022-05-19 00:00:00-04:00,256.56669846951996,258.80283985618877,250.763779316794,255.3469696044922,255600
2022-05-20 00:00:00-04:00,256.4004149819261,256.871652136511,246.26378259769606,250.01535034179688,246900
2022-05-23 00:00:00-04:00,254.04409783790427,255.72584275863682,251.6878276395983,253.57286071777344,271700
2022-05-24 00:00:00-04:00,253.34972234770126,256.01773126171275,248.10667233486276,254.66049194335938,233000
2022-05-25 00:00:00-04:00,253.54491927453248,256.38955835113876,251.88091747539747,255.10670471191406,266900
2022-05-26 00:00:00-04:00,257.7654685212516,260.7588511198796,255.19970390248503,259.55963134765625,213200
2022-05-27 00:00:00-04:00,259.829211994129,264.85846776662,259.5131440851665,264.7469177246094,144500
2022-05-31 00:00:00-04:00,262.7761206467298,264.6725280715202,260.4334563211233,262.6180725097656,258100
2022-06-01 00:00:00-04:00,262.329936843935,264.0683247979594,256.0177978689584,258.918212890625,157400
2022-06-02 00:00:00-04:00,259.726952667518,262.03239572579594,255.41349548656697,261.8092956542969,124800
2022-06-03 00:00:00-04:00,260.27541825901363,261.1585415958896,258.5091148456724,260.5635986328125,166300
2022-06-06 00:00:00-04:00,263.00852131215873,267.23828769354185,260.5450016970583,265.3046875,173100
2022-06-07 00:00:00-04:00,264.2076321595295,268.06555444879547,263.7242393507551,267.9261169433594,121300
2022-06-08 00:00:00-04:00,266.4294531919882,266.8012960142175,261.604716684378,261.9579772949219,148200
2022-06-09 00:00:00-04:00,262.27408050864597,263.13862157020947,258.3138844114558,258.3696594238281,130400
2022-06-10 00:00:00-04:00,253.95396031500695,261.9394045187769,251.33242122977597,258.5277099609375,444500
2022-06-13 00:00:00-04:00,253.92610509779098,256.4918694963896,249.1850298103009,250.7003173828125,316600
2022-06-14 00:00:00-04:00,251.9645862717089,256.19435219428004,251.7879559402809,253.47987365722656,221000
2022-06-15 00:00:00-04:00,257.347133880479,259.75487877900486,252.56889363040227,255.8876495361328,307000
2022-06-16 00:00:00-04:00,251.41613394854554,252.8105661315773,245.05749822850075,246.3496856689453,282500
2022-06-17 00:00:00-04:00,248.18106786432625,251.61137367450263,246.22885692336268,250.17974853515625,597700
2022-06-21 00:00:00-04:00,254.41875734712912,254.65116267831505,251.1465004971559,251.82513427734375,222700
2022-06-22 00:00:00-04:00,248.62725543169512,253.9074981888293,248.62725543169512,252.46656799316406,149300
2022-06-23 00:00:00-04:00,252.84771812784527,255.7202448792371,249.8171716239004,253.0708465576172,267900
2022-06-24 00:00:00-04:00,254.66049287205755,263.69641416694293,254.66049287205755,263.2594909667969,323800
2022-06-27 00:00:00-04:00,263.39895921145614,264.0218181152605,261.6233786962022,263.11077880859375,185200
2022-06-28 00:00:00-04:00,264.94207122981175,268.0376976846311,260.56356283829206,260.6936950683594,179100
2022-06-29 00:00:00-04:00,262.17186297819876,262.17186297819876,258.5277623384085,258.9367980957031,165800
2022-06-30 00:00:00-04:00,256.9380781956933,262.9713121403067,255.5994210797239,260.5542907714844,243500
2022-07-01 00:00:00-04:00,259.327231039377,264.9979284175089,259.04835591004246,263.8080139160156,140700
2022-07-05 00:00:00-04:00,259.9686063131283,260.0708794144944,252.9127836313886,257.89556884765625,165300
2022-07-06 00:00:00-04:00,258.2581706392194,263.7708198376278,254.8836397415368,261.6884765625,184600
2022-07-07 00:00:00-04:00,263.02715560579827,267.7310389511192,263.02715560579827,265.5650329589844,437300
2022-07-08 00:00:00-04:00,265.6671998373527,265.6671998373527,260.7959928295573,260.96331787109375,230500
2022-07-11 00:00:00-04:00,259.0297683122557,264.22634949280547,259.0297683122557,260.16387939453125,133000
2022-07-12 00:00:00-04:00,259.6711350707973,261.3537759172643,256.6684760835932,257.3656921386719,215100
2022-07-13 00:00:00-04:00,255.15317238763566,259.0761756089468,255.15317238763566,257.4400329589844,315800
2022-07-14 00:00:00-04:00,251.77868941952883,251.77868941952883,244.4346850753638,244.62062072753906,270100
2022-07-15 00:00:00-04:00,247.35362623359163,247.57675463994698,243.77460687794462,244.65773010253906,230000
2022-07-18 00:00:00-04:00,246.386916746109,249.28733159821783,242.1664267396174,243.21690368652344,282200
2022-07-19 00:00:00-04:00,246.6936327534746,251.5276755063053,244.78792018214787,250.9792022705078,188400
2022-07-20 00:00:00-04:00,250.9605854345902,251.94598184992603,248.69230694689054,250.57943725585938,220300
2022-07-21 00:00:00-04:00,250.69105402948625,251.32318987009063,246.67508215423837,251.22091674804688,154600
2022-07-22 00:00:00-04:00,251.8716176385741,253.22885690267483,250.02168018046328,252.80123901367188,200600
2022-07-25 00:00:00-04:00,253.82387447536408,256.8172569837,253.07088329383905,254.5396728515625,137200
2022-07-26 00:00:00-04:00,254.15848660368627,255.10671859401637,251.30454207989416,252.689697265625,189700
2022-07-27 00:00:00-04:00,251.78795287377483,254.54892946798486,249.12922101241313,252.0389404296875,222300
2022-07-28 00:00:00-04:00,244.55552232726845,244.564799250333,231.9033737908642,240.08404541015625,830700
2022-07-29 00:00:00-04:00,240.1490834467586,243.346983327914,238.37353154063564,242.95655822753906,417800
2022-08-01 00:00:00-04:00,241.2274337074053,241.59930494119527,234.04146468316955,234.5992431640625,472300
2022-08-02 00:00:00-04:00,235.4080091653071,235.52886447929444,231.5593773653393,231.7360076904297,277900
2022-08-03 00:00:00-04:00,232.74000969784254,236.2260898793379,231.41994903797055,235.3987274169922,261000
2022-08-04 00:00:00-04:00,234.39475896775667,236.30048583522355,234.0229160504013,234.08798217773438,212000
2022-08-05 00:00:00-04:00,235.426631611918,238.29915848071465,234.9339333794667,237.66702270507812,161100
2022-08-08 00:00:00-04:00,239.2287846570716,240.88350973176674,238.094645333755,239.65640258789062,157100
2022-08-09 00:00:00-04:00,241.4598601601304,244.20225471530728,241.45058323732877,242.4638671875,201200
2022-08-10 00:00:00-04:00,245.24344121152856,247.05621445167316,244.71355015735753,245.708251953125,212100
2022-08-11 00:00:00-04:00,248.0137413487244,252.6897366119536,248.0137413487244,252.1319580078125,218900
2022-08-12 00:00:00-04:00,253.2660565896567,256.4825386914362,252.95926564044618,256.15716552734375,146300
2022-08-15 00:00:00-04:00,253.7401736082768,256.5011503133681,253.7401736082768,255.7760467529297,128400
2022-08-16 00:00:00-04:00,256.2315751027885,259.15987711404273,255.52505369405293,257.7840270996094,201600
2022-08-17 00:00:00-04:00,254.62327226944873,259.615334187223,254.42805973702048,258.5927734375,155400
2022-08-18 00:00:00-04:00,259.7827109504395,262.4414145305167,259.56888781583024,262.3298645019531,142900
2022-08-19 00:00:00-04:00,262.3206124324782,264.0032252342197,261.00984259132383,261.6884765625,240800
2022-08-22 00:00:00-04:00,258.806547305306,259.8198310516045,255.02298205321765,255.32977294921875,211800
2022-08-23 00:00:00-04:00,255.06801397183733,256.7888521367459,254.36658397597057,255.01190185546875,125200
2022-08-24 00:00:00-04:00,254.26367428903473,256.2089893195503,253.16945955797007,255.98451232910156,138000
2022-08-25 00:00:00-04:00,256.64853237892504,259.482307984804,255.72262551870853,258.9024353027344,164500
2022-08-26 00:00:00-04:00,259.51967531369263,259.51967531369263,255.114703977178,255.2456512451172,123900
2022-08-29 00:00:00-04:00,251.26152224776786,257.11613239277125,250.01763735960273,254.50680541992188,171100
2022-08-30 00:00:00-04:00,254.87156384334259,254.87156384334259,251.45794396253098,252.04714965820312,111500
2022-08-31 00:00:00-04:00,253.34708680474375,254.58158147242736,251.3082426416573,251.626220703125,234500
2022-09-01 00:00:00-04:00,251.34571619381322,254.86222725404298,250.625591765524,254.71258544921875,197100
2022-09-02 00:00:00-04:00,256.61110985508157,262.0542125311324,255.1147204145558,256.26507568359375,167800
2022-09-06 00:00:00-04:00,258.1355421548562,259.1736446162591,254.40391600517722,256.6297912597656,227500
2022-09-07 00:00:00-04:00,255.81619421812076,263.78442868594726,254.66583875154237,263.19525146484375,258400
2022-09-08 00:00:00-04:00,262.44694092981564,268.2547710522021,262.44694092981564,267.0389709472656,205800
2022-09-09 00:00:00-04:00,267.82457918136754,268.77854190920857,263.95270179696763,264.3829040527344,307700
2022-09-12 00:00:00-04:00,266.31888945105084,267.85266785205346,264.0836526723068,264.51385498046875,300600
2022-09-13 00:00:00-04:00,261.2966607006046,264.92536713993604,261.04412768889927,261.3808288574219,206800
2022-09-14 00:00:00-04:00,260.8851755594639,263.2513313107396,258.3225988839722,262.0074462890625,267900
2022-09-15 00:00:00-04:00,262.59663454738575,268.0210140668354,261.6520331994756,266.5620422363281,201300
2022-09-16 00:00:00-04:00,264.8225104438747,265.1591830787485,261.82973160803215,264.73834228515625,418400
2022-09-19 00:00:00-04:00,262.21318093917165,266.3656479784931,262.21318093917165,265.6268005371094,241900
2022-09-20 00:00:00-04:00,264.46710936883744,264.46710936883744,253.35645598384593,253.88018798828125,466600
2022-09-21 00:00:00-04:00,253.412545621311,256.1340966215986,243.87311763663158,243.92922973632812,330700
2022-09-22 00:00:00-04:00,244.49038636233584,244.49038636233584,238.40196649749555,240.82423400878906,415100
2022-09-23 00:00:00-04:00,238.27107852089466,239.15955359116685,235.3624817975668,238.59840393066406,380100
2022-09-26 00:00:00-04:00,236.36315574634904,238.08400786106975,229.53590220525527,229.87258911132812,571600
2022-09-27 00:00:00-04:00,230.99486881816617,237.7379393607188,228.74093761690682,237.41061401367188,706300
2022-09-28 00:00:00-04:00,238.02787130308434,245.17310265244117,237.38256784212194,242.63861083984375,490800
2022-09-29 00:00:00-04:00,240.75880856438428,251.28961931963877,239.3653102005301,250.1766815185547,403200
2022-09-30 00:00:00-04:00,251.80393952089324,254.310403725961,244.76158539079572,245.44432067871094,430100
2022-10-03 00:00:00-04:00,247.81055658816956,249.64361909016355,242.1616987083386,248.67098999023438,321000
2022-10-04 00:00:00-04:00,250.52267830249698,259.1830079022223,250.52267830249698,259.00531005859375,348200
2022-10-05 00:00:00-04:00,256.0967054940212,259.08012278147163,255.0211854170768,256.0032043457031,369900
2022-10-06 00:00:00-04:00,253.38453529004295,254.96509297959784,252.77663507281173,254.6751708984375,258200
2022-10-07 00:00:00-04:00,252.701786694111,252.701786694111,245.45367877996785,247.30543518066406,307900
2022-10-10 00:00:00-04:00,248.5213171156959,252.25291530682628,247.20262538816118,250.1766815185547,231200
2022-10-11 00:00:00-04:00,249.88673493876175,253.59027671073306,249.02630172847807,250.35435485839844,232400
2022-10-12 00:00:00-04:00,250.1579584017539,250.1579584017539,243.88247863292588,243.9479522705078,275100
2022-10-13 00:00:00-04:00,241.04868011522555,257.3125128032708,240.08538433002732,256.1434631347656,337600
2022-10-14 00:00:00-04:00,257.3780086387483,260.41753803908375,252.06582479542442,252.80467224121094,286700
2022-10-17 00:00:00-04:00,257.2189647763537,257.26571534325893,253.9830435162718,255.92832946777344,221600
2022-10-18 00:00:00-04:00,260.2865882203001,262.4469898896544,259.1642890361857,260.2398376464844,266200
2022-10-19 00:00:00-04:00,259.1924126948887,262.51250309130506,258.1168639224856,261.5679016113281,246200
2022-10-20 00:00:00-04:00,258.7527781427865,258.7527781427865,252.3183244952514,252.52407836914062,339800
2022-10-21 00:00:00-04:00,253.59959176694744,264.1116765007045,252.83268838938696,261.7548828125,399000
2022-10-24 00:00:00-04:00,263.70957691847,266.44982277994274,262.83044919193026,265.9728698730469,219800
2022-10-25 00:00:00-04:00,262.4657090738646,264.8505591283006,259.14559068565075,264.7289733886719,295900
2022-10-26 00:00:00-04:00,267.60950697553943,268.7037214640003,261.76425873001847,263.34478759765625,327700
2022-10-27 00:00:00-04:00,272.6504730933675,284.649587844361,270.8080494420511,282.2179870605469,510100
2022-10-28 00:00:00-04:00,284.04167535206096,300.9414656072468,284.04167535206096,300.810546875,709800
2022-10-31 00:00:00-04:00,297.55591649080765,303.60691951055725,296.4055611912166,301.7644958496094,422700
2022-11-01 00:00:00-04:00,303.0270669028043,303.8781385743223,294.4134875059726,295.5638427734375,561400
2022-11-02 00:00:00-04:00,295.6854234121393,306.8521890894396,293.59049535919655,301.025634765625,617900
2022-11-03 00:00:00-04:00,299.44510652704196,310.4061193770369,298.19188847680664,309.6298828125,450300
2022-11-04 00:00:00-04:00,312.26726910461434,315.6434714999661,306.4313526234934,311.58453369140625,587400
2022-11-07 00:00:00-05:00,312.1737125213841,312.25788068158494,304.47667840435463,307.4787902832031,301600
2022-11-08 00:00:00-05:00,306.33779160174754,310.46220263259175,304.18675143240904,304.5888977050781,242600
2022-11-09 00:00:00-05:00,301.79252766431466,304.8507514778949,298.7997489441497,299.31414794921875,252400
2022-11-10 00:00:00-05:00,305.64575138430826,306.5342407114754,297.7897418824745,299.4544677734375,336800
2022-11-11 00:00:00-05:00,301.10979209660815,301.2874899384149,286.2020676943948,288.7178649902344,444200
2022-11-14 00:00:00-05:00,290.045924622707,294.7969302630044,289.7933916095366,289.9991455078125,229900
2022-11-15 00:00:00-05:00,291.84157662870643,295.7509007973198,287.96033705451026,295.732177734375,280100
2022-11-16 00:00:00-05:00,295.59190531439407,299.9407649175689,293.1415814689656,296.8451232910156,239800
2022-11-17 00:00:00-05:00,294.07683892070156,299.28613205755886,292.05671729470515,296.8264465332031,230000
2022-11-18 00:00:00-05:00,300.3241664201435,304.8694461812361,297.53717039425277,302.5406799316406,430000
2022-11-21 00:00:00-05:00,302.29760860210695,304.30836871510843,299.3048294516461,303.0644836425781,232900
2022-11-22 00:00:00-05:00,305.43334760947187,307.83040311785146,303.0456728563908,307.62359619140625,234800
2022-11-23 00:00:00-05:00,308.1782469133703,312.9065784869909,308.1782469133703,309.18408203125,238100
2022-11-25 00:00:00-05:00,311.5246888335329,315.8864243379368,311.2332829953957,314.36358642578125,95300
2022-11-28 00:00:00-05:00,312.7185293841877,314.8805781748432,308.8173976942525,309.4002380371094,220000
2022-11-29 00:00:00-05:00,309.2781102189923,313.8184253313427,309.2781102189923,312.8407897949219,191900
2022-11-30 00:00:00-05:00,312.7937466327627,317.7288846337304,308.70462655163857,317.6724853515625,379200
2022-12-01 00:00:00-05:00,319.4678550519082,320.22927384841813,310.0393950294027,310.5281982421875,299300
2022-12-02 00:00:00-05:00,309.54124774968705,315.96161432878506,309.54124774968705,313.4705505371094,226600
2022-12-05 00:00:00-05:00,312.3236608253492,313.55509267838835,307.8585370061756,310.7632141113281,165900
2022-12-06 00:00:00-05:00,311.83493184318104,317.96389293310926,311.83493184318104,316.5632629394531,281100
2022-12-07 00:00:00-05:00,315.52915205386665,317.94502592306696,310.40599853064003,312.981689453125,192800
2022-12-08 00:00:00-05:00,316.10263060353634,316.6008433903622,312.61514109575523,313.724365234375,208900
2022-12-09 00:00:00-05:00,313.7901450604296,316.5914334775551,312.26730719895954,312.6151123046875,249200
2022-12-12 00:00:00-05:00,312.46472654636733,312.9817582074872,307.9619926786589,312.5963439941406,348300
2022-12-13 00:00:00-05:00,315.44463432598457,318.3022936407754,309.3344633382125,311.47772216796875,305300
2022-12-14 00:00:00-05:00,310.98893100648314,311.0923488311256,304.01395096545286,305.8752136230469,471500
2022-12-15 00:00:00-05:00,303.84465617721884,306.73051459252923,301.6073893989529,303.1490173339844,523600
2022-12-16 00:00:00-05:00,300.7614450266821,305.517976108073,298.95658179503965,303.7319030761719,1190700
2022-12-19 00:00:00-05:00,303.79769438356874,306.8527798750061,300.62040088250177,303.0456848144531,219100
2022-12-20 00:00:00-05:00,305.17015250772573,309.6352774430528,305.17015250772573,307.39801025390625,239100
2022-12-21 00:00:00-05:00,309.4848726524084,315.29422836857486,308.18763175344714,315.1250305175781,227600
2022-12-22 00:00:00-05:00,314.0064420954996,316.0180837727917,309.03369416305446,312.8407897949219,261300
2022-12-23 00:00:00-05:00,312.62449003472943,315.94278105285196,310.35902366898387,314.83355712890625,158300
2022-12-27 00:00:00-05:00,315.21896108958225,318.0766486618424,314.42934255395545,315.9239807128906,135200
2022-12-28 00:00:00-05:00,316.8828604518664,318.3680893318128,313.85597472359507,313.9217834472656,137000
2022-12-29 00:00:00-05:00,316.5256549870431,316.5256549870431,312.98176618471354,314.7771911621094,121700
2022-12-30 00:00:00-05:00,312.6057594677309,314.3918325297302,309.2310682246467,311.40252685546875,151900
2023-01-03 00:00:00-05:00,310.9512912655602,317.2964684529706,310.0112650155735,313.3859558105469,248100
2023-01-04 00:00:00-05:00,315.1344157060943,320.9061911058891,315.1344157060943,320.6335754394531,287500
2023-01-05 00:00:00-05:00,320.3609754057396,323.7450760750433,317.7853123320079,321.6206359863281,301000
2023-01-06 00:00:00-05:00,324.2621035530836,330.9738768294346,323.63227327102067,330.32525634765625,381700
2023-01-09 00:00:00-05:00,329.5638113810911,335.4013665707923,327.3923529605906,331.5378723144531,372400
2023-01-10 00:00:00-05:00,333.04189867350595,337.71383015063293,331.17122698182567,337.42242431640625,279000
2023-01-11 00:00:00-05:00,337.98641369134197,339.97929336191714,330.61661161774913,331.613037109375,305400
2023-01-12 00:00:00-05:00,331.60362230910954,334.1416756133539,328.30412145753934,328.64251708984375,297400
2023-01-13 00:00:00-05:00,326.88474127523364,334.14174556735765,326.6215350547867,331.74468994140625,362600
2023-01-17 00:00:00-05:00,331.95146767217227,332.9855022641394,324.86366185522354,325.87890625,322000
2023-01-18 00:00:00-05:00,327.0821504463301,327.4299555744768,323.23741777687417,324.7602844238281,185500
2023-01-19 00:00:00-05:00,323.6604530298792,325.72852236462984,321.7427913455946,323.82965087890625,246900
2023-01-20 00:00:00-05:00,325.17389897168835,325.17389897168835,315.8488257786574,318.0296936035156,310000
2023-01-23 00:00:00-05:00,319.5431365768323,320.75577854881743,316.4786703145398,318.5843200683594,156800
2023-01-24 00:00:00-05:00,316.7888467002991,323.1528140944083,314.30716362685575,322.8990173339844,222300
2023-01-25 00:00:00-05:00,322.26914853821046,331.0019993999993,321.930752898161,329.79876708984375,194300
2023-01-26 00:00:00-05:00,330.5602467118472,336.31320314843487,329.50742183290646,335.6363830566406,186500
2023-01-27 00:00:00-05:00,335.2979496667475,337.5727970200519,328.7083567836556,329.9397888183594,151200
2023-01-30 00:00:00-05:00,329.92107873763206,332.08312806122217,325.8695671014748,326.1139831542969,138300
2023-01-31 00:00:00-05:00,327.0727275411364,329.25359527155905,323.5852382732961,328.7177734375,161000
2023-02-01 00:00:00-05:00,326.89415104852844,337.8360711252888,325.2960948380623,334.9595642089844,322200
2023-02-02 00:00:00-05:00,333.89736708288797,333.89736708288797,318.6689289163779,320.95318603515625,445000
2023-02-03 00:00:00-05:00,320.6335091217894,322.0153486798762,315.5009744863191,321.8555603027344,242300
2023-02-06 00:00:00-05:00,321.86502412305583,325.4371415500263,320.6148016703795,325.0517272949219,244100
2023-02-07 00:00:00-05:00,323.4818147021078,334.80914774174096,321.61117172468977,333.8315124511719,310800
2023-02-08 00:00:00-05:00,332.2241305358728,340.29895356862556,328.821210997267,335.67401123046875,406500
2023-02-09 00:00:00-05:00,361.72209212695236,371.3103714208511,350.3853777653929,355.7623291015625,729300
2023-02-10 00:00:00-05:00,356.4297855476195,356.9373790958188,349.05057333954005,356.72119140625,311400
2023-02-13 00:00:00-05:00,358.1500310448452,362.96296125526555,358.1500310448452,359.0900573730469,195500
2023-02-14 00:00:00-05:00,359.5130622126741,360.7538750997402,356.4955571994048,356.890380859375,201000
2023-02-15 00:00:00-05:00,356.26998106810015,361.52472483979153,354.1361316144704,361.41192626953125,248900
2023-02-16 00:00:00-05:00,359.7480877345391,362.4271398234544,356.88099021748707,357.54840087890625,241700
2023-02-17 00:00:00-05:00,357.322736760475,364.7959561532613,357.322736760475,363.55511474609375,307300
2023-02-21 00:00:00-05:00,362.85014456935744,363.3013675118031,357.53900181765965,358.83624267578125,260700
2023-02-22 00:00:00-05:00,358.08419829557323,361.3084815000522,355.69655223698663,357.003173828125,207100
2023-02-23 00:00:00-05:00,357.23811754356956,361.6656324409805,357.23811754356956,357.9243469238281,259600
2023-02-24 00:00:00-05:00,357.0313968921021,363.592790980699,355.33936097876835,363.0099792480469,239800
2023-02-27 00:00:00-05:00,363.799555047595,364.410566350553,357.10657297939855,358.2627868652344,199300
2023-02-28 00:00:00-05:00,359.38147783814753,363.0381941733076,359.0994814031629,360.9419250488281,274200
2023-03-01 00:00:00-05:00,360.283895850763,369.8063675516108,360.283895850763,367.39990234375,343800
2023-03-02 00:00:00-05:00,365.90521756012845,367.8416693388069,358.89262977241606,360.38726806640625,331800
2023-03-03 00:00:00-05:00,359.85145185645155,360.59408063752363,357.4073778323856,359.8138427734375,196000
2023-03-06 00:00:00-05:00,359.4942397130558,361.83492463379105,357.2287729588564,358.460205078125,337200
2023-03-07 00:00:00-05:00,359.31561090655083,363.1321150409056,357.0219446491041,360.2368469238281,168500
2023-03-08 00:00:00-05:00,361.67507277784966,361.67507277784966,355.51791277338964,359.1933898925781,239500
2023-03-09 00:00:00-05:00,356.9844201718765,357.6988206991308,345.28108049795236,346.0801086425781,354500
2023-03-10 00:00:00-05:00,344.6230081407481,345.12124959076374,333.3991211602562,335.495361328125,566100
2023-03-13 00:00:00-04:00,328.2947344826386,330.4850115506712,318.80049299831927,325.38067626953125,565100
2023-03-14 00:00:00-04:00,331.3592959064823,340.76896906380006,329.85524797483123,337.1592712402344,439400
2023-03-15 00:00:00-04:00,328.5748807260838,329.8214569288916,313.18165031291244,319.55615234375,520600
2023-03-16 00:00:00-04:00,318.0829598639705,339.0290959801738,317.5824445240941,334.5433349609375,371800
2023-03-17 00:00:00-04:00,332.5223678853773,332.5223678853773,313.86162163483846,315.58038330078125,779700
2023-03-20 00:00:00-04:00,319.0461823662676,331.53076372449226,317.56351350376235,328.5182189941406,373300
2023-03-21 00:00:00-04:00,335.5442911626541,339.34065032322553,332.5695297531099,334.0710754394531,198200
2023-03-22 00:00:00-04:00,333.53286468792396,334.45835842617123,326.5350737597154,326.6295166015625,329000
2023-03-23 00:00:00-04:00,326.74282914715013,327.998858393705,320.00946103535875,322.7764892578125,198100
2023-03-24 00:00:00-04:00,319.46175218979585,325.83625507220836,316.0903415263194,325.6473693847656,306600
2023-03-27 00:00:00-04:00,330.331409687887,334.4394276793177,327.7060604976233,330.2747497558594,252500
2023-03-28 00:00:00-04:00,329.5098681681117,335.70493823440086,329.5098681681117,334.1939392089844,212200
2023-03-29 00:00:00-04:00,337.9713755519248,340.3323021959168,335.7709757805773,339.0479431152344,196200
2023-03-30 00:00:00-04:00,339.89785238817996,340.3133489052979,333.34391863235027,336.2997741699219,233400
2023-03-31 00:00:00-04:00,337.50864734719596,339.68068835870423,334.26000993909105,338.10357666015625,251300
2023-04-03 00:00:00-04:00,337.43304810140154,343.15593148461284,337.43304810140154,341.81494140625,166900
2023-04-04 00:00:00-04:00,343.8453776561137,343.8453776561137,333.022897502991,338.6135559082031,148400
2023-04-05 00:00:00-04:00,336.89477952705187,343.5431570331784,336.89477952705187,342.8065490722656,269400
2023-04-06 00:00:00-04:00,343.69424246974165,346.57456130530335,341.69218138562485,341.95660400390625,252200
2023-04-10 00:00:00-04:00,343.5620343437019,346.1968365528629,343.3826016128329,344.4591979980469,183300
2023-04-11 00:00:00-04:00,344.81813677713166,344.99756954615276,342.41942672277975,343.071044921875,160100
2023-04-12 00:00:00-04:00,343.533748224283,345.9419110049399,341.95666516102096,345.261962890625,196600
2023-04-13 00:00:00-04:00,343.2787221925271,344.87471085439284,340.67225004511954,342.5421142578125,268500
2023-04-14 00:00:00-04:00,343.3353738407072,344.10031172292025,335.86539891868904,339.22735595703125,246800
2023-04-17 00:00:00-04:00,338.6040660836614,343.58091757543144,337.2819530116185,343.56201171875,232200
2023-04-18 00:00:00-04:00,344.64811420390856,349.624937644613,343.6281776622666,349.0866394042969,226600
2023-04-19 00:00:00-04:00,350.0876765980939,353.62906695040095,348.6994504271932,353.5157470703125,270700
2023-04-20 00:00:00-04:00,353.4590512471683,356.47159597329056,352.391907784824,354.70562744140625,307000
2023-04-21 00:00:00-04:00,351.99529214030775,353.37406525651767,346.8579133616587,350.0026550292969,340300
2023-04-24 00:00:00-04:00,350.4748507938224,354.0162409311601,349.43603725622194,350.6354064941406,188000
2023-04-25 00:00:00-04:00,348.98277282028687,351.2492568419894,348.0384020762518,349.41717529296875,181100
2023-04-26 00:00:00-04:00,347.1695918295387,351.21149773502617,346.77297222932395,348.4161682128906,240400
2023-04-27 00:00:00-04:00,348.50108804567725,353.1190742017539,345.7718719457103,353.07183837890625,247400
2023-04-28 00:00:00-04:00,350.7675848248755,358.55864271429914,349.58712150829615,356.97210693359375,249600
2023-05-01 00:00:00-04:00,355.91440103367773,360.7967809609301,355.32889586513954,359.1819152832031,365800
2023-05-02 00:00:00-04:00,341.862189487637,366.86913571261715,341.862189487637,360.7496032714844,527800
2023-05-03 00:00:00-04:00,359.8713071762541,361.8922452498548,353.92175517511254,355.1211242675781,350300
2023-05-04 00:00:00-04:00,355.11171150146515,355.3950111821728,346.6123752413573,350.88092041015625,335200
2023-05-05 00:00:00-04:00,353.6950953608754,360.9856370446985,353.6950953608754,354.5166931152344,378800
2023-05-08 00:00:00-04:00,356.55656182062125,362.5344438643094,356.55656182062125,361.9017028808594,288000
2023-05-09 00:00:00-04:00,362.30783606685304,362.9783312364287,359.0308683790561,361.57122802734375,399300
2023-05-10 00:00:00-04:00,363.53550857080626,365.8303224302701,358.20924404671575,364.5082092285156,269100
2023-05-11 00:00:00-04:00,363.8377641279196,365.943721597702,361.2218671254736,365.56597900390625,141200
2023-05-12 00:00:00-04:00,368.5973124591641,369.0222907869627,361.7411721994339,364.41375732421875,187800
2023-05-15 00:00:00-04:00,366.349701461785,366.349701461785,357.9825912878277,361.9300537109375,141600
2023-05-16 00:00:00-04:00,361.0139854728589,362.20390163032346,356.38657537813464,357.3498229980469,118800
2023-05-17 00:00:00-04:00,346.5840369744029,353.12851882120214,345.79076906750964,348.4727783203125,2127700
2023-05-18 00:00:00-04:00,349.40773570160593,357.43488733233596,346.8862818579257,356.4999694824219,1568300
2023-05-19 00:00:00-04:00,358.77585903883664,360.68347738698026,355.0267063852787,355.5272216796875,723300
2023-05-22 00:00:00-04:00,354.24287848731734,354.39398125729826,337.39530870317896,341.38055419921875,722900
2023-05-23 00:00:00-04:00,346.6029078530104,356.49046977592536,340.73837414775693,344.7047424316406,862000
2023-05-24 00:00:00-04:00,343.45816998517734,343.80758252057734,335.74264895955866,341.3238830566406,450200
2023-05-25 00:00:00-04:00,340.9272696324712,343.25986637323723,336.36594309255713,339.9262390136719,340900
2023-05-26 00:00:00-04:00,339.97347343673476,339.97347343673476,330.3220031213733,330.58642578125,344800
2023-05-30 00:00:00-04:00,330.56745718067265,335.4444955935037,328.5369190741852,333.4329528808594,375200
2023-05-31 00:00:00-04:00,332.09507461782346,335.60580556062604,318.8207693298595,322.6256103515625,885000
2023-06-01 00:00:00-04:00,322.7110328144128,323.4985888517347,315.55677624624144,322.0658264160156,422500
2023-06-02 00:00:00-04:00,322.4927980057289,327.5406502557894,321.6957732751499,325.5765380859375,442000
2023-06-05 00:00:00-04:00,328.1668675141282,328.85003571863825,322.9197662199033,325.0072326660156,602800
2023-06-06 00:00:00-04:00,326.5823052851275,331.7819758397873,324.5897290059379,331.6301574707031,365400
2023-06-07 00:00:00-04:00,330.9374998479191,332.1615155716793,328.6223203353096,331.09881591796875,315900
2023-06-08 00:00:00-04:00,330.292259730404,331.63013185801253,324.134248864922,324.1722106933594,258100
2023-06-09 00:00:00-04:00,323.19494461608184,328.48950553488044,322.8343795910833,326.96185302734375,332100
2023-06-12 00:00:00-04:00,326.7530757528821,329.0777528026557,321.0790128588681,321.3541564941406,392800
2023-06-13 00:00:00-04:00,321.1169579648081,329.57115331791573,321.1169579648081,328.70770263671875,320700
2023-06-14 00:00:00-04:00,327.7208963787864,330.0360466497922,323.3372174126776,323.6598205566406,247600
2023-06-15 00:00:00-04:00,324.1152649123733,327.8252443799786,322.9102447712246,326.6391906738281,242500
2023-06-16 00:00:00-04:00,328.60327710696237,334.7897223347375,327.4551563597425,334.3247985839844,587700
2023-06-20 00:00:00-04:00,336.2889635707756,336.839279794134,329.29596603027204,334.69488525390625,342800
2023-06-21 00:00:00-04:00,336.8582188137509,337.465492210064,333.68908678726393,333.85040283203125,281400
2023-06-22 00:00:00-04:00,335.5298308122696,336.4597073039196,332.3606989146385,335.34954833984375,245400
2023-06-23 00:00:00-04:00,333.88838372927336,335.22622690393564,326.0983616976147,327.9770812988281,518100
2023-06-26 00:00:00-04:00,329.1536305508962,329.9127223239052,321.1548910191254,322.5781555175781,532500
2023-06-27 00:00:00-04:00,322.9767136943327,324.97875871758254,318.27043111364435,320.61407470703125,315700
2023-06-28 00:00:00-04:00,319.94037840140857,319.94037840140857,314.1429325250257,315.84136962890625,469300
2023-06-29 00:00:00-04:00,317.1982134006173,323.55547328525955,315.8888343423624,322.2840270996094,475600
2023-06-30 00:00:00-04:00,323.6028994335167,326.4778926173772,321.71471109533377,324.3714599609375,549200
2023-07-03 00:00:00-04:00,323.2613535524435,325.64295896631336,318.0047547438783,324.3809814453125,150200
2023-07-05 00:00:00-04:00,323.4985362184014,323.4985362184014,316.5814626089262,322.25555419921875,284900
2023-07-06 00:00:00-04:00,321.6008776473578,325.19700104842656,321.6008776473578,323.8211669921875,349700
2023-07-07 00:00:00-04:00,329.08717721816936,337.085945040998,326.5727492713294,333.3095397949219,406900
2023-07-10 00:00:00-04:00,331.8958330206366,333.8978780442532,326.95233966625597,329.30548095703125,151500
2023-07-11 00:00:00-04:00,330.95643597781554,334.3343148347989,328.43253900958143,333.82196044921875,177500
2023-07-12 00:00:00-04:00,335.44449190242256,336.5925839179698,330.89952545514046,334.60003662109375,239800
2023-07-13 00:00:00-04:00,333.9738240484593,336.2225776922963,333.31911995514025,335.6437683105469,240100
2023-07-14 00:00:00-04:00,335.3970768635073,335.55836397851016,330.9090384764991,334.6190185546875,211800
2023-07-17 00:00:00-04:00,334.85620828204657,343.395795834866,334.85620828204657,340.65362548828125,227000
2023-07-18 00:00:00-04:00,339.30629212753706,343.04473618947594,338.15820010538613,339.7237854003906,171000
2023-07-19 00:00:00-04:00,337.92102563410924,343.38634268659655,337.92102563410924,338.95526123046875,204200
2023-07-20 00:00:00-04:00,341.3178251126403,347.7414821746374,341.3178251126403,346.3846435546875,270300
2023-07-21 00:00:00-04:00,348.8231459784953,355.0760176811261,344.3446059981886,348.1874084472656,290000
2023-07-24 00:00:00-04:00,347.6275757610225,354.23151437251374,346.8400488787007,351.1762390136719,276500
2023-07-25 00:00:00-04:00,351.0434431966703,351.8215014002826,347.46631553819424,347.8173828125,243800
2023-07-26 00:00:00-04:00,348.7377954507636,355.10452444117067,344.46800156970744,346.09051513671875,355400
2023-07-27 00:00:00-04:00,361.41428271053536,365.30454469204017,334.64743054361674,339.5339660644531,580900
2023-07-28 00:00:00-04:00,342.7789900494436,346.00505006856196,336.19401810818374,340.77691650390625,371600
2023-07-31 00:00:00-04:00,341.00471375919045,345.1606219475423,340.07483715646794,342.0674133300781,323500
2023-08-01 00:00:00-04:00,342.7410630234833,345.1321369131755,339.2872606708715,340.8528747558594,257900
2023-08-02 00:00:00-04:00,342.2856808810912,343.0352751041347,339.67636212546495,341.15655517578125,218000
2023-08-03 00:00:00-04:00,340.63463778084724,346.36565762177395,339.48654585600474,343.76580810546875,216100
2023-08-04 00:00:00-04:00,342.35206647730985,344.1453937823823,336.4028308404231,337.1239318847656,206400
2023-08-07 00:00:00-04:00,339.8376140047306,344.09790982937005,337.1239079542321,340.321533203125,148100
2023-08-08 00:00:00-04:00,337.60784829215584,339.73324748951325,328.1383840889431,328.35662841796875,323800
2023-08-09 00:00:00-04:00,330.4725429369318,342.3805112335156,329.8842648986343,340.6346435546875,287300
2023-08-10 00:00:00-04:00,344.0789633249369,347.6845553687465,339.31575263380387,340.255126953125,203900
2023-08-11 00:00:00-04:00,338.4807978150431,341.46964768569615,335.3685937126209,337.8070983886719,189000
2023-08-14 00:00:00-04:00,338.72745264274135,339.8945399547637,335.76706712154265,337.5603942871094,168300
2023-08-15 00:00:00-04:00,335.7385980207734,339.79014713859925,332.6548583224337,336.72540283203125,200900
2023-08-16 00:00:00-04:00,336.65895513128356,340.1886519624508,334.49559442549645,336.75384521484375,146000
2023-08-17 00:00:00-04:00,339.9704657834187,341.7448266757935,327.95813780857435,329.4288330078125,144100
2023-08-18 00:00:00-04:00,328.14780788139933,334.172965772236,328.14780788139933,330.57684326171875,164300
2023-08-21 00:00:00-04:00,330.244812063751,333.11033660765577,325.7947358414756,330.7666931152344,133100
2023-08-22 00:00:00-04:00,329.29595709187015,331.0703178550056,327.30340992355457,329.0587463378906,132400
2023-08-23 00:00:00-04:00,329.9696976839926,335.56786638565677,329.0967492595337,334.5715637207031,167000
2023-08-24 00:00:00-04:00,334.4766246936656,340.86231896923647,332.95847024083463,339.76165771484375,231500
2023-08-25 00:00:00-04:00,340.01790072962206,340.6346428990246,334.3153449348217,334.8277282714844,182000
2023-08-28 00:00:00-04:00,336.7159091947069,336.7159091947069,331.26955966634495,333.7555236816406,171900
2023-08-29 00:00:00-04:00,334.0591945255686,341.8966187792609,333.2811362401853,341.4411926269531,198300
2023-08-30 00:00:00-04:00,340.7389532807821,350.04712858829265,340.7389532807821,344.14532470703125,275300
2023-08-31 00:00:00-04:00,344.2402413305658,345.6445394459125,341.6024588529381,342.22869873046875,245100
2023-09-01 00:00:00-04:00,344.76210398276004,349.09832336860865,343.77529917173945,346.1379089355469,190800
2023-09-05 00:00:00-04:00,345.6919639782066,348.96548397258914,342.9498227137393,343.1585693359375,280600
2023-09-06 00:00:00-04:00,342.3710386822771,348.1020590412532,342.3710386822771,347.5707092285156,255500
2023-09-07 00:00:00-04:00,349.14574476805075,353.91842369338156,346.1094357168119,348.4341125488281,363800
2023-09-08 00:00:00-04:00,351.546364818988,352.7988446472297,347.7320260217718,351.73614501953125,256400
2023-09-11 00:00:00-04:00,353.71921166806885,360.3421176802273,353.71921166806885,358.5203552246094,303500
2023-09-12 00:00:00-04:00,359.24145501268566,361.32892131541854,354.7724123331894,357.0401611328125,282500
2023-09-13 00:00:00-04:00,358.6626672880378,360.2662143339586,352.71343188192606,355.96795654296875,235300
2023-09-14 00:00:00-04:00,359.67800738638374,361.167698195591,357.4007894431328,360.72174072265625,239500
2023-09-15 00:00:00-04:00,358.62467628301795,362.36311985389403,358.62467628301795,359.81072998046875,396800
2023-09-18 00:00:00-04:00,359.79171355062533,367.0172761298052,357.1512433108549,366.3976745605469,335100
2023-09-19 00:00:00-04:00,367.26506860990855,371.259154830305,365.5682990504316,370.45843505859375,444300
2023-09-20 00:00:00-04:00,371.9264376163496,374.7670801100449,369.9722740951922,373.66131591796875,388400
2023-09-21 00:00:00-04:00,373.4039954291482,376.28277608967886,372.5460833599103,374.1189270019531,453100
2023-09-22 00:00:00-04:00,373.8615447029638,376.2351081051682,372.9940909441353,373.480224609375,404600
2023-09-25 00:00:00-04:00,371.88835703034187,374.8910639233199,368.1611768091711,370.51568603515625,269400
2023-09-26 00:00:00-04:00,368.59962163449717,371.8978600076356,365.8638216595159,368.0181579589844,345400
2023-09-27 00:00:00-04:00,368.6473034278677,368.6473034278677,358.6477746784772,363.8715515136719,649900
2023-09-28 00:00:00-04:00,365.2632946812621,368.10396656355834,361.76491252454593,363.6523132324219,320800
2023-09-29 00:00:00-04:00,362.8802266981325,362.8802266981325,353.34780488243723,354.2915344238281,339700
2023-10-02 00:00:00-04:00,354.6632234332835,358.1234966184278,351.9274234919335,358.0567626953125,221800
2023-10-03 00:00:00-04:00,357.9996223440117,359.0386528048113,351.36506507318103,354.7872009277344,207700
2023-10-04 00:00:00-04:00,355.7309107609826,368.3709114126881,355.7309107609826,367.2746887207031,338400
2023-10-05 00:00:00-04:00,365.53970638216464,370.7443994924079,365.53970638216464,368.98089599609375,304100
2023-10-06 00:00:00-04:00,372.01223374975325,375.9681822477973,367.50338859869214,373.4611511230469,319000
2023-10-09 00:00:00-04:00,371.6976872269082,373.51838313934417,367.65595000847304,371.8406677246094,241200
2023-10-10 00:00:00-04:00,373.0989729110459,373.0989729110459,366.26424296397147,367.2937316894531,198600
2023-10-11 00:00:00-04:00,370.08667115601384,374.8338268705448,369.8388480133715,374.1474914550781,237500
2023-10-12 00:00:00-04:00,378.03677970414196,380.07673198011895,372.57472050419,375.4630432128906,196400
2023-10-13 00:00:00-04:00,378.1988047103304,381.22059497947936,375.9968177776425,379.7525939941406,237800
2023-10-16 00:00:00-04:00,381.2968991842376,387.0449487758142,381.2968991842376,386.33001708984375,256800
2023-10-17 00:00:00-04:00,387.6739939379836,391.1247253468981,387.6739939379836,388.96087646484375,261100
2023-10-18 00:00:00-04:00,388.646364120245,391.5346867847443,386.4062391614914,387.254638671875,290600
2023-10-19 00:00:00-04:00,386.5396610038973,389.1896728059705,382.84107710230467,383.0603332519531,350200
2023-10-20 00:00:00-04:00,383.1842736047181,384.127973984008,376.12074608327066,377.5029296875,389100
2023-10-23 00:00:00-04:00,376.94055751617407,378.61827310319717,370.35365039967235,370.8398132324219,349600
2023-10-24 00:00:00-04:00,369.81028087030325,379.32361832126077,369.44804422119086,378.5324401855469,481000
2023-10-25 00:00:00-04:00,378.7421181590072,387.1306361169329,376.1778948535351,378.1415710449219,541900
2023-10-26 00:00:00-04:00,381.2968226663692,385.6436041175147,363.3091497115855,365.3014221191406,673000
2023-10-27 00:00:00-04:00,365.23468471432324,372.2982117778097,360.88790330458363,367.5510559082031,648800
2023-10-30 00:00:00-04:00,370.4203275553483,374.8528973036657,368.39945904837447,374.2809753417969,323400
2023-10-31 00:00:00-04:00,375.8538134310092,379.30454497355487,374.8052413651598,377.1216125488281,420600
2023-11-01 00:00:00-04:00,379.3903871490505,384.65227350321,377.1312078398768,383.57513427734375,392800
2023-11-02 00:00:00-04:00,381.3825808344606,381.6018369628043,361.822065849428,364.17657470703125,825000
2023-11-03 00:00:00-04:00,364.0813473494483,370.9160779922609,361.05004397572685,367.38909912109375,351000
2023-11-06 00:00:00-05:00,368.2088143809267,370.5633235244324,361.8697602532237,364.8724670410156,477900
2023-11-07 00:00:00-05:00,364.87247436275766,368.0658412703091,364.1384884058791,366.0354309082031,247600
2023-11-08 00:00:00-05:00,366.9219224813896,368.5424164227741,362.06038247596166,363.44256591796875,270500
2023-11-09 00:00:00-05:00,365.3587040825926,368.4757959011183,358.83853030389145,362.3941345214844,420000
2023-11-10 00:00:00-05:00,362.68003504013717,367.6559601316294,360.9165312782248,366.69317626953125,274900
2023-11-13 00:00:00-05:00,367.6750038216081,368.4280732292153,363.94782370375526,367.8084716796875,368300
2023-11-14 00:00:00-05:00,369.4575650858809,382.6885702591263,369.4575650858809,374.77667236328125,662900
2023-11-15 00:00:00-05:00,376.79754059773524,379.3999020342611,369.59103256343036,371.7834777832031,401800
2023-11-16 00:00:00-05:00,374.59557775486775,381.00136631878644,374.3286711101479,380.6391296386719,444000
2023-11-17 00:00:00-05:00,380.8392771825428,384.375826354678,377.4838754291366,377.76983642578125,334600
2023-11-20 00:00:00-05:00,376.2065462471708,383.1270934886007,375.5392651132975,381.0108947753906,368300
2023-11-21 00:00:00-05:00,385.4434474480377,397.29223972301656,385.4434474480377,387.9599914550781,413200
2023-11-22 00:00:00-05:00,386.3490050187525,389.3517408559406,384.5569343369244,388.93231201171875,325600
2023-11-24 00:00:00-05:00,391.4679904115838,398.3789964205078,391.4679904115838,394.8805847167969,143700
2023-11-27 00:00:00-05:00,395.1855965089519,396.5963762422459,392.9740677873155,395.20465087890625,256100
2023-11-28 00:00:00-05:00,399.22526989865764,399.22526989865764,388.80044506616315,388.89617919921875,412400
2023-11-29 00:00:00-05:00,388.2068715093348,388.5323441378813,381.36230570601515,385.15313720703125,332100
2023-11-30 00:00:00-05:00,385.14361510732095,394.85047770588824,385.14361510732095,393.0124816894531,1225300
2023-12-01 00:00:00-05:00,391.748882568244,395.530132406883,389.5375614578167,390.21722412109375,288300
2023-12-04 00:00:00-05:00,388.35048266325435,391.25104840387104,381.11342696955813,382.0132751464844,517400
2023-12-05 00:00:00-05:00,380.98895905920773,382.18556251786146,377.4565833121458,380.22314453125,333500
2023-12-06 00:00:00-05:00,380.232746524043,383.343915678688,369.04210805837283,373.6944885253906,452000
2023-12-07 00:00:00-05:00,373.8284814857294,376.17380660347936,364.5715447997629,366.98388671875,332200
2023-12-08 00:00:00-05:00,367.7784683921993,370.1142406795338,365.92133748810625,368.34326171875,292500
2023-12-11 00:00:00-05:00,370.0472111643169,378.5574686887406,368.8601899231138,374.0390930175781,259700
2023-12-12 00:00:00-05:00,374.29756968743925,383.0088488912417,373.5891897735799,379.20843505859375,300200
2023-12-13 00:00:00-05:00,379.3424465958103,382.31961131042334,370.07595605535784,370.3056945800781,338600
2023-12-14 00:00:00-05:00,367.91249881580154,369.08038504208963,344.91857565522497,345.3684997558594,1173000
2023-12-15 00:00:00-05:00,343.0709693384437,348.1828553112756,338.18882185887884,340.86920166015625,935500
2023-12-18 00:00:00-05:00,344.63144018001236,352.94064907827027,342.11378137648575,348.259521484375,697100
2023-12-19 00:00:00-05:00,348.07756573989866,353.2373337707918,347.2638987758151,349.39862060546875,483100
2023-12-20 00:00:00-05:00,348.48925073515863,351.313217564379,341.5202328788782,341.5489501953125,388700
2023-12-21 00:00:00-05:00,341.13728998913984,343.6453955045901,337.70064818837557,342.3530578613281,395500
2023-12-22 00:00:00-05:00,342.7072782401496,344.9090172248253,338.35165273022164,338.5335388183594,277100
2023-12-26 00:00:00-05:00,339.7779196183896,340.6777676822323,334.75218550635185,336.2742614746094,355900
2023-12-27 00:00:00-05:00,335.0490061706962,337.5092301702131,333.71836895206275,335.70953369140625,377300
2023-12-28 00:00:00-05:00,335.04899118286795,339.08872590225957,335.04899118286795,337.5474853515625,214400
2023-12-29 00:00:00-05:00,337.403891626318,339.3184572496865,336.0541193561689,338.4760437011719,210500
2024-01-02 00:00:00-05:00,339.8449817577555,346.75656485582283,339.83539958113323,346.2013244628906,409400
2024-01-03 00:00:00-05:00,347.2830424757278,353.10330886894906,345.8567004954808,348.403076171875,605600
2024-01-04 00:00:00-05:00,350.7292687830409,354.5488177177635,348.527500865865,351.9833068847656,541800
2024-01-05 00:00:00-05:00,354.9891627004439,355.6592723362667,349.5996851546467,355.5444030761719,529900
2024-01-08 00:00:00-05:00,355.9847367742918,358.98103649984273,349.07315404965675,356.58782958984375,437300
2024-01-09 00:00:00-05:00,356.34850821128293,356.34850821128293,347.1490348896937,352.7682800292969,343100
2024-01-10 00:00:00-05:00,349.7719955273606,354.7498485787587,349.1018858791182,354.67327880859375,415800
2024-01-11 00:00:00-05:00,355.1136223236834,359.057622818943,353.8500312195571,358.3779602050781,316100
2024-01-12 00:00:00-05:00,359.2969730268557,361.85293118859806,354.5680224431875,354.6062927246094,346900
2024-01-16 00:00:00-05:00,355.16151231868673,357.15264775213524,351.9450268167116,353.4575500488281,316400
2024-01-17 00:00:00-05:00,352.682152806478,356.8558919193109,348.79555764288517,349.5997009277344,294400
2024-01-18 00:00:00-05:00,347.531969362727,353.6681558542484,345.9428763474573,353.1607971191406,261000
2024-01-19 00:00:00-05:00,356.64525421617554,361.28808133415214,355.35291667823043,357.8705749511719,340800
2024-01-22 00:00:00-05:00,357.32494156215495,361.10622032173814,355.56354470930677,358.6938781738281,271300
2024-01-23 00:00:00-05:00,358.3205512372303,360.3404332983057,355.90820890499185,358.97149658203125,252700
2024-01-24 00:00:00-05:00,358.02373569455506,362.07305209924544,358.02373569455506,358.9906005859375,331100
2024-01-25 00:00:00-05:00,360.05321948003836,362.0252198063215,353.7160117116961,360.47442626953125,274600
2024-01-26 00:00:00-05:00,360.742440800047,363.7004410967947,359.85217482231707,363.52813720703125,254900
2024-01-29 00:00:00-05:00,362.5612892803093,363.42286719750877,359.7660397796491,361.38385009765625,337800
2024-01-30 00:00:00-05:00,361.5178684821404,363.76748905990706,361.0392270491668,363.509033203125,288300
2024-01-31 00:00:00-05:00,366.45747290307355,371.9044150644284,365.7873631723299,368.52520751953125,344500
2024-02-01 00:00:00-05:00,365.82562020869324,365.84478456183416,359.82346750357107,362.2453918457031,368100
2024-02-02 00:00:00-05:00,364.95449780752847,367.21370048406436,363.6621893544846,365.05023193359375,392400
2024-02-05 00:00:00-05:00,364.51415244801586,367.8742245077425,362.5804516611222,365.5001525878906,250800
2024-02-06 00:00:00-05:00,366.54356579859245,367.95077263524354,363.78658675421866,364.37054443359375,294000
2024-02-07 00:00:00-05:00,365.7490399227051,369.7791922593447,364.2173816270705,367.5391540527344,429600
2024-02-08 00:00:00-05:00,344.48780265871807,349.41783285450634,329.07557168494014,339.4142150878906,1386200
2024-02-09 00:00:00-05:00,336.7146464902819,340.0172838728088,333.47902591585336,338.64837646484375,691500
2024-02-12 00:00:00-05:00,339.42378018236144,348.7189882855312,339.00257339987405,345.5120849609375,413700
2024-02-13 00:00:00-05:00,349.4082104850791,356.8941687457243,346.5554973180688,352.4332275390625,704900
2024-02-14 00:00:00-05:00,351.99289503817835,357.5642586966355,350.4038020944695,355.1902160644531,444300
2024-02-15 00:00:00-05:00,356.52079920276697,360.32121279962035,353.89785387779807,358.38751220703125,453300
2024-02-16 00:00:00-05:00,362.3028123703767,362.810171071655,351.79183700278213,352.1556091308594,392000
2024-02-20 00:00:00-05:00,350.29850637440364,357.02820364298327,350.29850637440364,352.3853759765625,388300
2024-02-21 00:00:00-05:00,351.3228224349992,353.72561184970976,344.58354267486715,346.440673828125,456700
2024-02-22 00:00:00-05:00,348.4413592839308,356.233655349178,345.82799591990715,354.62542724609375,507000
2024-02-23 00:00:00-05:00,354.6254237485818,356.31980378183965,352.96931399314883,355.03704833984375,225500
2024-02-26 00:00:00-05:00,355.0370154882647,357.7365597367124,350.7579606140911,351.32275390625,265900
2024-02-27 00:00:00-05:00,350.1739974392353,352.0694276885346,348.04882869206307,352.0024108886719,227900
2024-02-28 00:00:00-05:00,352.83528433729595,355.76459660510824,351.70569763578476,354.5296936035156,259300
2024-02-29 00:00:00-05:00,354.06058544319615,354.06058544319615,348.6615259008012,353.1224670410156,496900
2024-03-01 00:00:00-05:00,352.75871805552083,354.2137774203007,351.39936360127604,354.1180725097656,455300
2024-03-04 00:00:00-05:00,353.7925881403593,356.0230735740339,349.8773047309749,351.80145263671875,390300
2024-03-05 00:00:00-05:00,352.39496729829915,356.07093003291175,350.1740640167764,351.25579833984375,364300
2024-03-06 00:00:00-05:00,352.9597668574418,355.6880289418766,350.1645171731868,354.3669738769531,286000
2024-03-07 00:00:00-05:00,353.7256005424626,356.51129718330134,348.97745650139996,351.80145263671875,446900
2024-03-08 00:00:00-05:00,349.89646811769995,354.05107223167596,347.81915145373466,351.992919921875,332600
2024-03-11 00:00:00-04:00,351.6482850061983,365.06938029016675,349.97303998824276,363.45159912109375,382500
2024-03-12 00:00:00-04:00,362.84847716769247,367.4913045453889,362.1783675286199,367.1849670410156,340900
2024-03-13 00:00:00-04:00,368.5538562434273,371.60759053227457,367.47212206905203,369.5494384765625,303000
2024-03-14 00:00:00-04:00,368.3528482833886,371.9043592094461,368.3528482833886,371.72247314453125,247900
2024-03-15 00:00:00-04:00,370.075942377688,376.4993015815146,370.075942377688,376.0876770019531,844900
2024-03-18 00:00:00-04:00,374.55879598177467,377.0684984552741,373.14529281374195,373.193359375,384200
2024-03-19 00:00:00-04:00,376.14533800955365,378.03962398765776,372.4913993634555,372.5106201171875,246300
2024-03-20 00:00:00-04:00,371.65487937230426,375.90498460579585,371.65487937230426,375.70306396484375,349600
2024-03-21 00:00:00-04:00,375.5299992778717,375.5299992778717,367.8855377296457,369.6548156738281,479900
2024-03-22 00:00:00-04:00,370.0394233977105,370.7125313219875,368.0297540196431,369.4048156738281,271800
2024-03-25 00:00:00-04:00,369.7990373943835,377.31849051696486,368.8567214999995,376.83770751953125,253200
2024-03-26 00:00:00-04:00,375.9722959709189,378.3473651013504,372.0683404626304,373.38568115234375,279600
2024-03-27 00:00:00-04:00,376.47231093924285,380.99168289131427,375.19344106687595,380.5782165527344,245600
2024-03-28 00:00:00-04:00,381.3282238349881,384.5110048486939,381.0685822424555,382.22247314453125,241500
2024-04-01 00:00:00-04:00,380.7320603655755,384.1071369907798,380.11664405480053,382.7417297363281,191400
2024-04-02 00:00:00-04:00,384.21293843809434,385.34757928947704,376.7415517446467,376.8088684082031,305500
2024-04-03 00:00:00-04:00,375.9242296156778,376.818478929593,369.97213388362155,372.7221984863281,374500
2024-04-04 00:00:00-04:00,375.4722686083591,376.6357551476248,364.81810184977263,364.87579345703125,289900
2024-04-05 00:00:00-04:00,367.3566731382093,369.8086546354768,363.7219549281512,365.26043701171875,251900
2024-04-08 00:00:00-04:00,366.6162564243412,369.31825452326905,364.63543282181047,366.46240234375,220200
2024-04-09 00:00:00-04:00,366.0297193768313,366.1451026024084,355.52940567932814,357.2217712402344,307600
2024-04-10 00:00:00-04:00,358.47177495770586,361.68343105880854,355.00053595845844,357.35638427734375,289200
2024-04-11 00:00:00-04:00,354.1928495613377,357.44294740615265,348.68306569915154,352.077392578125,343000
2024-04-12 00:00:00-04:00,350.4811952573936,353.85630143583853,347.2310973588417,347.9042053222656,243700
2024-04-15 00:00:00-04:00,350.6350357303975,353.99092102189235,345.2983561728399,345.7118225097656,207000
2024-04-16 00:00:00-04:00,346.0868225097656,347.9426377123353,342.82709992094425,346.0868225097656,302900
2024-04-17 00:00:00-04:00,343.154024193243,345.0002436660114,340.4712470676147,343.4136657714844,446700
2024-04-18 00:00:00-04:00,345.87531341676976,348.2407576387677,341.56748702972214,346.3656921386719,399200
2024-04-19 00:00:00-04:00,347.97152139549644,356.2986867788688,346.1637725547859,356.0294494628906,425200
2024-04-22 00:00:00-04:00,357.0294036995738,361.5487751265202,355.15436781834796,358.5102233886719,233600
2024-04-23 00:00:00-04:00,359.50064395008854,360.17375182846155,353.7504985589059,354.5005187988281,285000
2024-04-24 00:00:00-04:00,352.24086069384833,353.16395582825135,348.2599634076128,351.6831359863281,336000
2024-04-25 00:00:00-04:00,353.13511654016645,356.0678811275486,348.51961143829743,351.702392578125,330800
2024-04-26 00:00:00-04:00,349.8657990079593,352.2889347918536,347.54842139984646,350.6831359863281,294100
2024-04-29 00:00:00-04:00,350.971562123708,355.28898373049924,350.93309127025725,354.923583984375,424700
2024-04-30 00:00:00-04:00,346.16378113796975,353.49090981024335,338.0096903959729,352.3274230957031,563300
2024-05-01 00:00:00-04:00,352.538947796074,360.7603253703561,352.538947796074,355.6832580566406,567000
2024-05-02 00:00:00-04:00,357.77949316733736,359.0680175343611,352.2216424137521,357.7698974609375,531400
2024-05-03 00:00:00-04:00,356.7986520604358,356.84671861912733,349.5003701644592,355.4428405761719,194900
2024-05-06 00:00:00-04:00,356.71215851211275,364.5392908948353,356.01020473198554,364.43353271484375,290900
2024-05-07 00:00:00-04:00,366.51047691132857,366.6835517376674,362.12573857609584,364.08734130859375,319800
2024-05-08 00:00:00-04:00,366.1066185691341,368.8278667012722,362.85652089057953,366.3277893066406,196100
2024-05-09 00:00:00-04:00,365.86625326297724,368.16441018460563,364.86624570928126,365.90472412109375,140400
2024-05-10 00:00:00-04:00,366.7508632184392,370.7413559408987,366.327771863586,368.2124328613281,145200
2024-05-13 00:00:00-04:00,367.7124302597159,370.1163450811011,366.12585234653443,366.5296936035156,191900
2024-05-14 00:00:00-04:00,365.88546868240974,365.88546868240974,360.1833603023009,364.2027282714844,219400
2024-05-15 00:00:00-04:00,364.0103766656136,366.30853320097077,360.25065055882106,360.6929626464844,201300
2024-05-16 00:00:00-04:00,365.91431252032,374.19338121213434,363.31807273383856,373.3471984863281,353000
2024-05-17 00:00:00-04:00,376.2319350339816,378.7704834726276,373.17416206033994,377.81854248046875,261200
2024-05-20 00:00:00-04:00,378.89548026270154,378.89548026270154,374.1453418073519,374.81842041015625,227200
2024-05-21 00:00:00-04:00,375.48190406865086,379.4243306018307,375.48190406865086,379.0108642578125,296400
2024-05-22 00:00:00-04:00,379.41467534013066,385.3860209501263,378.81850915303215,384.1744384765625,259100
2024-05-23 00:00:00-04:00,383.4628956348629,383.7513536836657,370.3086510608373,372.4914245605469,317100
2024-05-24 00:00:00-04:00,372.75104834210407,376.7896372183329,372.75104834210407,376.7223205566406,98800
2024-05-28 00:00:00-04:00,375.74152655688243,377.26078787269245,373.3376116400115,373.5299072265625,202700
2024-05-29 00:00:00-04:00,372.804994271278,373.92618679464493,369.5864216325096,369.88604736328125,228300
2024-05-30 00:00:00-04:00,370.4756434323217,376.66153760997304,369.20947540761273,375.5306701660156,227000
2024-05-31 00:00:00-04:00,374.8444096604637,378.9328643604254,374.341788829867,377.850341796875,369800
2024-06-03 00:00:00-04:00,377.91804575458804,380.08309110467593,370.92028882196064,373.8199157714844,201500
2024-06-04 00:00:00-04:00,372.0607552652224,376.6228356099246,370.7462425405487,371.83843994140625,195000
2024-06-05 00:00:00-04:00,372.1670961876,372.1670961876,364.4637529725483,367.8370056152344,198600
2024-06-06 00:00:00-04:00,368.44594191877667,370.68829767003564,366.667478103957,366.95745849609375,114600
2024-06-07 00:00:00-04:00,368.329885549245,374.03250807927196,368.329885549245,370.00201416015625,136300
2024-06-10 00:00:00-04:00,367.92396567318605,370.3596414532609,365.72992544855015,368.8421630859375,139600
2024-06-11 00:00:00-04:00,366.88976447047656,367.1217251686365,364.2220984555245,366.4161682128906,156700
2024-06-12 00:00:00-04:00,365.11132073068086,367.94328233381975,357.93956453626794,361.20648193359375,166100
2024-06-13 00:00:00-04:00,360.2303055833861,362.16339006841304,356.4124519268465,361.90240478515625,147800
2024-06-14 00:00:00-04:00,359.7566836424556,360.29794494428137,353.2615185240168,355.26226806640625,203700
2024-06-17 00:00:00-04:00,356.518753166365,366.46448098232815,354.1314221724751,363.7968444824219,218700
2024-06-18 00:00:00-04:00,363.41987398525515,368.43623045663554,360.4912522444372,364.6280517578125,218400
2024-06-20 00:00:00-04:00,365.55595203634084,368.8808598808893,365.40130173002115,367.55670166015625,269200
2024-06-21 00:00:00-04:00,367.61467050349285,367.61467050349285,362.91728939483016,364.570068359375,553300
2024-06-24 00:00:00-04:00,366.03921362223696,370.7752648305285,363.3232322120922,369.22882080078125,212200
2024-06-25 00:00:00-04:00,370.620621742371,371.57748909014106,366.3968075130668,368.8905029296875,177300
2024-06-26 00:00:00-04:00,366.21319138548193,366.21319138548193,360.3076031557944,363.603515625,196600
2024-06-27 00:00:00-04:00,363.2749021676113,368.48454943653707,363.2749021676113,367.7693176269531,157500
2024-06-28 00:00:00-04:00,367.31504424769616,370.65927212049826,364.7247181380466,368.27191162109375,511200
2024-07-01 00:00:00-04:00,372.0027731898255,372.8533350602103,364.3091054017107,365.95220947265625,250000
2024-07-02 00:00:00-04:00,359.5826609695846,360.4235478881,354.73063018309665,357.3016357421875,318000
2024-07-03 00:00:00-04:00,354.93368387283743,356.7991035340365,348.8541242164478,352.5656433105469,262600
2024-07-05 00:00:00-04:00,351.096510945579,353.34854165740967,346.63108997866874,350.70989990234375,495200
2024-07-08 00:00:00-04:00,358.5195403012449,361.2548716201719,357.7559930961017,360.5589599609375,274700
2024-07-09 00:00:00-04:00,358.03623442801523,363.3232216539425,357.688293380392,360.3269348144531,268900
2024-07-10 00:00:00-04:00,360.2786028557804,365.7879051608377,360.2786028557804,365.4979248046875,231700
2024-07-11 00:00:00-04:00,366.30981480039765,367.43100727931323,362.8302865169324,367.1023864746094,185000
2024-07-12 00:00:00-04:00,369.10314599557876,370.94924516687206,366.13585431465833,368.8711853027344,176100
2024-07-15 00:00:00-04:00,373.5879030251158,386.07564197967963,372.1670847256839,383.0020446777344,488800
2024-07-16 00:00:00-04:00,382.9730516164788,388.55966471864286,380.1410603675711,381.3975830078125,222000
2024-07-17 00:00:00-04:00,383.485295103837,390.36707089133495,381.9968118475213,384.7611083984375,312500
2024-07-18 00:00:00-04:00,385.45701987863515,392.8027465421008,384.80945311879736,386.61688232421875,224400
2024-07-19 00:00:00-04:00,385.4473954682569,386.36559291577646,370.9202665050485,372.4280700683594,916800
2024-07-22 00:00:00-04:00,377.4444439314152,377.4444439314152,371.91582078208523,375.7143249511719,213500
2024-07-23 00:00:00-04:00,374.91208023238954,376.5745045534482,370.11800952795977,371.9834289550781,182900
2024-07-24 00:00:00-04:00,373.6362424415637,375.01839077168427,367.91429937709023,368.7745361328125,235800
2024-07-25 00:00:00-04:00,365.2369717155512,371.6547965934419,360.307600590036,361.2451477050781,466600
2024-07-26 00:00:00-04:00,361.29347613756903,372.4377069424702,360.6362344960386,370.1180114746094,332500
2024-07-29 00:00:00-04:00,369.29644759281655,372.64070499441004,367.9142992631241,371.1522216796875,378300
2024-07-30 00:00:00-04:00,374.0421769672162,378.90388331887453,371.8384618107226,376.41021728515625,385000
2024-07-31 00:00:00-04:00,376.22652503222884,384.1811774005353,373.52021886015103,379.72540283203125,494500
2024-08-01 00:00:00-04:00,372.1187719893469,375.617650268867,352.787926691199,356.01617431640625,841500
2024-08-02 00:00:00-04:00,353.96709117423916,357.8139398088747,348.10984771077875,351.947021484375,407900
2024-08-05 00:00:00-04:00,348.6027813931284,349.21167819006456,338.8793399156485,344.37896728515625,610800
2024-08-06 00:00:00-04:00,344.5723020399397,350.56487561315845,343.6154346793348,346.6407165527344,586800
2024-08-07 00:00:00-04:00,348.97972349743225,351.4057538522392,346.9596538440796,348.5641174316406,378200
2024-08-08 00:00:00-04:00,349.38568300677775,354.2667092892767,349.38568300677775,352.0146789550781,310300
2024-08-09 00:00:00-04:00,352.1016913649993,352.46898214659296,348.8154535503401,352.3046569824219,280700
2024-08-12 00:00:00-04:00,353.17448143608215,353.7254175184805,347.568548991273,348.834716796875,387100
2024-08-13 00:00:00-04:00,350.7581855044372,353.1455461022296,347.67491328916805,350.9611511230469,217700
2024-08-14 00:00:00-04:00,350.9611364090049,358.0362326406403,350.9611364090049,357.176025390625,166600
2024-08-15 00:00:00-04:00,359.6310107871763,361.4867847999152,356.9150295498724,360.96484375,207500
2024-08-16 00:00:00-04:00,361.8443723692489,364.2124123855774,360.02726844600454,362.0086975097656,196800
2024-08-19 00:00:00-04:00,362.30837272698597,366.0875565101235,362.30837272698597,366.0682067871094,150700
2024-08-20 00:00:00-04:00,365.304643899344,366.7447823684591,361.9120712677747,364.6183776855469,285200
2024-08-21 00:00:00-04:00,366.5224930113621,366.96712370163215,361.9797619527312,365.9812316894531,132200
2024-08-22 00:00:00-04:00,365.22733429748143,369.6444396890507,364.3477772646186,369.38348388671875,179600
2024-08-23 00:00:00-04:00,371.6548153502533,375.71430459885386,369.5864302734537,375.6273193359375,143200
2024-08-26 00:00:00-04:00,382.5670840742321,384.59682869037493,375.9559386504032,376.4295349121094,372000
2024-08-27 00:00:00-04:00,377.44438750633213,379.74476256149245,374.8637069663641,375.1440124511719,357500
2024-08-28 00:00:00-04:00,375.6756771283904,377.48310662081144,371.9061678264786,376.5745544433594,287800
2024-08-29 00:00:00-04:00,377.9663492558571,379.696468207348,374.05186479498656,377.3574523925781,296900
2024-08-30 00:00:00-04:00,378.80724501601713,379.39682161993846,373.732898291693,379.11651611328125,377400
2024-09-03 00:00:00-04:00,378.2273208547727,382.43178554719884,376.9514780039003,380.112060546875,373300
2024-09-04 00:00:00-04:00,383.00206743239596,386.61692625398086,378.82659754968563,379.36785888671875,349300
2024-09-05 00:00:00-04:00,383.30166136695306,383.30166136695306,374.2548107055275,376.46820068359375,219200
2024-09-06 00:00:00-04:00,375.4629685256765,377.64736330033554,370.1083460639859,370.5626220703125,283200
2024-09-09 00:00:00-04:00,372.8823389151275,376.53586740135427,368.5715392885392,374.0711669921875,312600
2024-09-10 00:00:00-04:00,375.2310120990466,376.02358377806297,366.7834427541691,368.4072265625,253300
2024-09-11 00:00:00-04:00,368.55222685876805,368.55222685876805,360.2979476980434,363.9611511230469,295200
2024-09-12 00:00:00-04:00,363.77747191433923,366.4741328284885,361.48677169018515,366.3677978515625,214800
2024-09-13 00:00:00-04:00,368.42658280572476,370.9685937463702,366.7641288880441,369.9440612792969,306200
2024-09-16 00:00:00-04:00,371.83870683071495,380.5638289063806,371.7901080762902,378.377685546875,287600
2024-09-17 00:00:00-04:00,378.4457475133104,381.0788277237641,376.39564485961535,376.5413818359375,219600
2024-09-18 00:00:00-04:00,377.88220815452155,381.0496670516162,375.7835068141972,377.62957763671875,358200
2024-09-19 00:00:00-04:00,380.62212733465594,382.1475767209124,375.66689272684135,377.2797546386719,465100
2024-09-20 00:00:00-04:00,377.6004064571569,380.7290217324923,375.0158956078392,376.5024719238281,718000
2024-09-23 00:00:00-04:00,377.83361714053734,379.81572894449164,375.1616638909086,375.7252197265625,325600
2024-09-24 00:00:00-04:00,377.70724878355145,378.20278407774856,371.6637760060642,372.2662048339844,295100
2024-09-25 00:00:00-04:00,373.3155802910715,374.1803060763144,368.3603157760201,371.9844665527344,381900
2024-09-26 00:00:00-04:00,372.0525050563948,378.1154004831568,370.3813185411373,376.5413818359375,354500
2024-09-27 00:00:00-04:00,377.8141955957143,384.1685945382489,377.09517710340424,383.9256896972656,460400
2024-09-30 00:00:00-04:00,384.41146089431084,384.8195243814869,376.8328128234779,380.7095642089844,283200
2024-10-01 00:00:00-04:00,379.1550459524399,385.0527531257939,378.61094146512687,384.97503662109375,318000
2024-10-02 00:00:00-04:00,384.08111513418913,387.06399363904154,382.3905069627278,385.14990234375,274400
2024-10-03 00:00:00-04:00,383.99366266254964,386.2186792049086,380.08776367568527,382.44879150390625,267500
2024-10-04 00:00:00-04:00,386.88910844341655,395.7405464227446,384.93614407611136,395.4879455566406,306000
2024-10-07 00:00:00-04:00,388.6477063116956,390.5812191621269,358.3331733587966,361.97674560546875,1130100
2024-10-08 00:00:00-04:00,364.73618260892334,370.1869526394932,360.0043717191331,363.123291015625,988400
2024-10-09 00:00:00-04:00,360.47077370521004,380.86505408216414,358.8870294430788,377.8530578613281,892900
2024-10-10 00:00:00-04:00,389.35702604427456,390.6978358167758,379.90315925828014,382.6819763183594,460400
2024-10-11 00:00:00-04:00,385.4899705297297,387.76355621172877,381.4286088324357,382.7791442871094,301600
2024-10-14 00:00:00-04:00,383.63420144269196,388.56031893123225,378.6303674485751,387.3457946777344,366600
2024-10-15 00:00:00-04:00,387.0834256419589,390.4160727115394,376.88142303196076,377.2214660644531,333100
2024-10-16 00:00:00-04:00,377.1632007871836,380.3306894290507,373.1795554308385,375.11309814453125,359100
2024-10-17 00:00:00-04:00,378.21256621189286,378.5234618757981,372.0330515875564,375.01593017578125,493000
2024-10-18 00:00:00-04:00,377.4158265861706,378.7177929704483,371.5180899543733,373.3253173828125,1019600
2024-10-21 00:00:00-04:00,375.5697413318079,378.2902635750191,372.2565158829341,375.6766052246094,238700
2024-10-22 00:00:00-04:00,372.62570681016865,375.39479794223763,367.85505275044244,374.4134826660156,270200
2024-10-23 00:00:00-04:00,374.87984983315954,375.2587955810987,370.1869418065099,374.7146911621094,222800
2024-10-24 00:00:00-04:00,378.25140589020435,378.5331838076884,374.0540327801032,376.1138610839844,227600
2024-10-25 00:00:00-04:00,377.4741052378556,377.4741052378556,366.6502517970434,368.8363952636719,347600
2024-10-28 00:00:00-04:00,372.63542655074,375.87093545312206,370.4007140016013,370.6144714355469,250600
2024-10-29 00:00:00-04:00,370.55619850347324,373.09211081571397,365.93128083341503,366.06732177734375,314700
2024-10-30 00:00:00-04:00,365.32882465563324,372.1884539379542,364.75557287724837,369.2153015136719,385100
2024-10-31 00:00:00-04:00,352.7463980436843,359.7906384287717,342.43753083007573,345.5175476074219,1032400
2024-11-01 00:00:00-04:00,343.642326980565,346.9846999399179,340.17363876059886,341.0092468261719,552500
2024-11-04 00:00:00-05:00,341.03834719078566,342.7289551499291,336.9478385653521,337.8805847167969,373100
2024-11-05 00:00:00-05:00,337.88063434068914,344.7402646887592,337.521139919702,344.5459289550781,492600
2024-11-06 00:00:00-05:00,361.74358620115584,361.74358620115584,348.8016097587149,356.1956481933594,414700
2024-11-07 00:00:00-05:00,359.4991661085194,359.4991661085194,350.9586235626108,351.7747802734375,463900
2024-11-08 00:00:00-05:00,359.7614642212861,359.7614642212861,355.8166922717544,357.8376770019531,408400
2024-11-11 00:00:00-05:00,361.0051320718947,361.0051320718947,355.64180431416,358.93560791015625,525700
2024-11-12 00:00:00-05:00,356.8660448005112,359.732303814525,356.11787899653257,358.2457275390625,397900
2024-11-13 00:00:00-05:00,357.26441413575503,362.5014265338625,355.5057856454354,360.1598205566406,341000
2024-11-14 00:00:00-05:00,357.71137185147006,359.4991478393055,354.2621054799686,356.0984802246094,350200
2024-11-15 00:00:00-05:00,358.0222905504726,361.94761117573944,356.93405202659534,360.7913818359375,355500
2024-11-18 00:00:00-05:00,356.3122298194821,362.8512383635103,356.3122298194821,362.734619140625,234400
2024-11-19 00:00:00-05:00,357.56566872631566,361.27723233909717,356.58432363329547,359.92669677734375,320200
2024-11-20 00:00:00-05:00,360.90803385313257,366.77659361279626,359.60603777876423,366.1741943359375,418700
2024-11-21 00:00:00-05:00,368.7683769902577,377.1826032201856,365.16364823794567,374.2191467285156,446000
2024-11-22 00:00:00-05:00,375.41426213309745,379.8254219665022,375.41426213309745,377.95989990234375,519600
2024-11-25 00:00:00-05:00,380.54441022598127,381.6326190738109,376.1721234721511,379.0286865234375,1768600
2024-11-26 00:00:00-05:00,375.74461006962724,379.52419365933827,373.03378396936483,376.5024719238281,398000
2024-11-27 00:00:00-05:00,377.9479337082482,382.9581749513937,377.518200882689,379.9207763671875,330900
2024-11-29 00:00:00-05:00,380.2235595546216,382.8312552622023,378.25071678701727,378.514404296875,264900
2024-12-02 00:00:00-05:00,379.12973043259336,379.12973043259336,373.8362189643063,374.7738342285156,379600
2024-12-03 00:00:00-05:00,375.1351598494036,379.41293596433604,372.5958375641837,376.21923828125,579100
2024-12-04 00:00:00-05:00,377.03961923953693,377.03961923953693,369.0407706455183,369.9295349121094,340800
2024-12-05 00:00:00-05:00,371.38480679260533,371.38480679260533,365.8276080257574,365.9643249511719,404500
2024-12-06 00:00:00-05:00,365.15372596356997,366.2378044957051,360.0750809233019,362.7315979003906,257800
2024-12-09 00:00:00-05:00,361.0517018285537,366.491705787249,359.0593366666357,359.57696533203125,364200
2024-12-10 00:00:00-05:00,358.4733449670317,358.7663310859595,349.07787921958953,353.990478515625,325200
2024-12-11 00:00:00-05:00,354.41042040671687,354.57643593206905,350.6404969373857,353.8927917480469,328300
2024-12-12 00:00:00-05:00,356.9009067414074,359.0495709651135,353.0040423321381,354.156494140625,298400
2024-12-13 00:00:00-05:00,356.9594828750927,356.9594828750927,353.51187398709146,354.342041015625,288900
2024-12-16 00:00:00-05:00,356.5786130502793,356.5786130502793,348.657884038804,349.419677734375,348600
2024-12-17 00:00:00-05:00,346.3432163698821,347.81798272873806,344.18480579168335,346.77294921875,379800
2024-12-18 00:00:00-05:00,346.9487062034018,351.0506903305452,339.99489142468576,340.1999816894531,505100
2024-12-19 00:00:00-05:00,339.760525241378,343.76483767000576,339.6335546577045,341.2059631347656,410700
2024-12-20 00:00:00-05:00,338.39320041567925,351.29487192400774,338.0122886721185,348.3160705566406,772200
2024-12-23 00:00:00-05:00,345.4935268086325,351.3437115482042,345.45445205728964,350.96282958984375,301400
2024-12-24 00:00:00-05:00,350.9139588511388,353.9220886230469,349.4978196020586,353.9220886230469,84500
2024-12-26 00:00:00-05:00,353.4240068191173,355.0257437857457,351.71485154158967,353.6779479980469,145900
2024-12-27 00:00:00-05:00,350.88464612009494,354.48852409606985,349.97635942508975,351.5487976074219,191000
2024-12-30 00:00:00-05:00,350.718645475046,352.5059203315034,347.1147673462426,351.28509521484375,206300
2024-12-31 00:00:00-05:00,353.0919573171499,355.1722482908084,352.02740128663004,354.000244140625,274600
2025-01-02 00:00:00-05:00,356.6469647598477,358.41471707180733,351.1678863623562,354.8498840332031,321400
2025-01-03 00:00:00-05:00,356.4809290635582,357.2427227334546,352.13477978710154,356.61767578125,292600
2025-01-06 00:00:00-05:00,356.48096400002595,361.9307146641039,352.62314438530166,353.22869873046875,354400
2025-01-07 00:00:00-05:00,354.5276393342328,364.3430620548363,354.283474293369,362.3604431152344,318500
2025-01-08 00:00:00-05:00,358.63934507413626,360.5633666531478,353.0626242781863,359.83087158203125,354800
2025-01-10 00:00:00-05:00,354.01975561738055,356.8325116040908,345.06376959249303,345.26885986328125,612100
2025-01-13 00:00:00-05:00,345.29817140600926,348.3551223318849,342.758878953678,343.4815979003906,296600
2025-01-14 00:00:00-05:00,341.8310376734626,350.42563469856066,341.00087062090967,349.97637939453125,316800
2025-01-15 00:00:00-05:00,354.7522880562253,354.7522880562253,347.642203135133,349.53692626953125,319400
2025-01-16 00:00:00-05:00,350.1521746554039,354.6057424075329,349.6540982629996,351.83203125,323300
2025-01-17 00:00:00-05:00,354.1857882825378,357.311112603885,351.82228747159166,353.7170104980469,370700
2025-01-21 00:00:00-05:00,354.64481820314165,361.1005570986952,353.98069647444396,355.8265686035156,408400
2025-01-22 00:00:00-05:00,356.52975978380226,358.77609591084985,354.3029759342679,355.2210388183594,321700
2025-01-23 00:00:00-05:00,355.6116723598834,358.07287473262835,353.1016787126255,354.7717590332031,396300
2025-01-24 00:00:00-05:00,355.3870745432249,359.4109093024368,355.3870745432249,356.61767578125,282900
2025-01-27 00:00:00-05:00,359.57699488985776,364.51889306165515,359.0788886557825,364.29425048828125,345000
2025-01-28 00:00:00-05:00,360.6512562474515,363.3175489901096,352.81845315235773,358.8932800292969,694200
2025-01-29 00:00:00-05:00,354.0783768432117,357.2036714198768,343.14954745076204,343.3058166503906,829700
2025-01-30 00:00:00-05:00,340.5223164050009,348.89230067333966,340.5223164050009,343.87225341796875,536800
2025-01-31 00:00:00-05:00,339.43821486709754,343.7843643498916,337.7876568697435,339.399169921875,560300
2025-02-03 00:00:00-05:00,336.254317947902,339.87771861407924,333.04109783735925,337.21142578125,589100
2025-02-04 00:00:00-05:00,332.9434247712625,343.13975868060726,328.64612625821826,333.7442932128906,768700
2025-02-05 00:00:00-05:00,332.4941658487897,334.6330538459119,327.513193392405,331.8886413574219,653400
2025-02-06 00:00:00-05:00,333.0410894748562,335.3069480286611,328.10896796047194,328.4507751464844,400000
2025-02-07 00:00:00-05:00,328.63634648217885,332.2011796802563,325.2766333642757,330.1404113769531,560100
2025-02-10 00:00:00-05:00,330.21854669635184,332.83601853204294,325.491515180107,325.6868591308594,447500
2025-02-11 00:00:00-05:00,325.7063504235114,331.1756526626689,319.7291956884384,327.7964172363281,468800
2025-02-12 00:00:00-05:00,326.9955652312315,327.8159561374279,322.8935808949487,323.8409423828125,372800
2025-02-13 00:00:00-05:00,324.5539513974725,328.0210832144069,322.6006309811028,327.58160400390625,273600
2025-02-14 00:00:00-05:00,327.3275935689538,327.57175856934913,323.87998495558327,324.9250183105469,398900
2025-02-18 00:00:00-05:00,326.30216592486323,331.27336257036325,325.67708911494515,330.28692626953125,419000
2025-02-19 00:00:00-05:00,329.6130142996631,330.5408533356108,323.3330968825061,328.4410400390625,394900
2025-02-20 00:00:00-05:00,327.87454246157927,331.24403161191515,326.28258178490756,330.3161926269531,414200
2025-02-21 00:00:00-05:00,330.7264237691854,333.3340896188386,327.2983371837045,329.2712097167969,407800
2025-02-24 00:00:00-05:00,330.7947651940626,334.32049360766007,330.5994212652871,332.96295166015625,398700
2025-02-25 00:00:00-05:00,333.9103663550737,338.22718769988853,333.9103663550737,335.1897888183594,406000
2025-02-26 00:00:00-05:00,335.06277568518703,338.49083224606426,334.37910171750104,335.56085205078125,328800
2025-02-27 00:00:00-05:00,336.73289265262935,341.5185215307117,336.73289265262935,339.301513671875,330900
2025-02-28 00:00:00-05:00,341.3622669206084,345.43495312318527,340.36608423325,344.9759216308594,503700
2025-03-03 00:00:00-05:00,347.42733679107204,349.7029418976435,344.1652953643512,347.7886962890625,432600
2025-03-04 00:00:00-05:00,347.43704305005934,353.49234739373463,345.4153793613422,347.07568359375,541800
2025-03-05 00:00:00-05:00,348.00352016680944,353.26770239802374,344.4582393757367,350.2693786621094,581000
2025-03-06 00:00:00-05:00,348.1891337695216,355.8265938009861,345.96234972920576,355.0550537109375,424600
2025-03-07 00:00:00-05:00,353.892803104744,358.20962417664265,353.1310093976265,355.2698974609375,359700
2025-03-10 00:00:00-04:00,346.71434240687313,356.2074799601973,343.54997315753224,348.8630065917969,568200
2025-03-11 00:00:00-04:00,350.20105525574456,350.20105525574456,343.5011507813808,345.92327880859375,489900
2025-03-12 00:00:00-04:00,346.1869257537476,346.1869257537476,337.36768636898034,339.633544921875,414500
2025-03-13 00:00:00-04:00,341.0399754284958,346.15766530587615,339.77032909878506,341.4306335449219,430600
2025-03-14 00:00:00-04:00,343.4522893122423,351.2264952488927,342.91510838192966,350.2889099121094,353300
2025-03-17 00:00:00-04:00,350.2201789988414,362.36920715063275,350.08269542423176,358.53887939453125,528000
2025-03-18 00:00:00-04:00,359.0397400750443,360.8075742419008,352.7147769863889,353.1960144042969,340900
2025-03-19 00:00:00-04:00,351.45766882622434,354.34515348956444,349.23803001050976,349.8567810058594,467200
2025-03-20 00:00:00-04:00,349.2183922104921,351.6933661779678,348.14786668586197,348.4621276855469,405600
2025-03-21 00:00:00-04:00,346.8808988527006,349.8862350634507,345.88893109334106,346.1246643066406,1348600
2025-03-24 00:00:00-04:00,348.6192893626746,354.001410113585,346.12468333324705,352.7148132324219,463800
2025-03-25 00:00:00-04:00,354.56124311716417,357.3013834204394,351.43802507312455,355.7790832519531,300600
2025-03-26 00:00:00-04:00,357.56656976029547,362.41832819149215,357.3995933081154,359.6192321777344,206700
2025-03-27 00:00:00-04:00,361.3968734050581,362.3495472839022,356.00495205509617,360.9450988769531,268300
2025-03-28 00:00:00-04:00,361.9763585181218,363.5968783417133,354.0210439621545,355.5237121582031,253500
2025-03-31 00:00:00-04:00,356.22103118691996,359.91384519271645,352.27282204818954,356.8397521972656,324900
2025-04-01 00:00:00-04:00,357.7728099601749,360.6701256521239,354.42371971021447,358.88262939453125,243500
2025-04-02 00:00:00-04:00,357.4585196420149,359.05940750359,354.8264000766026,358.8138732910156,199000
2025-04-03 00:00:00-04:00,353.66747034790546,357.11475016070705,351.11390865411545,355.2978210449219,337500
2025-04-04 00:00:00-04:00,347.4505163340492,350.5639031007532,329.19259727128053,330.9997253417969,682900
2025-04-07 00:00:00-04:00,323.2801781537979,330.58727891927094,314.2838007603405,320.6087646484375,602000
2025-04-08 00:00:00-04:00,331.4318681565627,339.6720100969525,321.66942620179657,326.10870361328125,406500
2025-04-09 00:00:00-04:00,320.8248169242139,343.79698153731823,318.4774955397928,342.1568298339844,387400
2025-04-10 00:00:00-04:00,339.770254310528,340.5461208397354,329.1828202955902,335.301513671875,361900
2025-04-11 00:00:00-04:00,340.87023291903733,345.005020534203,331.1470844066992,343.2961120605469,383700
2025-04-14 00:00:00-04:00,348.0692818252191,352.61658008188476,345.4960881611938,346.71392822265625,337100
2025-04-15 00:00:00-04:00,338.7488274587603,348.6487538044749,338.7488274587603,343.6005859375,292700
2025-04-16 00:00:00-04:00,345.4666395511493,348.16751590869205,340.89970915924647,341.3907775878906,344200
2025-04-17 00:00:00-04:00,342.84431587278453,345.75146250742455,340.38897376595617,343.67913818359375,355900
2025-04-21 00:00:00-04:00,342.6184591519139,343.02113887242643,334.2800965969229,336.7452697753906,318800
2025-04-22 00:00:00-04:00,341.82289827013494,351.60497234878545,341.07646471530984,350.81927490234375,305300
2025-04-23 00:00:00-04:00,351.26120801135016,353.3237012123583,347.61748900544484,349.8371276855469,393700
2025-04-24 00:00:00-04:00,347.1755397200673,350.1219502208842,344.0818146886972,348.8451843261719,357500
2025-04-25 00:00:00-04:00,348.72732966148664,351.03535719482574,341.7934460744764,346.84161376953125,256100
2025-04-28 00:00:00-04:00,346.8415968621638,350.4165891178221,346.5175049135703,348.6880187988281,354700
2025-04-29 00:00:00-04:00,349.4148074358702,353.49069923751983,348.0987476870789,352.8719482421875,379600
2025-04-30 00:00:00-04:00,353.51032293400897,353.51032293400897,344.9853826854469,352.4201354980469,386800
2025-05-01 00:00:00-04:00,319.19447362108275,344.6121798853301,319.19447362108275,331.35333251953125,645000
2025-05-02 00:00:00-04:00,335.8907879121699,343.55144301592895,334.201511405644,342.1666564941406,366800
2025-05-05 00:00:00-04:00,340.6344979843943,343.5318135744364,338.13006109787017,341.155029296875,402800
2025-05-06 00:00:00-04:00,340.6639704912605,344.21933103470707,338.39523678495516,338.45416259765625,410800
2025-05-07 00:00:00-04:00,339.2300754612627,341.48900828939395,333.8185215842087,335.9399108886719,572100
2025-05-08 00:00:00-04:00,337.7077555794753,345.66306991084923,336.1952564663527,341.0077209472656,544800
2025-05-09 00:00:00-04:00,342.91306397523965,343.67912949430405,340.39879611921106,341.8229064941406,325200
2025-05-12 00:00:00-04:00,344.288034333166,348.42285173421897,336.5291598086262,341.587158203125,529700
2025-05-13 00:00:00-04:00,340.61485816600845,344.5728682357368,339.80949880382144,339.9666442871094,419600
2025-05-14 00:00:00-04:00,340.5461167329786,341.2336245067691,334.80064022354236,334.9086608886719,568000
2025-05-15 00:00:00-04:00,335.95954361888903,338.57203111329784,333.88721937751467,337.7470397949219,649800
2025-05-16 00:00:00-04:00,337.76668872458924,343.4434385362446,336.88277155134375,341.8621826171875,417200
2025-05-19 00:00:00-04:00,341.98007916505014,342.97201704871907,340.01580537311406,341.361328125,280200
2025-05-20 00:00:00-04:00,342.2550420567406,343.08983435684655,340.1827178279014,341.3023681640625,536500
2025-05-21 00:00:00-04:00,341.06664461490715,341.5871759335454,333.51401002871603,334.4470520019531,484000
2025-05-22 00:00:00-04:00,333.9265207836239,333.93635174306223,329.53636797324765,330.2926025390625,386800
2025-05-23 00:00:00-04:00,329.06494021159887,331.3926297272481,325.42122088364835,329.9390563964844,421500
2025-05-27 00:00:00-04:00,332.79705898779497,337.66844909882343,329.9685002225409,337.6193542480469,356500
2025-05-28 00:00:00-04:00,336.83893156928997,338.25159896917154,331.10921433814286,331.52410888671875,423900
2025-05-29 00:00:00-04:00,332.7787046613255,342.15374755859375,331.92913859896873,342.15374755859375,582000
2025-05-30 00:00:00-04:00,340.2767879792995,345.0383677957421,338.8739788895832,342.98358154296875,630800
2025-06-02 00:00:00-04:00,339.7926852021619,347.5772185346867,339.3777906669652,347.4784240722656,296000
2025-06-03 00:00:00-04:00,346.6288751267281,348.72318518292604,341.4424821459622,346.9647521972656,379700
2025-06-04 00:00:00-04:00,346.1942125409051,347.1820969437389,340.3459236110796,340.602783203125,326400
2025-06-05 00:00:00-04:00,342.07468688234303,342.07468688234303,334.4087251885495,339.6543884277344,343700
2025-06-06 00:00:00-04:00,344.3962189058662,344.3962189058662,340.0001518715217,341.98577880859375,186100
2025-06-09 00:00:00-04:00,342.0055756443226,342.7761242350482,328.49129476014207,336.4931640625,365100
2025-06-10 00:00:00-04:00,335.7325030886583,335.7917737379569,330.9412579514356,332.21563720703125,303500
2025-06-11 00:00:00-04:00,333.8752743377926,334.07286326655037,329.95337226986896,331.23760986328125,284900
2025-06-12 00:00:00-04:00,329.4693028154187,335.7522324977036,329.4693028154187,335.7028503417969,311300
2025-06-13 00:00:00-04:00,330.5658577291299,333.95429382804616,329.6866563308996,330.55596923828125,430400
2025-06-16 00:00:00-04:00,333.3023310316418,336.46354301198056,331.5438678638114,335.021240234375,328100
2025-06-17 00:00:00-04:00,333.7369507187649,333.9246511537305,326.1598947727468,328.9852294921875,525000
2025-06-18 00:00:00-04:00,328.1653097606965,331.2771394822019,327.1576785611899,328.86669921875,486600
2025-06-20 00:00:00-04:00,329.9731194469798,335.88067870806685,329.95337261321856,333.21337890625,1196900
2025-06-23 00:00:00-04:00,333.9938302692159,338.4491985217188,333.1640109981842,337.67864990234375,399400
2025-06-24 00:00:00-04:00,337.98489035116927,339.25926965256036,334.8039014172032,336.70062255859375,484200
2025-06-25 00:00:00-04:00,335.3768659328782,335.45591356781534,330.4275855801976,332.36383056640625,273300
2025-06-26 00:00:00-04:00,333.47025937254256,339.07157724808314,332.21565702376773,335.2978515625,216100
2025-06-27 00:00:00-04:00,333.2331424821419,336.8685495052515,331.0498964519265,332.6996765136719,499500
2025-06-30 00:00:00-04:00,332.95653045944243,336.9771966184538,330.94123806090136,335.73248291015625,387500
2025-07-01 00:00:00-04:00,335.9893410483081,338.2614932045022,332.9960525913967,336.7401428222656,554300
2025-07-02 00:00:00-04:00,336.8192056908539,336.8192056908539,326.1895596643772,329.9830322265625,473300
2025-07-03 00:00:00-04:00,331.4747068777617,333.98391129645626,329.854562152775,333.3912048339844,295300
2025-07-07 00:00:00-04:00,334.14198350884703,334.8927852410611,328.20481923268363,330.01263427734375,243600
2025-07-08 00:00:00-04:00,328.8074134352227,338.636874477884,326.0018255842983,337.2834777832031,520400
2025-07-09 00:00:00-04:00,339.9705452555996,340.82011135206534,335.426271074671,336.0683898925781,282600
2025-07-10 00:00:00-04:00,334.6458104417891,336.86855014214046,333.7962444050608,336.3252258300781,300700
2025-07-11 00:00:00-04:00,333.4109638545441,336.6116994602397,332.63052678664565,335.2385559082031,294100
2025-07-14 00:00:00-04:00,333.9049030891253,338.7455302700215,333.2331489811133,336.9179382324219,334700
2025-07-15 00:00:00-04:00,335.2583083369561,336.8191824988029,326.22906101979,326.2685546875,325000
2025-07-16 00:00:00-04:00,327.513301511154,330.69429036448696,324.77687268010504,327.8887023925781,298800
2025-07-17 00:00:00-04:00,326.3476275178537,330.2497529281013,325.5079197226884,329.9533996582031,211100
2025-07-18 00:00:00-04:00,330.3090171523463,331.36606070747416,328.45181978406896,329.03466796875,269600
2025-07-21 00:00:00-04:00,328.5505621555057,330.1608184613159,325.6857035849181,325.9721984863281,313600
2025-07-22 00:00:00-04:00,327.7306580286216,333.9049356855286,326.94036254767354,332.9367980957031,312700
2025-07-23 00:00:00-04:00,335.25828469182665,335.6040502208499,329.52856790283124,331.8006896972656,210600
2025-07-24 00:00:00-04:00,329.0642891639745,333.21338542280824,327.63184477057047,327.86895751953125,238100
2025-07-25 00:00:00-04:00,328.0467725777083,332.89728849053836,327.7207538502385,332.7787170410156,189700
2025-07-28 00:00:00-04:00,331.31665239200584,333.21337342838694,326.5056605144317,327.3354797363281,198400
2025-07-29 00:00:00-04:00,329.8249439284343,331.62290068537226,326.5056669751685,328.25421142578125,271500
2025-07-30 00:00:00-04:00,326.5056415307621,331.46480974036825,324.45082535501,328.5307922363281,575300
2025-07-31 00:00:00-04:00,336.9871195933718,346.6189924330353,331.06970172174863,331.7315673828125,702500
2025-08-01 00:00:00-04:00,330.74366339976393,337.8169188582622,324.01617348818854,327.3255920410156,318700
2025-08-04 00:00:00-04:00,328.3332192437539,329.3606273814514,321.0624050947244,322.0898132324219,506200
2025-08-05 00:00:00-04:00,324.91515937836067,326.53530419675076,321.2105930351569,323.9470520019531,420500
2025-08-06 00:00:00-04:00,326.14016518872825,327.78002673699524,321.78359143508965,324.5101318359375,326900
2025-08-07 00:00:00-04:00,325.3498402027496,326.12038881823634,321.6847975705609,324.17425537109375,263000
2025-08-08 00:00:00-04:00,326.00184919133966,328.5308308217241,324.32243366667285,325.80426025390625,245600
2025-08-11 00:00:00-04:00,325.50791323401637,326.61433895003455,324.3817105351723,326.3970031738281,227600
2025-08-12 00:00:00-04:00,327.6713689672719,328.2048349682553,322.5343581861723,324.2335205078125,281100
2025-08-13 00:00:00-04:00,324.55952136360725,332.8676320723436,324.55952136360725,332.679931640625,314300
2025-08-14 00:00:00-04:00,331.9390158679619,333.77646620926913,330.62511285597054,333.0355529785156,260800
2025-08-15 00:00:00-04:00,334.48776913610567,334.6458342548966,326.86130050451595,327.8195495605469,356000
2025-08-18 00:00:00-04:00,326.90081253442213,329.6471298102359,326.0018341618716,327.9479675292969,176400
2025-08-19 00:00:00-04:00,329.24208085555296,333.9839134732518,328.590073594748,333.69744873046875,193000
2025-08-20 00:00:00-04:00,334.1716392183858,340.42496424246286,334.1716392183858,339.3580322265625,305200
2025-08-21 00:00:00-04:00,339.8322096091004,345.00871385234973,339.8322096091004,343.843017578125,385000
2025-08-22 00:00:00-04:00,346.6288690895526,348.4860965101626,339.0715597644858,339.77294921875,260300
2025-08-25 00:00:00-04:00,338.54797760463634,339.3481615134742,336.2363017037295,337.1846923828125,202500
2025-08-26 00:00:00-04:00,336.0980069103004,337.47115044784255,333.7172020646851,334.6161804199219,278700
2025-08-27 00:00:00-04:00,335.19903360725294,341.5610111803274,333.4406006847471,339.1802062988281,252100
2025-08-28 00:00:00-04:00,338.55784551060816,339.85197162925033,334.4087492268144,335.76214599609375,224600
2025-08-29 00:00:00-04:00,337.1748137096805,340.63240902310605,337.1748137096805,337.7379150390625,220900
2025-09-02 00:00:00-04:00,337.3822491300294,341.80798182889674,335.81151664630187,341.1658630371094,445400
2025-09-03 00:00:00-04:00,337.8564287735065,345.5026435668625,336.96733893788024,344.30731201171875,507900
2025-09-04 00:00:00-04:00,345.75952757241805,347.4982137012333,340.7509466089592,341.07696533203125,341600
2025-09-05 00:00:00-04:00,339.43706593018794,341.0868158984875,335.2780812918921,335.88067626953125,195400
2025-09-08 00:00:00-04:00,334.6853523357265,336.1770372257937,330.5954965951796,335.46575927734375,298600
2025-09-09 00:00:00-04:00,335.643598782007,337.67863814560224,334.74462039939544,336.4832763671875,332400
2025-09-10 00:00:00-04:00,334.83354895147056,337.1649417202358,331.83037186228955,335.91033935546875,274000
2025-09-11 00:00:00-04:00,336.7994232881572,344.9198343110547,334.39887141715803,344.21844482421875,320400
2025-09-12 00:00:00-04:00,345.2754642742365,348.1798466368609,343.4478722212082,345.13714599609375,487600
2025-09-15 00:00:00-04:00,344.27767682778824,349.187462980141,335.49537097375935,335.72259521484375,317700
2025-09-16 00:00:00-04:00,330.7140320635585,332.7787067314949,323.38394709002085,326.62420654296875,386400
2025-09-17 00:00:00-04:00,327.26632391143943,334.665567992485,326.0018331584354,329.60760498046875,397000
2025-09-18 00:00:00-04:00,328.9951126722868,332.0773069156839,328.47153519052813,330.69427490234375,332200
2025-09-19 00:00:00-04:00,331.6920512585137,332.9269066671806,328.2443144569864,331.316650390625,1062700
2025-09-22 00:00:00-04:00,328.96550026983033,332.00817091118086,328.6197347054444,330.7733154296875,295500
2025-09-23 00:00:00-04:00,332.6404227608444,336.19681248486955,330.6251302259237,333.83575439453125,302300
2025-09-24 00:00:00-04:00,333.7764603702429,342.5192423697571,329.84470018910775,341.3535461425781,428200
2025-09-25 00:00:00-04:00,340.523726368768,344.91979336471354,337.8070445748849,341.02752685546875,409900
2025-09-26 00:00:00-04:00,343.3491012904235,347.68592829807903,339.8025998952425,344.88031005859375,359900
2025-09-29 00:00:00-04:00,344.6333342761815,344.6333342761815,339.1308411290265,341.3041687011719,346800
2025-09-30 00:00:00-04:00,341.5412756853717,346.6980333267228,340.3261670513858,345.98675537109375,234300
2025-10-01 00:00:00-04:00,347.0931844146662,351.97333568439115,344.08011895418394,349.24676513671875,230900
2025-10-02 00:00:00-04:00,345.8187876037565,350.74832078390034,344.40612024139057,346.7967834472656,196700
2025-10-03 00:00:00-04:00,346.1942077408624,354.6011135397234,346.1942077408624,352.52655029296875,247500
2025-10-06 00:00:00-04:00,355.63834627069554,360.1924784005895,354.52203219346984,357.179443359375,252500
2025-10-07 00:00:00-04:00,359.9751764434781,363.6105834511403,357.4955771901137,360.439453125,299900
2025-10-08 00:00:00-04:00,362.52392183816994,363.8279364182148,355.1049007077753,355.63836669921875,290100
2025-10-09 00:00:00-04:00,357.26838992754034,357.67342615233883,345.1272821184891,347.5080871582031,372000
2025-10-10 00:00:00-04:00,348.5848845751742,351.8251744389149,342.4402723787826,342.4896545410156,272600
2025-10-13 00:00:00-04:00,340.5928737413477,346.83631001832794,339.7828314932566,346.76715087890625,257800
2025-10-14 00:00:00-04:00,346.92521220981325,352.6549594197147,343.744223457303,352.4178466796875,242600
2025-10-15 00:00:00-04:00,350.2346157864288,354.1861529425774,341.5412461020362,344.3270568847656,304200
2025-10-16 00:00:00-04:00,338.83445485179993,342.08460291301486,334.8236466689556,336.72039794921875,355700
2025-10-17 00:00:00-04:00,336.6512446783698,348.3477923584456,336.6512446783698,344.90008544921875,463900
2025-10-20 00:00:00-04:00,345.8879257066504,348.4267955265118,343.20087927524423,346.697998046875,250000
2025-10-21 00:00:00-04:00,345.8088888544437,346.88570927682883,344.0899798113082,344.9296875,186000
2025-10-22 00:00:00-04:00,345.058123971821,349.29612601534404,342.77611359520483,344.19866943359375,231700
2025-10-23 00:00:00-04:00,345.3149670114167,347.9625200164903,342.56864968831826,345.0383605957031,212000
2025-10-24 00:00:00-04:00,345.3742374661876,346.1448162107809,341.4523654894015,344.7123718261719,152000
2025-10-27 00:00:00-04:00,344.44564949460636,345.71999859934886,339.11104988765163,339.8124694824219,234100
2025-10-28 00:00:00-04:00,321.1612077201199,321.1612077201199,298.7757447658431,301.2158203125,1557700
2025-10-29 00:00:00-04:00,303.28050736987893,310.5118283315737,300.909590866262,305.7008361816406,711200
2025-10-30 00:00:00-04:00,307.8544107949054,310.5908396443449,303.4286779677041,305.43408203125,672600
2025-10-31 00:00:00-04:00,309.0003604385584,313.15934519358314,305.3056523953658,310.7093811035156,638000
2025-11-03 00:00:00-05:00,308.07175321317857,313.7125646416519,306.1157312667272,309.6523742675781,484800
2025-11-04 00:00:00-05:00,309.7314006180518,314.581916732063,308.2199386632131,313.84100341796875,396200
2025-11-05 00:00:00-05:00,314.917766915457,320.440036727036,314.58188985950005,318.0888671875,605500
2025-11-06 00:00:00-05:00,317.110875128187,322.396062409891,314.6016404474604,315.7377014160156,508100
2025-11-07 00:00:00-05:00,316.6465820503476,324.7373576093646,316.6465820503476,322.1886291503906,598100
2025-11-10 00:00:00-05:00,320.5684718977493,324.9744276617907,317.97033123097947,324.628662109375,440900
2025-11-11 00:00:00-05:00,325.5474025752238,326.57478054681513,320.02513292353376,320.4992980957031,759500
2025-11-12 00:00:00-05:00,319.9460915806462,323.9964233435561,319.3434966132327,321.092041015625,552300
2025-11-13 00:00:00-05:00,322.8010805590944,326.36732837847325,320.3807519871252,323.522216796875,401700
2025-11-14 00:00:00-05:00,323.97668916711706,326.29819330377484,320.3511402869248,322.27752685546875,372400
2025-11-17 00:00:00-05:00,324.02606069619105,324.39157307515165,315.87601496221674,316.448974609375,378400
2025-11-18 00:00:00-05:00,316.824373308708,319.6201028301822,314.5917752355874,316.1427307128906,341200
2025-11-19 00:00:00-05:00,314.7300787974754,316.86391266103936,308.7039780922028,309.04974365234375,362800
2025-11-20 00:00:00-05:00,310.6501275413911,313.3273160369772,300.8601892814401,301.29486083984375,404900
2025-11-21 00:00:00-05:00,301.304748515216,311.58862895932856,301.12693655485253,307.56793212890625,603100
2025-11-24 00:00:00-05:00,306.96530783231674,308.9509348293834,302.98413519976674,306.2342529296875,617800
2025-11-25 00:00:00-05:00,308.6644968932974,313.06056444233406,307.97296574507874,310.2352294921875,364000
2025-11-26 00:00:00-05:00,307.4493583513624,311.2922126677261,307.4493583513624,308.2495422363281,320300
2025-11-28 00:00:00-05:00,307.6765898258434,312.3196281362532,307.6765898258434,310.482177734375,204000
2025-12-01 00:00:00-05:00,310.43275258712794,312.93209865862383,307.63705328495513,308.3088073730469,363400
2025-12-02 00:00:00-05:00,309.9289716886533,310.11667212922714,305.2859031289394,308.4273681640625,407900
2025-12-03 00:00:00-05:00,308.0816193501675,312.14183997479273,308.0816193501675,310.225341796875,337100
2025-12-04 00:00:00-05:00,311.41081380476277,314.00892448210817,308.93121428527064,309.9092102050781,329500
2025-12-05 00:00:00-05:00,308.43724780698466,310.6007169091465,305.9181548157297,306.2145080566406,366800
2025-12-08 00:00:00-05:00,305.6217621639455,306.23424560848935,303.12241608189106,304.66351318359375,366300
2025-12-09 00:00:00-05:00,305.7502082753972,308.63484386084707,303.6657867545627,306.79736328125,354800
2025-12-10 00:00:00-05:00,307.0344548399769,313.7026744396198,305.9082823178023,311.64788818359375,399300
2025-12-11 00:00:00-05:00,313.0012644375679,321.89222332059336,312.18133371673713,320.4499206542969,390600
2025-12-12 00:00:00-05:00,322.7319212049964,324.84597790933134,321.27973009236416,323.19622802734375,344500
2025-12-15 00:00:00-05:00,324.5990267847587,326.61431930218225,320.0942765560503,324.628662109375,462100
2025-12-16 00:00:00-05:00,323.7692314163828,324.54966855259806,319.7683115590364,323.38397216796875,543800
2025-12-17 00:00:00-05:00,322.05029684596286,326.9205594370174,321.1117946579822,324.6484375,400400
2025-12-18 00:00:00-05:00,322.23800764309743,329.97312905710305,318.55318806026196,328.4913024902344,415600
2025-12-19 00:00:00-05:00,328.1356977901739,330.83263315294226,326.3081055545033,327.2959899902344,1016600
2025-12-22 00:00:00-05:00,326.61431619569817,332.3045396506146,326.61431619569817,331.59326171875,288500
2025-12-23 00:00:00-05:00,332.2749308244386,334.66559423896825,330.7832157023558,332.9565734863281,485700
2025-12-24 00:00:00-05:00,333.99379343677464,334.7841189514384,331.16845885992035,332.1365661621094,159000
2025-12-26 00:00:00-05:00,329.617505074995,334.30995586898274,329.617505074995,333.44061279296875,184100
2025-12-29 00:00:00-05:00,333.02570357346696,336.5919820195894,332.51201452641027,335.91033935546875,248000
2025-12-30 00:00:00-05:00,336.92783831442796,338.3899180243754,336.07827223350915,337.12542724609375,202300
2025-12-31 00:00:00-05:00,336.6116994602397,338.5183391436755,335.1792852597893,335.2385559082031,244900
2026-01-02 00:00:00-05:00,334.0827359432498,335.8016752832475,329.55823869981657,330.4275817871094,411500
2026-01-05 00:00:00-05:00,330.9906417223914,339.16046464862455,329.3408917291468,337.1451721191406,396800
2026-01-06 00:00:00-05:00,336.86856054045643,337.8465563914917,327.1675290688837,328.2937316894531,393200
2026-01-07 00:00:00-05:00,327.97759103847795,331.69204569272745,324.1248482576535,327.41448974609375,317100
2026-01-08 00:00:00-05:00,328.8568237918837,336.29559147114713,327.0390901238424,334.0036926269531,366200
2026-01-09 00:00:00-05:00,332.69966949770554,334.9125206567883,328.35298465757757,329.1432800292969,288100
2026-01-12 00:00:00-05:00,326.6044214854323,331.7315435325204,323.2061271510573,324.4014587402344,402300
2026-01-13 00:00:00-05:00,322.4849709656161,324.381692042707,313.3667875240123,316.0439758300781,360300
2026-01-14 00:00:00-05:00,318.4346106810339,322.51457752322057,317.4862502270787,321.96136474609375,377800
2026-01-15 00:00:00-05:00,321.0525305561176,324.361949212786,316.2316500249256,317.3183288574219,305000
2026-01-16 00:00:00-05:00,315.9748264141729,318.1481539713853,314.2855525580606,314.9474182128906,278700
2026-01-20 00:00:00-05:00,312.3492604608997,317.812259604031,312.3492604608997,316.12298583984375,313600
2026-01-21 00:00:00-05:00,319.01748577677415,320.7364250455859,314.40408274699024,319.0273742675781,353000
2026-01-22 00:00:00-05:00,318.4543758045464,319.4027664608106,315.1350989511326,317.8023986816406,349000
2026-01-23 00:00:00-05:00,316.08347153765226,319.73865573056196,316.08347153765226,319.6497497558594,283700
2026-01-26 00:00:00-05:00,321.2698470791945,325.31029027760127,321.07228830647114,323.136962890625,199200
2026-01-27 00:00:00-05:00,321.9613921647085,321.97128065551783,318.2271905271759,320.0152587890625,241600
2026-01-28 00:00:00-05:00,319.165665482193,324.223658725115,317.2491975614947,320.9735107421875,303400
2026-01-29 00:00:00-05:00,324.84599724898953,327.8195387870839,321.4871964916224,325.6264343261719,357000
2026-01-30 00:00:00-05:00,323.8087316725119,328.4221648611137,322.73194134663936,327.2663269042969,294300
2026-02-02 00:00:00-05:00,324.65831480307116,327.89857414088124,323.19623516792586,327.7405090332031,274300
2026-02-03 00:00:00-05:00,326.71309379428584,332.72930550632054,325.3004264942036,325.8338623046875,348000
2026-02-04 00:00:00-05:00,329.04452490054786,335.61398032301435,322.65291158363567,329.38043212890625,633600
2026-02-05 00:00:00-05:00,330.1015234592389,330.1015234592389,302.38149319874526,321.9416198730469,878700
2026-02-06 00:00:00-05:00,322.5541190896072,328.81730206297937,322.5541190896072,324.4113464355469,399800
2026-02-09 00:00:00-05:00,322.65290694864086,326.5846976838323,316.13289407671164,318.2173156738281,407400
2026-02-10 00:00:00-05:00,318.0987434954612,328.7876588198266,318.0987434954612,326.47601318359375,482000
2026-02-11 00:00:00-05:00,325.66597699872415,329.2816375435243,323.4136017582729,328.3925476074219,362800
2026-02-12 00:00:00-05:00,328.5505797648999,333.9049264661821,327.0983884941778,332.0476989746094,633200
2026-02-13 00:00:00-05:00,330.53621527842114,333.94442828555736,327.59230911359276,333.9345397949219,451200
2026-02-17 00:00:00-05:00,336.3943636219724,344.00108507691084,333.8456352972581,341.8376159667969,587500
2026-02-18 00:00:00-05:00,341.44245486636834,342.9045043333283,337.3032172444064,341.32391357421875,396900
2026-02-19 00:00:00-05:00,340.3459095196848,344.08999969280285,336.4931665377166,338.7751770019531,291800
2026-02-20 00:00:00-05:00,340.85963959466585,340.85963959466585,333.1146295669114,338.3306579589844,318000
2026-02-23 00:00:00-05:00,338.26147102025504,341.38318906512063,333.18373118365304,333.67767333984375,359500
2026-02-24 00:00:00-05:00,332.92691311265486,338.0145114652912,330.14107202128736,335.534912109375,279000
2026-02-25 00:00:00-05:00,335.74237480432726,337.69839675260334,331.22776604779756,331.741455078125,427000
2026-02-26 00:00:00-05:00,334.7940136924008,337.5502195814921,331.61302475115315,333.72711181640625,355100
2026-02-27 00:00:00-05:00,334.9125541679872,334.9125541679872,327.83929833635983,331.4253234863281,369400
2026-03-02 00:00:00-05:00,330.63501612645143,337.17480571192465,330.63501612645143,335.5151672363281,375900
2026-03-03 00:00:00-05:00,330.9807961706206,335.2682108275481,321.5267352741772,331.0697021484375,468200
2026-03-04 00:00:00-05:00,330.05215337619757,331.87974537580754,327.4540128221587,330.06201171875,432300
2026-03-05 00:00:00-05:00,328.33320825188997,330.99061940461365,326.9897000880484,328.8074035644531,349500
2026-03-06 00:00:00-05:00,327.4441243317697,330.51646020693266,320.36101072525753,330.06201171875,341200
2026-03-09 00:00:00-04:00,327.21693450634064,327.86894177595764,321.65514095531586,324.075439453125,359200
2026-03-10 00:00:00-04:00,322.94928684229785,326.72301241590833,319.2447204108883,323.5321350097656,299800
2026-03-11 00:00:00-04:00,322.86038200704803,323.05794079538504,316.4588803377201,317.5850830078125,342700
2026-03-12 00:00:00-04:00,316.0340796609869,322.2972626960994,313.1790794760274,318.43463134765625,360300
2026-03-13 00:00:00-04:00,322.53011773909475,323.5639403590702,318.325297007572,318.4544982910156,232100
2026-03-16 00:00:00-04:00,320.0648937603091,323.97151108229593,318.60363601610754,318.6135559082031,265900
2026-03-17 00:00:00-04:00,322.2120470376902,324.9257897274439,320.09471131091897,320.581787109375,283500
2026-03-18 00:00:00-04:00,318.89190041123305,322.45062390476926,316.4763610974805,317.9574890136719,280000
2026-03-19 00:00:00-04:00,317.99725612076736,319.7964879688441,311.39676604704147,314.0806884765625,299200
2026-03-20 00:00:00-04:00,314.10057958394185,316.16819451260807,312.84806428581004,314.14031982421875,678900
2026-03-23 00:00:00-04:00,320.80047436296013,324.9357344742281,316.5857034366561,322.3710632324219,428500
2026-03-24 00:00:00-04:00,322.331313876195,326.09874914518986,321.4465930276165,321.8442077636719,345200
2026-03-25 00:00:00-04:00,324.4486552058665,325.64149943498325,321.61560086561605,322.0032653808594,237100
2026-03-26 00:00:00-04:00,322.0728626578078,324.63750358666056,319.2994489574907,321.9635314941406,412600
2026-03-27 00:00:00-04:00,322.1225648314408,322.5798506308327,314.8063560739147,316.0389709472656,233600
2026-03-30 00:00:00-04:00,318.762678127269,322.2418602357541,316.5459311771667,321.4068298339844,328800
2026-03-31 00:00:00-04:00,320.4227299129766,329.5083800909551,320.17421690376796,324.9059143066406,376100
2026-04-01 00:00:00-04:00,322.90786573949873,326.8542536092579,319.8362485314587,321.9436340332031,259200
2026-04-02 00:00:00-04:00,318.8024135001307,328.03716522121255,318.8024135001307,325.14447021484375,300800
2026-04-06 00:00:00-04:00,323.24583402441465,327.31150321432824,322.9973210152312,326.4665832519531,220300
2026-04-07 00:00:00-04:00,323.93174145024557,327.8781293603061,323.36512449274636,325.4327697753906,298600
2026-04-08 00:00:00-04:00,327.291643017971,332.09290115310097,325.9596168886884,331.2778015136719,323400
2026-04-09 00:00:00-04:00,329.3890787589587,337.17252344119504,329.3890787589587,333.6138000488281,281700
2026-04-10 00:00:00-04:00,333.0372714233348,337.70932839372324,325.45264910181976,327.907958984375,294300
2026-04-13 00:00:00-04:00,326.0987723061955,331.8543423363733,326.0192614877611,331.44677734375,348900
2026-04-14 00:00:00-04:00,330.6316527158752,340.9598685429618,328.36521515299717,339.2103271484375,544500
2026-04-15 00:00:00-04:00,339.2202688259584,347.54047979657906,338.1665760588345,343.5543212890625,384200
2026-04-16 00:00:00-04:00,344.2203532498053,347.17268914257045,341.50658014883953,342.3614807128906,352300
2026-04-17 00:00:00-04:00,341.8346313218678,350.65186834541566,341.7849105166382,349.39935302734375,344000
2026-04-20 00:00:00-04:00,348.3754604238243,353.1469282939133,347.8784344166938,348.5544128417969,311200
2026-04-21 00:00:00-04:00,352.0534704988941,352.0534704988941,347.023569655211,347.7392883300781,354800
2026-04-22 00:00:00-04:00,347.31187072090694,348.72340768602123,341.99368602679095,342.9479675292969,331000
2026-04-23 00:00:00-04:00,341.8047950678351,349.8268021950361,341.8047950678351,348.723388671875,330900
2026-04-24 00:00:00-04:00,347.4311291493105,348.69356428621296,341.1288430203584,341.33758544921875,230200
2026-04-27 00:00:00-04:00,339.43895105941095,343.9916960513531,339.43895105941095,341.47674560546875,253800
2026-04-28 00:00:00-04:00,345.0255158715955,347.431135134985,342.4707948707369,345.0056457519531,209800
2026-04-29 00:00:00-04:00,343.6338674082733,345.72138285227106,338.80275850438926,341.9638671875,349500
2026-04-30 00:00:00-04:00,333.74303679626604,358.7136202792317,332.271859127812,354.6380310058594,524400
2026-05-01 00:00:00-04:00,357.3120107116457,358.33588307876954,350.31387599697956,351.46697998046875,407600
2026-05-04 00:00:00-04:00,348.98187554362846,353.4153393839739,343.156714504339,345.4529724121094,370200
2026-05-05 00:00:00-04:00,348.4053079412869,350.9997996755915,345.24422957007374,347.6001281738281,336200
2026-05-06 00:00:00-04:00,349.4192507529632,352.2025843979679,348.0872246274208,349.8069152832031,267700
2026-05-07 00:00:00-04:00,349.0017315780222,352.8387882765908,345.7412420582732,349.637939453125,354100
2026-05-08 00:00:00-04:00,346.1189886940611,351.87455860717364,346.1189886940611,349.4291687011719,261700
2026-05-11 00:00:00-04:00,350.4629844138776,353.19662752090085,346.56631740951497,348.6935729980469,375200
2026-05-12 00:00:00-04:00,349.1309725353203,352.7791570145335,344.5782273596007,349.57830810546875,352000
2026-05-13 00:00:00-04:00,348.16673657227005,351.54650753388205,341.92409080306055,345.9002990722656,272700
2026-05-14 00:00:00-04:00,347.1428609681583,350.52263189872974,345.8804257752623,345.920166015625,309800
2026-05-15 00:00:00-04:00,347.0335068730641,349.93615229273786,345.72138118368196,349.57830810546875,343400
2026-05-18 00:00:00-04:00,349.270119226474,358.14702722816065,349.2303789858122,353.70361328125,370700
2026-05-19 00:00:00-04:00,354.0415821572105,359.12117357698065,349.9162722123914,354.9064025878906,365300
2026-05-20 00:00:00-04:00,356.54657987558517,357.9481968980088,353.4252722320515,356.28814697265625,255700
2026-05-21 00:00:00-04:00,354.3696047418932,357.4014816887142,351.5266304470625,354.3298645019531,356700
2026-05-22 00:00:00-04:00,354.3199161425427,356.07937735509427,350.23434643060267,350.6120910644531,192000
2026-05-26 00:00:00-04:00,351.8149020550106,355.01575075273473,349.1408997111326,350.11505126953125,219200
2026-05-27 00:00:00-04:00,350.3039315653906,353.5843214871961,340.7013852532956,341.2878723144531,238300
2026-05-28 00:00:00-04:00,343.7233273207348,343.7730177903551,331.09885375885887,331.24798583984375,376800
2026-05-29 00:00:00-04:00,328.2757465229088,330.6614957643632,320.1742282039833,322.1026916503906,786000
2026-06-01 00:00:00-04:00,320.08476322242853,325.3631772325346,318.5936851328831,322.9078674316406,476100
2026-06-02 00:00:00-04:00,322.5798327590554,325.59180918527306,318.8720077800103,318.8819580078125,424500
2026-06-03 00:00:00-04:00,318.3054094543677,321.9734640727203,314.8958180855012,316.22784423828125,541100
2026-06-04 00:00:00-04:00,320.30346276645196,325.1246214267129,316.9833324561027,317.5996398925781,739600
2026-06-05 00:00:00-04:00,319.4883322136718,333.70329514902596,318.3054078124425,332.42095947265625,724500
2026-06-08 00:00:00-04:00,329.2300528743271,332.52036275073044,328.5739748774528,328.9616394042969,528000
2026-06-09 00:00:00-04:00,330.0451620516541,333.71321666897643,328.8721878730363,329.8761901855469,468400
2026-06-10 00:00:00-04:00,328.7230871044396,338.3952248327419,328.7230871044396,334.5482177734375,304400
2026-06-11 00:00:00-04:00,337.55026006875875,338.4747211895911,333.77284409760546,334.25,358100
2026-06-12 00:00:00-04:00,339.4599914550781,339.9100036621094,333.6000061035156,339.3999938964844,403000
2026-06-15 00:00:00-04:00,337.70001220703125,342.1600036621094,337.5,338.6000061035156,340400
2026-06-16 00:00:00-04:00,340.8999938964844,344.739990234375,336.7300109863281,337.739990234375,370700
2026-06-17 00:00:00-04:00,336.2200012207031,342.8399963378906,332.57000732421875,337.5199890136719,492600
2026-06-18 00:00:00-04:00,335.45001220703125,339.4200134277344,333.7099914550781,335.6300048828125,1246900
2026-06-22 00:00:00-04:00,339.9599914550781,344.6499938964844,336.04998779296875,339.29998779296875,545100
2026-06-23 00:00:00-04:00,341.1400146484375,344.1600036621094,339.0400085449219,343.55999755859375,516600
2026-06-24 00:00:00-04:00,344.45001220703125,349.510009765625,343.45001220703125,345.739990234375,453100
2026-06-25 00:00:00-04:00,343.0,348.2300109863281,340.1700134277344,343.0199890136719,356400
2026-06-26 00:00:00-04:00,345.4200134277344,355.70001220703125,344.8999938964844,355.5199890136719,622300
2026-06-29 00:00:00-04:00,353.54998779296875,361.260009765625,352.1400146484375,360.7900085449219,435800
2026-06-30 00:00:00-04:00,360.6600036621094,360.8999938964844,356.7300109863281,357.2300109863281,383500
2026-07-01 00:00:00-04:00,360.0,364.17999267578125,357.3900146484375,359.92999267578125,444200
2026-07-02 00:00:00-04:00,361.3699951171875,372.3599853515625,357.8900146484375,371.3500061035156,389400
2026-07-06 00:00:00-04:00,370.0,374.260009765625,367.239990234375,372.92999267578125,414300
2026-07-07 00:00:00-04:00,375.0,379.2200012207031,373.19000244140625,373.2200012207031,307700
2026-07-08 00:00:00-04:00,369.7900085449219,376.4800109863281,369.7900085449219,371.2900085449219,286000
2026-07-09 00:00:00-04:00,367.20001220703125,375.489990234375,367.20001220703125,371.0,397200
2026-07-10 00:00:00-04:00,371.8900146484375,372.54998779296875,368.8599853515625,370.5799865722656,226700
2026-07-13 00:00:00-04:00,373.30999755859375,378.8599853515625,372.510009765625,377.8900146484375,271400
2026-07-14 00:00:00-04:00,374.3699951171875,377.7200012207031,371.239990234375,371.8500061035156,281700
2026-07-15 00:00:00-04:00,369.010009765625,370.510009765625,361.07000732421875,364.1300048828125,345600
2026-07-16 00:00:00-04:00,364.3800048828125,373.42999267578125,364.3800048828125,373.2200012207031,278100
2026-07-17 00:00:00-04:00,375.260009765625,385.69000244140625,375.260009765625,382.57000732421875,475100
2026-07-20 00:00:00-04:00,380.9200134277344,383.55999755859375,378.30999755859375,378.989990234375,444700
2026-07-21 00:00:00-04:00,377.75,379.29998779296875,374.0,377.0899963378906,426700
2026-07-22 00:00:00-04:00,378.32000732421875,378.32000732421875,372.1300048828125,373.07000732421875,384800
2026-07-23 00:00:00-04:00,370.7200012207031,376.5,369.4700012207031,375.55999755859375,409800
2026-07-24 00:00:00-04:00,376.7900085449219,386.8699951171875,376.2200012207031,385.1199951171875,313100
2026-07-27 00:00:00-04:00,385.0,390.5299987792969,385.0,389.3399963378906,319300
2026-07-28 00:00:00-04:00,393.1099853515625,401.07000732421875,392.8500061035156,398.70001220703125,324100
2026-07-29 00:00:00-04:00,395.67999267578125,399.8299865722656,391.94000244140625,393.8900146484375,458200
2026-07-30 00:00:00-04:00,378.6300048828125,388.9700012207031,368.3299865722656,375.3599853515625,692300
2026-07-31 00:00:00-04:00,369.1300048828125,376.6499938964844,368.9200134277344,374.1499938964844,433600
2026-08-03 00:00:00-04:00,374.30999755859375,379.0,370.19000244140625,372.04998779296875,357800
2026-08-04 00:00:00-04:00,365.0,370.3800048828125,364.3599853515625,369.2099914550781,338500
2026-08-05 00:00:00-04:00,373.739990234375,376.1199951171875,369.5400085449219,373.2799987792969,388900
2026-08-06 00:00:00-04:00,375.17999267578125,376.6300048828125,368.9700012207031,370.3500061035156,314800
2026-08-07 00:00:00-04:00,365.7900085449219,375.0400085449219,364.55999755859375,374.9599914550781,289600
2026-08-10 00:00:00-04:00,369.6199951171875,374.5199890136719,368.2300109863281,369.8999938964844,254900
2026-08-11 00:00:00-04:00,368.0899963378906,369.9800109863281,365.5899963378906,365.70001220703125,215700
2026-08-12 00:00:00-04:00,362.8599853515625,366.6499938964844,362.82000732421875,363.6700134277344,269300
2026-08-13 00:00:00-04:00,360.6300048828125,369.94000244140625,360.6300048828125,366.04998779296875,362900
2026-08-14 00:00:00-04:00,367.2300109863281,370.3500061035156,366.2900085449219,370.1099853515625,204400
2026-08-17 00:00:00-04:00,373.80999755859375,373.80999755859375,364.29998779296875,365.1499938964844,238500
2026-08-18 00:00:00-04:00,369.5299987792969,373.32000732421875,367.30999755859375,367.3800048828125,245800
2026-08-19 00:00:00-04:00,369.6199951171875,371.2099914550781,362.739990234375,363.92999267578125,239000
2026-08-20 00:00:00-04:00,362.7699890136719,370.489990234375,362.5799865722656,368.3599853515625,264500
2026-08-21 00:00:00-04:00,369.0,372.0,369.0,370.05999755859375,226700
2026-08-24 00:00:00-04:00,373.8900146484375,377.739990234375,372.69000244140625,376.7900085449219,237200
2026-08-25 00:00:00-04:00,376.6400146484375,377.07000732421875,372.489990234375,375.3900146484375,191000
2026-08-26 00:00:00-04:00,375.2099914550781,380.8500061035156,370.0,379.7799987792969,250200
2026-08-27 00:00:00-04:00,377.04998779296875,380.510009765625,372.6300048828125,377.6600036621094,259800
2026-08-28 00:00:00-04:00,381.989990234375,381.989990234375,376.4200134277344,377.6099853515625,265800
2026-08-31 00:00:00-04:00,375.9100036621094,377.44000244140625,373.6199951171875,374.6499938964844,452600
