Date,Open,High,Low,Close,Volume
2017-01-03 00:00:00-05:00,20.666243797416804,20.779684646631004,20.30590309994148,20.65289878845215,3757200
2017-01-04 00:00:00-05:00,20.679586971869416,20.87977734951672,20.646222545313844,20.666240692138672,3242000
2017-01-05 00:00:00-05:00,20.64622337025263,20.719625366161992,20.39932227645385,20.586166381835938,3947600
2017-01-06 00:00:00-05:00,20.492742836579556,20.846411612171558,20.492742836579556,20.773008346557617,3485000
2017-01-09 00:00:00-05:00,20.82639685960923,20.839743142306407,20.639553992935,20.69293785095215,4802300
2017-01-10 00:00:00-05:00,20.579491433245842,20.586164572791432,20.0990368409044,20.26586151123047,7195300
2017-01-11 00:00:00-05:00,20.23917468531579,20.646227403486254,20.23917468531579,20.506093978881836,5283000
2017-01-12 00:00:00-05:00,20.50609316232588,20.62620715784054,20.392652307981095,20.472728729248047,4247200
2017-01-13 00:00:00-05:00,20.446035911720998,20.499419767648277,20.292557485026506,20.42601776123047,3889300
2017-01-17 00:00:00-05:00,20.592841884692817,20.926491292946313,20.486074175873416,20.786357879638672,4092600
2017-01-18 00:00:00-05:00,20.73965087328821,20.83974545910162,20.45938526934762,20.52611541748047,3481500
2017-01-19 00:00:00-05:00,20.446036744542518,20.50609374400343,20.179117454033786,20.225828170776367,4519400
2017-01-20 00:00:00-05:00,20.252526180272426,20.365967068329006,19.95891424540153,20.045663833618164,4713900
2017-01-23 00:00:00-05:00,20.119066960513102,20.192470266428906,19.73203354592683,19.758726119995117,3936000
2017-01-24 00:00:00-05:00,19.798757867864587,19.91887187019533,19.691990148630953,19.73870086669922,3838100
2017-01-25 00:00:00-05:00,19.712007200627976,20.02563717903005,19.698660919137307,19.8855037689209,5785900
2017-01-26 00:00:00-05:00,19.872158197850123,19.972252760654733,19.79875492450008,19.898849487304688,5205200
2017-01-27 00:00:00-05:00,19.945562720706366,20.032312286139586,19.83212186244325,20.012292861938477,3356000
2017-01-30 00:00:00-05:00,20.112384894026903,20.112384894026903,19.758717353932518,19.898849487304688,4584500
2017-01-31 00:00:00-05:00,19.90553131239299,20.265873423028,19.852147437421728,20.232507705688477,4811400
2017-02-01 00:00:00-05:00,20.079021819900507,20.232500244749676,19.8254475527161,19.91219711303711,4357000
2017-02-02 00:00:00-05:00,19.952235718409355,20.018965859160872,19.765392851630992,19.9856014251709,5426500
2017-02-03 00:00:00-05:00,20.039635328049236,20.28278601664949,19.978847655899173,20.1882266998291,3374100
2017-02-06 00:00:00-05:00,20.249012867035965,20.36383387386832,20.134191860203607,20.18147087097168,4332700
2017-02-07 00:00:00-05:00,20.208492615827918,20.289543286528374,20.10718024364488,20.25577163696289,2773900
2017-02-08 00:00:00-05:00,20.28278500855984,20.309801034696836,20.147701013105493,20.289539337158203,4244000
2017-02-09 00:00:00-05:00,20.28953883762839,20.32330919153232,20.02612518180332,20.18147087097168,4046000
2017-02-10 00:00:00-05:00,20.167963300061768,20.613738666055543,20.13419165824017,20.56645965576172,3805500
2017-02-13 00:00:00-05:00,20.613744327007367,20.748827066620972,20.525939322414597,20.620498657226562,5644900
2017-02-14 00:00:00-05:00,20.627245872985274,20.694786575368504,20.370586566206253,20.50567054748535,2566500
2017-02-15 00:00:00-05:00,20.350328919491098,20.573216645275366,20.336821548425885,20.532691955566406,2828700
2017-02-16 00:00:00-05:00,20.519178835995163,20.694787504237517,20.444883802387675,20.6812801361084,3805300
2017-02-17 00:00:00-05:00,20.708300048291058,20.96495941477392,20.634003712479185,20.9446964263916,4410400
2017-02-21 00:00:00-05:00,20.883906598630784,21.174336294249017,20.829873256766216,21.16082763671875,5193500
2017-02-22 00:00:00-05:00,20.80960798424488,20.951446296216755,20.498916624721524,20.796100616455078,6792900
2017-02-23 00:00:00-05:00,20.91767581437612,21.356698142391537,20.91092148597904,21.201351165771484,5776100
2017-02-24 00:00:00-05:00,21.316175133776554,21.84975426871981,21.268896116684232,21.829492568969727,6126800
2017-02-27 00:00:00-05:00,21.849753982121086,21.849753982121086,21.45125886260281,21.485029220581055,4398200
2017-02-28 00:00:00-05:00,21.485024494810844,21.97808011533585,21.458008472021916,21.903783798217773,5503100
2017-03-01 00:00:00-05:00,21.674145252173062,21.674145252173062,21.20135253978792,21.316173553466797,7326100
2017-03-02 00:00:00-05:00,21.241876554277088,21.61335558814579,21.20810491321678,21.37020492553711,3980100
2017-03-03 00:00:00-05:00,21.397221368604942,21.444500375911137,21.16082504381765,21.437746047973633,3620200
2017-03-06 00:00:00-05:00,21.559322487236408,21.559322487236408,21.046005131795493,21.154071807861328,4357900
2017-03-07 00:00:00-05:00,21.086529116035997,21.221613100779976,20.958200747611208,21.059513092041016,4515700
2017-03-08 00:00:00-05:00,20.883905975285362,21.046005996040684,20.57996763120886,21.012235641479492,4198600
2017-03-09 00:00:00-05:00,20.971715789344877,21.971333519805057,20.964962747067357,21.0054874420166,4161100
2017-03-10 00:00:00-05:00,21.07978044413003,21.316176836734034,20.87040137102669,21.11355209350586,3846900
2017-03-13 00:00:00-04:00,21.093291162449436,21.24188385769137,20.890666399446392,21.0054874420166,2735100
2017-03-14 00:00:00-04:00,20.96495409382295,20.991970116552693,20.789345437182593,20.937936782836914,3435100
2017-03-15 00:00:00-04:00,20.998734133770615,21.417492341231938,20.95145510598533,21.336442947387695,3906400
2017-03-16 00:00:00-04:00,21.255385507809827,21.329681835427625,20.937939787704064,21.02574348449707,3865500
2017-03-17 00:00:00-04:00,21.086528193410533,21.262136850591535,21.066266498364918,21.181087493896484,8680700
2017-03-20 00:00:00-04:00,21.07303200947392,21.221623434442357,20.850144227892773,20.910930633544922,3960500
2017-03-21 00:00:00-04:00,20.890657841183916,21.275645506126143,20.80960719623257,21.181087493896484,4362900
2017-03-22 00:00:00-04:00,21.275646673774645,21.48502569302699,21.18108865635546,21.214859008789062,4159400
2017-03-23 00:00:00-04:00,21.20135505542324,21.275651393165308,21.012238978634915,21.073026657104492,3360400
2017-03-24 00:00:00-04:00,21.20810050878158,21.295905469046925,21.100033856344325,21.16757583618164,3171000
2017-03-27 00:00:00-04:00,21.27564748988297,21.33643515720029,20.985217810090525,21.201351165771484,2457600
2017-03-28 00:00:00-04:00,21.140566629160578,21.37020867564339,21.106796270430532,21.349946975708008,2877600
2017-03-29 00:00:00-04:00,21.302660060506057,21.51203904117241,21.20810077225663,21.322921752929688,3458700
2017-03-30 00:00:00-04:00,21.26889459983581,21.275648928689666,21.09328591440505,21.18784523010254,3646400
2017-03-31 00:00:00-04:00,21.22161265187585,21.566075646255797,21.194595340196017,21.491779327392578,5805900
2017-04-03 00:00:00-04:00,21.424239200107493,21.437747857122506,21.093284832778306,21.24863052368164,3753600
2017-04-04 00:00:00-04:00,21.268895903503214,21.49178361631627,21.066271178493743,21.43099594116211,3992500
2017-04-05 00:00:00-04:00,21.363450009221893,21.51879697731008,21.30941667326924,21.464763641357422,2590500
2017-04-06 00:00:00-04:00,21.383713803774995,21.491780479776192,21.343189122338647,21.451255798339844,3060700
2017-04-07 00:00:00-04:00,21.539059502377913,21.572831143808735,21.140563151288998,21.154071807861328,5747600
2017-04-10 00:00:00-04:00,21.154077582677605,21.35670362180789,21.07302819763089,21.34319496154785,3235300
2017-04-11 00:00:00-04:00,21.289159843664777,21.37696355156164,21.16083015834785,21.235126495361328,2588300
2017-04-12 00:00:00-04:00,21.208108634877277,21.37020867564339,21.113550599827864,21.349946975708008,2718700
2017-04-13 00:00:00-04:00,21.349942289041334,21.424237319589764,21.113545965054104,21.12030029296875,3432200
2017-04-17 00:00:00-04:00,21.14056757601121,21.255388604395257,20.978467527984908,21.22837257385254,3007100
2017-04-18 00:00:00-04:00,21.241875170553943,21.322924527306256,21.086528208308795,21.255382537841797,2988700
2017-04-19 00:00:00-04:00,21.241884508938323,21.26214621290573,20.78935465531788,20.836633682250977,4920400
2017-04-20 00:00:00-04:00,20.83662547919548,20.843379807277827,20.64750815765877,20.708295822143555,4598900
2017-04-21 00:00:00-04:00,20.69478791132004,20.823117572993873,20.640754572971545,20.67452621459961,4208200
2017-04-24 00:00:00-04:00,20.66777230047825,20.76908465088004,20.370588289477435,20.742067337036133,5218400
2017-04-25 00:00:00-04:00,20.661017557948384,20.823117572993873,20.573212577971823,20.67452621459961,4051000
2017-04-26 00:00:00-04:00,20.6677723532412,21.03925140174825,20.586721699758996,20.613739013671875,5786100
2017-04-27 00:00:00-04:00,20.613739013671875,20.76233037542341,20.559705674102553,20.613739013671875,4538600
2017-04-28 00:00:00-04:00,20.721806958326198,20.870398329152458,19.80999317018347,20.22199821472168,9610000
2017-05-01 00:00:00-04:00,20.24900817638367,20.276025483853434,19.864020562732396,19.897790908813477,6328500
2017-05-02 00:00:00-04:00,19.945081064854648,20.073409474059037,19.566846302680382,19.607372283935547,7207000
2017-05-03 00:00:00-04:00,19.61421143540916,19.88777060585728,19.292778268753725,19.798864364624023,8991800
2017-05-04 00:00:00-04:00,19.75782714029992,19.880929078340756,19.682599192722744,19.744150161743164,4818600
2017-05-05 00:00:00-04:00,19.771506798983804,19.901447887560703,19.68943970420162,19.716794967651367,4303700
2017-05-08 00:00:00-04:00,19.750984463995447,19.915121221629782,19.627883852418638,19.874086380004883,4652000
2017-05-09 00:00:00-04:00,19.79202629112273,19.96984008762461,19.662085188980377,19.66892433166504,6631600
2017-05-10 00:00:00-04:00,19.71679046917941,19.833053247289104,19.59368855065943,19.73046875,3227700
2017-05-11 00:00:00-04:00,19.730472029445007,19.74415031253909,19.566336545614593,19.703115463256836,4804400
2017-05-12 00:00:00-04:00,19.737306254204224,19.77150064898835,19.538975112045144,19.641559600830078,2578900
2017-05-15 00:00:00-04:00,19.62105125960513,19.8740930119011,19.62105125960513,19.785186767578125,4446500
2017-05-16 00:00:00-04:00,19.744147990789433,19.80569764860934,19.552655963288736,19.62104606628418,3272800
2017-05-17 00:00:00-04:00,19.621050105477565,19.75782903519307,19.470591587027627,19.55265998840332,2710200
2017-05-18 00:00:00-04:00,19.443232139188545,19.716791244189857,19.24490097279215,19.25857925415039,5121900
2017-05-19 00:00:00-04:00,19.251742487760875,19.320132598553833,19.101285287562657,19.31329345703125,4897000
2017-05-22 00:00:00-04:00,19.27225947988882,19.518463351445888,19.27225947988882,19.4500732421875,3050700
2017-05-23 00:00:00-04:00,19.45007629779419,19.593694375809655,19.409041443132878,19.49110984802246,3222600
2017-05-24 00:00:00-04:00,19.525303880622936,19.62105056855982,19.429558497119068,19.607372283935547,2678700
2017-05-25 00:00:00-04:00,19.57317682353479,19.81254026941382,19.54582025575836,19.73731231689453,3512300
2017-05-26 00:00:00-04:00,19.757827682984253,19.81253951201262,19.59369219589915,19.778345108032227,2475900
2017-05-30 00:00:00-04:00,19.74414635393014,20.12028993257237,19.689434536956135,19.962993621826172,3148500
2017-05-31 00:00:00-04:00,19.921963128891655,20.09293775730602,19.86725129997637,19.9971923828125,3308900
2017-06-01 00:00:00-04:00,19.990349768162346,20.10661254746276,19.87408698886193,20.099773406982422,2940100
2017-06-02 00:00:00-04:00,20.236555379057506,20.263910638940636,20.05874162430243,20.140810012817383,2794700
2017-06-05 00:00:00-04:00,20.065581478096405,20.140810728204467,19.867250293059815,19.90828514099121,2830200
2017-06-06 00:00:00-04:00,19.949315618551235,19.99718829601432,19.79885844589116,19.874086380004883,4209200
2017-06-07 00:00:00-04:00,19.887768944203827,20.0245491702162,19.887768944203827,19.928802490234375,2805000
2017-06-08 00:00:00-04:00,19.928801764371556,19.928801764371556,19.6005307992179,19.744150161743164,3636000
2017-06-09 00:00:00-04:00,19.73047137992032,19.90828514099121,19.62104772763559,19.90828514099121,2933800
2017-06-12 00:00:00-04:00,19.928803578046985,20.263913715193066,19.908287456128292,20.181846618652344,4892900
2017-06-13 00:00:00-04:00,20.10661383560788,20.133970399281854,19.853572143787403,20.086097717285156,3483600
2017-06-14 00:00:00-04:00,20.24339614846504,20.387014209377508,20.127133349636093,20.236557006835938,3415200
2017-06-15 00:00:00-04:00,20.181839075534572,20.38700804463588,20.133966403039768,20.37333106994629,3829300
2017-06-16 00:00:00-04:00,20.41436814975178,20.722121656874037,20.393850727503878,20.469079971313477,12165600
2017-06-19 00:00:00-04:00,20.516951488660983,20.612696844856288,20.277586793740074,20.42804527282715,3720400
2017-06-20 00:00:00-04:00,20.414366992104206,20.516951488660983,20.400688711381264,20.42804527282715,2884800
2017-06-21 00:00:00-04:00,20.393850472142283,20.400689612805948,19.915122365580036,20.12713050842285,5344300
2017-06-22 00:00:00-04:00,20.092932755652843,20.298103041337605,19.93563644973066,19.956153869628906,2940800
2017-06-23 00:00:00-04:00,19.93564276103452,20.051905568399714,19.689440166474622,19.771507263183594,4799500
2017-06-26 00:00:00-04:00,19.83989244616544,20.66056973132936,19.819375024874095,20.578502655029297,7131300
2017-06-27 00:00:00-04:00,20.530628814616172,20.60585674622862,20.23655231491204,20.325458526611328,5086100
2017-06-28 00:00:00-04:00,20.39384985442008,20.578502733447866,19.88092606007578,19.901443481445312,4798600
2017-06-29 00:00:00-04:00,19.764659394520077,19.874083011441094,19.641557499375836,19.70994758605957,4171900
2017-06-30 00:00:00-04:00,19.744148312885397,20.127131069701854,19.716791749467852,19.94247817993164,5200000
2017-07-03 00:00:00-04:00,19.99718829601432,20.13396849256539,19.86040940389588,19.874086380004883,1929100
2017-07-05 00:00:00-04:00,19.90144518363012,20.079258937409932,19.78518239479073,19.976673126220703,4757600
2017-07-06 00:00:00-04:00,19.95615869396076,20.127133321147628,19.928802127483074,20.04506492614746,4930600
2017-07-07 00:00:00-04:00,20.04506377057925,20.127132160848298,19.90828485937459,20.004030227661133,3148500
2017-07-10 00:00:00-04:00,19.9971922392444,20.263912240237392,19.983513956005556,20.04506492614746,3805000
2017-07-11 00:00:00-04:00,20.072418348961094,20.092934466173315,19.915122029648202,20.024545669555664,4665400
2017-07-12 00:00:00-04:00,20.195517492602317,20.42120388192831,20.175000073779046,20.33229637145996,3707300
2017-07-13 00:00:00-04:00,20.33230032495262,20.400690429895732,20.092935609868093,20.284427642822266,5687400
2017-07-14 00:00:00-04:00,20.455401136735638,20.97516407973458,20.421206738346406,20.653732299804688,7637400
2017-07-17 00:00:00-04:00,20.660568166810187,20.838381891238942,20.537467561681872,20.68108558654785,5336000
2017-07-18 00:00:00-04:00,20.735799507787988,20.838384008031877,20.640054148151382,20.82470703125,3770200
2017-07-19 00:00:00-04:00,20.886259133796624,21.173495228404988,20.776834182532266,21.0845890045166,7007000
2017-07-20 00:00:00-04:00,21.132465909783907,21.460736915876026,20.9956869761287,21.358152389526367,7000500
2017-07-21 00:00:00-04:00,21.31027484770477,21.775325986048163,21.25556302580747,21.70693588256836,7311200
2017-07-24 00:00:00-04:00,21.70693624971807,21.713775390625,21.36498703096807,21.371826171875,5705900
2017-07-25 00:00:00-04:00,21.37182887851796,21.447058133588875,21.09826972975951,21.111948013305664,4536100
2017-07-26 00:00:00-04:00,21.1051115450069,21.26924705505371,20.96833130108468,21.26924705505371,5624300
2017-07-27 00:00:00-04:00,21.2350459626019,21.481249817520382,21.0640713532269,21.371826171875,5909200
2017-07-28 00:00:00-04:00,21.28975350682636,22.124108963300294,21.241880834531568,21.98733139038086,10070800
2017-07-31 00:00:00-04:00,21.953139996846378,21.98049656196528,21.672743030974605,21.823200225830078,5072100
2017-08-01 00:00:00-04:00,21.891584518275952,21.9462976372383,21.754805634167745,21.83687400817871,4034900
2017-08-02 00:00:00-04:00,21.747965975685794,22.08991513445087,21.624865374253687,22.028364181518555,4887500
2017-08-03 00:00:00-04:00,22.083703942249024,22.180531535219338,21.91079677241516,22.173616409301758,5394900
2017-08-04 00:00:00-04:00,22.014537937668944,22.25660820768253,21.97995703588565,22.18052864074707,3875900
2017-08-07 00:00:00-04:00,22.132111158283173,22.180524940373658,21.966120482897246,21.98686981201172,3599400
2017-08-08 00:00:00-04:00,21.938454812726373,22.17360991958701,21.917706802692074,22.097530364990234,3422200
2017-08-09 00:00:00-04:00,22.14594667648103,22.14594667648103,21.834713298655874,21.86237907409668,3041600
2017-08-10 00:00:00-04:00,21.883124245833624,22.25660425074206,21.848543350198376,22.15977668762207,4237900
2017-08-11 00:00:00-04:00,22.06986684073471,22.305020652371372,21.986872153790458,22.24968910217285,3904700
2017-08-14 00:00:00-04:00,22.484840264341543,22.533256684236935,22.28427001438962,22.464092254638672,3564500
2017-08-15 00:00:00-04:00,22.33268719785308,22.65083570740876,22.31193654663606,22.616254806518555,2957400
2017-08-16 00:00:00-04:00,22.616252708227105,22.740746050564493,22.505592252633136,22.60933494567871,3787100
2017-08-17 00:00:00-04:00,22.602424498385925,22.82374545536968,22.574758719174476,22.581676483154297,4429600
2017-08-18 00:00:00-04:00,22.567842875118153,22.879076285454275,22.471015289314433,22.70616912841797,3306000
2017-08-21 00:00:00-04:00,22.73382883049687,22.84448928873145,22.65083414640929,22.768409729003906,2855500
2017-08-22 00:00:00-04:00,22.75457763671875,22.837572314082134,22.63699942529683,22.75457763671875,2610700
2017-08-23 00:00:00-04:00,22.754577765276725,22.83757244310901,22.623166667159595,22.775325775146484,2469300
2017-08-24 00:00:00-04:00,22.747661974567695,22.809908647924985,22.574754841725614,22.595502853393555,2770800
2017-08-25 00:00:00-04:00,22.650833605908964,22.768409185697955,22.519425139376555,22.60933494567871,3779600
2017-08-28 00:00:00-04:00,22.66466725630682,22.747661941210346,22.56092192141232,22.685415267944336,2285900
2017-08-29 00:00:00-04:00,22.76149969888376,22.809913495299767,22.5540116230503,22.588592529296875,2394000
2017-08-30 00:00:00-04:00,22.60242208290522,22.699249661443584,22.505594504366858,22.547090530395508,3458100
2017-08-31 00:00:00-04:00,22.56783742614871,22.63699921692269,22.484840111196092,22.53325653076172,3853300
2017-09-01 00:00:00-04:00,22.581672863573896,22.643919537645278,22.408765728748225,22.422595977783203,2581900
2017-09-05 00:00:00-04:00,22.58858591101992,22.58858591101992,22.29118545539813,22.491758346557617,3226800
2017-09-06 00:00:00-04:00,22.547085702804953,22.588584358301897,22.305016808288784,22.339597702026367,2388200
2017-09-07 00:00:00-04:00,22.381100888700672,22.526342254815287,22.173612845914988,22.21510887145996,4814000
2017-09-08 00:00:00-04:00,22.228931890138693,22.28426341743716,21.95919729043976,22.277345657348633,4649800
2017-09-11 00:00:00-04:00,22.249692269995375,22.533262547606114,22.23586201883018,22.484846115112305,3403500
2017-09-12 00:00:00-04:00,22.484839785407342,22.49867267103235,21.827793548338434,21.96611976623535,3336000
2017-09-13 00:00:00-04:00,21.89695617437499,21.938453511158254,21.592639293219072,21.772462844848633,5821100
2017-09-14 00:00:00-04:00,21.724052960354022,21.883127212524414,21.5373129325835,21.883127212524414,3859100
2017-09-15 00:00:00-04:00,21.64797287826815,21.890043132265756,21.62722486624165,21.869295120239258,5434200
2017-09-18 00:00:00-04:00,21.869291156609542,21.92462137727998,21.33673695817124,21.613388061523438,4440100
2017-09-19 00:00:00-04:00,21.641058013266704,21.72405270072162,21.551145562817645,21.696388244628906,3938900
2017-09-20 00:00:00-04:00,21.73096601200655,21.76554690693178,21.392068228868297,21.57189178466797,3658300
2017-09-21 00:00:00-04:00,21.6064723580293,21.737882131307277,21.509644798338456,21.544225692749023,2445800
2017-09-22 00:00:00-04:00,21.60647299655354,21.64105521116266,21.35748632807427,21.364402770996094,2699300
2017-09-25 00:00:00-04:00,21.371318847662728,21.530393074608718,21.288324172376377,21.51656150817871,3211500
2017-09-26 00:00:00-04:00,21.447401753062447,21.48198265330976,21.281411057357122,21.322908401489258,4357900
2017-09-27 00:00:00-04:00,21.212247611268772,21.281410729875894,20.769605762866014,20.790353775024414,5710000
2017-09-28 00:00:00-04:00,20.748861743546286,20.97709916995821,20.61745191646757,20.79727554321289,3703200
2017-09-29 00:00:00-04:00,20.859517214620606,21.40590440893031,20.81801987048847,21.322908401489258,7725700
2017-10-02 00:00:00-04:00,21.3851600150158,21.516569840815762,21.198419944538553,21.336746215820312,4121400
2017-10-03 00:00:00-04:00,21.31599465077312,21.564981385377717,21.198417728229497,21.454320907592773,3659200
2017-10-04 00:00:00-04:00,21.447398557308663,21.72404967559534,21.336738109993995,21.682552337646484,3514600
2017-10-05 00:00:00-04:00,21.710219495831012,21.807048388682464,21.59264259100741,21.66872215270996,3345300
2017-10-06 00:00:00-04:00,21.592643823348542,21.730970067215633,21.426653122214123,21.703304290771484,4478900
2017-10-09 00:00:00-04:00,21.703297381425852,21.786293365159317,21.63413560068711,21.72404670715332,2433100
2017-10-10 00:00:00-04:00,21.730973864429718,21.890048149249324,21.70330808315132,21.84855079650879,3519600
2017-10-11 00:00:00-04:00,21.8277958855278,22.04911680251932,21.8277958855278,22.014535903930664,4329300
2017-10-12 00:00:00-04:00,22.04220340759276,22.519427496784576,21.97304028581213,22.443347930908203,4196700
2017-10-13 00:00:00-04:00,22.484836638768993,22.692327255753696,22.325762433872768,22.471006393432617,4332900
2017-10-16 00:00:00-04:00,22.41568539172755,22.498680094508675,22.159783519112565,22.173616409301758,5436900
2017-10-17 00:00:00-04:00,22.2427739775748,22.318853539921,22.118280627981655,22.24968910217285,3881200
2017-10-18 00:00:00-04:00,22.21510567003006,22.270437213920978,21.986869647363097,22.125194549560547,3909300
2017-10-19 00:00:00-04:00,22.222022135647965,22.346515463785728,22.0698630371789,22.339597702026367,3206700
2017-10-20 00:00:00-04:00,22.298108304118703,22.325771444308785,22.076786033297996,22.222028732299805,3053800
2017-10-23 00:00:00-04:00,22.256609636302798,22.27044252557477,22.152864285939962,22.222028732299805,1944700
2017-10-24 00:00:00-04:00,22.208189160043652,22.228937168531097,22.06294650474889,22.13902473449707,2671300
2017-10-25 00:00:00-04:00,22.062946983213884,22.111360762969877,21.675635425989352,22.028366088867188,4901000
2017-10-26 00:00:00-04:00,22.125197034715445,22.249689064923405,21.896959667235702,21.979955673217773,3028600
2017-10-27 00:00:00-04:00,22.201271488722956,22.471008791923495,21.869291478983143,22.339597702026367,5708800
2017-10-30 00:00:00-04:00,22.401847708883533,22.616253503414963,22.31193526106668,22.595502853393555,6294900
2017-10-31 00:00:00-04:00,22.623169666107046,22.9067372714478,22.595503890377802,22.789161682128906,3714700
2017-11-01 00:00:00-04:00,22.775328168404595,22.789161055889092,22.477927683371703,22.519426345825195,3430800
2017-11-02 00:00:00-04:00,22.540175405508613,22.637002984046973,22.325769597063925,22.547090530395508,2867200
2017-11-03 00:00:00-04:00,22.51942656239524,22.73382972458307,22.4502621243076,22.650835037231445,3110200
2017-11-06 00:00:00-05:00,22.67880893481083,23.259239593216893,22.650835665864626,22.916576385498047,5491100
2017-11-07 00:00:00-05:00,22.944546899725612,23.23825818536455,22.87461373575627,23.17531967163086,4937700
2017-11-08 00:00:00-05:00,23.133369352860072,23.699813478031597,23.105396078914307,23.587923049926758,4221500
2017-11-09 00:00:00-05:00,23.476021129250356,23.76973502653825,23.434061238872964,23.496999740600586,3248000
2017-11-10 00:00:00-05:00,23.336163293021723,23.76274628096439,23.336163293021723,23.69281578063965,3961500
2017-11-13 00:00:00-05:00,23.67882838810292,24.12638997826258,23.657849772213407,23.923587799072266,4124200
2017-11-14 00:00:00-05:00,23.867638340797342,24.518001957735617,23.867638340797342,24.51100730895996,5251500
2017-11-15 00:00:00-05:00,24.559964383337917,24.629897547527207,24.077437554980314,24.32219696044922,5353000
2017-11-16 00:00:00-05:00,24.308213710853597,24.378146884776257,24.182339333148438,24.22429656982422,1862200
2017-11-17 00:00:00-05:00,24.175340473165235,24.490033031836973,24.126388593780447,24.231287002563477,4260700
2017-11-20 00:00:00-05:00,24.231287227337926,24.287231089577762,24.091423570222265,24.161354064941406,3077600
2017-11-21 00:00:00-05:00,24.189330374909417,24.189330374909417,23.902611042184233,23.937576293945312,3256400
2017-11-22 00:00:00-05:00,23.958554507708435,24.056460945738298,23.860650737356238,23.944570541381836,2856700
2017-11-24 00:00:00-05:00,23.96554716891035,24.07044291371732,23.727779745932807,23.734771728515625,2533200
2017-11-27 00:00:00-05:00,23.80470489273105,23.81869152557413,23.587916085179405,23.734771728515625,4417100
2017-11-28 00:00:00-05:00,23.713795580091926,23.748760831998432,23.33616445707512,23.455049514770508,6057800
2017-11-29 00:00:00-05:00,23.37112107330247,23.60189645243332,23.34315048271909,23.545949935913086,4447100
2017-11-30 00:00:00-05:00,23.573931638935097,23.944570774461834,23.54595837065427,23.874637603759766,4660200
2017-12-01 00:00:00-05:00,23.97953344375933,24.007506709027883,23.26623118547569,23.60889434814453,4432200
2017-12-04 00:00:00-05:00,23.650854654574804,23.650854654574804,22.734750208786156,22.78370475769043,8799800
2017-12-05 00:00:00-05:00,22.78370682098252,22.90258920967723,22.545939375915406,22.622861862182617,5046100
2017-12-06 00:00:00-05:00,22.692793074099207,22.77671020403296,22.476004265119766,22.6368465423584,3343200
2017-12-07 00:00:00-05:00,22.62985490172928,22.895595596159275,22.52495648696869,22.881608963012695,4849000
2017-12-08 00:00:00-05:00,22.874618242124253,22.986508658840513,22.741749205923057,22.958538055419922,3548200
2017-12-11 00:00:00-05:00,22.93755224948996,23.23825818536455,22.93755224948996,23.17531967163086,4390600
2017-12-12 00:00:00-05:00,23.112385739487642,23.26623606304066,22.83965301513672,22.83965301513672,4266900
2017-12-13 00:00:00-05:00,22.895600514487082,22.90958448296013,22.56692123413086,22.56692123413086,4284600
2017-12-14 00:00:00-05:00,22.482998342032612,22.580902102404686,22.32215473505731,22.462017059326172,4042800
2017-12-15 00:00:00-05:00,22.53194837885836,22.664817375967832,22.210262525063882,22.259214401245117,7756100
2017-12-18 00:00:00-05:00,22.35013174645814,22.378105017973326,21.96550859999732,22.03544044494629,4881100
2017-12-19 00:00:00-05:00,22.00746801796573,22.056421244995885,21.64382481118653,21.68578338623047,4921800
2017-12-20 00:00:00-05:00,21.66479578312622,21.762700868782506,21.39206314086914,21.39206314086914,3340100
2017-12-21 00:00:00-05:00,21.30115137089106,21.608850591539163,21.16128905884271,21.39206314086914,3600300
2017-12-22 00:00:00-05:00,21.420038763440935,21.53193049974838,21.23821785980852,21.315141677856445,2657000
2017-12-26 00:00:00-05:00,21.32913175627305,21.44801549482551,21.18926806367991,21.20325469970703,1908200
2017-12-27 00:00:00-05:00,21.238221289774827,21.31514512024593,21.140316171424022,21.20325469970703,2258400
2017-12-28 00:00:00-05:00,21.21024048303422,21.32213086382539,21.105343417772318,21.294158935546875,1932000
2017-12-29 00:00:00-05:00,21.31514268336964,21.475984977775965,21.259197479496184,21.413047790527344,2323400
2018-01-02 00:00:00-05:00,21.48297991484832,21.580885029388256,21.245212446998284,21.55291175842285,4084400
2018-01-03 00:00:00-05:00,21.44101760131147,21.685778344198148,21.133318343572817,21.245208740234375,3772800
2018-01-04 00:00:00-05:00,21.238221289774827,21.517947341122078,21.16828944347826,21.20325469970703,3195400
2018-01-05 00:00:00-05:00,21.217238777778604,21.371087754011764,21.035416532863668,21.056396484375,4564300
2018-01-08 00:00:00-05:00,21.056397341630785,21.378081941534536,21.049404024175626,21.25220489501953,6862800
2018-01-09 00:00:00-05:00,21.245207939429054,21.364091648130664,20.993455223349354,21.021427154541016,4145300
2018-01-10 00:00:00-05:00,20.979465108312077,21.175273929504836,20.74169773037746,20.853588104248047,4755200
2018-01-11 00:00:00-05:00,20.860588995702578,21.231226827409905,20.804643788448544,21.147308349609375,5618400
2018-01-12 00:00:00-05:00,21.10535612200872,21.231233209629345,20.972485714649242,21.028430938720703,3989100
2018-01-16 00:00:00-05:00,21.11233848263828,21.15429704545195,20.75568736412539,20.92352294921875,4599200
2018-01-17 00:00:00-05:00,20.909536317001304,21.161290361560674,20.769673996342835,20.92352294921875,4773100
2018-01-18 00:00:00-05:00,20.881569443072106,20.93052133384866,20.524918238192797,20.67177391052246,5686600
2018-01-19 00:00:00-05:00,20.734706287316936,20.92352181046022,20.517918835099795,20.559877395629883,6574500
2018-01-22 00:00:00-05:00,22.476005974339234,23.867645378930217,22.18928664655727,22.692794799804688,30608600
2018-01-23 00:00:00-05:00,22.804680445253325,22.825659058034944,22.37110421863963,22.378097534179688,17914400
2018-01-24 00:00:00-05:00,22.308166368283572,22.329146315520372,21.69976257064088,21.748714447021484,15246700
2018-01-25 00:00:00-05:00,21.84662145062126,22.58789569005686,21.825641500262584,22.4410400390625,21936700
2018-01-26 00:00:00-05:00,22.720767375156353,23.077417194382303,22.23823785377834,22.4410400390625,19393600
2018-01-29 00:00:00-05:00,22.483000515558533,22.63684815344029,22.23823842328878,22.496984481811523,16728800
2018-01-30 00:00:00-05:00,22.413065486340127,22.657827558302483,22.210264646527087,22.60188102722168,13242100
2018-01-31 00:00:00-05:00,22.552926356750934,23.04244777244839,22.448027957788227,23.007482528686523,15400300
2018-02-01 00:00:00-05:00,23.007484300002403,23.077414792909995,22.68579709666648,22.811674118041992,7683400
2018-02-02 00:00:00-05:00,22.720763468721625,22.89559235680214,22.420057567808968,22.45502281188965,7225900
2018-02-05 00:00:00-05:00,22.392091819014283,22.65083791324465,22.056420561388347,22.098379135131836,6006100
2018-02-06 00:00:00-05:00,21.857863928167728,22.147887261045998,21.313185435021982,21.85079002380371,7664200
2018-02-07 00:00:00-05:00,21.829566599380765,22.162031962621672,21.76590281823966,21.79419708251953,6409300
2018-02-08 00:00:00-05:00,21.71639553989053,22.154966930917105,21.56784620800694,21.673952102661133,8581600
2018-02-09 00:00:00-05:00,21.758832532969212,22.324731404756584,21.723463010226666,22.13374137878418,8359600
2018-02-12 00:00:00-05:00,22.19740969920023,22.409622844221765,21.99227180981007,22.28229522705078,7463100
2018-02-13 00:00:00-05:00,22.367176628985998,22.78452623720246,22.112521441618476,22.706714630126953,10011000
2018-02-14 00:00:00-05:00,22.565243110822713,22.848192601239912,22.345957424400584,22.60061264038086,7642000
2018-02-15 00:00:00-05:00,22.66427252907939,23.251391777013104,22.6076812915626,23.19480323791504,7773000
2018-02-16 00:00:00-05:00,23.265542452935676,23.555565834896147,23.13821485125361,23.364574432373047,4806400
2018-02-20 00:00:00-05:00,23.223098749826022,23.385794509310156,22.94014796038135,23.201875686645508,5779100
2018-02-21 00:00:00-05:00,23.704114780429933,23.9516974376404,23.159438871089073,23.173583984375,12353100
2018-02-22 00:00:00-05:00,23.201881872150484,23.626308169467407,23.053333882378304,23.286766052246094,5658400
2018-02-23 00:00:00-05:00,23.336278816350212,23.937545878379776,23.28676013392521,23.909250259399414,5105700
2018-02-26 00:00:00-05:00,23.979991642891438,24.093171431419687,23.732409000322825,23.817293167114258,4850100
2018-02-27 00:00:00-05:00,23.895102870758187,23.98706228485461,23.251392368920826,23.272615432739258,5445000
2018-02-28 00:00:00-05:00,23.322126679824848,23.364567402002468,22.869407653808594,22.869407653808594,6759500
2018-03-01 00:00:00-05:00,22.876486938376843,23.244321929837987,22.706715904464374,22.855266571044922,7098800
2018-03-02 00:00:00-05:00,22.819897597948383,23.053332451749256,22.657201805186837,22.83404541015625,9225000
2018-03-05 00:00:00-05:00,22.777455691272735,23.145290694549683,22.713791888812896,23.081626892089844,9118600
2018-03-06 00:00:00-05:00,23.02503996826846,23.095779038957573,22.473288708991532,22.529878616333008,5186100
2018-03-07 00:00:00-05:00,22.46621433632511,22.544025963260726,22.133748806235303,22.34596061706543,5005300
2018-03-08 00:00:00-05:00,22.45206284321986,22.572316542773347,22.282293152534272,22.494504928588867,3894900
2018-03-09 00:00:00-05:00,22.49450387800415,23.102846253122625,22.409619711230572,23.095773696899414,8118800
2018-03-12 00:00:00-04:00,23.131141662597656,23.26554181695745,23.02503443129009,23.131141662597656,6814400
2018-03-13 00:00:00-04:00,23.194811101463284,23.506054918067917,23.194811101463284,23.336286544799805,5127600
2018-03-14 00:00:00-04:00,23.37164732764661,23.675818490021662,23.322131342926834,23.64044761657715,6060500
2018-03-15 00:00:00-04:00,23.66167364629487,24.001213026256572,23.633378023359946,23.824369430541992,5669200
2018-03-16 00:00:00-04:00,23.824371478562004,24.05780364179389,23.789003296062546,23.972919464111328,12514000
2018-03-19 00:00:00-04:00,23.979991327561113,24.057800238685672,23.725336132116446,23.902179718017578,6738900
2018-03-20 00:00:00-04:00,23.923392649648076,24.121456540806726,23.817285451717005,23.866804122924805,7894100
2018-03-21 00:00:00-04:00,23.8738812667124,24.21342058758429,23.859733457707073,24.093168258666992,5436100
2018-03-22 00:00:00-04:00,24.036584115923596,24.503451157198835,24.036584115923596,24.369050979614258,7572200
2018-03-23 00:00:00-04:00,24.361963850821432,24.411479823611096,23.85972887057306,23.866804122924805,5021900
2018-03-26 00:00:00-04:00,23.895100939761285,24.050724135899284,23.718257379938496,24.043651580810547,9011700
2018-03-27 00:00:00-04:00,24.093172170366074,24.779323478804777,24.008285302552117,24.425636291503906,6219900
2018-03-28 00:00:00-04:00,24.51052177390649,24.687365357561173,24.234643516733275,24.326602935791016,7195700
2018-03-29 00:00:00-04:00,24.291235122126068,24.531742507431037,23.994136493963936,24.05780029296875,10424400
2018-04-02 00:00:00-04:00,24.06487618617295,24.305383577860542,23.78900061597051,23.951696395874023,5680600
2018-04-03 00:00:00-04:00,23.888034748567847,24.163910343639103,23.69704332926791,24.071950912475586,3269300
2018-04-04 00:00:00-04:00,23.944621874417816,24.255868331085992,23.810221712577825,24.178056716918945,3956600
2018-04-05 00:00:00-04:00,24.178053178755103,24.34074893983259,23.79607041878949,24.29830551147461,4503500
2018-04-06 00:00:00-04:00,24.27001321917416,24.45392934998161,24.100242199766754,24.192201614379883,3919200
2018-04-09 00:00:00-04:00,24.19220654540748,24.333681974013714,23.994139865991013,24.149763107299805,2674000
2018-04-10 00:00:00-04:00,24.284162202702014,24.369046367298957,24.185127529183482,24.326602935791016,3619200
2018-04-11 00:00:00-04:00,24.29123534229407,24.4822267410396,24.178055553972904,24.404415130615234,2855400
2018-04-12 00:00:00-04:00,24.411489184921166,24.510523866896417,24.03658161905339,24.11439323425293,3010800
2018-04-13 00:00:00-04:00,24.19220367979716,24.47515180507455,24.142687690413144,24.34075164794922,3156600
2018-04-16 00:00:00-04:00,24.425634177778765,24.602477756125655,24.347822571559114,24.48222541809082,5121200
2018-04-17 00:00:00-04:00,24.581261508150188,24.878357474302387,24.503449888895283,24.800548553466797,3964100
2018-04-18 00:00:00-04:00,24.88542959104347,25.125936975488408,24.80761798160261,24.828838348388672,3369300
2018-04-19 00:00:00-04:00,24.807622666994007,24.93495028859657,24.510526682201018,24.666147232055664,3541500
2018-04-20 00:00:00-04:00,24.715656130690732,24.72980393996298,24.326600820169357,24.361968994140625,4231200
2018-04-23 00:00:00-04:00,24.37611950893019,25.154232914754832,24.178055553972904,24.404415130615234,6854200
2018-04-24 00:00:00-04:00,24.58126048930472,24.595408301166422,24.1780572957134,24.255868911743164,8441900
2018-04-25 00:00:00-04:00,24.227575629779608,24.255871256237977,23.810224583986773,24.163911819458008,5859900
2018-04-26 00:00:00-04:00,24.1780572957134,24.28416453546657,23.958770259485814,24.255868911743164,5580700
2018-04-27 00:00:00-04:00,24.220500623496623,24.40441678004177,24.14268900781319,24.262941360473633,3856800
2018-04-30 00:00:00-04:00,24.666147182166284,24.666147182166284,24.227575763321997,24.333683013916016,5732500
2018-05-01 00:00:00-04:00,24.2205003203841,24.33368011493836,23.88803349332258,23.965845108032227,3752800
2018-05-02 00:00:00-04:00,23.965843570954338,24.185127890978382,23.895104517382887,24.05780029296875,4204900
2018-05-03 00:00:00-04:00,23.987065476255164,24.086097459187748,23.61923046934903,23.965845108032227,4066700
2018-05-04 00:00:00-04:00,24.0158870066232,24.466319706747548,23.97298774509735,24.387672424316406,3985900
2018-05-07 00:00:00-04:00,24.63077012123046,24.773764974842535,24.344780414006312,24.401979446411133,4924000
2018-05-08 00:00:00-04:00,24.287578573981303,24.33762635222989,23.651254484192695,23.765649795532227,7280100
2018-05-09 00:00:00-04:00,23.779949097352848,23.965843200683594,23.722752799912357,23.965843200683594,4953400
2018-05-10 00:00:00-04:00,24.080241096470075,24.316180280651803,24.0158935503478,24.24468421936035,2873800
2018-05-11 00:00:00-04:00,24.273279513406077,24.430571366372217,24.173183954045964,24.351926803588867,1958500
2018-05-14 00:00:00-04:00,24.33762570430818,24.37337372676271,24.015888047418816,24.13028335571289,3937700
2018-05-15 00:00:00-04:00,24.00159154501141,24.13743513970424,23.7156018718269,24.044490814208984,3156100
2018-05-16 00:00:00-04:00,24.09453869064192,24.144586474531884,23.88719631315511,24.073087692260742,4535000
2018-05-17 00:00:00-04:00,24.051640801262145,24.087388830748957,23.71560332380652,23.772802352905273,3855600
2018-05-18 00:00:00-04:00,23.758495822029342,23.94438988620165,23.544004978860485,23.722747802734375,3412200
2018-05-21 00:00:00-04:00,23.779947109766187,23.915793418707278,23.64410352822449,23.89434242248535,4335000
2018-05-22 00:00:00-04:00,23.84429970495451,24.030193832206674,23.737055610678237,23.99444580078125,3561700
2018-05-23 00:00:00-04:00,24.037335333373232,24.29472544836912,23.9586880507468,24.201778411865234,3478000
2018-05-24 00:00:00-04:00,24.244682176287665,24.43057355642053,24.158886364487856,24.266130447387695,3884200
2018-05-25 00:00:00-04:00,24.31617995108774,24.444875041588045,24.201784618131896,24.38052749633789,2176500
2018-05-29 00:00:00-04:00,24.373375072766194,24.47347063212631,24.094536663863177,24.351926803588867,3864300
2018-05-30 00:00:00-04:00,24.2589798134061,24.602165758022167,24.1231362293079,24.47347068786621,2714200
2018-05-31 00:00:00-04:00,24.466319972321816,24.845253907349623,24.3805214483388,24.609312057495117,7741400
2018-06-01 00:00:00-04:00,24.609312487057647,24.659362990620984,24.194630523498123,24.4520206451416,2755800
2018-06-04 00:00:00-04:00,24.530671299864338,24.60216735352122,24.115986551935478,24.180334091186523,2165500
2018-06-05 00:00:00-04:00,24.208934148654382,24.452024554920246,24.173186121021104,24.266130447387695,4559700
2018-06-06 00:00:00-04:00,24.24468102440164,24.387675855540635,23.608356889602646,23.715600967407227,3291200
2018-06-07 00:00:00-04:00,23.68700341851349,24.06593739051071,23.615504641552103,23.837146759033203,2741800
2018-06-08 00:00:00-04:00,23.88004447684474,23.93724076730582,23.75849792759111,23.822845458984375,2893300
2018-06-11 00:00:00-04:00,23.844296127747626,23.930094663176806,23.536858194291966,23.572608947753906,2575200
2018-06-12 00:00:00-04:00,23.5726065743435,23.901492744842734,23.56545533341131,23.822845458984375,3014400
2018-06-13 00:00:00-04:00,23.858596708419157,24.194634165301004,23.751352626524707,24.044490814208984,4921600
2018-06-14 00:00:00-04:00,24.094536005633987,24.552117251579425,24.03018847246045,24.5020694732666,5916600
2018-06-15 00:00:00-04:00,24.788062091115165,24.959656461522016,24.180337370415888,24.809513092041016,8589100
2018-06-18 00:00:00-04:00,24.745161015475578,25.009699674348184,24.673662237807648,24.83810806274414,4119200
2018-06-19 00:00:00-04:00,24.86670702693307,25.12409719430876,24.766611456820247,24.9668025970459,3538800
2018-06-20 00:00:00-04:00,25.031144533737333,25.10264330166436,24.823804925246755,24.945348739624023,2766200
2018-06-21 00:00:00-04:00,25.02400546017185,25.267095908023812,24.94535814948443,25.13125228881836,2598500
2018-06-22 00:00:00-04:00,25.13125147892528,25.274243609312286,25.038304412253677,25.08835220336914,3629000
2018-06-25 00:00:00-04:00,25.174144595077564,25.94631508541731,25.145545081939126,25.881967544555664,6082400
2018-06-26 00:00:00-04:00,25.846215511847745,26.10360290801133,25.7389687178968,25.78186798095703,3554800
2018-06-27 00:00:00-04:00,25.760424877033856,26.132210421915456,25.660329293296524,26.075014114379883,5202500
2018-06-28 00:00:00-04:00,26.017811736095176,26.246602391637552,25.731824780367077,25.87481689453125,4327900
2018-06-29 00:00:00-04:00,25.79617004858393,25.81761831833779,25.48158087939663,25.674623489379883,4169200
2018-07-02 00:00:00-04:00,25.66032693824919,25.960616389301403,25.6102791509738,25.896268844604492,3946800
2018-07-03 00:00:00-04:00,25.87481715718373,26.268053657326163,25.76757307047198,26.046411514282227,2398100
2018-07-05 00:00:00-04:00,26.060706432007283,26.23229802984247,25.932011369931256,26.21084976196289,2864300
2018-07-06 00:00:00-04:00,26.21085389236785,26.453944300440863,26.18940562110837,26.289501190185547,2687000
2018-07-09 00:00:00-04:00,26.303801302728864,26.31094981744551,25.109797517467808,25.252792358398438,5805200
2018-07-10 00:00:00-04:00,25.10264436063492,25.595973606846766,25.00254880871361,25.30283546447754,4601100
2018-07-11 00:00:00-04:00,25.402939023969502,25.817623843960494,25.402939023969502,25.66748046875,3570200
2018-07-12 00:00:00-04:00,25.717533559853692,25.767581361903396,25.245652335241726,25.48874282836914,3940700
2018-07-13 00:00:00-04:00,25.488732976602794,25.646024839077416,25.352886657202472,25.624576568603516,2202800
2018-07-16 00:00:00-04:00,25.560226561878398,25.974911266999015,25.481579274534877,25.846216201782227,3791000
2018-07-17 00:00:00-04:00,25.896259408889588,26.132198501876868,25.810460895622526,25.924856185913086,3499200
2018-07-18 00:00:00-04:00,25.93201893918107,25.939167454761073,25.424389783598716,25.495885848999023,3604500
2018-07-19 00:00:00-04:00,25.53878166810019,25.781872075919946,25.402935343865806,25.481582641601562,7858300
2018-07-20 00:00:00-04:00,25.40292972696944,25.452977500389718,24.93820001272415,25.245637893676758,3220600
2018-07-23 00:00:00-04:00,25.29568808818809,25.36003562122998,24.902454376220703,24.902454376220703,5019000
2018-07-24 00:00:00-04:00,24.9024548148365,24.923903083761786,24.523518123626868,24.702260971069336,5055600
2018-07-25 00:00:00-04:00,24.65936557010339,25.109795602697268,24.65936557010339,24.823808670043945,4046900
2018-07-26 00:00:00-04:00,24.988253363166443,25.181295986900054,24.959653849857826,25.174144744873047,2472400
2018-07-27 00:00:00-04:00,25.195596661688242,25.3171405065794,24.923906730155334,25.031150817871094,2088100
2018-07-30 00:00:00-04:00,24.888159473456213,25.024003079739412,24.830960442979148,24.95250701904297,4592900
2018-07-31 00:00:00-04:00,25.074046024595066,25.395783690384437,25.00969849143719,25.331436157226562,5607400
2018-08-01 00:00:00-04:00,25.6674848764039,26.139366084811858,25.28854802438196,26.067867279052734,7429900
2018-08-02 00:00:00-04:00,26.024956209085357,26.30379457753857,25.574523529907605,26.03925323486328,4375800
2018-08-03 00:00:00-04:00,26.003503292066533,26.232293871175592,25.803312217195813,26.132198333740234,3798800
2018-08-06 00:00:00-04:00,26.204415703498974,26.36327222968336,26.096102056733308,26.168312072753906,2791600
2018-08-07 00:00:00-04:00,26.117764139061805,26.189974156339794,25.90836197528192,26.10332489013672,2984300
2018-08-08 00:00:00-04:00,26.05278029946284,26.15387157317309,25.915582638401247,25.995012283325195,2427500
2018-08-09 00:00:00-04:00,26.002228780733528,26.24051768684586,25.944463526074056,26.211633682250977,2387800
2018-08-10 00:00:00-04:00,26.254961337448158,26.471585876449026,26.08888243239648,26.168312072753906,1848900
2018-08-13 00:00:00-04:00,26.18274719445795,26.28384120095217,26.0455523174394,26.25495719909668,2144300
2018-08-14 00:00:00-04:00,26.211639250876374,26.406602191515983,26.19719724551075,26.269407272338867,3823300
2018-08-15 00:00:00-04:00,26.34882794178917,26.64488206452703,26.24051431573852,26.4643611907959,2175000
2018-08-16 00:00:00-04:00,26.42103935844608,26.774861538781877,26.356051723467274,26.76763916015625,2413100
2018-08-17 00:00:00-04:00,26.745977203664467,27.092577001102388,26.652105564400966,26.933717727661133,3163900
2018-08-20 00:00:00-04:00,26.933714977421307,27.02758660709944,26.74597447259509,26.774858474731445,3865800
2018-08-21 00:00:00-04:00,26.702647448792504,26.738751072818012,26.478800572586433,26.565452575683594,1653300
2018-08-22 00:00:00-04:00,26.652101374753673,26.652101374753673,26.276617631255164,26.39215087890625,1679100
2018-08-23 00:00:00-04:00,26.428254199974383,26.68820469284788,26.370488954074645,26.558229446411133,2139000
2018-08-24 00:00:00-04:00,26.572683394983763,26.78208835890569,26.457150096704616,26.753204345703125,1473600
2018-08-27 00:00:00-04:00,26.782077656535623,26.803739280515803,26.384932274562278,26.6015567779541,1907400
2018-08-28 00:00:00-04:00,26.717096875756766,26.904837425592895,26.493249937328827,26.832630157470703,3981500
2018-08-29 00:00:00-04:00,26.875957566159403,27.06369812574091,26.81096991966372,27.05647850036621,3198100
2018-08-30 00:00:00-04:00,27.12868048734248,27.215329747613104,26.912055959400753,26.991485595703125,3149000
2018-08-31 00:00:00-04:00,27.00592759816995,27.251436131045324,26.8831719544671,26.991485595703125,2848000
2018-09-04 00:00:00-04:00,27.02036563911501,27.244212535556134,27.02036563911501,27.128679275512695,2917100
2018-09-05 00:00:00-04:00,27.143122854224206,27.381409011800162,27.09979684624205,27.29475975036621,2479600
2018-09-06 00:00:00-04:00,27.33086203828277,27.504163307174952,27.251435159342837,27.41029167175293,2955100
2018-09-07 00:00:00-04:00,27.236999250516707,27.39585579846423,27.04925593767304,27.085359573364258,3367200
2018-09-10 00:00:00-04:00,27.215331966001855,27.64858381173105,27.215331966001855,27.533050537109375,5056100
2018-09-11 00:00:00-04:00,27.51860766641243,27.706348198808396,27.301983127638483,27.42473602294922,2627300
2018-09-12 00:00:00-04:00,27.39585043869362,27.43917644576521,27.02036664099741,27.258655548095703,2921400
2018-09-13 00:00:00-04:00,27.301980530257428,27.316422532072476,27.03480762847435,27.287538528442383,3061800
2018-09-14 00:00:00-04:00,27.222557480949288,27.35975239957569,26.95538726908488,27.316429138183594,2510500
2018-09-17 00:00:00-04:00,27.38141325566104,27.47528491023975,27.27310235071402,27.388635635375977,2347300
2018-09-18 00:00:00-04:00,27.251439717583352,27.40307663164633,27.222555708848304,27.338088989257812,4597600
2018-09-19 00:00:00-04:00,27.366963417888794,27.395844661982967,26.39937150022626,26.572669982910156,3887200
2018-09-20 00:00:00-04:00,26.507687490624676,26.77486039778004,26.34160859820743,26.61600112915039,4265200
2018-09-21 00:00:00-04:00,26.57267980828325,26.753200734636437,26.370497252217515,26.64488983154297,11661900
2018-09-24 00:00:00-04:00,26.601559127044947,26.724312013145855,26.50046786683708,26.61600112915039,3789600
2018-09-25 00:00:00-04:00,26.55823911605872,26.55823911605872,25.930027032573896,26.269407272338867,4207800
2018-09-26 00:00:00-04:00,26.34883302336061,26.356052647709042,25.90836156578361,25.930023193359375,3372900
2018-09-27 00:00:00-04:00,26.0022284582698,26.49324551217232,25.95168282812074,26.37771224975586,2648900
2018-09-28 00:00:00-04:00,26.464375899378076,26.89762513531554,26.406607865502966,26.83985710144043,3763500
2018-10-01 00:00:00-04:00,26.81096001358142,26.83262163623285,26.601555146184783,26.724308013916016,2631400
2018-10-02 00:00:00-04:00,26.897614527545212,27.186449073948452,26.738755251570392,27.027589797973633,2756700
2018-10-03 00:00:00-04:00,26.99870202380865,27.143119276851763,26.24773451160846,26.500465393066406,2674000
2018-10-04 00:00:00-04:00,26.50768962236298,26.93371907787887,26.37771434749166,26.818185806274414,3709300
2018-10-05 00:00:00-04:00,26.796524034145634,27.460839653656464,26.796524034145634,27.42473602294922,5333900
2018-10-08 00:00:00-04:00,27.439177132187734,27.699127672059635,27.316424240876206,27.47528076171875,5813100
2018-10-09 00:00:00-04:00,27.554711077933398,27.81466162420652,27.42473580479684,27.691905975341797,3127900
2018-10-10 00:00:00-04:00,27.626917658467235,27.944636209213055,27.460838759000268,27.47528076171875,3346800
2018-10-11 00:00:00-04:00,27.641363714016926,27.684689728524912,26.75320107558402,26.86873435974121,3890900
2018-10-12 00:00:00-04:00,26.81096997012282,26.9698265194428,26.572681014346553,26.897619247436523,2300900
2018-10-15 00:00:00-04:00,26.94816162273287,27.3236454516262,26.926499994662464,27.01314926147461,2757200
2018-10-16 00:00:00-04:00,27.027589587468817,27.48250303042519,26.984263579486665,27.29475975036621,3080500
2018-10-17 00:00:00-04:00,27.280315528187703,27.439174790000504,27.18644665032571,27.381406784057617,2936500
2018-10-18 00:00:00-04:00,27.388632248022297,27.619698788768513,27.28031860194044,27.48250389099121,3650500
2018-10-19 00:00:00-04:00,27.468067621840934,28.154047762986774,27.44640323538385,28.052953720092773,4203600
2018-10-22 00:00:00-04:00,28.038509088521163,28.12515835413034,27.800220164932817,27.886869430541992,3305300
2018-10-23 00:00:00-04:00,27.90131197269251,28.11071689361139,27.301983971737407,27.61248016357422,3328500
2018-10-24 00:00:00-04:00,27.720797638602974,28.168488839441125,27.583602703298226,27.95186424255371,4540100
2018-10-25 00:00:00-04:00,27.82188387149995,27.886871514195203,27.273101475597223,27.359750747680664,4227000
2018-10-26 00:00:00-04:00,27.48250502091158,27.61248029974146,26.22607824373295,26.5076904296875,7817500
2018-10-29 00:00:00-04:00,26.60878057023544,27.236995309391016,26.60878057023544,26.904834747314453,5213800
2018-10-30 00:00:00-04:00,27.02036596872746,27.323642501622434,26.659324182371208,26.88317108154297,4877100
2018-10-31 00:00:00-04:00,26.789300017588733,27.251435827793543,26.464364606557158,26.919275283813477,5618800
2018-11-01 00:00:00-04:00,26.904844762284196,26.919286770752976,26.377723848565413,26.83985710144043,5531500
2018-11-02 00:00:00-04:00,26.91205126271401,26.969816507969803,26.594335527482528,26.80373764038086,3857700
2018-11-05 00:00:00-05:00,26.919278621157638,27.265878455883584,26.810967722229258,27.063695907592773,4368000
2018-11-06 00:00:00-05:00,27.078276973723646,27.362620314219956,26.896005316354753,27.31158447265625,3116400
2018-11-07 00:00:00-05:00,27.31158589692524,27.58863960932254,27.253260409772867,27.523021697998047,3392800
2018-11-08 00:00:00-05:00,27.523020318878327,27.727163685549826,27.180348712327078,27.4865665435791,3955800
2018-11-09 00:00:00-05:00,27.464691826816356,27.785491721790383,27.435530475564423,27.705291748046875,3639700
2018-11-12 00:00:00-05:00,27.734452268638876,28.711428330086544,27.705288139940283,28.281267166137695,4099000
2018-11-13 00:00:00-05:00,28.288569967818074,28.34689825235016,27.807372745411087,28.201080322265625,2752800
2018-11-14 00:00:00-05:00,28.062542254880178,28.28126766146163,27.821942360769473,27.94588851928711,3958100
2018-11-15 00:00:00-05:00,27.85840301630777,28.376053922101338,27.603223775774353,28.303146362304688,5721300
2018-11-16 00:00:00-05:00,28.616646691244586,28.696846655633173,28.171903456903845,28.266685485839844,3203000
2018-11-19 00:00:00-05:00,28.244814986549454,28.631229979212144,27.996925441139823,28.098997116088867,5198100
2018-11-20 00:00:00-05:00,28.22294506830804,28.317727116642143,27.33346119882913,27.668840408325195,5944000
2018-11-21 00:00:00-05:00,27.420943119609177,27.51572514131686,27.0345281729271,27.19492530822754,4497400
2018-11-23 00:00:00-05:00,27.21680824214282,27.464695053755616,26.99079036060488,27.34075164794922,1629300
2018-11-26 00:00:00-05:00,27.340745492478042,27.515727487377465,27.07098424903404,27.479270935058594,2953100
2018-11-27 00:00:00-05:00,27.471985926999388,27.698003795773964,27.267842549554558,27.625093460083008,3098700
2018-11-28 00:00:00-05:00,27.705290072229673,27.785490041122102,27.27512887827948,27.413654327392578,3736100
2018-11-29 00:00:00-05:00,27.355324876678765,27.369906939928562,26.721020422155583,27.08556365966797,5133300
2018-11-30 00:00:00-05:00,27.10744287397927,27.668839949031497,27.063696672110087,27.581350326538086,6353500
2018-12-03 00:00:00-05:00,27.610503408274816,28.17190031514288,27.47926762322804,28.135446548461914,3825400
2018-12-04 00:00:00-05:00,28.222944574227846,28.60206997968217,28.047965329399666,28.106290817260742,6133200
2018-12-06 00:00:00-05:00,28.208352628981125,28.51457037206687,27.697994359244845,28.492698669433594,5537700
2018-12-07 00:00:00-05:00,28.427086819312485,28.733301846206277,28.06254353134679,28.602066040039062,3541500
2018-12-10 00:00:00-05:00,28.653108624551972,28.92286994241645,28.20836526351486,28.82809066772461,3783600
2018-12-11 00:00:00-05:00,28.835375581466913,29.032229304778443,28.463542624930536,28.879121780395508,3119100
2018-12-12 00:00:00-05:00,28.915573490189125,29.07597342689229,28.594776398027356,28.602066040039062,12897500
2018-12-13 00:00:00-05:00,28.58019920100618,29.039524600831246,28.448963372484734,28.755178451538086,9558000
2018-12-14 00:00:00-05:00,28.777047813018697,29.003062869762406,28.361468690544314,28.521865844726562,11758600
2018-12-17 00:00:00-05:00,28.594776171772093,28.674976139489097,27.391782218506126,27.50114631652832,5668000
2018-12-18 00:00:00-05:00,27.61779559994468,27.83652097944979,27.209506185289467,27.435523986816406,7470500
2018-12-19 00:00:00-05:00,27.348037393424605,27.74903725210323,27.15118645711197,27.238676071166992,7416200
2018-12-20 00:00:00-05:00,27.2751328895929,27.56676867732044,26.903299902423036,27.26784324645996,7329600
2018-12-21 00:00:00-05:00,27.209514789857906,28.011509028742374,26.93246107154083,27.11473274230957,8925900
2018-12-24 00:00:00-05:00,27.122018841889435,27.253254636738856,25.933607046861614,26.130460739135742,2594500
2018-12-26 00:00:00-05:00,26.130465681521002,26.70644480327519,25.758632713281063,26.6845703125,3697100
2018-12-27 00:00:00-05:00,26.648119904333175,26.99808120727539,26.079433134707724,26.99808120727539,4305300
2018-12-28 00:00:00-05:00,27.041820475447935,27.42094581834753,26.95433086746941,27.16576385498047,3497300
2018-12-31 00:00:00-05:00,27.224099252947983,27.39178887106226,26.925173797832066,27.377206802368164,5770100
2019-01-02 00:00:00-05:00,27.26054901527105,27.369913123731546,26.626244417436684,26.772062301635742,3990600
2019-01-03 00:00:00-05:00,26.786644998766434,27.034534573366972,26.604373334537943,26.7647705078125,3603000
2019-01-04 00:00:00-05:00,26.45856049862182,27.19493693895304,26.45856049862182,27.100154876708984,4453500
2019-01-07 00:00:00-05:00,27.06369798583266,27.471987546029318,26.98349800246858,27.44282341003418,5800400
2019-01-08 00:00:00-05:00,27.40637129507885,27.843822236592384,27.28971752525889,27.836532592773438,5718800
2019-01-09 00:00:00-05:00,27.727165897207335,27.865694148136797,27.501150803577165,27.668840408325195,6366300
2019-01-10 00:00:00-05:00,27.697997422102244,28.157319915656988,27.588633334354377,28.128158569335938,4081400
2019-01-11 00:00:00-05:00,28.12086208601377,28.12086208601377,27.770900949498934,27.97504425048828,3506900
2019-01-14 00:00:00-05:00,27.800073788038727,27.85839927178734,27.18764091183211,27.705291748046875,4998500
2019-01-15 00:00:00-05:00,27.668838436514097,28.047963821587263,27.574056394934605,27.792781829833984,5188600
2019-01-16 00:00:00-05:00,27.668840828785736,28.142745515167796,27.50844086474363,28.055255889892578,4644600
2019-01-17 00:00:00-05:00,27.996925388340937,28.354176249988864,27.94588955096266,28.22294044494629,4620600
2019-01-18 00:00:00-05:00,28.28856376222787,28.565617490487348,28.1062920849181,28.339599609375,3806400
2019-01-22 00:00:00-05:00,28.427089639570404,28.485415125184225,28.033382182008953,28.252107620239258,2972200
2019-01-23 00:00:00-05:00,28.38334259502818,28.726014199516314,28.266688846026117,28.704139709472656,5007300
2019-01-24 00:00:00-05:00,28.704135277270147,28.74788146935786,28.44166368723253,28.638517379760742,3442800
2019-01-25 00:00:00-05:00,28.51457463323764,28.711428330086544,28.237520973089808,28.281267166137695,3054500
2019-01-28 00:00:00-05:00,28.186482378064092,28.37604363355159,27.829228789604734,28.135446548461914,5495000
2019-01-29 00:00:00-05:00,28.222943941337967,28.397925963487186,27.982346789783293,28.113582611083984,3336500
2019-01-30 00:00:00-05:00,28.026089758029197,28.332307596547498,28.00421804857962,28.252107620239258,3547100
2019-01-31 00:00:00-05:00,28.25210118532957,28.64580855321729,28.040665437992363,28.580190658569336,7394500
2019-02-01 00:00:00-05:00,28.536446973951847,28.667682774770544,28.113578223392842,28.273975372314453,7887300
2019-02-04 00:00:00-05:00,27.814653798375225,28.14274053035586,27.7854896680342,28.098997116088867,8885700
2019-02-05 00:00:00-05:00,28.09899364654262,28.252101140061114,27.95317579408701,28.208354949951172,10002500
2019-02-06 00:00:00-05:00,28.215719907945466,28.583879095480068,28.18626649882309,28.466068267822266,6429400
2019-02-07 00:00:00-05:00,28.473429340577127,28.981490801412267,28.311441213046038,28.94467544555664,6999900
2019-02-08 00:00:00-05:00,28.848963046334404,29.1214001425566,28.81214767800695,29.07722282409668,4231200
2019-02-11 00:00:00-05:00,29.025674609356216,29.150850217914254,28.856321687404236,28.974132537841797,3528100
2019-02-12 00:00:00-05:00,29.033037332289613,29.290747671796463,28.863684422209104,29.099306106567383,3809600
2019-02-13 00:00:00-05:00,29.091947555541992,29.187669762994265,28.98886339774691,29.091947555541992,5048700
2019-02-14 00:00:00-05:00,29.12139454696987,29.224478682012453,28.84895750309562,29.04776382446289,3397800
2019-02-15 00:00:00-05:00,29.217120986805828,29.298116478654272,28.915230486445903,29.15085220336914,6692600
2019-02-19 00:00:00-05:00,29.150848805462996,29.202390874480038,29.01094930510704,29.15821075439453,4519400
2019-02-20 00:00:00-05:00,28.73851279433726,29.19503232860441,28.45134900238909,29.15085220336914,6189200
2019-02-21 00:00:00-05:00,29.062495848995795,29.52637454157447,28.878416200210836,29.489559173583984,4820100
2019-02-22 00:00:00-05:00,29.48954495716373,29.990241585187885,29.482183010647717,29.982879638671875,3804300
2019-02-25 00:00:00-05:00,29.960793499770375,30.071242378934464,29.673629784541752,29.769351959228516,4906800
2019-02-26 00:00:00-05:00,29.84298756157383,30.15960473762439,29.636819282780767,30.027067184448242,6306900
2019-02-27 00:00:00-05:00,29.806162025144626,30.049148392640692,29.806162025144626,29.982879638671875,6164700
2019-02-28 00:00:00-05:00,30.01233822105833,30.11542516153633,29.761989840418472,30.004976272583008,6837600
2019-03-01 00:00:00-05:00,29.960799898938095,30.174332946219163,29.806173682147918,30.115428924560547,5018200
2019-03-04 00:00:00-05:00,30.18905162266484,30.255320384921514,29.79143904912481,29.997610092163086,6495200
2019-03-05 00:00:00-05:00,29.975520691300463,30.115422981692383,29.725172328781564,29.761987686157227,5065500
2019-03-06 00:00:00-05:00,29.842977375387044,30.100690444746313,29.69571597441738,29.982879638671875,3737800
2019-03-07 00:00:00-05:00,30.056520598227863,30.358411067388616,29.923983045051713,30.027067184448242,3492400
2019-03-08 00:00:00-05:00,30.063885432191505,30.144878107042274,29.806172274215676,30.108062744140625,3332800
2019-03-11 00:00:00-04:00,30.18905320248258,30.46885496985651,30.166964550184947,30.45412826538086,3555200
2019-03-12 00:00:00-04:00,30.505666704032834,30.719199680324806,30.45412464890461,30.61611557006836,3561800
2019-03-13 00:00:00-04:00,30.571951455773558,30.76339307371336,30.549862794543184,30.64558219909668,3791300
2019-03-14 00:00:00-04:00,30.704482456255672,30.74129782002219,30.328958442873436,30.343685150146484,4062400
2019-03-15 00:00:00-04:00,30.43204532513958,30.43204532513958,30.004979241681106,30.35841178894043,10690400
2019-03-18 00:00:00-04:00,30.358413210979357,30.40995528431698,30.196422232585494,30.36577796936035,3814800
2019-03-19 00:00:00-04:00,30.336323342740233,30.336323342740233,29.577913363209976,29.75463104248047,5154700
2019-03-20 00:00:00-04:00,29.842983048243635,30.159600176410326,29.651541505293217,29.887163162231445,6252600
2019-03-21 00:00:00-04:00,29.88716979255976,30.40995528431698,29.857716376700452,30.36577796936035,2980000
2019-03-22 00:00:00-04:00,30.395216689147432,30.92536673194971,30.29949733828798,30.756013870239258,3805200
2019-03-25 00:00:00-04:00,30.756031164661504,30.83702666772657,30.616131628624554,30.82229995727539,3407100
2019-03-26 00:00:00-04:00,30.873825301127603,31.021089516966942,30.748649734573213,30.92536735534668,3284300
2019-03-27 00:00:00-04:00,30.962189478088607,30.976916183776193,30.586668313966893,30.719205856323242,4854800
2019-03-28 00:00:00-04:00,30.763384350016402,30.888559948768535,30.30686769143713,30.483585357666016,4550700
2019-03-29 00:00:00-04:00,30.498304200114642,30.645568429424912,30.351042779635925,30.638206481933594,5481600
2019-04-01 00:00:00-04:00,30.579306928739072,30.638213757985163,30.25532779438222,30.520402908325195,3686100
2019-04-02 00:00:00-04:00,30.56457823203654,30.601396402335027,30.284779237825845,30.43940544128418,3406900
2019-04-03 00:00:00-04:00,30.365778037383738,30.48358889225255,30.14488022677642,30.255329132080078,4049200
2019-04-04 00:00:00-04:00,30.328958870564772,30.343685578045495,28.915228658402476,29.040401458740234,12163100
2019-04-05 00:00:00-04:00,29.747267986598533,30.22587331766047,29.452739468381868,30.166969299316406,13492200
2019-04-08 00:00:00-04:00,30.15223833906804,30.189053696443704,29.658903561972686,29.761987686157227,5707200
2019-04-09 00:00:00-04:00,29.68835779692508,30.09333235698157,29.563185016600915,30.07860565185547,3467300
2019-04-10 00:00:00-04:00,30.071248591799893,30.328958951318075,29.982891155512554,30.063886642456055,4799600
2019-04-11 00:00:00-04:00,30.034432723909077,30.351049908199116,29.982890652869507,30.343685150146484,4130000
2019-04-12 00:00:00-04:00,30.203784103747537,30.490947858844603,30.10806191577116,30.46149444580078,2557800
2019-04-15 00:00:00-04:00,30.446761861316535,30.59402608927316,30.32158909329389,30.395219802856445,2854400
2019-04-16 00:00:00-04:00,30.3289569273037,30.48358594152764,29.76935612305271,29.791444778442383,3910800
2019-04-17 00:00:00-04:00,29.828259563201495,29.828259563201495,29.511645209691608,29.62209129333496,3115000
2019-04-18 00:00:00-04:00,29.622091731930226,30.04179303541964,29.56318771488135,29.820898056030273,4477100
2019-04-22 00:00:00-04:00,29.850347804990793,30.00497399070056,29.710445515111918,29.887163162231445,2942400
2019-04-23 00:00:00-04:00,29.894523166228183,30.0565140981515,29.607359466059783,29.997610092163086,4088400
2019-04-24 00:00:00-04:00,30.093339504216917,30.652943196588705,29.91662461839712,30.08597755432129,3941600
2019-04-25 00:00:00-04:00,29.872441066502123,30.49831066265197,29.857714359567378,30.29950714111328,3142000
2019-04-26 00:00:00-04:00,30.402592405036806,30.68975617880257,30.402592405036806,30.542491912841797,2819800
2019-04-29 00:00:00-04:00,30.549850440056723,30.58666579683,30.32159073393172,30.45412826538086,2800300
2019-04-30 00:00:00-04:00,30.4541394768442,30.991651748343866,30.34369055703175,30.947471618652344,4589900
2019-05-01 00:00:00-04:00,30.800201914469532,31.102092364682697,30.800201914469532,30.888559341430664,3545600
2019-05-02 00:00:00-04:00,30.92537463470889,31.050547421895757,30.5793040673514,30.90328598022461,3880200
2019-05-03 00:00:00-04:00,31.03582678109695,31.31562579669442,30.925377879423255,31.293537139892578,3956300
2019-05-06 00:00:00-04:00,31.100371570693305,31.345547413422977,31.055792856481798,31.130090713500977,4577900
2019-05-07 00:00:00-04:00,31.1226589623998,31.308399350415243,31.04093273820526,31.226673126220703,3077200
2019-05-08 00:00:00-04:00,31.159795464119213,31.159795464119213,30.751167321692087,30.788314819335938,5984400
2019-05-09 00:00:00-04:00,30.818032578448904,30.981484961808352,30.60257313387004,30.728878021240234,2600900
2019-05-10 00:00:00-04:00,30.71403353130935,31.31583346473556,30.565440640246546,31.300973892211914,2829800
2019-05-13 00:00:00-04:00,31.13752113278904,31.575868598464073,31.115233191302156,31.538721084594727,3667700
2019-05-14 00:00:00-04:00,31.471848557472477,31.553574773249913,31.152374896255104,31.278676986694336,2748000
2019-05-15 00:00:00-04:00,31.32325310919946,31.36040061307476,31.070646115005395,31.07807731628418,2597900
2019-05-16 00:00:00-04:00,31.063216374440646,31.43469706511439,30.959199400346886,31.323251724243164,2655900
2019-05-17 00:00:00-04:00,31.085505223462288,31.672445412195685,31.085505223462288,31.553571701049805,3145000
2019-05-20 00:00:00-04:00,31.687309423636087,31.865618598271457,31.471849906292885,31.642730712890625,3805800
2019-05-21 00:00:00-04:00,31.679867588061974,31.761593779910594,31.479267708298707,31.49412727355957,2986300
2019-05-22 00:00:00-04:00,31.54614493674341,31.702166173158847,31.323257051268033,31.67987823486328,4032400
2019-05-23 00:00:00-04:00,31.6947321638508,32.11079155441182,31.627865526692293,32.05878448486328,3866100
2019-05-24 00:00:00-04:00,32.03649528866814,32.12565269870369,31.813607431925,31.843326568603516,2666900
2019-05-28 00:00:00-04:00,31.858189856710347,31.86561822466088,30.8997688432193,30.93691635131836,5841200
2019-05-29 00:00:00-04:00,31.018642331244322,31.018642331244322,30.030502185199165,30.45399284362793,5302200
2019-05-30 00:00:00-04:00,30.416836371145227,30.69916247513735,30.34254137049222,30.43169593811035,2256000
2019-05-31 00:00:00-04:00,30.535717274899,30.78832430454119,30.424274747634463,30.639734268188477,3368000
2019-06-03 00:00:00-04:00,30.773461282746513,31.011211549427735,30.53571385023825,30.966632843017578,2802600
2019-06-04 00:00:00-04:00,31.003780228192497,31.122653943987498,30.43913078670947,31.085506439208984,2275500
2019-06-05 00:00:00-04:00,31.219242495171816,32.13308479787773,31.189523355041576,31.999351501464844,4374500
2019-06-06 00:00:00-04:00,32.07363866791335,32.34853639557979,31.977055737387573,32.237091064453125,3257800
2019-06-07 00:00:00-04:00,32.44512010322486,32.772024904134376,31.96962530281746,31.9770565032959,4339900
2019-06-10 00:00:00-04:00,31.977067366021608,32.0736503316703,31.71702911021923,31.962207794189453,1983400
2019-06-11 00:00:00-04:00,31.954769215267763,32.04392662568103,31.531281435409795,31.761600494384766,2085600
2019-06-12 00:00:00-04:00,31.754169210702653,32.22966401920851,31.754169210702653,32.222232818603516,2119800
2019-06-13 00:00:00-04:00,32.289096953348675,32.43768977804579,32.05134956750225,32.20737075805664,2404000
2019-06-14 00:00:00-04:00,32.259383478253625,32.73488116749732,32.16280053431123,32.66801452636719,2612200
2019-06-17 00:00:00-04:00,32.67545082640652,32.76460542483384,32.400555827987674,32.46742248535156,2295800
2019-06-18 00:00:00-04:00,32.73488691824019,32.73488691824019,32.066220389469976,32.326255798339844,3519000
2019-06-19 00:00:00-04:00,32.1479439514136,32.45998641621851,31.80618234686351,32.28167724609375,6020700
2019-06-20 00:00:00-04:00,32.4302688447145,32.630865944731156,32.03649734389483,32.445125579833984,2862900
2019-06-21 00:00:00-04:00,32.459981162057474,32.77202641052609,32.22966495174555,32.452552795410156,5969100
2019-06-24 00:00:00-04:00,32.482269410534705,32.54913604186419,32.23709081760246,32.400543212890625,2124800
2019-06-25 00:00:00-04:00,32.37826187772378,32.48970439653151,32.25195695540068,32.28910446166992,3193400
2019-06-26 00:00:00-04:00,32.23708783816512,32.29652609793009,31.55356485590122,31.598140716552734,3092100
2019-06-27 00:00:00-04:00,31.627864987470282,31.77645782686392,31.523850850146545,31.58328628540039,2890600
2019-06-28 00:00:00-04:00,31.538716267641558,31.865618307606695,31.486709189332856,31.806182861328125,6589500
2019-07-01 00:00:00-04:00,31.865608138437043,31.984481827231605,31.494127506682503,31.754165649414062,2740000
2019-07-02 00:00:00-04:00,31.828460301998973,32.32624298282839,31.821031936479066,32.266807556152344,2670200
2019-07-03 00:00:00-04:00,32.42283486773909,32.734880127826706,32.36339942982938,32.55656814575195,1866800
2019-07-05 00:00:00-04:00,32.34111127403952,32.56400197818687,31.92505467253361,32.48970413208008,1773000
2019-07-08 00:00:00-04:00,32.5342804587756,32.63829460153997,32.18508769306135,32.3559684753418,1830100
2019-07-09 00:00:00-04:00,32.3559658114373,32.407972878537684,32.05878297574548,32.34853744506836,2330600
2019-07-10 00:00:00-04:00,32.43769964970784,32.53428544028047,32.24453090273584,32.311397552490234,1836500
2019-07-11 00:00:00-04:00,32.26681126584982,32.53427780207317,31.99191636325252,32.385684967041016,2242300
2019-07-12 00:00:00-04:00,32.41541703627021,32.474852493497266,32.08108373257515,32.2519645690918,3496400
2019-07-15 00:00:00-04:00,32.19252357366508,32.5862922668457,32.118225722195845,32.5862922668457,3525100
2019-07-16 00:00:00-04:00,32.48227338739341,32.608575465272196,32.155368556793576,32.3559684753418,2200700
2019-07-17 00:00:00-04:00,32.482275764555915,32.786889848161195,32.45998499363736,32.48970413208008,2175600
2019-07-18 00:00:00-04:00,32.526856501530816,32.72745646475374,32.125659409258425,32.71259689331055,2542100
2019-07-19 00:00:00-04:00,32.608580458152794,32.83889954823421,32.311397552490234,32.311397552490234,2016700
2019-07-22 00:00:00-04:00,32.28910945938654,32.489709425297036,32.06622155309937,32.393123626708984,2441600
2019-07-23 00:00:00-04:00,32.378268346593465,32.407984657042064,32.118230082409475,32.185096740722656,8221700
2019-07-24 00:00:00-04:00,32.8314658628862,32.83889706461536,32.05878809926287,32.40797805786133,4656600
2019-07-25 00:00:00-04:00,32.27423448591323,32.72744128511722,32.15536080367712,32.59370803833008,5466100
2019-07-26 00:00:00-04:00,32.69029602863707,32.838888850147164,32.474836579156054,32.7348747253418,5713300
2019-07-29 00:00:00-04:00,32.8760373540087,33.04691811201924,32.77945159194277,33.03948974609375,4863200
2019-07-30 00:00:00-04:00,33.024636654745876,33.24752452045061,32.556570152844834,33.04692459106445,5951300
2019-07-31 00:00:00-04:00,33.03206403483013,33.12864981294541,32.5714287482519,32.66801452636719,8288700
2019-08-01 00:00:00-04:00,32.578858056127984,33.18065784367622,32.41540846633584,32.97262954711914,7174700
2019-08-02 00:00:00-04:00,33.11379267201538,33.150940178883644,32.74231193498656,32.87604522705078,9274400
2019-08-05 00:00:00-04:00,32.84632690518018,32.86861767719426,32.006782459209845,32.27424621582031,11384700
2019-08-06 00:00:00-04:00,32.45412983529027,32.6565000446724,31.996923383632605,32.544071197509766,4558800
2019-08-07 00:00:00-04:00,32.51408677125828,32.88134893511386,32.13932782738222,32.656494140625,2991400
2019-08-08 00:00:00-04:00,32.66399633200802,33.25611338844703,32.46162612568672,33.16617202758789,2392100
2019-08-09 00:00:00-04:00,33.21114387979136,33.443492631805775,33.083724331977784,33.12869644165039,3083400
2019-08-12 00:00:00-04:00,33.166172410096,33.43599935496967,33.0612403446861,33.361045837402344,2488300
2019-08-13 00:00:00-04:00,33.03875402685228,33.353550206958985,32.94131588859745,33.113704681396484,3188800
2019-08-14 00:00:00-04:00,32.8963336534091,33.14367588379363,32.55905009342263,32.62650680541992,3596000
2019-08-15 00:00:00-04:00,32.619016035324776,33.21862972253627,32.619016035324776,33.0687255859375,4132300
2019-08-16 00:00:00-04:00,33.09871088338429,33.53343264480291,33.03125415692913,33.488460540771484,4707000
2019-08-19 00:00:00-04:00,33.47347406550866,33.93817442910014,33.39102662730056,33.825748443603516,4479100
2019-08-20 00:00:00-04:00,33.87072337091661,33.87072337091661,33.488470381467,33.67584991455078,3097200
2019-08-21 00:00:00-04:00,33.615872891297485,34.110554535304296,33.60837897118107,34.088069915771484,4256200
2019-08-22 00:00:00-04:00,34.04310467425396,34.305437678102884,33.92318191395233,34.25297164916992,3703900
2019-08-23 00:00:00-04:00,34.24547015362049,34.40287107793335,33.56340901221058,33.72080993652344,5017400
2019-08-26 00:00:00-04:00,33.855723578922564,34.0805812456233,33.758288306481845,34.0206184387207,3583300
2019-08-27 00:00:00-04:00,34.208000048357874,34.31293210777744,34.020620553913155,34.050601959228516,4036900
2019-08-28 00:00:00-04:00,34.14054569163283,34.365400528776,33.86322482112907,34.11806106567383,4650500
2019-08-29 00:00:00-04:00,34.34290854029467,34.50030660663304,34.17051977346925,34.4328498840332,3983800
2019-08-30 00:00:00-04:00,34.552775814957826,34.58275721869659,34.31293030341571,34.47782516479492,4033700
2019-09-03 00:00:00-04:00,34.49281865679612,34.90505298440585,34.37289589132448,34.882568359375,4112800
2019-09-04 00:00:00-04:00,35.077448092835766,35.2648276263009,34.77764255480242,35.10742950439453,3875200
2019-09-05 00:00:00-04:00,34.897558004376044,35.024974687933316,34.717672432030525,34.867576599121094,2777300
2019-09-06 00:00:00-04:00,34.91254097032201,35.077432944315525,34.82259677448896,34.987491607666016,2254900
2019-09-09 00:00:00-04:00,34.92003805889912,35.174874251848586,34.81510601342295,35.16737747192383,3634900
2019-09-10 00:00:00-04:00,35.084932911172004,35.12990215399063,34.68019257070154,35.032466888427734,5953200
2019-09-11 00:00:00-04:00,34.912555072147974,35.6695671081543,34.785135506175806,35.6695671081543,3527200
2019-09-12 00:00:00-04:00,35.69953155517578,36.05180295660955,35.512152115985124,35.69953155517578,2680500
2019-09-13 00:00:00-04:00,35.63957883784902,35.819464408367956,35.41472401908847,35.50466537475586,2223700
2019-09-16 00:00:00-04:00,35.52714909047856,35.68454716100079,35.41472026342906,35.647071838378906,2130600
2019-09-17 00:00:00-04:00,35.63208107168765,36.10427528238228,35.63208107168765,36.044315338134766,3753800
2019-09-18 00:00:00-04:00,36.12676764647234,36.17923367697462,35.82695930715852,36.05931091308594,2660400
2019-09-19 00:00:00-04:00,36.171736895940455,36.171736895940455,35.96187277393131,36.05931091308594,2366300
2019-09-20 00:00:00-04:00,35.99185813530764,36.08929628517099,35.42971958170176,35.51966094970703,11015800
2019-09-23 00:00:00-04:00,35.54963475819986,35.924393713813025,35.48967195289347,35.796974182128906,3024100
2019-09-24 00:00:00-04:00,35.88691537505318,36.48652908182098,35.849440054477135,36.31414031982422,4051300
2019-09-25 00:00:00-04:00,36.276671727898105,36.636440018689136,36.1567489643011,36.59896469116211,4044400
2019-09-26 00:00:00-04:00,36.66641708712559,36.77884592435871,36.44905905255716,36.524009704589844,2936900
2019-09-27 00:00:00-04:00,36.44156357659935,36.61395236979402,35.99934785173155,36.299156188964844,3375000
2019-09-30 00:00:00-04:00,36.321638814223135,36.42657086872356,35.924395219561816,36.14925003051758,6644800
2019-10-01 00:00:00-04:00,35.976856600199014,36.07429472072931,35.744505038683265,35.8944091796875,3422200
2019-10-02 00:00:00-04:00,35.826959943427056,35.92439808431213,35.31728747305257,35.45969772338867,2882900
2019-10-03 00:00:00-04:00,35.48966806679052,35.834448441181124,35.384736028178274,35.781982421875,3399700
2019-10-04 00:00:00-04:00,35.93938592151674,36.23169746167764,35.72202503194641,36.14925003051758,1990000
2019-10-07 00:00:00-04:00,36.014330756907434,36.13425349399897,35.81196060196855,35.99934005737305,4201800
2019-10-08 00:00:00-04:00,36.036827579459384,36.036827579459384,35.6021057577978,35.692047119140625,3474800
2019-10-09 00:00:00-04:00,35.81196805758008,35.94688152229333,35.67705459286683,35.841949462890625,2533600
2019-10-10 00:00:00-04:00,35.669564874147376,36.09678994301872,35.564632802380316,35.90191650390625,2136200
2019-10-11 00:00:00-04:00,35.82695245919478,36.17922676167717,35.77448643872085,35.8944091796875,2708300
2019-10-14 00:00:00-04:00,35.924398605271676,35.939389308639406,35.46719215970105,35.53464889526367,2122500
2019-10-15 00:00:00-04:00,35.572127100708634,35.80447873292159,35.49717643699326,35.677059173583984,2599400
2019-10-16 00:00:00-04:00,35.55713456714269,35.84195222114288,35.399736465925905,35.826961517333984,3086100
2019-10-17 00:00:00-04:00,35.924397446313144,36.18672759882457,35.80447468242446,36.05931091308594,2341100
2019-10-18 00:00:00-04:00,35.96186848477427,36.366608836819445,35.84944251532876,36.26167678833008,3488200
2019-10-21 00:00:00-04:00,36.40408574699091,36.44905785223998,36.06680210558284,36.351619720458984,2729000
2019-10-22 00:00:00-04:00,36.42657921849202,36.4790452577686,36.16424902210915,36.24669647216797,2573900
2019-10-23 00:00:00-04:00,36.41907023285305,36.509011568816305,36.14924336577976,36.284156799316406,4456100
2019-10-24 00:00:00-04:00,36.07429874224655,36.3666102772403,36.05181126011965,36.19422149658203,5092700
2019-10-25 00:00:00-04:00,36.284168100041974,36.321643430099755,35.6995449454243,35.98435974121094,3834000
2019-10-28 00:00:00-04:00,35.87192991228248,36.111775430007015,35.38474209611347,35.42971420288086,4501400
2019-10-29 00:00:00-04:00,35.38474369782082,35.77449339656141,35.369752994886454,35.66206741333008,4907900
2019-10-30 00:00:00-04:00,35.69204634825718,36.11927137938872,35.61709569195434,35.85694122314453,5655600
2019-10-31 00:00:00-04:00,35.90939931001757,36.224198287050655,35.811961191033085,36.21670150756836,4639600
2019-11-01 00:00:00-04:00,36.31415321683566,36.42657921849202,36.11178298283258,36.24669647216797,4608800
2019-11-04 00:00:00-05:00,36.72637406984965,36.73386799019045,35.76699215194336,35.97685623168945,6826300
2019-11-05 00:00:00-05:00,35.729519932256785,36.04431896356703,35.21235356697069,35.46718978881836,7319400
2019-11-06 00:00:00-05:00,35.444524376342294,35.86009592672331,35.436969787716016,35.59564208984375,9065900
2019-11-07 00:00:00-05:00,35.27829863703381,35.497419202548976,35.028956831227326,35.300968170166016,9812200
2019-11-08 00:00:00-05:00,35.187627654907764,35.28585460808697,34.92317379903781,35.20273971557617,4341200
2019-11-11 00:00:00-05:00,35.21028558501523,35.29340045694286,34.7493808192595,34.77960205078125,5079600
2019-11-12 00:00:00-05:00,34.84005563586749,35.15740023312027,34.80983151736802,34.98361587524414,4928400
2019-11-13 00:00:00-05:00,35.11961932260916,35.603193658937,35.11961932260916,35.45207595825195,2819400
2019-11-14 00:00:00-05:00,35.45963843667984,35.57297744878357,35.308520714651806,35.316078186035156,4415600
2019-11-15 00:00:00-05:00,35.40674565837669,35.55786337183473,35.23296129671567,35.54275131225586,4621400
2019-11-18 00:00:00-05:00,35.64853130462721,35.852539776619444,35.22540230171771,35.338741302490234,7869500
2019-11-19 00:00:00-05:00,35.384075915620464,35.384075915620464,35.059173868916076,35.08184051513672,4241700
2019-11-20 00:00:00-05:00,35.134740693770304,35.42941870293217,35.036513729939294,35.414306640625,6151900
2019-11-21 00:00:00-05:00,35.45963720782815,35.497415916443245,35.074286885894416,35.240516662597656,3360400
2019-11-22 00:00:00-05:00,35.25562597088622,35.84498184980965,35.20273520648696,35.76942443847656,6129800
2019-11-25 00:00:00-05:00,35.89031550551292,36.11699060592379,35.57297094140377,36.05654525756836,4607700
2019-11-26 00:00:00-05:00,36.0338815934623,36.14722060327582,35.935657526110056,36.094329833984375,6644700
2019-11-27 00:00:00-05:00,36.10944747924805,36.139671604183924,35.76187868947908,36.10944747924805,5445000
2019-11-29 00:00:00-05:00,36.2681070742119,36.411667293741786,35.94320505108567,36.03387451171875,1463500
2019-12-02 00:00:00-05:00,35.82986574026965,36.02631959925402,35.603190649567054,35.905426025390625,3556400
2019-12-03 00:00:00-05:00,35.943200430553205,36.26054782546895,35.928088375335335,36.071651458740234,2884700
2019-12-04 00:00:00-05:00,36.11698896474042,36.494781742368104,36.101876907755695,36.41166687011719,3159700
2019-12-05 00:00:00-05:00,36.35122861324483,36.593015807490275,36.25300166485426,36.577903747558594,2488900
2019-12-06 00:00:00-05:00,36.56279522063399,36.751691664536686,36.494792385535774,36.555240631103516,2287400
2019-12-09 00:00:00-05:00,36.56278453821953,36.57034200787296,36.328554860906046,36.3587760925293,3322400
2019-12-10 00:00:00-05:00,36.321000618281055,36.46456084881945,36.132104212784554,36.260555267333984,2807400
2019-12-11 00:00:00-05:00,36.28322219848633,36.373891666783926,36.0263229697011,36.28322219848633,2967800
2019-12-12 00:00:00-05:00,36.23788477484159,36.48722940698355,36.02632172865835,36.15476989746094,2593400
2019-12-13 00:00:00-05:00,36.07921371890813,36.30588883072838,35.83742654865581,36.23033142089844,3382900
2019-12-16 00:00:00-05:00,36.35122511901197,36.661015112006304,36.13966206496621,36.65345764160156,4100900
2019-12-17 00:00:00-05:00,36.72901994805027,36.83480148087373,36.44189658586474,36.47967529296875,3699500
2019-12-18 00:00:00-05:00,36.60813522175563,36.751695496450836,36.35879050628727,36.66102600097656,3141400
2019-12-19 00:00:00-05:00,36.638346190793456,36.81213052901757,36.48722849771545,36.80457305908203,4581100
2019-12-20 00:00:00-05:00,36.94813591285699,37.061472020145736,36.751682048494786,36.88768768310547,5295300
2019-12-23 00:00:00-05:00,36.895241755960235,36.97835374072091,36.4418887215558,36.562782287597656,2546100
2019-12-24 00:00:00-05:00,36.58545834534032,36.68368529375499,36.49478886805869,36.630794525146484,958300
2019-12-26 00:00:00-05:00,36.60812434849486,36.73657252207109,36.51745487995103,36.65345764160156,1778000
2019-12-27 00:00:00-05:00,36.638342567830044,36.67612126678126,36.47211283364876,36.562782287597656,2587100
2019-12-30 00:00:00-05:00,36.4872299267359,36.63834762573242,36.389002990038605,36.63834762573242,1883300
2019-12-31 00:00:00-05:00,36.638354053637556,36.72902353601055,36.404121434982194,36.721466064453125,2929700
2020-01-02 00:00:00-05:00,36.69124197241565,36.69124197241565,35.663644977649334,35.912986755371094,4639300
2020-01-03 00:00:00-05:00,35.81476268129967,36.011213691499826,35.75431444288076,35.8600959777832,2970900
2020-01-06 00:00:00-05:00,35.89032187621817,36.048994186437845,35.761873686706274,35.9281005859375,2474900
2020-01-07 00:00:00-05:00,35.75430833747884,36.03387418660104,35.69386299171222,35.905426025390625,2187700
2020-01-08 00:00:00-05:00,36.00365707812568,36.16232937155609,35.89787266684158,35.980987548828125,2700000
2020-01-09 00:00:00-05:00,35.93565023465981,36.2529947860183,35.91298070789837,36.16987991333008,2249100
2020-01-10 00:00:00-05:00,36.26812037275774,36.4796834859195,35.9658848833856,35.99610900878906,4093200
2020-01-13 00:00:00-05:00,36.04143906469294,36.32100497128066,36.04143906469294,36.094329833984375,2537200
2020-01-14 00:00:00-05:00,36.05654884690117,36.313448088228526,35.85254037152381,36.298336029052734,3167800
2020-01-15 00:00:00-05:00,36.39655405355885,36.76679223613261,36.3814448792196,36.60811996459961,2789400
2020-01-16 00:00:00-05:00,36.38900158200469,37.00102694221026,36.38900158200469,36.85746383666992,3425700
2020-01-17 00:00:00-05:00,36.925467652298934,37.12947611121367,36.64590178593298,37.06903076171875,3251200
2020-01-21 00:00:00-05:00,36.955695883197606,37.26548589997106,36.902805115626336,37.25037384033203,2854100
2020-01-22 00:00:00-05:00,37.42415191435471,37.711275234590005,37.35614909857083,37.696163177490234,3359100
2020-01-23 00:00:00-05:00,37.65838432312792,38.05884374649158,37.597936094974074,38.043731689453125,3138600
2020-01-24 00:00:00-05:00,38.02107185124201,38.3459739299045,37.83973289897917,38.1344108581543,2428700
2020-01-27 00:00:00-05:00,38.09663595693412,38.36109272538794,37.80195794601713,37.97574234008789,2647000
2020-01-28 00:00:00-05:00,38.02107418957614,38.4064245309128,37.983295479058846,38.30064010620117,2614700
2020-01-29 00:00:00-05:00,38.3233029996605,38.58775680980131,38.202409417548935,38.51219940185547,2948400
2020-01-30 00:00:00-05:00,38.451757300909236,38.56509631323068,38.1646339167375,38.51976013183594,4560600
2020-01-31 00:00:00-05:00,38.50464217101661,38.572644991522736,38.06640401401188,38.37619400024414,5893300
2020-02-03 00:00:00-05:00,38.504645547289876,38.93532915414962,38.41397607277483,38.912662506103516,3456000
2020-02-04 00:00:00-05:00,38.920218583239105,39.48690786471063,38.79932498515174,38.90510940551758,4569100
2020-02-05 00:00:00-05:00,38.859769496883686,39.33578925469972,38.837102850145456,39.222450256347656,3103400
2020-02-06 00:00:00-05:00,39.23006751266785,39.313811573850714,39.001676466628034,39.016902923583984,3346500
2020-02-07 00:00:00-05:00,38.84941679357848,39.22245774775606,38.66670510903629,39.001678466796875,2784800
2020-02-10 00:00:00-05:00,39.01689149191798,39.146311981899714,38.73520938113801,39.10063552856445,4385400
2020-02-11 00:00:00-05:00,39.23006766194749,39.35187641390888,39.10064713355401,39.2376823425293,2588700
2020-02-12 00:00:00-05:00,39.23006221324919,39.39755031298969,39.05496233813383,39.19199752807617,2566100
2020-02-13 00:00:00-05:00,39.26812673299729,39.61832645585305,39.12347687483797,39.57264709472656,2374400
2020-02-14 00:00:00-05:00,39.603104175531094,39.77059227982905,39.48129543717332,39.762977600097656,2453900
2020-02-18 00:00:00-05:00,39.88478997913634,39.98376049563274,39.68685185029321,39.793434143066406,2501800
2020-02-19 00:00:00-05:00,39.785813286197985,39.8086544197818,39.58026341298809,39.70207214355469,2511900
2020-02-20 00:00:00-05:00,39.68685299633398,39.740144144259475,39.36710320463128,39.428009033203125,2594500
2020-02-21 00:00:00-05:00,39.35948763016561,39.49652282707939,39.12348192344754,39.26051712036133,5933300
2020-02-24 00:00:00-05:00,38.9940577787887,39.19199587583341,38.53727286352143,38.54488754272461,4427600
2020-02-25 00:00:00-05:00,38.6057862706125,38.727594987316145,37.17453457538192,37.220211029052734,4461100
2020-02-26 00:00:00-05:00,37.243050297526636,37.593252908974584,36.76343009567545,36.77104187011719,4162500
2020-02-27 00:00:00-05:00,36.58832685381452,36.8167178198532,35.19513702392578,35.19513702392578,5322800
2020-02-28 00:00:00-05:00,34.433842857588566,34.433842857588566,33.17007601107262,33.90092849731445,9412800
2020-03-02 00:00:00-05:00,34.098869290992965,36.10110038603366,34.00751055273399,36.02497100830078,5894500
2020-03-03 00:00:00-05:00,35.93360577227408,36.67206983634483,34.8830037903795,34.95913314819336,7906700
2020-03-04 00:00:00-05:00,35.522503701677444,36.93091728633177,35.22559511171295,36.92330551147461,5367300
2020-03-05 00:00:00-05:00,36.177226274484674,36.7482052190236,35.44637392247062,35.88031768798828,6141800
2020-03-06 00:00:00-05:00,34.81449234723491,35.54534476609088,34.0531870182226,35.38547134399414,5994900
2020-03-09 00:00:00-04:00,33.13200870617702,33.68776125522288,29.881234559717473,32.682838439941406,10151900
2020-03-10 00:00:00-04:00,33.451756384233654,34.38816162605353,32.67522457059412,34.22067642211914,7231900
2020-03-11 00:00:00-04:00,33.261427374185935,33.76388875394555,32.34024866198486,32.83509826660156,8592200
2020-03-12 00:00:00-04:00,30.566409905476572,31.67791498098316,28.89153761265674,29.325481414794922,7357000
2020-03-13 00:00:00-04:00,30.977516120411867,31.40384819595999,29.477746435935675,31.396236419677734,6070100
2020-03-16 00:00:00-04:00,28.701211246768146,30.269498352882675,25.7854104668204,26.11277198791504,6701900
2020-03-17 00:00:00-04:00,26.843619702952097,30.82524839954086,25.05455366935277,30.535951614379883,9171700
2020-03-18 00:00:00-04:00,28.541335866043926,29.45489986723414,25.54940592094331,28.320556640625,7253200
2020-03-19 00:00:00-04:00,28.411920228636895,28.442373144776464,25.5037335327561,27.399385452270508,5291200
2020-03-20 00:00:00-04:00,27.384149479520083,27.93990193729523,25.869150825690028,26.09754180908203,5393500
2020-03-23 00:00:00-04:00,25.899611817140396,27.21666990017538,24.36177445610104,25.26772689819336,6180400
2020-03-24 00:00:00-04:00,26.044252276032864,27.422215843630656,25.815861278613383,27.011110305786133,5400200
2020-03-25 00:00:00-04:00,26.896918068216085,28.3890757828104,25.564633772153453,27.026338577270508,5194400
2020-03-26 00:00:00-04:00,27.003505004158743,29.896465107973754,26.96543740867253,29.439680099487305,4915500
2020-03-27 00:00:00-04:00,28.44236058435436,30.703437786580242,28.25203429875686,29.386377334594727,5803000
2020-03-30 00:00:00-04:00,29.835551484505988,31.14499743428786,29.1656049603772,30.82525062561035,6295900
2020-03-31 00:00:00-04:00,30.475047886802383,31.084094403299318,29.774648458639536,30.50550079345703,7704500
2020-04-01 00:00:00-04:00,29.180836773413787,29.934527477526444,29.036186891745018,29.584327697753906,6979900
2020-04-02 00:00:00-04:00,29.104706146787066,30.84809627287541,29.104706146787066,30.45221710205078,4823500
2020-04-03 00:00:00-04:00,30.132455218313066,30.657754656366475,28.594618671605815,28.89152717590332,3445000
2020-04-06 00:00:00-04:00,29.972582737100332,31.898686728232384,29.972582737100332,31.487581253051758,5157800
2020-04-07 00:00:00-04:00,32.30218184792356,32.553411069162365,30.74911844775063,30.81002426147461,6177600
2020-04-08 00:00:00-04:00,31.000360317405708,33.18530624893388,30.75674279423218,32.91123580932617,3674700
2020-04-09 00:00:00-04:00,33.32233765315136,34.502360440432305,33.32233765315136,34.068416595458984,5735700
2020-04-13 00:00:00-04:00,33.581172741184474,33.878081303676474,32.78180286428705,33.44413757324219,3006200
2020-04-14 00:00:00-04:00,34.15215754461431,34.84494527826454,33.9542165326289,34.616554260253906,3512100
2020-04-15 00:00:00-04:00,33.74105566370134,33.992287843922675,33.215755974351744,33.459373474121094,2454200
2020-04-16 00:00:00-04:00,33.48982202022054,34.228286199527744,33.025425314300435,34.152156829833984,2752700
2020-04-17 00:00:00-04:00,34.814493970071304,35.29411716286795,34.106479748754666,35.1799201965332,2451700
2020-04-20 00:00:00-04:00,34.88301035853282,34.88301035853282,33.74105235141154,33.87047576904297,2836900
2020-04-21 00:00:00-04:00,33.3223333766849,33.45175388387653,32.454445798119785,32.888389587402344,3796200
2020-04-22 00:00:00-04:00,33.550727653639136,33.91615388524707,32.86555165428079,33.66492462158203,2465200
2020-04-23 00:00:00-04:00,33.84001952222515,33.98466647670594,32.568638222818336,32.75896453857422,3190600
2020-04-24 00:00:00-04:00,30.4445975139308,32.96451597389281,29.94974795133426,32.21843719482422,5716700
2020-04-27 00:00:00-04:00,32.4316057325006,33.40607852479928,32.309796996481936,33.124393463134766,4457800
2020-04-28 00:00:00-04:00,33.50504651682475,33.664922844334484,32.31741205283426,32.462059020996094,4192300
2020-04-29 00:00:00-04:00,32.979746702353765,33.37562582292086,32.1727620061036,32.24127960205078,3153600
2020-04-30 00:00:00-04:00,31.982437454781493,32.1423137903295,30.92422345054934,31.4190731048584,3106600
2020-05-01 00:00:00-04:00,31.122160137299026,31.122160137299026,30.619698777096826,31.091707229614258,3313700
2020-05-04 00:00:00-04:00,31.084098259521816,31.45713624779796,30.688219136346554,31.358165740966797,3289900
2020-05-05 00:00:00-04:00,31.571322082629063,32.187977328728735,31.548480955780228,31.7311954498291,2805600
2020-05-06 00:00:00-04:00,31.792686128410605,31.9463859506428,30.686052685183313,30.73984718322754,3960100
2020-05-07 00:00:00-04:00,31.108718412707667,31.308529018788747,30.747524346654703,30.90122413635254,3281000
2020-05-08 00:00:00-04:00,31.308533004406264,31.439175936753664,30.83974990536201,31.20094108581543,2609700
2020-05-11 00:00:00-04:00,31.016506545954584,31.285479038508676,30.478558629266093,31.06261444091797,2901700
2020-05-12 00:00:00-04:00,31.154835715989552,31.354643432093905,30.401709814395804,30.43244743347168,3945300
2020-05-13 00:00:00-04:00,30.301810307925933,30.39402904601832,29.75617862113978,30.009780883789062,3772500
2020-05-14 00:00:00-04:00,29.702370953126334,30.83974465761446,29.310436359616386,30.70909881591797,4154900
2020-05-15 00:00:00-04:00,30.409389926079253,30.69373265740832,29.687004659715164,30.194211959838867,7448100
2020-05-18 00:00:00-04:00,31.06261222739152,31.723519369519867,31.039558281552655,31.592876434326172,3001900
2020-05-19 00:00:00-04:00,31.446856376846693,31.592872499855396,30.993446530054655,31.01650047302246,2477800
2020-05-20 00:00:00-04:00,31.270094543618615,31.38537009176871,30.847422419699882,30.95501136779785,3012400
2020-05-21 00:00:00-04:00,30.82437872624094,31.300845482547814,30.762897631708473,31.070297241210938,2947400
2020-05-22 00:00:00-04:00,30.993446117325732,31.3008427685953,30.916594755823574,31.231678009033203,2802500
2020-05-26 00:00:00-04:00,31.838796776223568,31.98480999415717,31.231684094176025,31.285478591918945,2348200
2020-05-27 00:00:00-04:00,31.68509072871789,31.800366304989737,31.17019979961759,31.784996032714844,5103700
2020-05-28 00:00:00-04:00,32.31525382469047,32.90699605273386,32.084705628050294,32.807090759277344,3658700
2020-05-29 00:00:00-04:00,32.691823501586605,32.93774200931133,32.33062941079973,32.47664260864258,4659100
2020-06-01 00:00:00-04:00,32.37673903955171,33.00690555886681,32.19998530184915,32.86088943481445,2427100
2020-06-02 00:00:00-04:00,33.03764294075636,33.10680769511137,32.49200857569824,33.09912109375,2844200
2020-06-03 00:00:00-04:00,33.368104270740446,33.74466870624086,33.18366682070056,33.42190170288086,2927700
2020-06-04 00:00:00-04:00,33.21440057896927,33.27587873921387,32.2460939037934,32.55349349975586,3406800
2020-06-05 00:00:00-04:00,32.95312124052804,33.70624724161364,32.87626985373523,33.25283432006836,3603600
2020-06-08 00:00:00-04:00,33.137543504630756,33.89066916023835,32.9454195231519,33.7984504699707,3009000
2020-06-09 00:00:00-04:00,33.529480863989534,33.529480863989534,32.876257513552574,32.960792541503906,2883500
2020-06-10 00:00:00-04:00,33.099126367736744,33.19134507771098,32.39211137196774,32.46895980834961,2604500
2020-06-11 00:00:00-04:00,32.00017718846312,32.00017718846312,30.908914131796518,31.12409210205078,3900500
2020-06-12 00:00:00-04:00,31.792682512487804,31.86953388065339,30.56308993763783,31.070297241210938,3934600
2020-06-15 00:00:00-04:00,30.363273911802338,31.308526516853874,29.87143696933679,31.101032257080078,4195900
2020-06-16 00:00:00-04:00,31.9848177776294,32.09240679929692,30.94734886117151,31.131786346435547,5088900
2020-06-17 00:00:00-04:00,31.231679779515744,31.254733723483444,30.59382956657723,30.93196678161621,3825600
2020-06-18 00:00:00-04:00,30.73985449156374,31.177897183542044,30.632265469896222,31.131786346435547,3441100
2020-06-19 00:00:00-04:00,31.58519537969561,31.58519537969561,29.940613838481312,29.955984115600586,8571000
2020-06-22 00:00:00-04:00,30.02514304290576,30.54003696548145,29.610154436336703,30.509296417236328,4596200
2020-06-23 00:00:00-04:00,30.855118336370005,30.855118336370005,29.725428177076534,29.802276611328125,3753200
2020-06-24 00:00:00-04:00,29.571723067504085,29.67931202877107,28.672584235562017,29.033775329589844,4855700
2020-06-25 00:00:00-04:00,28.90314255641705,28.94156678010811,28.42667573317112,28.84166145324707,3710600
2020-06-26 00:00:00-04:00,28.695648600297286,28.91851320478927,28.173070942941095,28.31908416748047,6094100
2020-06-29 00:00:00-04:00,28.603419598551255,29.195161819458008,28.50351430629964,29.195161819458008,3265600
2020-06-30 00:00:00-04:00,29.210534286535346,29.917552194285363,29.07989136199167,29.802276611328125,5988200
2020-07-01 00:00:00-04:00,29.87143483871351,30.739836027327698,29.70236773403707,30.64761734008789,4357100
2020-07-02 00:00:00-04:00,30.931961235143987,30.985755715809194,30.5553969389082,30.678356170654297,2897300
2020-07-06 00:00:00-04:00,30.80901667350495,31.331594390152745,30.563098092915485,30.87818145751953,4223500
2020-07-07 00:00:00-04:00,30.60151323737318,31.054926035410375,30.38633527612836,30.93196678161621,4239300
2020-07-08 00:00:00-04:00,30.87049234215539,31.28548101249173,30.647630662083344,31.224002838134766,4635600
2020-07-09 00:00:00-04:00,31.031876593641417,31.070300816355577,30.509298956304118,30.885860443115234,3781500
2020-07-10 00:00:00-04:00,30.885854630577548,31.777309915048562,30.83206014258548,31.715831756591797,2784900
2020-07-13 00:00:00-04:00,31.646674343464436,31.884909225296976,31.23937228793886,31.385385513305664,2663300
2020-07-14 00:00:00-04:00,31.37001472688099,31.80037365531185,31.200944624358087,31.446863174438477,7743700
2020-07-15 00:00:00-04:00,31.99249715893868,32.107769828304555,31.362330518681564,31.370014190673828,4429000
2020-07-16 00:00:00-04:00,31.354634949810276,31.838788231136828,31.24704598319981,31.731199264526367,2647100
2020-07-17 00:00:00-04:00,31.877215038658374,32.54580576530134,31.777309733709057,32.384422302246094,3370500
2020-07-20 00:00:00-04:00,32.20767067481166,32.292205712872516,31.692779707102677,31.708147048950195,2761600
2020-07-21 00:00:00-04:00,32.00018420239085,32.00787080677327,25.821473490204205,26.32099723815918,41029600
2020-07-22 00:00:00-04:00,22.294070187488142,22.82433286292135,17.560134721455395,20.818557739257812,135941100
2020-07-23 00:00:00-04:00,21.295026597610846,22.132687478435837,20.718654512591268,21.056793212890625,53410400
2020-07-24 00:00:00-04:00,21.47177890176529,23.170154378067018,21.387243871723005,22.655261993408203,38414300
2020-07-27 00:00:00-04:00,22.862760504048133,23.33154362545287,21.71001627695327,22.501567840576172,21554400
2020-07-28 00:00:00-04:00,22.286385326846514,23.254690520390493,22.194165156408566,22.39397430419922,15827800
2020-07-29 00:00:00-04:00,22.601469817220977,22.84738833070665,21.840658866453435,22.009727478027344,13114200
2020-07-30 00:00:00-04:00,21.84066142431829,22.509253743725747,21.71001701550489,22.186485290527344,10784000
2020-07-31 00:00:00-04:00,22.05583825042689,22.44008629335565,21.809918271688918,22.286386489868164,16410200
2020-08-03 00:00:00-04:00,22.20953897205341,22.50925347444579,21.886770522716308,22.432403564453125,8256100
2020-08-04 00:00:00-04:00,22.48619894196121,22.985721177782775,22.33249911595911,22.778226852416992,8252300
2020-08-05 00:00:00-04:00,22.970346712549688,22.970346712549688,22.02509691267078,22.240276336669922,8269100
2020-08-06 00:00:00-04:00,22.17016256709391,22.902417146279138,22.076684144277856,22.73103904724121,6547700
2020-08-07 00:00:00-04:00,22.55187544867447,23.097170322231356,22.528505095279858,22.933582305908203,9346500
2020-08-10 00:00:00-04:00,23.05822081446018,23.67362525158961,23.050430696798667,23.41655731201172,9298400
2020-08-11 00:00:00-04:00,23.510034707156372,23.619093371050788,22.871259985809903,23.291915893554688,11447800
2020-08-12 00:00:00-04:00,23.291914013526338,23.533401672291866,23.09716556611255,23.268545150756836,5568800
2020-08-13 00:00:00-04:00,23.229596112532608,23.54898346863766,22.917998873139005,23.058218002319336,5798300
2020-08-14 00:00:00-04:00,23.058221486784998,23.182860401377372,22.762202950268314,22.84789276123047,3809400
2020-08-17 00:00:00-04:00,22.76220382228499,22.91021309621355,22.466186760241,22.544086456298828,4853000
2020-08-18 00:00:00-04:00,22.481766220679738,22.715463814974257,22.325966833941347,22.497344970703125,4098300
2020-08-19 00:00:00-04:00,22.512923342026713,22.55187392839197,22.19353596289633,22.31038475036621,5462700
2020-08-20 00:00:00-04:00,22.170166193262524,22.39607514267452,21.975417713761008,22.092267990112305,6680500
2020-08-21 00:00:00-04:00,22.15458607558889,22.1623761925853,21.749508906653013,21.897518157958984,7311900
2020-08-24 00:00:00-04:00,22.006580706619122,22.115639392182864,21.741722625267325,22.053319931030273,4674100
2020-08-25 00:00:00-04:00,22.123429377754583,22.17016860188518,21.733932376435618,21.765092849731445,4907800
2020-08-26 00:00:00-04:00,21.63265987675357,21.94425712399371,21.367801845146236,21.819618225097656,6497500
2020-08-27 00:00:00-04:00,21.889726638793945,22.045524511303643,21.76508774646107,21.889726638793945,3938300
2020-08-28 00:00:00-04:00,21.983210351506965,22.162380102407173,21.804042086419916,22.053319931030273,4403500
2020-08-31 00:00:00-04:00,22.12342932247376,22.364917046660423,22.006580519532676,22.271438598632812,4799600
2020-09-01 00:00:00-04:00,22.061103452989542,22.318171339105675,21.811825682914836,22.01436424255371,5492400
2020-09-02 00:00:00-04:00,22.029948741932564,22.824521416504666,21.990998154180552,22.69988250732422,7339600
2020-09-03 00:00:00-04:00,22.93358292952772,23.346448783368047,22.621985638191696,22.89463233947754,6132700
2020-09-04 00:00:00-04:00,23.01148403164223,23.24518164298844,22.653146010323105,22.902423858642578,6115400
2020-09-08 00:00:00-04:00,22.98032130804441,23.136120690898736,22.64535367497673,22.692092895507812,4193400
2020-09-09 00:00:00-04:00,22.863472004256682,22.98811091343713,22.6531432878348,22.69988250732422,4385800
2020-09-10 00:00:00-04:00,22.66872086211071,22.949157631942914,22.341543392462448,22.629770278930664,4513000
2020-09-11 00:00:00-04:00,22.60640504993438,22.879053232785093,22.590824814157067,22.84789276123047,2635600
2020-09-14 00:00:00-04:00,22.863468014547237,23.276333771981903,22.808938687022867,23.104955673217773,3526700
2020-09-15 00:00:00-04:00,23.1672791400063,23.268549182262635,22.723252840700965,22.86347198486328,3535600
2020-09-16 00:00:00-04:00,22.73104487321277,23.385399943887467,22.70767451861256,23.182861328125,2886100
2020-09-17 00:00:00-04:00,22.972530172548353,23.323078025533444,22.520713765263658,23.214017868041992,2988200
2020-09-18 00:00:00-04:00,23.136116683101125,23.198436128284847,22.551871327323955,22.559659957885742,6810100
2020-09-21 00:00:00-04:00,22.349341577285312,22.59861945637645,22.11564245127735,22.302600860595703,3870300
2020-09-22 00:00:00-04:00,22.302596689786913,22.45839607798951,22.20132812752438,22.255857467651367,3733200
2020-09-23 00:00:00-04:00,22.302596540973624,22.481766281955032,21.266534628034762,21.48465347290039,9369500
2020-09-24 00:00:00-04:00,21.562555158330632,22.115640210805985,21.484655457553103,21.936471939086914,6268500
2020-09-25 00:00:00-04:00,21.88194297416726,22.38049869049746,21.780672915654414,22.27923011779785,3314600
2020-09-28 00:00:00-04:00,22.489555827217846,22.50513457688699,22.146798075675044,22.162378311157227,3233000
2020-09-29 00:00:00-04:00,22.22470077205089,22.38049869049746,21.9053133305502,22.27923011779785,2530200
2020-09-30 00:00:00-04:00,22.380494174874755,22.575242647999275,22.185745701750236,22.364913940429688,5065600
2020-10-01 00:00:00-04:00,22.435022889075704,22.60640249160527,22.162376222893023,22.40386390686035,2805900
2020-10-02 00:00:00-04:00,22.255852590037026,23.182855626472115,22.12342358483201,22.99589729309082,4010300
2020-10-05 00:00:00-04:00,23.104960829271523,23.40097936733803,22.91800245640413,23.29970932006836,2878500
2020-10-06 00:00:00-04:00,23.33086679842789,23.9696415285564,23.229596764151196,23.6892032623291,5304200
2020-10-07 00:00:00-04:00,23.821637213405896,23.969646494111135,23.65804918142631,23.80605697631836,3910600
2020-10-08 00:00:00-04:00,23.891745118146602,24.429251373447585,23.837215777979402,24.366931915283203,3400200
2020-10-09 00:00:00-04:00,24.4292505923479,24.600628725367045,24.19555151734393,24.3201904296875,4404700
2020-10-12 00:00:00-04:00,24.250078840456908,24.561677581233347,24.211129740766307,24.351348876953125,5462700
2020-10-13 00:00:00-04:00,24.195552258503422,24.47599056277337,24.0475444741948,24.390300750732422,4297000
2020-10-14 00:00:00-04:00,24.44483122283779,24.686320434170252,23.65804858531316,24.483781814575195,4531700
2020-10-15 00:00:00-04:00,24.30461289741995,24.686319771318416,24.265662306728405,24.546100616455078,2823400
2020-10-16 00:00:00-04:00,24.59283182043635,24.920009246496345,24.405873503518155,24.686311721801758,3910500
2020-10-19 00:00:00-04:00,24.69410893076734,25.052445436339323,24.592838884714,24.717477798461914,7021900
2020-10-20 00:00:00-04:00,25.122555254535765,25.254982801589986,24.75642862757942,24.795377731323242,5675300
2020-10-21 00:00:00-04:00,24.6629461357939,25.200450843510644,24.655156018691972,25.184873580932617,8604900
2020-10-22 00:00:00-04:00,25.216029668084794,25.917125309936353,25.12255123971314,25.730165481567383,6097900
2020-10-23 00:00:00-04:00,25.82365673694473,25.979453186480665,25.574378851735084,25.94050407409668,4412400
2020-10-26 00:00:00-04:00,25.737960225650866,26.033975780230705,25.504262640383512,25.956077575683594,7173200
2020-10-27 00:00:00-04:00,26.002816227209422,26.18198446081461,25.769118660403777,26.010604858398438,5270000
2020-10-28 00:00:00-04:00,25.70679889909471,25.753539603242036,24.577257141021427,24.740846633911133,7772400
2020-10-29 00:00:00-04:00,24.686316260254845,25.161501512602566,24.19554928803354,24.779794692993164,8632800
2020-10-30 00:00:00-04:00,23.883953776435764,24.522728561345822,23.034850273817366,23.15169906616211,20289700
2020-11-02 00:00:00-05:00,23.408765068174194,23.95406136844775,23.151697151945317,23.31528663635254,7242900
2020-11-03 00:00:00-05:00,23.650257170256864,23.76710596743613,23.338658396694726,23.463298797607422,4528600
2020-11-04 00:00:00-05:00,23.29192462786099,23.51783364299982,22.62199067381544,22.637569427490234,6083500
2020-11-05 00:00:00-05:00,23.01656836101094,23.67192857485706,22.99288160411663,23.206069946289062,5825700
2020-11-06 00:00:00-05:00,23.23765470143034,23.561386770169943,22.898130457136425,22.953401565551758,6045500
2020-11-09 00:00:00-05:00,23.727197891456722,24.524684610575857,23.198172107725203,23.3087158203125,8229300
2020-11-10 00:00:00-05:00,23.45873061107264,23.58506646357668,22.984977564785353,23.142894744873047,8517400
2020-11-11 00:00:00-05:00,23.150797334225548,23.53769656727622,23.01656686512432,23.52190589904785,5508300
2020-11-12 00:00:00-05:00,23.379783085152553,23.442950286250902,22.756005656534597,23.1586971282959,8673300
2020-11-13 00:00:00-05:00,23.37978067405757,23.49032288807354,23.12711189572124,23.30082130432129,3894600
2020-11-16 00:00:00-05:00,23.640347033111443,23.640347033111443,22.24277107038889,22.50333595275879,11704600
2020-11-17 00:00:00-05:00,22.503333280904474,22.937607531284005,22.416477828418717,22.692834854125977,7713400
2020-11-18 00:00:00-05:00,22.787584604021674,23.008669002403902,22.440164327389514,22.542810440063477,7562500
2020-11-19 00:00:00-05:00,22.52702089917406,22.95339905024327,22.361206086073835,22.929712295532227,5780900
2020-11-20 00:00:00-05:00,22.41648140602566,22.46385793641067,21.563723437418826,22.10854148864746,23115000
2020-11-23 00:00:00-05:00,22.14801374159582,22.219077009705597,21.85586608916621,21.879552841186523,5827100
2020-11-24 00:00:00-05:00,21.94272981113212,22.029583778028524,21.02680306602244,21.050491333007812,14354200
2020-11-25 00:00:00-05:00,21.034694290938557,21.153134092452337,20.66358723013268,20.971527099609375,7620900
2020-11-27 00:00:00-05:00,20.987320031343156,21.20840596198622,20.916256750280198,21.097862243652344,2388000
2020-11-30 00:00:00-05:00,21.003111448286283,21.247884126433792,20.758338770138778,20.971527099609375,8524800
2020-12-01 00:00:00-05:00,20.89257196607998,21.48476506950889,20.74255079754928,21.453182220458984,9232000
2020-12-02 00:00:00-05:00,21.397909611105,21.58741121024829,21.200511923744298,21.571619033813477,4078900
2020-12-03 00:00:00-05:00,21.57161663900332,22.05326742462009,21.358426798875442,22.029579162597656,5808700
2020-12-04 00:00:00-05:00,22.02958462548363,22.961302078400774,21.990105685014274,22.85865592956543,7880300
2020-12-07 00:00:00-05:00,22.83496323326664,23.348196889961645,22.740211686080375,23.269237518310547,8768600
2020-12-08 00:00:00-05:00,23.095524427897843,24.03513763827525,23.063940081856813,23.89301109313965,7772200
2020-12-09 00:00:00-05:00,24.04303307763542,24.54047446619622,23.98776047355136,24.19305419921875,9564600
2020-12-10 00:00:00-05:00,24.24043000074982,24.343076107538298,23.742987120862974,23.861425399780273,4980900
2020-12-11 00:00:00-05:00,23.76667804070667,24.279911644175375,23.758781953757968,23.987762451171875,4884400
2020-12-14 00:00:00-05:00,24.240432100597275,24.540475866914264,23.932490741507316,23.964075088500977,3878400
2020-12-15 00:00:00-05:00,24.027245592758327,24.801044128609735,23.900911199395843,24.793148040771484,4551100
2020-12-16 00:00:00-05:00,24.83262972855547,25.03002741636267,24.35097888837796,24.40625,5221700
2020-12-17 00:00:00-05:00,24.579957181817544,24.737875920073673,24.074619629037457,24.082515716552734,3767400
2020-12-18 00:00:00-05:00,24.035138025511323,24.350973960887554,23.782469277210343,23.956178665161133,9010500
2020-12-21 00:00:00-05:00,23.70351691070059,23.750891938479125,23.324513676422328,23.679828643798828,6369700
2020-12-22 00:00:00-05:00,23.608756797857385,23.75877942184596,23.45083959378601,23.648237228393555,4139600
2020-12-23 00:00:00-05:00,23.829846648936236,23.908806017099334,23.127111434936523,23.127111434936523,4820400
2020-12-24 00:00:00-05:00,23.20606895070273,23.490322069437255,23.056047810059205,23.43505096435547,1935900
2020-12-28 00:00:00-05:00,23.50611262095142,23.98776186485265,23.277130623109798,23.38767433166504,4125400
2020-12-29 00:00:00-05:00,23.442949564105486,23.7587855598681,23.308719077653272,23.458740234375,4872200
2020-12-30 00:00:00-05:00,23.49821725891069,23.80615712175745,23.466632910913788,23.774574279785156,2667200
2020-12-31 00:00:00-05:00,23.664031603353404,24.193057407254713,23.58507374195518,24.169370651245117,2740000
2021-01-04 00:00:00-05:00,24.169371359370967,24.208850291226753,23.174486915153125,23.30082130432129,5216300
2021-01-05 00:00:00-05:00,23.292923269998365,23.608759216522238,23.095525615167873,23.561384201049805,4482700
2021-01-06 00:00:00-05:00,23.545595502085572,24.058829179183164,23.529803325922614,23.924598693847656,7262200
2021-01-07 00:00:00-05:00,23.987763754101806,24.027244190989737,23.387676173651972,23.395570755004883,4700200
2021-01-08 00:00:00-05:00,23.419259585920248,23.687720539179594,23.31661345956801,23.616657257080078,3207100
2021-01-11 00:00:00-05:00,23.608760176107157,24.114099217109597,23.57717733318337,23.845638275146484,5586600
2021-01-12 00:00:00-05:00,23.814056319647257,24.11410164071508,23.648242989076724,24.074621200561523,4413900
2021-01-13 00:00:00-05:00,24.16147029890293,24.429931197137083,24.090407031368926,24.311492919921875,3194500
2021-01-14 00:00:00-05:00,24.31939290344948,24.80104371130513,24.2009545999181,24.67470932006836,4649500
2021-01-15 00:00:00-05:00,24.57206007821678,25.061605405718705,24.28780698094176,25.00633430480957,4234200
2021-01-19 00:00:00-05:00,25.18793702176301,25.22741745096223,24.49309803412497,24.56416130065918,6089700
2021-01-20 00:00:00-05:00,24.47731013068778,24.777353914800205,24.24043353828453,24.73787498474121,4008800
2021-01-21 00:00:00-05:00,24.572059855162742,24.83262468995804,24.5088926681222,24.53257942199707,3139900
2021-01-22 00:00:00-05:00,24.540473821038375,24.816830810095507,24.319387928587783,24.69049644470215,2895400
2021-01-25 00:00:00-05:00,24.564167590808914,25.172151295919527,24.532583239361728,25.156360626220703,3962900
2021-01-26 00:00:00-05:00,25.219527862776562,25.36955052033723,24.98264974462423,25.211631774902344,5214400
2021-01-27 00:00:00-05:00,24.91158434617455,25.077399165415216,24.27201634287402,24.36676788330078,6183900
2021-01-28 00:00:00-05:00,24.358871796096498,24.745771032958526,24.21674523846868,24.36676788330078,3283500
2021-01-29 00:00:00-05:00,24.3193922158521,24.54837423476006,23.995660159207866,24.287809371948242,7042400
2021-02-01 00:00:00-05:00,24.248327701373963,24.674707367577522,23.8614284705733,24.619436264038086,4870300
2021-02-02 00:00:00-05:00,24.72998404238756,25.614324910295633,24.50100348956358,25.195842742919922,5320800
2021-02-03 00:00:00-05:00,25.108982667788652,25.716967844267685,25.05371156193141,25.582738876342773,5679300
2021-02-04 00:00:00-05:00,25.62269962129785,25.958366697511586,25.38293546409336,25.758563995361328,5397700
2021-02-05 00:00:00-05:00,25.85446745980278,26.09423313230254,25.59872025463373,25.79852294921875,4434200
2021-02-08 00:00:00-05:00,25.774548623853647,26.19013861092515,25.534785990590514,25.67864418029785,5512300
2021-02-09 00:00:00-05:00,25.71060709693257,25.998323440551758,25.518798233684386,25.998323440551758,3660200
2021-02-10 00:00:00-05:00,26.14218441219945,26.14218441219945,25.22309230143726,25.374942779541016,5120200
2021-02-11 00:00:00-05:00,25.478839756950716,25.518801211768864,24.775534920261247,24.871440887451172,4589700
2021-02-12 00:00:00-05:00,24.79951075397504,25.095217885370126,24.775533882088855,24.967344284057617,2494800
2021-02-16 00:00:00-05:00,25.087231803009054,25.6706554439223,24.911405938786608,25.51880645751953,5212900
2021-02-17 00:00:00-05:00,25.55076928218843,25.598721504405336,25.175140746804278,25.534786224365234,5297100
2021-02-18 00:00:00-05:00,25.24706816289512,28.284068457089724,25.24706816289512,27.372968673706055,18824000
2021-02-19 00:00:00-05:00,27.173170111066767,27.37297283247167,26.709626334008554,27.197145462036133,6317600
2021-02-22 00:00:00-05:00,27.372966165730574,27.52481509946606,26.79753349263302,27.077259063720703,3407900
2021-02-23 00:00:00-05:00,27.245094051336224,27.348992300433324,26.797534942626953,26.797534942626953,4190800
2021-02-24 00:00:00-05:00,26.821514343959915,27.43690699824033,26.813520529019574,27.372968673706055,4958000
2021-02-25 00:00:00-05:00,27.364977901720895,27.612731287371,26.701631504180167,26.781551361083984,4660800
2021-02-26 00:00:00-05:00,26.909424378608946,27.02131644409704,26.445883730860757,26.485843658447266,4230600
2021-03-01 00:00:00-05:00,26.885453497143242,27.221123651864026,26.685650777278923,26.701635360717773,3292300
2021-03-02 00:00:00-05:00,26.645683797406463,26.749582037912464,26.214109304917006,26.222103118896484,3247700
2021-03-03 00:00:00-05:00,26.230096634333016,26.341985651803217,25.79053133052277,26.294034957885742,4283000
2021-03-04 00:00:00-05:00,26.37395067121215,26.749580641219232,26.150172671418957,26.54977798461914,5488800
2021-03-05 00:00:00-05:00,26.74159463079564,26.77356379687937,25.990337520312895,26.541791915893555,5516500
2021-03-08 00:00:00-05:00,26.757574234233022,26.837497134568633,26.517811630720015,26.669660568237305,4057200
2021-03-09 00:00:00-05:00,26.94938989190594,27.516828843794297,26.885451562750855,27.317026138305664,5601500
2021-03-10 00:00:00-05:00,27.38894632246359,27.868471440110323,27.372961745375854,27.61272430419922,3756500
2021-03-11 00:00:00-05:00,27.468872573269927,27.78056427739645,27.285054466958055,27.69265365600586,4867300
2021-03-12 00:00:00-05:00,27.84450043592796,27.98036478921652,27.54079952144901,27.91642951965332,4095100
2021-03-15 00:00:00-04:00,28.060287354116046,28.268080788664108,27.812530946725047,28.172176361083984,2960600
2021-03-16 00:00:00-04:00,28.08427266704175,29.474901079902992,28.044312728762236,28.41994285583496,4756800
2021-03-17 00:00:00-04:00,28.603749905497565,28.85949706968991,28.052292605601146,28.13221549987793,3474400
2021-03-18 00:00:00-04:00,28.100246937797674,28.363987921381458,27.644697101377275,27.676666259765625,4233100
2021-03-19 00:00:00-04:00,27.70064422592949,28.284067702375058,27.29304808851441,27.86048698425293,11060200
2021-03-22 00:00:00-04:00,27.604739480423042,27.916431178842465,27.428912143367164,27.4688720703125,3089100
2021-03-23 00:00:00-04:00,27.452892207352644,27.700648674983963,27.30903400663091,27.484861373901367,3982400
2021-03-24 00:00:00-04:00,27.44489948861906,27.948403155343485,27.412930324343506,27.436908721923828,3908200
2021-03-25 00:00:00-04:00,27.572771364755003,27.61273129321537,27.085252310796026,27.372968673706055,2754500
2021-03-26 00:00:00-04:00,27.388954162597656,27.644701371716828,27.117222371815135,27.388954162597656,3053700
2021-03-29 00:00:00-04:00,27.31702617022241,28.108243177583333,27.31702617022241,27.980369567871094,3519800
2021-03-30 00:00:00-04:00,27.80453804179246,28.03630985196036,27.484852576130077,27.564775466918945,3303800
2021-03-31 00:00:00-04:00,27.652686019849178,27.820522565805888,27.492846336075615,27.7246150970459,3724600
2021-04-01 00:00:00-04:00,27.62072593002642,27.69265502289422,27.213126720859826,27.420923233032227,3901500
2021-04-05 00:00:00-04:00,27.476871039169673,27.908442599381,27.404941937676522,27.812538146972656,3358700
2021-04-06 00:00:00-04:00,27.764587445142272,27.828522730498644,27.620729242155974,27.812538146972656,5174500
2021-04-07 00:00:00-04:00,27.876467661970253,28.116230241512685,27.748594082964516,27.996347427368164,7387900
2021-04-08 00:00:00-04:00,28.06828310503166,28.140212200679766,27.724622209018182,27.964387893676758,4979800
2021-04-09 00:00:00-04:00,28.020336585742125,28.13222562927012,27.700650991021188,27.788564682006836,1994800
2021-04-12 00:00:00-04:00,27.788553409552556,27.92441775050939,27.652686019849178,27.7246150970459,2355800
2021-04-13 00:00:00-04:00,27.732615908052605,28.16419048012901,27.604742299520407,28.100252151489258,2899800
2021-04-14 00:00:00-04:00,28.020332289436876,28.188165828995263,27.924424796477243,28.100252151489258,2004400
2021-04-15 00:00:00-04:00,28.10024791069414,28.435917987900027,28.076272565446168,28.387964248657227,2365400
2021-04-16 00:00:00-04:00,28.531826136456125,28.683675090729924,28.340014203231156,28.523832321166992,2741200
2021-04-19 00:00:00-04:00,28.73162292700747,28.73162292700747,28.35599295310226,28.611740112304688,2003400
2021-04-20 00:00:00-04:00,28.595763528452295,29.091276455593853,28.595763528452295,28.99536895751953,4509700
2021-04-21 00:00:00-04:00,29.139222632662467,29.466898911683195,29.00335827126834,29.402963638305664,3736600
2021-04-22 00:00:00-04:00,29.36300819510114,29.38698354518539,28.971393534156075,29.051313400268555,3369800
2021-04-23 00:00:00-04:00,29.09925808419658,29.994373110549866,29.04331358559616,29.331029891967773,6012200
2021-04-26 00:00:00-04:00,29.370999480352747,29.506863864890263,29.15521217954535,29.32304573059082,4098900
2021-04-27 00:00:00-04:00,29.378984298755768,29.68268522159091,29.251110707364166,29.46689796447754,3890700
2021-04-28 00:00:00-04:00,29.570800356554937,29.938436602261397,29.426942164974612,29.90646743774414,3160100
2021-04-29 00:00:00-04:00,29.906472600503477,30.210173618350712,29.834546541044038,30.146238327026367,2391800
2021-04-30 00:00:00-04:00,30.21017159486794,30.322060633752084,29.978399700752128,30.306076049804688,3680300
2021-05-03 00:00:00-04:00,30.37001568286566,30.94544853456135,30.242142054571925,30.625762939453125,5370300
2021-05-04 00:00:00-04:00,30.61776896570572,30.673713481679872,30.03434540715567,30.202178955078125,6825500
2021-05-05 00:00:00-04:00,30.170208718214422,30.330051493358408,29.738634139949873,30.274106979370117,3918000
2021-05-06 00:00:00-04:00,30.403308479049954,30.43560712833337,29.74113842157117,30.217575073242188,3654400
2021-05-07 00:00:00-04:00,30.29025333409668,30.500211503284497,30.144901706802344,30.298330307006836,2047600
2021-05-10 00:00:00-04:00,30.403303146362305,30.71016028373879,30.371001422282056,30.403303146362305,2085200
2021-05-11 00:00:00-04:00,30.33062250160343,30.36292114170141,29.854182904964944,30.039913177490234,3172900
2021-05-12 00:00:00-04:00,30.023766646678492,30.07221923450483,29.361596682028903,29.426197052001953,2784400
2021-05-13 00:00:00-04:00,29.547327187305093,30.451753936466798,29.48272373641964,30.266023635864258,4194300
2021-05-14 00:00:00-04:00,30.209498550410988,30.548660522284074,30.209498550410988,30.371004104614258,2825100
2021-05-17 00:00:00-04:00,30.540587558872815,30.629415779366724,30.306404628563904,30.451759338378906,3759900
2021-05-18 00:00:00-04:00,30.322552471189677,30.564809269909055,30.241801231770662,30.41945457458496,1996900
2021-05-19 00:00:00-04:00,30.387159705191255,30.419458356697223,29.894569074288423,30.20142936706543,2232400
2021-05-20 00:00:00-04:00,30.18528098267286,30.7182472821214,30.18528098267286,30.435611724853516,2375800
2021-05-21 00:00:00-04:00,30.492130518516323,30.702088660079887,30.379077556349255,30.694011688232422,1920100
2021-05-24 00:00:00-04:00,30.80707897475361,30.847454607340588,30.605197731355386,30.62134552001953,2327500
2021-05-25 00:00:00-04:00,30.63748941234197,30.76669325547585,30.290253506332938,30.37908172607422,2521600
2021-05-26 00:00:00-04:00,30.403307261538018,30.52443412254088,30.282177320072776,30.34678077697754,2341200
2021-05-27 00:00:00-04:00,30.475987129312173,30.69401611323096,30.330632419724566,30.580963134765625,2870100
2021-05-28 00:00:00-04:00,30.597117031398465,30.677871367203995,30.41946057308923,30.61326789855957,2089300
2021-06-01 00:00:00-04:00,30.80707221043616,30.80707221043616,30.492134952296624,30.70209312438965,2955700
2021-06-02 00:00:00-04:00,30.782850824758718,31.025107698335173,30.564818714400925,30.799001693725586,2958900
2021-06-03 00:00:00-04:00,30.637481526080173,31.202749349461214,30.605182883957514,31.065471649169922,2360200
2021-06-04 00:00:00-04:00,31.089712310335013,31.20276531677118,30.871680192009524,30.952434539794922,2452500
2021-06-07 00:00:00-04:00,31.01702875474223,31.218909963268402,30.928200530116673,31.14623260498047,1977800
2021-06-08 00:00:00-04:00,31.138165152111284,31.16238991639656,30.782852180122386,30.903982162475586,2012100
2021-06-09 00:00:00-04:00,30.9766402154961,31.20274608903764,30.831285559516118,31.081619262695312,3174800
2021-06-10 00:00:00-04:00,31.14622286170088,31.20274933596836,30.976643438898442,31.19467544555664,2365600
2021-06-11 00:00:00-04:00,31.194683723485685,31.340038433162977,31.05740290636263,31.299659729003906,2088200
2021-06-14 00:00:00-04:00,31.396569959883227,31.45309645822022,31.154313098372814,31.32389259338379,1525900
2021-06-15 00:00:00-04:00,31.364262752951813,31.679196926030322,31.29158539912888,31.396564483642578,2316100
2021-06-16 00:00:00-04:00,31.43694392310911,31.55807388767294,30.694019429345985,30.80707550048828,3624800
2021-06-17 00:00:00-04:00,30.80706515981394,30.96049372702719,30.41945063550123,30.459829330444336,2414000
2021-06-18 00:00:00-04:00,30.556738395850072,30.597114019546964,29.91071917531191,29.983396530151367,6189300
2021-06-21 00:00:00-04:00,30.11259509477042,30.57288390123267,29.999542136055073,30.516357421875,2645700
2021-06-22 00:00:00-04:00,30.45176217725384,30.68594512939453,30.26603182638937,30.282182693481445,1988100
2021-06-23 00:00:00-04:00,30.096443217697004,30.161043586016238,29.75728127251957,29.838035583496094,3420300
2021-06-24 00:00:00-04:00,29.894571243918904,30.07222770217752,29.829967775292886,30.023775100708008,1920200
2021-06-25 00:00:00-04:00,29.967248894653512,30.46791345947778,29.951098027341377,30.435611724853516,2584100
2021-06-28 00:00:00-04:00,30.524434012417064,30.887820755039414,30.41945493555675,30.734392166137695,3571100
2021-06-29 00:00:00-04:00,30.807078171192614,30.831302934020272,30.23373311374449,30.31448745727539,2195000
2021-06-30 00:00:00-04:00,30.266024740300292,30.379077703013156,29.846111535608088,30.047992706298828,3445500
2021-07-01 00:00:00-04:00,30.06414677808845,30.548663487731705,29.983395533379174,30.4113826751709,2692700
2021-07-02 00:00:00-04:00,30.44368004533716,30.556733003924613,30.177195431127803,30.266023635864258,1749600
2021-07-06 00:00:00-04:00,30.185274748084883,30.459833274756797,29.878414493460433,30.41945457458496,2598900
2021-07-07 00:00:00-04:00,30.37907823067291,30.597110268461414,30.185274028502413,30.572885513305664,2412900
2021-07-08 00:00:00-04:00,30.290252424939247,30.540586209776347,30.15297469421285,30.217575073242188,2175800
2021-07-09 00:00:00-04:00,30.403315045984122,30.403315045984122,29.999552578337394,30.30640983581543,2394700
2021-07-12 00:00:00-04:00,30.193346293849167,30.338700977879345,30.015689884376265,30.266023635864258,3024800
2021-07-13 00:00:00-04:00,30.233724486940886,30.35485442744276,29.829962125884432,29.89456558227539,3054000
2021-07-14 00:00:00-04:00,29.87841710137571,30.072224405544933,29.773438016598107,29.918792724609375,2623900
2021-07-15 00:00:00-04:00,29.83804053034642,30.241802910782873,29.829963557678692,30.217575073242188,2574000
2021-07-16 00:00:00-04:00,30.298325395583074,30.718238585427287,30.1933463280065,30.516357421875,5491000
2021-07-19 00:00:00-04:00,30.30640807773143,30.524440167268136,29.805743509422875,30.169130325317383,4221800
2021-07-20 00:00:00-04:00,30.274105721345983,30.65364027779153,30.257954855896422,30.37908172607422,3652000
2021-07-21 00:00:00-04:00,30.44369132646161,30.532519564113993,30.24988398245067,30.31448745727539,2995000
2021-07-22 00:00:00-04:00,31.49347116780789,32.09104095049824,31.388492068052216,31.614601135253906,12047100
2021-07-23 00:00:00-04:00,31.08969640087737,31.792241924549707,30.855513532832653,31.065471649169922,7695100
2021-07-26 00:00:00-04:00,31.16238199234348,31.638821745071798,30.92819906225644,31.299659729003906,6124700
2021-07-27 00:00:00-04:00,31.259279223556877,31.58229032360914,30.855516888722626,31.38848304748535,6111900
2021-07-28 00:00:00-04:00,31.46117191905076,31.4853997627327,30.653646953487055,30.799001693725586,3265500
2021-07-29 00:00:00-04:00,30.839377082834606,30.936282295872,30.56481847348849,30.7263240814209,2632600
2021-07-30 00:00:00-04:00,30.66171873836576,31.259285386678673,30.645567872132606,30.944351196289062,6733400
2021-08-02 00:00:00-04:00,30.944354384333774,31.243137739272413,30.831301389517158,31.05740737915039,3467900
2021-08-03 00:00:00-04:00,31.146232128899886,31.340039441526223,30.83129794128698,31.122007369995117,2760200
2021-08-04 00:00:00-04:00,31.017029796081186,31.073556289929265,30.4679126440174,30.718246459960938,3254100
2021-08-05 00:00:00-04:00,30.824314735582572,30.995653953913774,30.383736622027687,30.97933578491211,4001300
2021-08-06 00:00:00-04:00,30.995648800578454,31.109872852226705,30.8243096107341,30.8651065826416,1768700
2021-08-09 00:00:00-04:00,30.832460136464327,31.052750640543277,30.69375732469419,30.889572143554688,3368700
2021-08-10 00:00:00-04:00,30.930380363101037,31.036446902288535,30.767201790283135,30.881425857543945,2190800
2021-08-11 00:00:00-04:00,30.97932810974959,31.322000236769604,30.865104067409586,31.13434600830078,2300200
2021-08-12 00:00:00-04:00,31.011957883796025,31.321996758844094,30.93852770582073,31.25672721862793,1418500
2021-08-13 00:00:00-04:00,31.411738822759133,31.607553629019467,31.207766492741218,31.525962829589844,1752800
2021-08-16 00:00:00-04:00,31.55044301405726,31.933912045153306,31.444379628224436,31.680988311767578,3347900
2021-08-17 00:00:00-04:00,31.697313173737683,31.713631341002877,31.175144270740155,31.534137725830078,2807100
2021-08-18 00:00:00-04:00,31.550445901068684,31.550445901068684,30.987483258849682,31.183298110961914,2822600
2021-08-19 00:00:00-04:00,31.224097835084685,31.90128463821191,31.150667640782014,31.770742416381836,3761600
2021-08-20 00:00:00-04:00,31.697310654808522,31.901283060855867,31.47702319516468,31.893125534057617,2242700
2021-08-23 00:00:00-04:00,31.925761090670118,31.966554948414515,31.493337483938348,31.664676666259766,2394900
2021-08-24 00:00:00-04:00,31.6320367626145,31.664673090072828,31.25672833395818,31.517812728881836,2373900
2021-08-25 00:00:00-04:00,31.525977543449233,31.991034423952584,31.362798980801763,31.819698333740234,1849000
2021-08-26 00:00:00-04:00,31.827847658026556,31.827847658026556,31.370951535220257,31.444381713867188,1614900
2021-08-27 00:00:00-04:00,31.43622810702628,31.632042998004305,31.33016469043645,31.46886444091797,1679500
2021-08-30 00:00:00-04:00,31.403595500080698,31.656519311760782,31.36279852573163,31.534137725830078,1333600
2021-08-31 00:00:00-04:00,31.509658258288223,31.77890334396216,31.411752369121384,31.71363067626953,2132500
2021-09-01 00:00:00-04:00,31.925765930617693,32.32555015444067,31.844175090387882,32.1705322265625,2341400
2021-09-02 00:00:00-04:00,32.22764789883942,32.58663829928373,32.17869338917183,32.57032012939453,2243000
2021-09-03 00:00:00-04:00,32.423459687830096,32.48057172072976,32.19500844385906,32.30107498168945,2979400
2021-09-07 00:00:00-04:00,32.260275408138455,32.260275408138455,31.3220011267622,31.38727378845215,3734600
2021-09-08 00:00:00-04:00,31.346479417341087,31.844172610684506,31.24857352906155,31.770742416381836,2832200
2021-09-09 00:00:00-04:00,31.64836224347998,31.77074383118624,31.28936878318165,31.305686950683594,2238000
2021-09-10 00:00:00-04:00,31.27305514908988,31.3056883732044,30.73456493417356,30.750883102416992,2157900
2021-09-13 00:00:00-04:00,30.95484817811278,31.02012083556948,30.342931020128464,30.538745880126953,2923000
2021-09-14 00:00:00-04:00,30.71823985716068,30.954845438572313,30.448994837537708,30.55506134033203,3568200
2021-09-15 00:00:00-04:00,30.457163540767983,31.02012630491921,30.391890871802655,30.84062957763672,3260700
2021-09-16 00:00:00-04:00,30.86510076654884,30.987482322094323,30.43267722231489,30.440837860107422,1646500
2021-09-17 00:00:00-04:00,30.440846001650534,30.84063021400985,29.886040753485908,29.967628479003906,6896100
2021-09-20 00:00:00-04:00,29.84524394186691,30.122643426168537,29.46177482260209,29.796289443969727,4107800
2021-09-21 00:00:00-04:00,29.886033215932088,30.269499163999445,29.812603036536817,29.90235137939453,2535700
2021-09-22 00:00:00-04:00,30.098169923669722,30.212393981370063,29.861561168506363,30.073694229125977,2076000
2021-09-23 00:00:00-04:00,30.19607387382504,30.41636444767937,29.91867127479054,29.983943939208984,2694900
2021-09-24 00:00:00-04:00,30.016577080683817,30.220549466751464,29.967622587573803,30.049213409423828,1759200
2021-09-27 00:00:00-04:00,30.04921528766308,30.497953942586182,29.926830603424143,29.9594669342041,2055000
2021-09-28 00:00:00-04:00,29.975783402271905,30.065528638277424,29.682062666627274,29.722856521606445,2451600
2021-09-29 00:00:00-04:00,29.739173536714965,30.016576097172564,29.56783748500126,29.616788864135742,3864400
2021-09-30 00:00:00-04:00,29.641270909457667,29.673904128327585,29.013035538726974,29.061986923217773,3379900
2021-10-01 00:00:00-04:00,29.265961492635224,29.55968227082317,29.135419270370814,29.249643325805664,2482700
2021-10-04 00:00:00-04:00,29.241482532235285,29.494409421282846,29.119097850870265,29.38018226623535,4279800
2021-10-05 00:00:00-04:00,29.494405472879947,29.706535364826944,29.39649649594627,29.551517486572266,2194300
2021-10-06 00:00:00-04:00,29.420981494523037,29.967626058560818,29.20069091857033,29.92683219909668,2487200
2021-10-07 00:00:00-04:00,29.95946523780591,30.163437625073385,29.64942633769529,29.722856521606445,2576600
2021-10-08 00:00:00-04:00,29.633105188312346,29.788123066567024,29.527038686153187,29.551517486572266,1701500
2021-10-11 00:00:00-04:00,29.388348193673693,29.576002456464515,29.086469867651264,29.184375762939453,3828800
2021-10-12 00:00:00-04:00,29.323072179634273,29.355708511801186,29.0130363611644,29.135417938232422,3478900
2021-10-13 00:00:00-04:00,29.021194172454233,29.265960441361152,28.89880948181479,29.078306198120117,2711500
2021-10-14 00:00:00-04:00,29.151735893997092,29.812607609935455,29.151735893997092,29.796289443969727,3248800
2021-10-15 00:00:00-04:00,29.828926801877948,29.967626548799387,29.673905776057484,29.877878189086914,3098500
2021-10-18 00:00:00-04:00,29.755488619127,29.820758155337618,29.32306510320049,29.510719299316406,3850100
2021-10-19 00:00:00-04:00,29.68206399058291,30.179757135694402,29.58415499941976,30.08184814453125,2560700
2021-10-20 00:00:00-04:00,30.187915881688596,30.57138499830689,30.187915881688596,30.45716094970703,2565200
2021-10-21 00:00:00-04:00,30.367412770453125,30.669291059562948,30.24502808202843,30.37557029724121,4926500
2021-10-22 00:00:00-04:00,30.383734722205997,30.873267312156575,30.375574082029182,30.799837112426758,2843900
2021-10-25 00:00:00-04:00,30.856937002249833,30.856937002249833,30.359243967960147,30.48978614807129,4238300
2021-10-26 00:00:00-04:00,30.53874835694548,30.840626641237264,30.432681836161713,30.7590389251709,3343300
2021-10-27 00:00:00-04:00,30.824310364927843,30.881422392149357,30.44084434106512,30.669292449951172,2280000
2021-10-28 00:00:00-04:00,30.693765215938974,30.954849633296096,30.65297135929663,30.922216415405273,2497500
2021-10-29 00:00:00-04:00,30.693768327760246,32.40713849179092,30.693768327760246,31.436227798461914,5722300
2021-11-01 00:00:00-04:00,31.485177159387643,31.689149542355334,31.191456429934718,31.656513214111328,2577900
2021-11-02 00:00:00-04:00,32.472409418857275,32.48872758633256,31.632044024299503,32.0644645690918,5162600
2021-11-03 00:00:00-04:00,31.958397527671696,32.170530589099435,31.89312797118235,32.0236701965332,3515400
2021-11-04 00:00:00-04:00,32.00718753698839,32.27089222812587,31.834131922855896,32.06487274169922,3194500
2021-11-05 00:00:00-04:00,32.21321350684715,32.394511697346324,32.11432501366965,32.19673156738281,2536100
2021-11-08 00:00:00-05:00,32.64997190180957,32.74062099151134,31.619874325395518,31.735244750976562,5992200
2021-11-09 00:00:00-05:00,31.801170572497178,31.94126232544524,31.224315336034504,31.56218719482422,3939900
2021-11-10 00:00:00-05:00,31.537462648838215,32.12255722264095,31.537462648838215,32.106075286865234,4022500
2021-11-11 00:00:00-05:00,31.965980401594077,32.19672119252537,31.784682269515205,32.16375732421875,1927700
2021-11-12 00:00:00-05:00,32.16376323460374,32.18024517178576,31.80940944421066,32.139041900634766,4223000
2021-11-15 00:00:00-05:00,32.28737482409992,32.518115647658675,32.130801142914756,32.5098762512207,2264500
2021-11-16 00:00:00-05:00,32.534594719368165,32.773578061929605,32.460427583525224,32.61700439453125,4172600
2021-11-17 00:00:00-05:00,32.59227813348934,32.60876006761843,31.867088749846985,32.20496368408203,3281700
2021-11-18 00:00:00-05:00,32.13903395584396,32.35329279902904,31.55393947675461,31.817644119262695,2799600
2021-11-19 00:00:00-05:00,31.834133929093042,31.91654047141394,31.306724513579915,31.751724243164062,3108600
2021-11-22 00:00:00-05:00,31.751722021806096,32.18024292783311,31.685797421283098,31.91653823852539,3038000
2021-11-23 00:00:00-05:00,31.990707316101005,32.188487416862515,31.75996648488595,32.089595794677734,1737600
2021-11-24 00:00:00-05:00,32.10607601026297,32.17200375485128,31.900056523836323,32.06487274169922,1406400
2021-11-26 00:00:00-05:00,31.685801854516424,31.84237555332201,31.14191046377117,31.240798950195312,2624200
2021-11-29 00:00:00-05:00,31.47977942121213,32.23792965283241,31.47977942121213,32.18024444580078,4180900
2021-11-30 00:00:00-05:00,31.94126513682685,31.94126513682685,31.010059165766275,31.034780502319336,6638800
2021-12-01 00:00:00-05:00,31.35615763036113,31.867084953058654,31.06773167648522,31.092453002929688,4125500
2021-12-02 00:00:00-05:00,31.23255560033586,32.00718774257683,31.15838845900156,31.825889587402344,3669100
2021-12-03 00:00:00-05:00,31.97422301802097,32.097835964820064,31.52098078577067,32.00718688964844,3338800
2021-12-06 00:00:00-05:00,32.13904275104498,32.707655452633766,31.97422651847184,32.345062255859375,7268800
2021-12-07 00:00:00-05:00,32.353295978948466,32.699410321013545,32.31209271393318,32.51811218261719,2666500
2021-12-08 00:00:00-05:00,32.6334829532932,32.65820742746969,32.1802407457545,32.46866989135742,2148700
2021-12-09 00:00:00-05:00,32.42746348226583,32.666446823123415,32.10607361044035,32.46866989135742,5132200
2021-12-10 00:00:00-05:00,32.63348525752463,32.91367188364998,32.476911580187,32.649967193603516,2560000
2021-12-13 00:00:00-05:00,32.63348625918023,33.30099054462822,32.55931911635268,33.10321044921875,4960500
2021-12-14 00:00:00-05:00,33.07024149238592,33.16089054924643,32.67468454358229,32.94662857055664,2583200
2021-12-15 00:00:00-05:00,32.95487599530647,33.210338127677566,32.67468938873895,32.91366958618164,4207300
2021-12-16 00:00:00-05:00,32.921909817920906,33.47404045308855,32.872464016601405,33.21857833862305,2555400
2021-12-17 00:00:00-05:00,33.16089744868146,33.366916932189746,32.92191409334596,33.02904510498047,4627000
2021-12-20 00:00:00-05:00,32.748855629169014,33.210337220122526,32.60052136247466,33.19385528564453,2452400
2021-12-21 00:00:00-05:00,33.3751590128618,33.539975241646935,33.01256582442098,33.1609001159668,3064500
2021-12-22 00:00:00-05:00,33.160895095574055,33.54820955943235,33.14441316083001,33.39163589477539,2041000
2021-12-23 00:00:00-05:00,33.43283187377884,33.54820224823672,33.34218282424567,33.39986801147461,1861200
2021-12-27 00:00:00-05:00,33.3421894381316,33.35867137255313,32.954874981851944,33.33395004272461,1560400
2021-12-28 00:00:00-05:00,33.35043267908952,33.79543234340691,33.325708205133054,33.778953552246094,1877400
2021-12-29 00:00:00-05:00,33.83663553122657,34.00144857600719,33.71302260403378,33.935523986816406,1285200
2021-12-30 00:00:00-05:00,34.04265522849529,34.28163540260888,33.90256036708369,34.083858489990234,2386500
2021-12-31 00:00:00-05:00,34.042666129278935,34.40525934759046,34.00145971098196,34.273406982421875,1266500
2022-01-03 00:00:00-05:00,34.28988184961711,34.28988184961711,33.64710209492801,33.9849739074707,3168800
2022-01-04 00:00:00-05:00,34.009692553092286,34.223951406535086,33.803673094794135,33.853118896484375,3451000
2022-01-05 00:00:00-05:00,33.778956123393016,34.06738214477573,33.58117603472496,33.622379302978516,3626600
2022-01-06 00:00:00-05:00,33.63885872723658,33.96849113586753,33.53997026209034,33.73774719238281,2275500
2022-01-07 00:00:00-05:00,33.943770504916806,34.34757009402667,33.77895742554917,34.12506866455078,4266900
2022-01-10 00:00:00-05:00,34.00969403370932,34.28988063493707,33.83663843567066,34.21571350097656,4782200
2022-01-11 00:00:00-05:00,34.24043214111394,34.388766397381595,33.787189977454915,34.083858489990234,4580900
2022-01-12 00:00:00-05:00,34.00969825155025,34.25692101420968,33.82016069539108,34.12506866455078,3404700
2022-01-13 00:00:00-05:00,34.05914806787605,34.364056072901846,33.886089284410495,34.273406982421875,2929000
2022-01-14 00:00:00-05:00,34.23219852848862,34.36405087370828,33.76247435216808,34.256919860839844,4173100
2022-01-18 00:00:00-05:00,34.075626862864816,34.45470516338182,33.58942067687909,34.273406982421875,5393900
2022-01-19 00:00:00-05:00,34.273403301871355,34.56182933732654,34.12506901403496,34.13330841064453,2880600
2022-01-20 00:00:00-05:00,34.24043662600023,34.635993646655784,34.083862954368165,34.14154815673828,4221800
2022-01-21 00:00:00-05:00,34.21571674467402,34.537106641101914,33.92728757699184,34.05914306640625,4916100
2022-01-24 00:00:00-05:00,33.88607914679846,34.10034114085242,33.045519391463706,34.04265594482422,5155000
2022-01-25 00:00:00-05:00,33.69654574745781,34.37228939240736,33.53172953423914,34.050899505615234,4603800
2022-01-26 00:00:00-05:00,34.00970121173046,34.49590738284318,33.581180252138886,33.91905212402344,3776300
2022-01-27 00:00:00-05:00,34.15803787999089,34.3640574050287,33.52349736564142,34.001461029052734,4677200
2022-01-28 00:00:00-05:00,33.89432691594392,34.421736300223394,33.66358295261573,34.40525436401367,3484400
2022-01-31 00:00:00-05:00,34.11682649102966,34.59479004078553,34.050898749762524,34.57830810546875,9046800
2022-02-01 00:00:00-05:00,34.47942180269467,34.578310277198455,33.99321568293982,34.4547004699707,3301800
2022-02-02 00:00:00-05:00,34.36405069074082,34.965627209077994,34.306365486489845,34.88322067260742,4465300
2022-02-03 00:00:00-05:00,34.80080498598094,35.179880018090564,34.65247073104981,35.105712890625,3887500
2022-02-04 00:00:00-05:00,34.897790871980526,35.03086144720375,34.315605915634144,34.39877700805664,5192900
2022-02-07 00:00:00-05:00,34.390460556026646,34.615017761237716,34.25738997212227,34.46531295776367,3943600
2022-02-08 00:00:00-05:00,34.63165543649397,35.005917482524474,34.481950618081775,34.897796630859375,3492100
2022-02-09 00:00:00-05:00,35.06412512169089,35.22214541685183,34.90610482652995,35.105709075927734,2888000
2022-02-10 00:00:00-05:00,34.8894836555353,35.022554262439904,34.3655167528125,34.44868469238281,3557100
2022-02-11 00:00:00-05:00,34.92274465702848,35.338590611554096,34.46531156892802,34.56511688232422,9063000
2022-02-14 00:00:00-05:00,34.606700178506166,34.75640497307202,32.8185613393322,33.88312911987305,6496100
2022-02-15 00:00:00-05:00,34.165902852197206,34.22412102810877,33.409060220041596,33.63361740112305,3998300
2022-02-16 00:00:00-05:00,33.61698529543525,34.240754224523116,33.550451592778685,34.1659049987793,3793000
2022-02-17 00:00:00-05:00,34.04115264123113,34.27402537796058,33.74174302392008,34.19917297363281,2736300
2022-02-18 00:00:00-05:00,34.18254294414612,34.59838898080314,33.90808620973229,34.082740783691406,8212600
2022-02-22 00:00:00-05:00,34.149267828800234,34.465308441249405,33.841539566067134,34.05778121948242,5141900
2022-02-23 00:00:00-05:00,34.08273893401291,34.240759277211524,32.901737776873844,32.951637268066406,6703900
2022-02-24 00:00:00-05:00,32.826884583600275,33.23441189099078,32.24469954324633,33.14292526245117,5794700
2022-02-25 00:00:00-05:00,33.49223272289446,34.465310709341864,33.359162147671235,34.39877700805664,4016800
2022-02-28 00:00:00-05:00,34.20749266691798,34.88116115284703,34.08273759851836,34.80630874633789,6363700
2022-03-01 00:00:00-05:00,34.80630858831226,35.039184503424046,34.10768718828322,34.36551284790039,4481100
2022-03-02 00:00:00-05:00,34.46531598397793,34.814628280306266,34.41541649354049,34.6566047668457,4114600
2022-03-03 00:00:00-05:00,34.76472447524309,35.43839612789863,34.74809025475927,35.280372619628906,5149100
2022-03-04 00:00:00-05:00,35.097394123479376,35.73779718160265,34.87283695977492,35.66294479370117,5619500
2022-03-07 00:00:00-05:00,35.75444026058613,37.09346170749131,35.61305097165818,37.068511962890625,8965200
2022-03-08 00:00:00-05:00,37.06020269694359,37.409511870950666,36.49465179103848,36.85227966308594,8186700
2022-03-09 00:00:00-05:00,37.11009529775619,37.243165887788116,36.619396902141,36.66098403930664,7068200
2022-03-10 00:00:00-05:00,36.42810364368331,36.75246296867311,36.01225770443429,36.61939239501953,4788500
2022-03-11 00:00:00-05:00,36.56117745857717,36.91880525184815,36.31167050743889,36.569496154785156,3358300
2022-03-14 00:00:00-04:00,36.97702270916711,37.25979809428297,36.55286121781979,36.8023681640625,3816100
2022-03-15 00:00:00-04:00,37.07681910704825,37.110084365266566,36.49463425742309,36.75245666503906,3182000
2022-03-16 00:00:00-04:00,36.694248459146586,36.93543988945847,35.954043120912836,36.49464416503906,5056700
2022-03-17 00:00:00-04:00,36.561179697302016,36.91880751247136,36.39484066214017,36.63603210449219,4743700
2022-03-18 00:00:00-04:00,36.61939772425614,36.760787013956666,35.837608386848835,35.87919235229492,13233400
2022-03-21 00:00:00-04:00,36.02059145082923,36.436437563836314,36.02059145082923,36.26177978515625,4794700
2022-03-22 00:00:00-04:00,36.46969128034874,36.478009976658036,35.89582496847664,36.220184326171875,3355300
2022-03-23 00:00:00-04:00,36.22017715526838,36.46136853803772,35.970670250489114,36.18690872192383,3325700
2022-03-24 00:00:00-04:00,36.08711964265591,36.72752293915484,36.08711964265591,36.51959991455078,3017600
2022-03-25 00:00:00-04:00,36.60276207655394,37.31801767589323,36.51959414890414,37.293067932128906,3397100
2022-03-28 00:00:00-04:00,37.29306503098919,37.517622225358345,36.98533991544013,37.5009880065918,3105300
2022-03-29 00:00:00-04:00,37.500983115504134,37.81702688554269,37.13503986832693,37.80870819091797,4210600
2022-03-30 00:00:00-04:00,37.83366921828742,38.099810395628005,37.61742752879001,38.09149169921875,4380300
2022-03-31 00:00:00-04:00,38.11644582413513,38.59051000959232,38.11644582413513,38.141395568847656,4439900
2022-04-01 00:00:00-04:00,38.05822544202845,38.79843400491158,37.916839321491636,38.748531341552734,4140400
2022-04-04 00:00:00-04:00,38.46575285820159,38.64040740703994,38.04159135778659,38.515655517578125,4379800
2022-04-05 00:00:00-04:00,38.64872543493894,39.23090725433288,38.640406738860186,38.79011154174805,3189700
2022-04-06 00:00:00-04:00,39.014668983724235,39.91289780652265,38.79011177802463,39.86299514770508,4386300
2022-04-07 00:00:00-04:00,39.87962374356184,39.89625796082196,39.372291221411686,39.48872756958008,4722000
2022-04-08 00:00:00-04:00,39.704976373418305,39.74656033773294,39.305761432569106,39.48041915893555,2320600
2022-04-11 00:00:00-04:00,39.43882677270813,39.68001817534508,38.96476266278181,38.989715576171875,2847300
2022-04-12 00:00:00-04:00,38.873284432589436,39.40556679067821,38.79011333122987,39.20595932006836,2405500
2022-04-13 00:00:00-04:00,39.255859838875004,39.32239354367911,38.87328231145581,39.222591400146484,2347000
2022-04-14 00:00:00-04:00,39.40556502973901,39.58021957580954,39.139423862587826,39.42219924926758,2745500
2022-04-18 00:00:00-04:00,39.372302963366224,39.58854150693142,39.20596391381034,39.330718994140625,2022000
2022-04-19 00:00:00-04:00,39.546955060370664,39.596857723907426,39.30576361225624,39.50537109375,2815800
2022-04-20 00:00:00-04:00,39.90458306865909,40.44518415518801,39.80478091377723,40.303794860839844,3605700
2022-04-21 00:00:00-04:00,40.195672885428294,40.62814990124309,39.996065424345886,40.02101516723633,2659700
2022-04-22 00:00:00-04:00,39.40556008393157,39.50536221592381,38.257824461736746,38.26613998413086,5208500
2022-04-25 00:00:00-04:00,38.41585274687593,38.41585274687593,37.24316714129594,37.792083740234375,3751100
2022-04-26 00:00:00-04:00,37.90021004897442,38.06654910923607,37.40119604084319,37.40951156616211,3254200
2022-04-27 00:00:00-04:00,37.642376932119284,37.77544751958554,36.96870847110708,37.20989990234375,2863900
2022-04-28 00:00:00-04:00,37.284752306084336,37.43445394091244,36.92712450739632,37.20989990234375,3159600
2022-04-29 00:00:00-04:00,37.110102599960115,37.168320796263934,35.93741680309873,36.02058792114258,4623500
2022-05-02 00:00:00-04:00,36.186916652801585,36.47801074938516,35.2720567438889,35.712852478027344,3137000
2022-05-03 00:00:00-04:00,35.92077631774101,36.502961351945814,35.75444045595666,35.87919235229492,4073800
2022-05-04 00:00:00-04:00,36.178597303092154,36.32830209746889,35.388489371137744,36.30335235595703,4545700
2022-05-05 00:00:00-04:00,36.22783223796201,36.462807624380055,35.28794029605765,35.6487922668457,3315100
2022-05-06 00:00:00-04:00,35.35507366786855,35.92572309284229,35.27115275169263,35.816627502441406,3307700
2022-05-09 00:00:00-04:00,35.665579443222434,35.76628135941627,35.0529710510543,35.38864517211914,4689200
2022-05-10 00:00:00-04:00,35.405423246460984,36.194263857364106,34.817992835689275,35.28793716430664,4817700
2022-05-11 00:00:00-04:00,35.31311211419241,36.42084251309242,35.31311211419241,35.5480842590332,3922300
2022-05-12 00:00:00-04:00,35.38863089033141,35.79144479505556,34.876727822202,35.42219924926758,3475900
2022-05-13 00:00:00-04:00,35.69912806137078,35.79982992184061,35.17043769170891,35.6739501953125,2609800
2022-05-16 00:00:00-04:00,35.33828746734332,35.69913938316143,34.79281274773303,35.03617858886719,3238200
2022-05-17 00:00:00-04:00,35.12848727721878,35.883756213811964,34.82637842207943,35.85858154296875,3368000
2022-05-18 00:00:00-04:00,35.97607745953275,36.068388879574805,35.31311973617412,35.472564697265625,2780100
2022-05-19 00:00:00-04:00,35.40542090947996,35.564869040098245,34.80120635524593,35.262760162353516,3599700
2022-05-20 00:00:00-04:00,35.37185698446514,35.72431522000161,34.93547783480888,35.55647659301758,4034000
2022-05-23 00:00:00-04:00,35.908935572624735,36.211044440272104,35.52290899785547,35.83340835571289,2402400
2022-05-24 00:00:00-04:00,35.90054160263738,36.37048908213796,35.329892235120724,36.30335235595703,2954700
2022-05-25 00:00:00-04:00,36.28657522175478,36.5467220601411,36.11873658976821,36.22782897949219,3128000
2022-05-26 00:00:00-04:00,36.429233579220906,36.6390310550748,36.29496332272463,36.35370635986328,1936400
2022-05-27 00:00:00-04:00,36.3117441601686,36.67259604149868,36.21943276709507,36.446014404296875,3037800
2022-05-31 00:00:00-04:00,36.135522330149314,36.31175146076377,35.858588095250205,36.05160140991211,3537700
2022-06-01 00:00:00-04:00,36.08516571300732,36.253004333318906,35.371855578252365,35.71592330932617,3210700
2022-06-02 00:00:00-04:00,35.86698837524412,36.00125867102799,34.79282280771677,35.53131103515625,4794800
2022-06-03 00:00:00-04:00,35.39702377032002,35.590037027901786,35.07813077023695,35.145267486572266,3234900
2022-06-06 00:00:00-04:00,35.25436467597254,35.29632673005522,35.00260835775281,35.10331344604492,2941100
2022-06-07 00:00:00-04:00,35.0445624120693,35.212401001652744,34.79280612832155,35.145267486572266,4140400
2022-06-08 00:00:00-04:00,35.06974905913172,35.31311491487842,34.66693826406252,34.72568130493164,3824000
2022-06-09 00:00:00-04:00,34.7760293771006,34.91869332915752,34.18859898997068,34.222164154052734,4500900
2022-06-10 00:00:00-04:00,33.76061039494397,34.38161234976858,33.71025784684829,34.071109771728516,6761200
2022-06-13 00:00:00-04:00,33.71864742525192,33.819349307902435,32.4682531774255,32.64448547363281,5725300
2022-06-14 00:00:00-04:00,32.686458429964595,32.77876986275276,31.780131491233348,32.21651077270508,6034700
2022-06-15 00:00:00-04:00,32.40951016580917,32.61930762219291,30.823441907748897,31.25143051147461,10795200
2022-06-16 00:00:00-04:00,31.05841820067053,31.05841820067053,30.30314917713042,30.48777198791504,4953300
2022-06-17 00:00:00-04:00,30.563290791479407,30.59685915157422,29.64018329765714,30.135305404663086,8361800
2022-06-21 00:00:00-04:00,30.13531638682039,30.470993707588757,29.90873467549017,30.1856689453125,10017200
2022-06-22 00:00:00-04:00,30.11013353659374,30.630430361450454,30.084955663552634,30.395458221435547,5332900
2022-06-23 00:00:00-04:00,30.596867316656528,31.05842118673796,30.42902867264804,31.016462326049805,3652800
2022-06-24 00:00:00-04:00,31.133938358487974,31.612276258566137,30.982883947804886,31.293386459350586,4496200
2022-06-27 00:00:00-04:00,31.310171408933407,32.10739912784525,31.25142838125053,32.01509094238281,3275200
2022-06-28 00:00:00-04:00,32.20810814435687,32.47664864696832,31.704592301018923,31.71298599243164,2223800
2022-06-29 00:00:00-04:00,31.85564795624971,32.115797978686146,31.654244172190577,32.08222961425781,2177900
2022-06-30 00:00:00-04:00,31.931185981021887,32.59414699717643,31.788525185808552,32.21651077270508,3404700
2022-07-01 00:00:00-04:00,32.4766575456386,33.097656427611795,32.19133278327745,33.005348205566406,3460600
2022-07-05 00:00:00-04:00,32.80393472358233,32.8962461287356,31.008068772891466,31.578718185424805,3081200
2022-07-06 00:00:00-04:00,31.519972743960174,31.813687918650487,31.16751133307649,31.419267654418945,2928500
2022-07-07 00:00:00-04:00,31.511582524709883,31.7885167495799,31.234651501095527,31.2430419921875,2732300
2022-07-08 00:00:00-04:00,31.26821867923374,31.385707970872947,30.92415089971574,31.15912628173828,2512800
2022-07-11 00:00:00-04:00,31.066810850571326,31.503189987896985,30.932540593029234,31.402484893798828,1524400
2022-07-12 00:00:00-04:00,31.16751091328148,31.813687490152127,31.142336241862903,31.394092559814453,2272200
2022-07-13 00:00:00-04:00,31.09198847724491,31.587110699203986,31.05842010935649,31.209474563598633,2500300
2022-07-14 00:00:00-04:00,30.689170129904713,31.394089676173245,30.689170129904713,31.36052131652832,2672100
2022-07-15 00:00:00-04:00,31.587109226058143,31.637461775542455,31.117164902560322,31.444448471069336,1817800
2022-07-18 00:00:00-04:00,31.461234534714865,31.704597201962834,31.201084482046443,31.3773136138916,2108400
2022-07-19 00:00:00-04:00,31.53676112754644,31.956356119442976,31.444449717128283,31.805301666259766,2456500
2022-07-20 00:00:00-04:00,31.914391163940063,32.01509625776328,31.528364574717383,31.629066467285156,2703500
2022-07-21 00:00:00-04:00,31.62906930758913,31.754949085544496,31.259826867512192,31.7381649017334,2483800
2022-07-22 00:00:00-04:00,31.9311713597912,32.29202323113518,31.889212509897607,32.157752990722656,1927100
2022-07-25 00:00:00-04:00,32.05704958759897,32.49342864851974,31.981522380877013,32.409507751464844,2007400
2022-07-26 00:00:00-04:00,32.434693570861526,32.98016512976488,32.39273151142185,32.80393600463867,3030200
2022-07-27 00:00:00-04:00,32.82911585141968,33.35780651134748,32.292034699035455,33.005348205566406,4273300
2022-07-28 00:00:00-04:00,33.09764792200404,33.718649845645075,32.83750110637843,33.685081481933594,3538700
2022-07-29 00:00:00-04:00,33.71026044864744,34.75085744748402,33.67669528191524,34.49070739746094,4607600
2022-08-01 00:00:00-04:00,34.406789539708576,34.49070725808361,33.71865400501486,34.00397872924805,3812900
2022-08-02 00:00:00-04:00,34.087894396362046,34.23055835052162,33.223529784341004,33.29905700683594,4066100
2022-08-03 00:00:00-04:00,33.315839427278085,33.315839427278085,32.72840586131117,33.064083099365234,4853100
2022-08-04 00:00:00-04:00,33.07256259069095,33.20817522282727,32.682676677456534,32.84371566772461,4153400
2022-08-05 00:00:00-04:00,32.83523612295881,32.996275087871794,32.224977757798584,32.521629333496094,4194600
2022-08-08 00:00:00-04:00,32.81828202860939,33.00474733564049,32.2504020346606,32.43687057495117,5281700
2022-08-09 00:00:00-04:00,32.53010920843459,33.08103406360707,32.41144856988235,33.01322937011719,11156300
2022-08-10 00:00:00-04:00,33.1997001527888,33.521781391208854,32.96237883672162,33.50482940673828,3627800
2022-08-11 00:00:00-04:00,33.62348740331071,34.403262460932034,33.462448413477915,33.962520599365234,5704900
2022-08-12 00:00:00-04:00,34.14898423067965,34.62362675644507,34.013371618566715,34.6066780090332,3898800
2022-08-15 00:00:00-04:00,34.64058328582599,34.97113886917832,34.42868834949654,34.92876052856445,1975700
2022-08-16 00:00:00-04:00,34.90333188985676,35.11522681233852,34.674484985585266,34.76771926879883,2081700
2022-08-17 00:00:00-04:00,34.640579757110515,34.9965648951763,34.615153401984315,34.65753173828125,1780500
2022-08-18 00:00:00-04:00,34.62362699235776,35.14912869697822,34.62362699235776,34.91180419921875,1848900
2022-08-19 00:00:00-04:00,34.89485434870262,35.030470203278426,34.64058108789286,34.9796142578125,2238800
2022-08-22 00:00:00-04:00,34.75077272619651,34.776199086230875,34.11508785925389,34.276126861572266,2092900
2022-08-23 00:00:00-04:00,34.360887845770094,34.40326619155729,34.165944868540564,34.31003189086914,1743100
2022-08-24 00:00:00-04:00,34.310026873001554,34.75076871790275,34.11508392428258,34.41173553466797,2729400
2022-08-25 00:00:00-04:00,34.40325954533221,34.691436767578125,34.25916931757931,34.691436767578125,1551100
2022-08-26 00:00:00-04:00,34.75076880057808,34.75076880057808,33.92861543089679,34.06422805786133,3442500
2022-08-29 00:00:00-04:00,33.90319099708667,34.369359226644555,33.62348811939578,34.055755615234375,1913600
2022-08-30 00:00:00-04:00,34.00489484245674,34.148985065055946,33.56415303400595,33.674339294433594,1979800
2022-08-31 00:00:00-04:00,33.63195289661315,34.140499274246324,33.4963403136937,33.521766662597656,3355400
2022-09-01 00:00:00-04:00,33.55568099062204,34.123557846766985,33.50482504383263,34.04727554321289,2595700
2022-09-02 00:00:00-04:00,34.19136381144329,34.57277530730077,33.742147623688815,33.826904296875,2076100
2022-09-06 00:00:00-04:00,33.886236152043914,34.25069568314631,33.55568058505801,33.66586685180664,2887500
2022-09-07 00:00:00-04:00,33.85233658254237,34.93724094228965,33.85233658254237,34.87791061401367,2683200
2022-09-08 00:00:00-04:00,34.65753107874857,34.979612248343685,34.48801450352695,34.77619171142578,3856000
2022-09-09 00:00:00-04:00,34.92028155762484,35.318641786876135,34.71686102288781,35.18302917480469,3353900
2022-09-12 00:00:00-04:00,35.22541461971587,35.50511424834352,34.92875977529617,35.394927978515625,2896500
2022-09-13 00:00:00-04:00,35.013523254824534,35.42883555275637,34.691442020426095,34.87791061401367,5321200
2022-09-14 00:00:00-04:00,34.89485229698123,35.36102368652612,34.83552198072274,35.12369918823242,4764900
2022-09-15 00:00:00-04:00,35.038941649886524,35.038941649886524,34.22526598997785,34.2591667175293,4121100
2022-09-16 00:00:00-04:00,34.39478576278495,35.16608316011414,34.25916990691523,34.920284271240234,16633700
2022-09-19 00:00:00-04:00,34.784667902186634,35.53053562957743,34.521917059628294,35.47968292236328,4208300
2022-09-20 00:00:00-04:00,35.26778454701528,35.301688503992175,34.38630106517192,35.07284164428711,4186600
2022-09-21 00:00:00-04:00,35.26779087439957,35.63225039414048,34.725340398485635,34.75076675415039,6123800
2022-09-22 00:00:00-04:00,34.767716686451784,34.767716686451784,34.20831426197954,34.31850051879883,3306700
2022-09-23 00:00:00-04:00,34.00489076537907,34.01336837153542,33.58957859498143,33.945560455322266,4062300
2022-09-26 00:00:00-04:00,33.886238931569906,33.98794759900209,32.40297432903784,32.86066818237305,3349400
2022-09-27 00:00:00-04:00,33.02170545697948,33.14036610168597,32.233456050560605,32.38602066040039,2997000
2022-09-28 00:00:00-04:00,32.80132756355951,32.94541452776754,32.343633853853,32.77589797973633,2780300
2022-09-29 00:00:00-04:00,32.640291195834195,32.69962474647302,31.48758557728484,31.513011932373047,4284300
2022-09-30 00:00:00-04:00,31.648629913785587,31.792716928059434,31.114653733587666,31.36045265197754,6156700
2022-10-03 00:00:00-04:00,31.919860866754355,32.25041653075159,31.555401228690496,31.911386489868164,4638100
2022-10-04 00:00:00-04:00,32.03851143927831,33.12341563445565,31.92832517493985,33.01322937011719,3733400
2022-10-05 00:00:00-04:00,32.54706050716119,32.56400925523309,31.614720933475002,32.013084411621094,3624400
2022-10-06 00:00:00-04:00,31.86051915540553,31.928323846073365,31.089221803657754,31.233308792114258,4220800
2022-10-07 00:00:00-04:00,31.2333085574495,31.28416450001311,30.38572891428116,30.597623825073242,4125800
2022-10-10 00:00:00-04:00,30.767145246551557,31.35197736174199,30.716292529237784,31.190935134887695,5720200
2022-10-11 00:00:00-04:00,31.14855524838748,31.716432118638135,30.970564280093402,31.12312889099121,5949900
2022-10-12 00:00:00-04:00,31.14008304132396,31.14008304132396,30.512872571388655,30.640010833740234,4033000
2022-10-13 00:00:00-04:00,30.30097489565333,31.597770828572347,30.173836644745176,31.462158203125,5693300
2022-10-14 00:00:00-04:00,31.750332315553113,32.05546150113288,30.623053083560865,30.656953811645508,6503700
2022-10-17 00:00:00-04:00,31.004472363950065,31.513018978988967,30.89428607849611,31.292646408081055,3052700
2022-10-18 00:00:00-04:00,31.66557780082577,31.91985106169657,31.292640667172662,31.623199462890625,2742100
2022-10-19 00:00:00-04:00,31.224841701597448,31.674057985990494,31.063802694595918,31.292646408081055,3150100
2022-10-20 00:00:00-04:00,31.24179205892871,31.258744042981597,30.351833912344553,30.58068084716797,2675700
2022-10-21 00:00:00-04:00,30.555250929542925,31.05532313737417,30.31792962184685,30.860380172729492,5001800
2022-10-24 00:00:00-04:00,31.148549406586,31.377396280013283,30.86884659464394,31.25873565673828,2678300
2022-10-25 00:00:00-04:00,31.25873678088413,31.96222617271073,31.224832820655003,31.85204315185547,4042400
2022-10-26 00:00:00-04:00,32.07241702728537,32.11479536702071,30.67390918319842,30.834951400756836,5790700
2022-10-27 00:00:00-04:00,31.14855209452994,31.89442309081373,31.09769615162658,31.572341918945312,4534300
2022-10-28 00:00:00-04:00,31.699478735902076,32.335163443975574,31.589292481189975,32.27583312988281,3694600
2022-10-31 00:00:00-04:00,32.21650972101584,32.26736567763947,31.750341435044767,31.962236404418945,6060200
2022-11-01 00:00:00-04:00,32.157168983844585,32.58943639213435,32.046985963367234,32.56400680541992,3732100
2022-11-02 00:00:00-04:00,32.49620741021958,33.191222539412955,32.191078186035156,32.191078186035156,3353500
2022-11-03 00:00:00-04:00,31.835095776654555,32.66572352286003,31.597771253981513,32.38602066040039,2440400
2022-11-04 00:00:00-04:00,32.59153987582712,32.66860880530848,31.778035234990842,32.45452880859375,3059300
2022-11-07 00:00:00-05:00,32.48021167130535,32.48021167130535,31.418373636363928,32.00067138671875,4328000
2022-11-08 00:00:00-05:00,32.077747335180426,32.42027665163598,31.88079412152906,32.2490119934082,3903600
2022-11-09 00:00:00-05:00,31.94930087943979,32.206196230167684,31.632460122493825,31.83797836303711,2415700
2022-11-10 00:00:00-05:00,32.660038909903975,33.43928985117569,32.25756753073472,33.38791275024414,2301100
2022-11-11 00:00:00-05:00,33.40503654285148,33.41360157080999,32.33463671011128,32.50590133666992,3297000
2022-11-14 00:00:00-05:00,32.548719602401384,32.548719602401384,31.8551025390625,31.8551025390625,4160300
2022-11-15 00:00:00-05:00,32.18906547987532,32.85699396295838,32.17193868971919,32.66860580444336,5943000
2022-11-16 00:00:00-05:00,32.60866530004196,33.011133455698264,32.52303134498641,32.58297348022461,2796500
2022-11-17 00:00:00-05:00,32.24900976039468,32.3688940328725,31.837976569070115,32.240447998046875,2491100
2022-11-18 00:00:00-05:00,32.5059079501755,32.968321555984105,32.35177008157263,32.951194763183594,3828600
2022-11-21 00:00:00-05:00,32.94262718226207,33.28515317797542,32.88268505134721,33.0625114440918,2857200
2022-11-22 00:00:00-05:00,33.29372568276963,33.50780570314078,32.9940116942889,33.379356384277344,1621000
2022-11-23 00:00:00-05:00,33.259465769856625,33.84176357584618,33.259465769856625,33.83319854736328,1636200
2022-11-25 00:00:00-05:00,33.91027046900236,34.14147725946484,33.91027046900236,34.13291549682617,669700
2022-11-28 00:00:00-05:00,33.85889374596918,34.021593370770994,33.6961908545658,33.93596267700195,2435600
2022-11-29 00:00:00-05:00,33.704755715413,34.124350686025956,33.55917961681148,34.08153533935547,2398400
2022-11-30 00:00:00-05:00,33.90171066619334,35.37458218690651,33.7047574481029,35.314640045166016,4631200
2022-12-01 00:00:00-05:00,35.67428926398922,35.93118459766837,35.246129285656856,35.43452072143555,4643300
2022-12-02 00:00:00-05:00,35.06630309541558,35.59722055717986,34.929292032166686,35.554405212402344,3138200
2022-12-05 00:00:00-05:00,35.2718170242175,35.56296593342163,35.20331312789958,35.39170455932617,2616100
2022-12-06 00:00:00-05:00,35.3574528249713,35.68285206603287,35.10055748380634,35.59722137451172,2790700
2022-12-07 00:00:00-05:00,35.52015423405999,35.9311874539411,35.36601636827936,35.70854568481445,3064100
2022-12-08 00:00:00-05:00,35.70854568481445,35.96544103891494,35.55440781903383,35.70854568481445,2712000
2022-12-09 00:00:00-05:00,35.657164114363994,35.94831304369728,35.41739556077241,35.5201530456543,3210400
2022-12-12 00:00:00-05:00,35.89693405802399,36.1880829986317,35.528719450721745,36.17095947265625,2860400
2022-12-13 00:00:00-05:00,36.72756553170515,36.78750767242424,35.76848801359809,36.17095947265625,2797000
2022-12-14 00:00:00-05:00,36.26514592905099,36.684744111231254,35.99968885455023,36.25658416748047,3569400
2022-12-15 00:00:00-05:00,36.12814229351594,36.222338023132274,35.794177991495715,35.9654426574707,3119700
2022-12-16 00:00:00-05:00,35.383135663986245,35.53727349710901,34.41549332640464,35.049171447753906,10734700
2022-12-19 00:00:00-05:00,35.100556071613155,35.46020888145396,34.85222250295087,35.117679595947266,2194100
2022-12-20 00:00:00-05:00,35.16049300651313,35.468765397955465,34.92928626298072,35.32319259643555,2489900
2022-12-21 00:00:00-05:00,35.42595213147698,35.73422780754397,35.3317564230564,35.72566604614258,2627800
2022-12-22 00:00:00-05:00,35.699979025376805,35.699979025376805,34.963546581671224,35.4516487121582,1905400
2022-12-23 00:00:00-05:00,35.451651926147555,35.9654426574707,35.42596010296013,35.9654426574707,1493700
2022-12-27 00:00:00-05:00,35.999680280797875,36.23088698735081,35.85410423596068,36.18806838989258,1092400
2022-12-28 00:00:00-05:00,36.299401297082255,36.43641235516928,35.93118346598563,36.0253791809082,1547800
2022-12-29 00:00:00-05:00,36.20520439035584,36.31652689219994,36.05106654675669,36.17951583862305,1167700
2022-12-30 00:00:00-05:00,36.13669603208805,36.230891732271765,35.61434043405163,35.9140510559082,1670000
2023-01-03 00:00:00-05:00,35.93974228848063,36.059626535279925,35.46020203468272,35.991119384765625,2777300
2023-01-04 00:00:00-05:00,36.09388456483158,36.427848798301014,35.914054905839386,36.25658416748047,3139400
2023-01-05 00:00:00-05:00,36.0510743775748,36.0853279650597,35.48590325048158,35.69142150878906,4797600
2023-01-06 00:00:00-05:00,36.03394963388488,36.29940676142594,35.91406208173529,36.28227996826172,2349300
2023-01-09 00:00:00-05:00,36.20519978319678,36.44497154639596,35.95686952597733,36.307960510253906,3173700
2023-01-10 00:00:00-05:00,36.18807784068497,36.539168871970176,35.777044677224325,36.470664978027344,4356200
2023-01-11 00:00:00-05:00,36.39359807296378,36.76181591479482,36.29084059305322,36.701873779296875,3092800
2023-01-12 00:00:00-05:00,36.75324671003963,36.975891702250514,36.59054711311708,36.89882278442383,3257700
2023-01-13 00:00:00-05:00,36.94164435375354,36.94164435375354,36.45354221407208,36.590553283691406,4147800
2023-01-17 00:00:00-05:00,36.727567935805865,37.08722407026431,36.60768364652035,36.813201904296875,5005700
2023-01-18 00:00:00-05:00,36.915949625609066,36.915949625609066,35.922618720331904,36.06819152832031,7578700
2023-01-19 00:00:00-05:00,36.02537933927402,36.145263607302006,35.57153081985339,35.87980651855469,4626500
2023-01-20 00:00:00-05:00,35.95688087669255,36.162395862481354,35.10912257715881,36.1367073059082,6142500
2023-01-23 00:00:00-05:00,35.50301835329706,35.914051467959446,35.16049239104548,35.22899627685547,5870300
2023-01-24 00:00:00-05:00,35.28038286412167,35.62290888678997,35.03204929273121,35.26325607299805,5116300
2023-01-25 00:00:00-05:00,35.04060463394782,35.16905391053652,34.76658255938602,35.10911178588867,4920500
2023-01-26 00:00:00-05:00,35.04060572373472,35.45164211496173,34.92928649826993,35.443077087402344,2085400
2023-01-27 00:00:00-05:00,35.41739474668824,35.60578618680939,35.2204415441077,35.30607223510742,1573300
2023-01-30 00:00:00-05:00,35.194747933352616,35.54583897515565,35.16049761865575,35.36601257324219,2513800
2023-01-31 00:00:00-05:00,35.40026366615521,35.40026366615521,34.76658552308723,35.06629943847656,5723400
2023-02-01 00:00:00-05:00,34.88647031460389,35.374572342428024,34.62100999891324,35.22899627685547,4235800
2023-02-02 00:00:00-05:00,35.22899603518436,35.759913396322744,35.02348111256341,35.10911178588867,6050600
2023-02-03 00:00:00-05:00,35.1348120639639,35.18619244507235,33.65337870799004,33.84177017211914,6981600
2023-02-06 00:00:00-05:00,33.73797726599022,34.37797113625722,33.53906109933983,34.34337615966797,5329200
2023-02-07 00:00:00-05:00,34.20500309108096,34.793104557304964,34.06662646956701,34.654727935791016,4830800
2023-02-08 00:00:00-05:00,34.49905654522005,34.507706940523825,33.98879209454923,34.04933166503906,2828100
2023-02-09 00:00:00-05:00,34.204999783196676,34.447161321796386,33.94554405534423,34.03202819824219,4145500
2023-02-10 00:00:00-05:00,34.144461205015574,34.55959104134649,34.083921643414726,34.5077018737793,2247000
2023-02-13 00:00:00-05:00,34.473112242301326,34.93148422241211,34.473112242301326,34.93148422241211,2955900
2023-02-14 00:00:00-05:00,34.75851224360834,35.65796200202902,34.15311654001667,34.741214752197266,5000300
2023-02-15 00:00:00-05:00,34.922833875674876,35.268773777823036,34.79310435039501,35.2514762878418,3517200
2023-02-16 00:00:00-05:00,34.9487701711653,35.260118318657604,34.723909453064245,35.0871467590332,3831900
2023-02-17 00:00:00-05:00,35.199585031677614,35.78768645956253,35.15634295886581,35.4849853515625,3426600
2023-02-21 00:00:00-05:00,35.32931983289291,35.39850980552752,34.8450032210886,35.017974853515625,2350600
2023-02-22 00:00:00-05:00,35.14769110305784,35.14769110305784,34.42986348659109,34.49905014038086,2634000
2023-02-23 00:00:00-05:00,34.49904902020221,34.5509414832285,33.928245123546716,34.14445877075195,2702500
2023-02-24 00:00:00-05:00,33.91095443046017,34.4644609503439,33.668796152800816,34.42121887207031,3232900
2023-02-27 00:00:00-05:00,34.637428918572034,35.00931669108685,34.447163134353325,34.51634979248047,3723700
2023-02-28 00:00:00-05:00,34.585546883863124,34.74986811757419,34.17906404885855,34.19636154174805,5820300
2023-03-01 00:00:00-05:00,33.95419620895827,34.04068366390096,33.32285263409247,33.50447463989258,4978000
2023-03-02 00:00:00-05:00,33.40934144873249,33.81582095644933,33.14123527623735,33.798526763916016,4347300
2023-03-03 00:00:00-05:00,34.04068346232336,34.39527377759094,33.60825608764783,34.38662338256836,2973200
2023-03-06 00:00:00-05:00,34.386627543866915,34.67203122928724,34.3087904750395,34.57689666748047,3059700
2023-03-07 00:00:00-05:00,34.59419209416652,34.6460845700051,33.60825814734826,33.867713928222656,2493600
2023-03-08 00:00:00-05:00,33.92824633807257,34.41256611284648,33.824464707463356,34.34337615966797,2713600
2023-03-09 00:00:00-05:00,34.473108228603735,34.65472692042717,33.755277257360426,33.85906219482422,2660100
2023-03-10 00:00:00-05:00,33.86770837068236,33.928247932980135,32.87312419151821,32.94231414794922,4260200
2023-03-13 00:00:00-04:00,32.760697400979986,34.18770569570337,32.579075404173196,33.55636215209961,4123100
2023-03-14 00:00:00-04:00,33.88501440186907,34.205009783133406,33.44393656632677,33.89366149902344,4439700
2023-03-15 00:00:00-04:00,33.6860856732196,34.550940230687836,33.5736536569844,34.35202407836914,3069700
2023-03-16 00:00:00-04:00,34.30878573891575,34.74121310622748,33.9196037476624,34.72391891479492,3246300
2023-03-17 00:00:00-04:00,34.568239892994086,34.568239892994086,34.10986470526432,34.40391540527344,8566600
2023-03-20 00:00:00-04:00,34.5163470919615,35.13904346218052,34.31743092906565,34.87093734741211,2619800
2023-03-21 00:00:00-04:00,34.879600035864144,34.94013961551329,33.52177479458569,34.057987213134766,2573800
2023-03-22 00:00:00-04:00,33.876357226265945,34.04932882717437,33.14988244093653,33.17582702636719,2377600
2023-03-23 00:00:00-04:00,33.09798682386299,33.27095840832477,32.49258792782603,32.64826202392578,3442600
2023-03-24 00:00:00-04:00,32.656909323210556,33.902302099814264,32.62231764542824,33.8763542175293,2339000
2023-03-27 00:00:00-04:00,34.161758465051,34.291487981417184,33.5996016263424,33.75527572631836,5970300
2023-03-28 00:00:00-04:00,33.720686791348875,33.91095258523136,33.23636696322482,33.40068817138672,4131000
2023-03-29 00:00:00-04:00,33.599610064736325,34.24825121115332,33.5217729951999,33.98014831542969,6052500
2023-03-30 00:00:00-04:00,34.16175944470039,34.51634972722333,34.144461955411614,34.23094940185547,3435200
2023-03-31 00:00:00-04:00,34.317434311618705,34.68067169727721,34.21365267273896,34.646080017089844,3226200
2023-04-03 00:00:00-04:00,34.59419048432375,34.70662252716235,34.2396001638258,34.42121887207031,3968400
2023-04-04 00:00:00-04:00,34.42986255246069,34.72391324619593,34.2482405804783,34.680667877197266,2863300
2023-04-05 00:00:00-04:00,34.8536383009425,35.995246062524025,34.78445165132216,35.98659896850586,4142500
2023-04-06 00:00:00-04:00,36.12498506712847,36.22011962213867,35.71850225905187,36.06444549560547,3640300
2023-04-10 00:00:00-04:00,35.96930841214144,35.96930841214144,35.51093646021439,35.856876373291016,2115800
2023-04-11 00:00:00-04:00,35.85687528367764,36.202818485400776,35.69255407739654,36.19416809082031,2770000
2023-04-12 00:00:00-04:00,36.21146668121097,36.31525162437704,35.761741824968276,35.856876373291016,3660600
2023-04-13 00:00:00-04:00,35.58011894808041,35.83092758256259,34.922830880951835,35.63201141357422,3298000
2023-04-14 00:00:00-04:00,35.312012543658305,35.50227829952566,35.11309309568157,35.32065963745117,2092700
2023-04-17 00:00:00-04:00,35.381212817576916,35.571481945879455,35.02662245066007,35.33797073364258,4082900
2023-04-18 00:00:00-04:00,35.19093800811971,35.355262519365326,34.99202181480675,35.00931930541992,2960100
2023-04-19 00:00:00-04:00,35.12175056888745,35.37255922849885,35.02661602219631,35.28607177734375,2337600
2023-04-20 00:00:00-04:00,35.40714533018923,35.467684886878246,34.92282887667707,35.052555084228516,2196000
2023-04-21 00:00:00-04:00,35.363919661078874,35.46770133508062,35.02662674620324,35.121761322021484,2152100
2023-04-24 00:00:00-04:00,35.19958895266087,35.43310013084653,34.95742737945404,35.329315185546875,2827000
2023-04-25 00:00:00-04:00,35.29471598111918,35.60606085318888,35.225526032331466,35.580116271972656,1954400
2023-04-26 00:00:00-04:00,35.260126177757265,35.58877188437938,34.93148047113515,35.182289123535156,3487300
2023-04-27 00:00:00-04:00,35.29472519035387,35.57147845939958,35.21688812723732,35.562828063964844,2649100
2023-04-28 00:00:00-04:00,35.5887747804117,35.5887747804117,34.274195146108305,34.42121887207031,5304800
2023-05-01 00:00:00-04:00,33.94555030359653,34.93148423040876,33.59095997379284,33.73798370361328,15462500
2023-05-02 00:00:00-04:00,33.71203876110695,33.71203876110695,32.873128572941546,33.51312255859375,16998200
2023-05-03 00:00:00-04:00,33.64284814011875,33.94554595637194,33.28825785572555,33.668792724609375,8208200
2023-05-04 00:00:00-04:00,33.747418539915806,34.096859124979545,33.38050209317307,33.992027282714844,4927000
2023-05-05 00:00:00-04:00,33.85225910787781,34.69965866034749,33.7998415069623,34.682186126708984,5792600
2023-05-08 00:00:00-04:00,34.58608382789608,34.787012936698915,34.05318329333249,34.1492805480957,4607200
2023-05-09 00:00:00-04:00,34.053179468414605,34.17548383981412,33.72994601078099,33.992027282714844,3662800
2023-05-10 00:00:00-04:00,34.30652227324651,34.66470074875733,34.15800745862096,34.568603515625,4488000
2023-05-11 00:00:00-04:00,34.551138609940146,34.79575071165591,34.24537764847611,34.41136169433594,4692800
2023-05-12 00:00:00-04:00,34.64722942196022,34.734588728265045,34.31525805942282,34.47250747680664,3399300
2023-05-15 00:00:00-04:00,34.55113379552011,34.612285979291855,33.7823592005472,33.904666900634766,2423200
2023-05-16 00:00:00-04:00,34.035708255804735,34.035708255804735,33.27567153803456,33.31935119628906,2362600
2023-05-17 00:00:00-04:00,33.36302860328931,33.50280549979851,32.96990837298123,33.48533630371094,4010900
2023-05-18 00:00:00-04:00,33.31061153176362,33.319346129068435,32.80391824194543,33.179569244384766,3889900
2023-05-19 00:00:00-04:00,33.354297455577665,33.56396115575807,32.97864638249798,32.98738098144531,3282500
2023-05-22 00:00:00-04:00,33.03979234031373,33.22324887650144,32.81265615253997,33.10094451904297,2148900
2023-05-23 00:00:00-04:00,33.10094606022818,33.371765244741184,32.978641697075204,33.109683990478516,2095200
2023-05-24 00:00:00-04:00,33.08347350052855,33.197043265866185,32.926224081613036,32.95243453979492,3080900
2023-05-25 00:00:00-04:00,32.856343690467774,33.004855208015584,32.07009644302466,32.34091567993164,4131200
2023-05-26 00:00:00-04:00,32.227340671572264,32.227340671572264,31.842955042063327,32.070091247558594,2813500
2023-05-30 00:00:00-04:00,32.07009008174331,32.38458891833796,32.0089379004659,32.32343673706055,2880700
2023-05-31 00:00:00-04:00,32.39333054181866,32.795188731042835,32.0700937381631,32.664146423339844,5362300
2023-06-01 00:00:00-04:00,32.69909162788411,32.734036687765574,32.09630434137822,32.480690002441406,5888700
2023-06-02 00:00:00-04:00,32.297230929442186,33.09221265103238,32.288492998878034,32.93496322631836,3804300
2023-06-05 00:00:00-04:00,32.98737979497507,33.35429625591039,32.98737979497507,33.31935119628906,2913400
2023-06-06 00:00:00-04:00,33.45039889914471,33.58143789504481,32.90876038528079,33.01359558105469,3510900
2023-06-07 00:00:00-04:00,33.15337095154312,33.756158302464016,32.821399512282696,33.633853912353516,4296300
2023-06-08 00:00:00-04:00,33.520276598595466,34.070649563111886,33.2494607477168,34.02696990966797,4700700
2023-06-09 00:00:00-04:00,34.061925230668116,34.14054996357985,33.6862740992615,33.72995376586914,3963800
2023-06-12 00:00:00-04:00,33.84351836124458,33.86098755916558,33.502809015985186,33.85225296020508,2499400
2023-06-13 00:00:00-04:00,33.537754076916066,33.92214308206683,33.511546947490125,33.85225296020508,2886800
2023-06-14 00:00:00-04:00,33.983300319008144,34.1405497840045,33.77363325483137,33.91341018676758,3752900
2023-06-15 00:00:00-04:00,33.95708103713244,34.26284528748434,33.79109701497162,34.166748046875,1928100
2023-06-16 00:00:00-04:00,34.463776820423064,34.64723338416939,34.070653232006435,34.131805419921875,6888100
2023-06-20 00:00:00-04:00,34.10560726093112,34.48999301928077,34.00950998820742,34.32400894165039,3532200
2023-06-21 00:00:00-04:00,34.18422183318558,34.52492782057725,33.71247354331519,34.463775634765625,3261300
2023-06-22 00:00:00-04:00,34.53366378180328,34.59481597002835,34.03570834480237,34.262847900390625,2566400
2023-06-23 00:00:00-04:00,34.36767470723061,34.40261976181889,33.494068337786565,33.6251106262207,4874000
2023-06-26 00:00:00-04:00,33.72120943633399,34.04444623951357,33.58143253017731,33.86972427368164,3410400
2023-06-27 00:00:00-04:00,34.00076707659027,34.11433686704881,33.73868576460837,33.9483528137207,2718700
2023-06-28 00:00:00-04:00,33.939613656175354,33.939613656175354,33.406716451821474,33.494075775146484,2467800
2023-06-29 00:00:00-04:00,33.19705316863906,33.79110596562883,33.10095590257528,33.72995376586914,2804700
2023-06-30 00:00:00-04:00,33.85224293498561,34.05317197701709,33.64257596403691,33.96581268310547,2595600
2023-07-03 00:00:00-04:00,33.80857331376114,34.14054472764763,33.77362825281636,34.08812713623047,1245500
2023-07-05 00:00:00-04:00,33.957086046807014,34.83069260661971,33.87846132312209,34.54240417480469,2841300
2023-07-06 00:00:00-04:00,34.236629460500154,34.27157451206892,33.82603676846948,34.15800476074219,2371600
2023-07-07 00:00:00-04:00,33.9920286500007,34.11433302631975,33.68626770920306,33.86972427368164,1914900
2023-07-10 00:00:00-04:00,33.80856946368936,33.860983716593225,33.336821192290216,33.69499969482422,2114000
2023-07-11 00:00:00-04:00,33.76489212015093,34.035707998810594,33.57269762622914,34.000762939453125,1604200
2023-07-12 00:00:00-04:00,34.1754839023301,34.62975966303372,34.02697240322878,34.463775634765625,2511300
2023-07-13 00:00:00-04:00,34.42882773606386,34.81321334838867,34.2803162492147,34.81321334838867,2424400
2023-07-14 00:00:00-04:00,34.621028742111584,34.83943038107827,34.36768204109954,34.725860595703125,3586700
2023-07-17 00:00:00-04:00,34.673443316224265,34.76080597212778,34.27158509670182,34.28032302856445,1980400
2023-07-18 00:00:00-04:00,34.262846316168314,34.58607977220457,33.62511400234795,33.93960952758789,1989400
2023-07-19 00:00:00-04:00,33.9221427843298,34.37641524226627,33.9221427843298,34.21916580200195,2092400
2023-07-20 00:00:00-04:00,34.36767552187778,34.769533661537125,34.16674645204811,34.65596389770508,2115800
2023-07-21 00:00:00-04:00,34.85689653865012,35.15392284663646,34.76953389951064,35.02288055419922,3341000
2023-07-24 00:00:00-04:00,34.99667341231652,35.12771237214838,34.717119632289176,34.94425582885742,2081600
2023-07-25 00:00:00-04:00,34.85689895825666,35.15392528686121,34.76080171480457,34.987937927246094,1838200
2023-07-26 00:00:00-04:00,34.926789709677124,35.311175394608824,34.80448532504179,34.961734771728516,2071800
2023-07-27 00:00:00-04:00,34.84816529548672,34.979207613069704,34.11433564862006,34.28032302856445,2340400
2023-07-28 00:00:00-04:00,34.48124554593915,34.62975703376471,34.10559452873529,34.36767578125,1671600
2023-07-31 00:00:00-04:00,34.59481827121436,34.67344299452576,34.30652984076892,34.41136169433594,4000600
2023-08-01 00:00:00-04:00,34.507450302049854,34.6559617796782,33.99202243005926,34.061912536621094,3017700
2023-08-02 00:00:00-04:00,33.86972027053744,33.90466532608245,33.389237420697306,33.738677978515625,4459200
2023-08-03 00:00:00-04:00,33.42417777950982,33.485333290489514,32.471946716308594,32.471946716308594,5332500
2023-08-04 00:00:00-04:00,32.63969260952451,32.97518065752275,31.809792968555037,32.04816818237305,5665900
2023-08-07 00:00:00-04:00,31.86276669646363,32.39248715416176,31.86276669646363,31.889251708984375,4115000
2023-08-08 00:00:00-04:00,31.81862698813661,32.242404069183074,31.544936149846226,32.207088470458984,4136100
2023-08-09 00:00:00-04:00,32.11880293723221,32.25123138102084,31.792138699882354,31.9510555267334,4600300
2023-08-10 00:00:00-04:00,32.21591557425266,32.471945217644894,31.95988256297993,32.04816818237305,2711700
2023-08-11 00:00:00-04:00,32.08348696883611,32.56023744389761,32.00402855632586,32.55140686035156,3956700
2023-08-14 00:00:00-04:00,32.48960625323505,32.63969586261889,32.34834722739893,32.542579650878906,5256300
2023-08-15 00:00:00-04:00,32.321861440997154,32.63086450017502,31.800968164182486,31.809795379638672,4151800
2023-08-16 00:00:00-04:00,31.95106254805606,32.12763721312447,31.748002861985952,31.995208740234375,2480800
2023-08-17 00:00:00-04:00,31.959895399839663,32.24241353682912,31.668546676635742,31.668546676635742,2310100
2023-08-18 00:00:00-04:00,31.589082402454867,32.07466351805938,31.589082402454867,31.933401107788086,2185800
2023-08-21 00:00:00-04:00,31.836292650636764,32.039352341632,31.412515464923008,31.686203002929688,2251200
2023-08-22 00:00:00-04:00,31.747999445175342,31.924574091240284,31.5714247991104,31.836288452148438,1840400
2023-08-23 00:00:00-04:00,31.99520369594391,32.145289948466754,31.827456275028865,32.118804931640625,2270200
2023-08-24 00:00:00-04:00,32.09231771670136,32.52492542528954,31.809799633987886,31.81863021850586,2829900
2023-08-25 00:00:00-04:00,31.871596943669783,32.198261179280955,31.800969114267946,32.02168655395508,1890700
2023-08-28 00:00:00-04:00,32.101147131129515,32.26889118416347,31.977545895432794,32.118804931640625,1235000
2023-08-29 00:00:00-04:00,32.12763343119688,32.27772305759568,32.01285940723087,32.18943405151367,1980800
2023-08-30 00:00:00-04:00,32.083487602557305,32.383663459316196,31.933397990237413,32.039344787597656,2073400
2023-08-31 00:00:00-04:00,32.16295320365931,32.31303948163607,31.83629225850629,31.84511947631836,2906000
2023-09-01 00:00:00-04:00,32.0658315018792,32.0658315018792,31.174134468079952,31.50962257385254,2819800
2023-09-05 00:00:00-04:00,31.28890466557937,31.43899428367386,30.69738351302369,30.865127563476562,3527800
2023-09-06 00:00:00-04:00,30.900445751015397,31.05053201379444,30.626754876211987,30.979904174804688,3638000
2023-09-07 00:00:00-04:00,31.182964989713945,31.518456498928984,30.926931907210854,31.30656623840332,3746600
2023-09-08 00:00:00-04:00,31.28890193569496,31.606735576512072,31.22710132418949,31.447818756103516,2850300
2023-09-11 00:00:00-04:00,31.46548186271273,31.765657755467686,31.333053401953407,31.412511825561523,3032900
2023-09-12 00:00:00-04:00,31.3595435167666,31.73034730860957,31.21828444827187,31.668546676635742,2981700
2023-09-13 00:00:00-04:00,31.659713614759234,32.092317958728735,31.58908240960759,31.92457389831543,3073200
2023-09-14 00:00:00-04:00,32.14529554103732,32.5779033091211,32.06583710885384,32.56907272338867,4211800
2023-09-15 00:00:00-04:00,32.55140772827258,32.74564015689443,32.4366370821605,32.58672332763672,9503200
2023-09-18 00:00:00-04:00,32.69266799029162,32.69266799029162,32.10997405034067,32.4631233215332,2272000
2023-09-19 00:00:00-04:00,32.48960494995117,32.70149516414603,32.30420311745611,32.48960494995117,4448400
2023-09-20 00:00:00-04:00,32.692671788523036,32.692671788523036,32.11880836601508,32.27772521972656,3159000
2023-09-21 00:00:00-04:00,32.31303244042148,32.33952082384901,31.90691315192918,31.95988655090332,2786400
2023-09-22 00:00:00-04:00,31.783312704338947,32.030515169873,31.721512087955436,31.827455520629883,2920200
2023-09-25 00:00:00-04:00,31.59790636946603,31.739165382272127,31.483132369098414,31.712677001953125,2216600
2023-09-26 00:00:00-04:00,31.615568192997962,31.633225992832344,31.129987117254817,31.17413330078125,3691800
2023-09-27 00:00:00-04:00,31.103506527312543,31.288908400133867,30.918104654491223,31.112337112426758,5475000
2023-09-28 00:00:00-04:00,31.315393352634384,31.315393352634384,30.414865739004284,30.520809173583984,6501600
2023-09-29 00:00:00-04:00,30.882785967675417,30.98872940330275,30.02640116266169,30.176490783691406,4533400
2023-10-02 00:00:00-04:00,29.92928666826681,30.017572298462866,28.613809223907747,28.781553268432617,6489300
2023-10-03 00:00:00-04:00,28.60498605885406,29.823344093922305,28.41075360345997,29.67325782775879,8440000
2023-10-04 00:00:00-04:00,29.67325739597522,29.796858641106947,29.161191245707972,29.65559959411621,4711000
2023-10-05 00:00:00-04:00,29.60262580839628,29.999917925418803,29.258307096270524,29.82334327697754,4748300
2023-10-06 00:00:00-04:00,29.443712187682817,30.300097137332695,29.117051241397654,30.238296508789062,5237900
2023-10-09 00:00:00-04:00,30.22946771280109,30.715045497957654,30.17649430486562,30.6973876953125,2733700
2023-10-10 00:00:00-04:00,30.68855232633197,30.99755877263218,30.600266694749603,30.918100357055664,3070100
2023-10-11 00:00:00-04:00,31.015220919047145,31.341881843137834,30.882789085233426,31.30656623840332,2607800
2023-10-12 00:00:00-04:00,31.23593347495096,31.306561305409687,30.882784219014603,31.165302276611328,5601500
2023-10-13 00:00:00-04:00,31.465485666828698,31.55377468589019,31.17414032363006,31.4301700592041,4039200
2023-10-16 00:00:00-04:00,31.553770174912998,31.986374518882503,31.386022746618465,31.92457389831543,2442700
2023-10-17 00:00:00-04:00,31.686197356902216,31.968715430370704,31.606738938246636,31.853944778442383,2484800
2023-10-18 00:00:00-04:00,31.836289440613694,31.87160167661807,31.421339514659742,31.624399185180664,3081000
2023-10-19 00:00:00-04:00,31.650881181352183,31.85394420036102,31.377193697079544,31.483137130737305,3740700
2023-10-20 00:00:00-04:00,31.52728023964744,31.67736985927798,31.138818734047852,31.147645950317383,5252400
2023-10-23 00:00:00-04:00,30.856303124979764,31.262422463401997,30.662070672742466,30.891618728637695,4014400
2023-10-24 00:00:00-04:00,31.21828149953643,31.60674305923418,31.041706838625988,31.518457412719727,3498000
2023-10-25 00:00:00-04:00,31.465481044823022,31.65088290579566,31.35953760539312,31.57142448425293,3168600
2023-10-26 00:00:00-04:00,31.60674040189964,32.09231815266729,31.60674040189964,31.836288452148438,3460100
2023-10-27 00:00:00-04:00,31.51846009407033,31.65088857510802,30.820991976473646,31.01522445678711,4503500
2023-10-30 00:00:00-04:00,31.19179663308009,31.447826356388052,30.92693295646664,31.253597259521484,2774600
2023-10-31 00:00:00-04:00,31.403685037426513,31.49197068860629,31.147651933970756,31.4301700592041,2795500
2023-11-01 00:00:00-04:00,31.5361102388049,32.08348857015072,31.31539278946921,31.827455520629883,3075300
2023-11-02 00:00:00-04:00,31.85394429452335,32.46312324970754,31.85394429452335,32.28654861450195,2989700
2023-11-03 00:00:00-04:00,32.71033049436548,32.79861950880005,32.44547018682485,32.50727081298828,3727700
2023-11-06 00:00:00-05:00,32.54298243382202,32.59654894834934,32.07872000835211,32.11443328857422,2491500
2023-11-07 00:00:00-05:00,32.212638406483165,32.31977482571253,31.971578908863073,32.230491638183594,2526900
2023-11-08 00:00:00-05:00,32.10550235124243,32.15014224734579,31.525176890287252,31.864442825317383,2207000
2023-11-09 00:00:00-05:00,31.873376228035113,32.096579138027224,31.56089011056248,31.596603393554688,1952400
2023-11-10 00:00:00-05:00,31.80194044311357,31.82872710049571,31.48945782203139,31.5162410736084,2176100
2023-11-13 00:00:00-05:00,31.507320966414248,31.56981750353979,31.176978234972562,31.355541229248047,2742300
2023-11-14 00:00:00-05:00,31.91801069739808,32.73046901528144,31.89122744261468,32.70368576049805,4494600
2023-11-15 00:00:00-05:00,32.61440157744657,33.07866394582015,32.596544939531576,32.87331771850586,3440600
2023-11-16 00:00:00-05:00,33.08759311816942,33.30186595603713,32.9536700401481,33.06973648071289,3328000
2023-11-17 00:00:00-05:00,33.23044212549361,33.31972190512646,33.016165886247386,33.19472885131836,3294800
2023-11-20 00:00:00-05:00,33.0161685651671,33.453647694797624,32.68582926675562,33.41793441772461,3734900
2023-11-21 00:00:00-05:00,33.44472418658986,33.64114384294214,33.15902472597174,33.623287200927734,3232900
2023-11-22 00:00:00-05:00,33.73041664691919,33.73041664691919,33.346507437800064,33.516143798828125,3015500
2023-11-24 00:00:00-05:00,33.58757014831921,33.65899670836268,33.417937176924745,33.60542678833008,1091500
2023-11-27 00:00:00-05:00,33.64113694238632,33.64113694238632,33.31972426366837,33.480430603027344,2906200
2023-11-28 00:00:00-05:00,33.551862003580474,33.79291814163814,33.28401579541683,33.3108024597168,5313600
2023-11-29 00:00:00-05:00,33.3465098194963,33.45364965699956,32.846537534370796,33.016170501708984,5079700
2023-11-30 00:00:00-05:00,33.1054537833113,33.150093679480946,32.6769012438265,32.9804573059082,4435200
2023-12-01 00:00:00-05:00,32.971532785202264,33.37329868788341,32.757256501836984,33.35544204711914,4185600
2023-12-04 00:00:00-05:00,33.06974321601609,33.400082561728695,33.01617329273593,33.18580627441406,4062200
2023-12-05 00:00:00-05:00,33.185799290522084,33.185799290522084,32.8197467396578,33.07866287231445,3345100
2023-12-06 00:00:00-05:00,33.221522339753776,33.46258190600038,32.909039608956135,33.43579864501953,3532700
2023-12-07 00:00:00-05:00,33.50721083785208,33.50721083785208,33.03402188449935,33.30186462402344,4221700
2023-12-08 00:00:00-05:00,33.275082623237346,33.38221904191517,32.80189365208871,33.10544967651367,4199600
2023-12-11 00:00:00-05:00,33.03402953779811,33.4715087248263,32.953676356744204,33.26615905761719,3762800
2023-12-12 00:00:00-05:00,33.257230027382676,33.26615664427174,32.73047107997848,33.016170501708984,3425200
2023-12-13 00:00:00-05:00,33.02510105859147,34.42681493344406,32.85546468270362,34.382171630859375,4953000
2023-12-14 00:00:00-05:00,34.57859040865083,34.65894358318828,33.73041876760122,33.81077194213867,6452100
2023-12-15 00:00:00-05:00,33.6589959035055,33.68577915997843,32.85546415125985,33.016170501708984,8110800
2023-12-18 00:00:00-05:00,33.03402405393538,33.21258702727991,32.7929645507911,32.87331771850586,2924700
2023-12-19 00:00:00-05:00,32.96260452270508,33.123310892362106,32.73940160993766,32.96260452270508,2476200
2023-12-20 00:00:00-05:00,32.864389960094194,32.9804529937992,32.301917805642226,32.31084442138672,3233800
2023-12-21 00:00:00-05:00,32.364417864416446,32.623334024725146,32.18585487779646,32.43584442138672,2887400
2023-12-22 00:00:00-05:00,32.587617111365475,32.83760322126619,32.31977436421394,32.3465576171875,4446000
2023-12-26 00:00:00-05:00,32.337638186182616,32.61440761054902,32.29299488023416,32.44477462768555,2764300
2023-12-27 00:00:00-05:00,32.3644252956863,32.471561749935866,32.212648935983296,32.42692184448242,2367200
2023-12-28 00:00:00-05:00,32.346559883276235,32.748325735052525,32.266206712920976,32.667972564697266,2029200
2023-12-29 00:00:00-05:00,32.56084338459094,32.76618966434465,32.48049019635633,32.73047637939453,2728600
2024-01-02 00:00:00-05:00,32.56084390128573,33.41794231885164,32.498347354534445,33.39115905761719,2994800
2024-01-03 00:00:00-05:00,33.4179403025113,33.775066324519,33.257233933188445,33.71256637573242,4079300
2024-01-04 00:00:00-05:00,33.85541241480651,34.15896847869859,33.59649965315609,33.739349365234375,3715100
2024-01-05 00:00:00-05:00,33.703634572021095,34.13218368900839,33.53400161086121,34.042903900146484,3621500
2024-01-08 00:00:00-05:00,34.04290278123125,34.27503226812601,33.79291325018437,34.26610565185547,2841200
2024-01-09 00:00:00-05:00,34.141115689218324,34.453598374143176,33.953622672457584,34.3911018371582,8050400
2024-01-10 00:00:00-05:00,34.44467088902726,34.65001713477524,34.2571778769915,34.587520599365234,3048900
2024-01-11 00:00:00-05:00,34.5518066272527,34.623229778086134,33.730418254931315,33.94469451904297,4540400
2024-01-12 00:00:00-05:00,34.1500390218587,34.3196719765309,34.033972576132726,34.25717544555664,3968600
2024-01-16 00:00:00-05:00,34.03397486814689,34.13218468223622,33.63220899496587,33.79291534423828,4977600
2024-01-17 00:00:00-05:00,33.65007222803257,34.01612489403408,33.17688311012503,33.32866287231445,5538300
2024-01-18 00:00:00-05:00,33.15901973680153,33.31972608494481,32.998313388658254,33.13223648071289,5382400
2024-01-19 00:00:00-05:00,33.24830314186351,33.257229758680445,32.74832745497181,33.04295349121094,3736700
2024-01-22 00:00:00-05:00,33.096528761500025,33.33758832420731,32.73940272656932,32.757259368896484,4172500
2024-01-23 00:00:00-05:00,32.712611990714436,32.926888243869136,32.569762290546464,32.78403854370117,5877600
2024-01-24 00:00:00-05:00,33.069741207931,33.078667825032625,32.03407992804489,32.10550308227539,5257000
2024-01-25 00:00:00-05:00,32.46263811649908,32.59655784517495,31.909095745197217,32.58763122558594,3963000
2024-01-26 00:00:00-05:00,32.676900226984586,32.71261350513129,32.32870427956842,32.48048400878906,3379600
2024-01-29 00:00:00-05:00,32.489408597027655,32.88224782050409,32.31977564512994,32.83760452270508,2789300
2024-01-30 00:00:00-05:00,32.76618903361148,33.042958472131446,32.49834621325407,32.81975555419922,2877100
2024-01-31 00:00:00-05:00,33.07866078858732,33.23936710867804,32.60547184932305,32.748321533203125,3447500
2024-02-01 00:00:00-05:00,32.605476515015106,33.35543831415279,32.40013027791623,33.319725036621094,2880800
2024-02-02 00:00:00-05:00,33.007237232366165,33.150086914440735,32.54297491417255,32.84653091430664,3897900
2024-02-05 00:00:00-05:00,32.50726800664429,32.73047089144844,32.2751385050025,32.3376350402832,3883600
2024-02-06 00:00:00-05:00,32.28345178317649,32.50018136680347,32.17508871376294,32.3376350402832,2636100
2024-02-07 00:00:00-05:00,32.464056878819626,32.54533003628024,32.193147502217435,32.35569381713867,2514300
2024-02-08 00:00:00-05:00,32.16605494981416,32.37375225851294,31.976418725976107,32.31957244873047,4550300
2024-02-09 00:00:00-05:00,32.50921288719406,33.89988559856496,32.50921288719406,33.69218826293945,9712600
2024-02-12 00:00:00-05:00,33.75539196191896,34.11660328184918,33.33096513008168,34.107574462890625,3692500
2024-02-13 00:00:00-05:00,33.93600426380982,34.08951832195445,33.06908939174671,33.36709213256836,4063500
2024-02-14 00:00:00-05:00,33.421278080212936,33.50255125674133,33.213580727929354,33.349037170410156,3404100
2024-02-15 00:00:00-05:00,33.43933555656796,33.764428227563286,33.349033567869284,33.68315505981445,3930900
2024-02-16 00:00:00-05:00,33.556729861624426,33.79151709187176,33.24066946613763,33.764427185058594,3477000
2024-02-20 00:00:00-05:00,33.78248234900035,33.99017963602437,33.51157299396028,33.54769515991211,4110500
2024-02-21 00:00:00-05:00,33.69218719683735,34.17079393575184,33.47545760206851,34.152732849121094,3159200
2024-02-22 00:00:00-05:00,33.97212555741029,33.97212555741029,33.63800406546512,33.68315505981445,3278600
2024-02-23 00:00:00-05:00,33.764431936138884,33.99922264422418,33.674129937521734,33.77346420288086,4298300
2024-02-26 00:00:00-05:00,33.638001380945525,33.638001380945525,32.88848184432258,32.942665100097656,2995800
2024-02-27 00:00:00-05:00,33.09618054516115,33.330967749326085,32.843328812060946,33.29484558105469,2336700
2024-02-28 00:00:00-05:00,33.24066751055204,33.43933255682751,33.18648425531342,33.267757415771484,2315200
2024-02-29 00:00:00-05:00,33.412241124707364,33.56575517366843,32.996846521260196,33.06005859375,3085800
2024-03-01 00:00:00-05:00,32.996853682695736,33.05103350241751,32.518243458084534,32.960731506347656,2730000
2024-03-04 00:00:00-05:00,32.74400091537694,33.71927897885281,32.74400091537694,33.65606689453125,2570300
2024-03-05 00:00:00-05:00,33.8366626308595,34.10757196214408,33.30387278658691,33.4212646484375,3440500
2024-03-06 00:00:00-05:00,33.791510738560056,33.99921146774332,33.59284571794891,33.827632904052734,2293100
2024-03-07 00:00:00-05:00,34.15273435324765,34.23400752426533,33.945037015046964,34.17079544067383,2196000
2024-03-08 00:00:00-05:00,34.270125074730096,34.46879012000987,33.97212233961083,34.396549224853516,2694600
2024-03-11 00:00:00-04:00,34.37848586972819,34.81194154644287,34.37848586972819,34.793880462646484,2579400
2024-03-12 00:00:00-04:00,34.59522214120608,34.83000938650367,34.14370529311057,34.215946197509766,2879700
2024-03-13 00:00:00-04:00,34.45976129991522,34.69454851517305,34.243031724846695,34.396549224853516,2325300
2024-03-14 00:00:00-04:00,34.28818107838603,34.38751530870496,34.07145153543571,34.33333206176758,2513000
2024-03-15 00:00:00-04:00,34.107576220053716,34.61327622776796,34.107576220053716,34.27012252807617,5657300
2024-03-18 00:00:00-04:00,34.270129896483375,34.522978232305576,34.17982445883243,34.50491714477539,3113900
2024-03-19 00:00:00-04:00,34.595221535911506,34.75776787396592,34.450736284840936,34.58618927001953,2041800
2024-03-20 00:00:00-04:00,34.577153619741516,34.79387973114267,34.324301896707595,34.5500602722168,2487300
2024-03-21 00:00:00-04:00,34.62231318996744,34.89322261878654,34.46879566526311,34.55910110473633,2176600
2024-03-22 00:00:00-04:00,34.857099739613524,34.9022541808391,34.387525243029486,34.50491714477539,1665800
2024-03-25 00:00:00-04:00,34.71261413457345,34.757768575344265,34.49588797599432,34.64037322998047,1462500
2024-03-26 00:00:00-04:00,34.54103936315251,34.667463531222154,34.11661241766136,34.12564468383789,2190200
2024-03-27 00:00:00-04:00,34.36043107011138,34.81194791320036,34.27012907941364,34.730674743652344,3799700
2024-03-28 00:00:00-04:00,34.721638547352036,34.95642574017559,34.61327549257189,34.875152587890625,3248200
2024-04-01 00:00:00-04:00,34.92030819894374,34.92934046417141,34.29721624542832,34.64939880371094,2844100
2024-04-02 00:00:00-04:00,34.676492054867545,34.97449135532665,34.649398704062286,34.73970413208008,3459900
2024-04-03 00:00:00-04:00,34.68552330189277,34.75776764936127,34.26109637251556,34.44170379638672,3172000
2024-04-04 00:00:00-04:00,34.721647450987845,34.73970853888249,34.224979590686125,34.55910110473633,4250100
2024-04-05 00:00:00-04:00,34.3152814812146,34.48685664849257,34.089523050417135,34.324310302734375,3193700
2024-04-08 00:00:00-04:00,34.38752167370582,34.66745988936644,34.27915515977282,34.64939880371094,2418600
2024-04-09 00:00:00-04:00,34.76679403808549,34.902250457712256,34.53200681483893,34.73970413208008,2468900
2024-04-10 00:00:00-04:00,34.3875250449877,34.44170486246602,33.91794710630781,34.17079544067383,2922900
2024-04-11 00:00:00-04:00,34.369463030133716,34.369463030133716,33.91794619106375,33.97212600708008,2110200
2024-04-12 00:00:00-04:00,33.945036114333604,34.18885562091702,33.65606561278291,33.78248977661133,2001900
2024-04-15 00:00:00-04:00,33.97212928879868,34.16176899757541,33.53867349479557,33.77346420288086,2638900
2024-04-16 00:00:00-04:00,33.665090377890856,33.7915145264877,33.240666942572815,33.25872802734375,2577300
2024-04-17 00:00:00-04:00,33.39418799069827,33.88182704725567,33.3400047250362,33.8186149597168,2552500
2024-04-18 00:00:00-04:00,33.95406204499375,34.08048964285984,33.619940576918594,33.98115539550781,1779000
2024-04-19 00:00:00-04:00,34.19788634667486,34.69455420857751,34.098552085334276,34.46879577636719,2710000
2024-04-22 00:00:00-04:00,34.3694641554993,34.66746348774687,34.24303654278798,34.50491714477539,2389500
2024-04-23 00:00:00-04:00,34.49588937184773,34.748737715354785,34.37849402173361,34.42364501953125,1944700
2024-04-24 00:00:00-04:00,34.21594559885118,34.65843361795488,34.03533817381294,34.58618927001953,2491200
2024-04-25 00:00:00-04:00,34.52297786530042,34.91128263107096,34.179824095475254,34.83000946044922,3289700
2024-04-26 00:00:00-04:00,34.49588266685189,34.947399446667234,34.17079003421691,34.43267059326172,5476300
2024-04-29 00:00:00-04:00,34.6132795124022,35.16412711430723,34.586186161961116,35.0196418762207,4019300
2024-04-30 00:00:00-04:00,34.83000412912775,34.965460541030154,34.5049114964017,34.62230682373047,3680300
2024-05-01 00:00:00-04:00,34.532008301733015,35.23637344660142,34.477825042589295,34.94740295410156,2862300
2024-05-02 00:00:00-04:00,35.17315928268045,35.516313013992395,34.92030753312438,35.299583435058594,2762700
2024-05-03 00:00:00-04:00,35.53437797212502,35.606622328246885,34.99255908041302,35.4350471496582,2137500
2024-05-06 00:00:00-04:00,35.59480626535337,35.64957931953659,35.2661540101792,35.55828857421875,2068800
2024-05-07 00:00:00-04:00,35.79563824864506,35.9508366584923,35.567407956089276,35.92344665527344,2963100
2024-05-08 00:00:00-04:00,35.80477443615177,36.160813185309884,35.78651559228233,36.03300476074219,2283600
2024-05-09 00:00:00-04:00,36.03300107409484,36.41642630856851,35.94170686408823,36.37078094482422,2023000
2024-05-10 00:00:00-04:00,36.45294659939077,36.599013863328864,36.197329758128674,36.462074279785156,2055900
2024-05-13 00:00:00-04:00,36.51685161077015,36.69943656532767,36.22471707648546,36.23384475708008,1643500
2024-05-14 00:00:00-04:00,36.480330514314126,36.53510704031809,36.160809485586064,36.37078094482422,1884300
2024-05-15 00:00:00-04:00,36.68117191563438,37.110245968551915,36.60813655236425,36.75420379638672,3158400
2024-05-16 00:00:00-04:00,36.7268133776438,37.01894783467687,36.635522665765,36.71768569946289,2426300
2024-05-17 00:00:00-04:00,36.62639568137581,36.772462926547604,36.41642423409872,36.55336380004883,2516400
2024-05-20 00:00:00-04:00,36.59901509517985,36.59901509517985,36.40730245778061,36.57162857055664,1579400
2024-05-21 00:00:00-04:00,36.58988372452907,37.00069548252198,36.571624882448795,36.90940475463867,1879100
2024-05-22 00:00:00-04:00,36.754204879710386,36.91853096939387,36.39816617956881,36.42555618286133,1892500
2024-05-23 00:00:00-04:00,36.179068150034155,36.26123119737787,35.71347638758048,35.73173522949219,2675900
2024-05-24 00:00:00-04:00,35.759119528671185,35.9051902548866,35.512633884477154,35.5765380859375,1892000
2024-05-28 00:00:00-04:00,35.59480113335303,35.804772603325695,35.3574396577191,35.41221618652344,2270600
2024-05-29 00:00:00-04:00,35.15659162313698,35.32091770719102,35.010524379813155,35.17485046386719,1970600
2024-05-30 00:00:00-04:00,35.3483061121089,35.65869942545968,35.220497715291096,35.59479522705078,2366100
2024-05-31 00:00:00-04:00,35.67696004829466,36.79985263968945,35.54002048342206,36.75420379638672,4458000
2024-06-03 00:00:00-04:00,36.61726980361923,36.82724126122631,36.28861761518449,36.67204284667969,2421900
2024-06-04 00:00:00-04:00,36.56249748911962,36.77246897091013,36.27036295075732,36.70856475830078,2144200
2024-06-05 00:00:00-04:00,36.58075275949456,36.65378812820948,35.97822489766867,36.005611419677734,1945300
2024-06-06 00:00:00-04:00,35.88693706434932,36.21558580252491,35.631316735743845,35.695220947265625,2399000
2024-06-07 00:00:00-04:00,35.439598083496094,35.777377927401325,35.33917620172265,35.439598083496094,1768900
2024-06-10 00:00:00-04:00,35.33005613062957,35.63131835830552,35.15659884929877,35.5400276184082,2576300
2024-06-11 00:00:00-04:00,35.26614432203508,35.60392416594031,35.12920475915898,35.439598083496094,1995400
2024-06-12 00:00:00-04:00,35.75912456634186,35.75912456634186,35.16572782882531,35.28440856933594,2265700
2024-06-13 00:00:00-04:00,35.330053123935144,35.49437922778046,34.97401439310968,35.31179428100586,1511900
2024-06-14 00:00:00-04:00,35.14747366584728,35.45786707908019,35.028792909532676,35.39396286010742,1783900
2024-06-17 00:00:00-04:00,35.0926919394034,35.30266341105416,34.88272046775264,34.91011047363281,1864600
2024-06-18 00:00:00-04:00,34.81882013862502,35.110954695436874,34.77317476709541,34.84620666503906,1980300
2024-06-20 00:00:00-04:00,34.77316587308113,35.12920455547332,34.69100283233542,34.90097427368164,1765200
2024-06-21 00:00:00-04:00,34.89185462963397,35.27527991973088,34.782301561733256,34.9375,5179400
2024-06-24 00:00:00-04:00,34.937497094656834,35.56741151136993,34.83707519869136,35.14746856689453,3158900
2024-06-25 00:00:00-04:00,35.14746766427922,35.174854187014404,34.864460826782384,35.03791809082031,2439500
2024-06-26 00:00:00-04:00,34.8644583490068,35.25701473206402,34.718391100603036,35.183982849121094,2066900
2024-06-27 00:00:00-04:00,35.15659162313698,35.31179002808481,34.992269021600734,35.17485046386719,2408200
2024-06-28 00:00:00-04:00,35.26615223866508,35.30266644544679,34.8096915699677,34.9375,4419300
2024-07-01 00:00:00-04:00,35.17485458877549,35.421343743761994,34.82794702177362,34.97401428222656,2173300
2024-07-02 00:00:00-04:00,35.0926890004551,35.165724366661344,34.75490913804608,34.91923522949219,4093100
2024-07-03 00:00:00-04:00,35.01052646723436,35.220501406892055,34.91010806100771,35.092689514160156,1249400
2024-07-05 00:00:00-04:00,35.09268905498539,35.31179167142664,34.928362963283945,35.22050094604492,1827700
2024-07-08 00:00:00-04:00,35.22963333129883,35.33918291289333,35.074434898398074,35.22963333129883,2012300
2024-07-09 00:00:00-04:00,35.193114352589966,35.439603514026665,35.00140172120084,35.28440856933594,2034100
2024-07-10 00:00:00-04:00,35.43960069150003,35.567409102247034,35.20224271190104,35.53089141845703,2484500
2024-07-11 00:00:00-04:00,35.676966011584064,36.15168202211598,35.567412948367426,36.03300476074219,2562000
2024-07-12 00:00:00-04:00,36.16993451963915,36.35251944377897,35.914317715354066,36.078643798828125,2954200
2024-07-15 00:00:00-04:00,35.813896028284326,35.95083559276552,35.4487296605308,35.47611618041992,2200400
2024-07-16 00:00:00-04:00,35.54002040438365,35.74999184954162,35.412212001462954,35.5765380859375,2205100
2024-07-17 00:00:00-04:00,35.686089112720296,36.40729768167889,35.64957142966767,36.060386657714844,2859200
2024-07-18 00:00:00-04:00,35.81389710942766,36.43468378411841,35.79563826811112,36.023868560791016,2302300
2024-07-19 00:00:00-04:00,36.20645562924129,36.25210099396881,35.823030386508385,36.14255142211914,2004200
2024-07-22 00:00:00-04:00,36.197330558544216,36.37078435001925,36.060390971972424,36.334266662597656,1393500
2024-07-23 00:00:00-04:00,36.36165748740068,36.48033475041304,36.16081368458217,36.40730285644531,1786400
2024-07-24 00:00:00-04:00,36.589882511861305,36.99156657676043,36.407297579627915,36.900272369384766,2417200
2024-07-25 00:00:00-04:00,37.08285682250857,37.47541320285726,36.717690445277654,36.92766189575195,3091800
2024-07-26 00:00:00-04:00,37.05547134620892,37.47541425899237,37.000694820947515,37.37499237060547,2054200
2024-07-29 00:00:00-04:00,37.43889586033003,37.9683918135219,37.30195977356924,37.90448760986328,3114600
2024-07-30 00:00:00-04:00,37.785812871791066,38.251404695129864,37.69452213281248,38.16011047363281,3958700
2024-07-31 00:00:00-04:00,38.406595821778524,38.470500029201,37.75842258505447,38.260528564453125,4662200
2024-08-01 00:00:00-04:00,38.516145563735925,39.07302807302795,38.46137251857155,38.999996185302734,3223600
2024-08-02 00:00:00-04:00,39.48384290704956,39.84901278937055,38.5161451566616,38.963478088378906,4172300
2024-08-05 00:00:00-04:00,39.26474527354334,39.401684867454684,38.19662897810164,38.23314666748047,4581100
2024-08-06 00:00:00-04:00,38.269653361709835,38.94521655252569,38.24226684131117,38.470497131347656,3439300
2024-08-07 00:00:00-04:00,38.58577432174557,39.08377511964435,38.42899472922265,38.65032958984375,3282300
2024-08-08 00:00:00-04:00,38.475109450778604,38.89010660632861,38.31832985499441,38.63188552856445,3422900
2024-08-09 00:00:00-04:00,38.67800034301908,38.7794453545647,38.20766853803332,38.70566940307617,2887200
2024-08-12 00:00:00-04:00,38.705667328726555,38.926998689329096,38.58577745623436,38.91777801513672,2564200
2024-08-13 00:00:00-04:00,38.991554006041,39.12988874507037,38.63188790616291,39.00077819824219,2631200
2024-08-14 00:00:00-04:00,38.91777831215618,39.24055468133104,38.585777750720005,38.991554260253906,2397800
2024-08-15 00:00:00-04:00,38.613437924007584,39.185218152777274,38.45666185734363,39.028438568115234,3146600
2024-08-16 00:00:00-04:00,39.194439789703274,39.40655045346424,39.019218854769825,39.258995056152344,2524200
2024-08-19 00:00:00-04:00,39.342002137417936,39.58177838116082,39.21289158171032,39.52644729614258,2209000
2024-08-20 00:00:00-04:00,39.53566917356039,39.8953353091143,39.53566917356039,39.830780029296875,3136200
2024-08-21 00:00:00-04:00,39.83077676567032,40.03366678161448,39.74777662442031,39.821556091308594,2008500
2024-08-22 00:00:00-04:00,39.84000015258789,39.94144515850906,39.6463343329194,39.84000015258789,1788400
2024-08-23 00:00:00-04:00,40.00600451851466,40.06133560521594,39.73855920612881,39.830780029296875,1492100
2024-08-26 00:00:00-04:00,39.90455741384483,40.20888892877151,39.84922281204056,40.04288864135742,1668300
2024-08-27 00:00:00-04:00,39.98755637380861,40.15355665630863,39.73855595005858,39.821556091308594,1577800
2024-08-28 00:00:00-04:00,39.996778388304385,40.43022397579955,39.93222311161345,40.3748893737793,2430000
2024-08-29 00:00:00-04:00,40.439444315808544,40.53166865174575,39.923002106554975,40.21811294555664,2549400
2024-08-30 00:00:00-04:00,40.29188711644666,40.64233254153002,40.245776709514296,40.503997802734375,2882500
2024-09-03 00:00:00-04:00,40.550110848881026,41.04810815815615,40.41177611308332,40.86366653442383,2392500
2024-09-04 00:00:00-04:00,40.97433014774389,41.315551356054186,40.808329880350065,41.075775146484375,2242700
2024-09-05 00:00:00-04:00,41.34322339811773,41.472333944747824,40.900553641102356,41.01122283935547,2978500
2024-09-06 00:00:00-04:00,41.08499891182285,41.14033351111772,40.69766727075447,40.75299835205078,2108400
2024-09-09 00:00:00-04:00,40.76222187285417,41.020442962646484,40.64233200202266,41.020442962646484,2750000
2024-09-10 00:00:00-04:00,41.04811361164588,41.14033795376307,40.70689234080962,40.8267822265625,2005100
2024-09-11 00:00:00-04:00,40.74377958613337,40.77144512807728,40.41177901081153,40.71611404418945,2262500
2024-09-12 00:00:00-04:00,40.780669281306764,40.94666956880724,40.485558440861205,40.633113861083984,2225200
2024-09-13 00:00:00-04:00,40.63311187365368,41.057333246294995,40.45788740208552,41.01122283935547,2443500
2024-09-16 00:00:00-04:00,41.204886394143784,41.29710720295318,40.71610977505695,40.89133071899414,2656200
2024-09-17 00:00:00-04:00,40.780669379715235,40.8360004636831,40.116668228111045,40.29188919067383,6515100
2024-09-18 00:00:00-04:00,40.30111057959529,40.531666128084964,39.86766502267518,40.107444763183594,4111400
2024-09-19 00:00:00-04:00,39.88610920288004,40.01521974493447,39.600219061189215,39.8676643371582,3047700
2024-09-20 00:00:00-04:00,40.107449846633905,40.64233695756543,39.83078033898081,40.577781677246094,7857200
2024-09-23 00:00:00-04:00,40.78067034653209,40.80833588917191,40.44866976285901,40.605445861816406,3191700
2024-09-24 00:00:00-04:00,40.47633242950499,40.918998670283074,40.15355606164553,40.255001068115234,2381600
2024-09-25 00:00:00-04:00,40.319554226884414,40.49477517196066,40.098219359105336,40.38410949707031,2666700
2024-09-26 00:00:00-04:00,40.153557669399945,40.476334050183425,40.061333333462734,40.21811294555664,2268100
2024-09-27 00:00:00-04:00,40.439444767161355,40.71611426006225,40.27344447862032,40.6238899230957,2271100
2024-09-30 00:00:00-04:00,40.81755832218635,40.98355862117302,40.58700274226032,40.90055847167969,2852200
2024-10-01 00:00:00-04:00,41.01122093417785,41.112665935531304,40.7991102577108,41.0481071472168,2336600
2024-10-02 00:00:00-04:00,40.753000476850126,40.95589050017778,40.5316691041279,40.6238899230957,3774000
2024-10-03 00:00:00-04:00,40.70688979101378,40.70688979101378,40.02444729208805,40.04288864135742,4031600
2024-10-04 00:00:00-04:00,39.55411038091287,40.12588717123236,39.44344469975393,40.079776763916016,2998800
2024-10-07 00:00:00-04:00,39.904557731736645,39.95989233398173,39.49878120260228,39.535667419433594,3343600
2024-10-08 00:00:00-04:00,39.74777641333088,39.84000074645146,39.388110309157135,39.40655517578125,2323500
2024-10-09 00:00:00-04:00,39.46188969058395,39.58177604638436,39.06533385401685,39.24055480957031,2514700
2024-10-10 00:00:00-04:00,39.332780978626886,39.535667484528744,38.91778025610235,39.03767013549805,2049800
2024-10-11 00:00:00-04:00,39.10222447097931,39.53566653251325,39.056110544476866,39.38811111450195,2053600
2024-10-14 00:00:00-04:00,39.425004281262225,39.85844989853519,39.425004281262225,39.81233596801758,1968400
2024-10-15 00:00:00-04:00,40.02444407554415,40.4578861085154,39.93221974661527,40.11666488647461,2315900
2024-10-16 00:00:00-04:00,40.20888807103166,40.55933350565219,40.1443327959698,40.485557556152344,3053500
2024-10-17 00:00:00-04:00,40.531666128084964,40.531666128084964,40.06133083908687,40.107444763183594,2598700
2024-10-18 00:00:00-04:00,40.10744510573355,40.448666335373,39.932220635865804,40.26422119140625,2096800
2024-10-21 00:00:00-04:00,40.35645185214957,40.55934191182197,40.01523053924548,40.30112075805664,2096700
2024-10-22 00:00:00-04:00,40.17200046629799,40.46711129009093,39.93222072321715,40.43022155761719,2101700
2024-10-23 00:00:00-04:00,40.31033646470304,40.83600290177475,40.27344672785617,40.8267822265625,2503100
2024-10-24 00:00:00-04:00,40.900558113455034,41.02967219220191,40.56856103638844,40.66078186035156,2475800
2024-10-25 00:00:00-04:00,40.81755603876297,40.90978037637353,39.98755810826051,40.033668518066406,2327600
2024-10-28 00:00:00-04:00,40.27344106077234,40.43944133522559,40.16277538380299,40.28266525268555,2277600
2024-10-29 00:00:00-04:00,39.98755980869738,40.079780632230786,39.46189337495934,39.498783111572266,3853800
2024-10-30 00:00:00-04:00,39.71089076128946,39.71089076128946,38.63188891546645,38.89011001586914,5933600
2024-10-31 00:00:00-04:00,38.825554063037906,39.07455448465056,38.55811229286009,38.57655715942383,4017200
2024-11-01 00:00:00-04:00,38.502781721520876,38.79789258141957,38.29989168609092,38.484336853027344,5641900
2024-11-04 00:00:00-05:00,38.35521858699875,38.60421898464533,38.12466305414062,38.318328857421875,2475000
2024-11-05 00:00:00-05:00,38.21688460415558,38.68721987042247,38.06932920097345,38.641109466552734,2693900
2024-11-06 00:00:00-05:00,38.62266278489394,38.77021818113621,38.30910712812935,38.34599685668945,3358400
2024-11-07 00:00:00-05:00,38.46246487429115,38.65813419046548,38.15499061343679,38.41587829589844,3067100
2024-11-08 00:00:00-05:00,38.52768557511034,38.95629132400655,38.499734339825274,38.70471954345703,2812900
2024-11-11 00:00:00-05:00,38.66745130683551,39.24513271668959,38.50905622442722,38.8724365234375,2218500
2024-11-12 00:00:00-05:00,38.87243899550704,39.00288284915718,38.592912389881384,38.66745376586914,2690200
2024-11-13 00:00:00-05:00,38.8444809118586,38.92833817557712,38.31338609308402,38.40656280517578,3729000
2024-11-14 00:00:00-05:00,38.378607872351466,38.4717845840984,37.987276345998715,38.043182373046875,3430600
2024-11-15 00:00:00-05:00,37.91274167168309,38.71404376256954,37.884790430387106,38.67677307128906,4002100
2024-11-18 00:00:00-05:00,38.537008145839955,38.9935616126889,38.49973745955441,38.844482421875,2724400
2024-11-19 00:00:00-05:00,38.639496536812516,38.751305029132205,38.39724065673732,38.74198913574219,2439300
2024-11-20 00:00:00-05:00,38.574281531307285,38.90039117330418,38.52769139302614,38.88175582885742,2392100
2024-11-21 00:00:00-05:00,39.030832953492414,39.31967544555664,38.741994015756525,39.31967544555664,1966100
2024-11-22 00:00:00-05:00,39.34762711480922,39.40353314578775,38.919024873625645,38.937660217285156,2163400
2024-11-25 00:00:00-05:00,39.049468715880664,39.39421368768088,38.88175417731226,39.17991256713867,2557500
2024-11-26 00:00:00-05:00,39.20786450112106,39.403530263741985,39.10537189565444,39.39421081542969,1801100
2024-11-27 00:00:00-05:00,39.580558515253884,39.94393878430369,39.50602070448035,39.711002349853516,2217300
2024-11-29 00:00:00-05:00,39.72032383963668,39.92530549554774,39.61783123451709,39.645782470703125,1662100
2024-12-02 00:00:00-05:00,39.673738358420664,39.711005489589986,38.714037755664584,38.75130844116211,2713700
2024-12-03 00:00:00-05:00,39.002882025044386,39.05878450152557,38.564960336190474,38.57427978515625,2306200
2024-12-04 00:00:00-05:00,38.65813652157684,38.76994502732709,38.37860992570875,38.462467193603516,1801300
2024-12-05 00:00:00-05:00,38.462465554374624,38.76062392655364,38.443830211822416,38.51837158203125,2010000
2024-12-06 00:00:00-05:00,38.453156655918974,38.52769448536007,38.136362883554504,38.17363357543945,1898400
2024-12-09 00:00:00-05:00,38.10840484151705,38.276119370742556,37.97795744319752,38.0245475769043,2061400
2024-12-10 00:00:00-05:00,38.0152297758846,38.043184568185765,37.44686424158134,37.72639083862305,2679900
2024-12-11 00:00:00-05:00,37.782292375794064,37.8009277187557,37.33505480769948,37.38164138793945,2682100
2024-12-12 00:00:00-05:00,37.819564975281075,38.04318554780706,37.50277123756084,37.5679931640625,2710900
2024-12-13 00:00:00-05:00,37.56798702664651,37.73570154005967,37.41890785409346,37.521400451660156,1622400
2024-12-16 00:00:00-05:00,37.558674264026095,37.623896185309036,37.176658630371094,37.176658630371094,2636900
2024-12-17 00:00:00-05:00,36.99031039361862,37.42822851951905,36.92508846945625,37.12075424194336,2712300
2024-12-18 00:00:00-05:00,37.00894686966078,37.17666140959138,36.4498972184493,36.46853256225586,3583600
2024-12-19 00:00:00-05:00,36.52443422685825,37.05552902169864,36.37535504855793,36.48716354370117,3540200
2024-12-20 00:00:00-05:00,36.310130354859034,37.148699335829946,36.161051187953476,37.074161529541016,7995100
2024-12-23 00:00:00-05:00,37.03689248208902,37.12074973931592,36.79464015806012,37.01825714111328,3578100
2024-12-24 00:00:00-05:00,36.9903089028349,37.23256124648497,36.91576753289447,37.16733932495117,819600
2024-12-26 00:00:00-05:00,37.02758217262859,37.21392850183182,36.99031148505659,37.0834846496582,1450000
2024-12-27 00:00:00-05:00,36.83191651688455,37.17666507984845,36.757378688627995,36.96236038208008,1864000
2024-12-30 00:00:00-05:00,36.84123691890424,37.01826737562593,36.608300423798866,36.934410095214844,2113800
2024-12-31 00:00:00-05:00,36.93440599941466,37.14870712462745,36.813278040180144,37.064849853515625,2501400
2025-01-02 00:00:00-05:00,37.31641796224484,37.474816593876945,37.036894937731354,37.18597412109375,1968200
2025-01-03 00:00:00-05:00,37.353688241731376,37.530718659327576,37.15802248212588,37.195289611816406,1990100
2025-01-06 00:00:00-05:00,37.05552971503025,37.1114357408119,36.48716422639832,36.589656829833984,3010600
2025-01-07 00:00:00-05:00,36.70146805573894,36.953039858968076,36.50580228244794,36.626930236816406,1968900
2025-01-08 00:00:00-05:00,36.589653885688115,37.111432754681665,36.366033354882944,37.05552673339844,2548300
2025-01-10 00:00:00-05:00,36.84123318543452,37.11144034541303,35.92812264367504,36.07720184326172,4248400
2025-01-13 00:00:00-05:00,36.254227105461425,36.51511477890499,35.87221148892135,36.48716354370117,2818800
2025-01-14 00:00:00-05:00,36.5430729845868,36.645565595686065,36.34740365688443,36.496482849121094,3222000
2025-01-15 00:00:00-05:00,37.008948514406384,37.064850993982056,36.496485422772295,36.54307556152344,2468400
2025-01-16 00:00:00-05:00,36.47784795384033,37.35368768935716,36.47784795384033,37.3443717956543,2881600
2025-01-17 00:00:00-05:00,37.213925903999865,37.44686235357146,36.9903089028349,37.16733932495117,4082900
2025-01-21 00:00:00-05:00,37.37232087826253,37.6891145608309,37.307098963115614,37.53071594238281,2375900
2025-01-22 00:00:00-05:00,37.437544656574005,37.437544656574005,36.69214876470734,36.72941589355469,2241700
2025-01-23 00:00:00-05:00,36.468532293086085,36.60829559343948,36.114467872031625,36.35672378540039,4905500
2025-01-24 00:00:00-05:00,36.23559406586415,36.55238778416866,36.23559406586415,36.53375244140625,3570500
2025-01-27 00:00:00-05:00,37.046209651435994,38.108402797672305,36.831908554325366,38.08976745605469,5477500
2025-01-28 00:00:00-05:00,37.96864017854948,38.22952785711527,37.11143577507441,37.446861267089844,4678400
2025-01-29 00:00:00-05:00,37.502774742837275,37.55868077977625,36.93440914077497,36.96236038208008,5014600
2025-01-30 00:00:00-05:00,37.353686576372475,37.363002469797756,36.60829070087338,37.008941650390625,4522400
2025-01-31 00:00:00-05:00,36.99962737978539,37.185977263317014,36.87850297666897,37.0834846496582,4584000
2025-02-03 00:00:00-05:00,36.99031336345361,37.33505835518008,36.664200162130875,37.26983642578125,4063300
2025-02-04 00:00:00-05:00,37.06484888485857,37.325740140570794,36.72941980917741,37.22324752807617,4404400
2025-02-05 00:00:00-05:00,37.493446893660156,37.74501509385966,37.241875139133036,37.47481155395508,5807600
2025-02-06 00:00:00-05:00,37.58662646221472,37.68911907094701,37.11143765866199,37.390960693359375,5338900
2025-02-07 00:00:00-05:00,37.36741419714776,37.970113846718974,37.26382452130772,37.81943893432617,4045300
2025-02-10 00:00:00-05:00,37.86652653838122,37.86652653838122,37.301496479674555,37.53692626953125,2799100
2025-02-11 00:00:00-05:00,37.3956714306096,38.111380089090765,37.07548673442044,38.083126068115234,3420500
2025-02-12 00:00:00-05:00,37.5557607295279,37.78177131392913,37.546341526293325,37.668766021728516,3499300
2025-02-13 00:00:00-05:00,37.791183854848335,37.98894397942908,37.57458891949235,37.913604736328125,2794900
2025-02-14 00:00:00-05:00,37.91361142022542,38.25263088920074,37.64051559677173,37.668766021728516,3046700
2025-02-18 00:00:00-05:00,37.67817840414772,38.32796686146465,37.593423544166086,38.262046813964844,3512000
2025-02-19 00:00:00-05:00,38.2808828515584,38.42213856113299,38.06428429727213,38.29029846191406,2258000
2025-02-20 00:00:00-05:00,38.25263321768455,39.02484268074542,38.054873046202204,38.96834182739258,4478600
2025-02-21 00:00:00-05:00,38.90241782499197,39.966557835453976,38.80824375833163,39.82530212402344,7878700
2025-02-24 00:00:00-05:00,39.9665578863722,40.40916701930642,39.62754202308301,40.380916595458984,7003600
2025-02-25 00:00:00-05:00,40.38091785212893,41.068372395339196,40.13606886325361,40.96478271484375,5955900
2025-02-26 00:00:00-05:00,40.748183520429585,41.04011771772126,40.45624932313792,40.5410041809082,7534600
2025-02-27 00:00:00-05:00,38.4315564762044,38.97775166786433,36.22793371236482,36.293853759765625,26980800
2025-02-28 00:00:00-05:00,36.47278264193175,36.53870269575311,35.70057321799001,36.51045227050781,10194900
2025-03-03 00:00:00-05:00,36.49161931922149,37.35799926646106,36.425699262034726,37.30149841308594,12532200
2025-03-04 00:00:00-05:00,37.47100137727022,37.72526594856803,36.93422181309918,36.99072265625,9243100
2025-03-05 00:00:00-05:00,36.72704439266216,37.009559400284914,36.07725951589249,36.2844352722168,5785100
2025-03-06 00:00:00-05:00,36.303272958589396,36.303272958589396,35.709988880959564,36.03959274291992,5414200
2025-03-07 00:00:00-05:00,36.020756513006724,36.698795432222795,35.870081596777965,36.31269073486328,8999400
2025-03-10 00:00:00-04:00,36.453950678868225,37.2073253474467,36.22794007448158,37.07548522949219,7370000
2025-03-11 00:00:00-04:00,37.084896337006455,37.348576515347546,36.78354653536721,36.86830139160156,6693600
2025-03-12 00:00:00-04:00,36.65170921085353,36.755298896704005,35.80416409388116,35.983089447021484,7299400
2025-03-13 00:00:00-04:00,36.06784622697994,36.89656016527281,35.95484092387712,36.858890533447266,4973000
2025-03-14 00:00:00-04:00,36.63287181884799,37.54633683799942,36.49161252695572,37.508670806884766,4587600
2025-03-17 00:00:00-04:00,37.508670806884766,37.810020610040105,37.29207226801716,37.508670806884766,5663200
2025-03-18 00:00:00-04:00,37.35799404144267,37.640512638298986,37.1979035227724,37.57459259033203,3902200
2025-03-19 00:00:00-04:00,37.57459443547583,37.697015334927116,37.11315048467421,37.25440979003906,4836100
2025-03-20 00:00:00-04:00,37.47100283391091,37.66876297737255,37.22615386282901,37.489837646484375,5150400
2025-03-21 00:00:00-04:00,37.26382540062249,37.51808999485521,37.05664604405359,37.25440979003906,7459300
2025-03-24 00:00:00-04:00,37.21674135719159,37.339165852944674,36.70821215240815,36.727046966552734,3700900
2025-03-25 00:00:00-04:00,36.79296363683287,36.79296363683287,35.43688947447214,35.73823928833008,6010100
2025-03-26 00:00:00-04:00,35.86066875509416,36.340943965040225,35.83241473636299,36.23735427856445,5134800
2025-03-27 00:00:00-04:00,36.16201728346262,37.25441136846443,36.13376326576854,37.150821685791016,6893800
2025-03-28 00:00:00-04:00,37.43333509657535,38.01719994630519,37.16965489199543,37.72526931762695,7014800
2025-03-31 00:00:00-04:00,38.036034854151936,38.25262982164733,37.70643459760968,38.06428527832031,6431000
2025-04-01 00:00:00-04:00,38.06428715474217,38.12079159823773,37.64051640183282,38.04545593261719,3611300
2025-04-02 00:00:00-04:00,38.09254132177968,38.33738672647176,37.70643660398253,38.2149658203125,3397800
2025-04-03 00:00:00-04:00,38.516317970777045,38.9400887506732,38.24321853171712,38.65757369995117,4763400
2025-04-04 00:00:00-04:00,38.723493888671115,38.761163520193485,36.94364511153768,37.07548522949219,6632100
2025-04-07 00:00:00-04:00,36.868307717236185,37.31091329362352,36.11492949150512,36.453948974609375,7792100
2025-04-08 00:00:00-04:00,36.95306590563881,37.00956676297972,35.91717254844345,36.077266693115234,8695700
2025-04-09 00:00:00-04:00,35.87007768724693,37.292071829647284,35.38980256673033,37.084896087646484,8710000
2025-04-10 00:00:00-04:00,37.000153839236994,38.0737133152043,36.755304798389666,37.7535285949707,7618600
2025-04-11 00:00:00-04:00,37.80060900071203,38.440978359136665,37.5557635836079,38.23379898071289,4344200
2025-04-14 00:00:00-04:00,38.39389139271047,38.90242061198776,38.045456302038374,38.72349166870117,3886900
2025-04-15 00:00:00-04:00,38.79883013440032,39.156684421285576,38.61048558380948,38.648155212402344,2622200
2025-04-16 00:00:00-04:00,38.92125563966333,39.006006917633094,38.30913673247531,38.422142028808594,3202800
2025-04-17 00:00:00-04:00,38.60106404100034,39.938303319191355,38.47863956307331,39.5710334777832,8445300
2025-04-21 00:00:00-04:00,39.41094632460351,39.67463013834311,38.817665826529975,39.363861083984375,6472700
2025-04-22 00:00:00-04:00,39.58045211347605,40.503336388500585,39.58045211347605,40.220821380615234,6895900
2025-04-23 00:00:00-04:00,40.23024092976406,40.51275594008298,39.58045245441996,40.08898162841797,7528000
2025-04-24 00:00:00-04:00,40.11723731402403,40.49392643877609,39.65579690819518,39.815887451171875,7356300
2025-04-25 00:00:00-04:00,40.06073530401162,40.30558071337378,39.60871052277666,39.87239074707031,5278300
2025-04-28 00:00:00-04:00,39.82530415648924,40.3149985509944,39.608709180676605,40.23024368286133,5096300
2025-04-29 00:00:00-04:00,40.14548604723808,40.644596018296234,39.97597632265734,40.55984115600586,4527800
2025-04-30 00:00:00-04:00,40.55984193378161,40.67284722154468,39.834717785253076,40.380916595458984,5607900
2025-05-01 00:00:00-04:00,40.46567853628412,40.60693427259838,40.117239816819605,40.25849914550781,4704700
2025-05-02 00:00:00-04:00,40.44683802548788,40.70110262590665,40.2019890358816,40.578678131103516,3779600
2025-05-05 00:00:00-04:00,40.87061235951917,40.9082783951426,40.117234169075346,40.578678131103516,3127700
2025-05-06 00:00:00-04:00,40.635179552479904,40.936529369307195,40.50333586429143,40.65401077270508,3626200
2025-05-07 00:00:00-04:00,40.63974243836453,41.144054528584576,40.535073822851125,40.86811065673828,3152200
2025-05-08 00:00:00-04:00,40.75393184544865,40.89665881806432,40.32574366802165,40.43041229248047,3159100
2025-05-09 00:00:00-04:00,40.506532969856785,40.66829456263867,40.23058907203418,40.449440002441406,2162500
2025-05-12 00:00:00-04:00,40.14495036128213,40.27816728168565,39.55500423294059,39.69773483276367,5177300
2025-05-13 00:00:00-04:00,39.69772973180203,39.86900497766573,39.15535932983011,39.23147964477539,4443300
2025-05-14 00:00:00-04:00,39.145843505859375,39.288574092753194,38.65104873569431,39.145843505859375,6368900
2025-05-15 00:00:00-04:00,39.478879493623566,40.401858745290056,39.39324186926384,40.38282775878906,6339700
2025-05-16 00:00:00-04:00,40.29719257370335,40.61119842529297,40.08785896910002,40.61119842529297,4494900
2025-05-19 00:00:00-04:00,40.449437313874284,40.77295684814453,40.36379968333834,40.77295684814453,3148300
2025-05-20 00:00:00-04:00,40.772953803818446,40.95374636022305,40.54458922596671,40.65877151489258,3858500
2025-05-21 00:00:00-04:00,40.60168202282058,40.658774987053874,40.163980186401474,40.221073150634766,2873800
2025-05-22 00:00:00-04:00,40.12591486836762,40.26864545216866,39.83094365220345,39.95464324951172,3692900
2025-05-23 00:00:00-04:00,40.38282696468439,40.38282696468439,39.49790607363182,40.068824768066406,4250800
2025-05-27 00:00:00-04:00,40.335254791025285,40.344772099803755,39.96415960403985,40.05931091308594,3535300
2025-05-28 00:00:00-04:00,39.81191480006613,39.945128082867704,39.022145152328584,39.19342041015625,3811200
2025-05-29 00:00:00-04:00,39.06020889028074,39.77385462017548,38.984088566582706,39.67870330810547,3303700
2025-05-30 00:00:00-04:00,39.65015345694518,40.011734962264306,39.44081985263601,39.907066345214844,4922400
2025-06-02 00:00:00-04:00,39.57402949777035,39.7072427691166,39.27905466136837,39.4883918762207,2960900
2025-06-03 00:00:00-04:00,39.488392877542395,39.56451682297879,39.01262910793345,39.240997314453125,4795400
2025-06-04 00:00:00-04:00,39.279057437987085,39.38372605281223,38.86990028719225,38.88893127441406,2796500
2025-06-05 00:00:00-04:00,38.90796250011919,38.98408644947304,38.66056692429854,38.75571823120117,2418400
2025-06-06 00:00:00-04:00,38.67959976196289,38.8699023848717,38.460745211996006,38.67959976196289,2722200
2025-06-09 00:00:00-04:00,38.013527329304324,38.60347340918537,37.80419010137023,37.889827728271484,13326900
2025-06-10 00:00:00-04:00,37.8137035196538,38.19431233244503,37.53775968027241,38.165767669677734,14783000
2025-06-11 00:00:00-04:00,38.146742993226994,38.31801825773456,37.99449871697469,38.26092529296875,5705400
2025-06-12 00:00:00-04:00,38.40365244024139,38.85087154959251,38.318014815680314,38.69862365722656,6274900
2025-06-13 00:00:00-04:00,38.784264340813905,38.917481257141304,38.279955861838836,38.38462448120117,3850500
2025-06-16 00:00:00-04:00,38.460742095848175,38.58444169454846,37.67097611135304,37.86128234863281,5819000
2025-06-17 00:00:00-04:00,37.83273608003774,38.04207331523676,37.376003263976955,37.794677734375,6457500
2025-06-18 00:00:00-04:00,37.87079477277632,37.89934306678596,37.68048854179966,37.81370544433594,3306400
2025-06-20 00:00:00-04:00,37.832737085041195,38.22286326931844,37.81370972659926,37.975467681884766,5596300
2025-06-23 00:00:00-04:00,38.06110441163308,38.451230586660735,38.004011448291315,38.36559295654297,4255500
2025-06-24 00:00:00-04:00,38.32753577657496,38.7462103005535,38.26092912590387,38.54638671875,4366000
2025-06-25 00:00:00-04:00,38.39414256705495,38.47978020819966,37.975471671342085,37.9849853515625,3770900
2025-06-26 00:00:00-04:00,38.12771249625648,38.241894797469506,37.77564828347221,37.99449920654297,4549700
2025-06-27 00:00:00-04:00,38.04206650499806,38.318010332945,37.81370195274406,37.965946197509766,6653800
2025-06-30 00:00:00-04:00,37.83273836474733,38.32753318614115,37.76613171857797,38.308502197265625,6173600
2025-07-01 00:00:00-04:00,38.3465635762042,38.63202114529953,37.98498205279549,38.42268753051758,5381400
2025-07-02 00:00:00-04:00,38.175283647299246,38.29898324305888,37.747095531046284,37.832733154296875,5212200
2025-07-03 00:00:00-04:00,37.80418790773233,38.01352512351935,37.51873037788875,37.94691848754883,2417100
2025-07-07 00:00:00-04:00,37.8993455741567,38.02304154715405,37.67097735591828,37.90885925292969,3535300
2025-07-08 00:00:00-04:00,37.78515709786704,38.05158727278024,37.433092930412165,37.9564323425293,4738300
2025-07-09 00:00:00-04:00,37.9564353253862,38.279954854084735,37.794677375931805,38.203834533691406,3009800
2025-07-10 00:00:00-04:00,38.04207494804089,38.62250739434018,38.04207494804089,38.56541442871094,3030000
2025-07-11 00:00:00-04:00,38.251412437862676,38.584445665030444,38.127712826433246,38.43220138549805,2197700
2025-07-14 00:00:00-04:00,38.40365469123947,38.67959856764266,38.184803777819965,38.49880599975586,2988500
2025-07-15 00:00:00-04:00,38.498801468657334,38.86038293208502,38.32752622965419,38.47025680541992,7023400
2025-07-16 00:00:00-04:00,38.47026103583183,38.54638135609868,38.07061755761428,38.346561431884766,4042300
2025-07-17 00:00:00-04:00,38.23237795501511,38.81281035199413,38.22286064665731,38.584442138671875,3283500
2025-07-18 00:00:00-04:00,38.62250619463935,38.984087706146546,38.53686856375053,38.80329513549805,2733500
2025-07-21 00:00:00-04:00,38.79378169092585,39.260028194302464,38.727175047586336,39.0887565612793,2687300
2025-07-22 00:00:00-04:00,39.27905680094568,39.77385157131909,39.21245016164441,39.564517974853516,3485100
2025-07-23 00:00:00-04:00,39.53597092581158,39.6596705297515,39.041176139841625,39.19342041015625,2785600
2025-07-24 00:00:00-04:00,39.27905596328037,39.650151125699054,39.17438735238494,39.39324188232422,3201200
2025-07-25 00:00:00-04:00,39.355182223212786,40.05931061643504,39.355182223212786,39.907066345214844,5689800
2025-07-28 00:00:00-04:00,39.84045753956617,39.90706417774554,39.36469376411946,39.40275573730469,4313500
2025-07-29 00:00:00-04:00,39.51694041217959,39.830946265225734,39.298089497839754,39.77385330200195,5618400
2025-07-30 00:00:00-04:00,39.96415937273562,40.20204127376381,39.62160885448867,39.764339447021484,4612500
2025-07-31 00:00:00-04:00,39.88803236936602,40.687315640840964,39.840456718759434,40.639739990234375,6440800
2025-08-01 00:00:00-04:00,40.91568476556128,41.172597640361644,40.63974090413242,41.096473693847656,5117800
2025-08-04 00:00:00-04:00,41.16307812701976,41.724479498222315,40.93471355929056,41.7149658203125,4202400
2025-08-05 00:00:00-04:00,41.67690705873292,42.01945756649672,41.27726721953491,41.41048049926758,4382300
2025-08-06 00:00:00-04:00,41.4295131545366,41.61981940315596,41.27726888159907,41.33435821533203,5131700
2025-08-07 00:00:00-04:00,41.262256731957976,41.954448635113074,41.243032438966736,41.76217269897461,3257500
2025-08-08 00:00:00-04:00,41.915994592789815,41.935222554001164,41.473762487004564,41.58912658691406,2753400
2025-08-11 00:00:00-04:00,41.73332983032769,41.800625853418914,41.4641457379628,41.65642166137695,2593200
2025-08-12 00:00:00-04:00,41.70448974546843,41.944833733012274,41.50259800873936,41.92560577392578,3566500
2025-08-13 00:00:00-04:00,42.012127946636106,42.27169988208645,41.714100094669114,42.252471923828125,2895200
2025-08-14 00:00:00-04:00,42.23324672658991,42.23324672658991,41.83908272492066,41.97367477416992,3755400
2025-08-15 00:00:00-04:00,41.95444778361773,42.06981187601603,41.62757979902389,41.791015625,3283100
2025-08-18 00:00:00-04:00,41.8294638985793,41.867919814840114,41.15650370080514,41.17573165893555,4097800
2025-08-19 00:00:00-04:00,41.194955036544876,41.752554807892395,41.07959095767771,41.74293899536133,3703000
2025-08-20 00:00:00-04:00,41.819851016733196,42.35822283282966,41.791010913724485,41.89676284790039,3559500
2025-08-21 00:00:00-04:00,41.87754050358622,41.973676638073826,41.666036606883345,41.800628662109375,2289700
2025-08-22 00:00:00-04:00,42.04097182073531,42.24285989951674,41.781399862005586,42.098655700683594,2959200
2025-08-25 00:00:00-04:00,42.47358876621951,42.68509264380359,41.887148863724086,41.954444885253906,4963600
2025-08-26 00:00:00-04:00,42.04096409810986,42.1563281694565,41.72371198506718,41.9063720703125,5017500
2025-08-27 00:00:00-04:00,41.944833765416355,42.1755619399161,41.8967657013421,42.07942581176758,3238200
2025-08-28 00:00:00-04:00,42.07942867162672,42.108268778559705,41.70449261206407,41.877540588378906,3073800
2025-08-29 00:00:00-04:00,41.74294288344201,42.13711055205501,41.74294288344201,41.935218811035156,4028000
2025-09-02 00:00:00-04:00,41.810243584959444,41.96406359727664,41.531443666585034,41.791015625,3152900
2025-09-03 00:00:00-04:00,41.637188948852,41.81023689343316,41.39684498886237,41.72371292114258,2305100
2025-09-04 00:00:00-04:00,41.973675743577175,42.11788360959384,41.492987746666145,41.791015625,2769600
2025-09-05 00:00:00-04:00,41.89676846395543,42.031360519181455,41.56028465853191,41.800628662109375,2504100
2025-09-08 00:00:00-04:00,41.83907983237731,42.03135574687968,41.34877606702836,41.63719177246094,4080700
2025-09-09 00:00:00-04:00,41.464144749624694,41.81024067004899,41.406460873767934,41.68526077270508,2622700
2025-09-10 00:00:00-04:00,41.48337271787189,41.61796476087744,41.214184964502664,41.56989669799805,4671500
2025-09-11 00:00:00-04:00,41.48336803046969,41.964055939664675,41.31032008977088,41.9063720703125,3323100
2025-09-12 00:00:00-04:00,41.82946123430238,42.146717022209856,41.73332511713164,42.10826110839844,2766600
2025-09-15 00:00:00-04:00,42.04096409810986,42.233239995259396,41.89675992576599,41.9063720703125,2275500
2025-09-16 00:00:00-04:00,41.78139387419552,41.93521386465486,41.387229919433594,41.387229919433594,2913200
2025-09-17 00:00:00-04:00,41.64680860423491,41.91599271441369,41.54105665599083,41.76217269897461,2693300
2025-09-18 00:00:00-04:00,41.435303823900306,41.983287846423025,41.38723575773063,41.752559661865234,2049900
2025-09-19 00:00:00-04:00,41.76216979960529,41.85830959467917,41.45452979008526,41.541053771972656,6051600
2025-09-22 00:00:00-04:00,41.59873778414524,41.78139789434168,41.33916583763987,41.65642166137695,3743500
2025-09-23 00:00:00-04:00,41.69486920332022,42.12748906530415,41.52182125852666,42.10826110839844,3144700
2025-09-24 00:00:00-04:00,42.22362918053094,42.531272852794515,42.146721012983654,42.3774528503418,2663800
2025-09-25 00:00:00-04:00,42.531272888183594,42.85814085208736,42.17556115248723,42.531272888183594,5207700
2025-09-26 00:00:00-04:00,42.78122833083191,43.71376414440687,42.69470435155837,43.67530822753906,8222100
2025-09-29 00:00:00-04:00,43.41573816356026,43.704150217800674,42.93505018404017,43.65608215332031,5956600
2025-09-30 00:00:00-04:00,43.64646726063086,44.348271226481636,43.61762348987123,44.05024337768555,7014000
2025-10-01 00:00:00-04:00,44.146378650530245,44.329042414844544,43.98294651125738,44.19445037841797,3506800
2025-10-02 00:00:00-04:00,44.03101529010333,44.48286313464217,43.68491938087001,43.70414733886719,4474900
2025-10-03 00:00:00-04:00,43.82912646973315,44.43479430035548,43.77144259674504,44.1559944152832,3785400
2025-10-06 00:00:00-04:00,44.10792643780399,44.59822652337271,44.05985837723575,44.57899856567383,3634500
2025-10-07 00:00:00-04:00,44.66552640823524,45.10775847151877,44.38672649850326,44.61745834350586,5774500
2025-10-08 00:00:00-04:00,44.81934173218577,45.52114567249972,44.6655217407109,44.87702560424805,6453400
2025-10-09 00:00:00-04:00,45.232732598989905,45.3865525869012,44.848184462890565,44.867408752441406,5700200
2025-10-10 00:00:00-04:00,45.15582840704521,45.540376576938975,44.99239259263783,45.09814453125,4033500
2025-10-13 00:00:00-04:00,44.80011485005238,45.20389462946346,44.67513862528811,45.155826568603516,4144400
2025-10-14 00:00:00-04:00,45.27119072313177,45.819174686030436,45.20389470434477,45.69419479370117,4724100
2025-10-15 00:00:00-04:00,45.72304241075489,45.98261436249551,45.62690261342969,45.848018646240234,5281300
2025-10-16 00:00:00-04:00,46.00183659096743,46.13643230118477,44.9635524979405,44.98278045654297,6657000
2025-10-17 00:00:00-04:00,45.18466667164789,45.338486666814504,44.982778615621335,45.155826568603516,4005800
2025-10-20 00:00:00-04:00,45.26158041825144,45.473080628456884,44.963552560535334,45.405784606933594,3678700
2025-10-21 00:00:00-04:00,45.598057692912526,45.598057692912526,44.93470966452819,45.26157760620117,3917000
2025-10-22 00:00:00-04:00,45.213510653297305,45.57883454841626,44.982782474433535,45.463470458984375,7007600
2025-10-23 00:00:00-04:00,45.79033726634456,46.3383212613562,44.425181518040375,44.723209381103516,7559600
2025-10-24 00:00:00-04:00,45.117373359826225,45.17505723673373,44.61745742870238,44.83857345581055,4875400
2025-10-27 00:00:00-04:00,44.74243724951049,44.90586939942327,44.29058938292639,44.646297454833984,5697500
2025-10-28 00:00:00-04:00,44.6078451820353,44.73282141401504,44.280977215014865,44.377113342285156,3186500
2025-10-29 00:00:00-04:00,44.22329322487266,44.54054904529606,43.91565321756654,44.0310173034668,7853600
2025-10-30 00:00:00-04:00,44.16560763318044,44.65591139709356,44.12715538427901,44.43479537963867,3394300
2025-10-31 00:00:00-04:00,44.175224313177395,44.44440839756225,43.95410829138154,44.05986022949219,4276400
2025-11-03 00:00:00-05:00,43.93487751394669,44.338653614617094,43.40612152467731,44.26174545288086,4189500
2025-11-04 00:00:00-05:00,44.473248576105384,44.50209234759355,44.13676847006095,44.36750030517578,4382400
2025-11-05 00:00:00-05:00,44.43479801816788,44.51170618789558,43.80029003164186,43.92526626586914,4282800
2025-11-06 00:00:00-05:00,44.16560839887144,44.415568191533445,44.00217625297236,44.09831237792969,3311700
2025-11-07 00:00:00-05:00,44.151705257123645,44.61768587554233,43.81192888013651,44.55944061279297,5516400
2025-11-10 00:00:00-05:00,44.26820297223123,44.802142611382294,44.14200242414557,44.7827262878418,4404000
2025-11-11 00:00:00-05:00,44.782727849857245,45.16133691389016,44.59827462143134,44.9283447265625,2873600
2025-11-12 00:00:00-05:00,44.86038500080099,45.16133244144452,44.67593549392678,44.97688293457031,4895000
2025-11-13 00:00:00-05:00,44.860381652499484,44.976879577573605,44.34586211158468,44.37498474121094,2804700
2025-11-14 00:00:00-05:00,44.404118397049935,44.840972726626056,44.16141990138091,44.59827423095703,3077400
2025-11-17 00:00:00-05:00,44.80213566754656,45.20016098022461,44.73418039732965,45.20016098022461,4024900
2025-11-18 00:00:00-05:00,45.433156335823206,45.58848322043191,45.08366991963237,45.24870681762695,6391400
2025-11-19 00:00:00-05:00,45.141915890383224,45.433153316761,44.31674256509874,44.88951110839844,8390900
2025-11-20 00:00:00-05:00,45.054546318190894,45.49140432904493,44.94775839295046,45.20987319946289,5611400
2025-11-21 00:00:00-05:00,45.33607357282033,45.675849939285,44.976880884945594,45.52052307128906,5949200
2025-11-24 00:00:00-05:00,45.50111167255715,46.02534129749059,44.93805310388738,45.9573860168457,6767100
2025-11-25 00:00:00-05:00,45.957379802232964,46.15153930779947,45.42344393938848,45.549644470214844,3604400
2025-11-26 00:00:00-05:00,45.67585157353362,46.151542206888664,45.63701892932407,45.97679901123047,3776900
2025-11-28 00:00:00-05:00,45.685562486966965,46.32628631591797,45.685562486966965,46.32628631591797,2267400
2025-12-01 00:00:00-05:00,45.908846550558266,46.141835023532465,45.00600788539198,45.0739631652832,4590200
2025-12-02 00:00:00-05:00,45.23899530175834,45.277827947442056,44.258495069596336,44.32645034790039,4925100
2025-12-03 00:00:00-05:00,44.40411499317424,44.60798082512009,43.85075905844501,43.90900802612305,6086400
2025-12-04 00:00:00-05:00,43.87017133553384,44.21965770280462,43.6760155344141,43.821632385253906,5139200
2025-12-05 00:00:00-05:00,43.7342648944417,43.9866733848212,43.501276429936645,43.59835433959961,4692800
2025-12-08 00:00:00-05:00,43.58864806423174,43.64689332876139,43.24886797357438,43.44302749633789,4919700
2025-12-09 00:00:00-05:00,43.47215443073774,44.093462002439544,43.443031795590855,43.46244812011719,4327400
2025-12-10 00:00:00-05:00,43.588649380816314,43.627478323913934,43.07412607445922,43.10325241088867,4434500
2025-12-11 00:00:00-05:00,43.4818576579891,43.50127397948494,42.64697435009154,42.79259490966797,4898700
2025-12-12 00:00:00-05:00,42.88967316398181,43.36536008301658,42.753762615686156,42.96733474731445,4069600
2025-12-15 00:00:00-05:00,43.22945217080492,43.345950107834845,42.93821473479995,43.3071174621582,3565900
2025-12-16 00:00:00-05:00,43.20032719065689,43.413903026987654,42.59843602851578,42.74405288696289,4930200
2025-12-17 00:00:00-05:00,42.71492810195751,43.21974133301116,42.61785020122142,43.20032501220703,6494700
2025-12-18 00:00:00-05:00,43.3362421904765,43.501279090940805,43.1614989797661,43.31682586669922,4422000
2025-12-19 00:00:00-05:00,43.316822373298905,43.36536132718499,42.928507038925375,42.93821334838867,11952100
2025-12-22 00:00:00-05:00,42.91879576825887,43.20032687714544,42.627558350193475,43.12266159057617,2899600
2025-12-23 00:00:00-05:00,43.103250400226656,43.37507150565515,42.967336144227595,43.336238861083984,3739200
2025-12-24 00:00:00-05:00,43.37507073080147,43.59835287816969,43.3071154556583,43.540103912353516,1274300
2025-12-26 00:00:00-05:00,43.5109812810878,43.63718552204715,43.37507073080147,43.540103912353516,1505800
2025-12-29 00:00:00-05:00,43.57893753051758,43.879884972368934,43.54010488577195,43.57893753051758,4741400
2025-12-30 00:00:00-05:00,43.53039831734817,43.71484782386572,43.49156567283349,43.64689254760742,2526000
2025-12-31 00:00:00-05:00,43.685730297242195,43.724562946294874,43.433325484970304,43.46244812011719,2110500
2026-01-02 00:00:00-05:00,43.54981409461585,44.09345629787897,43.268282980334725,43.93812942504883,2733200
2026-01-05 00:00:00-05:00,43.8507579171044,43.8507579171044,43.05470722931497,43.47214889526367,4194900
2026-01-06 00:00:00-05:00,43.49156286580415,43.773093965437845,43.1517865064425,43.5303955078125,4662900
2026-01-07 00:00:00-05:00,43.7148498872374,43.7439762236406,43.00617075617589,43.25857925415039,3725000
2026-01-08 00:00:00-05:00,43.200327565477885,43.65660187313068,43.112955968337666,43.3847770690918,3728000
2026-01-09 00:00:00-05:00,43.60806218630788,43.87988700885798,43.22945314067865,43.345951080322266,4114100
2026-01-12 00:00:00-05:00,43.22945116666752,43.64689283978275,43.19062222517773,43.42361068725586,3102500
2026-01-13 00:00:00-05:00,43.37507186057417,43.98667305607754,43.32653290610545,43.97696304321289,3572500
2026-01-14 00:00:00-05:00,43.98667601581057,44.889514702160426,43.967259692059656,44.80214309692383,6238500
2026-01-15 00:00:00-05:00,44.8992194369189,45.41373903676645,44.753598865539225,45.20987319946289,4619800
2026-01-16 00:00:00-05:00,45.21958423986479,45.99621866386708,45.083669975289965,45.9573860168457,8687600
2026-01-20 00:00:00-05:00,45.61760388952831,46.054458152204695,45.413734369890136,45.87971496582031,5361000
2026-01-21 00:00:00-05:00,46.190376955517465,46.21949958835906,45.404032539229966,45.986507415771484,4844200
2026-01-22 00:00:00-05:00,45.96708732897488,46.015629984116096,45.07395876430303,45.67584991455078,4977000
2026-01-23 00:00:00-05:00,45.772929474398836,45.772929474398836,44.724470385421824,45.20016098022461,4172100
2026-01-26 00:00:00-05:00,45.491401442818876,45.7632225419778,45.11279242519475,45.404029846191406,4067300
2026-01-27 00:00:00-05:00,45.67585154354152,46.17095849867624,45.190454601095205,46.13212585449219,4708700
2026-01-28 00:00:00-05:00,45.9962145881953,46.28745200847931,45.77293244253473,46.02533721923828,3726200
2026-01-29 00:00:00-05:00,46.18066607724256,46.539858787604636,45.60789752128338,45.94767761230469,4073200
2026-01-30 00:00:00-05:00,45.71468752788967,46.02534129749059,45.43315639191226,45.9573860168457,5063500
2026-02-02 00:00:00-05:00,45.98650613335512,46.3068698988185,45.55935814935546,45.61760711669922,3328800
2026-02-03 00:00:00-05:00,45.72438889116786,46.442777970201995,45.23899196576997,45.52052307128906,8310900
2026-02-04 00:00:00-05:00,45.6564393021382,45.82147620302873,44.75360061223121,45.04484176635742,10749700
2026-02-05 00:00:00-05:00,45.229288074310546,45.67585238075812,44.87009536723618,45.61760711669922,5056800
2026-02-06 00:00:00-05:00,45.76951744777555,46.298759009258724,45.387288677379004,45.70091247558594,3240000
2026-02-09 00:00:00-05:00,45.573503114249775,46.08314273750363,45.41669121007096,45.88712692260742,4198100
2026-02-10 00:00:00-05:00,46.083144359498405,46.945611732183664,45.77931964878099,46.710391998291016,5641300
2026-02-11 00:00:00-05:00,46.71038913580908,47.14162092637977,46.543778127642206,46.97500991821289,4586000
2026-02-12 00:00:00-05:00,47.19062788844802,48.24910728398434,47.141621131770734,47.866878509521484,6927700
2026-02-13 00:00:00-05:00,47.83747797995541,49.1409762186524,47.74927105111947,49.10177230834961,6336400
2026-02-17 00:00:00-05:00,49.14097486051238,49.43499670227588,48.27850755114096,48.36671447753906,6094300
2026-02-18 00:00:00-05:00,48.45491952716167,49.09196994188356,47.798270897279785,47.964881896972656,8848200
2026-02-19 00:00:00-05:00,48.38631680217912,48.954762274134175,48.11189691292665,48.582332611083984,5147700
2026-02-20 00:00:00-05:00,49.06256957030632,49.22918057234185,48.533328024974985,49.19977951049805,5267700
2026-02-23 00:00:00-05:00,49.22918263966321,49.817230072066984,49.091972693709515,49.43499755859375,4443300
2026-02-24 00:00:00-05:00,49.48400671637175,49.709423601189144,48.65094041471707,49.63101577758789,4774100
2026-02-25 00:00:00-05:00,49.42520084867081,49.78782768609959,48.69994343512245,49.63101577758789,3547600
2026-02-26 00:00:00-05:00,49.75842662159452,49.97404439780716,49.58201275718251,49.63101577758789,2509900
2026-02-27 00:00:00-05:00,49.83682701695514,50.31706555423249,49.59180819437682,50.14065170288086,4262400
2026-03-02 00:00:00-05:00,49.98384298352729,50.36607177285786,49.85643214085351,49.96424102783203,3391400
2026-03-03 00:00:00-05:00,49.787825321376616,49.97404202423964,48.76854609511686,49.562408447265625,4189400
2026-03-04 00:00:00-05:00,49.56240965846624,50.10145034787776,49.170378026881096,49.78782653808594,3821100
2026-03-05 00:00:00-05:00,49.346791505494224,49.57221212206087,48.77834975665285,49.31739044189453,5409800
2026-03-06 00:00:00-05:00,49.03316781459118,49.99364119426636,48.748948808840765,49.827030181884766,4006000
2026-03-09 00:00:00-04:00,49.94463348388672,50.07204431230464,49.17037314466371,49.94463348388672,4522900
2026-03-10 00:00:00-04:00,49.86623345948634,50.140653353426536,49.54280680846484,49.65061569213867,2825200
2026-03-11 00:00:00-04:00,49.53300685303344,49.729022661933996,49.24878411706217,49.64081573486328,4527200
2026-03-12 00:00:00-04:00,49.62121349154389,50.41507209187329,49.52320371831827,49.80742645263672,3324600
2026-03-13 00:00:00-04:00,50.16025365732999,50.71889627371333,49.94463589708009,50.14065170288086,5545100
2026-03-16 00:00:00-04:00,50.718899621942555,50.895313484940225,50.44447971891986,50.72869873046875,4123900
2026-03-17 00:00:00-04:00,50.91491267225403,50.98351764427941,50.1210503319297,50.18965530395508,4589600
2026-03-18 00:00:00-04:00,50.01324251465831,50.17985726361532,49.640816583936804,49.65061569213867,3267700
2026-03-19 00:00:00-04:00,49.68981786259397,49.96423774692621,48.33731291795981,48.6999397277832,7457300
2026-03-20 00:00:00-04:00,48.75874714231713,48.974364908975716,47.23963114491774,47.57285690307617,8570400
2026-03-23 00:00:00-04:00,47.91587916430493,48.50392656721437,47.56305147029735,47.79827117919922,4139900
2026-03-24 00:00:00-04:00,47.49444659510566,48.582330740893205,47.49444659510566,48.18050003051758,3084400
2026-03-25 00:00:00-04:00,48.62153593602191,48.97436364007047,48.34711605006882,48.533329010009766,4943800
2026-03-26 00:00:00-04:00,48.376516336123586,49.29778575181692,48.20010248693054,49.033164978027344,4360500
2026-03-27 00:00:00-04:00,49.19977971946099,51.248137200699865,48.876353083043576,49.033164978027344,3857600
2026-03-30 00:00:00-04:00,49.758426261781736,50.05244812077869,49.24878662813131,49.41539764404297,3294400
2026-03-31 00:00:00-04:00,49.49380379007418,49.73882262071811,49.01356523698819,49.65061569213867,4003100
2026-04-01 00:00:00-04:00,49.47419781590941,50.03284040530061,49.40559284799753,49.94463348388672,4242300
2026-04-02 00:00:00-04:00,50.08184766094483,50.493481241966066,49.81723061298413,50.28766632080078,2981100
2026-04-06 00:00:00-04:00,50.12105266648226,50.385673458915946,49.846632765598756,50.00344467163086,2245700
2026-04-07 00:00:00-04:00,50.072047870064054,50.287665635216115,49.80742708702033,49.98384094238281,3831600
2026-04-08 00:00:00-04:00,50.33666965510386,50.37587356567383,49.454600360733075,50.37587356567383,2878300
2026-04-09 00:00:00-04:00,50.277862992392144,51.297142218912505,50.238659082443526,50.875709533691406,3379500
2026-04-10 00:00:00-04:00,50.79730505654929,50.963916064496345,50.3268656182139,50.4052734375,3047400
2026-04-13 00:00:00-04:00,50.483678295220244,50.483678295220244,49.68981967552647,50.03284454345703,3175000
2026-04-14 00:00:00-04:00,49.94463676701941,50.268063413027726,49.58200995012058,50.02304458618164,4311700
2026-04-15 00:00:00-04:00,49.86623519499264,50.0622510140679,49.464404448299206,49.542808532714844,5098600
2026-04-16 00:00:00-04:00,49.44479757401264,49.738819404032384,48.82734911388789,49.572208404541016,4527900
2026-04-17 00:00:00-04:00,49.49380393399615,49.49380393399615,48.40591972458315,49.10177230834961,5109500
2026-04-20 00:00:00-04:00,49.09197310322872,49.503602944523564,48.2981107452721,48.464725494384766,3892200
2026-04-21 00:00:00-04:00,48.51372945058843,48.748949177797016,47.51405215266069,47.543453216552734,7993800
2026-04-22 00:00:00-04:00,47.95508356709115,48.21970434032749,47.28863208013085,47.46504592895508,4173900
2026-04-23 00:00:00-04:00,47.97468754394203,48.6313362121582,47.88648061581099,48.6313362121582,4490200
2026-04-24 00:00:00-04:00,48.60193188028604,48.7685428785,48.141295315616205,48.42551803588867,3722200
2026-04-27 00:00:00-04:00,48.56273060412844,48.91555831203986,48.41572155162574,48.45492172241211,4352200
2026-04-28 00:00:00-04:00,48.97436131671546,48.97436131671546,48.454918893201736,48.592132568359375,4778100
2026-04-29 00:00:00-04:00,47.99428669709348,48.44512041958168,47.53365012833487,47.964881896972656,5390100
2026-04-30 00:00:00-04:00,48.20010213834605,48.83715256012383,46.112540763785915,46.573177337646484,16152900
2026-05-01 00:00:00-04:00,46.78879547867764,46.78879547867764,45.847920369147445,45.985130310058594,11488000
2026-05-04 00:00:00-04:00,45.70091422079861,46.37716486050228,45.35788560806052,45.847923278808594,10818300
2026-05-05 00:00:00-04:00,45.81851908683067,45.99493293535114,44.91685162878425,44.96585464477539,8235500
2026-05-06 00:00:00-04:00,44.87764906980285,45.22067393074464,44.40721337250101,44.64242935180664,8965800
2026-05-07 00:00:00-04:00,44.528559312211804,44.73649696919692,44.2909135776211,44.726593017578125,4963000
2026-05-08 00:00:00-04:00,44.76620296815252,45.053357139980534,43.84533184970471,43.89484405517578,6388500
2026-05-11 00:00:00-04:00,44.04336850272248,44.28101424181355,43.855234968161426,44.16218948364258,4689900
2026-05-12 00:00:00-04:00,44.16218972770141,44.47904819674,43.83543108405262,44.27111053466797,4408200
2026-05-13 00:00:00-04:00,44.05327175855875,44.05327175855875,43.43935518279358,43.6869010925293,3858900
2026-05-14 00:00:00-04:00,43.67700037667842,44.19189631581579,43.67700037667842,44.06317138671875,3267700
2026-05-15 00:00:00-04:00,44.221601210431324,44.53845967304496,43.30073012306955,43.38984680175781,4844700
2026-05-18 00:00:00-04:00,43.89484123773585,44.03346633875475,43.60768708433915,43.88493728637695,4273700
2026-05-19 00:00:00-04:00,43.88494096570105,44.73649954592713,43.746315853059784,44.62757873535156,4459500
2026-05-20 00:00:00-04:00,44.766200481777965,45.28109641662128,44.657279679392744,44.99394226074219,4043100
2026-05-21 00:00:00-04:00,44.85531868478366,45.092964423278595,44.201797625486186,45.0533561706543,3205500
2026-05-22 00:00:00-04:00,45.073161698813635,45.93462044530513,45.0236532701189,45.85540771484375,4451700
2026-05-26 00:00:00-04:00,46.08314638784145,46.3901008913121,45.81579635829394,46.18216323852539,5437300
2026-05-27 00:00:00-04:00,46.083147379502655,46.677256050892346,45.855405596228245,46.3207893371582,5406000
2026-05-28 00:00:00-04:00,46.310888205779065,46.52872981017072,45.68707146963527,45.73657989501953,3902400
2026-05-29 00:00:00-04:00,45.75638654056466,46.122757218536975,45.558349050870355,45.93461990356445,5728600
2026-06-01 00:00:00-04:00,45.65736960570051,45.99403220442567,44.90482790160852,44.93453598022461,4118500
2026-06-02 00:00:00-04:00,45.073159552914,45.49893881846943,44.81570969235681,44.8751220703125,5419000
2026-06-03 00:00:00-04:00,44.98404336687797,45.845502081783216,44.934534939998514,45.09296417236328,7137600
2026-06-04 00:00:00-04:00,45.48903661598622,45.647465852709146,44.64738200413024,45.19198226928711,6381500
2026-06-05 00:00:00-04:00,45.449432757759155,46.29108738105984,45.36031607481253,45.964324951171875,3879600
2026-06-08 00:00:00-04:00,45.855407795741385,45.97422878026856,45.083061953187254,45.261295318603516,4170100
2026-06-09 00:00:00-04:00,45.40982308508329,45.776189980306675,45.06325653900635,45.45933151245117,6126800
2026-06-10 00:00:00-04:00,45.82569884450307,46.1227569660438,45.24149033059104,45.97422790527344,3205400
2026-06-11 00:00:00-04:00,46.21186828613281,46.558434823636595,46.093047307939045,46.21186828613281,4414100
2026-06-12 00:00:00-04:00,46.53863218563097,46.89509890885979,46.11285290813555,46.568336486816406,3227600
2026-06-15 00:00:00-04:00,46.34059365883063,47.192152194735236,46.1029517001717,46.87529373168945,4278200
2026-06-16 00:00:00-04:00,46.97431206226975,47.62783313501135,46.84559090446905,47.23176193237305,2968500
2026-06-17 00:00:00-04:00,46.994114862495834,47.36048553058975,45.459330968936186,45.68707275390625,8574600
2026-06-18 00:00:00-04:00,45.55834678764528,46.54853040967604,45.5484466134153,45.9940299987793,6936200
2026-06-22 00:00:00-04:00,46.28118689402087,46.60794554445391,45.82569953022639,46.300987243652344,4128600
2026-06-23 00:00:00-04:00,46.43961453258028,47.04362338406536,46.291085474702285,46.984214782714844,3718500
2026-06-24 00:00:00-04:00,47.17234876256125,47.4694031038801,46.88519459581098,47.350582122802734,3729900
2026-06-25 00:00:00-04:00,47.44959868298122,47.82586952751679,47.172348469771244,47.53871536254883,2961100
2026-06-26 00:00:00-04:00,47.82586847921787,48.01400578598729,47.528814146253936,47.99420166015625,5175800
2026-06-29 00:00:00-04:00,47.97439732727088,48.10312225599163,47.4099929639001,47.588226318359375,3194700
2026-06-30 00:00:00-04:00,47.40999250545463,47.47930505626847,46.984213249169215,47.07332992553711,3134200
2026-07-01 00:00:00-04:00,46.99411551085688,47.18225282335235,46.4891235071736,46.60794448852539,3345200
2026-07-02 00:00:00-04:00,47.51891545030165,48.14272843575782,46.84559026010216,48.053611755371094,4336300
2026-07-06 00:00:00-04:00,47.914986256482166,48.02390706242719,47.172348518403396,47.241661071777344,3562400
2026-07-07 00:00:00-04:00,47.77636055172553,48.637819259483926,47.5684228942064,47.91498565673828,4103400
2026-07-08 00:00:00-04:00,48.02390546339215,48.15263039133661,47.55851795430502,47.627830505371094,4735600
2026-07-09 00:00:00-04:00,47.55852008154277,47.92489075613734,47.033723949354474,47.16244888305664,3790900
2026-07-10 00:00:00-04:00,47.17234999753732,47.56842498116565,47.122841568896526,47.44960021972656,1772100
2026-07-13 00:00:00-04:00,47.50901026805347,48.132827014604786,47.42979754156724,47.954593658447266,2461500
2026-07-14 00:00:00-04:00,48.301158835847254,48.86556323283494,47.62783362939686,48.746742248535156,7492200
2026-07-15 00:00:00-04:00,48.5487038309466,49.02399153633527,48.07341612555793,48.162532806396484,5738000
2026-07-16 00:00:00-04:00,48.09321818139895,48.9645808257195,48.08331800717689,48.6279182434082,4235400
2026-07-17 00:00:00-04:00,48.99428698673075,49.380458009322915,47.95459490038624,48.053611755371094,3413400
2026-07-20 00:00:00-04:00,48.27145236697481,48.7269359340512,47.71694816971824,48.063514709472656,4572200
2026-07-21 00:00:00-04:00,47.76646037733211,47.99420216088889,47.59812719463747,47.91498565673828,3334300
2026-07-22 00:00:00-04:00,48.32096045233569,48.905168945896904,48.09321867040516,48.845760345458984,3146300
2026-07-23 00:00:00-04:00,48.627921493445896,49.31114687795378,48.469492254549095,49.00419235229492,3603700
2026-07-24 00:00:00-04:00,49.29134086632228,49.58839898299065,48.99428652690478,49.42996597290039,2922400
2026-07-27 00:00:00-04:00,49.19232411026893,49.48937845027823,48.69723228450314,48.83585739135742,4203400
2026-07-28 00:00:00-04:00,49.00419130891003,49.95476672205142,48.94477892911959,49.162620544433594,6061100
2026-07-29 00:00:00-04:00,49.43987032217753,49.796337043245046,48.54870351950875,48.64772415161133,5615300
2026-07-30 00:00:00-04:00,48.85566262798532,49.32105016350215,48.0734166189573,48.23184585571289,8804900
2026-07-31 00:00:00-04:00,48.07341542864138,48.2318446614742,47.687244409689555,47.83577346801758,7469900
2026-08-03 00:00:00-04:00,47.786260476631476,48.518998027195806,47.55851869426372,47.954593658447266,6103600
2026-08-04 00:00:00-04:00,47.91498540973308,48.10312271749551,47.26146436286275,47.80606460571289,4586200
2026-08-05 00:00:00-04:00,47.75655651710522,48.52889854779803,47.10303546561495,47.32087707519531,5718000
2026-08-06 00:00:00-04:00,47.60803204655005,47.68724477494776,46.736669370669944,46.904998779296875,5762100
2026-08-07 00:00:00-04:00,46.79999923706055,47.65999984741211,46.599998474121094,47.470001220703125,4112300
2026-08-10 00:00:00-04:00,47.189998626708984,47.34000015258789,46.63999938964844,46.7599983215332,3113500
2026-08-11 00:00:00-04:00,46.59000015258789,47.119998931884766,46.470001220703125,46.84000015258789,2396500
2026-08-12 00:00:00-04:00,46.7599983215332,47.40999984741211,46.650001525878906,47.0099983215332,3726500
2026-08-13 00:00:00-04:00,47.13999938964844,47.369998931884766,46.79999923706055,46.84000015258789,3499800
2026-08-14 00:00:00-04:00,46.65999984741211,47.45000076293945,46.65999984741211,47.40999984741211,2588600
2026-08-17 00:00:00-04:00,47.29999923706055,47.52000045776367,46.91999816894531,47.41999816894531,2992800
2026-08-18 00:00:00-04:00,48.0,48.2599983215332,47.22999954223633,47.2599983215332,4302800
2026-08-19 00:00:00-04:00,47.599998474121094,47.709999084472656,46.79999923706055,47.25,3476100
2026-08-20 00:00:00-04:00,47.16999816894531,47.779998779296875,47.09000015258789,47.18000030517578,3392800
2026-08-21 00:00:00-04:00,47.18000030517578,47.349998474121094,45.91999816894531,45.959999084472656,4443500
2026-08-24 00:00:00-04:00,46.189998626708984,46.66999816894531,45.90999984741211,46.56999969482422,3383400
2026-08-25 00:00:00-04:00,46.689998626708984,46.91999816894531,46.5099983215332,46.619998931884766,3179200
2026-08-26 00:00:00-04:00,46.619998931884766,47.029998779296875,46.5099983215332,46.72999954223633,4498800
2026-08-27 00:00:00-04:00,46.310001373291016,46.400001525878906,46.029998779296875,46.25,3627100
2026-08-28 00:00:00-04:00,46.52000045776367,46.63999938964844,45.720001220703125,45.880001068115234,2343100
2026-08-31 00:00:00-04:00,45.529998779296875,46.0099983215332,45.31999969482422,45.86000061035156,5125000
