Date,Open,High,Low,Close,Volume
2017-01-03 00:00:00-05:00,6.790135150709544,6.917391280255525,6.748003305861325,6.827968120574951,13306000
2017-01-04 00:00:00-05:00,6.8099100155098675,6.833125574971594,6.743702436302848,6.803891181945801,11657000
2017-01-05 00:00:00-05:00,6.77207706733643,6.815928861959163,6.694691595649524,6.742842674255371,13172000
2017-01-06 00:00:00-05:00,6.760899162200508,6.807330281123961,6.699850641763016,6.803891181945801,9427000
2017-01-09 00:00:00-05:00,6.81077091660919,6.8872966260104045,6.807331406859948,6.84344482421875,10406000
2017-01-10 00:00:00-05:00,6.844303396440595,6.852901554299258,6.778095817919076,6.821087837219238,5619000
2017-01-11 00:00:00-05:00,6.813350330046054,6.918250253733028,6.795293826132955,6.901914119720459,12077000
2017-01-12 00:00:00-05:00,6.894175353493442,6.896755088503531,6.83312722828728,6.8872971534729,9040000
2017-01-13 00:00:00-05:00,6.889875709652165,7.014552508586157,6.8881561597365835,7.002514839172363,11480000
2017-01-17 00:00:00-05:00,6.9973550102943705,6.9973550102943705,6.8099109590406215,6.878697872161865,11990000
2017-01-18 00:00:00-05:00,6.907932998023761,7.024010406769603,6.881277924458396,7.0188517570495605,12974000
2017-01-19 00:00:00-05:00,7.022289733587575,7.041206419544628,6.949203544213691,6.977578163146973,9108000
2017-01-20 00:00:00-05:00,6.964681492560249,7.040346600308312,6.937166237011707,7.012832164764404,9651000
2017-01-23 00:00:00-05:00,7.0240110137317435,7.060124844911625,6.998216122893081,7.059264659881592,10293000
2017-01-24 00:00:00-05:00,7.070441613589962,7.140948900587949,7.040347439873618,7.119452476501465,11351000
2017-01-25 00:00:00-05:00,7.188238608380356,7.320653778272979,7.147826319517778,7.2802414894104,20064000
2017-01-26 00:00:00-05:00,7.2785229460693746,7.293140350871683,7.134070088031706,7.158145427703857,27157000
2017-01-27 00:00:00-05:00,7.392022094535949,7.563129222253365,7.328393819803924,7.408359050750732,32535000
2017-01-30 00:00:00-05:00,7.3937394717134906,7.442750325954019,7.324092382002783,7.41609525680542,16347000
2017-01-31 00:00:00-05:00,7.414376394161564,7.414376394161564,7.271643102271717,7.3180742263793945,14927000
2017-02-01 00:00:00-05:00,7.355045894811637,7.399757459886698,7.300016213180446,7.398037910461426,13996000
2017-02-02 00:00:00-05:00,7.389440034380598,7.529593575703445,7.336990081984518,7.511537075042725,16129000
2017-02-03 00:00:00-05:00,7.558830109545149,7.576886614340553,7.496062025255005,7.531314849853516,12981000
2017-02-06 00:00:00-05:00,7.503796291893178,7.557965776549804,7.471981764710197,7.4805803298950195,11609000
2017-02-07 00:00:00-05:00,7.471127723885011,7.542494389764924,7.471127723885011,7.53733491897583,12570000
2017-02-08 00:00:00-05:00,7.545934313969931,7.551953150544269,7.469408988952637,7.469408988952637,10318000
2017-02-09 00:00:00-05:00,7.467686388043664,7.505518942484648,7.436732032589415,7.458227634429932,8117000
2017-02-10 00:00:00-05:00,7.477144563644605,7.5012199008866505,7.422975054850001,7.449629306793213,14221000
2017-02-13 00:00:00-05:00,7.510195044533709,7.569030533221504,7.503272882568547,7.546534538269043,6983000
2017-02-14 00:00:00-05:00,7.541346769069992,7.55259518517356,7.472128412756614,7.526638507843018,14088000
2017-02-15 00:00:00-05:00,7.526633515928198,7.6019084078654755,7.500676030665632,7.586333751678467,7437000
2017-02-16 00:00:00-05:00,7.606236967597173,7.664206886981438,7.542209639692398,7.659880638122559,19363000
2017-02-17 00:00:00-05:00,7.636521109985611,7.654690863020262,7.562976517877281,7.653825283050537,14312000
2017-02-21 00:00:00-05:00,7.674590510585236,7.83033218497393,7.639981341293046,7.826005935668945,13011000
2017-02-22 00:00:00-05:00,7.800050552739763,7.821680977688086,7.749001957719816,7.810433387756348,8365000
2017-02-23 00:00:00-05:00,7.817351566047137,7.86320913758623,7.729963496385973,7.778416156768799,8086000
2017-02-24 00:00:00-05:00,7.740346729043458,7.8173519718849604,7.710063814732055,7.812160968780518,7624000
2017-02-27 00:00:00-05:00,7.826869498328648,7.826869498328648,7.7446732494963335,7.80610466003418,4371000
2017-02-28 00:00:00-05:00,7.809566093972356,7.826870265104246,7.7680347630196005,7.797452926635742,9899000
2017-03-01 00:00:00-05:00,7.844172693106108,7.929830416290057,7.774954380946193,7.911660671234131,13142000
2017-03-02 00:00:00-05:00,7.903873263857069,7.923773341707004,7.84330662562416,7.850228786468506,10912000
2017-03-03 00:00:00-05:00,7.867534884442357,7.875321800772252,7.775820572356789,7.8234076499938965,7517000
2017-03-06 00:00:00-05:00,7.789663755752732,7.878782150407639,7.752458684628827,7.858016490936279,7749000
2017-03-07 00:00:00-05:00,7.832062687754485,7.910798281411005,7.745539350093246,7.877054691314697,8791000
2017-03-08 00:00:00-05:00,7.896953914401462,7.950598410887962,7.855423409992091,7.921180248260498,10894000
2017-03-09 00:00:00-05:00,7.940215695097405,7.953194442061451,7.878784279703779,7.941946029663086,10220000
2017-03-10 00:00:00-05:00,8.011164941686122,8.065674197605674,7.950599101775508,8.063943862915039,13866000
2017-03-13 00:00:00-04:00,8.044042169073348,8.076920997069346,7.995589506825568,8.034524917602539,11137000
2017-03-14 00:00:00-04:00,8.034528006299333,8.080384772084596,7.964444074929063,8.035392761230469,7123000
2017-03-15 00:00:00-04:00,8.055291268877248,8.102878355448174,8.015490274950515,8.099417686462402,7849000
2017-03-16 00:00:00-04:00,8.099419281859955,8.190268049238483,8.092497117377317,8.150467872619629,8436000
2017-03-17 00:00:00-04:00,8.170364609426542,8.24304441866369,8.13229478325774,8.19286060333252,19823000
2017-03-20 00:00:00-04:00,8.221417613701682,8.335627978958117,8.185943682158614,8.230070114135742,10136000
2017-03-21 00:00:00-04:00,8.249104989151036,8.283714163805662,8.067406615927291,8.149602890014648,11103000
2017-03-22 00:00:00-04:00,8.17901891885129,8.275059497779207,8.132296586554949,8.269002914428711,10765000
2017-03-23 00:00:00-04:00,8.269866882990051,8.306207204786176,8.206705141153893,8.239583969116211,7668000
2017-03-24 00:00:00-04:00,8.31053596655006,8.384946149229739,8.245643864302526,8.281983375549316,5146000
2017-03-27 00:00:00-04:00,8.24823843527416,8.315726441654927,8.185942258309913,8.288904190063477,5720000
2017-03-28 00:00:00-04:00,8.288036764954885,8.323510678898419,8.237852947453133,8.275922775268555,7329000
2017-03-29 00:00:00-04:00,8.257756589448253,8.277657504184662,8.223147415105887,8.258622169494629,6368000
2017-03-30 00:00:00-04:00,8.283709333894931,8.31658815441863,8.259482183129577,8.275056838989258,3956000
2017-03-31 00:00:00-04:00,8.25256267780784,8.343411419026411,8.197187853335205,8.225740432739258,7724000
2017-04-03 00:00:00-04:00,8.249099665106124,8.33908280101396,8.203242105083033,8.303608894348145,9634000
2017-04-04 00:00:00-04:00,8.303609370140789,8.363310429482288,8.294956875278794,8.3460054397583,9671000
2017-04-05 00:00:00-04:00,8.34687377874533,8.435126615042243,8.268137369706979,8.282846450805664,11228000
2017-04-06 00:00:00-04:00,8.282843493638898,8.322644473863846,8.209298939550179,8.320913314819336,9807000
2017-04-07 00:00:00-04:00,8.326972576713302,8.363312900842782,8.31312907593175,8.352930068969727,11281000
2017-04-10 00:00:00-04:00,8.371100166385832,8.390134671321249,8.293229336675179,8.334760665893555,14727000
2017-04-11 00:00:00-04:00,8.319184751965608,8.322646245644231,8.099416622436001,8.262945175170898,14061000
2017-04-12 00:00:00-04:00,8.285441913638964,8.305341997198125,8.196322677219696,8.23785400390625,10410000
2017-04-13 00:00:00-04:00,8.217953741616782,8.333028816991078,8.152196084175735,8.248236656188965,11349000
2017-04-17 00:00:00-04:00,8.178152194978091,8.283710836652707,8.161712781733948,8.262945175170898,15429000
2017-04-18 00:00:00-04:00,8.214491051580497,8.293226610094383,8.160846573168167,8.185072898864746,14160000
2017-04-19 00:00:00-04:00,8.279385663067261,8.449835574988592,8.26900283097868,8.443778991699219,15631000
2017-04-20 00:00:00-04:00,8.479252912639701,8.5502015707263,8.446374085079386,8.5233793258667,10220000
2017-04-21 00:00:00-04:00,8.528570747389615,8.535492084347604,8.450699930579962,8.511265754699707,7991000
2017-04-24 00:00:00-04:00,8.627205424230702,8.737089474908617,8.583943772547562,8.724111557006836,14190000
2017-04-25 00:00:00-04:00,8.749205162211226,8.80890541147474,8.690368842416259,8.800252914428711,10077000
2017-04-26 00:00:00-04:00,8.806311513796842,8.806311513796842,8.70680943460194,8.721518516540527,7911000
2017-04-27 00:00:00-04:00,8.763915873136972,9.01742849663036,8.763915873136972,8.962919235229492,27063000
2017-04-28 00:00:00-04:00,8.676523860279945,8.996658769976115,8.465408249359637,8.498286247253418,30664000
2017-05-01 00:00:00-04:00,8.540684225846398,8.60903696912768,8.433395247582999,8.580484390258789,18015000
2017-05-02 00:00:00-04:00,8.597789823924577,8.634129321592036,8.519919000267139,8.628072738647461,14839000
2017-05-03 00:00:00-04:00,8.62461053006405,8.654027859765293,8.573561961460165,8.60470962524414,10193000
2017-05-04 00:00:00-04:00,8.669605531778615,8.725845122188785,8.616825785589723,8.722384452819824,9035000
2017-05-05 00:00:00-04:00,8.779489670256881,8.80804225557322,8.634995583833737,8.73363208770752,9861000
2017-05-08 00:00:00-04:00,8.739689744469457,8.741420079375615,8.673932067148792,8.695563316345215,9684000
2017-05-09 00:00:00-04:00,8.712866374333663,8.779489623146075,8.70507945567966,8.722384452819824,7876000
2017-05-10 00:00:00-04:00,8.750936464740683,8.763914386597987,8.68690913472303,8.718057632446289,11550000
2017-05-11 00:00:00-04:00,8.72414653782978,8.762421497923693,8.661513879937626,8.721536636352539,8668000
2017-05-12 00:00:00-04:00,8.732845340893462,8.785909469284585,8.655425172457395,8.702399253845215,9075000
2017-05-15 00:00:00-04:00,8.706748665928899,8.85637002659927,8.706748665928899,8.807656288146973,15063000
2017-05-16 00:00:00-04:00,8.84419274127287,8.905085751844817,8.826795330819277,8.901605606079102,11582000
2017-05-17 00:00:00-04:00,8.822442040958872,8.83201057118339,8.684128911675653,8.688478469848633,13434000
2017-05-18 00:00:00-04:00,8.668473590470565,8.79634798182335,8.62584906988418,8.772860527038574,13877000
2017-05-19 00:00:00-04:00,8.817224586837478,8.921611522001093,8.794607376072348,8.853760719299316,9703000
2017-05-22 00:00:00-04:00,8.890294832322356,8.94944733803895,8.840710858097216,8.934659004211426,9023000
2017-05-23 00:00:00-04:00,8.957276724407508,8.96684525644639,8.8763772499116,8.915521621704102,9521000
2017-05-24 00:00:00-04:00,8.969456010539059,9.015560676623622,8.925961246019984,8.984244346618652,6814000
2017-05-25 00:00:00-04:00,9.003381455306736,9.146043341317254,8.990332778213244,9.120816230773926,6918000
2017-05-26 00:00:00-04:00,9.112119213796827,9.116467943841247,9.039047773307974,9.111248970031738,5663000
2017-05-30 00:00:00-04:00,9.120818943489912,9.192150737304248,9.092112509021202,9.093852996826172,10628000
2017-05-31 00:00:00-04:00,9.142563635411213,9.146913194256587,8.992942295423097,9.046875,20057000
2017-06-01 00:00:00-04:00,9.046873319020813,9.142561936652339,9.046873319020813,9.112115859985352,13862000
2017-06-02 00:00:00-04:00,9.178226417560065,9.214762536894161,9.118204511383066,9.210412979125977,18405000
2017-06-05 00:00:00-04:00,9.212155757499639,9.289575920980228,9.179970014622143,9.255650520324707,12275000
2017-06-06 00:00:00-04:00,9.25478297175045,9.419192708759402,9.194760198164325,9.377437591552734,14139000
2017-06-07 00:00:00-04:00,9.394836037308322,9.475735541658198,9.364389942682354,9.453118324279785,10991000
2017-06-08 00:00:00-04:00,9.475733757019043,9.500090628132495,9.38613514833831,9.475733757019043,8992000
2017-06-09 00:00:00-04:00,9.503572334601106,9.533148184556309,8.747635643758494,8.871160507202148,18882000
2017-06-12 00:00:00-04:00,8.745896084108022,8.865941632344581,8.536251911464449,8.798089981079102,24949000
2017-06-13 00:00:00-04:00,8.870289370923405,8.952059938628889,8.711969698610009,8.8224458694458,10643000
2017-06-14 00:00:00-04:00,8.824184613557792,8.934660772950659,8.49275530578552,8.572785377502441,15894000
2017-06-15 00:00:00-04:00,8.45796029986157,8.557128275463363,8.406636654003513,8.444042205810547,16036000
2017-06-16 00:00:00-04:00,8.477966595401261,8.596271613464298,8.426642960719075,8.498844146728516,17207000
2017-06-19 00:00:00-04:00,8.590180668978633,8.822441928988972,8.568433707983129,8.787646293640137,16046000
2017-06-20 00:00:00-04:00,8.773731793389556,8.803307639254589,8.479708015216753,8.488407135009766,13958000
2017-06-21 00:00:00-04:00,8.504935422260345,8.551039265474685,8.43882343691761,8.525812149047852,10379000
2017-06-22 00:00:00-04:00,8.520591888523752,8.575394843556463,8.381409306450667,8.409245491027832,7787000
2017-06-23 00:00:00-04:00,8.41011558403884,8.530160268567977,8.40489578102814,8.520591735839844,15953000
2017-06-26 00:00:00-04:00,8.552776877477793,8.586703105879543,8.341393121476337,8.352702140808105,12391000
2017-06-27 00:00:00-04:00,8.3266066416858,8.347484197723352,8.150888732624932,8.165677070617676,13471000
2017-06-28 00:00:00-04:00,8.227440512852723,8.349224888816861,8.08564799261404,8.328348159790039,15939000
2017-06-29 00:00:00-04:00,8.295290970702085,8.295290970702085,7.923847018237779,8.047371864318848,16152000
2017-06-30 00:00:00-04:00,8.133488374537308,8.133488374537308,7.93863263813046,7.960379600524902,13201000
2017-07-03 00:00:00-04:00,8.029103683864951,8.083907476829356,7.896010298768369,7.96386194229126,7481000
2017-07-05 00:00:00-04:00,7.980389201591568,8.049111082615074,7.8890509377429945,8.028233528137207,16606000
2017-07-06 00:00:00-04:00,7.989958698487757,8.077817647926205,7.909058380929371,8.044761657714844,12223000
2017-07-07 00:00:00-04:00,8.108263192089606,8.271802644604534,8.086515394940086,8.226568222045898,11810000
2017-07-10 00:00:00-04:00,8.23613699619321,8.33269505169497,8.164805222151495,8.31877613067627,11846000
2017-07-11 00:00:00-04:00,8.319647958763397,8.475358554671242,8.276153188882194,8.431863784790039,11727000
2017-07-12 00:00:00-04:00,8.499713560770912,8.621498723784192,8.423162815768832,8.498844146728516,7531000
2017-07-13 00:00:00-04:00,8.52494228590152,8.58061549012207,8.446651868391175,8.49014663696289,8274000
2017-07-14 00:00:00-04:00,8.520592033106425,8.674562953796014,8.500584723252487,8.667603492736816,9372000
2017-07-17 00:00:00-04:00,8.698920028545773,8.713708365149781,8.553648223351042,8.623239517211914,7915000
2017-07-18 00:00:00-04:00,8.617148338011559,8.68847927354114,8.537987699290321,8.68412971496582,7095000
2017-07-19 00:00:00-04:00,8.754592030136202,8.844190622048108,8.739803695558258,8.819833755493164,10884000
2017-07-20 00:00:00-04:00,8.84506209990062,8.851151317389032,8.739804915092067,8.8468017578125,5717000
2017-07-21 00:00:00-04:00,8.783297313160581,8.833750697376802,8.62323721411082,8.689349174499512,9782000
2017-07-24 00:00:00-04:00,8.695442815325949,8.7780819782722,8.68500403576331,8.71718978881836,7762000
2017-07-25 00:00:00-04:00,8.697179905739034,8.729365649290973,8.60410116111856,8.622368812561035,11090000
2017-07-26 00:00:00-04:00,8.567567350946122,8.775471843481348,8.567567350946122,8.77373218536377,8544000
2017-07-27 00:00:00-04:00,8.776341391172748,8.792869387931667,8.568437725070458,8.692831993103027,14783000
2017-07-28 00:00:00-04:00,8.50232401503302,8.515371863265957,8.194382186912938,8.211779594421387,18647000
2017-07-31 00:00:00-04:00,8.22744032102881,8.242228660506475,8.045632346073758,8.05781078338623,12257000
2017-08-01 00:00:00-04:00,8.07694868327461,8.094346924917469,7.990829378167635,8.05781078338623,17577000
2017-08-02 00:00:00-04:00,8.105653140643716,8.115222503050026,7.822068175968958,7.829897880554199,15496000
2017-08-03 00:00:00-04:00,7.817716531500121,7.856860891863864,7.696800817690718,7.738555908203125,16250000
2017-08-04 00:00:00-04:00,7.74377713608143,7.819457629384088,7.689843605831366,7.7272491455078125,11333000
2017-08-07 00:00:00-04:00,7.744647648547018,8.063028243541222,7.744647648547018,8.003875732421875,20100000
2017-08-08 00:00:00-04:00,8.002137522873632,8.014315958849451,7.862084679557988,7.888181209564209,13191000
2017-08-09 00:00:00-04:00,7.83598649045926,7.989957395205458,7.784662855543861,7.957770824432373,9287000
2017-08-10 00:00:00-04:00,7.8977503923541414,7.923846921762612,7.648961045185168,7.667228698730469,11655000
2017-08-11 00:00:00-04:00,7.71539448546221,7.934333024564967,7.714518377187678,7.911563396453857,10695000
2017-08-14 00:00:00-04:00,8.010522607326195,8.120867137084069,7.969362226914015,8.01314926147461,12090000
2017-08-15 00:00:00-04:00,8.007895192052668,8.013149335582238,7.925574430466985,7.971113681793213,11240000
2017-08-16 00:00:00-04:00,7.970239109535995,8.084087259790932,7.918569596542765,8.046429634094238,7695000
2017-08-17 00:00:00-04:00,8.013151120707153,8.036796859818274,7.859894793817835,7.8616461753845215,9256000
2017-08-18 00:00:00-04:00,7.8896692333489185,7.968487242972635,7.8213603473539814,7.904557228088379,11274000
2017-08-21 00:00:00-04:00,7.8756572038992125,7.900178213526358,7.74516968679683,7.795087814331055,9688000
2017-08-22 00:00:00-04:00,7.8765348563263435,8.06394606320626,7.835373627600794,8.030667304992676,8795000
2017-08-23 00:00:00-04:00,7.98775460148272,8.041175496033032,7.9448419960250405,8.008772850036621,5836000
2017-08-24 00:00:00-04:00,8.031541718088368,8.04467833235031,7.868651543088201,7.908060550689697,9362000
2017-08-25 00:00:00-04:00,7.943967883962238,8.00702180365568,7.888795599832421,7.923825740814209,4741000
2017-08-28 00:00:00-04:00,7.934334185777729,8.018406349882856,7.934334185777729,8.016654968261719,9816000
2017-08-29 00:00:00-04:00,7.951846865520946,8.099849015614591,7.907183722110861,8.091092109680176,4636000
2017-08-30 00:00:00-04:00,8.071828052558585,8.197060620393568,8.070951944068469,8.190930366516113,5382000
2017-08-31 00:00:00-04:00,8.227710423242614,8.246976452790921,8.151519072557537,8.204940795898438,10389000
2017-09-01 00:00:00-04:00,8.240846115479625,8.264491850824504,8.152395096567687,8.239094734191895,5492000
2017-09-05 00:00:00-04:00,8.226835388681295,8.287262645131856,8.103354221070736,8.202314376831055,8510000
2017-09-06 00:00:00-04:00,8.208444219682296,8.28025587011075,8.128750099966378,8.275876998901367,9576000
2017-09-07 00:00:00-04:00,8.279381568237447,8.357323480465583,8.211072672689436,8.347689628601074,6819000
2017-09-08 00:00:00-04:00,8.340681065370111,8.387971693503868,8.237342068844915,8.262739181518555,6754000
2017-09-11 00:00:00-04:00,8.338055724736876,8.55874565795465,8.338055724736876,8.509703636169434,10184000
2017-09-12 00:00:00-04:00,8.502697217611946,8.598154605929889,8.453655196158431,8.578012466430664,8471000
2017-09-13 00:00:00-04:00,8.47729992368381,8.56137206975615,8.408991044004978,8.472044944763184,12915000
2017-09-14 00:00:00-04:00,8.45803430445667,8.577136598520472,8.444022417246396,8.535100936889648,9944000
2017-09-15 00:00:00-04:00,8.549112992244217,8.656830891063366,8.51583423747509,8.638440132141113,24489000
2017-09-18 00:00:00-04:00,8.670842517100517,8.873141694329789,8.642818742973786,8.837235450744629,15713000
2017-09-19 00:00:00-04:00,8.87314075246555,9.017640149433882,8.805707978941735,8.933568000793457,18074000
2017-09-20 00:00:00-04:00,8.952834840363451,8.970350325306544,8.634060865131486,8.727766036987305,17567000
2017-09-21 00:00:00-04:00,8.735650486611858,8.75754401256949,8.631435332018158,8.715507507324219,14326000
2017-09-22 00:00:00-04:00,8.702369000953645,8.846868398508278,8.702369000953645,8.809210777282715,12084000
2017-09-25 00:00:00-04:00,8.765420556364171,8.802202059493867,8.616542327824359,8.670839309692383,14442000
2017-09-26 00:00:00-04:00,8.738272523078656,8.761918253576995,8.606033658340927,8.68485164642334,8464000
2017-09-27 00:00:00-04:00,8.7820628833914,9.199797837861608,8.727765883245416,9.12273120880127,22317000
2017-09-28 00:00:00-04:00,9.040408618368946,9.212056491439247,9.040408618368946,9.188410758972168,18561000
2017-09-29 00:00:00-04:00,9.206802918072253,9.290875903955172,9.120979386031715,9.282994270324707,10788000
2017-10-02 00:00:00-04:00,9.24270954915892,9.28211855416021,9.096458761133118,9.1910400390625,11639000
2017-10-03 00:00:00-04:00,9.198049065698035,9.210309574346521,8.963346349084363,9.006258964538574,17279000
2017-10-04 00:00:00-04:00,8.987865910440775,9.027274920479774,8.848621465462765,9.020269393920898,14394000
2017-10-05 00:00:00-04:00,9.067561563328436,9.071940435756078,8.875771460994079,8.90379524230957,11550000
2017-10-06 00:00:00-04:00,8.909923094392344,8.990492487932043,8.86876270689152,8.97385311126709,9652000
2017-10-09 00:00:00-04:00,8.996621520060545,9.148127270952143,8.98786377875468,9.103464126586914,8840000
2017-10-10 00:00:00-04:00,9.190166601762742,9.190166601762742,9.052672693350516,9.14725399017334,8598000
2017-10-11 00:00:00-04:00,9.113973263024333,9.2076792663219,9.089452253230784,9.159512519836426,6648000
2017-10-12 00:00:00-04:00,9.185788190175597,9.261978729500905,9.151633320887143,9.179657936096191,9371000
2017-10-13 00:00:00-04:00,9.215562785238076,9.291753319877182,9.179657371489036,9.22169303894043,10050000
2017-10-16 00:00:00-04:00,9.283870793316408,9.404725309201961,9.205052776031806,9.399470329284668,20799000
2017-10-17 00:00:00-04:00,9.444132502808635,9.483541503877056,9.347799017892859,9.459019660949707,10996000
2017-10-18 00:00:00-04:00,9.474784047805537,9.478286810393131,9.293503138542333,9.466026306152344,8630000
2017-10-19 00:00:00-04:00,9.346048777875732,9.464275795517413,9.262851894885182,9.4625244140625,7082000
2017-10-20 00:00:00-04:00,9.55097454499861,9.558856178398123,9.448510805252305,9.487919807434082,8361000
2017-10-23 00:00:00-04:00,9.544847017237638,9.544847017237638,9.409980597161516,9.440631866455078,11628000
2017-10-24 00:00:00-04:00,9.437128101719116,9.473034347759222,9.375825569635385,9.430997848510742,10285000
2017-10-25 00:00:00-04:00,9.402096414689444,9.423989933915955,9.213809142678254,9.345171928405762,15975000
2017-10-26 00:00:00-04:00,9.374071026276273,9.614026928863257,9.370567429064378,9.53258228302002,23492000
2017-10-27 00:00:00-04:00,9.474786393004262,9.589509830394276,9.07281463754245,9.464277267456055,24773000
2017-10-30 00:00:00-04:00,9.473035684894896,9.513319973040586,9.32240598823868,9.401223182678223,19010000
2017-10-31 00:00:00-04:00,9.438877326546791,9.600892198127688,9.35743267184336,9.536086082458496,27340000
2017-11-01 00:00:00-04:00,9.633299675841439,9.63417578447569,9.028153318658353,9.208559036254883,23161000
2017-11-02 00:00:00-04:00,9.214684987028141,9.321526760903154,9.151630250352127,9.316271781921387,17399000
2017-11-03 00:00:00-04:00,9.289999226444774,9.33991734995795,9.245336081819397,9.309266090393066,11560000
2017-11-06 00:00:00-05:00,9.311894269332068,9.369694030272518,9.200672783269592,9.240081787109375,11251000
2017-11-07 00:00:00-05:00,9.233079074605145,9.419614192080104,9.209433331023657,9.414360046386719,12541000
2017-11-08 00:00:00-05:00,9.422239981479219,9.445009612408855,9.309267935214024,9.37757682800293,11111000
2017-11-09 00:00:00-05:00,9.329408482200432,9.330284590433724,8.913425778596377,8.967721939086914,21046000
2017-11-10 00:00:00-05:00,8.950207492295917,9.029025498064334,8.898537984975217,8.97122573852539,21763000
2017-11-13 00:00:00-05:00,8.890655952146888,9.022894840618775,8.86525883616153,8.92656135559082,22591000
2017-11-14 00:00:00-05:00,8.926560195509735,9.003194278497428,8.870185514221273,8.997909545898438,18444000
2017-11-15 00:00:00-05:00,8.988224039439887,9.100092237908454,8.853452803755099,9.068381309509277,21094000
2017-11-16 00:00:00-05:00,9.115947413879741,9.421603503588768,9.054287974473375,9.228696823120117,22623000
2017-11-17 00:00:00-05:00,9.315898603888947,9.382843599131498,8.94329760567278,8.95386791229248,16936000
2017-11-20 00:00:00-05:00,8.983816744862272,9.094803698004426,8.960033346305197,9.029621124267578,16155000
2017-11-21 00:00:00-05:00,9.095686290804872,9.238384183719674,9.094805081816371,9.225171089172363,15086000
2017-11-22 00:00:00-05:00,9.30885011282781,9.30885011282781,9.149416007670974,9.202266693115234,12064000
2017-11-24 00:00:00-05:00,9.225172989561075,9.285952060933827,9.16791791482157,9.252479553222656,8914000
2017-11-27 00:00:00-05:00,9.129160953673896,9.257765413556896,9.011125963875863,9.19522476196289,13240000
2017-11-28 00:00:00-05:00,9.184651516577384,9.444503140844054,9.184651516577384,9.439217567443848,16705000
2017-11-29 00:00:00-05:00,9.439215858157514,9.45859489037133,8.712512650720384,8.83935546875,34614000
2017-11-30 00:00:00-05:00,8.940655922315116,9.189937267428089,8.893971165693118,9.005839347839355,35695000
2017-12-01 00:00:00-05:00,8.919518373573002,9.160871417969798,8.783866754715818,9.149420738220215,22051000
2017-12-04 00:00:00-05:00,9.222531279967662,9.239267534254829,8.826147592185299,8.886045455932617,18826000
2017-12-05 00:00:00-05:00,8.909824694064431,9.219003838196672,8.812931201273656,9.041071891784668,14334000
2017-12-06 00:00:00-05:00,8.970603157020058,9.07013942983835,8.909824110771469,9.049880027770996,12712000
2017-12-07 00:00:00-05:00,9.082471365530086,9.248952627063558,9.060450385769975,9.211956977844238,12135000
2017-12-08 00:00:00-05:00,9.25600348143144,9.322067287195381,9.144134440148886,9.159109115600586,10171000
2017-12-11 00:00:00-05:00,9.182889561443082,9.22164679124989,9.027858962122654,9.147655487060547,11141000
2017-12-12 00:00:00-05:00,9.144133485758385,9.163512524911303,8.987342114579079,9.078069686889648,12978000
2017-12-13 00:00:00-05:00,9.095688816217242,9.184654826749062,9.012007540943628,9.149420738220215,11699000
2017-12-14 00:00:00-05:00,9.296521535751861,9.365228123296355,9.156466413483823,9.197866439819336,13726000
2017-12-15 00:00:00-05:00,9.18993621800957,9.35641749874508,9.088638355354867,9.304447174072266,26484000
2017-12-18 00:00:00-05:00,9.651505685014763,9.884932021763559,9.60217813432114,9.796846389770508,17530000
2017-12-19 00:00:00-05:00,9.777465708506574,9.878763571565303,9.726375752495878,9.832077980041504,13082000
2017-12-20 00:00:00-05:00,9.962447334260538,10.079600267039654,9.810939845774161,9.905191421508789,15302000
2017-12-21 00:00:00-05:00,9.90959289469643,9.927210351953814,9.557252150014753,9.567822456359863,12678000
2017-12-22 00:00:00-05:00,9.582796677688828,9.655027247333212,9.490307543456332,9.62948226928711,5845000
2017-12-26 00:00:00-05:00,9.566945375226542,9.629486031399447,9.436579327451328,9.482383728027344,5070000
2017-12-27 00:00:00-05:00,9.504401206388131,9.544920856559367,9.386367091618563,9.449788093566895,7139000
2017-12-28 00:00:00-05:00,9.523780540480816,9.594248695981836,9.440099290805852,9.49999713897705,9664000
2017-12-29 00:00:00-05:00,9.498235668650231,9.528185013098302,9.243669601028378,9.255120277404785,10890000
2018-01-02 00:00:00-05:00,9.315900373792363,9.392534481309724,9.241908213396897,9.348491668701172,16890000
2018-01-03 00:00:00-05:00,9.324709088877443,9.476215725564343,9.247193772416663,9.457717895507812,27341000
2018-01-04 00:00:00-05:00,9.508805727060649,9.643576093453907,9.367869418153886,9.474452018737793,19255000
2018-01-05 00:00:00-05:00,9.546682680215381,9.749278416148522,9.504401451129969,9.677048683166504,14690000
2018-01-08 00:00:00-05:00,9.561654645949128,9.77217870128186,9.561654645949128,9.703472137451172,7727000
2018-01-09 00:00:00-05:00,9.718447062783445,9.751919556818004,9.568702048437908,9.618910789489746,8669000
2018-01-10 00:00:00-05:00,9.549324942847846,9.549324942847846,9.223409504666854,9.361703872680664,14395000
2018-01-11 00:00:00-05:00,9.393411253645134,9.403101189537791,9.245428669609545,9.358177185058594,10009000
2018-01-12 00:00:00-05:00,9.39429365008582,9.539634306386297,9.362582732334833,9.450668334960938,9906000
2018-01-16 00:00:00-05:00,9.559895208277245,9.623317053723172,9.436576353321323,9.483261108398438,14927000
2018-01-17 00:00:00-05:00,9.623318030289843,10.077837941923192,9.57222806515494,9.99679946899414,20474000
2018-01-18 00:00:00-05:00,9.939542953455243,10.202917742118782,9.866432012643806,10.098977088928223,13531000
2018-01-19 00:00:00-05:00,10.107785395054506,10.140376683912843,10.005606323984999,10.13156795501709,9885000
2018-01-22 00:00:00-05:00,10.130689279076268,10.207323385172927,10.021463038628239,10.093692779541016,10972000
2018-01-23 00:00:00-05:00,10.113951865013151,10.248722231973245,10.0840025212235,10.218772888183594,11862000
2018-01-24 00:00:00-05:00,10.193227960244023,10.272504844747166,10.037317818113628,10.123641014099121,13206000
2018-01-25 00:00:00-05:00,10.331520319217367,10.71557194203454,9.917519358270754,9.961562156677246,18557000
2018-01-26 00:00:00-05:00,9.777465879237239,10.190585698790297,9.719329611069657,9.992393493652344,23145000
2018-01-29 00:00:00-05:00,9.986230035609523,10.017940964329851,9.804774034653416,9.877004623413086,14205000
2018-01-30 00:00:00-05:00,9.81093582174935,9.86731050223991,9.595127036151217,9.637408256530762,15412000
2018-01-31 00:00:00-05:00,9.69202557773038,9.780991580956657,9.605701521892794,9.671765327453613,11740000
2018-02-01 00:00:00-05:00,9.62508170092882,9.964210340293686,9.607464236004793,9.790681838989258,14512000
2018-02-02 00:00:00-05:00,9.69290351090507,9.705235395776027,9.378439606649007,9.382843971252441,15048000
2018-02-05 00:00:00-05:00,9.337038134975957,9.451548236665626,8.913348070575308,8.914228439331055,18858000
2018-02-06 00:00:00-05:00,8.731011671114727,9.275378664776214,8.6966588057112,9.26921272277832,21856000
2018-02-07 00:00:00-05:00,9.193462466870763,9.286832832383793,8.990865851859615,9.04283618927002,16311000
2018-02-08 00:00:00-05:00,9.073662842389718,9.146773773714044,8.595360498036854,8.679922103881836,23990000
2018-02-09 00:00:00-05:00,8.782984060048536,8.967963203551873,8.466758526004146,8.887805938720703,17346000
2018-02-12 00:00:00-05:00,8.9626797070004,9.23222051788758,8.91423252175841,9.15294361114502,17558000
2018-02-13 00:00:00-05:00,9.100091015154122,9.215482354591051,9.051643839946776,9.179367065429688,20364000
2018-02-14 00:00:00-05:00,9.13241574862032,9.605469742764733,9.114697978207067,9.520425796508789,20650000
2018-02-15 00:00:00-05:00,9.633817786363114,9.681654586819302,9.187340418885455,9.644448280334473,29503000
2018-02-16 00:00:00-05:00,9.615217275908611,9.812765583111256,9.518657421946251,9.524858474731445,18123000
2018-02-20 00:00:00-05:00,9.503594456094763,9.927925435520788,9.47879025284879,9.79327392578125,20344000
2018-02-21 00:00:00-05:00,9.816305069784546,9.87565773454059,9.677223293077262,9.715315818786621,15620000
2018-02-22 00:00:00-05:00,9.89249084408591,9.912865604850621,9.593067949003304,9.647991180419922,15487000
2018-02-23 00:00:00-05:00,9.738352269023872,9.803020627786616,9.631161925660415,9.786189079284668,12758000
2018-02-26 00:00:00-05:00,9.849971823166616,10.162683113432394,9.849971823166616,10.15825366973877,11736000
2018-02-27 00:00:00-05:00,10.140536105508525,10.241525396227932,10.013857223594723,10.051063537597656,9497000
2018-02-28 00:00:00-05:00,10.115728954758843,10.187484571492538,10.008539487703793,10.037773132324219,11273000
2018-03-01 00:00:00-05:00,10.003224853644362,10.160023585996209,9.766697837746849,9.851741790771484,11924000
2018-03-02 00:00:00-05:00,9.748981427640942,10.035116868087053,9.690514129251518,10.011198043823242,9627000
2018-03-05 00:00:00-05:00,9.975760979534884,10.198999625508144,9.903119987044247,10.083837509155273,8782000
2018-03-06 00:00:00-05:00,10.16710937338526,10.339853399193283,10.115728518492697,10.282272338867188,10385000
2018-03-07 00:00:00-05:00,10.21406201576736,10.439073168564224,10.19988830440525,10.404523849487305,12982000
2018-03-08 00:00:00-05:00,10.457675923504477,10.459447531753302,10.308849847814772,10.364659309387207,7827000
2018-03-09 00:00:00-05:00,10.424014150143336,10.749127537726816,10.365546846390993,10.732295989990234,12279000
2018-03-12 00:00:00-04:00,10.807592789537555,10.90592422216354,10.720778077043173,10.842142105102539,10420000
2018-03-13 00:00:00-04:00,10.932499962009476,10.981222987175554,10.63484867629826,10.672941207885742,12512000
2018-03-14 00:00:00-04:00,10.793419218399608,10.797848661212576,10.605615236244855,10.669397354125977,9866000
2018-03-15 00:00:00-04:00,10.680027926153763,10.848343374960342,10.61624580780537,10.70217514038086,10461000
2018-03-16 00:00:00-04:00,10.76418483780012,10.77392910442639,10.643707042888888,10.685342788696289,17460000
2018-03-19 00:00:00-04:00,10.480708566505209,10.53740425486641,9.837567458879327,10.274300575256348,41597000
2018-03-20 00:00:00-04:00,10.250379580828822,10.52234122170936,10.175080760681634,10.381487846374512,28446000
2018-03-21 00:00:00-04:00,10.416925194291135,10.613588065218899,10.39920826758558,10.458560943603516,14567000
2018-03-22 00:00:00-04:00,10.284044959993013,10.38946282485418,9.991708497595917,10.00322437286377,16319000
2018-03-23 00:00:00-04:00,10.048402860229137,10.048402860229137,9.581549963451904,9.583321571350098,21715000
2018-03-26 00:00:00-04:00,9.805676880482656,10.05371977935153,9.762269521025832,10.042203903198242,21009000
2018-03-27 00:00:00-04:00,10.111299779131366,10.130789157669298,9.47879007381629,9.550545692443848,14776000
2018-03-28 00:00:00-04:00,9.534596768634229,9.640015444736711,9.306043340761741,9.440694808959961,14928000
2018-03-29 00:00:00-04:00,9.522198448373837,9.791503181264835,9.405263854283751,9.656850814819336,11230000
2018-04-02 00:00:00-04:00,9.59484160774417,9.624075260247377,9.215689507042901,9.330852508544922,13948000
2018-04-03 00:00:00-04:00,9.42563916929734,9.546116976192174,9.32287828937887,9.529285430908203,12808000
2018-04-04 00:00:00-04:00,9.294532360650669,9.715320253731042,9.180255576186092,9.67811393737793,11291000
2018-04-05 00:00:00-04:00,9.814536517506847,9.886291304392016,9.588639971943648,9.63027572631836,16599000
2018-04-06 00:00:00-04:00,9.453988979660554,9.58952675787863,9.172282926420033,9.219233512878418,16643000
2018-04-09 00:00:00-04:00,9.314017989938295,9.55674601993497,9.179366492931717,9.194425582885742,15062000
2018-04-10 00:00:00-04:00,9.393750127614744,9.697602558535236,9.362744863727967,9.617875099182129,13756000
2018-04-11 00:00:00-04:00,9.498281235849218,9.641791655221532,9.425640221956808,9.446900367736816,11986000
2018-04-12 00:00:00-04:00,9.530170443358472,9.696713421937336,9.484105256326476,9.666593551635742,11766000
2018-04-13 00:00:00-04:00,9.76492556946324,9.766697177559857,9.476132328969635,9.53105640411377,9228000
2018-04-16 00:00:00-04:00,9.625844808958709,9.70734469682566,9.496508122216571,9.64267635345459,10279000
2018-04-17 00:00:00-04:00,9.757836120858679,9.835791921991929,9.671020592321344,9.799471855163574,13766000
2018-04-18 00:00:00-04:00,9.617873864471607,9.6692538887694,9.44247195571814,9.588640213012695,10763000
2018-04-19 00:00:00-04:00,9.443355321589586,9.443355321589586,9.026111629807884,9.061546325683594,19155000
2018-04-20 00:00:00-04:00,9.091665563849807,9.159877967497687,8.93752467544908,8.989790916442871,15588000
2018-04-23 00:00:00-04:00,9.058885453075645,9.085461254862222,8.865766721009907,8.947266578674316,20021000
2018-04-24 00:00:00-04:00,9.073948945783824,9.113813086526875,8.68771048520722,8.81970500946045,18155000
2018-04-25 00:00:00-04:00,8.83653697700764,8.902090706604882,8.676194179865467,8.739090919494629,16055000
2018-04-26 00:00:00-04:00,8.811731322341052,8.969416273865976,8.790471179905735,8.932209968566895,16740000
2018-04-27 00:00:00-04:00,8.997761095131528,9.182021805108853,8.775408709203933,9.051799774169922,27087000
2018-04-30 00:00:00-04:00,9.081033583644212,9.145701909637788,8.937522380752764,9.012821197509766,16181000
2018-05-01 00:00:00-04:00,9.004850329363537,9.090779653952922,8.893230576590273,9.065089225769043,13573000
2018-05-02 00:00:00-04:00,9.089006332615813,9.197968230422932,9.024338005966898,9.05091381072998,11031000
2018-05-03 00:00:00-04:00,8.98713491184303,9.15544952840784,8.898547737968984,9.123558044433594,10380000
2018-05-04 00:00:00-04:00,9.077491979690599,9.453099938864973,9.007508811794064,9.448671340942383,13348000
2018-05-07 00:00:00-04:00,9.478790635221655,9.50093784960598,9.40083480611239,9.453100204467773,11884000
2018-05-08 00:00:00-04:00,9.360083350646175,9.497392684550531,9.347681249964353,9.469930648803711,11603000
2018-05-09 00:00:00-04:00,9.523083535651713,9.675452811394397,9.469931069774134,9.67102336883545,11464000
2018-05-10 00:00:00-04:00,9.716202937894936,9.850854440101527,9.672794739813103,9.838452339172363,7081000
2018-05-11 00:00:00-04:00,9.814535052687114,9.90223599176958,9.780871963564978,9.839339256286621,9501000
2018-05-14 00:00:00-04:00,9.933879584043758,10.16131184626488,9.933879584043758,10.054285049438477,15135000
2018-05-15 00:00:00-04:00,9.974013372152767,9.989175691004059,9.833094648059427,9.92941951751709,13640000
2018-05-16 00:00:00-04:00,9.968663678030905,10.16933945159395,9.956177261060171,10.13812255859375,11572000
2018-05-17 00:00:00-04:00,10.114042523393493,10.199663794479228,9.97401517476459,10.099772453308105,13097000
2018-05-18 00:00:00-04:00,9.940122255664082,9.940122255664082,9.616365155975176,9.756392478942871,20219000
2018-05-21 00:00:00-04:00,9.888397745413084,9.979370859733118,9.797424631093048,9.93923568725586,12810000
2018-05-22 00:00:00-04:00,10.00701357155427,10.20144525479943,10.00522991949855,10.133662223815918,13359000
2018-05-23 00:00:00-04:00,10.017718595427569,10.106907172355745,9.930312820384259,10.105123519897461,10575000
2018-05-24 00:00:00-04:00,10.088176850007976,10.158636645978579,9.958853124679523,10.125636100769043,13661000
2018-05-25 00:00:00-04:00,10.10423099592172,10.253176591801706,10.092635980371467,10.19609546661377,8257000
2018-05-29 00:00:00-04:00,10.122961369395426,10.208582638224817,9.99631269325664,10.13633918762207,12410000
2018-05-30 00:00:00-04:00,10.213932649623338,10.286176093536573,10.105122208626756,10.16844654083252,9732000
2018-05-31 00:00:00-04:00,10.160416661141499,10.258524309049003,10.06587631662756,10.098875999450684,13732000
2018-06-01 00:00:00-04:00,10.213038396612916,10.383389470014675,10.154173636699984,10.331659317016602,13817000
2018-06-04 00:00:00-04:00,10.281718808082674,10.445826757215785,10.27190829338209,10.367340087890625,8540000
2018-06-05 00:00:00-04:00,10.438692296834205,10.541259553873873,10.396772632064307,10.535907745361328,10845000
2018-06-06 00:00:00-04:00,10.536798842726212,10.574258095916543,10.426203885032765,10.473474502563477,15967000
2018-06-07 00:00:00-04:00,10.296880101201129,10.396771442555822,10.207690674500087,10.339691162109375,18991000
2018-06-08 00:00:00-04:00,10.2023373962932,10.218391115195104,10.090851063565085,10.185391426086426,13697000
2018-06-11 00:00:00-04:00,10.15150096580025,10.22641946569683,10.018609088111312,10.031095504760742,13064000
2018-06-12 00:00:00-04:00,10.089067413810103,10.13901307313685,9.947256444709414,10.130986213684082,11747000
2018-06-13 00:00:00-04:00,10.158634166846616,10.202336615402636,10.031985525641982,10.074795722961426,14160000
2018-06-14 00:00:00-04:00,10.12296064215455,10.14525757131272,10.021284807954911,10.089960098266602,10390000
2018-06-15 00:00:00-04:00,10.0926327643213,10.0926327643213,9.927632649532118,10.064092636108398,17280000
2018-06-18 00:00:00-04:00,9.974011399714538,10.023957901969325,9.795633464727691,9.993633270263672,11937000
2018-06-19 00:00:00-04:00,9.848261587785338,9.924964618803099,9.734099293022291,9.862531661987305,10800000
2018-06-20 00:00:00-04:00,9.90622908172505,9.969553401982505,9.750148058587554,9.790283203125,12021000
2018-06-21 00:00:00-04:00,9.84915128999947,9.928529354612921,9.776907835353311,9.838448524475098,11422000
2018-06-22 00:00:00-04:00,9.553041572435852,9.718040873716125,9.390717324007467,9.503987312316895,28960000
2018-06-25 00:00:00-04:00,9.403201435442922,9.403201435442922,9.074093463700123,9.28814697265625,21989000
2018-06-26 00:00:00-04:00,9.374662619639809,9.419257323602007,9.254258024687074,9.32828426361084,14926000
2018-06-27 00:00:00-04:00,9.34790665773873,9.37287948920982,8.969745180193751,8.975988388061523,14690000
2018-06-28 00:00:00-04:00,8.966178035938583,9.087474891127519,8.904637356958528,9.080339431762695,15642000
2018-06-29 00:00:00-04:00,9.135637886683238,9.272989327592626,9.104421843425055,9.144556999206543,17276000
2018-07-02 00:00:00-04:00,9.033068586926483,9.264068104995737,8.951014641662923,9.257824897766113,13659000
2018-07-03 00:00:00-04:00,9.26317738917938,9.26317738917938,9.048232404480778,9.061610221862793,8038000
2018-07-05 00:00:00-04:00,9.15169016857606,9.231069066738975,9.074988024436962,9.224825859069824,10315000
2018-07-06 00:00:00-04:00,9.201636646748602,9.364852296889069,9.119582696009369,9.35325813293457,6763000
2018-07-09 00:00:00-04:00,9.374661148385684,9.453147781018576,9.300634921079554,9.450471878051758,7698000
2018-07-10 00:00:00-04:00,9.508444890174964,9.54501187689549,9.416579596653905,9.459390640258789,10865000
2018-07-11 00:00:00-04:00,9.400530693204045,9.492395183182197,9.189152970979197,9.20966625213623,11201000
2018-07-12 00:00:00-04:00,9.28101601559515,9.34879990859106,9.230178095848215,9.324718475341797,13634000
2018-07-13 00:00:00-04:00,9.328284064952774,9.371095115936484,9.288148917298848,9.352365493774414,6069000
2018-07-16 00:00:00-04:00,9.338096169223492,9.339879821394053,9.272095935473013,9.289934158325195,9039000
2018-07-17 00:00:00-04:00,9.241772470431254,9.457609700931922,9.241772470431254,9.444231033325195,20376000
2018-07-18 00:00:00-04:00,9.598525239766527,9.8839299158059,9.583362924973004,9.831308364868164,17533000
2018-07-19 00:00:00-04:00,9.740339357533696,9.791177277870444,9.549474943975419,9.67612361907959,13147000
2018-07-20 00:00:00-04:00,9.633311037711971,9.633311037711971,9.49417681794837,9.53609561920166,11056000
2018-07-23 00:00:00-04:00,9.518259971690526,9.570881550324343,9.336314650124864,9.537881851196289,8529000
2018-07-24 00:00:00-04:00,9.60298907081124,9.685934437702445,9.24623221630849,9.27120590209961,16884000
2018-07-25 00:00:00-04:00,9.271203669194726,9.322040728316516,9.045555104504265,9.314906120300293,15637000
2018-07-26 00:00:00-04:00,9.31669114936002,9.446014869787389,9.297961524689297,9.385366439819336,15488000
2018-07-27 00:00:00-04:00,9.437987479815307,9.715365380352907,9.419257856195335,9.59406852722168,14192000
2018-07-30 00:00:00-04:00,9.571771788244643,9.635096119598563,9.40231207037548,9.480798721313477,18635000
2018-07-31 00:00:00-04:00,9.979364862653341,10.916741640797511,9.953499781349096,10.472579956054688,48679000
2018-08-01 00:00:00-04:00,10.50290206087321,10.628658431811868,10.367334330109477,10.409253120422363,18391000
2018-08-02 00:00:00-04:00,10.284392356963915,10.587635347944522,10.212148913643173,10.566229820251465,16232000
2018-08-03 00:00:00-04:00,10.564446498981972,10.67593284618355,10.460987012273417,10.666121482849121,12479000
2018-08-06 00:00:00-04:00,10.601905160102984,10.642931711712505,10.511824346262996,10.548391342163086,11517000
2018-08-07 00:00:00-04:00,10.553746078999689,10.626880941675637,10.440476054370478,10.538583755493164,14143000
2018-08-08 00:00:00-04:00,10.535905378565726,10.630445752172449,10.312041286128544,10.539473533630371,12412000
2018-08-09 00:00:00-04:00,10.476147719964612,10.53768754132136,10.401228382223273,10.414607048034668,9991000
2018-08-10 00:00:00-04:00,10.284391451785785,10.369121303707784,10.097094376816392,10.188067436218262,23406000
2018-08-13 00:00:00-04:00,10.234445998034689,10.362878304901995,10.190742694222317,10.359310150146484,15822000
2018-08-14 00:00:00-04:00,10.483193060522705,10.536156626774714,10.339562368368723,10.352129936218262,10944000
2018-08-15 00:00:00-04:00,10.2228603819693,10.24620026735533,10.030755566607874,10.121421813964844,17225000
2018-08-16 00:00:00-04:00,10.181569718240826,10.233635234165787,10.037041831893788,10.075642585754395,14820000
2018-08-17 00:00:00-04:00,9.958047347205756,10.149254186872847,9.727341697761188,10.090006828308105,28164000
2018-08-20 00:00:00-04:00,10.127707155894887,10.133093745098678,9.931113771981925,9.95804500579834,12428000
2018-08-21 00:00:00-04:00,9.96881714787398,10.21837496610502,9.958045680938652,10.169899940490723,14536000
2018-08-22 00:00:00-04:00,10.14566133907196,10.297370189800379,10.072948377334022,10.234532356262207,11583000
2018-08-23 00:00:00-04:00,10.21029412977601,10.30006319467794,10.17887521389071,10.227350234985352,7663000
2018-08-24 00:00:00-04:00,10.304553339288455,10.393424367827583,10.263259289046328,10.362902641296387,8538000
2018-08-27 00:00:00-04:00,10.440101976546293,10.62412777943669,10.40060403523704,10.546029090881348,11064000
2018-08-28 00:00:00-04:00,10.571164794274686,10.61963981544577,10.407785575312232,10.535257339477539,8242000
2018-08-29 00:00:00-04:00,10.541541331957616,10.568471709564841,10.432920915196652,10.478703498840332,10378000
2018-08-30 00:00:00-04:00,10.450873691940203,10.550517017649737,10.42304526777433,10.480497360229492,11006000
2018-08-31 00:00:00-04:00,10.477807646570009,10.549622572654952,10.414969800271045,10.432025909423828,8534000
2018-09-04 00:00:00-04:00,10.529871209777063,10.642082117926101,10.36379954513321,10.609766006469727,16948000
2018-09-05 00:00:00-04:00,10.544233091128081,10.709407533642377,10.49126953775555,10.667216300964355,15666000
2018-09-06 00:00:00-04:00,10.480498513179885,10.631310165452696,9.526257240464831,9.630388259887695,36926000
2018-09-07 00:00:00-04:00,9.572936564971261,9.675273200491798,9.326072910355734,9.352106094360352,21201000
2018-09-10 00:00:00-04:00,9.435587381627476,9.512788857686031,9.291060410656671,9.487653732299805,16801000
2018-09-11 00:00:00-04:00,9.433794056775094,9.543311655692559,9.394296116862527,9.481371879577637,17906000
2018-09-12 00:00:00-04:00,9.145638323850713,9.271314858966823,9.003803731747379,9.237202644348145,22369000
2018-09-13 00:00:00-04:00,9.380831190856624,9.65013752558147,9.308119088312795,9.350310325622559,13972000
2018-09-14 00:00:00-04:00,9.380830882907146,9.484064703397367,9.322481592747824,9.378137588500977,13864000
2018-09-17 00:00:00-04:00,9.386221411750554,9.447264021939752,9.239000193198661,9.270419120788574,14940000
2018-09-18 00:00:00-04:00,9.309019019454775,9.393401518884508,9.243487874827332,9.299144744873047,14742000
2018-09-19 00:00:00-04:00,9.317993940571773,9.337743341260518,9.150126174970671,9.196805953979492,16475000
2018-09-20 00:00:00-04:00,9.275803257150422,9.39160466136561,9.250668121730154,9.328766822814941,23791000
2018-09-21 00:00:00-04:00,9.400578777860298,9.466109890585667,9.294651679909586,9.382624626159668,31953000
2018-09-24 00:00:00-04:00,9.285676537446886,9.437385384060063,9.261439454925876,9.3700590133667,11266000
2018-09-25 00:00:00-04:00,9.35569904442612,9.371857104348061,9.162696095340486,9.188729286193848,12608000
2018-09-26 00:00:00-04:00,9.102550269193324,9.242588766539715,9.019064973679741,9.028939247131348,14906000
2018-09-27 00:00:00-04:00,9.09447069431719,9.15641134431957,9.045995663563586,9.058563232421875,12289000
2018-09-28 00:00:00-04:00,9.045098086144485,9.195011711804886,8.939170949624929,9.130377769470215,27778000
2018-10-01 00:00:00-04:00,9.197704259288631,9.215657559966102,9.023552705380203,9.045097351074219,14006000
2018-10-02 00:00:00-04:00,9.039710691044702,9.231816400232523,9.033426907441436,9.063948631286621,12791000
2018-10-03 00:00:00-04:00,9.120502693621143,9.243485927205285,8.988542381707923,9.22912311553955,12795000
2018-10-04 00:00:00-04:00,9.145639498108366,9.155514628514128,8.877231142205776,9.098062515258789,30397000
2018-10-05 00:00:00-04:00,9.106138815906581,9.132171997572692,8.845809567549109,8.917624473571777,14723000
2018-10-08 00:00:00-04:00,8.88889847081173,8.944554464116742,8.737188782088573,8.906851768493652,12031000
2018-10-09 00:00:00-04:00,8.993030467137924,9.085492828279946,8.774892440134925,8.900568962097168,23447000
2018-10-10 00:00:00-04:00,8.764122296376469,8.783871701392789,8.414921927546569,8.424797058105469,35765000
2018-10-11 00:00:00-04:00,8.449032412634956,8.61600213029266,8.194986919232383,8.238076210021973,21298000
2018-10-12 00:00:00-04:00,8.446342053267076,8.520849424121991,8.227305912635083,8.36555004119873,14820000
2018-10-15 00:00:00-04:00,8.354773511698166,8.395169497404938,8.174338223021401,8.177031517028809,15645000
2018-10-16 00:00:00-04:00,8.227304433786003,8.361059998069932,8.159978054531397,8.344901084899902,16244000
2018-10-17 00:00:00-04:00,8.705773110870892,8.70756835569747,8.367345062168628,8.422103881835938,19378000
2018-10-18 00:00:00-04:00,8.37452586055329,8.397864896510193,8.177034400359968,8.19947624206543,15844000
2018-10-19 00:00:00-04:00,8.223714259200229,8.332333835607335,8.089958689800783,8.151899337768555,19615000
2018-10-22 00:00:00-04:00,8.178829695998516,8.220122890458558,7.997497148314922,8.104321479797363,19961000
2018-10-23 00:00:00-04:00,7.887082327159079,8.15279739330669,7.81167605241877,8.123173713684082,14121000
2018-10-24 00:00:00-04:00,8.008268235563396,8.039688011196391,7.710236241018617,7.72011137008667,23126000
2018-10-25 00:00:00-04:00,7.858353750768978,8.04058432008908,7.809878729385953,7.992109298706055,16192000
2018-10-26 00:00:00-04:00,7.809879232333583,7.994803108111984,7.720111017217889,7.828730583190918,26856000
2018-10-29 00:00:00-04:00,7.9597940253058175,7.993009048875978,7.5935375644376775,7.642012596130371,21132000
2018-10-30 00:00:00-04:00,7.944532930616882,8.301812262947166,7.811674566710034,8.22281551361084,28996000
2018-10-31 00:00:00-04:00,8.32246112903477,8.326051618951926,8.082778376982702,8.217432022094727,16878000
2018-11-01 00:00:00-04:00,8.254233336377197,8.57201467990676,8.196781240495438,8.520846366882324,29514000
2018-11-02 00:00:00-04:00,8.537007221088484,8.616901172195542,8.310790130612608,8.374526023864746,15788000
2018-11-05 00:00:00-05:00,8.373624082231462,8.439155189670263,8.192291616409245,8.304502487182617,24690000
2018-11-06 00:00:00-05:00,8.334128803876428,8.547778294519881,8.272188164325236,8.532517433166504,15856000
2018-11-07 00:00:00-05:00,8.62138870036787,8.724622531876793,8.436464826595229,8.663579940795898,22559000
2018-11-08 00:00:00-05:00,8.591765265230904,8.74975790864979,8.5576530518368,8.712055206298828,14305000
2018-11-09 00:00:00-05:00,8.617797458836803,8.683328583316541,8.475064837958378,8.553163528442383,16490000
2018-11-12 00:00:00-05:00,8.41492088143347,8.532518390359261,8.226406503117698,8.284756660461426,19598000
2018-11-13 00:00:00-05:00,8.32425359021056,8.567526750824786,8.32425359021056,8.386194229125977,24765000
2018-11-14 00:00:00-05:00,8.458010054621777,8.541495347065535,8.268598484779403,8.287449836730957,20937000
2018-11-15 00:00:00-05:00,8.26029748789289,8.602402740739489,8.21414078617457,8.547195434570312,20268000
2018-11-16 00:00:00-05:00,8.379761708306408,8.840426717477587,8.310978503639454,8.7698335647583,30263000
2018-11-19 00:00:00-05:00,8.698335951157038,8.770739052607778,8.334509632720977,8.356230735778809,25019000
2018-11-20 00:00:00-05:00,8.177939471701503,8.653084998857274,8.167983461267859,8.55081558227539,16254000
2018-11-21 00:00:00-05:00,8.653989346853034,8.724582501411478,8.489271986216666,8.574345588684082,11924000
2018-11-23 00:00:00-05:00,8.52275850057413,8.673899961411658,8.416869196357794,8.535429000854492,6933000
2018-11-26 00:00:00-05:00,8.667564859615476,8.694716671920752,8.518233344388914,8.672995567321777,13115000
2018-11-27 00:00:00-05:00,8.613263596085199,8.739064067787378,8.580681936785256,8.71824836730957,11601000
2018-11-28 00:00:00-05:00,8.798797151142033,8.949938633829026,8.659420764796273,8.935458183288574,13585000
2018-11-29 00:00:00-05:00,8.87844001999517,8.922786772873021,8.742683544325677,8.750828742980957,10417000
2018-11-30 00:00:00-05:00,8.730920495123412,8.930934064339379,8.688383680521948,8.920073509216309,14997000
2018-12-03 00:00:00-05:00,9.092025365321971,9.198820041918713,9.016907792673901,9.154473304748535,23119000
2018-12-04 00:00:00-05:00,8.978898529048253,9.04044194739891,8.663945096844895,8.681140899658203,26429000
2018-12-06 00:00:00-05:00,8.526377117356175,8.653082964258186,8.457594781776251,8.648557662963867,21944000
2018-12-07 00:00:00-05:00,8.635886003490786,8.68928334322632,8.290160971726868,8.343558311462402,11915000
2018-12-10 00:00:00-05:00,8.346273800754824,8.457593782729154,8.252149616422475,8.351703643798828,11568000
2018-12-11 00:00:00-05:00,8.531807600787241,8.634982396125407,8.296497118321048,8.392431259155273,16828000
2018-12-12 00:00:00-05:00,8.587920752712344,8.587920752712344,8.308263512326894,8.465740203857422,21076000
2018-12-13 00:00:00-05:00,8.503755236900885,8.550817355451176,8.330892621286036,8.387909889221191,11055000
2018-12-14 00:00:00-05:00,8.247628422467688,8.321841493033105,8.09829687548892,8.101012229919434,19001000
2018-12-17 00:00:00-05:00,8.094676334868204,8.256678372160566,7.991501505843165,8.049424171447754,20654000
2018-12-18 00:00:00-05:00,8.15712330729236,8.428635420284191,8.114586498778673,8.147168159484863,23402000
2018-12-19 00:00:00-05:00,8.112775625333287,8.327270454967032,7.813208051485558,7.868415355682373,25043000
2018-12-20 00:00:00-05:00,7.872943448017146,7.977927385896665,7.677454299899466,7.774293899536133,21401000
2018-12-21 00:00:00-05:00,7.85755502713735,8.0304176005756,7.657541503656424,7.753475666046143,42730000
2018-12-24 00:00:00-05:00,7.654825687112691,7.7009823857071575,7.34349216522459,7.351637363433838,17002000
2018-12-26 00:00:00-05:00,7.425851948950282,7.791488306232142,7.2991460583977075,7.787867546081543,16640000
2018-12-27 00:00:00-05:00,7.668402721579908,8.001457433943747,7.664782824349571,7.991502285003662,15210000
2018-12-28 00:00:00-05:00,7.9915036191623665,8.176132218545817,7.9643526591754314,8.021369934082031,12568000
2018-12-31 00:00:00-05:00,8.146260434075797,8.18608187286068,7.994213606631801,8.099198341369629,10446000
2019-01-02 00:00:00-05:00,7.921812669753051,8.298308650465904,7.921812669753051,8.227715492248535,12250000
2019-01-03 00:00:00-05:00,8.00145389058585,8.145355530682894,7.755283725670434,7.766144275665283,18684000
2019-01-04 00:00:00-05:00,7.896471123588645,8.270251724646357,7.892850364338939,8.263011932373047,16922000
2019-01-07 00:00:00-05:00,8.260297070071426,8.454880740356646,8.204184361050192,8.380667686462402,13335000
2019-01-08 00:00:00-05:00,8.461215718563933,8.461215718563933,8.087434244173364,8.247626304626465,18470000
2019-01-09 00:00:00-05:00,8.32365085548434,8.553531571549843,8.32365085548434,8.460311889648438,14719000
2019-01-10 00:00:00-05:00,8.375237563688078,8.499228085089648,8.32727091277881,8.481127738952637,11310000
2019-01-11 00:00:00-05:00,8.42139446530424,8.596971520373994,8.41686916334856,8.510087966918945,7933000
2019-01-14 00:00:00-05:00,8.400579164583958,8.463932538359538,8.30464499281815,8.365283012390137,8992000
2019-01-15 00:00:00-05:00,8.436782778173404,8.488370205044847,8.30917231998411,8.373430252075195,7644000
2019-01-16 00:00:00-05:00,8.319124130084473,8.416868224710246,8.217759276430082,8.232239723205566,11345000
2019-01-17 00:00:00-05:00,8.187894241447795,8.417774066727187,8.1390221865897,8.409628868103027,18532000
2019-01-18 00:00:00-05:00,8.512803730538051,8.788841121331977,8.4729822797693,8.663945198059082,15164000
2019-01-22 00:00:00-05:00,8.614166374534468,8.614166374534468,8.378856740527496,8.435873985290527,15485000
2019-01-23 00:00:00-05:00,8.507372724966054,8.55353028765297,8.241291353510778,8.312789916992188,13617000
2019-01-24 00:00:00-05:00,8.572537034623302,8.923692053306679,8.507373713766672,8.895636558532715,18437000
2019-01-25 00:00:00-05:00,9.061257146444019,9.26127065570269,9.057637250192565,9.176197052001953,18420000
2019-01-28 00:00:00-05:00,8.969849825603237,9.301999099044819,8.92821755914466,9.202445030212402,16829000
2019-01-29 00:00:00-05:00,9.267603080578798,9.270318433496184,9.082070075996592,9.139992713928223,18397000
2019-01-30 00:00:00-05:00,9.410602194988048,9.626906964293964,9.219639288862336,9.591609954833984,24939000
2019-01-31 00:00:00-05:00,9.540926837969396,9.833254573260797,9.472143638344836,9.64500617980957,22171000
2019-02-01 00:00:00-05:00,9.678495532608128,9.745467937083493,9.606996962590724,9.680305480957031,14430000
2019-02-04 00:00:00-05:00,9.683926338765792,9.7110772929204,9.57170176197702,9.686641693115234,14993000
2019-02-05 00:00:00-05:00,9.68211516238741,9.725557374016217,9.584371049335752,9.66401481628418,9641000
2019-02-06 00:00:00-05:00,9.683022944002179,9.877605812143912,9.682117538073937,9.758140563964844,19930000
2019-02-07 00:00:00-05:00,9.649535906861706,9.696598026809246,9.484818487045317,9.546361923217773,14768000
2019-02-08 00:00:00-05:00,9.394312084928519,9.558124047846826,9.362635833879464,9.557219505310059,8899000
2019-02-11 00:00:00-05:00,9.609710622776664,9.64772212074295,9.525541566040143,9.559028625488281,10462000
2019-02-12 00:00:00-05:00,9.666730304493523,9.742754182687326,9.62962420275274,9.702027320861816,7570000
2019-02-13 00:00:00-05:00,9.730987219450423,9.819681591011943,9.712886873346195,9.763568878173828,10758000
2019-02-14 00:00:00-05:00,9.728934485483219,9.88751364163337,9.707061318602753,9.764477729797363,10136000
2019-02-15 00:00:00-05:00,9.866556644205325,9.866556644205325,9.690661224478427,9.860177040100098,14017000
2019-02-19 00:00:00-05:00,9.888427431659952,10.052474478893972,9.851972435701763,9.866554260253906,62959000
2019-02-20 00:00:00-05:00,9.911209946754942,10.32770840678139,9.894805505312997,10.286696434020996,30224000
2019-02-21 00:00:00-05:00,10.455302431164545,10.455302431164545,10.178244301084847,10.29763412475586,26048000
2019-02-22 00:00:00-05:00,10.379660399843669,10.531860013110052,10.30492777530918,10.434343338012695,40376000
2019-02-25 00:00:00-05:00,10.620264529246777,10.704111129088197,10.542797533659947,10.550088882446289,16118000
2019-02-26 00:00:00-05:00,10.556463223210088,10.622081852945913,10.543704021062693,10.582893371582031,14479000
2019-02-27 00:00:00-05:00,10.529123677255805,10.55099597746634,10.27120436588783,10.47170639038086,20969000
2019-02-28 00:00:00-05:00,10.406089478740983,10.541884631036915,10.362343132747313,10.525479316711426,16040000
2019-03-01 00:00:00-05:00,10.630286341652006,10.7205125200163,10.49904905417271,10.551908493041992,12738000
2019-03-04 00:00:00-05:00,10.657628594458913,10.73144946247719,10.50725162551618,10.636666297912598,13669000
2019-03-05 00:00:00-05:00,10.561935088435686,10.649427786827333,10.50269603729248,10.50269603729248,14452000
2019-03-06 00:00:00-05:00,10.520011471492737,10.548264247553465,10.406089492047958,10.435253143310547,17150000
2019-03-07 00:00:00-05:00,10.485378254500008,10.53914943840753,10.324976447062168,10.447100639343262,17162000
2019-03-08 00:00:00-05:00,10.301282383730483,10.41884961261338,10.244776826649362,10.38512897491455,14046000
2019-03-11 00:00:00-04:00,10.46441746856614,10.692261423206377,10.453480882257706,10.656717300415039,14462000
2019-03-12 00:00:00-04:00,10.70228515068959,10.738740144869551,10.58745144098712,10.633020401000977,14073000
2019-03-13 00:00:00-04:00,10.698641355060102,10.774284848048556,10.587452869031745,10.65216064453125,16160000
2019-03-14 00:00:00-04:00,10.645778966042123,10.810738608766702,10.621172302755406,10.680411338806152,14490000
2019-03-15 00:00:00-04:00,10.762437014796067,10.965673432188666,10.739652967080058,10.901877403259277,29498000
2019-03-18 00:00:00-04:00,10.9264831858412,11.089619340172607,10.878179865150887,10.92557144165039,17755000
2019-03-19 00:00:00-04:00,10.935597244165113,11.026735166731005,10.915547561758906,10.951090812683105,12561000
2019-03-20 00:00:00-04:00,10.966585002142166,11.016710949307162,10.849017788082998,10.930130004882812,13018000
2019-03-21 00:00:00-04:00,10.94835670939363,11.363033484689982,10.934686629092603,11.282832145690918,14845000
2019-03-22 00:00:00-04:00,11.205365335564693,11.294679773028916,10.965673059327505,10.98481273651123,15930000
2019-03-25 00:00:00-04:00,10.959293376609391,11.027647255245395,10.82532172139153,10.881826400756836,8724000
2019-03-26 00:00:00-04:00,10.992105513224299,11.050433693813336,10.868158672695008,10.940156936645508,10799000
2019-03-27 00:00:00-04:00,10.952003168344708,11.014888321042596,10.635755654522802,10.763348579406738,14743000
2019-03-28 00:00:00-04:00,10.805269891905104,10.852661468451666,10.611146603071424,10.70592975616455,8085000
2019-03-29 00:00:00-04:00,10.822587326170673,10.90005430179791,10.765170902672875,10.88273811340332,12196000
2019-04-01 00:00:00-04:00,10.925574120096739,11.142481505972277,10.882739515739072,11.133367538452148,12399000
2019-04-02 00:00:00-04:00,11.184402833094419,11.199895531564469,11.048607701337694,11.114226341247559,8943000
2019-04-03 00:00:00-04:00,11.237262274005236,11.319286225796683,11.180756730476798,11.307437896728516,19609000
2019-04-04 00:00:00-04:00,11.301971583459583,11.41589356114888,11.219036745270552,11.300148963928223,8981000
2019-04-05 00:00:00-04:00,11.353007936264214,11.437766259626235,11.283743182009962,11.332046508789062,11457000
2019-04-08 00:00:00-04:00,11.30105967448205,11.383083636288331,11.227238804180956,11.366679191589355,9265000
2019-04-09 00:00:00-04:00,11.144301525773676,11.260957849180205,11.046784877356608,11.130631446838379,15533000
2019-04-10 00:00:00-04:00,11.10875958559189,11.266427902680634,11.096000380200264,11.2409086227417,10605000
2019-04-11 00:00:00-04:00,11.314732394458115,11.335693825775946,11.140659601761156,11.201722145080566,10372000
2019-04-12 00:00:00-04:00,11.316551478799413,11.346626868826709,11.129719536786087,11.249110221862793,12992000
2019-04-15 00:00:00-04:00,11.257313728268837,11.263693330846806,11.04678597404017,11.141569137573242,13226000
2019-04-16 00:00:00-04:00,11.19169434956014,11.347540046196844,11.179846888552735,11.332958221435547,19425000
2019-04-17 00:00:00-04:00,11.437765642865154,11.468751910254134,11.159795765687115,11.275540351867676,15038000
2019-04-18 00:00:00-04:00,11.336604443801571,11.35392063381896,11.23088468408841,11.31928825378418,10805000
2019-04-22 00:00:00-04:00,11.27918706962024,11.27918706962024,11.186226524115526,11.216301918029785,6488000
2019-04-23 00:00:00-04:00,11.235442011642972,11.28556796362085,11.171645977602601,11.224505424499512,12089000
2019-04-24 00:00:00-04:00,11.25731559323003,11.612751646207276,11.211746623342849,11.45052719116211,11874000
2019-04-25 00:00:00-04:00,11.58540834323095,11.6847484869175,11.295591003086157,11.429563522338867,13057000
2019-04-26 00:00:00-04:00,11.327490260886549,11.472399381474832,11.235441453726077,11.464197158813477,11968000
2019-04-29 00:00:00-04:00,11.447790962197029,11.524347062500492,11.368501367320906,11.48789119720459,12207000
2019-04-30 00:00:00-04:00,11.487893966742275,11.631891366584908,11.456907690588423,11.618221282958984,11199000
2019-05-01 00:00:00-04:00,11.704801031266475,11.747635635885125,11.478779676493719,11.479690551757812,8257000
2019-05-02 00:00:00-04:00,11.488803951803781,11.750368550382603,11.451437208082917,11.68110466003418,14766000
2019-05-03 00:00:00-04:00,11.7130025325182,11.75948237364012,11.629155948132569,11.70844554901123,12573000
2019-05-06 00:00:00-04:00,11.400399642054582,11.447791225040577,11.28921203164732,11.356654167175293,14587000
2019-05-07 00:00:00-04:00,10.8954966829929,10.914635489708962,10.427049617682178,10.65945053100586,45894000
2019-05-08 00:00:00-04:00,10.594738916772496,10.665826259825506,10.409729649883223,10.439805030822754,23112000
2019-05-09 00:00:00-04:00,10.327711380773358,10.453481698563822,10.125385822001414,10.401533126831055,27511000
2019-05-10 00:00:00-04:00,10.397887705720587,10.587453185192539,10.19556215048568,10.391508102416992,21329000
2019-05-13 00:00:00-04:00,10.04427223924735,10.156371590639512,9.861085515488345,9.918502807617188,19651000
2019-05-14 00:00:00-04:00,10.02862603981555,10.177293167153442,9.936855689496204,10.055238723754883,19998000
2019-05-15 00:00:00-04:00,9.98365828102573,10.201153613499674,9.94236170998874,10.126819610595703,24611000
2019-05-16 00:00:00-04:00,10.069924154289652,10.096537719810442,9.949705824169213,9.982743263244629,19568000
2019-05-17 00:00:00-04:00,9.885467648347223,10.124069054680486,9.851512136046924,9.966224670410156,17475000
2019-05-20 00:00:00-04:00,9.692747752485252,9.844168219046718,9.64043870491185,9.691829681396484,21525000
2019-05-21 00:00:00-04:00,9.822145470544331,9.947870477097538,9.7836022295252,9.803791046142578,17380000
2019-05-22 00:00:00-04:00,9.702843422827062,9.786353770496161,9.646863833978196,9.71752643585205,12558000
2019-05-23 00:00:00-04:00,9.56885885478345,9.628508975391236,9.445887204087564,9.592719078063965,14232000
2019-05-24 00:00:00-04:00,9.650533468976457,9.70284251849046,9.5128788125181,9.526643753051758,10072000
2019-05-28 00:00:00-04:00,9.657876576631125,9.657876576631125,9.397249368765971,9.428451538085938,25743000
2019-05-29 00:00:00-04:00,9.353198740248205,9.518384144823901,9.352280669170602,9.488100051879883,18971000
2019-05-30 00:00:00-04:00,9.531233843024763,9.682654338791346,9.506456421092285,9.589966773986816,17778000
2019-05-31 00:00:00-04:00,9.443134381624109,9.64135724728317,9.42110942428709,9.458735466003418,13731000
2019-06-03 00:00:00-04:00,9.522057608963909,9.615662370856379,9.299973629320457,9.340353012084961,19234000
2019-06-04 00:00:00-04:00,9.460570662510609,9.677147949393449,9.35962396318898,9.665217399597168,20742000
2019-06-05 00:00:00-04:00,9.772589293250993,9.875371264499034,9.585378023924799,9.756070137023926,16587000
2019-06-06 00:00:00-04:00,9.776258123894369,9.942361602155836,9.7147727411502,9.89831256866455,19391000
2019-06-07 00:00:00-04:00,9.970811818069585,10.084607139617383,9.901066411338618,10.041475296020508,10967000
2019-06-10 00:00:00-04:00,10.172707208065757,10.47738348508146,10.064418551605021,10.412226676940918,15164000
2019-06-11 00:00:00-04:00,10.566399525416601,10.658169890963276,10.407637090584457,10.482889175415039,14980000
2019-06-12 00:00:00-04:00,10.313115297824304,10.447099449856056,10.086443574886985,10.103879928588867,17715000
2019-06-13 00:00:00-04:00,10.16811577244637,10.24612030624529,10.086440704761142,10.180963516235352,10745000
2019-06-14 00:00:00-04:00,9.990083743507213,10.131409828557977,9.882713166830808,10.067171096801758,11909000
2019-06-17 00:00:00-04:00,10.070840968098812,10.086442051979772,9.901066062970585,9.90473747253418,16354000
2019-06-18 00:00:00-04:00,10.052486066644674,10.360832792408237,9.986411205646613,10.242449760437012,19698000
2019-06-19 00:00:00-04:00,10.2736504041374,10.370926547402497,10.202987817814321,10.302099227905273,11875000
2019-06-20 00:00:00-04:00,10.48564149485049,10.53886862120448,10.367258442573224,10.442509651184082,9064000
2019-06-21 00:00:00-04:00,10.478300580578907,10.553551790301134,10.370929130250802,10.455357551574707,27022000
2019-06-24 00:00:00-04:00,10.492063460853986,10.514088414294763,10.38652817373607,10.390198707580566,13367000
2019-06-25 00:00:00-04:00,10.437001554557252,10.57740953340592,10.3663380920297,10.376433372497559,15778000
2019-06-26 00:00:00-04:00,10.550798430983823,10.746268836816338,10.448016461846246,10.723326683044434,14166000
2019-06-27 00:00:00-04:00,10.766457071959085,10.941737763652398,10.75452652347566,10.805000305175781,8817000
2019-06-28 00:00:00-04:00,10.915126753279779,10.985789364015712,10.806838096460627,10.847216606140137,12266000
2019-07-01 00:00:00-04:00,11.181257648431544,11.32717232339854,11.02800190503035,11.170245170593262,14476000
2019-07-02 00:00:00-04:00,11.137208516283678,11.137208516283678,10.899524342950944,10.978446960449219,14478000
2019-07-03 00:00:00-04:00,11.006897730511454,11.006897730511454,10.867406893673815,10.926139831542969,11957000
2019-07-05 00:00:00-04:00,10.789399932649895,10.842626180806057,10.675605492542545,10.819684028625488,9301000
2019-07-08 00:00:00-04:00,10.726077072203333,10.825188487616527,10.710475990565522,10.769208908081055,11073000
2019-07-09 00:00:00-04:00,10.657251465801558,10.825190231461464,10.636144579990386,10.808671951293945,8642000
2019-07-10 00:00:00-04:00,10.896769505985183,11.081227403331583,10.864650145787936,10.97661018371582,10719000
2019-07-11 00:00:00-04:00,10.968352377008802,11.031673914248648,10.841710177716214,11.017908096313477,15599000
2019-07-12 00:00:00-04:00,11.043603658676592,11.293217504332759,11.043603658676592,11.280369758605957,14124000
2019-07-15 00:00:00-04:00,11.292299813921995,11.367551017768223,11.239990762101456,11.33726692199707,8546000
2019-07-16 00:00:00-04:00,11.29780564367424,11.321665866923077,11.159232909635257,11.241826057434082,9055000
2019-07-17 00:00:00-04:00,11.373976800909242,11.562105279719447,11.259264271137793,11.516220092773438,16497000
2019-07-18 00:00:00-04:00,11.51713605386607,12.282497576196109,11.51713605386607,12.243036270141602,25047000
2019-07-19 00:00:00-04:00,12.254047659210897,12.292591765878392,12.084273651445399,12.109969139099121,11715000
2019-07-22 00:00:00-04:00,12.270567343537046,12.597268504576906,12.186138933938274,12.58625602722168,17764000
2019-07-23 00:00:00-04:00,12.614706661056424,12.912040966676914,12.560562337632147,12.8634033203125,17222000
2019-07-24 00:00:00-04:00,12.836790529602615,13.091911077332744,12.826696121301119,13.090993881225586,13562000
2019-07-25 00:00:00-04:00,12.944161311465944,13.038685023189734,12.772551991756158,12.820272445678711,15872000
2019-07-26 00:00:00-04:00,12.879921146788263,12.979950649705627,12.779891643870897,12.797327995300293,10659000
2019-07-29 00:00:00-04:00,12.759704569299576,12.830367180673338,12.718407987923772,12.802836418151855,9225000
2019-07-30 00:00:00-04:00,12.676191981236116,12.923971443024909,12.664262306319674,12.84780216217041,6148000
2019-07-31 00:00:00-04:00,12.809257424621581,12.820269902202515,12.331135784131638,12.510087013244629,13312000
2019-08-01 00:00:00-04:00,12.52752184548239,13.210290996850329,12.422903758731122,12.551382064819336,28087000
2019-08-02 00:00:00-04:00,12.399966328226908,12.42566182418355,12.066841201780578,12.227438926696777,22695000
2019-08-05 00:00:00-04:00,11.939277241048401,12.018198972153154,11.488686378843928,11.605234146118164,34805000
2019-08-06 00:00:00-04:00,12.101710555835389,12.918463022967245,12.031965157466416,12.447683334350586,33435000
2019-08-07 00:00:00-04:00,12.311866126065278,12.445850270232992,12.247626517424367,12.310029983520508,14281000
2019-08-08 00:00:00-04:00,12.475217201026608,12.63122631514921,12.36509327491427,12.602777481079102,15543000
2019-08-09 00:00:00-04:00,12.512841471311214,12.596351818988097,12.299934719274376,12.488981246948242,10256000
2019-08-12 00:00:00-04:00,12.388953402847806,12.471546565563402,12.244874841354799,12.315537452697754,9419000
2019-08-13 00:00:00-04:00,12.164113552203776,12.584420318414622,12.139335260227629,12.409139633178711,19335000
2019-08-14 00:00:00-04:00,12.17197562798102,12.368536243065739,12.036321899884568,12.09907341003418,11390000
2019-08-15 00:00:00-04:00,12.118452120920132,12.281791032367458,12.082462608938714,12.184895515441895,8116000
2019-08-16 00:00:00-04:00,12.267950976495042,12.604780456609449,12.19320324227953,12.561408042907715,13367000
2019-08-19 00:00:00-04:00,12.734896304942609,13.085567463376393,12.661070890542693,12.952681541442871,17074000
2019-08-20 00:00:00-04:00,12.943451130280152,13.11601842761636,12.846554738917195,12.953601837158203,11574000
2019-08-21 00:00:00-04:00,13.06895451594538,13.173232922564443,12.954525402155657,13.094793319702148,8362000
2019-08-22 00:00:00-04:00,13.164005875064474,13.336572303442951,13.037579666424714,13.248905181884766,13334000
2019-08-23 00:00:00-04:00,13.1280170087781,13.318117939647312,12.786574238626574,12.841943740844727,18889000
2019-08-26 00:00:00-04:00,13.011742527193215,13.096641844880235,12.909309606936683,13.038503646850586,10208000
2019-08-27 00:00:00-04:00,13.14647696007342,13.189849380531943,12.975755093963656,13.14278507232666,12303000
2019-08-28 00:00:00-04:00,13.026505801571615,13.293199933447736,12.92407289415629,13.247982025146484,9966000
2019-08-29 00:00:00-04:00,13.441776346979987,13.608806296153979,13.39009872824212,13.507296562194824,11556000
2019-08-30 00:00:00-04:00,13.655868076488343,13.729693483940451,13.573736584641543,13.64848518371582,18206000
2019-09-03 00:00:00-04:00,13.792446833717644,13.878268463306462,13.603269091855683,13.835819244384766,22189000
2019-09-04 00:00:00-04:00,13.98808328389495,14.026841493218393,13.839509268086756,13.902260780334473,19825000
2019-09-05 00:00:00-04:00,14.181874858348163,14.334139876957291,13.927176929032138,13.93455982208252,25782000
2019-09-06 00:00:00-04:00,13.92071634456261,14.074826856641087,13.896723043756296,13.93271255493164,19854000
2019-09-09 00:00:00-04:00,14.025919158525587,14.096975875501633,13.706623327801717,13.889341354370117,22458000
2019-09-10 00:00:00-04:00,13.821053559713771,13.821053559713771,13.478687612151598,13.72692584991455,18858000
2019-09-11 00:00:00-04:00,13.842277963057953,13.913334680150932,13.715851746882677,13.902260780334473,27902000
2019-09-12 00:00:00-04:00,14.066521226491123,14.097897418929175,13.785984517894095,13.806286811828613,22821000
2019-09-13 00:00:00-04:00,13.803520977561076,13.994544226211632,13.639258849110313,13.871809005737305,18798000
2019-09-16 00:00:00-04:00,13.727851018634318,14.01946170662188,13.663253112767487,13.952095985412598,11922000
2019-09-17 00:00:00-04:00,14.138502349660365,14.375666676327514,13.857042425147663,14.082210540771484,21344000
2019-09-18 00:00:00-04:00,14.081288922052327,14.588839330466014,13.999158298602019,14.578688621520996,27183000
2019-09-19 00:00:00-04:00,14.63682330417681,14.700498001708176,14.438417199158826,14.508551597595215,13670000
2019-09-20 00:00:00-04:00,14.581454701633627,14.630364497237531,14.24554935397921,14.349827766418457,30943000
2019-09-23 00:00:00-04:00,14.322144016925503,14.638670273033224,14.322144016925503,14.54177474975586,10401000
2019-09-24 00:00:00-04:00,14.701419290438293,14.81584927573,14.352594585766804,14.442107200622559,17247000
2019-09-25 00:00:00-04:00,14.428269879657973,14.850920992548367,14.411658587667572,14.819544792175293,11989000
2019-09-26 00:00:00-04:00,14.846303566866187,15.012411180103136,14.759559633820897,14.945045471191406,12684000
2019-09-27 00:00:00-04:00,14.779861015435943,14.886907237719429,14.532545114126416,14.624826431274414,14591000
2019-09-30 00:00:00-04:00,14.715262447844946,14.792779736356701,14.54823254104072,14.714339256286621,11151000
2019-10-01 00:00:00-04:00,14.838002576421955,14.987498053817914,14.555619394453284,14.607297897338867,9178000
2019-10-02 00:00:00-04:00,14.42180970392416,14.53439333674126,14.177262451592453,14.308302879333496,15699000
2019-10-03 00:00:00-04:00,14.347059894350414,14.551925724540348,14.18279865757456,14.484560012817383,12562000
2019-10-04 00:00:00-04:00,14.547311716270325,14.88414027928616,14.53162361770392,14.86752986907959,11655000
2019-10-07 00:00:00-04:00,14.829694326449642,15.01241236338484,14.783554101418872,14.861992835998535,9087000
2019-10-08 00:00:00-04:00,14.650667528955367,14.675583143762756,14.24185818310647,14.259391784667969,14765000
2019-10-09 00:00:00-04:00,14.50393949462531,14.655281331992484,14.406120775334731,14.532546997070312,10120000
2019-10-10 00:00:00-04:00,14.582378653618324,14.69680777976124,14.451338237504038,14.525163650512695,8733000
2019-10-11 00:00:00-04:00,14.854608663551804,14.994877461856504,14.666353263728999,14.785396575927734,11747000
2019-10-14 00:00:00-04:00,14.730030329281837,14.852764667455734,14.609141494529355,14.672815322875977,11244000
2019-10-15 00:00:00-04:00,14.772479881625259,15.091775742584012,14.726339654843198,15.00133991241455,8709000
2019-10-16 00:00:00-04:00,14.838922535672728,14.946892843447776,14.680197804992536,14.7318754196167,12750000
2019-10-17 00:00:00-04:00,15.015178914601167,15.49873593726541,14.861068402433121,14.904439926147461,16117000
2019-10-18 00:00:00-04:00,14.823234112916323,14.951505835022271,14.610063077182852,14.736489295959473,12196000
2019-10-21 00:00:00-04:00,14.793700641353418,15.160982995187622,14.753096937943562,15.134220123291016,17764000
2019-10-22 00:00:00-04:00,15.12314725634814,15.21266074708803,14.981032092830965,15.025327682495117,11839000
2019-10-23 00:00:00-04:00,14.870296200923843,14.96996040646118,14.605446710939056,14.646973609924316,11101000
2019-10-24 00:00:00-04:00,15.134227817229917,15.591023893140413,15.084396574121977,15.57164478302002,18124000
2019-10-25 00:00:00-04:00,15.47474705557573,15.714680145941431,15.392617297812066,15.682381629943848,11017000
2019-10-28 00:00:00-04:00,15.782039717056792,16.17239221256535,15.782039717056792,16.12902069091797,15862000
2019-10-29 00:00:00-04:00,16.06626937288462,16.17885298650265,15.705446662241654,15.713752746582031,16936000
2019-10-30 00:00:00-04:00,15.855863707739488,16.051501093822697,15.615008420924132,15.961065292358398,17003000
2019-10-31 00:00:00-04:00,15.472895103248826,15.71098169701634,14.802006839970216,15.599320411682129,25956000
2019-11-01 00:00:00-04:00,15.699907482617999,15.97767456745571,15.620544704034591,15.911232948303223,14623000
2019-11-04 00:00:00-05:00,16.129025714218578,16.18900766198935,15.914931453490318,16.05889129638672,10215000
2019-11-05 00:00:00-05:00,16.072729291955245,16.178853205904314,15.819876873625528,15.87063217163086,17155000
2019-11-06 00:00:00-05:00,15.800503757905146,15.942617238067111,15.53380952455537,15.92047119140625,13980000
2019-11-07 00:00:00-05:00,16.01828124210964,16.057039445060553,15.828181233330918,15.8678617477417,9605000
2019-11-08 00:00:00-05:00,15.718365715295532,16.082877623214895,15.718365715295532,16.076417922973633,6489000
2019-11-11 00:00:00-05:00,16.022905742571194,16.18070734169216,15.822653149422154,16.096731185913086,6310000
2019-11-12 00:00:00-05:00,16.161321487496313,16.26283032966345,16.024743682222272,16.095800399780273,8889000
2019-11-13 00:00:00-05:00,16.07549867793823,16.366187004379984,15.977679084099865,16.27390480041504,9285000
2019-11-14 00:00:00-05:00,16.238836871469363,16.331119071304943,16.08749504941549,16.296974182128906,8240000
2019-11-15 00:00:00-05:00,16.582578351671508,16.68643521950146,16.423086844880046,16.492631912231445,15701000
2019-11-18 00:00:00-05:00,16.467595296570863,16.521376386333756,16.387848665542215,16.412885665893555,10646000
2019-11-19 00:00:00-05:00,16.416597103284975,16.50561500825103,16.088339267639135,16.319232940673828,12845000
2019-11-20 00:00:00-05:00,16.332212738991878,16.42679480361768,16.028990177785353,16.104101181030273,11264000
2019-11-21 00:00:00-05:00,15.379894208935491,15.446658956185713,14.801269936732435,14.9839448928833,34981000
2019-11-22 00:00:00-05:00,14.880088111367941,15.082234106150064,14.636212606717503,14.69648551940918,22747000
2019-11-25 00:00:00-05:00,14.868035640811543,15.227821405167328,14.864326782722753,15.147146224975586,18940000
2019-11-26 00:00:00-05:00,15.193509871800943,15.227819900869596,14.939434546997743,15.034016609191895,20349000
2019-11-27 00:00:00-05:00,15.14250848468821,15.416983400160461,15.034944540502243,15.360420227050781,13778000
2019-11-29 00:00:00-05:00,15.308492729391958,15.353000789038296,15.178672102088129,15.194436073303223,7054000
2019-12-02 00:00:00-05:00,15.202783182736779,15.22967372821059,14.872670078221491,14.934799194335938,11506000
2019-12-03 00:00:00-05:00,14.65104800200502,14.744703278663843,14.424790910820477,14.50082778930664,19753000
2019-12-04 00:00:00-05:00,14.791997435984817,14.909762962340478,14.651051105075869,14.860615730285645,11448000
2019-12-05 00:00:00-05:00,14.881943043997751,15.098928026037823,14.843924156661721,14.975598335266113,13206000
2019-12-06 00:00:00-05:00,15.160129409374324,15.348366774230382,15.100782375852338,15.104491233825684,9893000
2019-12-09 00:00:00-05:00,15.145291822175807,15.167546738097203,14.894925344547177,14.918107032775879,7668000
2019-12-10 00:00:00-05:00,15.048854790784992,15.237092155188975,14.969108154276382,15.056272506713867,11899000
2019-12-11 00:00:00-05:00,15.094290555007325,15.525476662878033,15.085017526288135,15.49673080444336,9341000
2019-12-12 00:00:00-05:00,15.483747815539598,15.941824436026808,15.457784044434215,15.899169921875,16270000
2019-12-13 00:00:00-05:00,15.851878515422804,16.050317431191118,15.774913971860762,15.87877082824707,11528000
2019-12-16 00:00:00-05:00,16.203319235138924,16.227427693182243,15.952024242536123,15.954806327819824,13060000
2019-12-17 00:00:00-05:00,15.95573384840366,16.331281733353382,15.95573384840366,16.31644630432129,13334000
2019-12-18 00:00:00-05:00,16.310882438833954,16.45646525866376,16.251535415649414,16.251535415649414,15163000
2019-12-19 00:00:00-05:00,16.292339297697225,16.340557988875343,16.028990925212923,16.270084381103516,11878000
2019-12-20 00:00:00-05:00,16.396192874263825,16.4907767031709,16.22464626973142,16.456466674804688,26951000
2019-12-23 00:00:00-05:00,16.58536167834196,16.620598485150406,16.40361524117709,16.42308807373047,9691000
2019-12-24 00:00:00-05:00,16.486147044507245,16.523239175684584,16.346128317208173,16.51582145690918,2577000
2019-12-26 00:00:00-05:00,16.559395101286718,16.579794702802538,16.425867381879744,16.575159072875977,5279000
2019-12-27 00:00:00-05:00,16.62151878714643,16.664175062595934,16.44626336238936,16.5538272857666,5539000
2019-12-30 00:00:00-05:00,16.50746990153776,16.590925401265775,16.24875891357067,16.53992462158203,7564000
2019-12-31 00:00:00-05:00,16.4490523103618,16.552907420216805,16.347977517821032,16.521379470825195,8694000
2020-01-02 00:00:00-05:00,16.763399992725155,16.941439348053066,16.69292814466586,16.929384231567383,10569000
2020-01-03 00:00:00-05:00,16.628946081756347,16.799565957764433,16.49263447425737,16.605764389038086,8334000
2020-01-06 00:00:00-05:00,16.349832646497504,16.464816098908237,16.143049201563443,16.232067108154297,12668000
2020-01-07 00:00:00-05:00,16.33313697103642,16.48428395766146,16.16251715740964,16.36095428466797,11393000
2020-01-08 00:00:00-05:00,16.366522098507026,16.56681458330119,16.275648885601278,16.382286071777344,8835000
2020-01-09 00:00:00-05:00,16.54363330347088,16.63728860440762,16.222794964645367,16.27286720275879,9169000
2020-01-10 00:00:00-05:00,16.3581701476869,16.452752175512483,15.944601710554304,16.04289436340332,8838000
2020-01-13 00:00:00-05:00,16.131920227019965,16.237630645072027,16.075357044103686,16.236703872680664,6620000
2020-01-14 00:00:00-05:00,16.311814593072754,16.526017534406048,16.141194719176234,16.4573974609375,12796000
2020-01-15 00:00:00-05:00,16.421225402829585,16.570518820831822,16.306242003851235,16.49818992614746,9228000
2020-01-16 00:00:00-05:00,16.644702240233695,16.860758627722415,16.59926387997393,16.775447845458984,11972000
2020-01-17 00:00:00-05:00,16.771747925708347,16.7745300119944,16.446272128638295,16.57330894470215,16047000
2020-01-21 00:00:00-05:00,16.473158990924823,16.773599481407985,16.465741274923843,16.580724716186523,15714000
2020-01-22 00:00:00-05:00,16.691067979669633,16.948852138606536,16.679012866687895,16.703123092651367,10846000
2020-01-23 00:00:00-05:00,16.674383433896974,16.93773186110237,16.609473983948433,16.92753028869629,10569000
2020-01-24 00:00:00-05:00,17.050853376317473,17.10834508636839,16.54548486727854,16.63543128967285,9610000
2020-01-27 00:00:00-05:00,16.20609971851826,16.248756001774904,15.749878406230037,15.792532920837402,15813000
2020-01-28 00:00:00-05:00,15.967788338306207,16.350755733905924,15.921424966279796,16.31366539001465,9381000
2020-01-29 00:00:00-05:00,16.352612474727387,16.407322107446863,15.91771749851996,15.9232816696167,10289000
2020-01-30 00:00:00-05:00,16.088336385059268,16.261738301869187,15.723915035544781,16.03455352783203,14480000
2020-01-31 00:00:00-05:00,15.891753696929962,16.01879047908549,15.323329227299004,15.368765830993652,15057000
2020-02-03 00:00:00-05:00,15.510642713492178,15.82406513647135,15.486534248689802,15.75730037689209,11815000
2020-02-04 00:00:00-05:00,16.16530222373815,16.579795837402344,16.11986561902125,16.579795837402344,17359000
2020-02-05 00:00:00-05:00,16.325721852107083,16.486140123014053,15.652513749347415,15.88248062133789,31131000
2020-02-06 00:00:00-05:00,15.896389752634965,16.0781379409286,15.777697455282881,15.925135612487793,13703000
2020-02-07 00:00:00-05:00,15.829627556205647,15.881556881698238,15.277895496100765,15.309423446655273,14928000
2020-02-10 00:00:00-05:00,15.216692772107248,15.671987371679066,15.214839227422965,15.663642883300781,16803000
2020-02-11 00:00:00-05:00,15.690527198970056,16.091113772871598,15.608927049031227,16.045677185058594,12690000
2020-02-12 00:00:00-05:00,16.134698346537327,16.362809872858538,16.120789689487587,16.317373275756836,9577000
2020-02-13 00:00:00-05:00,16.29048362559622,16.69848624968291,16.21908148616425,16.572376251220703,11580000
2020-02-14 00:00:00-05:00,16.609469185474673,16.668814445811396,16.217228744218286,16.346120834350586,8648000
2020-02-18 00:00:00-05:00,15.485604170329289,15.949244992570891,15.455002998811251,15.692387580871582,17783000
2020-02-19 00:00:00-05:00,15.96871879146586,16.210739018232825,15.856517436838383,16.040119171142578,10693000
2020-02-20 00:00:00-05:00,16.00377513258716,16.06714239827136,15.438135372317369,15.590028762817383,16644000
2020-02-21 00:00:00-05:00,15.43813278190638,15.492181218427886,14.985248510163602,15.01413631439209,19099000
2020-02-24 00:00:00-05:00,14.420547658634293,14.617169830500092,14.248153002596386,14.3254976272583,26496000
2020-02-25 00:00:00-05:00,14.4699340215833,14.536096229128876,13.704876231766866,13.736559867858887,20469000
2020-02-26 00:00:00-05:00,13.884724938469295,14.038481927988816,13.62566776150257,13.72351360321045,18793000
2020-02-27 00:00:00-05:00,13.307902055915848,13.826948586692465,13.257581673295377,13.790605545043945,35897000
2020-02-28 00:00:00-05:00,13.240808526926894,14.344131625101934,13.240808526926894,14.323631286621094,36951000
2020-03-02 00:00:00-05:00,14.397251463060316,14.816588711752974,14.137261995620289,14.792360305786133,27064000
2020-03-03 00:00:00-05:00,14.612505121311557,14.843606673809058,14.199691045146146,14.33294677734375,23974000
2020-03-04 00:00:00-05:00,14.63860274049142,14.975935935974121,14.412160510203066,14.975935935974121,14933000
2020-03-05 00:00:00-05:00,14.597600722741806,14.805405301888353,14.395386903659798,14.601327896118164,16970000
2020-03-06 00:00:00-05:00,14.16894343105187,14.550074868973747,14.116759453616453,14.507208824157715,18584000
2020-03-09 00:00:00-04:00,13.51011587832161,14.023570763826324,13.443021442096093,13.504524230957031,28156000
2020-03-10 00:00:00-04:00,13.839063835958404,14.421476804460868,13.566028430147984,14.40377140045166,24385000
2020-03-11 00:00:00-04:00,13.990023545713568,14.184782969567582,13.290196707401705,13.504524230957031,27305000
2020-03-12 00:00:00-04:00,12.602485933418084,12.952865091167489,11.671556458855564,11.681807518005371,26727000
2020-03-13 00:00:00-04:00,12.376971257443646,13.582799374224198,11.917563984675624,13.546456336975098,28043000
2020-03-16 00:00:00-04:00,11.992115350689877,13.090778986658325,11.759150183515922,12.067595481872559,27523000
2020-03-17 00:00:00-04:00,12.288447238873479,14.01891198754885,11.70789789090348,13.943431854248047,32136000
2020-03-18 00:00:00-04:00,12.32385980553557,13.337723774959816,11.868179562052061,12.3024263381958,26646000
2020-03-19 00:00:00-04:00,12.28938009417267,12.619258905900558,11.812267281720047,11.868179321289062,19548000
2020-03-20 00:00:00-04:00,12.087162927997339,12.351811693827308,10.537478734198519,10.62507438659668,26326000
2020-03-23 00:00:00-04:00,10.65303192593255,11.246627284203441,10.268173348114521,10.843131065368652,21249000
2020-03-24 00:00:00-04:00,11.340743718173712,12.724556406947425,11.182327343051822,12.7068510055542,27761000
2020-03-25 00:00:00-04:00,12.64721263375644,13.599574532997774,12.52327570457915,12.810288429260254,17030000
2020-03-26 00:00:00-04:00,13.117801618969684,14.02170666810419,12.95845389393445,13.955544471740723,18704000
2020-03-27 00:00:00-04:00,13.515705292010496,13.71419186856125,13.169053405416305,13.25478458404541,22406000
2020-03-30 00:00:00-04:00,13.238945603537182,14.031027604558766,13.232422606659062,13.933181762695312,16237000
2020-03-31 00:00:00-04:00,14.056187728312182,14.056187728312182,13.188625565684037,13.394566535949707,29072000
2020-04-01 00:00:00-04:00,12.924907194345707,13.159735944617806,12.082504898121135,12.2642183303833,16608000
2020-04-02 00:00:00-04:00,12.074118598784125,12.467363740918062,12.049890199827297,12.34156322479248,13460000
2020-04-03 00:00:00-04:00,12.190600968541032,12.392814739212229,11.700442239224252,11.922224998474121,11437000
2020-04-06 00:00:00-04:00,12.599689448042811,13.904294177005166,12.387225482925043,13.838132858276367,18460000
2020-04-07 00:00:00-04:00,14.359974138326603,14.443841748735736,13.653624224100062,13.72351360321045,14541000
2020-04-08 00:00:00-04:00,13.93970295381635,14.271445291444925,13.689964629669618,14.198760986328125,13500000
2020-04-09 00:00:00-04:00,14.178261578420877,14.711285512656973,13.837200377395183,13.989093780517578,13038000
2020-04-13 00:00:00-04:00,13.931317646697806,14.203420807489437,13.808312059562322,14.172669410705566,8683000
2020-04-14 00:00:00-04:00,14.453158294544938,15.127824467105821,14.332947657157966,15.070981979370117,12747000
2020-04-15 00:00:00-04:00,14.740172542065034,14.751354948775168,14.081347227139252,14.277969360351562,12786000
2020-04-16 00:00:00-04:00,14.742967512315738,14.979660737169105,14.372087192093275,14.597597122192383,15630000
2020-04-17 00:00:00-04:00,14.996432850925387,15.123165592498621,14.70382850495669,15.0225248336792,9981000
2020-04-20 00:00:00-04:00,14.79701825143751,14.941457323869923,14.541688220670537,14.564985275268555,6348000
2020-04-21 00:00:00-04:00,14.298467687686829,14.367425700299275,13.74121549498615,13.846515655517578,12847000
2020-04-22 00:00:00-04:00,14.379542658389862,14.850132432415203,14.098120676030748,14.786766052246094,12075000
2020-04-23 00:00:00-04:00,14.764399878392226,14.988046219103177,14.631144133674217,14.85851764678955,14045000
2020-04-24 00:00:00-04:00,15.001092051139064,15.42881573983655,14.725261744943817,15.368246078491211,14925000
2020-04-27 00:00:00-04:00,15.565805463276524,15.770814228647493,15.34215905267628,15.474483489990234,10305000
2020-04-28 00:00:00-04:00,15.691602481160212,15.913384353793772,15.464227183673486,15.494048118591309,11989000
2020-04-29 00:00:00-04:00,15.835109491528568,16.50977575336011,15.674828620471187,16.390499114990234,15189000
2020-04-30 00:00:00-04:00,16.209718839256738,16.33645160786674,15.279720748748668,15.29090404510498,12414000
2020-05-01 00:00:00-04:00,14.751354487832058,14.806334282150727,13.7645140138591,14.003070831298828,26925000
2020-05-04 00:00:00-04:00,13.948090733765797,14.245353622926837,13.748671898577886,14.164281845092773,14732000
2020-05-05 00:00:00-04:00,14.579892828633453,14.97407022841443,14.346927647214114,14.502548217773438,18689000
2020-05-06 00:00:00-04:00,15.227534329761555,15.760559084413226,14.766263420173507,15.264809608459473,24227000
2020-05-07 00:00:00-04:00,15.596554337080804,15.812746377793566,15.242448001904553,15.267608642578125,16822000
2020-05-08 00:00:00-04:00,15.54623476131263,16.06434915556473,15.439070979091316,15.981412887573242,12654000
2020-05-11 00:00:00-04:00,15.766152914172407,15.83697453159566,15.588167521732842,15.727946281433105,11458000
2020-05-12 00:00:00-04:00,15.862134121845095,15.952524734231606,15.413910010376336,15.428818702697754,9653000
2020-05-13 00:00:00-04:00,15.410180587502103,15.7121028915333,14.971273584120295,15.289037704467773,18051000
2020-05-14 00:00:00-04:00,15.147394166471885,16.49020535624039,14.806333891880536,16.47063636779785,26835000
2020-05-15 00:00:00-04:00,15.733722112944161,16.06987783833298,15.541767585215624,15.67754077911377,37099000
2020-05-18 00:00:00-04:00,16.087662180224832,16.24309887490754,15.803944491551698,16.13448143005371,14921000
2020-05-19 00:00:00-04:00,16.12512640885718,16.632635567458124,16.024935123935958,16.15415382385254,10748000
2020-05-20 00:00:00-04:00,16.433181856355276,16.874209777941655,16.38355505285191,16.65978240966797,13026000
2020-05-21 00:00:00-04:00,16.492176836034496,16.59704912704695,16.09234944057725,16.145721435546875,10018000
2020-05-22 00:00:00-04:00,16.271186685163777,16.289912594819747,15.955632336325877,16.199085235595703,6664000
2020-05-26 00:00:00-04:00,16.565208746666602,16.88544600405415,16.357335909232198,16.539926528930664,19111000
2020-05-27 00:00:00-04:00,16.678503825701416,16.75153933646417,15.753376044888254,16.548349380493164,16596000
2020-05-28 00:00:00-04:00,16.63543708137976,16.875144872355524,16.23654561464258,16.34984588623047,12720000
2020-05-29 00:00:00-04:00,16.480002507785212,16.664466639717443,16.252466085880478,16.47625732421875,17921000
2020-06-01 00:00:00-04:00,16.386365774735154,16.704729595522064,16.24122874920896,16.47625732421875,10854000
2020-06-02 00:00:00-04:00,16.41445800016888,16.625138425662325,16.193476086982194,16.600793838500977,8926000
2020-06-03 00:00:00-04:00,16.745930101518237,17.50532009141254,16.702856025792702,17.42104721069336,16598000
2020-06-04 00:00:00-04:00,17.304935090796352,17.708507540121172,17.200061047583144,17.44351577758789,10687000
2020-06-05 00:00:00-04:00,17.81150480659513,18.376132562618324,17.728169588930513,18.023122787475586,15002000
2020-06-08 00:00:00-04:00,18.129875909581784,18.171076503651463,17.675740669240035,17.966012954711914,8164000
2020-06-09 00:00:00-04:00,17.841474184600287,18.029681696499182,17.664500436376482,17.88735580444336,7760000
2020-06-10 00:00:00-04:00,18.018450502716476,18.25909599572561,17.822750791104887,18.0502872467041,7796000
2020-06-11 00:00:00-04:00,17.914509448120373,17.914509448120373,16.839563298900647,16.908855438232422,14603000
2020-06-12 00:00:00-04:00,17.43228174937038,17.63453591624511,16.861099379721917,17.293699264526367,12531000
2020-06-15 00:00:00-04:00,16.689748502334382,17.61581263877262,16.534313548189118,17.580230712890625,12708000
2020-06-16 00:00:00-04:00,18.15234825485271,18.443558167039185,17.671993170146578,18.070884704589844,14825000
2020-06-17 00:00:00-04:00,18.087740326525903,18.380821960305628,17.994103582443337,18.15515899658203,12462000
2020-06-18 00:00:00-04:00,18.19260783915109,18.19260783915109,17.982861536707816,18.1411075592041,9380000
2020-06-19 00:00:00-04:00,18.392991762255104,18.49318300640231,17.98286472035638,18.0811824798584,33310000
2020-06-22 00:00:00-04:00,17.73004598123461,18.143919989799333,17.73004598123461,17.96507453918457,11792000
2020-06-23 00:00:00-04:00,18.274078436531074,18.274078436531074,18.00534138485613,18.09148597717285,10892000
2020-06-24 00:00:00-04:00,17.997847320076556,18.07181870938196,17.387337787153612,17.661691665649414,14866000
2020-06-25 00:00:00-04:00,17.87611660565547,18.044662334598044,17.549326633004714,18.010953903198242,11337000
2020-06-26 00:00:00-04:00,18.03717751885983,18.09054951599367,17.70102180675532,17.75065040588379,17135000
2020-06-29 00:00:00-04:00,17.841475043796496,17.954773538921955,17.471610947363583,17.95290184020996,6773000
2020-06-30 00:00:00-04:00,17.887356695447373,18.339620185257722,17.887356695447373,18.21040153503418,12535000
2020-07-01 00:00:00-04:00,18.210402768024366,18.28437594963634,17.970693154330263,18.085866928100586,12620000
2020-07-02 00:00:00-04:00,18.217893430604256,18.559666001854364,18.190739509180347,18.400484085083008,12470000
2020-07-06 00:00:00-04:00,18.670157900497827,19.33684885693009,18.560604573865632,19.063430786132812,13674000
2020-07-07 00:00:00-04:00,19.05312967521518,19.226358259322605,18.89582124698063,18.979156494140625,13113000
2020-07-08 00:00:00-04:00,19.039083334315016,19.263810408597536,18.8377649954005,19.149574279785156,7487000
2020-07-09 00:00:00-04:00,19.008185305088915,19.334977157963483,18.78720338091333,19.063430786132812,10837000
2020-07-10 00:00:00-04:00,19.064365831134815,19.120547154028134,18.56153790121927,18.938892364501953,9949000
2020-07-13 00:00:00-04:00,19.19170548026772,19.455759586539322,18.641124387832097,18.6870059967041,11525000
2020-07-14 00:00:00-04:00,18.522212001956024,18.88177642101094,18.166392766541446,18.81435775756836,16120000
2020-07-15 00:00:00-04:00,18.901438277851845,19.117737347934916,18.19448268951444,18.356473922729492,14542000
2020-07-16 00:00:00-04:00,18.16358358777629,18.491309451538523,18.071818559950856,18.356473922729492,9896000
2020-07-17 00:00:00-04:00,18.54187421530177,18.57558265160046,18.260965816887257,18.465091705322266,8242000
2020-07-20 00:00:00-04:00,18.476331595634452,19.099012619724594,18.406103593336244,19.009122848510742,7566000
2020-07-21 00:00:00-04:00,19.089647158822032,19.16549382354778,18.801248378095043,19.055938720703125,9210000
2020-07-22 00:00:00-04:00,19.194520059682258,19.37055617864359,19.027846006094332,19.28347396850586,9470000
2020-07-23 00:00:00-04:00,19.268494402329342,19.598095590705462,18.94170433435693,19.094331741333008,11561000
2020-07-24 00:00:00-04:00,18.389240837921527,18.470704354072478,17.52310540342564,17.623294830322266,24774000
2020-07-27 00:00:00-04:00,18.00346682195883,18.528767706040846,17.80870297241506,18.452922821044922,18579000
2020-07-28 00:00:00-04:00,18.28718575130082,18.439813151502733,17.99597583645836,18.022193908691406,11520000
2020-07-29 00:00:00-04:00,17.931366069951554,18.326512414687326,17.822748599905022,18.27126693725586,14798000
2020-07-30 00:00:00-04:00,18.241301355042573,18.633636529519322,18.142045963823026,18.530637741088867,11667000
2020-07-31 00:00:00-04:00,18.727275486603936,18.727275486603936,18.262838783068393,18.71135711669922,11490000
2020-08-03 00:00:00-04:00,18.969795190338644,19.480113539165643,18.96136718735648,19.443593978881836,18046000
2020-08-04 00:00:00-04:00,18.74974725539381,19.211374597164856,18.741319253251167,19.186092376708984,17278000
2020-08-05 00:00:00-04:00,19.29096063573075,19.30781663650325,18.94918816403879,19.100879669189453,8349000
2020-08-06 00:00:00-04:00,19.031595829949854,19.120549752115608,18.819977758524185,19.063430786132812,10367000
2020-08-07 00:00:00-04:00,18.90143961988313,19.33872060970608,18.75442910944666,18.994138717651367,9910000
2020-08-10 00:00:00-04:00,18.85836504230554,19.041893320133735,18.563411751822514,19.016611099243164,10189000
2020-08-11 00:00:00-04:00,19.060623495363284,19.17860482685708,18.73195815310659,18.777841567993164,7451000
2020-08-12 00:00:00-04:00,18.873348607616954,19.547529890887418,18.83121216578929,19.47636604309082,8236000
2020-08-13 00:00:00-04:00,19.456703095127963,19.68798471468226,19.328422066797813,19.659894943237305,11527000
2020-08-14 00:00:00-04:00,19.755813181848495,20.23729628956328,19.701271546824163,19.890289306640625,12094000
2020-08-17 00:00:00-04:00,20.048275205197505,20.554207663486565,20.01254010549959,20.37177085876465,13204000
2020-08-18 00:00:00-04:00,20.473331541438466,20.49119998658143,19.877120610191973,19.91379737854004,8427000
2020-08-19 00:00:00-04:00,20.003137040796325,20.00407691899084,19.700329451720133,19.799072265625,7343000
2020-08-20 00:00:00-04:00,19.42855500461045,19.638262627904385,19.285614603676954,19.452064514160156,9152000
2020-08-21 00:00:00-04:00,19.4426582296629,19.45394394095784,19.006316255567427,19.181228637695312,14259000
2020-08-24 00:00:00-04:00,19.513196049272867,19.623222808414027,19.306309797119052,19.594070434570312,9222000
2020-08-25 00:00:00-04:00,19.563036546253006,19.859261470976335,19.484043711303077,19.774625778198242,8696000
2020-08-26 00:00:00-04:00,19.726660884208187,19.99843635672186,19.710673986197925,19.957998275756836,6152000
2020-08-27 00:00:00-04:00,20.1037566723885,20.13761021904914,19.137031106181393,19.226367950439453,11589000
2020-08-28 00:00:00-04:00,19.25834580288613,19.64672896798441,19.17935298157681,19.617576599121094,8289000
2020-08-31 00:00:00-04:00,19.539522015061632,19.57055593149011,19.182172799009763,19.291257858276367,9301000
2020-09-01 00:00:00-04:00,19.36179071890563,19.606293601360342,19.2320157671295,19.555511474609375,7381000
2020-09-02 00:00:00-04:00,19.812238021597647,20.328514556240858,19.654250593260798,20.269269943237305,11715000
2020-09-03 00:00:00-04:00,20.08777365604142,20.128209944230967,18.831405769859753,18.940492630004883,18074000
2020-09-04 00:00:00-04:00,18.79285267723791,18.84833599570253,17.56469705640914,18.184417724609375,23806000
2020-09-08 00:00:00-04:00,17.03901060452553,17.17818969064646,16.346880067300187,16.407066345214844,29190000
2020-09-09 00:00:00-04:00,16.825546983603044,16.921466596091268,16.254726906988992,16.406129837036133,23144000
2020-09-10 00:00:00-04:00,16.553774690975576,16.677906809050633,16.233098557897332,16.28105926513672,24130000
2020-09-11 00:00:00-04:00,16.444686342955485,16.599852373601813,16.109906681467365,16.169151306152344,13188000
2020-09-14 00:00:00-04:00,16.603609207942828,16.78698589028008,16.45596762520068,16.746549606323242,12543000
2020-09-15 00:00:00-04:00,16.925229158143605,17.015507713292262,16.676025046681037,16.998580932617188,14413000
2020-09-16 00:00:00-04:00,17.152794190377627,17.415163605016264,16.984464577484246,17.003271102905273,16245000
2020-09-17 00:00:00-04:00,16.491710706047456,16.994821978283,16.428702966947547,16.97319221496582,10901000
2020-09-18 00:00:00-04:00,17.0427765305283,17.354988335589734,16.61113560268323,16.829307556152344,17928000
2020-09-21 00:00:00-04:00,16.77288355453606,17.041835831090534,16.514275320362774,17.03055191040039,10993000
2020-09-22 00:00:00-04:00,17.19135524884503,17.26752662949194,16.695766851436684,17.23743438720703,8374000
2020-09-23 00:00:00-04:00,17.338999117675744,17.522375817256506,16.923345145715302,17.00139808654785,11365000
2020-09-24 00:00:00-04:00,16.74654908020063,17.63804319846874,16.74654908020063,17.35404396057129,11341000
2020-09-25 00:00:00-04:00,17.275993575042392,17.737726701564284,17.075690094657507,17.67095947265625,9069000
2020-09-28 00:00:00-04:00,17.692583091526227,18.21356249942212,17.566571277956122,18.173126220703125,13485000
2020-09-29 00:00:00-04:00,18.324532906255577,18.413869765445938,18.112003841895007,18.180652618408203,7626000
2020-09-30 00:00:00-04:00,18.118583302105094,18.47499258989841,17.966238756881143,18.219205856323242,10193000
2020-10-01 00:00:00-04:00,18.584079921464877,18.827642889463906,18.399763357100667,18.71197509765625,9152000
2020-10-02 00:00:00-04:00,18.064044439958337,18.46183177963017,17.94273377620143,18.05181884765625,10921000
2020-10-05 00:00:00-04:00,18.17595280605515,18.80789904626849,18.12329091831421,18.803197860717773,12421000
2020-10-06 00:00:00-04:00,18.79755112058433,19.357085355923743,18.683763082220302,18.791908264160156,12787000
2020-10-07 00:00:00-04:00,19.090010736027534,19.34297784470534,18.912276921494275,19.080608367919922,11648000
2020-10-08 00:00:00-04:00,19.324169294562857,19.461466826177805,19.228249715510096,19.4370174407959,6860000
2020-10-09 00:00:00-04:00,19.74640762954432,19.946712882149185,19.634501145402822,19.84609031677246,11999000
2020-10-12 00:00:00-04:00,20.120687041607923,20.30312386227775,19.992793650226172,20.176170349121094,12890000
2020-10-13 00:00:00-04:00,20.30312366240114,20.844791262406062,20.13291243497617,20.683042526245117,9443000
2020-10-14 00:00:00-04:00,20.697150467332342,21.021586036742544,20.228832810607543,20.312528610229492,13990000
2020-10-15 00:00:00-04:00,19.690924918026024,20.111281845285692,19.570555939610436,20.03887176513672,11685000
2020-10-16 00:00:00-04:00,20.164888544916064,20.203443286457833,19.52259829862852,19.597829818725586,12259000
2020-10-19 00:00:00-04:00,19.96834103591924,19.96834103591924,19.372131837685895,19.44830322265625,9946000
2020-10-20 00:00:00-04:00,19.639207679413396,19.682465399668306,19.283738165881914,19.34580421447754,6072000
2020-10-21 00:00:00-04:00,19.349570224210023,19.641092209700105,19.33734462845111,19.40035057067871,6070000
2020-10-22 00:00:00-04:00,19.306307139231222,19.36743151375149,18.950837637887208,19.11916732788086,8849000
2020-10-23 00:00:00-04:00,19.292197104408714,19.418210728686425,19.014780590297086,19.105998992919922,8429000
2020-10-26 00:00:00-04:00,18.86902459383994,19.035474537920237,18.529541969930303,18.708215713500977,9426000
2020-10-27 00:00:00-04:00,18.808831090246347,18.85397034483998,18.537997356344828,18.675294876098633,7392000
2020-10-28 00:00:00-04:00,18.292559930506307,18.45430867364014,17.912641050284275,17.91922378540039,15548000
2020-10-29 00:00:00-04:00,17.905120764667117,19.191581088968373,17.8872523135085,18.991275787353516,13515000
2020-10-30 00:00:00-04:00,18.66683954413435,18.90193827442909,18.36967476339109,18.542707443237305,10473000
2020-11-02 00:00:00-05:00,18.789090732921988,19.110706710895265,18.69693242929599,19.017606735229492,8179000
2020-11-03 00:00:00-05:00,19.283740185248828,19.973989405954597,19.23201817372606,19.8310489654541,11881000
2020-11-04 00:00:00-05:00,20.153601941137325,20.8560766550424,19.80377529843855,20.738527297973633,13568000
2020-11-05 00:00:00-05:00,20.95763808240724,21.52845806229642,20.95763808240724,21.45040512084961,12764000
2020-11-06 00:00:00-05:00,21.52375423205244,21.93752660629604,21.22658952286849,21.787063598632812,6960000
2020-11-09 00:00:00-05:00,22.35412621474895,22.81397960434753,21.810578815890334,21.847253799438477,11350000
2020-11-10 00:00:00-05:00,21.629079885199314,21.842548825302035,20.983028414689045,21.039451599121094,10716000
2020-11-11 00:00:00-05:00,21.36671374427421,22.017466502120012,21.22471319209871,21.95916175842285,9948000
2020-11-12 00:00:00-05:00,22.111503962251927,22.205543803411146,21.752273168079128,21.935649871826172,8953000
2020-11-13 00:00:00-05:00,22.387842652474585,22.743743644659205,22.233020967268928,22.288719177246094,8927000
2020-11-16 00:00:00-05:00,22.43409922091238,22.899509573923257,22.314205737021428,22.82493019104004,8828000
2020-11-17 00:00:00-05:00,22.888183974080647,23.01751625656729,22.62857228921389,22.830596923828125,14012000
2020-11-18 00:00:00-05:00,22.997691409189503,23.104368439073003,22.652174511775126,22.68899154663086,8322000
2020-11-19 00:00:00-05:00,22.290603543889638,23.06943487162039,22.280219438291926,23.01090431213379,7164000
2020-11-20 00:00:00-05:00,23.06377169459578,23.354535673727057,22.89101236081812,22.89950942993164,5830000
2020-11-23 00:00:00-05:00,22.96653578055794,23.642467830492045,22.908007016461017,23.623586654663086,7204000
2020-11-24 00:00:00-05:00,23.671734291385857,23.761417180126397,23.393243236171617,23.616979598999023,7502000
2020-11-25 00:00:00-05:00,23.60092973188325,23.704774398898113,23.329046920537905,23.501806259155273,5472000
2020-11-27 00:00:00-05:00,23.70571685473882,24.18811953432931,23.70571685473882,23.990816116333008,3355000
2020-11-30 00:00:00-05:00,24.260807024987102,24.260807024987102,23.451766960539064,23.786901473999023,10176000
2020-12-01 00:00:00-05:00,24.021965016964067,24.424125346138293,23.84543163692059,24.22965431213379,9035000
2020-12-02 00:00:00-05:00,24.05218206624831,24.40525072167133,24.004035603896366,24.19756317138672,8490000
2020-12-03 00:00:00-05:00,24.417516869402956,24.71960842230137,24.26647109295375,24.298568725585938,5186000
2020-12-04 00:00:00-05:00,24.370315766394416,24.938625365866372,24.363707536175067,24.894256591796875,7490000
2020-12-07 00:00:00-05:00,25.038698303198426,25.293586968256918,24.809297244220193,25.177471160888672,6934000
2020-12-08 00:00:00-05:00,25.21334692646444,25.370057454939126,24.987721722280682,25.200130462646484,7127000
2020-12-09 00:00:00-05:00,25.168974496854286,25.384215578073313,23.96344041988833,24.21360969543457,11971000
2020-12-10 00:00:00-05:00,24.08710533664597,24.46188925015658,23.939835423643274,24.16546058654785,10097000
2020-12-11 00:00:00-05:00,23.94078307256391,24.344830503687866,23.814281357848284,24.321229934692383,11243000
2020-12-14 00:00:00-05:00,24.306126825536015,24.910310089208885,24.306126825536015,24.557241439819336,10395000
2020-12-15 00:00:00-05:00,24.921639425852163,24.997162333538885,24.50626253327113,24.640316009521484,7741000
2020-12-16 00:00:00-05:00,24.674299436954673,24.687515900114665,24.33350195066515,24.59688949584961,6991000
2020-12-17 00:00:00-05:00,24.816844895262644,24.86121366938442,24.328777576277,24.514753341674805,13551000
2020-12-18 00:00:00-05:00,24.426963444970646,24.816850923689643,24.288190576490507,24.747936248779297,22202000
2020-12-21 00:00:00-05:00,24.424127269607315,24.738491792431855,24.356156123983887,24.61765480041504,10232000
2020-12-22 00:00:00-05:00,24.53930088752557,24.63936967408994,24.191895191760274,24.317453384399414,7534000
2020-12-23 00:00:00-05:00,24.398640057811747,24.409969483404502,23.8388274265913,23.864315032958984,6764000
2020-12-24 00:00:00-05:00,24.05973199975939,24.45811653137207,23.975712026814257,24.45811653137207,3672000
2020-12-28 00:00:00-05:00,24.619548108053085,24.686573946726174,24.28158295681341,24.316511154174805,4974000
2020-12-29 00:00:00-05:00,24.359937003028243,24.42790635698305,23.791625478340205,24.012531280517578,5792000
2020-12-30 00:00:00-05:00,24.227770900427114,24.768704186596494,24.092773908699026,24.559127807617188,6415000
2020-12-31 00:00:00-05:00,24.362769420636983,24.54402584665555,24.125816581108065,24.44207000732422,7280000
2021-01-04 00:00:00-05:00,24.73943924223553,25.515438326410486,24.327840029648733,24.576122283935547,12520000
2021-01-05 00:00:00-05:00,24.56290393840545,25.14159958385046,24.446788122096205,25.09156608581543,10749000
2021-01-06 00:00:00-05:00,24.77625465123054,25.577741232701268,24.715835253672015,25.036808013916016,8506000
2021-01-07 00:00:00-05:00,25.365336584034484,26.37168028620525,25.334184262041006,26.26217269897461,10117000
2021-01-08 00:00:00-05:00,26.642615744828284,27.125961929716272,26.391501164797127,26.733243942260742,10518000
2021-01-11 00:00:00-05:00,26.560486418456044,27.457320663922534,26.2451783443542,27.293058395385742,12039000
2021-01-12 00:00:00-05:00,27.282676347540015,27.971823112507998,27.093869976640825,27.47054100036621,13235000
2021-01-13 00:00:00-05:00,27.259071346081207,27.709376367133366,26.92016273198034,27.386516571044922,11545000
2021-01-14 00:00:00-05:00,28.58733203202808,29.819300776943,28.501425027573376,28.687400817871094,24312000
2021-01-15 00:00:00-05:00,28.65058284592672,28.775195714401068,27.943498538974595,28.711000442504883,16066000
2021-01-19 00:00:00-05:00,29.06124221537049,29.907099479818257,29.06124221537049,29.65032196044922,12750000
2021-01-20 00:00:00-05:00,29.91842490296417,29.982620178384757,28.53352329339849,28.729883193969727,10196000
2021-01-21 00:00:00-05:00,29.072568919755753,29.161308286164473,28.361708669261002,28.812015533447266,10631000
2021-01-22 00:00:00-05:00,28.821455164009578,29.204734380892496,28.743099906814145,28.794076919555664,7250000
2021-01-25 00:00:00-05:00,29.208507407673284,29.485109577349338,28.632644219612693,29.161304473876953,9557000
2021-01-26 00:00:00-05:00,29.26515640007686,29.335014598725976,28.587337227427568,28.656251907348633,8321000
2021-01-27 00:00:00-05:00,28.06622498569512,28.208775522073097,26.720972721733034,26.85219383239746,16578000
2021-01-28 00:00:00-05:00,27.445998418915977,28.01336471991762,27.230757293519243,27.480928421020508,10212000
2021-01-29 00:00:00-05:00,27.099532971640205,27.301557607730164,26.4066103292349,26.439651489257812,11638000
2021-02-01 00:00:00-05:00,27.001353793576452,27.756584703201025,26.6681098270195,27.624418258666992,10525000
2021-02-02 00:00:00-05:00,27.94350372121871,28.285244754071023,27.71882202852174,28.20594596862793,11069000
2021-02-03 00:00:00-05:00,28.47215990802205,28.47215990802205,26.95603721671302,27.027782440185547,12799000
2021-02-04 00:00:00-05:00,27.229811118624244,28.149304306148295,27.02967531651028,27.776409149169922,14018000
2021-02-05 00:00:00-05:00,27.946331861199607,28.14646763261883,27.055160576914798,27.19110107421875,8904000
2021-02-08 00:00:00-05:00,27.371417217126442,28.565625636105086,27.25058019682528,28.53447151184082,10182000
2021-02-09 00:00:00-05:00,28.348492734327394,28.835616640337626,27.992591743445104,28.16157341003418,7355000
2021-02-10 00:00:00-05:00,28.522193979630096,28.7119456496862,27.943500182435223,28.095489501953125,5469000
2021-02-11 00:00:00-05:00,28.265415393618298,30.821866286657187,28.265415393618298,30.632118225097656,22857000
2021-02-12 00:00:00-05:00,30.35362659741428,31.603533032250137,30.10723320190994,31.3240966796875,15030000
2021-02-16 00:00:00-05:00,31.389242791949425,32.305903719026226,31.389242791949425,31.831050872802734,13959000
2021-02-17 00:00:00-05:00,31.46098352660132,31.59692583238419,30.52733224584509,31.181547164916992,10628000
2021-02-18 00:00:00-05:00,30.869161688080855,31.04901750588575,30.399637869054136,30.78017807006836,10055000
2021-02-19 00:00:00-05:00,31.297033255908904,31.99563521215038,31.04807266793239,31.301767349243164,15124000
2021-02-22 00:00:00-05:00,30.765036192025658,30.95246802086748,29.709559013177948,29.928226470947266,11231000
2021-02-23 00:00:00-05:00,29.131178063510998,30.430881829813885,28.745905515077038,30.17624282836914,17457000
2021-02-24 00:00:00-05:00,29.708614119747097,31.11812644599902,29.352685016468456,31.089725494384766,11701000
2021-02-25 00:00:00-05:00,30.546365288884203,30.892824345970688,28.63325184291001,28.85192108154297,15280000
2021-02-26 00:00:00-05:00,29.470060506067618,29.792856309446993,28.698567666715842,29.46154022216797,13160000
2021-03-01 00:00:00-05:00,29.914971165333995,30.897559101842955,29.819363066633382,30.858747482299805,12940000
2021-03-02 00:00:00-05:00,30.84833848630291,30.92406592560802,29.31197892658947,29.32807159423828,11759000
2021-03-03 00:00:00-05:00,29.3914963271234,29.824100773027762,28.73265203359967,28.759157180786133,11552000
2021-03-04 00:00:00-05:00,28.604858345037933,28.99107697458661,26.72582397811153,27.22658348083496,16553000
2021-03-05 00:00:00-05:00,27.706518751991716,28.138177109025516,26.332979751053717,28.007543563842773,16311000
2021-03-08 00:00:00-05:00,27.547486879021385,27.814432344657448,25.865348937510152,25.941078186035156,21825000
2021-03-09 00:00:00-05:00,26.84888780496906,28.047303338691606,26.722040442232483,27.839994430541992,19441000
2021-03-10 00:00:00-05:00,28.375776348970433,28.434466832594897,26.763689269972538,26.831844329833984,16880000
2021-03-11 00:00:00-05:00,27.83525900833275,28.58497910773827,27.451878673420865,28.053926467895508,17095000
2021-03-12 00:00:00-05:00,27.344909155618648,27.90436091957213,27.07039131809213,27.856082916259766,12984000
2021-03-15 00:00:00-04:00,27.780352789905884,28.334122540845453,27.586296491859425,28.300045013427734,13219000
2021-03-16 00:00:00-04:00,28.371989037455503,28.96267823645676,28.29247360040402,28.583084106445312,15442000
2021-03-17 00:00:00-04:00,28.03688299397713,29.33658647284795,27.557894631297785,28.908716201782227,19063000
2021-03-18 00:00:00-04:00,28.237564232919805,28.37482403011647,27.241723839301926,27.332599639892578,20412000
2021-03-19 00:00:00-04:00,27.25971462528129,28.13722811380018,26.930290701079905,27.724502563476562,32207000
2021-03-22 00:00:00-04:00,28.398494208933133,29.168093141999243,28.23851543267641,28.905879974365234,18200000
2021-03-23 00:00:00-04:00,29.01474198658637,29.106563904305336,28.030261747607167,28.120189666748047,17663000
2021-03-24 00:00:00-04:00,29.392444194764547,30.007746418447184,28.1665756469401,28.198760986328125,16692000
2021-03-25 00:00:00-04:00,27.738701967207188,28.493156132199992,27.162213244256527,28.34264373779297,11880000
2021-03-26 00:00:00-04:00,28.276382753588095,30.31539593723164,28.276382753588095,30.286048889160156,16505000
2021-03-29 00:00:00-04:00,30.07684701221288,30.08820558699756,29.0497671613167,29.753103256225586,14284000
2021-03-30 00:00:00-04:00,29.61110889181853,30.15067997195166,29.505088313103826,30.014368057250977,9241000
2021-03-31 00:00:00-04:00,30.457384046282787,31.5507285191309,30.4024815623914,31.276208877563477,18118000
2021-04-01 00:00:00-04:00,31.90098169771437,32.922379701161134,31.90098169771437,32.87504959106445,18857000
2021-04-05 00:00:00-04:00,33.04164693379936,34.04884969516479,32.75955490622497,33.612457275390625,14961000
2021-04-06 00:00:00-04:00,33.426924944598355,33.491295623160354,32.23797402860068,32.809730529785156,16904000
2021-04-07 00:00:00-04:00,32.91480186748465,33.38716401570476,32.53331553779605,32.946041107177734,9855000
2021-04-08 00:00:00-04:00,33.51022699686051,33.535782436850994,32.98201262700216,33.51401138305664,11250000
2021-04-09 00:00:00-04:00,33.31332564836379,33.61245461104773,32.964024687568724,33.40135955810547,9138000
2021-04-12 00:00:00-04:00,33.09087207589563,33.197838752990926,32.500182888605984,32.66773223876953,13761000
2021-04-13 00:00:00-04:00,33.08614403903437,33.08614403903437,32.1016618800063,32.5759162902832,12264000
2021-04-14 00:00:00-04:00,32.1849692772345,32.81636247178366,31.7287014802035,31.853654861450195,11861000
2021-04-15 00:00:00-04:00,32.35441169641509,32.38943532847952,31.778867148218648,32.04676055908203,11981000
2021-04-16 00:00:00-04:00,32.0969276946745,32.17170904184737,31.520437137392108,31.522329330444336,9581000
2021-04-19 00:00:00-04:00,31.329219080858103,31.5810179621417,30.128907933005145,30.707290649414062,15517000
2021-04-20 00:00:00-04:00,30.586128011839165,30.8445532023665,30.0815804970477,30.189495086669922,14772000
2021-04-21 00:00:00-04:00,30.523647611536575,31.448493045964145,30.25102376770479,31.40778923034668,16977000
2021-04-22 00:00:00-04:00,31.186283328663855,31.415365092765047,30.55299804205022,30.772611618041992,10454000
2021-04-23 00:00:00-04:00,31.048084635936213,31.62646756624316,30.925023439195684,31.43430519104004,11820000
2021-04-26 00:00:00-04:00,31.617940715409688,31.954935258201562,31.332060664792508,31.788331985473633,10394000
2021-04-27 00:00:00-04:00,32.18495954971128,32.18495954971128,31.16829223232035,31.284727096557617,9398000
2021-04-28 00:00:00-04:00,31.19101225696077,31.308393214898356,30.69214499125361,30.749889373779297,9832000
2021-04-29 00:00:00-04:00,30.85212051365675,31.11812165499912,30.16487717281692,30.893774032592773,12949000
2021-04-30 00:00:00-04:00,29.821257812618022,30.447918514010205,29.621521325848413,29.85154914855957,14341000
2021-05-03 00:00:00-04:00,30.066428018747924,30.17812877817487,29.202168986033122,29.46154022216797,14122000
2021-05-04 00:00:00-04:00,28.94942574571524,29.164307006765338,28.343589973664663,29.150108337402344,15922000
2021-05-05 00:00:00-04:00,29.645192082708196,29.983134547451453,29.00433258917893,29.526865005493164,11571000
2021-05-06 00:00:00-04:00,29.298729973630735,29.939589441707213,29.126444701619945,29.902671813964844,9352000
2021-05-07 00:00:00-04:00,30.29078350953225,30.575713848936424,29.975560024988205,30.263330459594727,8483000
2021-05-10 00:00:00-04:00,29.3403791404728,29.712399091849637,28.3473768310827,28.389028549194336,15769000
2021-05-11 00:00:00-04:00,27.547483877835187,28.546164475256795,27.425370635876032,28.424997329711914,9877000
2021-05-12 00:00:00-04:00,27.692321392851486,27.99713241086819,27.062822300661875,27.14328384399414,14003000
2021-05-13 00:00:00-04:00,27.881638393210057,28.461913232981637,27.804961255621166,28.091787338256836,15333000
2021-05-14 00:00:00-04:00,28.340560807838113,29.34797700990972,28.106984478605572,29.030845642089844,15081000
2021-05-17 00:00:00-04:00,28.337711459209928,28.565590313982753,27.742378426508715,28.26839828491211,13528000
2021-05-18 00:00:00-04:00,28.709916418367385,28.768785444133744,27.86581434621163,27.9075927734375,10876000
2021-05-19 00:00:00-04:00,27.350234007438317,28.887467619646156,27.210658696604174,28.85898208618164,13010000
2021-05-20 00:00:00-04:00,29.000458813187414,29.909127280277072,29.000458813187414,29.75341033935547,14499000
2021-05-21 00:00:00-04:00,29.90628025375205,29.90628025375205,29.311896180188818,29.447673797607422,10497000
2021-05-24 00:00:00-04:00,29.846459596204884,30.39526929752918,29.796136782406336,30.151247024536133,12091000
2021-05-25 00:00:00-04:00,30.396221586355512,30.755129576639607,30.055351357617635,30.186382293701172,12583000
2021-05-26 00:00:00-04:00,30.307911625165833,30.573771150402496,29.97653664577721,30.13605308532715,10781000
2021-05-27 00:00:00-04:00,30.084781950681457,30.533894989377583,29.9945804775583,30.055347442626953,11951000
2021-05-28 00:00:00-04:00,30.212014677017,30.413305924716425,30.04775154363778,30.088579177856445,8855000
2021-06-01 00:00:00-04:00,30.373431975795718,30.834885341436852,29.85120801821707,29.97844123840332,10247000
2021-06-02 00:00:00-04:00,30.0135699734677,30.23954904255181,29.70023635720237,29.965145111083984,8817000
2021-06-03 00:00:00-04:00,29.603388676293097,29.667955163929143,29.180863205144476,29.318540573120117,12430000
2021-06-04 00:00:00-04:00,29.565407717490903,30.200619341799616,29.54356862795215,30.098073959350586,8984000
2021-06-07 00:00:00-04:00,29.94520702997564,30.320258410678555,29.684095974037927,30.246196746826172,10985000
2021-06-08 00:00:00-04:00,30.630736890016337,30.73043714935127,29.610029859145477,29.795181274414062,6150000
2021-06-09 00:00:00-04:00,30.491167962385262,30.65163521194218,29.800884963046986,29.829370498657227,7480000
2021-06-10 00:00:00-04:00,30.015469890908808,30.44084590618138,29.864499636120648,30.318359375,6909000
2021-06-11 00:00:00-04:00,30.445587599683783,30.512052029186258,30.13700248970516,30.394317626953125,7703000
2021-06-14 00:00:00-04:00,30.472173494487784,30.945023542319593,30.282275382431298,30.878559112548828,6343000
2021-06-15 00:00:00-04:00,30.80640265480865,31.0095954997242,30.316463736818193,30.439895629882812,7184000
2021-06-16 00:00:00-04:00,30.65637670597548,30.696255364822623,29.741063690357326,29.994579315185547,8563000
2021-06-17 00:00:00-04:00,29.915772078376225,30.510156085294636,29.732518586974354,30.23385238647461,9197000
2021-06-18 00:00:00-04:00,29.80278221834803,29.882539538129233,28.784921983609877,28.910255432128906,19259000
2021-06-21 00:00:00-04:00,29.056483341390873,29.397353593658433,28.72036158450874,29.321393966674805,8824000
2021-06-22 00:00:00-04:00,29.21029642667189,29.394498892197735,28.884618890314538,29.303346633911133,6723000
2021-06-23 00:00:00-04:00,29.32613703773323,29.71448132988458,29.303348971343848,29.516036987304688,6566000
2021-06-24 00:00:00-04:00,29.7657525284425,30.01831737641507,29.650863231220846,29.99363136291504,7307000
2021-06-25 00:00:00-04:00,29.967995849990327,30.225309203422373,29.810379151352233,30.028762817382812,39212000
2021-06-28 00:00:00-04:00,30.312660465955997,30.905146518705543,30.231954171543755,30.598461151123047,8616000
2021-06-29 00:00:00-04:00,30.573772722114,30.956419504192436,30.530094543087422,30.87761116027832,5448000
2021-06-30 00:00:00-04:00,30.858620120012173,30.859569094442133,30.466479980089886,30.783611297607422,6976000
2021-07-01 00:00:00-04:00,30.777917980508768,30.79215984295882,29.57965287702417,29.599592208862305,14171000
2021-07-02 00:00:00-04:00,29.788541015615316,29.814177816533057,29.245430567690537,29.607187271118164,10532000
2021-07-06 00:00:00-04:00,29.691694514290848,30.03066497871474,28.98431907390933,29.553068161010742,10714000
2021-07-07 00:00:00-04:00,29.82556924552123,29.903426802639174,29.04318328844297,29.155223846435547,9889000
2021-07-08 00:00:00-04:00,28.58268084678129,28.97197409118628,28.364295373977004,28.778276443481445,8960000
2021-07-09 00:00:00-04:00,28.837144247482453,29.394498316546574,28.63680016468265,29.316638946533203,7267000
2021-07-12 00:00:00-04:00,29.436272560128913,29.841707351522345,29.329927672289873,29.816070556640625,8833000
2021-07-13 00:00:00-04:00,29.635670805067154,29.90912577067329,29.434377742567364,29.58724594116211,5684000
2021-07-14 00:00:00-04:00,29.790438495813266,30.222459125064738,29.288155724072055,29.35082244873047,7631000
2021-07-15 00:00:00-04:00,29.264416807779558,29.434377411265434,28.64819552588426,28.8409423828125,9103000
2021-07-16 00:00:00-04:00,28.986221177512785,29.234039392574196,27.75377473590709,27.841129302978516,17944000
2021-07-19 00:00:00-04:00,27.52874480923529,27.94937240143102,27.292319721376995,27.946523666381836,13322000
2021-07-20 00:00:00-04:00,28.03862093531595,28.94348989283639,27.78985196792536,28.747894287109375,12025000
2021-07-21 00:00:00-04:00,28.896963428281094,30.222459855962597,28.85138729815095,30.087631225585938,16076000
2021-07-22 00:00:00-04:00,29.909128940671604,30.20726995156075,29.62333003242244,29.84836196899414,7902000
2021-07-23 00:00:00-04:00,30.092381060658017,30.573775560940135,29.95185495499996,30.456037521362305,7052000
2021-07-26 00:00:00-04:00,30.40001366083728,30.6051080546762,29.967045863501827,30.253793716430664,6551000
2021-07-27 00:00:00-04:00,29.93760953487873,29.93760953487873,28.725102737092353,29.339426040649414,10812000
2021-07-28 00:00:00-04:00,29.529334341696078,30.090486260241125,29.38406152837752,29.963253021240234,6468000
2021-07-29 00:00:00-04:00,29.76195568919801,30.39811817186631,29.46951215467849,30.329755783081055,11191000
2021-07-30 00:00:00-04:00,32.234449171357,33.869481816276284,31.861295670392202,33.05766296386719,26569000
2021-08-02 00:00:00-04:00,33.05765581029013,33.86852189052122,32.73767393631927,32.844017028808594,11282000
2021-08-03 00:00:00-04:00,32.969352182819584,33.186786873405026,32.56771501977137,32.937068939208984,9254000
2021-08-04 00:00:00-04:00,32.93707410074807,33.80206450404127,32.93707410074807,33.593177795410156,11619000
2021-08-05 00:00:00-04:00,33.758393047563494,33.86188562573271,33.185846156829506,33.584632873535156,7304000
2021-08-06 00:00:00-04:00,33.37858698547701,33.688122932894636,33.340606270226175,33.550445556640625,9084000
2021-08-09 00:00:00-04:00,33.56658219727568,33.808701058408495,33.3557939789457,33.37668228149414,7486000
2021-08-10 00:00:00-04:00,33.35010497489817,33.42606278726518,32.33984180274529,32.47277069091797,14768000
2021-08-11 00:00:00-04:00,32.648428102695924,32.76046869308491,31.930612042071655,32.535438537597656,8323000
2021-08-12 00:00:00-04:00,32.045489777677865,32.268621915656205,31.16056026520152,31.19189453125,13566000
2021-08-13 00:00:00-04:00,31.161417447327747,31.350970664890525,31.033778067783068,31.231903076171875,5965000
2021-08-16 00:00:00-04:00,31.15093343837394,31.580529439213638,31.036629587321183,31.35668182373047,10736000
2021-08-17 00:00:00-04:00,31.03949192579156,31.1499877299254,30.182207418787286,30.714675903320312,12556000
2021-08-18 00:00:00-04:00,30.530828378322678,31.098543193882243,30.211728161520046,30.2479248046875,11179000
2021-08-19 00:00:00-04:00,29.985025602543878,30.824214364423458,29.86214814143298,30.70514678955078,7299000
2021-08-20 00:00:00-04:00,30.93185427418957,31.189992721105412,30.048848986554233,30.478445053100586,7943000
2021-08-23 00:00:00-04:00,30.85850927484705,31.396693476966053,30.803263191780854,31.29477310180664,12747000
2021-08-24 00:00:00-04:00,31.403354202978345,31.84342963499583,31.088065705973737,31.243328094482422,6215000
2021-08-25 00:00:00-04:00,31.02424283304246,31.961543760631532,31.02424283304246,31.816757202148438,8392000
2021-08-26 00:00:00-04:00,31.871051564655694,32.07489589592424,31.632916444706755,31.791038513183594,4955000
2021-08-27 00:00:00-04:00,31.970108538955976,32.72261621770836,31.896763258573074,32.665462493896484,6926000
2021-08-30 00:00:00-04:00,32.895032724830365,33.043627351032704,32.274927953245644,32.58736038208008,5160000
2021-08-31 00:00:00-04:00,32.73596686760342,32.73596686760342,31.789141903713205,32.382572174072266,10032000
2021-09-01 00:00:00-04:00,32.47688039907951,32.53784222664954,31.92345296211939,31.952980041503906,6681000
2021-09-02 00:00:00-04:00,32.18539443554227,32.35399234174499,31.944399609509748,32.16824722290039,4706000
2021-09-03 00:00:00-04:00,32.015838024305914,32.62546334808177,32.015838024305914,32.553070068359375,4818000
2021-09-07 00:00:00-04:00,32.63690114615302,32.67976373176132,32.187301837702215,32.55879211425781,5703000
2021-09-08 00:00:00-04:00,32.496869607213846,32.496869607213846,31.86819308381538,32.07679748535156,7748000
2021-09-09 00:00:00-04:00,31.99774722750471,33.233193394484346,31.96440844737748,33.132225036621094,12001000
2021-09-10 00:00:00-04:00,33.434173727730254,34.20573292464244,33.36844819353815,33.39321517944336,12413000
2021-09-13 00:00:00-04:00,33.778048356222406,34.131443090639685,33.272250870808485,33.872352600097656,9742000
2021-09-14 00:00:00-04:00,34.34098737470778,34.74772401729101,33.673259933005546,33.94758987426758,13493000
2021-09-15 00:00:00-04:00,34.039046133961314,35.00968617028761,33.72470592521067,34.99063491821289,15663000
2021-09-16 00:00:00-04:00,34.767725929964485,35.5992947774665,34.59626836071349,35.43640899658203,19707000
2021-09-17 00:00:00-04:00,35.663126062918145,35.68217731486005,34.92109742300668,35.22591018676758,21625000
2021-09-20 00:00:00-04:00,34.329565848608105,34.44005800575632,33.317015400740296,33.832340240478516,13123000
2021-09-21 00:00:00-04:00,34.19144608997642,34.23812037700698,33.30463100274156,33.965694427490234,11604000
2021-09-22 00:00:00-04:00,34.20858950310634,34.89251587617114,33.910444551260944,34.81631088256836,7624000
2021-09-23 00:00:00-04:00,34.925852175943064,35.473563719250215,34.84107539835024,35.33734893798828,9483000
2021-09-24 00:00:00-04:00,35.02205686645471,35.30591427086583,34.938235739648746,35.1992301940918,4338000
2021-09-27 00:00:00-04:00,34.721057960618204,35.18780445808434,34.55817215013861,34.8420295715332,8440000
2021-09-28 00:00:00-04:00,33.56182375808323,33.999991655393266,32.98934507852426,33.05602264404297,16206000
2021-09-29 00:00:00-04:00,33.213184950536295,33.314153292664855,31.892010178596475,31.938684463500977,12023000
2021-09-30 00:00:00-04:00,32.22253671763659,32.598790622294324,31.805324272284288,31.86343002319336,9622000
2021-10-01 00:00:00-04:00,32.0739554665323,32.238745348834605,31.317635639581425,31.91202163696289,9046000
2021-10-04 00:00:00-04:00,31.635781996322347,31.683408302412825,31.01376943029853,31.345256805419922,11476000
2021-10-05 00:00:00-04:00,31.71580192818015,31.856776842148122,31.2662025247447,31.55101203918457,7743000
2021-10-06 00:00:00-04:00,31.12807049736487,31.454790450659146,30.896603136581923,31.348106384277344,8209000
2021-10-07 00:00:00-04:00,31.76627319046567,32.021555534921575,31.369063964049722,31.443361282348633,8119000
2021-10-08 00:00:00-04:00,31.65197059984896,31.659590372072408,30.940421226296248,31.057584762573242,6431000
2021-10-11 00:00:00-04:00,30.91660611896556,31.54909074016444,30.913746433697106,30.97661590576172,5287000
2021-10-12 00:00:00-04:00,31.19665646288751,31.270953786192827,30.28983813739245,30.438434600830078,8555000
2021-10-13 00:00:00-04:00,30.848980982764274,31.052821703456633,30.394617988762086,30.520353317260742,6906000
2021-10-14 00:00:00-04:00,31.558616601954938,31.558616601954938,31.110921449549124,31.412878036499023,9590000
2021-10-15 00:00:00-04:00,31.450026730937534,31.661490829273895,31.232850529319425,31.348106384277344,7725000
2021-10-18 00:00:00-04:00,31.117597414380082,31.26524368676387,30.703244555067002,31.126169204711914,13778000
2021-10-19 00:00:00-04:00,31.024256120150046,31.69293949705439,31.010920605990343,31.637693405151367,8206000
2021-10-20 00:00:00-04:00,31.59672733177755,31.810095507596778,31.26428794081152,31.531953811645508,7020000
2021-10-21 00:00:00-04:00,31.13664903669246,32.017748426241035,30.804213274387394,31.958690643310547,8706000
2021-10-22 00:00:00-04:00,32.588310817312006,34.09332261837487,32.437808547109846,32.674991607666016,18562000
2021-10-25 00:00:00-04:00,33.12079771851069,33.12079771851069,32.54641497706105,32.694061279296875,10575000
2021-10-26 00:00:00-04:00,33.25510244607322,33.25510244607322,32.14634721893334,32.57403564453125,8680000
2021-10-27 00:00:00-04:00,32.47781666799479,32.90360087060183,32.03202557143535,32.44066619873047,11962000
2021-10-28 00:00:00-04:00,34.904896728861175,37.05287304398059,33.57705424837829,33.84757614135742,23508000
2021-10-29 00:00:00-04:00,33.55133379380282,35.635492156694674,33.52752246137487,35.506900787353516,16042000
2021-11-01 00:00:00-04:00,35.52976727355162,36.243220778894674,35.16399272144285,36.2213134765625,20494000
2021-11-02 00:00:00-04:00,36.29560909717429,37.0366856082791,36.29275304495643,37.0300178527832,11863000
2021-11-03 00:00:00-04:00,37.14908569652793,37.517719919870515,36.488022246707644,37.4986686706543,12373000
2021-11-04 00:00:00-04:00,37.537730041048206,39.020835361953914,37.49867551807158,38.9665412902832,17038000
2021-11-05 00:00:00-04:00,39.08464734171067,39.85429886782124,38.63790411408811,39.69522476196289,16555000
2021-11-08 00:00:00-05:00,39.697126390634565,39.94288129833791,39.11036034076477,39.324684143066406,12478000
2021-11-09 00:00:00-05:00,39.33325734611779,39.778092894404814,39.094170184550826,39.73141860961914,8377000
2021-11-10 00:00:00-05:00,39.057971722539655,39.816191683819184,38.419767705885036,38.51597595214844,11698000
2021-11-11 00:00:00-05:00,39.07415710199832,39.45612670759614,38.86364504786301,39.31991195678711,6201000
2021-11-12 00:00:00-05:00,39.389645096145266,39.85471497182558,39.134666121583194,39.46699523925781,6271000
2021-11-15 00:00:00-05:00,39.91773077051277,39.998902316724454,39.20437050883434,39.44597625732422,6542000
2021-11-16 00:00:00-05:00,39.44120298250148,40.492626300859875,39.26549036166759,40.4143180847168,11510000
2021-11-17 00:00:00-05:00,40.27775107196579,40.495484752941266,39.87857447830403,40.09344482421875,14766000
2021-11-18 00:00:00-05:00,40.3789939244342,40.57094308185213,39.85662453441257,40.418148040771484,8877000
2021-11-19 00:00:00-05:00,40.30259380788982,40.76193336764092,40.19181986420699,40.33601760864258,7463000
2021-11-22 00:00:00-05:00,40.482125088514344,40.80013021780486,38.90451451618626,38.95322036743164,16043000
2021-11-23 00:00:00-05:00,38.88064321573505,39.37913686635436,38.275193408010075,39.34284973144531,11616000
2021-11-24 00:00:00-05:00,39.191002245535536,39.473670998708954,38.30574348363169,39.46889877319336,7303000
2021-11-26 00:00:00-05:00,38.83957503964494,39.16330680366713,37.91611657646395,38.09947204589844,7563000
2021-11-29 00:00:00-05:00,38.4671373497073,39.59400202055623,38.4671373497073,39.520469665527344,10845000
2021-11-30 00:00:00-05:00,39.40778976118745,39.95880711451147,38.754592107160754,38.975189208984375,15486000
2021-12-01 00:00:00-05:00,39.6551247370122,40.89371784277592,38.9799603492186,39.36194610595703,16371000
2021-12-02 00:00:00-05:00,39.03152089817433,39.714324339961045,38.31433557655011,38.440391540527344,16100000
2021-12-03 00:00:00-05:00,38.92647058040294,39.24065419901098,37.684052780805615,38.26372146606445,13130000
2021-12-06 00:00:00-05:00,38.47763936302227,38.525387119916566,37.26005152615593,38.15390396118164,12843000
2021-12-07 00:00:00-05:00,38.825255310607254,40.15457544785953,38.74981405679501,40.027565002441406,13481000
2021-12-08 00:00:00-05:00,39.97312223977924,40.329323334363764,39.46889836856319,40.230960845947266,9522000
2021-12-09 00:00:00-05:00,39.94160712967527,40.12018672004691,39.04106997418985,39.09359359741211,10916000
2021-12-10 00:00:00-05:00,39.64746711010003,39.87475250320639,38.58936291470798,39.219642639160156,8338000
2021-12-13 00:00:00-05:00,39.219657857398246,39.22729706264073,37.89606810100197,38.17491912841797,11894000
2021-12-14 00:00:00-05:00,37.79674238184011,38.41842855615376,37.64299293859225,38.147216796875,9933000
2021-12-15 00:00:00-05:00,38.24082077765433,39.30083815259704,37.50836035606013,39.145179748535156,21869000
2021-12-16 00:00:00-05:00,39.535749091668904,39.630290164294195,37.72989875965419,37.94190216064453,23066000
2021-12-17 00:00:00-05:00,37.84927637796882,37.958145075299385,36.95733628789651,37.391845703125,32280000
2021-12-20 00:00:00-05:00,36.850373873293194,37.542725484225215,36.44450881558771,36.814083099365234,18502000
2021-12-21 00:00:00-05:00,38.49959485614777,39.3638447482327,38.30000657634981,39.09645080566406,22670000
2021-12-22 00:00:00-05:00,38.798520717325175,39.47655220571168,38.537815036316495,39.4603157043457,7196000
2021-12-23 00:00:00-05:00,39.65320535180309,40.53750967562552,39.63410552082832,40.181304931640625,8780000
2021-12-27 00:00:00-05:00,40.32167888779796,42.166679300037146,40.30067016971569,42.03489303588867,13028000
2021-12-28 00:00:00-05:00,42.16573203891557,42.251679458745855,41.09425809081304,41.26901626586914,7519000
2021-12-29 00:00:00-05:00,41.32917790523577,41.91457333118685,41.209806694627005,41.54882049560547,6139000
2021-12-30 00:00:00-05:00,41.58415499724387,41.63667862364183,40.70940602085626,40.784847259521484,6150000
2021-12-31 00:00:00-05:00,40.863158340379236,41.24801105060712,40.80204106046279,41.0742073059082,5250000
2022-01-03 00:00:00-05:00,41.172560714245414,41.60229779304899,40.644464790634515,41.549774169921875,10443000
2022-01-04 00:00:00-05:00,41.4819771872621,41.7168982093701,39.87953655019075,41.1821174621582,9649000
2022-01-05 00:00:00-05:00,41.26996746195372,41.54977286620983,40.0781643055792,40.17939376831055,11740000
2022-01-06 00:00:00-05:00,40.16889309017038,41.545960777971324,39.89577240681244,41.27570343017578,12685000
2022-01-07 00:00:00-05:00,41.04556044500095,41.591805531921445,39.74489190322223,39.81365203857422,11550000
2022-01-10 00:00:00-05:00,39.17381427721462,40.06289088698924,38.64762719477265,39.987449645996094,13411000
2022-01-11 00:00:00-05:00,39.61786952037238,40.66929272803563,39.20150198121247,40.64446258544922,10185000
2022-01-12 00:00:00-05:00,41.02741644313799,41.73122875677409,41.02741644313799,41.43232345581055,12131000
2022-01-13 00:00:00-05:00,42.61551803604811,43.65357170184096,40.147876960442964,40.250057220458984,22904000
2022-01-14 00:00:00-05:00,40.02946050666937,42.54580379716511,39.993173381365345,42.49614715576172,14220000
2022-01-18 00:00:00-05:00,41.74650487557007,41.85346102667857,39.34571086109342,39.4383430480957,17102000
2022-01-19 00:00:00-05:00,39.895770008210434,40.28635299871412,37.51503049051339,37.54845428466797,15114000
2022-01-20 00:00:00-05:00,38.19879163429943,38.92647960580725,36.51040355775177,36.602081298828125,15786000
2022-01-21 00:00:00-05:00,36.195259676515384,37.1005690293907,35.39499392390951,35.623233795166016,19349000
2022-01-24 00:00:00-05:00,35.11328899536448,37.58474863307429,34.65585832869343,37.348873138427734,33108000
2022-01-25 00:00:00-05:00,36.09881039092228,36.47984530423345,35.300457076053945,35.34438705444336,17828000
2022-01-26 00:00:00-05:00,36.64983078184571,38.01162015735058,35.73306061384737,36.346153259277344,23818000
2022-01-27 00:00:00-05:00,35.887759216941575,36.17806714762953,34.279588578975805,34.55080032348633,30766000
2022-01-28 00:00:00-05:00,33.667458449183364,35.0416590873748,32.85382311234687,35.01396560668945,21117000
2022-01-31 00:00:00-05:00,34.98245630596203,37.218040396427845,34.96717789546499,37.174110412597656,22165000
2022-02-01 00:00:00-05:00,37.226631347787226,37.387069218057164,35.83619773450638,37.055694580078125,13577000
2022-02-02 00:00:00-05:00,37.35937083422022,37.88842490290858,36.7921207433447,37.765235900878906,13223000
2022-02-03 00:00:00-05:00,36.821727013817195,37.17124706500374,35.56880628043096,35.6853141784668,18684000
2022-02-04 00:00:00-05:00,35.62897141027227,36.34711139338339,35.153398977573495,36.03865432739258,11292000
2022-02-07 00:00:00-05:00,36.14465932343758,36.43879244995883,35.726382717326146,35.868675231933594,10840000
2022-02-08 00:00:00-05:00,35.827600220796235,36.894302037137265,35.612733473766795,36.78734588623047,19752000
2022-02-09 00:00:00-05:00,37.580917144951925,38.315289687345754,37.24381228330026,38.21119689941406,14608000
2022-02-10 00:00:00-05:00,37.28679850147583,38.7507682814312,36.98598429035669,37.21613311767578,13264000
2022-02-11 00:00:00-05:00,37.4536036052019,37.71788830096857,34.958229640986474,35.355613708496094,16578000
2022-02-14 00:00:00-05:00,35.44561705564234,36.18963361202854,34.40667646538722,34.965885162353516,12641000
2022-02-15 00:00:00-05:00,35.762571461165265,37.278373052119726,35.6792665527052,37.10505676269531,15652000
2022-02-16 00:00:00-05:00,36.57360986163008,37.10696427545668,36.14750054478014,36.92790222167969,16002000
2022-02-17 00:00:00-05:00,36.318906481238834,36.51424526322885,34.95631282070223,35.051109313964844,18218000
2022-02-18 00:00:00-05:00,35.42934101454121,35.42934101454121,33.825445901867845,34.30900955200195,13689000
2022-02-22 00:00:00-05:00,33.99875915353987,34.981206052197926,33.382096200393114,34.063873291015625,16670000
2022-02-23 00:00:00-05:00,34.40763810226026,34.876839144539396,32.76735763392966,32.91864776611328,16368000
2022-02-24 00:00:00-05:00,31.761912182400923,34.30707942054858,31.52827062309211,34.269737243652344,16764000
2022-02-25 00:00:00-05:00,34.15578913534484,34.459333614604645,33.59562355083933,34.24675750732422,15783000
2022-02-28 00:00:00-05:00,33.84171660619239,34.13376952252017,32.66488807581367,33.370601654052734,18830000
2022-03-01 00:00:00-05:00,33.18676626446157,33.452008003259,31.900774492061963,32.249324798583984,14275000
2022-03-02 00:00:00-05:00,32.77788599818409,33.322732064150145,32.29528300652792,33.13792419433594,12894000
2022-03-03 00:00:00-05:00,33.421355110370826,33.47402063301609,32.395820259781836,32.798946380615234,10285000
2022-03-04 00:00:00-05:00,32.43603675505508,32.65244098474914,31.30708492089324,31.800222396850586,15665000
2022-03-07 00:00:00-05:00,32.03099668026448,32.31634682532305,30.057485869551325,30.080467224121094,16411000
2022-03-08 00:00:00-05:00,30.282508250340967,31.872997576772388,29.7367052318048,30.81586265563965,18050000
2022-03-09 00:00:00-05:00,31.705426268051216,32.747241477091656,31.692020631501766,32.514556884765625,15213000
2022-03-10 00:00:00-05:00,31.669998255981508,32.02237655501647,30.902998593138904,31.4832763671875,15558000
2022-03-11 00:00:00-05:00,32.183243258286645,32.367090418026415,30.907786465270515,30.9547061920166,9587000
2022-03-14 00:00:00-04:00,31.046633959228984,31.708298954856218,30.451038299690254,30.641590118408203,15587000
2022-03-15 00:00:00-04:00,30.993969635738843,31.994607348515558,30.965244312772953,31.907470703125,13335000
2022-03-16 00:00:00-04:00,32.27038621394666,33.638725704828644,31.911305036725743,33.60233688354492,15495000
2022-03-17 00:00:00-04:00,33.17239818366487,33.93460552151906,33.037381123726476,33.764163970947266,10144000
2022-03-18 00:00:00-04:00,33.567858349584434,35.086530603736165,33.213566022407846,34.95534896850586,29964000
2022-03-21 00:00:00-04:00,34.50530184113403,34.86151189253518,33.59180083921996,34.115577697753906,13332000
2022-03-22 00:00:00-04:00,34.14526698784138,34.91705185420792,34.14526698784138,34.57041931152344,8425000
2022-03-23 00:00:00-04:00,34.49476457029463,34.49476457029463,33.34857906173401,33.39262771606445,11633000
2022-03-24 00:00:00-04:00,33.896310297730345,35.05686260517397,33.52956920821525,35.035797119140625,10669000
2022-03-25 00:00:00-04:00,34.797355464996954,35.32209301029114,34.411463061425486,35.08845138549805,9422000
2022-03-28 00:00:00-04:00,35.3508225399173,35.97035664203106,34.768634282373704,35.94163131713867,10887000
2022-03-29 00:00:00-04:00,36.48743059081202,37.050471008052945,36.142712117103784,36.80150604248047,10619000
2022-03-30 00:00:00-04:00,36.712452960125766,36.71724173104909,35.57967303361367,35.79512023925781,11230000
2022-03-31 00:00:00-04:00,35.89374680827602,36.28634199234487,35.00801417196039,35.052059173583984,13199000
2022-04-01 00:00:00-04:00,35.352732213605634,35.434126712001415,33.97290497425245,34.497642517089844,11830000
2022-04-04 00:00:00-04:00,34.63936574548836,35.26943446453831,34.510098120519764,35.14686965942383,9042000
2022-04-05 00:00:00-04:00,34.87299243037332,34.996517859037674,32.86214003274552,33.08524703979492,16900000
2022-04-06 00:00:00-04:00,32.45424300992555,33.46158380781011,31.933333394608994,32.96365737915039,17809000
2022-04-07 00:00:00-04:00,32.8755638097319,34.126123856342005,32.839174981643545,33.809173583984375,13150000
2022-04-08 00:00:00-04:00,33.47115382303497,33.53147919529259,32.62180618706241,32.67255401611328,15510000
2022-04-11 00:00:00-04:00,32.26081588846053,32.477220181412406,31.713095030394637,31.739906311035156,14840000
2022-04-12 00:00:00-04:00,32.556692694008966,33.04887322511537,31.426783655348828,31.623083114624023,11643000
2022-04-13 00:00:00-04:00,31.752357446046055,32.52222845437644,31.557018621994114,32.223472595214844,11378000
2022-04-14 00:00:00-04:00,32.17366993596211,32.3067692919284,30.72968547728982,30.783308029174805,14863000
2022-04-18 00:00:00-04:00,30.641596804622267,31.600103728668987,30.58414432200042,31.395187377929688,9846000
2022-04-19 00:00:00-04:00,31.546479045099858,32.45615211957272,31.07823869498912,32.34794998168945,13197000
2022-04-20 00:00:00-04:00,33.04408033954226,33.69425738091133,33.03546347376668,33.091957092285156,12952000
2022-04-21 00:00:00-04:00,33.4089192768259,33.99015429554701,32.02430278007231,32.17272186279297,13406000
2022-04-22 00:00:00-04:00,32.04823758445523,32.222510897162636,30.982481943526654,31.051427841186523,14202000
2022-04-25 00:00:00-04:00,30.85511614659244,31.760000103049126,30.580300646951635,31.714994430541992,12599000
2022-04-26 00:00:00-04:00,31.152927462826156,31.255383807314022,30.10536804958058,30.13983917236328,12811000
2022-04-27 00:00:00-04:00,29.942577926261606,31.024610051093212,29.876506766783937,30.141748428344727,10426000
2022-04-28 00:00:00-04:00,30.580302083581536,32.28473905048071,30.330380140752222,31.863418579101562,18279000
2022-04-29 00:00:00-04:00,31.764794355515207,32.774052488776604,30.490294564314457,30.570730209350586,24249000
2022-05-02 00:00:00-04:00,30.801502884868704,31.35305174993498,29.891829884375245,31.277406692504883,15644000
2022-05-03 00:00:00-04:00,31.24771981560523,32.081747735273375,30.977693012350493,31.982162475585938,13261000
2022-05-04 00:00:00-04:00,32.05397202632321,33.559242335533014,31.257293694960506,33.45486831665039,14590000
2022-05-05 00:00:00-04:00,32.8324607041605,33.13121645822384,31.53402434194027,31.924705505371094,18631000
2022-05-06 00:00:00-04:00,31.771494721104833,32.3910286733085,30.737339442065096,31.728403091430664,9678000
2022-05-09 00:00:00-04:00,30.8637382890997,31.555089241206066,30.290166993880487,30.533384323120117,18229000
2022-05-10 00:00:00-04:00,31.437316032513248,31.65467730549232,30.276764049694076,30.949920654296875,14509000
2022-05-11 00:00:00-04:00,30.476887945069798,31.291764323636908,29.787452887768403,29.840118408203125,13200000
2022-05-12 00:00:00-04:00,29.588283721374236,30.64158869814932,29.34219349136432,30.220266342163086,14981000
2022-05-13 00:00:00-04:00,30.77654468366971,32.445360392786824,30.55365122424292,32.3214225769043,19822000
2022-05-16 00:00:00-04:00,31.893888588615887,32.448238794576255,31.599900501312046,31.75650405883789,9372000
2022-05-17 00:00:00-04:00,32.6797703603111,33.92681882890448,32.429978045325576,33.77117919921875,16574000
2022-05-18 00:00:00-04:00,33.15438786942725,33.72026802721982,31.843931642922954,32.07450866699219,16686000
2022-05-19 00:00:00-04:00,31.967856541315832,33.28312080938623,31.875627957331414,32.523170471191406,14508000
2022-05-20 00:00:00-04:00,32.922844068769066,33.31290522818174,30.554603297128963,32.23110580444336,19970000
2022-05-23 00:00:00-04:00,32.35792581256848,33.19089315780365,32.2512829471403,32.77873229980469,10859000
2022-05-24 00:00:00-04:00,32.379062223197266,32.56544718666866,31.376044604176414,31.71326446533203,13083000
2022-05-25 00:00:00-04:00,31.56819446097338,32.65191439149673,31.47019722317582,32.47129440307617,11663000
2022-05-26 00:00:00-04:00,32.01494505297356,34.059411232723356,32.00245488417919,33.94123840332031,14348000
2022-05-27 00:00:00-04:00,34.398547902825065,35.772414868099474,34.398547902825065,35.669612884521484,14560000
2022-05-31 00:00:00-04:00,35.192134567460414,35.32471801306114,34.37261743766904,35.052825927734375,15926000
2022-06-01 00:00:00-04:00,35.214230399144355,35.45537716791819,33.7010543990982,34.29767990112305,11101000
2022-06-02 00:00:00-04:00,34.1987180648819,35.7387946448606,34.02386304085673,35.717655181884766,11614000
2022-06-03 00:00:00-04:00,34.86643353079819,35.20077272921465,34.52632935793247,34.8212776184082,7999000
2022-06-06 00:00:00-04:00,35.56298029069162,35.69940827439908,34.59550889482561,34.82416915893555,5823000
2022-06-07 00:00:00-04:00,34.45139471004243,35.42366707246455,34.13530696358683,35.280517578125,6759000
2022-06-08 00:00:00-04:00,35.17291225749052,35.27475036771171,34.32649451835088,34.72904586791992,8918000
2022-06-09 00:00:00-04:00,34.32170021202931,34.95483241095489,33.57808423991998,33.58576965332031,9088000
2022-06-10 00:00:00-04:00,33.02180645838608,33.22356594802622,32.02070908262245,32.05625915527344,12270000
2022-06-13 00:00:00-04:00,30.967732633616933,31.24827033656796,30.039650391241857,30.155900955200195,19041000
2022-06-14 00:00:00-04:00,30.623784401977755,30.804404419436523,29.94069344477053,30.404733657836914,11703000
2022-06-15 00:00:00-04:00,30.973496066083538,31.654668453672887,30.379756701368947,31.108003616333008,12147000
2022-06-16 00:00:00-04:00,30.657409949936714,30.898556709373,29.449752050978564,29.821561813354492,22114000
2022-06-17 00:00:00-04:00,29.89938314673937,30.39800956591366,29.29795654568949,29.968557357788086,30720000
2022-06-21 00:00:00-04:00,30.6948713132768,31.95344797534862,30.525781289418894,31.437528610229492,13703000
2022-06-22 00:00:00-04:00,30.546920152664185,31.640247773427813,30.371103086441284,31.17044448852539,10771000
2022-06-23 00:00:00-04:00,31.360675468846853,31.474043548502515,30.375912823799915,30.807289123535156,13303000
2022-06-24 00:00:00-04:00,31.504791194753928,32.624061467696436,31.160842391634365,32.61733627319336,19243000
2022-06-27 00:00:00-04:00,32.93629547354911,33.13997168838047,32.18691110900429,32.52989959716797,13698000
2022-06-28 00:00:00-04:00,32.8085143478168,33.16879410731602,31.55089961847601,31.71326446533203,12831000
2022-06-29 00:00:00-04:00,31.08782052391999,31.243460172883605,30.379749362792648,30.798633575439453,12259000
2022-06-30 00:00:00-04:00,30.33460204891644,31.281899758870853,30.08865233871882,30.655492782592773,13026000
2022-07-01 00:00:00-04:00,29.748545705575328,30.1376467397926,28.06531760349477,28.46306610107422,23236000
2022-07-05 00:00:00-04:00,27.504239196971778,28.412143954970965,27.172782457020915,28.395811080932617,22224000
2022-07-06 00:00:00-04:00,28.380441061814693,28.55913879801179,27.940419166077625,28.149860382080078,22012000
2022-07-07 00:00:00-04:00,28.951127040151853,30.324032362731124,28.753212089464192,30.18376350402832,18870000
2022-07-08 00:00:00-04:00,29.713958191101312,30.63051052656436,29.63325586159042,30.440282821655273,10068000
2022-07-11 00:00:00-04:00,30.06270803312721,30.40761518151743,29.590980590193706,30.08768653869629,13834000
2022-07-12 00:00:00-04:00,30.277915030116574,30.695840934402504,29.92628267874669,30.14629364013672,10784000
2022-07-13 00:00:00-04:00,29.555434401584492,30.414340598242834,29.437261569147367,30.082883834838867,10560000
2022-07-14 00:00:00-04:00,29.883049302681716,30.86685172083545,29.02510330019885,30.656450271606445,16289000
2022-07-15 00:00:00-04:00,30.961968984796453,31.34626526649229,30.42202935557915,31.342424392700195,12385000
2022-07-18 00:00:00-04:00,31.848728803301587,32.74702389544976,31.36931606012358,31.65561866760254,16831000
2022-07-19 00:00:00-04:00,32.10140708896023,33.26006809458979,32.02454930822267,33.20146179199219,20448000
2022-07-20 00:00:00-04:00,33.01700990545158,34.356287610067454,32.86425085577259,34.24580383300781,16892000
2022-07-21 00:00:00-04:00,34.412004402429496,34.718482641375445,33.86629985800955,34.63874053955078,12440000
2022-07-22 00:00:00-04:00,34.632010689477305,34.632010689477305,33.79615906022198,34.0123291015625,14681000
2022-07-25 00:00:00-04:00,33.46663508400206,33.78079879052418,32.952635978198245,33.68376541137695,9865000
2022-07-26 00:00:00-04:00,33.6126608648769,33.854767810375094,33.06599613598634,33.2331657409668,8359000
2022-07-27 00:00:00-04:00,33.65301183362323,35.01919353904251,33.6232304072218,34.696380615234375,13182000
2022-07-28 00:00:00-04:00,34.69639013975248,35.67443136242721,34.008496174347265,35.545692443847656,13152000
2022-07-29 00:00:00-04:00,34.782851680940375,37.29616465401852,34.604155773220214,36.84845733642578,18270000
2022-08-01 00:00:00-04:00,36.62268112667221,37.536350898936035,36.36135879576945,37.05021286010742,10293000
2022-08-02 00:00:00-04:00,36.864782050088145,37.473897575017354,36.44109492458007,36.766788482666016,12060000
2022-08-03 00:00:00-04:00,36.80714410499371,38.21847814139538,36.80714410499371,38.038818359375,13546000
2022-08-04 00:00:00-04:00,38.23769231405632,38.329924580508475,37.81400515029563,38.180049896240234,11564000
2022-08-05 00:00:00-04:00,37.3816680370175,38.186774420330586,37.08479566363517,38.020565032958984,12138000
2022-08-08 00:00:00-04:00,37.55075849929837,38.11183384088137,36.64285377489088,37.2462043762207,16001000
2022-08-09 00:00:00-04:00,35.982824967262715,35.98570928742853,34.17182007392786,34.42545700073242,31946000
2022-08-10 00:00:00-04:00,35.35545695479366,36.07601655440884,34.9413756061053,35.98090362548828,17551000
2022-08-11 00:00:00-04:00,36.074088218459075,37.04828452517844,35.65232155013622,35.811805725097656,13238000
2022-08-12 00:00:00-04:00,36.09429829591194,37.000559075843924,35.91208256090502,36.7518196105957,11370000
2022-08-15 00:00:00-04:00,36.44330709698031,37.180849643241174,36.066341723954245,37.0526237487793,13036000
2022-08-16 00:00:00-04:00,37.01694255929474,37.213619290579935,36.48186210162727,36.70650100708008,8726000
2022-08-17 00:00:00-04:00,36.333387860025006,36.55513233789448,35.59391472976402,36.16273880004883,11984000
2022-08-18 00:00:00-04:00,36.29868925897894,37.026588583879736,36.02295120592104,36.830875396728516,11192000
2022-08-19 00:00:00-04:00,36.28904879978326,36.52140007179063,35.59682023454663,35.84652328491211,12573000
2022-08-22 00:00:00-04:00,35.06462708335272,35.32204609743701,34.52183423218677,34.68862533569336,13387000
2022-08-23 00:00:00-04:00,34.87084222653476,35.59392366635069,34.83034984243863,34.944114685058594,8602000
2022-08-24 00:00:00-04:00,34.73297682204716,35.244916774151704,34.48423736615924,34.96532440185547,9384000
2022-08-25 00:00:00-04:00,35.10705243688103,36.38063909049811,34.97207414175899,36.31990051269531,12853000
2022-08-26 00:00:00-04:00,36.17528715016386,36.34689985753259,34.61150487904258,34.62885665893555,16044000
2022-08-29 00:00:00-04:00,34.0802746778578,34.68187898653249,33.866242446459744,34.069671630859375,13197000
2022-08-30 00:00:00-04:00,34.44760040490163,34.45724355061886,33.112311590099445,33.46806716918945,14166000
2022-08-31 00:00:00-04:00,33.7283728821679,33.7283728821679,32.7652279610638,33.17786407470703,15648000
2022-09-01 00:00:00-04:00,32.28414133199003,32.57530034068703,31.718207835719024,32.50106430053711,18704000
2022-09-02 00:00:00-04:00,32.950346344682224,33.29260822260106,32.10289678463012,32.32175064086914,13007000
2022-09-06 00:00:00-04:00,32.18289732419856,32.4962332344891,31.49838136360024,31.871488571166992,14028000
2022-09-07 00:00:00-04:00,32.01997742040938,32.86164163226797,31.694107498531267,32.56951904296875,16049000
2022-09-08 00:00:00-04:00,32.37765415093967,33.881664652205636,32.085527938085725,33.84888458251953,22582000
2022-09-09 00:00:00-04:00,34.40517419151704,34.97110389746833,34.40517419151704,34.57967758178711,16553000
2022-09-12 00:00:00-04:00,34.412890152228826,34.65199012719686,34.00892991334156,34.4639892578125,11413000
2022-09-13 00:00:00-04:00,33.06699753036566,33.58183191216663,32.734378882009906,32.845252990722656,23265000
2022-09-14 00:00:00-04:00,33.120988708228126,33.72066587837784,32.56951991288874,33.416969299316406,18030000
2022-09-15 00:00:00-04:00,33.227029394362425,33.227029394362425,32.237853329118124,32.5251579284668,15775000
2022-09-16 00:00:00-04:00,32.289932008394196,32.60230452010589,31.646871624891645,32.3487434387207,42193000
2022-09-19 00:00:00-04:00,32.12795018483949,32.60036125007599,31.82907525127434,32.23496627807617,14174000
2022-09-20 00:00:00-04:00,31.977547696867653,32.05564171542443,31.620828607582677,31.805938720703125,11625000
2022-09-21 00:00:00-04:00,32.04889774119675,32.542522330906564,31.126245130744497,31.127208709716797,18007000
2022-09-22 00:00:00-04:00,30.88424995900636,30.95944956361727,30.10621337881171,30.18334197998047,22904000
2022-09-23 00:00:00-04:00,29.915323487943823,29.983776209918215,29.133432500023194,29.65597915649414,18399000
2022-09-26 00:00:00-04:00,29.782277035825416,30.174668806576676,29.204775134507788,29.26744270324707,14763000
2022-09-27 00:00:00-04:00,29.975099915426394,30.039696485807816,29.164284970311403,29.73118019104004,13645000
2022-09-28 00:00:00-04:00,29.494010233897228,30.539105472409993,29.25876822885792,30.435945510864258,16933000
2022-09-29 00:00:00-04:00,29.977031695680747,30.102365015433637,29.514259968897402,29.955820083618164,17848000
2022-09-30 00:00:00-04:00,29.205740928582582,30.07825986805408,29.148858506831928,29.17681884765625,16414000
2022-10-03 00:00:00-04:00,29.52003725403236,30.943063057467427,29.383133657676556,30.516925811767578,18693000
2022-10-04 00:00:00-04:00,31.787626602115022,31.896569878028068,31.172524819321648,31.554311752319336,15493000
2022-10-05 00:00:00-04:00,30.85918662257361,32.116385024652345,30.50053848377397,31.72399139404297,13488000
2022-10-06 00:00:00-04:00,31.64204593805772,32.2870333960886,31.49067943669391,31.57359504699707,13177000
2022-10-07 00:00:00-04:00,30.687575500943876,31.020192293332077,29.97895511836559,30.288434982299805,21944000
2022-10-10 00:00:00-04:00,30.253724978586774,30.253724978586774,28.55689557748812,28.8596248626709,20970000
2022-10-11 00:00:00-04:00,28.015066733493985,28.823952643127168,26.669171288685586,27.083736419677734,35612000
2022-10-12 00:00:00-04:00,27.10976887125026,27.18207775086795,26.398257734044773,26.49466896057129,24274000
2022-10-13 00:00:00-04:00,25.000299349078222,27.397073337464924,24.12199710953397,26.854280471801758,45888000
2022-10-14 00:00:00-04:00,27.063484891929924,27.082767500422523,25.37340452926152,25.423538208007812,23460000
2022-10-17 00:00:00-04:00,26.095527736902756,26.27581631546477,25.25000552782079,25.377267837524414,25573000
2022-10-18 00:00:00-04:00,26.228572935686437,26.470563651273068,25.31652707446121,25.911380767822266,17636000
2022-10-19 00:00:00-04:00,25.84967970762672,26.428145227788065,25.436076299849542,26.21989631652832,19912000
2022-10-20 00:00:00-04:00,26.45706697931335,27.24281598307958,26.178440027671847,26.706771850585938,19424000
2022-10-21 00:00:00-04:00,26.746299469163755,28.10665593188694,26.524553109118877,28.019886016845703,20677000
2022-10-24 00:00:00-04:00,28.093158679196943,28.635951522242376,27.892623926407772,28.478801727294922,13690000
2022-10-25 00:00:00-04:00,28.69958630846411,29.66948012249303,28.662950076334784,29.392780303955078,17750000
2022-10-26 00:00:00-04:00,29.0196674545098,29.998237035268385,28.83070116538877,29.540285110473633,19586000
2022-10-27 00:00:00-04:00,30.4446171136189,30.4446171136189,29.33492913646922,29.782276153564453,22987000
2022-10-28 00:00:00-04:00,29.957745402672646,31.154203381832094,29.88447294576079,30.996091842651367,28802000
2022-10-31 00:00:00-04:00,30.645152583826544,30.810980101666868,30.273007005936865,30.509214401245117,13643000
2022-11-01 00:00:00-04:00,31.186983097284436,31.30267509400174,30.760847660668034,30.965238571166992,16669000
2022-11-02 00:00:00-04:00,31.04526156692676,31.58709087072793,29.873869458274527,30.120681762695312,18466000
2022-11-03 00:00:00-04:00,29.6289826340554,30.847615714016175,29.627053637373827,30.315427780151367,17117000
2022-11-04 00:00:00-04:00,31.36534446991168,31.65843429387562,30.731923708837982,31.625654220581055,18758000
2022-11-07 00:00:00-05:00,31.888854913130803,32.576265522219295,31.664215971169074,32.5068473815918,19555000
2022-11-08 00:00:00-05:00,33.11809383479039,33.32634089505578,32.36512310057577,32.98504638671875,14855000
2022-11-09 00:00:00-05:00,32.41236630967127,33.12966260316692,32.26196707555323,32.540592193603516,14710000
2022-11-10 00:00:00-05:00,34.472659982748944,35.591989143246664,33.70812273805858,35.503292083740234,27341000
2022-11-11 00:00:00-05:00,35.723120128254166,36.91957640611167,35.300840792931034,36.656375885009766,16653000
2022-11-14 00:00:00-05:00,36.359375456234936,37.31615237400326,36.359375456234936,36.55963134765625,12633000
2022-11-15 00:00:00-05:00,37.739879654863095,37.97109062050496,36.74827644912287,37.298736572265625,17427000
2022-11-16 00:00:00-05:00,35.967566621166704,36.53060354082137,35.55931614113945,35.83502960205078,24557000
2022-11-17 00:00:00-05:00,34.99822288393736,36.419359352124054,34.827958859338615,36.3738899230957,9875000
2022-11-18 00:00:00-05:00,37.00947603989658,37.03656357642173,35.967569078097306,36.40774154663086,11216000
2022-11-21 00:00:00-05:00,35.95112052382089,36.408707984676994,35.86985791524265,35.9985237121582,10826000
2022-11-22 00:00:00-05:00,36.38065143341659,37.06461537263418,35.69765806934906,36.97270965576172,13803000
2022-11-23 00:00:00-05:00,36.81018776710131,37.61991691445866,36.771490231202726,37.30647277832031,14010000
2022-11-25 00:00:00-05:00,36.955302205777876,37.19909004267717,36.76181821394026,36.76375198364258,6244000
2022-11-28 00:00:00-05:00,36.29843840748752,36.81407237402231,36.079800571573934,36.2713508605957,14136000
2022-11-29 00:00:00-05:00,36.26263181783946,36.472560228759995,35.87856818677836,36.21329116821289,8132000
2022-11-30 00:00:00-05:00,36.36228490477592,38.19553588325088,36.022720038134715,38.03397750854492,27951000
2022-12-01 00:00:00-05:00,38.21295075650072,38.3019521569673,37.07817090674859,37.79986572265625,18380000
2022-12-02 00:00:00-05:00,36.82566853033373,37.86080361493906,36.69603215575169,37.686668395996094,9213000
2022-12-05 00:00:00-05:00,37.386773168278005,37.944972092324726,37.20489915534773,37.59089660644531,12364000
2022-12-06 00:00:00-05:00,37.79308744084636,37.8579019423123,36.779234822032166,37.07526397705078,11713000
2022-12-07 00:00:00-05:00,36.68055593086893,37.63442843950174,36.6109033169583,37.544456481933594,8280000
2022-12-08 00:00:00-05:00,37.83275101081531,38.45673502113575,37.555103719151106,38.30194854736328,11300000
2022-12-09 00:00:00-05:00,37.91400996308095,38.74888913633462,37.49705012844334,38.059120178222656,13803000
2022-12-12 00:00:00-05:00,37.284221942318915,38.79435945634693,37.12072615098596,38.78468322753906,15558000
2022-12-13 00:00:00-05:00,40.21162365192811,40.5898822647384,39.04104724370198,39.57022476196289,22219000
2022-12-14 00:00:00-05:00,39.50637424832516,40.05489680273457,38.86400852079987,39.29740905761719,15570000
2022-12-15 00:00:00-05:00,38.50799771987744,38.661817261837975,37.076222350931,37.22133255004883,20916000
2022-12-16 00:00:00-05:00,36.95917729110754,37.512541842167124,36.78601260739016,37.29777526855469,23609000
2022-12-19 00:00:00-05:00,37.242622525253225,37.324852015408226,36.70570624652368,37.11589050292969,11228000
2022-12-20 00:00:00-05:00,36.838242808886946,37.70408081458713,36.61283685476489,37.333560943603516,9034000
2022-12-21 00:00:00-05:00,37.61411167352118,38.51574284984831,37.49511841207711,38.3851432800293,11250000
2022-12-22 00:00:00-05:00,37.350971153675594,37.41772310402611,35.50997834342256,36.16685104370117,20757000
2022-12-23 00:00:00-05:00,36.0111043036682,36.56833631301396,35.57383244992887,36.50932312011719,8920000
2022-12-27 00:00:00-05:00,36.39999966985371,36.39999966985371,35.68411378269719,35.900814056396484,9887000
2022-12-28 00:00:00-05:00,35.72765373978766,36.32455020127757,35.43839645169458,35.57770538330078,6104000
2022-12-29 00:00:00-05:00,36.098163650409404,36.89338201897161,36.05946612061474,36.748268127441406,7872000
2022-12-30 00:00:00-05:00,36.23457074640746,36.52092360089642,35.824382848162124,36.4744873046875,6693000
2023-01-03 00:00:00-05:00,37.14878251546767,37.22036889135988,36.04399120891672,36.42805480957031,7641000
2023-01-04 00:00:00-05:00,37.03752929632386,37.26196835041589,36.19007323134884,36.78406524658203,11876000
2023-01-05 00:00:00-05:00,36.24714841528768,36.838239767321056,36.09623320176422,36.13009262084961,9249000
2023-01-06 00:00:00-05:00,36.760853673388326,38.47898602106617,36.539315245138425,38.463504791259766,14234000
2023-01-09 00:00:00-05:00,38.951083073416854,40.332554911932554,38.708262112822915,39.50251007080078,19554000
2023-01-10 00:00:00-05:00,39.37287378280097,40.3122318861758,39.30998936700349,40.270633697509766,9790000
2023-01-11 00:00:00-05:00,39.980405850076004,40.5850409278525,39.78788877181449,40.54924774169922,12308000
2023-01-12 00:00:00-05:00,40.549254119613806,40.89268645496072,39.42027950195445,40.5415153503418,15053000
2023-01-13 00:00:00-05:00,40.22419823629809,40.74273634948047,39.90108156817628,40.635353088378906,16152000
2023-01-17 00:00:00-05:00,40.411875177938555,40.68275421943393,40.02103968838651,40.23967742919922,10462000
2023-01-18 00:00:00-05:00,40.84529024491607,41.432510519493796,40.125532914002704,40.153587341308594,11839000
2023-01-19 00:00:00-05:00,39.75307198752723,40.129396890983706,38.87465702101583,38.899810791015625,14098000
2023-01-20 00:00:00-05:00,39.16778322649617,40.12842764095714,38.953983574899866,40.036521911621094,9233000
2023-01-23 00:00:00-05:00,39.431887912597986,41.45959318596126,39.431887912597986,41.171302795410156,14594000
2023-01-24 00:00:00-05:00,40.51926760868709,41.23902491200647,40.38479678745833,40.93525695800781,8527000
2023-01-25 00:00:00-05:00,39.93010931343028,40.926546922868944,39.5112156635763,40.88494873046875,12763000
2023-01-26 00:00:00-05:00,41.0194215812265,41.54666172032891,40.14777850555612,41.47894287109375,16463000
2023-01-27 00:00:00-05:00,39.18036300611935,39.713408156778875,38.2410010608325,38.63570785522461,23855000
2023-01-30 00:00:00-05:00,38.24003369778803,38.37643828244439,37.450623809273914,37.504798889160156,14460000
2023-01-31 00:00:00-05:00,37.53478318855802,38.02526320185491,37.523173189672846,37.969154357910156,11133000
2023-02-01 00:00:00-05:00,37.97592800835137,40.05200330606209,37.80469343323191,39.64181900024414,17278000
2023-02-02 00:00:00-05:00,40.05103324286695,40.33545237340974,39.52959447980515,40.0761833190918,13431000
2023-02-03 00:00:00-05:00,39.57603294500454,40.80465206229408,39.30031945308053,39.4967041015625,10805000
2023-02-06 00:00:00-05:00,39.11941550247139,39.97074293013404,38.89691018315966,39.2374382019043,8555000
2023-02-07 00:00:00-05:00,39.367066288368875,40.48830199368932,38.999447116854036,40.324806213378906,14353000
2023-02-08 00:00:00-05:00,39.952357677430285,40.21742805414173,39.0497595912498,39.13585662841797,9377000
2023-02-09 00:00:00-05:00,39.7975700032449,40.07425037058762,38.68020541996079,39.05846405029297,12318000
2023-02-10 00:00:00-05:00,38.72072630167987,38.88669030185364,37.9375000265162,38.40238952636719,9105000
2023-02-13 00:00:00-05:00,38.4547961772472,39.237052374343875,38.184985763879574,39.08370590209961,12508000
2023-02-14 00:00:00-05:00,38.58969113657544,39.59808118739288,38.461579724662705,39.047786712646484,13530000
2023-02-15 00:00:00-05:00,38.703252077876115,39.29431297291565,38.16266123608676,39.254520416259766,9404000
2023-02-16 00:00:00-05:00,38.55863882723516,38.85077051092849,37.92390541216953,38.12577819824219,13346000
2023-02-17 00:00:00-05:00,38.12576774293563,38.34607803002416,37.26975050453906,37.64923095703125,9912000
2023-02-21 00:00:00-05:00,37.25520410226631,37.62886091607312,36.696172042808705,36.71946334838867,11610000
2023-02-22 00:00:00-05:00,36.92618755258835,37.01936017367127,36.28368669179485,36.662200927734375,8845000
2023-02-23 00:00:00-05:00,37.431840264618074,37.90352342887348,36.79710686132555,37.69291687011719,11211000
2023-02-24 00:00:00-05:00,37.09506038363072,37.29790316376143,36.66413980129564,36.86601257324219,7264000
2023-02-27 00:00:00-05:00,37.53082748406595,37.53082748406595,36.742751443220946,36.7922477722168,7562000
2023-02-28 00:00:00-05:00,36.706850131729574,37.30858854198388,36.4778022729417,36.820404052734375,11899000
2023-03-01 00:00:00-05:00,36.28077895689841,37.21055780533595,36.21090133783683,36.71946334838867,7316000
2023-03-02 00:00:00-05:00,36.19051195624894,37.00382298777121,35.646037547443434,36.71654510498047,8646000
2023-03-03 00:00:00-05:00,36.82525138258608,37.20085189379586,36.30212817083748,37.0290641784668,7828000
2023-03-06 00:00:00-05:00,37.34059794652947,37.46385930430491,36.651514642775496,36.848533630371094,7732000
2023-03-07 00:00:00-05:00,36.855340970809266,36.94851360388382,36.139082370321745,36.43412780761719,6934000
2023-03-08 00:00:00-05:00,36.75148923096262,37.77152689866622,36.524381433463866,37.5997428894043,9623000
2023-03-09 00:00:00-05:00,37.55704111829721,38.327653487735795,36.64570349668891,36.73208236694336,9598000
2023-03-10 00:00:00-05:00,37.277520006895294,37.36389886111165,35.29179117733881,35.66836166381836,11426000
2023-03-13 00:00:00-04:00,35.22191986271397,35.95952973035936,34.923964409801165,35.407291412353516,12464000
2023-03-14 00:00:00-04:00,36.16334174901889,36.89706778984432,35.878970150120104,36.785457611083984,13628000
2023-03-15 00:00:00-04:00,36.22545082243211,36.26815339100707,35.08021191682321,35.94010925292969,10134000
2023-03-16 00:00:00-04:00,35.68874487255336,37.89769786934089,35.42475825494485,37.841407775878906,13557000
2023-03-17 00:00:00-04:00,37.841406546306104,38.01804429109751,37.149409391805634,37.63274002075195,30335000
2023-03-20 00:00:00-04:00,37.80743087078916,37.991832349603065,37.29110154686148,37.845279693603516,8760000
2023-03-21 00:00:00-04:00,38.11800934382521,38.491666098692285,36.91550656442898,37.37166213989258,7642000
2023-03-22 00:00:00-04:00,37.11641246295802,38.56931444707726,37.00674229866482,37.061092376708984,8864000
2023-03-23 00:00:00-04:00,37.66283105720615,38.52952607766635,37.062066406594155,37.73562240600586,12195000
2023-03-24 00:00:00-04:00,37.356139637317675,37.426987263023015,35.95855766970387,36.402095794677734,13757000
2023-03-27 00:00:00-04:00,36.63793796552881,36.863102060491585,36.13519600819632,36.30018997192383,7688000
2023-03-28 00:00:00-04:00,36.25942191533641,36.28077320097777,35.46648840599352,36.008052825927734,9265000
2023-03-29 00:00:00-04:00,36.734994437449046,37.70359592449827,36.50109654147083,37.38040542602539,12840000
2023-03-30 00:00:00-04:00,37.884105961503934,38.80709085918631,37.80743459801629,38.436344146728516,9837000
2023-03-31 00:00:00-04:00,38.21312704149301,38.81000792033686,38.13160192052549,38.7411003112793,10555000
2023-04-03 00:00:00-04:00,38.55184118176705,38.85950407345055,38.10442306944253,38.72362518310547,7878000
2023-04-04 00:00:00-04:00,38.92453356280898,38.962386100220584,37.876350744999286,38.12771987915039,8516000
2023-04-05 00:00:00-04:00,37.686121696819775,37.74532181544892,36.56999768414615,37.036827087402344,9856000
2023-04-06 00:00:00-04:00,36.32930589396907,36.777697780351225,35.69068871737946,36.3623046875,7468000
2023-04-10 00:00:00-04:00,35.8974138653259,37.219290762667875,35.76153866329686,37.139705657958984,10089000
2023-04-11 00:00:00-04:00,37.29207882779418,37.40854274753124,36.59231789656028,36.67772674560547,9916000
2023-04-12 00:00:00-04:00,36.953355664890594,37.07175958431726,35.847909335186905,35.92361068725586,8117000
2023-04-13 00:00:00-04:00,35.91002331368094,36.5651378633988,35.62177172706244,36.336090087890625,8169000
2023-04-14 00:00:00-04:00,36.24001497398475,36.89609966777509,36.00902713450945,36.39918518066406,7867000
2023-04-17 00:00:00-04:00,35.36069993777871,36.119664686760316,35.12486207424838,36.114810943603516,10270000
2023-04-18 00:00:00-04:00,36.41568771791368,36.56709047480655,35.68584157246923,36.027469635009766,8811000
2023-04-19 00:00:00-04:00,35.61594959715463,35.646038359257524,34.98510002892553,35.061771392822266,12186000
2023-04-20 00:00:00-04:00,35.136506155064495,36.855334724656956,35.11224484372931,36.46420669555664,16652000
2023-04-21 00:00:00-04:00,36.37200321918291,36.37588325139485,35.839172612427795,36.101219177246094,9182000
2023-04-24 00:00:00-04:00,36.1876067518591,36.40598079303554,35.98185392537792,36.135196685791016,6027000
2023-04-25 00:00:00-04:00,35.928471885482466,35.9944694686005,34.67064888026881,34.72111892700195,12928000
2023-04-26 00:00:00-04:00,34.74538717568992,34.984142532455856,34.53963431939247,34.68327331542969,12746000
2023-04-27 00:00:00-04:00,37.244527046574035,37.444459823364404,35.8129799309243,37.33090591430664,21297000
2023-04-28 00:00:00-04:00,37.45513073536442,37.80355620435119,36.894158695885025,37.51530456542969,13267000
2023-05-01 00:00:00-04:00,37.44348916627701,37.82393973823701,37.15329379131234,37.310523986816406,6913000
2023-05-02 00:00:00-04:00,37.42892020606643,37.47259648546104,36.54864158489332,36.730133056640625,8399000
2023-05-03 00:00:00-04:00,36.75440113614464,37.49201466049631,36.60979215834184,36.702964782714844,7195000
2023-05-04 00:00:00-04:00,36.70296531824541,36.755371680688526,35.87703290103446,36.22351837158203,7245000
2023-05-05 00:00:00-04:00,37.03585933384188,37.67447648731933,36.8398102986569,37.429901123046875,8929000
2023-05-08 00:00:00-04:00,37.4910388222632,37.58032769743529,36.99218068823169,37.222198486328125,6877000
2023-05-09 00:00:00-04:00,36.816515658108656,36.998007166608225,36.34580618871541,36.46809387207031,7989000
2023-05-10 00:00:00-04:00,36.97762176267979,37.69194021318453,36.92909543851987,37.49977493286133,8813000
2023-05-11 00:00:00-04:00,37.45028069430213,37.81811373218092,37.05720893129229,37.51530456542969,7443000
2023-05-12 00:00:00-04:00,37.78505003869034,38.04798092068056,37.28548173439043,37.683773040771484,6867000
2023-05-15 00:00:00-04:00,37.87757043596899,39.41230560768635,37.56984626221742,39.3519287109375,12049000
2023-05-16 00:00:00-04:00,39.29933750538561,40.24394069461,39.29933750538561,39.81059265136719,12782000
2023-05-17 00:00:00-04:00,40.05696207933727,40.952875085203615,39.80766457957285,40.59158706665039,11706000
2023-05-18 00:00:00-04:00,40.56043161570527,41.815678784218484,40.56043161570527,41.7348518371582,11879000
2023-05-19 00:00:00-04:00,41.7767255555464,41.820545510969865,41.10478985386823,41.254756927490234,10646000
2023-05-22 00:00:00-04:00,40.881791683550254,41.499193992668964,40.78928163719657,40.97917556762695,6858000
2023-05-23 00:00:00-04:00,40.66365133921767,40.978195848892504,40.34716026661169,40.38319396972656,7531000
2023-05-24 00:00:00-04:00,39.61972456560289,39.972245653548455,39.4200904054044,39.81935501098633,8884000
2023-05-25 00:00:00-04:00,40.72500047629577,42.487609451123085,40.717210509953155,42.2879753112793,16263000
2023-05-26 00:00:00-04:00,42.36101334519566,45.282462541416045,42.3093997090106,44.91143798828125,21636000
2023-05-30 00:00:00-04:00,45.55610905372465,46.15598113167463,44.17816149648745,44.6718864440918,12331000
2023-05-31 00:00:00-04:00,43.70975032748995,44.3592857303008,43.06411176561446,43.139095306396484,17439000
2023-06-01 00:00:00-04:00,43.37379034028795,44.37974376494205,42.57526106073406,44.068119049072266,12666000
2023-06-02 00:00:00-04:00,44.260927868440774,44.666035833404514,43.35040822870526,44.606632232666016,12066000
2023-06-05 00:00:00-04:00,44.443036128861806,44.93286420401359,43.960021024404476,44.60566329956055,10095000
2023-06-06 00:00:00-04:00,43.92204381920663,45.25032790713055,43.52959591006411,44.89293670654297,11314000
2023-06-07 00:00:00-04:00,45.18410544996507,46.053725010815654,44.855931284584926,45.16170883178711,10864000
2023-06-08 00:00:00-04:00,45.2503277093377,46.29133772404851,45.18703097791281,46.145267486572266,9509000
2023-06-09 00:00:00-04:00,46.32834762767791,46.539664887719226,45.2737041757969,45.34576416015625,10655000
2023-06-12 00:00:00-04:00,45.670044655538284,46.381907244869375,45.38861397784435,46.29815673828125,11939000
2023-06-13 00:00:00-04:00,46.74318499132116,46.95742577793872,46.00795260391376,46.73247146606445,7528000
2023-06-14 00:00:00-04:00,45.94466400305709,46.85518379238274,45.881367266187915,46.795780181884766,9137000
2023-06-15 00:00:00-04:00,46.28354933290747,46.45883659569864,45.824881119097725,46.0206184387207,10380000
2023-06-16 00:00:00-04:00,46.088780205434745,46.257250764011815,45.097437341925776,45.27174758911133,20121000
2023-06-20 00:00:00-04:00,45.41003921619954,45.78885378777134,44.829643909226846,45.22890853881836,8220000
2023-06-21 00:00:00-04:00,44.88612093219425,45.23280232835679,44.350522618605915,44.447906494140625,8765000
2023-06-22 00:00:00-04:00,44.118758655557826,45.563903530669535,44.10999540628044,45.51423645019531,7497000
2023-06-23 00:00:00-04:00,44.55210298806128,44.790686980308166,44.26872204194121,44.49854278564453,8294000
2023-06-26 00:00:00-04:00,44.61053413711659,45.608693796893306,44.61053413711659,44.654354095458984,6153000
2023-06-27 00:00:00-04:00,44.81698042712079,46.60977614080344,44.81698042712079,46.44422912597656,8638000
2023-06-28 00:00:00-04:00,45.80929294823144,46.5055717516783,45.72262261396149,46.200767517089844,7306000
2023-06-29 00:00:00-04:00,46.66333598840724,46.68475932624153,46.02061727930356,46.47344207763672,5888000
2023-06-30 00:00:00-04:00,47.01001344607183,47.54658874503117,46.86004636711288,47.2320442199707,9093000
2023-07-03 00:00:00-04:00,47.23399724422535,47.562171444366975,46.48415809101638,47.21257019042969,4249000
2023-07-05 00:00:00-04:00,46.28549429470205,46.70423566190367,45.47820186113848,45.56584548950195,11189000
2023-07-06 00:00:00-04:00,45.087699416240355,45.287333565067165,44.17231332053587,44.94552230834961,12450000
2023-07-07 00:00:00-04:00,44.3972667433094,45.37595334563652,44.22100619821738,44.38947677612305,9266000
2023-07-10 00:00:00-04:00,44.44304043642112,45.74405792810976,44.44304043642112,45.54150390625,9357000
2023-07-11 00:00:00-04:00,45.5561004833593,45.5561004833593,43.97170236785484,44.74491500854492,6871000
2023-07-12 00:00:00-04:00,45.42075640920403,45.52106015240387,44.77803754213543,45.38667297363281,8745000
2023-07-13 00:00:00-04:00,45.8891620181489,46.507533942235355,45.67005104802141,46.336143493652344,8031000
2023-07-14 00:00:00-04:00,46.56401395952902,46.91945491969375,45.94076824759035,46.235836029052734,8284000
2023-07-17 00:00:00-04:00,46.393584586374516,48.06075996637522,46.37118796887099,47.754005432128906,8162000
2023-07-18 00:00:00-04:00,47.17945744354705,47.34987456582883,46.509468331694144,47.138553619384766,8590000
2023-07-19 00:00:00-04:00,47.03533535717906,47.203805935538774,45.64862089426455,45.82682800292969,11373000
2023-07-20 00:00:00-04:00,44.667987604302986,44.778027856084705,43.72338443020752,43.831478118896484,18139000
2023-07-21 00:00:00-04:00,44.49562323131012,45.00103124259711,44.1635522030492,44.65532684326172,26130000
2023-07-24 00:00:00-04:00,44.55113021395362,45.04972525694486,44.41868962869141,44.8909912109375,7402000
2023-07-25 00:00:00-04:00,45.10620591541161,45.800538286274374,45.09257254408617,45.390560150146484,7882000
2023-07-26 00:00:00-04:00,44.73713729727211,45.09745214640196,44.11389521149142,44.58619689941406,8471000
2023-07-27 00:00:00-04:00,46.256275052362625,48.23214770552883,46.256275052362625,46.97203063964844,19512000
2023-07-28 00:00:00-04:00,48.69082305593662,50.00547379252092,47.535875930649766,49.762996673583984,20193000
2023-07-31 00:00:00-04:00,49.860384302653465,50.32391898672224,49.29654588397544,50.0493049621582,10930000
2023-08-01 00:00:00-04:00,50.05124585468923,50.37552692638777,49.69969803995832,50.08143615722656,8597000
2023-08-02 00:00:00-04:00,49.138780587695,49.33938803850322,48.17957072346603,48.64895248413086,13635000
2023-08-03 00:00:00-04:00,48.42497296824871,49.08911503092609,47.82412763905658,48.917724609375,8700000
2023-08-04 00:00:00-04:00,48.790149392902684,49.034576769164616,47.960456678747654,48.34706115722656,7272000
2023-08-07 00:00:00-04:00,48.690820088338214,49.41631226750632,48.59246293780424,49.31795883178711,7568000
2023-08-08 00:00:00-04:00,48.72295756757182,48.79015113789236,47.87184148672151,48.558380126953125,11130000
2023-08-09 00:00:00-04:00,48.75898719869893,48.87292428296369,48.11918836312673,48.15132522583008,8256000
2023-08-10 00:00:00-04:00,48.69374059733844,49.50201000494758,48.017911767540134,48.32953643798828,9420000
2023-08-11 00:00:00-04:00,47.71798395038708,47.728697477737114,46.55427347718072,46.643863677978516,8687000
2023-08-14 00:00:00-04:00,46.338227604843645,48.03825345467422,46.27866233340014,47.933773040771484,12077000
2023-08-15 00:00:00-04:00,47.529508750102856,47.650591139134804,47.06275711170844,47.215087890625,6549000
2023-08-16 00:00:00-04:00,47.29809368538167,47.65352601415436,46.23765228092099,46.284523010253906,8031000
2023-08-17 00:00:00-04:00,46.4827419000955,46.88992830851812,46.11461505109544,46.18198776245117,8433000
2023-08-18 00:00:00-04:00,45.83632128854295,46.982692887614476,45.711331445885115,46.671199798583984,7663000
2023-08-21 00:00:00-04:00,46.74638975748318,48.088055492476656,46.74638975748318,47.916194915771484,8432000
2023-08-22 00:00:00-04:00,48.36439093666859,48.45227308226517,47.25121957572831,47.52658462524414,5923000
2023-08-23 00:00:00-04:00,47.75117727678324,48.56945763250691,47.416246917823266,48.26870346069336,8203000
2023-08-24 00:00:00-04:00,48.896568976739815,49.14556901920146,46.41731868485249,46.51887130737305,12457000
2023-08-25 00:00:00-04:00,46.52863861924097,47.244386636865414,45.90369681742414,47.039329528808594,11046000
2023-08-28 00:00:00-04:00,47.2971223237699,47.78047234335685,47.031523981844295,47.50413131713867,5982000
2023-08-29 00:00:00-04:00,47.19556077052346,48.920975599089985,47.082289541352374,48.61631774902344,8318000
2023-08-30 00:00:00-04:00,48.66514072547103,48.91706852703313,47.94548536105134,48.65732955932617,6581000
2023-08-31 00:00:00-04:00,48.349745403642196,49.37113091641447,48.22768707283428,49.00593185424805,9149000
2023-09-01 00:00:00-04:00,49.17291699598428,49.675796804172684,48.670033462870634,49.508819580078125,6572000
2023-09-05 00:00:00-04:00,49.50784558642649,50.48138463749279,49.15924844345004,50.04880905151367,7809000
2023-09-06 00:00:00-04:00,49.73633446982859,50.79482405258485,49.4785473114826,50.13863754272461,7146000
2023-09-07 00:00:00-04:00,49.14361123822461,49.14361123822461,47.66817234922796,48.54796600341797,12699000
2023-09-08 00:00:00-04:00,48.336078618600126,48.68174792722352,48.23843343647258,48.60167694091797,8689000
2023-09-11 00:00:00-04:00,49.25200272549334,49.45510797644136,47.41136464808612,48.25307846069336,9011000
2023-09-12 00:00:00-04:00,47.65840768928888,48.39368920294902,47.34203493374182,47.43675231933594,8055000
2023-09-13 00:00:00-04:00,47.25902779954758,47.969896086893925,47.102793297652454,47.221923828125,8374000
2023-09-14 00:00:00-04:00,47.709190587851666,47.846871268717074,46.796192825730664,46.86064147949219,8992000
2023-09-15 00:00:00-04:00,46.112668333538025,46.15465569177575,44.070876592365,44.35307693481445,28314000
2023-09-18 00:00:00-04:00,44.47122297024759,45.01121043543721,44.136296346539105,44.576683044433594,11784000
2023-09-19 00:00:00-04:00,44.583516440117656,44.79248099427809,44.10211833879621,44.6547966003418,6635000
2023-09-20 00:00:00-04:00,44.91747192652511,45.112766027712425,44.12751214824975,44.153873443603516,7098000
2023-09-21 00:00:00-04:00,43.550405808246225,43.98395718656083,43.40882143913375,43.64024353027344,10551000
2023-09-22 00:00:00-04:00,44.088452266671894,44.796389187855326,44.01228872248215,44.11872100830078,8008000
2023-09-25 00:00:00-04:00,43.842373896352555,44.55812561102348,43.64903540912224,44.467315673828125,6305000
2023-09-26 00:00:00-04:00,43.98493393820764,44.10113667594313,43.22719866707136,43.4683837890625,10082000
2023-09-27 00:00:00-04:00,43.95076458556836,44.09918794135424,42.979181260775434,43.507450103759766,10596000
2023-09-28 00:00:00-04:00,43.42249535149395,45.21137916892832,43.32679831610652,44.73095703125,8518000
2023-09-29 00:00:00-04:00,45.566817749344395,45.81874558235617,44.7026426661296,44.78662109375,8154000
2023-10-02 00:00:00-04:00,44.829581746499215,45.512133185680945,44.4223953504661,44.978981018066406,7165000
2023-10-03 00:00:00-04:00,44.4936842998364,45.261186454451256,43.77598066644287,44.120670318603516,7588000
2023-10-04 00:00:00-04:00,44.454623825762795,45.115689962233695,44.1685197985693,45.019996643066406,7484000
2023-10-05 00:00:00-04:00,45.04538008492123,45.36370839701651,44.54347632489195,45.02292251586914,8819000
2023-10-06 00:00:00-04:00,44.52200541133035,46.00525575475517,43.87753746547543,45.703529357910156,9959000
2023-10-09 00:00:00-04:00,45.16549494632885,45.664467283674576,44.819825625039265,45.57853698730469,6346000
2023-10-10 00:00:00-04:00,45.804102214152145,46.63604930390219,45.61271556979156,46.298194885253906,8393000
2023-10-11 00:00:00-04:00,46.55305642306994,47.18190205912414,46.46712984324576,47.127220153808594,9130000
2023-10-12 00:00:00-04:00,47.35863288880931,49.49904911322548,47.35863288880931,48.93172073364258,14288000
2023-10-13 00:00:00-04:00,48.93172132277679,49.277390613092244,47.312738661366005,47.53537368774414,11571000
2023-10-16 00:00:00-04:00,47.535375218735965,48.33217389407583,47.37816476530826,47.96501922607422,8060000
2023-10-17 00:00:00-04:00,47.25512977849815,47.60958617228285,46.198592109220805,47.490455627441406,7774000
2023-10-18 00:00:00-04:00,46.72100340943376,47.16334197072147,45.95056973470042,46.81181335449219,8004000
2023-10-19 00:00:00-04:00,47.45042703958028,47.45042703958028,45.12057582148121,45.410587310791016,12454000
2023-10-20 00:00:00-04:00,45.4105905912331,45.97596348048893,45.0619897306913,45.155731201171875,9146000
2023-10-23 00:00:00-04:00,44.819821174272676,45.804099001151165,44.437044187477056,45.167442321777344,6201000
2023-10-24 00:00:00-04:00,45.69766766566082,46.122432046983036,45.26802363248755,45.91932678222656,8555000
2023-10-25 00:00:00-04:00,45.30903214781312,45.62150119276765,44.18023464985187,44.413612365722656,15151000
2023-10-26 00:00:00-04:00,44.78466511870744,46.71807237368604,44.13726948455837,44.745609283447266,15891000
2023-10-27 00:00:00-04:00,44.78564761842776,45.330514735391965,44.42923562772193,44.71533966064453,7462000
2023-10-30 00:00:00-04:00,44.74853695756556,45.23286656277561,44.13922122999951,44.8725471496582,6880000
2023-10-31 00:00:00-04:00,44.88817264202535,46.32650758585017,44.28276064315488,45.86463928222656,13153000
2023-11-01 00:00:00-04:00,46.11754873657477,46.598946879462694,45.48089199132287,46.53157043457031,12389000
2023-11-02 00:00:00-04:00,47.71309280862273,48.179844531289596,47.293211816783185,47.78242111206055,12548000
2023-11-03 00:00:00-04:00,48.25600755623579,49.163145972975066,48.19839786735182,48.786231994628906,7608000
2023-11-06 00:00:00-05:00,48.90145182862968,49.18169653660022,48.34486240882399,48.71201705932617,7059000
2023-11-07 00:00:00-05:00,48.755956419692865,49.54494016749547,48.683696605689775,49.12799072265625,6114000
2023-11-08 00:00:00-05:00,49.35257376506663,49.96384130846973,49.27836209630439,49.91306686401367,8812000
2023-11-09 00:00:00-05:00,49.93064610613718,50.873912531504004,49.36038992268311,49.447296142578125,10198000
2023-11-10 00:00:00-05:00,50.39056315856168,52.35228363884519,49.99704720115744,52.16773223876953,12950000
2023-11-13 00:00:00-05:00,51.75272905207681,51.94704718404257,51.169778381103946,51.58184814453125,10452000
2023-11-14 00:00:00-05:00,52.95169072381538,53.48631044407682,52.31328162063268,53.40699768066406,11304000
2023-11-15 00:00:00-05:00,53.7448039038992,53.919094755489674,53.029043048862384,53.403079986572266,8813000
2023-11-16 00:00:00-05:00,53.34433143176083,53.881886989883654,53.24641748552354,53.402103424072266,11938000
2023-11-17 00:00:00-05:00,52.06849744878103,53.48239679737443,51.871690918682475,53.318878173828125,13156000
2023-11-20 00:00:00-05:00,53.08975360482545,54.77585762787893,53.08975360482545,54.61233901977539,8174000
2023-11-21 00:00:00-05:00,54.37929379603387,54.43510855212658,53.6126187504555,53.921051025390625,9103000
2023-11-22 00:00:00-05:00,54.47231720270395,55.1107262857628,53.85153442268488,54.26179885864258,5944000
2023-11-24 00:00:00-05:00,54.09534169430229,54.560438513955795,53.99742401872755,54.405731201171875,3065000
2023-11-27 00:00:00-05:00,54.37537861957424,55.02847438182316,54.17661115610226,54.534000396728516,5884000
2023-11-28 00:00:00-05:00,53.7712485041639,54.30390729341534,53.251315466248165,53.57345962524414,9655000
2023-11-29 00:00:00-05:00,54.47720939033874,54.58785281145922,53.129893596929506,53.272850036621094,12775000
2023-11-30 00:00:00-05:00,53.27774903820694,53.62436979228597,52.5580699423877,53.32670974731445,22085000
2023-12-01 00:00:00-05:00,53.1915877286487,53.876014240233836,52.929172811593205,53.75558090209961,6199000
2023-12-04 00:00:00-05:00,53.187665156496315,53.41287021370067,51.70424688142966,52.834190368652344,8893000
2023-12-05 00:00:00-05:00,52.11941328243436,52.616823184580376,51.612209743905794,52.60311508178711,5789000
2023-12-06 00:00:00-05:00,53.31887041969581,53.42168117986202,51.644517350970574,51.75907897949219,7667000
2023-12-07 00:00:00-05:00,52.39357089090281,53.19843815615174,51.90203646527435,52.994773864746094,6795000
2023-12-08 00:00:00-05:00,52.436656555411375,52.79404581696975,52.091014427353564,52.328948974609375,10381000
2023-12-11 00:00:00-05:00,53.4187436740335,55.186117547947006,53.138706221428905,54.75529098510742,11347000
2023-12-12 00:00:00-05:00,54.65639647702717,55.26934657301465,54.652482011020695,54.935455322265625,8718000
2023-12-13 00:00:00-05:00,55.038267205589406,56.160378043625784,54.72004128272823,55.880340576171875,7838000
2023-12-14 00:00:00-05:00,56.30627204602253,57.412713774227086,56.30627204602253,57.02790832519531,14991000
2023-12-15 00:00:00-05:00,57.280536810103925,57.78480076729945,56.97797992985777,57.29326629638672,13877000
2023-12-18 00:00:00-05:00,57.91796261384496,58.06385491555721,56.356210157511654,56.47077178955078,9284000
2023-12-19 00:00:00-05:00,56.77724344333083,57.085675714812666,56.49720599022992,56.605892181396484,8778000
2023-12-20 00:00:00-05:00,56.01252557734913,56.6440768370407,55.0960363121598,55.155765533447266,10362000
2023-12-21 00:00:00-05:00,56.35033396974038,57.00147253059057,56.05854563503956,56.83501434326172,6404000
2023-12-22 00:00:00-05:00,56.76158154385332,57.280532178590555,56.64016586085705,57.05043029785156,4096000
2023-12-26 00:00:00-05:00,57.466570534805115,58.15295798008867,57.39509417583761,57.90425491333008,6547000
2023-12-27 00:00:00-05:00,58.17842322128382,58.24892097131278,57.61736960062316,57.9140510559082,5869000
2023-12-28 00:00:00-05:00,58.46530874035461,58.4976217621068,57.37648951796968,57.404884338378906,5141000
2023-12-29 00:00:00-05:00,57.25899254117865,57.446987768572846,56.49916775849129,56.91824722290039,5129000
2024-01-02 00:00:00-05:00,56.1261119108034,56.1261119108034,54.21088826905019,54.8708381652832,9675000
2024-01-03 00:00:00-05:00,54.04932555202581,54.661297073821444,53.85349391801566,54.107093811035156,8191000
2024-01-04 00:00:00-05:00,53.50001651229151,54.33327859919283,53.345309192761434,53.504913330078125,8599000
2024-01-05 00:00:00-05:00,53.668432100687944,53.98567567291096,53.11031439695673,53.29635238647461,7670000
2024-01-08 00:00:00-05:00,53.76144742923293,55.409366633590395,53.74088527736607,55.063724517822266,12681000
2024-01-09 00:00:00-05:00,54.34307190581755,54.996167743847586,53.96120226843215,54.47427749633789,8103000
2024-01-10 00:00:00-05:00,54.72983222294966,54.72983222294966,53.840759156873396,54.44979476928711,7935000
2024-01-11 00:00:00-05:00,54.53890520947944,55.362373737590325,53.81726883679547,55.04219055175781,6506000
2024-01-12 00:00:00-05:00,55.22234900859984,55.26543428260961,54.557506065611655,54.89237594604492,6174000
2024-01-16 00:00:00-05:00,54.746479958802276,55.771655489113414,54.6123385243022,55.49945068359375,9622000
2024-01-17 00:00:00-05:00,55.22430919263874,55.22430919263874,54.132550402282895,55.07743453979492,7411000
2024-01-18 00:00:00-05:00,56.72241614788565,57.964964099490814,56.49721107832196,57.770111083984375,14453000
2024-01-19 00:00:00-05:00,58.30081253549783,60.41187147573251,58.06679618199183,60.02118682861328,13350000
2024-01-22 00:00:00-05:00,60.56363414696191,61.519286752876205,60.47257052216245,61.0111083984375,9676000
2024-01-23 00:00:00-05:00,60.58909633465528,60.99838215422435,59.76464552599095,60.6419677734375,8957000
2024-01-24 00:00:00-05:00,62.25071326076994,63.26609503290295,61.422348075228925,62.51410675048828,10835000
2024-01-25 00:00:00-05:00,63.79190924282472,64.50473052258745,62.582652987948265,62.831356048583984,17168000
2024-01-26 00:00:00-05:00,61.09923872646329,61.287233959090834,58.37816545206113,58.68758010864258,21954000
2024-01-29 00:00:00-05:00,58.405581571655716,58.96468165619142,58.21660772272687,58.75709915161133,10606000
2024-01-30 00:00:00-05:00,58.26164373523294,58.9460739422352,58.211708145989306,58.2939567565918,10365000
2024-01-31 00:00:00-05:00,57.54882301487238,58.944121120299734,56.957413626392906,58.16569137573242,10812000
2024-02-01 00:00:00-05:00,58.62980984930422,58.94901441628349,58.224442198845416,58.6611442565918,8901000
2024-02-02 00:00:00-05:00,58.284165721739356,59.496357823181455,58.064832362557325,59.17225646972656,8543000
2024-02-05 00:00:00-05:00,59.46698276334745,60.226803759354965,58.802136123560636,60.206241607666016,9030000
2024-02-06 00:00:00-05:00,60.35214541204661,60.35214541204661,58.34389713286265,58.90789031982422,10277000
2024-02-07 00:00:00-05:00,59.669665436608675,59.97320463329413,58.620013335776164,59.62070846557617,8577000
2024-02-08 00:00:00-05:00,59.620714137098695,61.17756986916661,59.549237774330976,60.559722900390625,7332000
2024-02-09 00:00:00-05:00,61.60349040702355,63.76839901496137,61.544739807482046,63.62544631958008,12464000
2024-02-12 00:00:00-05:00,63.263170555414554,64.38527774702366,63.1770074725693,63.454105377197266,12332000
2024-02-13 00:00:00-05:00,61.50754270984284,63.5931388738744,61.24610642556145,62.770652770996094,14994000
2024-02-14 00:00:00-05:00,63.645036319669096,64.80728913206191,63.42766392225162,64.02103424072266,11750000
2024-02-15 00:00:00-05:00,64.27715970587805,64.94642645272148,63.83556389352201,64.02005004882812,10254000
2024-02-16 00:00:00-05:00,65.45376495936377,66.48220346533405,64.5283694570747,64.90029907226562,10604000
2024-02-20 00:00:00-05:00,64.22906896746652,64.86497380544918,63.26638832965351,63.96018981933594,12628000
2024-02-21 00:00:00-05:00,63.312498209519816,63.98961865053979,62.72370140674301,63.97489929199219,7454000
2024-02-22 00:00:00-05:00,66.30459234069244,67.48512856808512,66.02884014927126,67.10044860839844,10778000
2024-02-23 00:00:00-05:00,67.02488020148637,67.47334898587802,65.55582673688859,65.63335418701172,5979000
2024-02-26 00:00:00-05:00,66.30065601153855,67.3948450457104,66.14070463054935,67.10535430908203,6498000
2024-02-27 00:00:00-05:00,66.72950189107776,67.19170927557019,66.403699403938,66.49300384521484,7174000
2024-02-28 00:00:00-05:00,65.523437106793,66.30163899613571,65.523437106793,66.04354858398438,6226000
2024-02-29 00:00:00-05:00,66.96993821645253,67.13283947857299,66.22412475813236,66.9561996459961,9989000
2024-03-01 00:00:00-05:00,67.54302499159093,70.57925609911783,67.54007513003396,70.41734313964844,11249000
2024-03-04 00:00:00-05:00,71.12193110191589,71.44086802727146,70.3054633542252,70.44088745117188,7514000
2024-03-05 00:00:00-05:00,69.9031389103131,70.28487653356608,68.47824316738577,69.26919555664062,11073000
2024-03-06 00:00:00-05:00,69.84817460953624,70.80006655182056,69.28586656859504,70.21028137207031,10637000
2024-03-07 00:00:00-05:00,70.58514337035902,71.55371611923917,70.58514337035902,70.9757080078125,10591000
2024-03-08 00:00:00-05:00,70.93155670349577,71.09445794555151,68.61561584472656,68.61561584472656,11219000
2024-03-11 00:00:00-04:00,67.7167148250851,67.85213892598529,66.25061117280872,67.25843811035156,10376000
2024-03-12 00:00:00-04:00,67.88059706418261,68.58029074998296,67.05922533246039,68.53612518310547,8756000
2024-03-13 00:00:00-04:00,67.7706949142608,68.26725249495811,66.94343835523921,67.5852279663086,11553000
2024-03-14 00:00:00-04:00,68.54203021285142,68.79128607434198,67.49298737106922,67.94047546386719,9341000
2024-03-15 00:00:00-04:00,67.400741790126,67.89729942583527,66.70203623945285,67.11321258544922,16694000
2024-03-18 00:00:00-04:00,68.33299490540833,69.20048627964538,67.64017426365723,67.78050231933594,7979000
2024-03-19 00:00:00-04:00,66.51458545193508,67.31927622730001,65.62157851819312,66.83450317382812,8885000
2024-03-20 00:00:00-04:00,66.7461917285121,68.51749404698728,66.0994981128534,68.29571533203125,9044000
2024-03-21 00:00:00-04:00,70.35062350195368,71.4055510698726,69.82462716205684,69.98164367675781,7582000
2024-03-22 00:00:00-04:00,69.32413202806978,70.48799461580734,69.20441557039845,69.72942352294922,4127000
2024-03-25 00:00:00-04:00,68.48216271633089,69.48802063878883,68.28687288656496,68.6666488647461,4932000
2024-03-26 00:00:00-04:00,69.18773696373451,69.41933106697971,67.4733581143086,67.55677032470703,8651000
2024-03-27 00:00:00-04:00,67.94731773915916,68.46742167574658,66.91790605813839,68.38597106933594,9763000
2024-03-28 00:00:00-04:00,68.38597878481835,68.67547698809159,67.71278896023115,68.55281066894531,10809000
2024-04-01 00:00:00-04:00,68.69315597523237,70.47721614763294,68.66862120784926,69.7608413696289,7722000
2024-04-02 00:00:00-04:00,68.1269118650653,68.42425641898434,67.3290940881506,68.09747314453125,9508000
2024-04-03 00:00:00-04:00,67.72948121172274,69.39283647760743,67.416436473408,68.45075988769531,7824000
2024-04-04 00:00:00-04:00,69.30941058116119,69.463484684239,65.59507844375776,66.01901245117188,11029000
2024-04-05 00:00:00-04:00,66.14854473584847,67.59699404811201,66.14854473584847,67.00917053222656,7909000
2024-04-08 00:00:00-04:00,67.54989182597512,67.94929110930397,66.58229978196863,67.79228210449219,5183000
2024-04-09 00:00:00-04:00,68.69314030014813,68.69314030014813,66.99642338837005,68.3820571899414,7088000
2024-04-10 00:00:00-04:00,67.3094676294223,68.20248214039654,67.14362400260222,67.42919158935547,6100000
2024-04-11 00:00:00-04:00,68.18580145917699,68.85310662246127,67.50083455975533,68.75300598144531,8315000
2024-04-12 00:00:00-04:00,67.1661864300631,67.64017074886335,66.47728899015397,66.80702209472656,8108000
2024-04-15 00:00:00-04:00,67.70004151900241,68.56557891256305,65.99743215037427,66.58230590820312,8861000
2024-04-16 00:00:00-04:00,66.58229465107293,68.3908891069211,66.58229465107293,68.03662872314453,9224000
2024-04-17 00:00:00-04:00,66.90417632411778,67.20642482259012,64.55486620298481,64.667724609375,11931000
2024-04-18 00:00:00-04:00,64.35467724918202,64.61178686661339,63.00141711578165,63.21927261352539,9031000
2024-04-19 00:00:00-04:00,63.41358600984297,63.56176788863936,61.153580262490536,61.64326477050781,10729000
2024-04-22 00:00:00-04:00,62.34883538776329,62.68052633643456,61.36554326987392,62.181026458740234,9243000
2024-04-23 00:00:00-04:00,62.41656498989669,64.17903653392236,62.39595713271013,63.610843658447266,7101000
2024-04-24 00:00:00-04:00,64.74623237543886,65.57055403839304,63.55097682024574,64.42828369140625,8734000
2024-04-25 00:00:00-04:00,64.47146519729692,66.50675018826377,63.78747904744716,66.03865051269531,10658000
2024-04-26 00:00:00-04:00,67.02488544435641,69.69999072206966,66.61370167865678,69.30745697021484,11935000
2024-04-29 00:00:00-04:00,69.3221753379955,70.26130946209656,68.73141687900292,70.06013488769531,9316000
2024-04-30 00:00:00-04:00,69.83541791727144,70.43304943913753,67.54401167894811,67.64214324951172,9022000
2024-05-01 00:00:00-04:00,66.77658760024664,67.88156510393735,65.01313972672598,65.36052703857422,12731000
2024-05-02 00:00:00-04:00,66.30263166006941,67.02489112943957,65.17900379366536,66.9316635131836,6752000
2024-05-03 00:00:00-04:00,68.20246942502934,69.09155311681889,67.81975113080951,68.3584976196289,8199000
2024-05-06 00:00:00-04:00,68.61072645626288,70.52824922805058,68.5067026334051,70.49684143066406,8736000
2024-05-07 00:00:00-04:00,70.32509169493419,70.98748531001019,69.82853419453649,70.10429382324219,7827000
2024-05-08 00:00:00-04:00,69.66661235253748,70.42027945461469,69.28487484425636,70.37611389160156,6729000
2024-05-09 00:00:00-04:00,70.53509446134422,70.65579919642671,69.57927946943428,69.74021911621094,9760000
2024-05-10 00:00:00-04:00,70.65580499206065,71.44087248675584,69.97476129880451,70.48603820800781,4488000
2024-05-13 00:00:00-04:00,70.65581127176124,70.65581127176124,69.82756641376773,70.08173370361328,5541000
2024-05-14 00:00:00-04:00,69.54581567222249,71.95299877023591,69.34226621882385,71.77501678466797,8840000
2024-05-15 00:00:00-04:00,72.56364199524198,74.7643271229514,72.26274412928427,74.70532989501953,8503000
2024-05-16 00:00:00-04:00,74.73286450240565,75.11930985740774,73.66398985516673,73.69840240478516,7512000
2024-05-17 00:00:00-04:00,74.38575805742124,74.5922558753714,72.73179493529372,73.52140808105469,5859000
2024-05-20 00:00:00-04:00,73.93440795068882,76.54612321650397,73.84983575091249,75.99152374267578,7636000
2024-05-21 00:00:00-04:00,74.73285881531898,75.71225475726634,74.60010755759953,75.23828887939453,7036000
2024-05-22 00:00:00-04:00,75.75356018710364,76.00823706165178,74.99737685514269,75.88433837890625,7695000
2024-05-23 00:00:00-04:00,77.54321138931626,77.73397708987878,74.88625810104651,75.23435974121094,8289000
2024-05-24 00:00:00-04:00,76.12624832858415,77.00534016155828,75.62278373779868,76.60709381103516,5484000
2024-05-28 00:00:00-04:00,77.24230563867495,77.8755654758229,76.30027817781537,77.30326843261719,6011000
2024-05-29 00:00:00-04:00,75.54214893264874,76.70641406182278,75.23437151835424,75.9482650756836,8550000
2024-05-30 00:00:00-04:00,75.61195421825754,76.36223330498638,75.33367545891797,75.72897338867188,7121000
2024-05-31 00:00:00-04:00,75.786992004435,76.33470447046199,72.46138322030781,74.68665313720703,16848000
2024-06-03 00:00:00-04:00,75.86172324122249,75.87745533481092,72.32960940504647,74.1576156616211,5151000
2024-06-04 00:00:00-04:00,73.79673377839838,74.369030909573,72.78784664737177,73.80460357666016,4745000
2024-06-05 00:00:00-04:00,75.75454126626356,77.44094371670957,74.93936072342758,77.188232421875,9432000
2024-06-06 00:00:00-04:00,76.73196548536083,77.41931621194097,75.9335073121462,76.62675476074219,7221000
2024-06-07 00:00:00-04:00,77.4370004734576,77.4773172401584,75.12323518657105,75.61489868164062,7360000
2024-06-10 00:00:00-04:00,74.8410325314921,78.27087672701902,74.8410325314921,78.1135482788086,6499000
2024-06-11 00:00:00-04:00,78.0093056681998,78.53439897492167,76.88831338226717,78.48523712158203,5900000
2024-06-12 00:00:00-04:00,79.34269668379424,81.76757705376484,79.1027616420664,81.40079498291016,8073000
2024-06-13 00:00:00-04:00,80.24146766995642,81.91018013491592,80.14805788305173,81.61911010742188,5464000
2024-06-14 00:00:00-04:00,80.14117704895682,81.27593612268412,80.14117704895682,81.10877227783203,4747000
2024-06-17 00:00:00-04:00,81.26313389027882,83.74800189697905,80.72623963330835,83.47267150878906,7378000
2024-06-18 00:00:00-04:00,83.48447592008108,86.19353949757412,83.28682320323124,84.89161682128906,8780000
2024-06-20 00:00:00-04:00,84.89750571365232,84.97813925213198,81.27689628817272,81.5758285522461,12819000
2024-06-21 00:00:00-04:00,81.61909595514439,82.14124089382439,79.9690717354237,80.29357147216797,19194000
2024-06-24 00:00:00-04:00,80.02021969608614,80.19132217680979,77.91590000353133,78.07421875,8944000
2024-06-25 00:00:00-04:00,78.75171847827465,80.65642716473535,77.82247463344967,80.44009399414062,9344000
2024-06-26 00:00:00-04:00,80.08020003627884,81.31132454950924,78.59242557607881,79.9739990234375,7126000
2024-06-27 00:00:00-04:00,80.58071708766202,81.2670775902612,79.33386035047815,80.12838745117188,5103000
2024-06-28 00:00:00-04:00,81.26608449083786,82.73812682347054,80.47548863885152,81.07630157470703,8494000
2024-07-01 00:00:00-04:00,80.9465198318972,81.51193002560858,79.4361260459814,81.39884948730469,4807000
2024-07-02 00:00:00-04:00,80.57383197728525,82.59653521754839,80.43616677149616,82.51197052001953,5369000
2024-07-03 00:00:00-04:00,82.5935834460593,84.53270469575222,82.19828551370414,83.9102554321289,4408000
2024-07-05 00:00:00-04:00,84.10789952167727,84.47468162211608,83.2946920649547,84.09512329101562,4612000
2024-07-08 00:00:00-04:00,84.28294197420804,85.4570349327075,84.03023065595211,85.21022033691406,4386000
2024-07-09 00:00:00-04:00,85.80511949989736,86.52196125006037,84.87980689591252,86.03128051757812,4094000
2024-07-10 00:00:00-04:00,86.32137112095734,87.98515435469831,85.59862511863903,87.7471923828125,6643000
2024-07-11 00:00:00-04:00,88.13759000547556,88.13759000547556,83.79521659744262,83.87289428710938,8750000
2024-07-12 00:00:00-04:00,83.96138560033594,86.48755313221123,83.09113902590109,84.34193420410156,6552000
2024-07-15 00:00:00-04:00,84.42059771815599,86.22303651755233,83.93483837986078,84.38126373291016,6373000
2024-07-16 00:00:00-04:00,84.69495242836432,85.43146504659285,83.68507496661452,85.27217102050781,6274000
2024-07-17 00:00:00-04:00,80.36240391410425,81.52567852648602,76.64935990891338,76.87159729003906,16996000
2024-07-18 00:00:00-04:00,78.05454605946126,78.38002862802635,75.56378104444559,77.39375305175781,9709000
2024-07-19 00:00:00-04:00,77.23148535819662,78.22759607761391,74.86855072504015,74.98359680175781,9188000
2024-07-22 00:00:00-04:00,77.53238668439839,79.81960182192843,76.22161156946821,79.60130310058594,9678000
2024-07-23 00:00:00-04:00,78.07813884235146,79.99365811327836,78.07813884235146,79.41939544677734,9607000
2024-07-24 00:00:00-04:00,78.40066679387273,78.54226312428699,73.93636121208722,74.31690979003906,24301000
2024-07-25 00:00:00-04:00,75.47429916990458,77.85887080207799,73.68858248807445,75.00918579101562,18269000
2024-07-26 00:00:00-04:00,77.61892451431204,78.5678390947821,75.62473721705886,77.42619323730469,10475000
2024-07-29 00:00:00-04:00,78.00340399853764,79.69669342829638,76.44581419220705,76.55594635009766,6276000
2024-07-30 00:00:00-04:00,77.48519610973075,78.61208513125632,74.17727778584519,74.62371063232422,10629000
2024-07-31 00:00:00-04:00,79.20700560549513,81.29263716678312,77.7133269105858,80.93470764160156,17936000
2024-08-01 00:00:00-04:00,80.754764231528,80.88259406787664,73.45946093018121,74.35330200195312,22142000
2024-08-02 00:00:00-04:00,69.94603111554261,71.29810595763023,67.61554305057378,68.45628356933594,20713000
2024-08-05 00:00:00-04:00,63.90053663342667,70.81627408902352,63.71960628710796,69.17510223388672,17189000
2024-08-06 00:00:00-04:00,69.64710351903176,72.59019818008332,69.18001708576656,70.42786407470703,12039000
2024-08-07 00:00:00-04:00,72.828160686864,73.60596530435923,68.31861640835935,68.60870361328125,9031000
2024-08-08 00:00:00-04:00,70.75824954927282,74.14286264776297,69.52122091312755,73.9747085571289,10375000
2024-08-09 00:00:00-04:00,73.46338087341137,74.24708965840867,71.95397773934096,73.43289947509766,7635000
2024-08-12 00:00:00-04:00,73.62956516578659,75.59818494481694,73.22935331570636,74.49095916748047,7874000
2024-08-13 00:00:00-04:00,75.51854646734499,78.36330973434369,74.92952695374402,78.05946350097656,11581000
2024-08-14 00:00:00-04:00,79.14996004048658,80.00644008669423,76.8627447963863,78.06535339355469,6307000
2024-08-15 00:00:00-04:00,79.9430184300212,82.7358512063313,79.20811188309003,82.37529754638672,12934000
2024-08-16 00:00:00-04:00,81.61969914194313,81.65122842138932,79.69378252413865,80.7380142211914,6734000
2024-08-19 00:00:00-04:00,80.63357701487193,80.93995588770339,78.68696933884407,80.82469177246094,9716000
2024-08-20 00:00:00-04:00,80.70254194673605,81.16062965642767,79.10565731507596,79.94990539550781,6854000
2024-08-21 00:00:00-04:00,80.65032416673246,82.08861532080665,80.01295177697172,81.4837417602539,6185000
2024-08-22 00:00:00-04:00,81.60687856428446,81.96250923642681,78.20425732554092,78.664306640625,9199000
2024-08-23 00:00:00-04:00,80.45527070188702,81.20790720591248,78.81011142961411,80.56757354736328,6858000
2024-08-26 00:00:00-04:00,80.13019490538254,80.13019490538254,78.13433494601894,78.70866394042969,7785000
2024-08-27 00:00:00-04:00,78.47024536800834,80.20505459199033,77.12948822317162,80.0700912475586,6871000
2024-08-28 00:00:00-04:00,79.71839907512182,80.7754453395189,78.31755216032893,79.23076629638672,6489000
2024-08-29 00:00:00-04:00,80.2070240355824,81.3300675796221,78.02004212900461,78.39143371582031,8065000
2024-08-30 00:00:00-04:00,80.14596058860158,80.77545641136834,78.5687674667565,80.72422790527344,10793000
2024-09-03 00:00:00-04:00,79.36080160322177,79.50758749189686,72.62057097093923,73.04022979736328,16612000
2024-09-04 00:00:00-04:00,72.40679889612305,73.87365071453067,71.38620475947329,73.40276336669922,9272000
2024-09-05 00:00:00-04:00,71.49850071065651,73.21655673820679,71.20099063889212,71.72310638427734,8183000
2024-09-06 00:00:00-04:00,71.72311825545337,71.73690996604469,68.64262883508273,69.23468780517578,13906000
2024-09-09 00:00:00-04:00,70.43949857710601,70.68381103164472,68.620954394871,69.93314361572266,8399000
2024-09-10 00:00:00-04:00,69.93314343079304,70.6335669280909,68.60617791720898,70.28483581542969,7789000
2024-09-11 00:00:00-04:00,70.46412395108395,74.04309149796042,69.34304958021528,73.76824188232422,11291000
2024-09-12 00:00:00-04:00,73.57613861871693,73.57613861871693,71.91423371865963,72.23735809326172,10707000
2024-09-13 00:00:00-04:00,73.03431594011306,74.33665164017279,72.98900247129919,74.0322494506836,5867000
2024-09-16 00:00:00-04:00,72.40679115578698,73.19391070511627,71.53495217822963,72.54470825195312,8630000
2024-09-17 00:00:00-04:00,73.81946708025886,73.97512175675611,72.25410414263881,72.85995483398438,8555000
2024-09-18 00:00:00-04:00,73.84015232427629,74.09627978100708,71.89353705443001,72.01667785644531,8178000
2024-09-19 00:00:00-04:00,74.80263342242611,77.05758968944546,74.39577414582637,76.09413146972656,12411000
2024-09-20 00:00:00-04:00,75.13067012337773,75.3976430662575,73.81158883793768,74.7563247680664,16226000
2024-09-23 00:00:00-04:00,75.48826827114496,75.89315831011282,74.72677045287269,74.99472045898438,4388000
2024-09-24 00:00:00-04:00,76.05175307959902,76.41526795854443,74.1012070676553,75.88822174072266,8213000
2024-09-25 00:00:00-04:00,75.15530198313476,77.03688969977689,74.8390772167505,76.05767822265625,5751000
2024-09-26 00:00:00-04:00,80.13413158345831,80.97739511554313,76.83986683101007,79.25835418701172,9080000
2024-09-27 00:00:00-04:00,79.59427699599956,79.6435363265297,76.63299003421577,77.0762939453125,6274000
2024-09-30 00:00:00-04:00,76.15815194033316,76.96398613339812,74.99668704958727,76.28917694091797,9329000
2024-10-01 00:00:00-04:00,76.68914139538967,77.52058989022558,73.50619496490792,74.24800109863281,12796000
2024-10-02 00:00:00-04:00,74.93462887404182,77.5727988360078,74.3770454508204,76.57978820800781,7018000
2024-10-03 00:00:00-04:00,75.34838875913614,77.23293781837478,75.26366931957206,76.30396270751953,5842000
2024-10-04 00:00:00-04:00,78.85542284464213,78.85542284464213,76.56500704724839,77.56786346435547,7573000
2024-10-07 00:00:00-04:00,76.6162422158309,77.61811413498168,76.03599828558123,77.00437927246094,7481000
2024-10-08 00:00:00-04:00,77.02703777944025,78.18652599288687,76.27243207831525,77.22406005859375,6534000
2024-10-09 00:00:00-04:00,77.0398399218304,79.47802616928817,76.87433941422405,79.26622009277344,6285000
2024-10-10 00:00:00-04:00,77.95797365231536,78.79237576790757,77.52943859111157,78.6111068725586,4619000
2024-10-11 00:00:00-04:00,78.09885942552992,79.44257042333855,78.08802147059689,79.17757415771484,5708000
2024-10-14 00:00:00-04:00,79.73316671971008,82.0610267439787,79.73316671971008,81.73100280761719,5679000
2024-10-15 00:00:00-04:00,81.3241556494901,81.99994940660858,68.85639780469513,69.71936798095703,28709000
2024-10-16 00:00:00-04:00,70.9852584964765,71.00397313387259,67.18660799651244,67.2437515258789,22806000
2024-10-17 00:00:00-04:00,69.05539856974052,69.07904365061609,65.97195525931284,66.02810668945312,19365000
2024-10-18 00:00:00-04:00,65.79954929428678,67.1757740515002,65.44391859089278,66.8427963256836,11928000
2024-10-21 00:00:00-04:00,66.74231445618548,66.96396639584529,65.74733467496463,66.35910034179688,7393000
2024-10-22 00:00:00-04:00,66.0034835981347,66.31380088880229,65.37891067490085,66.01136779785156,7874000
2024-10-23 00:00:00-04:00,65.475433742905,66.2310314751247,64.49129199189208,65.47444915771484,8468000
2024-10-24 00:00:00-04:00,66.8654599924045,67.42107427471407,65.5542553816655,65.62518310546875,8847000
2024-10-25 00:00:00-04:00,65.9709536208272,67.26835872277945,65.80643771443903,66.30589294433594,9548000
2024-10-28 00:00:00-04:00,66.31378884369892,66.90387862037822,66.02416293244539,66.43199920654297,10518000
2024-10-29 00:00:00-04:00,66.49603134075404,68.99825327385702,66.37485971246316,68.58745574951172,13339000
2024-10-30 00:00:00-04:00,67.18561954417305,68.48500154632704,66.98958184975261,68.15104675292969,16568000
2024-10-31 00:00:00-04:00,66.75710055235989,67.09204749011082,64.62430065395263,65.63208770751953,20012000
2024-11-01 00:00:00-04:00,65.65867207173966,66.855596967337,65.35722365217433,65.94239044189453,9064000
2024-11-04 00:00:00-05:00,65.73255605368037,66.05863414739723,65.25083081826057,65.35032653808594,6379000
2024-11-05 00:00:00-05:00,65.91283941513755,67.14129375386682,65.73256259287248,66.03598022460938,10163000
2024-11-06 00:00:00-05:00,66.49603246668022,66.85461691548588,64.77009208405947,65.96997833251953,17154000
2024-11-07 00:00:00-05:00,67.26936587518847,67.75896784749513,66.50589134341355,67.59445190429688,11222000
2024-11-08 00:00:00-05:00,67.93531119886885,68.40324481125634,67.12455396480688,67.71858215332031,12781000
2024-11-11 00:00:00-05:00,67.3826580350492,67.50186051308943,64.69720508367945,65.61238098144531,14228000
2024-11-12 00:00:00-05:00,65.31488073851179,65.9305848594271,64.51200015974399,65.48924255371094,11113000
2024-11-13 00:00:00-05:00,64.43317814275913,64.62330832719243,62.88259159257996,63.4963264465332,15052000
2024-11-14 00:00:00-05:00,65.01834283873092,65.01834283873092,63.31801670518715,63.540653228759766,11699000
2024-11-15 00:00:00-05:00,61.13005175715991,62.062965103646086,60.32421755558723,60.53207778930664,17120000
2024-11-18 00:00:00-05:00,60.6772997720027,61.61971640152402,60.434284142898306,61.272979736328125,12233000
2024-11-19 00:00:00-05:00,60.89956681015253,61.09022449478896,60.20016203976171,60.818565368652344,14089000
2024-11-20 00:00:00-05:00,60.900544009932325,61.24234403442283,60.24855693977705,60.93413162231445,11951000
2024-11-21 00:00:00-05:00,62.017825490369404,63.02149348308268,61.247296195725845,62.54732131958008,13860000
2024-11-22 00:00:00-05:00,62.235150685160285,63.522333045620655,62.235150685160285,63.178558349609375,9818000
2024-11-25 00:00:00-05:00,63.883896430270134,63.883896430270134,62.443596834808446,63.68435287475586,19130000
2024-11-26 00:00:00-05:00,64.32742750777419,64.32742750777419,61.628600813842546,62.3803596496582,9232000
2024-11-27 00:00:00-05:00,62.38036055176667,62.629300049850066,61.36879418531171,62.44654846191406,9426000
2024-11-29 00:00:00-05:00,63.69816411942344,65.34690017565586,63.546034436553015,63.9174690246582,9257000
2024-12-02 00:00:00-05:00,63.7179323905463,66.09472087220206,63.71694507358025,65.7944107055664,13802000
2024-12-03 00:00:00-05:00,65.31035913223543,65.90801749197816,64.88459189609645,65.76378631591797,13765000
2024-12-04 00:00:00-05:00,66.20437520460544,66.23599195871715,64.77099442254661,65.81318664550781,14592000
2024-12-05 00:00:00-05:00,65.23627331089706,65.48718747507777,63.360325907630106,63.4808464050293,10282000
2024-12-06 00:00:00-05:00,63.33660235371365,64.28099719187232,63.04321101051234,64.046875,8624000
2024-12-09 00:00:00-05:00,65.10093995141942,65.8250427652424,63.79795282804864,64.44499969482422,10933000
2024-12-10 00:00:00-05:00,64.98436224425838,64.98436224425838,63.07186910103053,63.407737731933594,9148000
2024-12-11 00:00:00-05:00,63.911556787188594,64.91423376661646,63.42849496786292,64.0962905883789,11074000
2024-12-12 00:00:00-05:00,63.901672724833084,64.20000826407549,63.016554350524565,63.87500762939453,6982000
2024-12-13 00:00:00-05:00,64.01330236026487,65.58103348878898,63.971812439719685,64.58230590820312,14632000
2024-12-16 00:00:00-05:00,64.17927058417337,65.6462428256925,63.758439884480076,64.81643676757812,10143000
2024-12-17 00:00:00-05:00,65.19576288001201,66.07791915327383,64.4173276302077,64.69293975830078,12524000
2024-12-18 00:00:00-05:00,65.06636028644125,66.09769201946926,61.80148764861798,62.311222076416016,14521000
2024-12-19 00:00:00-05:00,61.65824069530114,62.7567400086876,61.304585295846266,61.462642669677734,11157000
2024-12-20 00:00:00-05:00,60.8946274281775,63.326739404977445,60.59530459948204,62.172916412353516,26522000
2024-12-23 00:00:00-05:00,62.39123371602874,64.16246137803206,62.39123371602874,64.01231384277344,8864000
2024-12-24 00:00:00-05:00,63.72188579613424,64.4084479706577,63.347489148879966,64.26323699951172,3495000
2024-12-26 00:00:00-05:00,63.63989276451875,64.59515589920316,63.42553191908103,64.06764221191406,4541000
2024-12-27 00:00:00-05:00,63.93131226242989,63.98564484164186,63.02642874299084,63.698177337646484,7295000
2024-12-30 00:00:00-05:00,62.611522253819025,62.95035657846559,61.89927490505465,62.5947265625,6878000
2024-12-31 00:00:00-05:00,62.58089945000107,63.02543699027334,61.95558494298493,62.247005462646484,6462000
2025-01-02 00:00:00-05:00,62.69845666529991,64.15456061082226,62.42185344142494,62.88911056518555,8922000
2025-01-03 00:00:00-05:00,63.60827750947028,65.07130031537456,63.25462209294913,64.90335845947266,8651000
2025-01-06 00:00:00-05:00,66.54221674591399,68.84096171011392,66.5333233574412,68.19194030761719,16764000
2025-01-07 00:00:00-05:00,68.63450616071053,69.7300436028147,67.49649147933188,68.0931625366211,12834000
2025-01-08 00:00:00-05:00,68.16231019213465,68.3598790910269,67.07270422392499,67.78692626953125,10934000
2025-01-10 00:00:00-05:00,67.5597101823993,68.61375758882339,66.34958380977018,67.47673034667969,12545000
2025-01-13 00:00:00-05:00,66.60051197647908,68.35692640587583,65.74107885935643,68.26011657714844,13186000
2025-01-14 00:00:00-05:00,68.45767960183319,69.2874779708986,67.822480632307,69.2746353149414,10390000
2025-01-15 00:00:00-05:00,70.63195731544162,71.8539390876226,70.48772614423827,70.75543975830078,13683000
2025-01-16 00:00:00-05:00,72.60768043366441,76.96117538971279,72.46740605902238,73.81879425048828,20196000
2025-01-17 00:00:00-05:00,75.3687438131646,75.40332251563999,73.85337061470972,74.82740020751953,14025000
2025-01-21 00:00:00-05:00,75.30453554590633,76.89795194825113,74.21097281156824,75.79253387451172,13700000
2025-01-22 00:00:00-05:00,76.39711206477912,77.75739371075805,76.22127166118918,76.25387573242188,12003000
2025-01-23 00:00:00-05:00,74.41249919791397,75.26205147067249,73.22903785859027,75.17117309570312,8218000
2025-01-24 00:00:00-05:00,75.57619091680561,75.64929758701311,73.4127836628825,74.07168579101562,7454000
2025-01-27 00:00:00-05:00,70.79000617449658,71.61486784523039,67.6881208143714,69.4178695678711,23578000
2025-01-28 00:00:00-05:00,68.88640234715238,70.02836608356745,68.08524377838594,69.43861389160156,13871000
2025-01-29 00:00:00-05:00,71.23258576535143,71.311616346659,69.91873061400456,70.43142700195312,7292000
2025-01-30 00:00:00-05:00,72.24019064230488,73.70518802489619,71.32345560458756,73.3416519165039,17110000
2025-01-31 00:00:00-05:00,74.97162368415194,76.08988444920173,72.60767797761511,72.92774200439453,16319000
2025-02-03 00:00:00-05:00,71.85591146039191,74.38582425244039,71.75515238283828,73.12235260009766,12168000
2025-02-04 00:00:00-05:00,72.39331059722605,74.68218256517994,72.39331059722605,74.02229309082031,9999000
2025-02-05 00:00:00-05:00,73.36141048238241,75.26699230074159,73.19446349317005,74.99335479736328,6771000
2025-02-06 00:00:00-05:00,74.84814290928009,75.49618458617928,74.40755837787688,75.25711822509766,5794000
2025-02-07 00:00:00-05:00,75.25514456356284,75.79550087016968,73.51848419269304,73.86225891113281,6645000
2025-02-10 00:00:00-05:00,75.04570741863716,75.20079905786434,73.46512630229122,74.23368835449219,15645000
2025-02-11 00:00:00-05:00,74.53893016309506,75.2709312993051,74.00647251852763,74.94098663330078,5918000
2025-02-12 00:00:00-05:00,73.35154108746727,74.55080716636239,72.95738303644944,74.14380645751953,4766000
2025-02-13 00:00:00-05:00,74.1912038005969,75.57124656266474,74.09736348542494,75.5001220703125,7115000
2025-02-14 00:00:00-05:00,75.09411177495132,76.0177655060307,73.00479110251872,74.16255950927734,9985000
2025-02-18 00:00:00-05:00,74.88370827058581,75.09807663276811,72.89810840915295,74.90444946289062,13540000
2025-02-19 00:00:00-05:00,75.18895199033594,76.75668308742509,74.39471207767052,76.53441619873047,9367000
2025-02-20 00:00:00-05:00,77.05303853244996,78.43604329551454,76.16495082038873,76.81891632080078,8836000
2025-02-21 00:00:00-05:00,77.02735743851568,77.29111424277234,74.19418006637784,74.51424407958984,8724000
2025-02-24 00:00:00-05:00,75.44392617872305,75.54689948917475,72.87068116366791,73.02613067626953,11109000
2025-02-25 00:00:00-05:00,72.89940464054287,72.89940464054287,71.43209516531142,71.77862548828125,10683000
2025-02-26 00:00:00-05:00,72.60634663930746,74.3667283929419,72.27466704635013,73.12020111083984,12474000
2025-02-27 00:00:00-05:00,73.56871508374898,74.25682805490598,69.17171889851662,69.22320556640625,13249000
2025-02-28 00:00:00-05:00,69.88458739568644,70.64299600358505,68.50737187192988,70.1816177368164,12424000
2025-03-03 00:00:00-05:00,70.74496753013591,72.08950510207306,67.95588015303906,68.43013000488281,13046000
2025-03-04 00:00:00-05:00,68.6598300565304,70.89149264916043,67.18360726326043,69.20735168457031,11822000
2025-03-05 00:00:00-05:00,69.41626914428164,71.01328487656465,68.27964209443108,70.8717041015625,9157000
2025-03-06 00:00:00-05:00,69.03607500553403,70.46081896612283,67.72024921690439,68.52716827392578,11354000
2025-03-07 00:00:00-05:00,68.13806826146812,70.70438719755259,67.34797901907983,70.42418670654297,10881000
2025-03-10 00:00:00-04:00,68.69450439584924,69.03113174377725,66.39352760500799,67.163818359375,13892000
2025-03-11 00:00:00-04:00,67.0677679174109,67.3578638346559,64.72620498367515,65.7638168334961,10587000
2025-03-12 00:00:00-04:00,66.93410480030718,67.99449891398615,66.51628932067126,67.36479949951172,8841000
2025-03-13 00:00:00-04:00,66.99152998827736,68.71230686744441,66.20341247046147,67.47469329833984,9308000
2025-03-14 00:00:00-04:00,68.31330227801003,70.66674721888045,68.31330227801003,70.5934829711914,11426000
2025-03-17 00:00:00-04:00,69.87467200418841,71.7023804521493,69.85388396303769,71.11724090576172,9762000
2025-03-18 00:00:00-04:00,70.48457507548434,70.57367963254333,69.11428658203484,70.29645538330078,9507000
2025-03-19 00:00:00-04:00,70.2964489668866,72.2835650104209,69.79645581683992,71.2479248046875,7533000
2025-03-20 00:00:00-04:00,70.1796286387437,71.25288683803899,70.06675229077514,70.9360580444336,6294000
2025-03-21 00:00:00-04:00,69.53507917708595,70.23507419270433,68.54993597822654,69.94893646240234,24548000
2025-03-24 00:00:00-04:00,71.55487812273357,72.78555762278262,70.9301263432897,72.0519027709961,7302000
2025-03-25 00:00:00-04:00,71.74397457277018,71.99645262108466,71.16081403519462,71.46971893310547,4987000
2025-03-26 00:00:00-04:00,71.43407764082953,71.69941979300728,69.18854593410299,69.8548812866211,7346000
2025-03-27 00:00:00-04:00,69.34101514239197,70.01229056353581,68.51428264917175,69.30635833740234,7351000
2025-03-28 00:00:00-04:00,67.85785900374864,68.72913623083217,66.05688350908268,66.69252014160156,9895000
2025-03-31 00:00:00-04:00,66.6321295792343,67.43904850840998,64.8925361595065,67.30638122558594,11654000
2025-04-01 00:00:00-04:00,66.7321303315487,67.60340763239483,65.56184363544935,67.56974792480469,6694000
2025-04-02 00:00:00-04:00,66.06777748992837,68.87270542485157,66.06777748992837,67.93905639648438,7911000
2025-04-03 00:00:00-04:00,64.57472283984745,65.04105634437958,61.41237208790214,61.466827392578125,15253000
2025-04-04 00:00:00-04:00,58.66685199696104,59.4054582599216,55.42133391488804,57.08171463012695,20728000
2025-04-07 00:00:00-04:00,56.10350807448598,62.64998935924249,54.58668716428678,59.862884521484375,29961000
2025-04-08 00:00:00-04:00,61.97969035974467,63.78760037619182,58.09952529586673,59.35694122314453,27198000
2025-04-09 00:00:00-04:00,59.8876231600755,71.46871413313536,59.143075948519005,69.63407897949219,34479000
2025-04-10 00:00:00-04:00,65.8311523065207,67.39450844329703,62.22623191387965,65.02522277832031,26761000
2025-04-11 00:00:00-04:00,64.04107022120482,67.00242997192433,62.87870350896132,66.3578872680664,13618000
2025-04-14 00:00:00-04:00,67.47469695048841,67.75192119636593,65.29154468351173,66.33312225341797,9870000
2025-04-15 00:00:00-04:00,66.27866283239779,67.53508533788177,65.84104134840385,66.95093536376953,7904000
2025-04-16 00:00:00-04:00,63.19256000201794,65.2519473562139,61.317326616148755,63.58265686035156,20208000
2025-04-17 00:00:00-04:00,64.25986661053972,64.2757069160355,62.536117314845804,62.814334869384766,12241000
2025-04-21 00:00:00-04:00,61.725234358437824,62.09949085700493,60.16782333526575,61.46484375,13461000
2025-04-22 00:00:00-04:00,62.04800753978625,63.35096908365673,61.964840263823945,63.005428314208984,13724000
2025-04-23 00:00:00-04:00,65.7658077533554,66.60341784525048,64.64106281293918,65.05986785888672,9451000
2025-04-24 00:00:00-04:00,66.74302263914618,68.37270843933054,65.76183763449555,68.25885009765625,13040000
2025-04-25 00:00:00-04:00,67.32618367047465,69.33705660968161,67.21925215730101,68.772705078125,6316000
2025-04-28 00:00:00-04:00,68.08855347452739,69.221222331369,67.23212689058685,68.6845932006836,7360000
2025-04-29 00:00:00-04:00,67.68558563936986,68.84597686965208,67.49846304514818,68.1133041381836,7261000
2025-04-30 00:00:00-04:00,67.0291565235913,69.80042475023441,66.75193225697495,69.57270050048828,11723000
2025-05-01 00:00:00-04:00,68.23705923826765,68.61725678175978,66.80736781607757,66.96083068847656,14635000
2025-05-02 00:00:00-04:00,68.73706687289102,70.08259406142554,68.60439202733552,69.12419128417969,8518000
2025-05-05 00:00:00-04:00,68.41726556729152,69.46577761496442,68.03113068225095,68.64202117919922,8119000
2025-05-06 00:00:00-04:00,67.41132335264837,68.31626782900149,67.08954685178284,67.26875305175781,9054000
2025-05-07 00:00:00-04:00,67.37470341081435,68.95587879733864,66.8578727864844,68.74696350097656,9628000
2025-05-08 00:00:00-04:00,69.63508070434138,70.34596833631818,68.59350304205238,69.63607025146484,9069000
2025-05-09 00:00:00-04:00,69.91427915526577,70.4251649254742,68.98260171952082,69.42517852783203,9550000
2025-05-12 00:00:00-04:00,73.76177401011594,75.52413465034115,73.42613626804484,75.29344177246094,21103000
2025-05-13 00:00:00-04:00,75.24690788552935,79.01123539536357,74.81622076418812,78.80133056640625,18048000
2025-05-14 00:00:00-04:00,77.89541089605765,79.74093891213423,77.89541089605765,79.70232391357422,11714000
2025-05-15 00:00:00-04:00,78.93696496946846,80.25774570658507,78.7686513498835,79.80131530761719,11298000
2025-05-16 00:00:00-04:00,79.91320890398259,79.91320890398259,77.63104894509716,78.33302307128906,11320000
2025-05-19 00:00:00-04:00,77.4814864783034,78.36280425629882,76.91875214411321,78.10872650146484,11420000
2025-05-20 00:00:00-04:00,77.37628546152696,78.49083539468171,77.13313405961203,78.43426513671875,9492000
2025-05-21 00:00:00-04:00,77.24627801516532,79.37017289451417,76.93463804586344,77.30780792236328,12367000
2025-05-22 00:00:00-04:00,76.06919530892479,77.58767990448376,75.62654500987333,76.17340087890625,6825000
2025-05-23 00:00:00-04:00,74.21227407069372,75.5372264734927,73.92643944720169,75.14718627929688,9419000
2025-05-27 00:00:00-04:00,76.88799627275586,78.62185094136645,76.281594264154,78.31219482421875,12925000
2025-05-28 00:00:00-04:00,78.31218515218227,79.03073566602512,77.03487559614577,77.16488647460938,9057000
2025-05-29 00:00:00-04:00,78.70123191897227,78.88186904518469,76.28951881181733,76.81454467773438,9323000
2025-05-30 00:00:00-04:00,76.69643891294494,76.7728628969098,73.48677545402168,75.118408203125,17177000
2025-06-02 00:00:00-04:00,74.67377728784626,75.88955700384382,74.63010968309202,75.67022705078125,8646000
2025-06-03 00:00:00-04:00,75.63151777425364,77.37231579021073,75.06481570765834,76.99517822265625,9432000
2025-06-04 00:00:00-04:00,77.5737866035117,78.10078875325696,76.77782019621817,77.62042999267578,8395000
2025-06-05 00:00:00-04:00,78.24767506893556,79.05157688428244,77.15693913533124,78.59305572509766,16189000
2025-06-06 00:00:00-04:00,79.5210250814277,80.78444768811859,79.37512818420724,80.19194030761719,9963000
2025-06-09 00:00:00-04:00,80.48967074796367,82.87161077567212,80.48967074796367,82.3049087524414,15298000
2025-06-10 00:00:00-04:00,82.30491512164502,85.07094397846467,82.05382071948297,85.01436614990234,15155000
2025-06-11 00:00:00-04:00,85.8569913186378,86.69562595035299,85.23371136671685,86.54377746582031,16504000
2025-06-12 00:00:00-04:00,85.99791281723483,87.25438432306717,85.99791281723483,86.84151458740234,10917000
2025-06-13 00:00:00-04:00,85.25355679279703,86.98541986245576,85.04910578394842,86.11402893066406,18322000
2025-06-16 00:00:00-04:00,86.94076308195744,88.65873919625736,86.90304705265054,88.56643676757812,16194000
2025-06-17 00:00:00-04:00,88.33022248270571,90.79453813865547,88.1039414671876,88.62796783447266,13340000
2025-06-18 00:00:00-04:00,88.81554645493914,89.13909713083481,86.07830622246595,86.46040344238281,14315000
2025-06-20 00:00:00-04:00,87.71787296607337,87.71787296607337,82.85673048076193,84.3603286743164,23478000
2025-06-23 00:00:00-04:00,84.65013445461771,85.31509054906181,83.4849658233922,84.98360443115234,14277000
2025-06-24 00:00:00-04:00,86.46834401356844,88.38679578135911,86.30160903386844,88.23395538330078,11451000
2025-06-25 00:00:00-04:00,88.8274544582891,89.61448596361956,88.10592814395935,88.67362213134766,7720000
2025-06-26 00:00:00-04:00,89.07159849478244,90.04322720324915,88.65773686619535,89.6144790649414,8647000
2025-06-27 00:00:00-04:00,89.81894383636622,90.11172200176213,87.79826262930966,88.31732940673828,11755000
2025-06-30 00:00:00-04:00,88.44535646226801,89.14902053192795,87.76848962861935,88.89990997314453,7867000
2025-07-01 00:00:00-04:00,88.209139268421,89.81794247308633,87.56602081583027,89.20856475830078,10791000
2025-07-02 00:00:00-04:00,88.15256698736876,91.5011761259778,87.83993513133933,91.41681671142578,10510000
2025-07-03 00:00:00-04:00,91.30764593925646,92.10361235641439,90.9156218780358,91.76219940185547,4894000
2025-07-07 00:00:00-04:00,91.00593496895326,91.65501258328923,89.90925495828218,90.57520294189453,9012000
2025-07-08 00:00:00-04:00,90.40649177173485,92.04010095387665,90.14348662984209,91.23023986816406,8625000
2025-07-09 00:00:00-04:00,91.23022930931666,92.49464376031808,90.8620266964698,91.62325286865234,6010000
2025-07-10 00:00:00-04:00,91.59447630792309,92.5154939941665,91.2451203330154,92.16316223144531,7982000
2025-07-11 00:00:00-04:00,91.85350989485877,92.31798264975684,91.42773752388474,91.76219940185547,5705000
2025-07-14 00:00:00-04:00,90.98210934586294,91.97855902438067,89.94398349668353,91.4902572631836,5678000
2025-07-15 00:00:00-04:00,92.69710965509405,93.52483293392325,92.26537814596433,92.94820404052734,7462000
2025-07-16 00:00:00-04:00,90.62482656578139,92.933326213473,89.06267421164061,92.64649963378906,12269000
2025-07-17 00:00:00-04:00,91.70562908972138,93.58735669755434,90.31517146964033,93.00279235839844,11353000
2025-07-18 00:00:00-04:00,93.875168276807,93.875168276807,91.7860140341248,92.41127014160156,6820000
2025-07-21 00:00:00-04:00,92.14727291716166,93.78981673262659,91.86838938529156,93.07027435302734,6737000
2025-07-22 00:00:00-04:00,93.16058466715644,93.16058466715644,88.33021531649135,88.55054473876953,16198000
2025-07-23 00:00:00-04:00,89.26215457595127,89.32269254379318,87.31888959421549,89.03388214111328,12075000
2025-07-24 00:00:00-04:00,89.50233288188221,90.5454259512412,88.74705829477388,89.737548828125,5497000
2025-07-25 00:00:00-04:00,88.56245984493563,89.81893125721739,88.13867134687561,89.53012084960938,8080000
2025-07-28 00:00:00-04:00,91.0456323600504,92.49266022875612,90.81140833916808,91.62027740478516,8399000
2025-07-29 00:00:00-04:00,92.16017915054515,92.99187013271394,90.82133218771664,90.91958618164062,10272000
2025-07-30 00:00:00-04:00,91.57064681021211,92.08375436151813,90.65062113413207,91.80288696289062,10582000
2025-07-31 00:00:00-04:00,85.79444259153279,89.0438055862292,85.35279182045723,87.24147033691406,22841000
2025-08-01 00:00:00-04:00,84.97566650490998,88.74309721539188,84.88435600697369,87.99675750732422,14746000
2025-08-04 00:00:00-04:00,89.00015483218439,91.08732557956493,88.42947744498268,90.8729476928711,10645000
2025-08-05 00:00:00-04:00,91.00990074382088,91.50514602163732,86.93678944349617,87.67618560791016,11783000
2025-08-06 00:00:00-04:00,87.67618085201913,88.2428828636663,86.26785343492341,88.15951538085938,9350000
2025-08-07 00:00:00-04:00,90.55335590837296,91.06249572516539,89.81694316473602,90.51961517333984,7172000
2025-08-08 00:00:00-04:00,90.61292685402738,91.10320496683038,89.88643326288488,90.79157257080078,7195000
2025-08-11 00:00:00-04:00,91.52102113797373,92.63160323811422,90.08094438938696,90.3330307006836,8140000
2025-08-12 00:00:00-04:00,90.68039911820856,93.21915492576476,90.06506982341804,92.84896087646484,10279000
2025-08-13 00:00:00-04:00,93.2926032123361,94.5183098283842,93.04944423337004,94.23346710205078,9007000
2025-08-14 00:00:00-04:00,93.45734627341885,95.20410336672181,92.78841494268212,94.8219985961914,10053000
2025-08-15 00:00:00-04:00,91.72746354826415,91.72746354826415,86.65890181257363,86.83556365966797,20645000
2025-08-18 00:00:00-04:00,86.83556283132349,87.90180951582327,86.5759616735561,87.86500549316406,8538000
2025-08-19 00:00:00-04:00,87.86499707790632,88.44785891413062,86.94397080772686,87.13792419433594,9867000
2025-08-20 00:00:00-04:00,87.38160456731643,87.55069816663982,85.55944137787476,87.3726577758789,9785000
2025-08-21 00:00:00-04:00,87.17373023888982,87.6561285060487,86.19700464879142,86.77090454101562,7305000
2025-08-22 00:00:00-04:00,86.7709015400023,88.90340231002291,86.4565952141187,86.56103515625,9463000
2025-08-25 00:00:00-04:00,86.56004070621289,88.19920066302348,86.13731808817694,87.48306274414062,4693000
2025-08-26 00:00:00-04:00,87.65413928769578,88.80891285119931,87.65413928769578,88.3334732055664,8123000
2025-08-27 00:00:00-04:00,88.11366261774184,88.58512593433616,87.52683197184585,88.41205596923828,5285000
2025-08-28 00:00:00-04:00,88.82185076732715,89.21870437623194,88.02514610844987,88.92031860351562,9642000
2025-08-29 00:00:00-04:00,87.67702393288857,88.02514445541608,86.01698039310448,86.73211669921875,9543000
2025-09-02 00:00:00-04:00,84.13014884628052,84.82739151037501,83.22403388587989,84.18087768554688,12416000
2025-09-03 00:00:00-04:00,84.3111768051891,84.3111768051891,82.77745077146831,83.93719482421875,9336000
2025-09-04 00:00:00-04:00,83.86757034561062,87.19561763806348,83.44982572859765,86.86042785644531,8134000
2025-09-05 00:00:00-04:00,87.49101698211432,90.13973020510814,87.3627113390758,90.02336120605469,11556000
2025-09-08 00:00:00-04:00,90.5117284164596,91.93902632087412,90.1874811909177,90.4102783203125,8865000
2025-09-09 00:00:00-04:00,90.58632577926602,91.77989162333832,90.53461043580246,91.28058624267578,6778000
2025-09-10 00:00:00-04:00,91.6913637922078,93.02119556965597,90.99909909995307,92.76258850097656,7128000
2025-09-11 00:00:00-04:00,93.4956204231527,95.87180160915688,93.2449736824157,95.41327667236328,10221000
2025-09-12 00:00:00-04:00,95.23424495051023,96.28954895596085,94.98757455421796,95.88473510742188,5839000
2025-09-15 00:00:00-04:00,96.18014229967754,98.46879837516909,96.18014229967754,98.36038208007812,8456000
2025-09-16 00:00:00-04:00,98.81692458269086,99.66634623234708,96.98281701714487,98.52549743652344,7761000
2025-09-17 00:00:00-04:00,98.50660042375293,99.46343668127386,97.10316823608929,98.45587158203125,7239000
2025-09-18 00:00:00-04:00,102.52988755844116,107.10122746141995,102.02859405755093,104.10737609863281,18247000
2025-09-19 00:00:00-04:00,104.62558261015117,104.6832700629708,102.37969518263854,103.9203872680664,15869000
2025-09-22 00:00:00-04:00,103.33157209815923,106.72128324654896,103.19331797863528,106.55020904541016,10207000
2025-09-23 00:00:00-04:00,106.21203308236382,106.97491593169384,105.50981995392259,106.54523468017578,8295000
2025-09-24 00:00:00-04:00,106.05985463818178,107.02265541526845,105.19650819075689,106.29358673095703,8680000
2025-09-25 00:00:00-04:00,105.29298754528823,106.12648858529327,104.01886269669335,105.34172821044922,7105000
2025-09-26 00:00:00-04:00,105.08708995676817,106.29258470542631,104.05465756679224,105.8579330444336,5054000
2025-09-29 00:00:00-04:00,107.14003159373405,107.97750903105617,105.7475419032061,105.84203338623047,7697000
2025-09-30 00:00:00-04:00,105.80919550692943,107.40757509443371,105.13981007447896,107.28125762939453,8863000
2025-10-01 00:00:00-04:00,106.94110034598026,112.81342124020541,106.40399685347415,112.28129577636719,11881000
2025-10-02 00:00:00-04:00,114.88026446191996,114.88026446191996,112.11717043030313,113.31471252441406,9249000
2025-10-03 00:00:00-04:00,112.19475397310147,112.63338200030061,109.32722002019258,109.5639419555664,9536000
2025-10-06 00:00:00-04:00,111.56614702099698,114.59381276123344,111.56614702099698,113.3594741821289,9460000
2025-10-07 00:00:00-04:00,113.46888493703787,113.59122605739172,107.71890539961355,107.8919677734375,8784000
2025-10-08 00:00:00-04:00,105.78035202466133,107.15494041257006,105.33276961806521,105.68885040283203,14760000
2025-10-09 00:00:00-04:00,105.68885499552901,106.07775587634721,103.16745325368625,104.78174591064453,12477000
2025-10-10 00:00:00-04:00,104.66437823079909,104.86132148528375,97.57064960564809,97.74769592285156,15760000
2025-10-13 00:00:00-04:00,101.07971478904166,102.83524379183129,100.94543702839135,101.95001983642578,12270000
2025-10-14 00:00:00-04:00,99.31921484752446,103.68665305850006,99.31921484752446,102.02063751220703,10557000
2025-10-15 00:00:00-04:00,105.14080761256577,108.70259447989287,104.82848945329538,108.11774444580078,13137000
2025-10-16 00:00:00-04:00,109.42469065656518,111.10064700460055,107.39961214882365,109.29041290283203,10311000
2025-10-17 00:00:00-04:00,109.24565460367123,110.35268151890193,107.82730363955028,110.07219696044922,8791000
2025-10-20 00:00:00-04:00,112.39964754104821,115.49494919287999,112.04556250374429,114.67040252685547,10785000
2025-10-21 00:00:00-04:00,113.46888405567272,115.01156444190941,113.2480751056414,114.12732696533203,7447000
2025-10-22 00:00:00-04:00,114.12732245812934,114.12732245812934,108.44895546749159,110.83409118652344,13614000
2025-10-23 00:00:00-04:00,110.07221192491795,115.68592573952948,110.07221192491795,115.27812957763672,9466000
2025-10-24 00:00:00-04:00,115.97436466564635,118.48681202615516,115.43726120152365,117.6473388671875,8255000
2025-10-27 00:00:00-04:00,119.35611785607189,121.46474533670724,119.35611785607189,120.86100006103516,9711000
2025-10-28 00:00:00-04:00,120.02053823583117,120.31694340326155,118.93738451377513,119.95687866210938,6654000
2025-10-29 00:00:00-04:00,121.9411800341605,125.27917582383706,121.78999518263865,122.86519622802734,14635000
2025-10-30 00:00:00-04:00,122.75976414615417,127.7578111181393,116.65171544206868,120.78939819335938,20377000
2025-10-31 00:00:00-04:00,121.71837896732585,123.37146381199108,119.44066538798627,120.22543334960938,8852000
2025-11-03 00:00:00-05:00,120.96145621793401,122.44744316536114,120.09911148282421,121.25984954833984,9055000
2025-11-04 00:00:00-05:00,119.17708396736289,122.2882984824822,118.50371458980369,118.70861053466797,12014000
2025-11-05 00:00:00-05:00,119.70921516731185,123.64697201820941,119.5082955772811,122.05157470703125,9011000
2025-11-06 00:00:00-05:00,121.64875819396013,121.64875819396013,118.53853757929981,119.99269104003906,11788000
2025-11-07 00:00:00-05:00,119.3451801868124,120.18365925597409,115.38952196266337,118.6966781616211,11421000
2025-11-10 00:00:00-05:00,121.43888636977279,122.02472289753617,119.52818858962043,121.14148712158203,9481000
2025-11-11 00:00:00-05:00,119.66445917948218,120.4203834289443,117.86417338976784,118.45100402832031,9118000
2025-11-12 00:00:00-05:00,120.1637611171325,120.33683107513069,118.64496163392532,119.25367736816406,8246000
2025-11-13 00:00:00-05:00,118.07900861434901,118.63699548034771,114.25463852783994,115.54865264892578,12035000
2025-11-14 00:00:00-05:00,112.94471128918734,116.89142274787474,112.1022558624365,112.8233642578125,14446000
2025-11-17 00:00:00-05:00,113.56859266872547,115.15769739137524,111.39764727784673,112.95088958740234,13265000
2025-11-18 00:00:00-05:00,111.03201394814683,113.62240074520504,109.3831333700583,111.89381408691406,11519000
2025-11-19 00:00:00-05:00,112.7715610602897,117.30374028034798,112.53144706475359,116.31441497802734,9593000
2025-11-20 00:00:00-05:00,118.3568233843285,119.704825948341,109.3522413564782,109.83744049072266,11719000
2025-11-21 00:00:00-05:00,109.29445507132255,110.67234558291094,106.79971411450406,109.30641174316406,14384000
2025-11-24 00:00:00-05:00,110.08153032674699,114.37260710237432,109.892237901507,113.25276184082031,15796000
2025-11-25 00:00:00-05:00,112.60118669130985,114.42342758538227,110.33260391696358,114.1653823852539,9442000
2025-11-26 00:00:00-05:00,115.34700743025931,116.29548396570485,114.06376686934848,115.478515625,11257000
2025-11-28 00:00:00-05:00,116.45688499668339,117.16326360252292,114.67449710766905,117.1124496459961,3893000
2025-12-01 00:00:00-05:00,116.06931363932753,117.13934069848618,114.69640957993991,115.29020690917969,6091000
2025-12-02 00:00:00-05:00,116.61728738998359,119.34715590767905,115.93980094020627,118.54612731933594,9533000
2025-12-03 00:00:00-05:00,118.16155785429959,121.14648442696777,116.1908732892207,120.72704315185547,8104000
2025-12-04 00:00:00-05:00,119.81142787749518,121.2560720003411,119.3381854032416,120.36138916015625,7032000
2025-12-05 00:00:00-05:00,121.9475077473985,123.54159127588159,120.78382639154636,120.99703216552734,6819000
2025-12-08 00:00:00-05:00,122.80134066684407,123.78070076107912,121.46927776583955,122.00628662109375,8198000
2025-12-09 00:00:00-05:00,121.12355608760019,122.9039522997795,120.71507576497886,122.10790252685547,7827000
2025-12-10 00:00:00-05:00,122.6319624528118,124.90652726209518,121.62868902292487,123.43299102783203,7119000
2025-12-11 00:00:00-05:00,122.4735556925335,124.60663959298427,118.65970429459043,124.15730285644531,9223000
2025-12-12 00:00:00-05:00,122.55026476270328,123.5067148631142,118.079853068629,118.95062255859375,11439000
2025-12-15 00:00:00-05:00,122.44865462865063,125.03605421477788,121.08471223561345,122.05810546875,12584000
2025-12-16 00:00:00-05:00,123.24369872240997,123.54159696737534,120.29464215855738,121.8847427368164,7355000
2025-12-17 00:00:00-05:00,121.84788341022977,122.8999793376414,116.50670193762753,116.76873016357422,9138000
2025-12-18 00:00:00-05:00,121.84788086056335,122.84418403161885,120.65231249458277,121.78710174560547,10565000
2025-12-19 00:00:00-05:00,123.5425892371152,125.88988231049643,123.50273619804297,124.10649871826172,21561000
2025-12-22 00:00:00-05:00,127.16514620673186,127.32754562691694,124.52693285038191,126.09810638427734,6045000
2025-12-23 00:00:00-05:00,125.43556180377605,126.73872496479288,125.28910208103325,126.40596008300781,6007000
2025-12-24 00:00:00-05:00,126.46873277517956,127.4451056054633,126.03234846854983,127.22691345214844,2103000
2025-12-26 00:00:00-05:00,127.82570076846544,128.2052889955414,127.05456004122652,127.48695373535156,3374000
2025-12-29 00:00:00-05:00,126.83836078737872,128.13155886039564,125.20840718933185,125.57305908203125,6415000
2025-12-30 00:00:00-05:00,126.21068368801413,126.29238127350243,123.6641331585862,123.90523529052734,3843000
2025-12-31 00:00:00-05:00,123.9052401448707,124.63055328315662,120.9601667321446,121.05880737304688,6080000
2026-01-02 00:00:00-05:00,125.50530396456348,127.92432939571258,124.59268992021805,126.97584533691406,8321000
2026-01-05 00:00:00-05:00,130.51271363467043,136.68182388127974,129.91792055139868,134.74501037597656,13199000
2026-01-06 00:00:00-05:00,136.42478052176213,140.17686446909343,136.02327049120018,138.98428344726562,11414000
2026-01-07 00:00:00-05:00,136.40087500640973,137.48983667577016,134.75398599741249,135.46633911132812,9045000
2026-01-08 00:00:00-05:00,134.62746993302602,134.88052877270053,130.43602137561552,131.9703369140625,9485000
2026-01-09 00:00:00-05:00,135.24018281696232,139.9267874750392,133.1061032314818,139.48243713378906,11024000
2026-01-12 00:00:00-05:00,138.15038165825945,142.69552842125194,138.15038165825945,142.28903198242188,8556000
2026-01-13 00:00:00-05:00,145.5599109799525,146.44262203856775,142.7901891597349,143.6490020751953,9966000
2026-01-14 00:00:00-05:00,142.55804356147135,142.94859271865266,139.09389230036783,142.91969299316406,8965000
2026-01-15 00:00:00-05:00,153.2314243371608,156.5680425444595,151.9362272285075,153.9248504638672,16576000
2026-01-16 00:00:00-05:00,156.8848731045954,157.5494147656075,152.9425005659085,156.20240783691406,15317000
2026-01-20 00:00:00-05:00,151.97608656885262,154.95105564732089,147.88527795054608,148.06858825683594,17340000
2026-01-21 00:00:00-05:00,150.16781452080957,153.5552395143007,147.49672573152316,151.43809509277344,14999000
2026-01-22 00:00:00-05:00,154.3412999835983,155.08255277414807,149.234243236091,149.44546508789062,10260000
2026-01-23 00:00:00-05:00,147.8743087219738,150.73767696288792,144.64529284139695,150.71875,10102000
2026-01-26 00:00:00-05:00,150.68487734557132,155.09650150417775,148.50395916294968,153.73255920410156,12599000
2026-01-27 00:00:00-05:00,155.57274433489692,161.22079370812645,154.92515331197288,161.0354766845703,11742000
2026-01-28 00:00:00-05:00,162.84176801758647,164.39002400408552,159.50514965484376,162.1184539794922,10915000
2026-01-29 00:00:00-05:00,163.6856268395588,168.70899456097587,160.2264623048454,167.84817504882812,15064000
2026-01-30 00:00:00-05:00,153.43069611636832,157.91406061327518,141.16023135604016,142.26612854003906,27881000
2026-02-02 00:00:00-05:00,139.48544988489212,143.4925695165604,139.48345837296333,140.52359008789062,16038000
2026-02-03 00:00:00-05:00,144.06046470159575,144.39322961080842,131.94939697288544,135.05288696289062,20559000
2026-02-04 00:00:00-05:00,136.01830434896718,137.22283461987422,128.02895134124822,130.23875427246094,15838000
2026-02-05 00:00:00-05:00,128.81103590751863,134.48897251254922,128.0289343075229,132.61093139648438,13017000
2026-02-06 00:00:00-05:00,137.2068781787827,144.38922670760388,136.611081762253,143.7615509033203,15711000
2026-02-09 00:00:00-05:00,143.46766476309708,145.16137720940748,141.9263865889784,143.48361206054688,16392000
2026-02-10 00:00:00-05:00,141.88751717107354,143.86616767135874,140.67900401342817,142.55503845214844,8432000
2026-02-11 00:00:00-05:00,146.34895827619502,149.65568862161592,144.06244440764846,147.40304565429688,10928000
2026-02-12 00:00:00-05:00,147.25559585652422,148.9542945023521,142.915696663604,144.54864501953125,10491000
2026-02-13 00:00:00-05:00,144.5636001948339,148.89453032067792,142.97051235325765,145.87173461914062,10122000
2026-02-17 00:00:00-05:00,144.20275432083588,148.33780115681884,142.42403282628064,146.6658172607422,6231000
2026-02-18 00:00:00-05:00,147.45491997893242,149.92297582126014,146.4044557660297,147.6743927001953,6510000
2026-02-19 00:00:00-05:00,144.66164730873393,147.11274576301432,143.86157194787035,146.63690185546875,6257000
2026-02-20 00:00:00-05:00,145.15746115482472,149.40123983725172,145.15746115482472,149.24063110351562,6841000
2026-02-23 00:00:00-05:00,148.62909252815433,151.33557261261276,145.2502355922478,148.40863037109375,8499000
2026-02-24 00:00:00-05:00,150.41480053799486,152.6324676946411,147.2005402141777,150.30307006835938,6669000
2026-02-25 00:00:00-05:00,154.10490764674634,157.35608138650863,153.74077898876556,154.29644775390625,8762000
2026-02-26 00:00:00-05:00,154.13982444096433,155.1264470128186,146.5281488900887,152.0648193359375,11840000
2026-02-27 00:00:00-05:00,149.34137848056199,153.36967242309015,148.6939354979613,152.08876037597656,11069000
2026-03-02 00:00:00-05:00,147.14567265519938,153.7068691185297,147.14567265519938,153.1262664794922,7591000
2026-03-03 00:00:00-05:00,147.20851606521174,148.3926610287432,142.30930294000873,143.7887420654297,12669000
2026-03-04 00:00:00-05:00,146.27776023669355,148.64206198919743,144.55490396158316,147.2364501953125,7982000
2026-03-05 00:00:00-05:00,144.98487051143,147.20153282573023,138.6660867509998,142.59263610839844,10777000
2026-03-06 00:00:00-05:00,136.9622097091797,141.52621677047307,132.88002888605408,134.13201904296875,11179000
2026-03-09 00:00:00-04:00,131.97519661530563,143.17722549458108,131.78466117116903,142.5666961669922,11207000
2026-03-10 00:00:00-04:00,141.76861978168836,148.35277115616927,140.66128564749295,144.94497680664062,8912000
2026-03-11 00:00:00-04:00,145.5495217427605,149.14088012903622,145.05072281256304,146.14808654785156,8164000
2026-03-12 00:00:00-04:00,146.1480767844319,146.64587102044302,139.2656475351377,140.61839294433594,12596000
2026-03-13 00:00:00-04:00,141.3745644800579,144.23768043420517,140.50466519072333,141.52320861816406,12718000
2026-03-16 00:00:00-04:00,145.04073268059602,145.35197963937213,142.17164978153616,143.47850036621094,9557000
2026-03-17 00:00:00-04:00,144.3244656708809,148.14327296325004,143.14531347657947,147.77914428710938,8535000
2026-03-18 00:00:00-04:00,147.57664271359684,150.94353524626402,145.56348502031747,147.87989807128906,8830000
2026-03-19 00:00:00-04:00,143.41865688238954,151.4353482534473,141.68782410000185,150.7888946533203,9997000
2026-03-20 00:00:00-04:00,150.7888900836864,153.13125681909537,145.35498407308143,149.50698852539062,21884000
2026-03-23 00:00:00-04:00,152.98361555560055,156.94806805037254,150.67018612367588,150.77992248535156,11738000
2026-03-24 00:00:00-04:00,148.12729978967315,157.86485313758672,147.8140587196144,156.24276733398438,7823000
2026-03-25 00:00:00-04:00,157.052810423306,157.22439431287694,153.0963343550198,154.01113891601562,7694000
2026-03-26 00:00:00-04:00,150.02972493320357,151.11510869358486,144.20374268849437,144.764404296875,10917000
2026-03-27 00:00:00-04:00,143.31491178032704,147.56866137033379,143.1812309884022,143.9743194580078,8115000
2026-03-30 00:00:00-04:00,146.54711132010314,147.0040189080722,137.11282815692533,137.92587280273438,10012000
2026-03-31 00:00:00-04:00,141.3675850722506,147.28234342558187,139.6636954165702,146.88729858398438,11081000
2026-04-01 00:00:00-04:00,148.06445233820844,153.6230576686871,148.02355046748937,151.61888122558594,8799000
2026-04-02 00:00:00-04:00,145.06766770699292,152.43292691556192,144.75142790627282,151.31961059570312,6615000
2026-04-06 00:00:00-04:00,151.91218640014415,153.82956630689299,151.3764738639564,153.6360321044922,4118000
2026-04-07 00:00:00-04:00,151.99599002867004,154.51892171507276,150.3659126032284,154.51292419433594,5273000
2026-04-08 00:00:00-04:00,166.21873203866485,168.22091436843613,163.14014704271514,166.83224487304688,10201000
2026-04-09 00:00:00-04:00,166.58786266176654,173.0532970070584,166.51503996851756,172.3110809326172,9395000
2026-04-10 00:00:00-04:00,174.34218166976018,175.5732261336574,172.80189954283898,173.3106689453125,6864000
2026-04-13 00:00:00-04:00,173.0473093886452,176.75638032503218,171.61374965858698,176.45310974121094,8301000
2026-04-14 00:00:00-04:00,178.4452930352543,179.36807397518123,176.11589564995555,179.15957641601562,8713000
2026-04-15 00:00:00-04:00,176.17577136758737,176.6067251993999,167.6472968720929,174.3910675048828,11639000
2026-04-16 00:00:00-04:00,171.44516206117572,173.7865241873764,169.23847015615598,173.06825256347656,8323000
2026-04-17 00:00:00-04:00,176.70049602522508,178.7445696794446,173.9880185212496,178.71363830566406,7254000
2026-04-20 00:00:00-04:00,178.73261293080503,180.24098948341592,176.5748144441735,180.09832763671875,6231000
2026-04-21 00:00:00-04:00,180.96422217600247,181.88899722036453,176.81721072517465,178.1081085205078,6761000
2026-04-22 00:00:00-04:00,180.8634698221566,180.99815526009817,177.23720749363534,180.77069091796875,6840000
2026-04-23 00:00:00-04:00,181.99974206691383,184.01588322524444,178.42334743108464,181.1068878173828,9285000
2026-04-24 00:00:00-04:00,184.8329223940132,193.4701287708286,184.0288588223938,193.03517150878906,11431000
2026-04-27 00:00:00-04:00,190.51424893096677,192.2141503197582,186.32931891733682,189.5435791015625,11196000
2026-04-28 00:00:00-04:00,177.47064422968805,185.11224685007528,176.84017388206033,180.4624481201172,13398000
2026-04-29 00:00:00-04:00,182.5164921465106,183.55799055576736,178.2108658741705,181.18470764160156,10921000
2026-04-30 00:00:00-04:00,168.3945096538226,178.43632326400973,164.20460198877396,174.61453247070312,18906000
2026-05-01 00:00:00-04:00,172.88369584518426,174.08479831870739,169.092821290989,172.21131896972656,7892000
2026-05-04 00:00:00-04:00,171.63670294256028,174.69333794588226,167.27620080721496,170.92042541503906,7916000
2026-05-05 00:00:00-04:00,174.11074502941142,176.2944820138408,171.1748214862081,172.87371826171875,11941000
2026-05-06 00:00:00-04:00,178.040275298033,182.04065220415893,175.50338483219917,181.19268798828125,13409000
2026-05-07 00:00:00-04:00,181.29444774967908,181.56179409489286,174.1805811589386,175.90142822265625,12416000
2026-05-08 00:00:00-04:00,181.2266000907471,188.4522122656822,180.06639947317225,186.46998596191406,12894000
2026-05-11 00:00:00-04:00,184.8299099522055,189.29316114027583,183.9161100829282,184.0757293701172,12129000
2026-05-12 00:00:00-04:00,179.81000414750258,181.00214074329452,173.8812876485873,180.69985961914062,10294000
2026-05-13 00:00:00-04:00,183.15296601959778,186.05098643253135,179.0588359430034,184.5266571044922,9381000
2026-05-14 00:00:00-04:00,184.06975837678883,190.6519004457608,182.62423408907378,188.8392791748047,8100000
2026-05-15 00:00:00-04:00,182.63520668695796,184.10666947035628,179.82297836074494,179.99856567382812,9804000
2026-05-18 00:00:00-04:00,181.88242007411424,183.11802301329388,173.42597477462292,175.4467010498047,9469000
2026-05-19 00:00:00-04:00,170.67509488184288,176.30074041832847,168.83717580684498,173.8614959716797,11170000
2026-05-20 00:00:00-04:00,177.4993777324716,183.37873415876285,177.0998354199107,182.74046325683594,9000000
2026-05-21 00:00:00-04:00,182.68852060764857,187.28831741574174,182.11117022811501,184.01002502441406,8205000
2026-05-22 00:00:00-04:00,187.287308838943,190.79734913552628,185.9628170945941,188.6248016357422,7231000
2026-05-26 00:00:00-04:00,193.4523551525107,202.0526352708247,191.21687521852027,200.91192626953125,11503000
2026-05-27 00:00:00-04:00,204.43193427692088,205.7754170202459,194.28141963679394,195.49803161621094,9502000
2026-05-28 00:00:00-04:00,195.40914731282322,195.8326646119187,188.9244721023596,192.54537963867188,8855000
2026-05-29 00:00:00-04:00,192.7721314284437,197.27703442376557,190.9302038043123,191.9540557861328,11457000
2026-06-01 00:00:00-04:00,189.64065516745606,194.58506371854162,188.38708238884078,193.78497314453125,7359000
2026-06-02 00:00:00-04:00,196.427982869328,204.5188443467016,194.7798517587634,204.2891082763672,10611000
2026-06-03 00:00:00-04:00,204.59575675462747,214.30978382873957,201.72599912578815,212.27108764648438,10200000
2026-06-04 00:00:00-04:00,205.1531154308677,215.42551665150313,203.17136182365988,212.86940002441406,8253000
2026-06-05 00:00:00-04:00,204.07334452105482,205.26400011113606,192.55535700454752,192.7021942138672,18586000
2026-06-08 00:00:00-04:00,202.77082132075682,213.27993964116155,200.12980909282953,210.56800842285156,11659000
2026-06-09 00:00:00-04:00,216.75501054699967,226.02652900400227,199.324714360081,213.69546508789062,16366000
2026-06-10 00:00:00-04:00,216.3984251815793,230.18083676556256,212.01636924966084,213.32289123535156,16030000
2026-06-11 00:00:00-04:00,221.08712676790853,242.8545168430161,220.37892756064892,240.89173889160156,17694000
2026-06-12 00:00:00-04:00,237.33176211688996,254.64218360259457,235.73356237703092,254.25262451171875,10056600
2026-06-15 00:00:00-04:00,263.2724454706089,266.8683872858542,250.82650569376315,256.1305236816406,18368200
2026-06-16 00:00:00-04:00,254.1427425392451,255.5611527792157,236.85228787773613,237.0620574951172,14048600
2026-06-17 00:00:00-04:00,244.67345884073112,250.87645472167043,237.39169564634042,238.46047973632812,13213500
2026-06-18 00:00:00-04:00,251.4857689859966,263.65202632285605,250.2171984825394,259.2669677734375,26167300
2026-06-22 00:00:00-04:00,265.31012955787185,269.5952949719322,262.0837955196421,268.85614013671875,11719800
2026-06-23 00:00:00-04:00,247.779950991744,250.93638717749477,240.2884180935421,244.2139892578125,18703800
2026-06-24 00:00:00-04:00,241.83666071651334,245.0230616754262,234.73468722939967,240.20849609375,11543700
2026-06-25 00:00:00-04:00,254.86193930709499,260.54551795325887,243.2350810317906,258.5078125,11963400
2026-06-26 00:00:00-04:00,246.49141470899667,252.71437711903334,242.8155612980163,248.3592987060547,21394400
2026-06-29 00:00:00-04:00,249.7477165178119,279.0246232775601,249.0385266385229,278.0757141113281,14628600
2026-06-30 00:00:00-04:00,279.9635565046793,307.0229676417069,278.71496778213395,301.3693542480469,19909300
2026-07-01 00:00:00-04:00,285.1976604588748,290.5116619329313,259.5066950014872,265.8894958496094,24163600
2026-07-02 00:00:00-04:00,265.6996925245538,267.0281775746018,227.75257681575758,235.28407287597656,23622500
2026-07-06 00:00:00-04:00,246.04192235122358,246.04192235122358,230.89903369838518,233.04660034179688,12130800
2026-07-07 00:00:00-04:00,216.87487653807725,223.53734458307906,210.62194927973644,216.22561645507812,17710900
2026-07-08 00:00:00-04:00,215.53638523742654,223.14777745346456,214.05806041081982,220.93028259277344,13082600
2026-07-09 00:00:00-04:00,238.7501541543898,247.21059286656387,227.74259130691803,229.26087951660156,13066400
2026-07-10 00:00:00-04:00,224.57617169966804,231.83796823239393,221.8792230126656,231.2586212158203,7447800
2026-07-13 00:00:00-04:00,221.29987780609417,226.603880490278,218.64287723159612,221.99908447265625,9947500
2026-07-14 00:00:00-04:00,237.13197101909904,237.4516170573615,226.034513519143,230.1099090576172,9033100
2026-07-15 00:00:00-04:00,235.69362049321862,236.28295075681626,216.2256181732874,224.24655151367188,10625500
2026-07-16 00:00:00-04:00,217.5141467678912,228.53169284545746,216.47532761844263,219.12232971191406,14957000
2026-07-17 00:00:00-04:00,208.21466292872626,216.54524365189067,204.3490369241306,212.5098114013672,13061800
2026-07-20 00:00:00-04:00,217.20450156511907,220.55072559899392,206.68639088019282,207.36563110351562,8396400
2026-07-21 00:00:00-04:00,220.00134231546446,220.75049558101085,213.98813450304112,217.3143768310547,9947400
2026-07-22 00:00:00-04:00,210.42216768245714,218.12345452660318,210.03260860366643,214.44761657714844,9051200
2026-07-23 00:00:00-04:00,213.14909494030022,218.7827271105327,212.61969449768478,218.48306274414062,8774000
2026-07-24 00:00:00-04:00,214.26781902667454,219.74164324163587,207.20580877452642,210.28233337402344,11304900
2026-07-27 00:00:00-04:00,210.58200159225345,213.7683874315067,195.33921964973766,203.1304168701172,14194900
2026-07-28 00:00:00-04:00,193.05180737903882,195.76873778790699,186.53916402470227,190.5845947265625,17199200
2026-07-29 00:00:00-04:00,177.4294667035203,191.15394496047395,169.61828789918977,169.99786376953125,20427600
2026-07-30 00:00:00-04:00,186.6490458332334,186.6490458332334,178.65807739810248,180.1264190673828,17485100
2026-07-31 00:00:00-04:00,187.78774609616391,189.78548807591034,179.4471672340979,182.6136016845703,13512400
2026-08-03 00:00:00-04:00,177.7690834735078,182.98319161740906,174.40289288417534,182.54368591308594,10263000
2026-08-04 00:00:00-04:00,191.76325590912404,196.50789329760002,187.91761159182303,195.22933959960938,13251400
2026-08-05 00:00:00-04:00,195.24932023018508,200.93289879392734,191.00411837928132,192.58233642578125,10017200
2026-08-06 00:00:00-04:00,189.37595485726163,198.0961099202103,185.5602754495326,193.00186157226562,13257400
2026-08-07 00:00:00-04:00,197.75647917109643,201.60213867331336,194.82979441473847,197.88633728027344,8974100
2026-08-10 00:00:00-04:00,204.54879990333683,204.82848256092538,192.25270046768273,192.52239990234375,10318300
2026-08-11 00:00:00-04:00,198.44571190282647,202.92064998943727,194.77985693715073,200.24368286132812,8098400
2026-08-12 00:00:00-04:00,209.86281008540797,210.03261633199446,204.988314568102,208.014892578125,11951900
2026-08-13 00:00:00-04:00,208.28458999117677,214.55749879652004,206.76630176852407,209.1336212158203,8543100
2026-08-14 00:00:00-04:00,206.56653006495253,208.63418515154737,200.63323376518633,203.49000549316406,7357900
2026-08-17 00:00:00-04:00,206.88999938964844,209.10000610351562,202.47999572753906,205.75999450683594,9479000
2026-08-18 00:00:00-04:00,195.47000122070312,199.52000427246094,191.77999877929688,194.7899932861328,13530000
2026-08-19 00:00:00-04:00,196.44000244140625,196.97999572753906,185.3800048828125,187.27000427246094,9701600
2026-08-20 00:00:00-04:00,185.55999755859375,189.36000061035156,184.5500030517578,185.86000061035156,7330100
2026-08-21 00:00:00-04:00,189.44000244140625,189.77000427246094,182.11000061035156,183.99000549316406,8906400
2026-08-24 00:00:00-04:00,180.02000427246094,182.83999633789062,176.4499969482422,181.57000732421875,9867600
2026-08-25 00:00:00-04:00,184.5800018310547,186.1300048828125,180.7100067138672,183.33999633789062,8897400
2026-08-26 00:00:00-04:00,183.41000366210938,184.25999450683594,179.6999969482422,183.8300018310547,5962800
2026-08-27 00:00:00-04:00,185.00999450683594,186.77999877929688,180.85000610351562,183.77000427246094,6553000
2026-08-28 00:00:00-04:00,182.0399932861328,182.60000610351562,174.6999969482422,175.5399932861328,9970500
2026-08-31 00:00:00-04:00,176.86000061035156,177.61000061035156,174.1699981689453,175.4499969482422,7602800
