Date,Open,High,Low,Close,Volume
2017-01-03 00:00:00-05:00,34.90637654082199,35.060967916940925,34.653880962488266,34.849693298339844,5799500
2017-01-04 00:00:00-05:00,35.127957931378745,35.44744496356697,34.9166872290744,34.96306228637695,7553000
2017-01-05 00:00:00-05:00,35.02490016709711,35.179487625242686,34.7775547300729,35.00428771972656,8173400
2017-01-06 00:00:00-05:00,35.009437236390326,35.20524956367145,34.92698745768975,35.15887451171875,4925900
2017-01-09 00:00:00-05:00,35.158878345500334,35.2104074970961,34.9682161600315,35.014591217041016,4815900
2017-01-10 00:00:00-05:00,35.11250484648081,35.12796320123404,34.80848005253962,34.896080017089844,5226800
2017-01-11 00:00:00-05:00,34.92699575228238,35.08158715834799,34.803324986283556,34.860008239746094,5618700
2017-01-12 00:00:00-05:00,34.7672522366419,34.88061873722243,34.66934408951826,34.787864685058594,5007000
2017-01-13 00:00:00-05:00,34.77240349657585,34.88061589337391,34.66934126289516,34.82393264770508,4073100
2017-01-17 00:00:00-05:00,34.94759364457342,35.308301533244745,34.8033104891049,35.28769302368164,9012500
2017-01-18 00:00:00-05:00,35.32893208733905,35.65872344932829,35.32378192301835,35.63811492919922,8063400
2017-01-19 00:00:00-05:00,35.62780613428233,35.86484342598345,35.56081861643954,35.839080810546875,7853600
2017-01-20 00:00:00-05:00,35.895753046775496,36.127636171620786,35.8905989527015,36.076107025146484,10188200
2017-01-23 00:00:00-05:00,36.18433178150421,36.39560253369669,36.07096526165416,36.3543815612793,6508800
2017-01-24 00:00:00-05:00,36.3543692471615,36.47803998536978,36.27707356149811,36.462581634521484,6510500
2017-01-25 00:00:00-05:00,36.606860566241316,36.69961459198078,36.46772756192139,36.565635681152344,6112700
2017-01-26 00:00:00-05:00,36.622331044404525,36.637789398577254,36.400752127942404,36.50896453857422,5969700
2017-01-27 00:00:00-05:00,36.50896484534942,36.61202709307148,36.380139984263906,36.60171890258789,5915600
2017-01-30 00:00:00-05:00,36.575960486797804,36.7872312388843,36.49351067915795,36.7408561706543,8574700
2017-01-31 00:00:00-05:00,36.75630799665831,36.812991246484636,36.57079989384895,36.679012298583984,11463000
2017-02-01 00:00:00-05:00,36.05034551737353,37.10155676412784,35.45260025829113,36.78722381591797,11416300
2017-02-02 00:00:00-05:00,36.926354449053726,37.14277923919965,36.75630471475814,36.818138122558594,8108500
2017-02-03 00:00:00-05:00,36.83876037597656,37.0809517714623,36.62233552821522,36.83876037597656,6817400
2017-02-06 00:00:00-05:00,36.79237813405699,36.99849868139343,36.735694885253906,36.735694885253906,5192500
2017-02-07 00:00:00-05:00,36.85936309951901,37.240683530373595,36.838750653064416,37.204612731933594,5239900
2017-02-08 00:00:00-05:00,37.15822438342882,37.4055657895586,37.122153597892364,37.178836822509766,4848500
2017-02-09 00:00:00-05:00,37.1788573800803,37.38497795344068,37.05518660863326,37.35405731201172,5183200
2017-02-10 00:00:00-05:00,37.30251955383335,37.40042768818327,37.18915306804334,37.31797790527344,4154900
2017-02-13 00:00:00-05:00,37.34375223282613,37.405585651481005,37.09640676393807,37.12217330932617,5175800
2017-02-14 00:00:00-05:00,37.10155596985816,37.209768369666236,36.93666032280458,37.03971862792969,5120200
2017-02-15 00:00:00-05:00,36.9572686376022,37.240680910716655,36.859360506685654,37.189151763916016,5222300
2017-02-16 00:00:00-05:00,37.189160310969825,37.46742248535156,37.10671444342494,37.46742248535156,5594000
2017-02-17 00:00:00-05:00,37.30767796242366,37.60655256290098,37.29736977265686,37.60139846801758,5568400
2017-02-21 00:00:00-05:00,37.5086548154549,37.9930376517913,37.48804236162957,37.951812744140625,5329300
2017-02-22 00:00:00-05:00,37.90026659814845,38.008478983690836,37.76628767401043,37.926029205322266,4401200
2017-02-23 00:00:00-05:00,38.03424862418919,38.41557302252594,37.97241521040029,38.36919403076172,4116800
2017-02-24 00:00:00-05:00,38.31766226335205,38.498016260312525,38.26613311156652,38.35373306274414,4960000
2017-02-27 00:00:00-05:00,38.379504607086766,38.52378782346236,38.358892157401286,38.43618392944336,6320000
2017-02-28 00:00:00-05:00,38.297041470602615,38.719586713437856,38.286737215059944,38.60622024536133,7160900
2017-03-01 00:00:00-05:00,38.637151404118356,39.03393021909381,38.477405914012856,38.956634521484375,6044100
2017-03-02 00:00:00-05:00,38.91540472182883,39.18336258225539,38.786579885852746,39.01846694946289,7491100
2017-03-03 00:00:00-05:00,39.05969413936597,39.05969413936597,38.6268406206714,38.9411735534668,6041500
2017-03-06 00:00:00-05:00,38.930872670630464,38.96178937770937,38.62684396913843,38.94633102416992,5762400
2017-03-07 00:00:00-05:00,38.78656845774866,39.31732992798062,38.78656845774866,39.21426773071289,6108300
2017-03-08 00:00:00-05:00,39.05454439410863,39.22459415008405,38.936023795010485,39.08030700683594,4860500
2017-03-09 00:00:00-05:00,39.15759223185836,39.38947927290235,39.111217182502536,39.26065444946289,5344900
2017-03-10 00:00:00-05:00,39.37917970835322,39.4461711473208,39.22974240867034,39.39463806152344,6877500
2017-03-13 00:00:00-04:00,39.4465872972352,39.5816399135242,39.160891449231364,39.29594802856445,6836200
2017-03-14 00:00:00-04:00,39.32711779797976,39.373869834256496,39.03103477837552,39.13492202758789,8255500
2017-03-15 00:00:00-04:00,39.25957976054959,39.384245214991935,39.01544043844431,39.30632781982422,8470800
2017-03-16 00:00:00-04:00,39.389448117930215,39.39463970567876,39.046613100410084,39.11414337158203,5706800
2017-03-17 00:00:00-04:00,39.17647642176727,39.41022866458728,39.03622824651071,39.04142379760742,9947000
2017-03-20 00:00:00-04:00,39.09335678236623,39.39982684192984,39.09335678236623,39.259578704833984,5793100
2017-03-21 00:00:00-04:00,39.332304400745066,39.581635327346554,39.28555237510502,39.44138717651367,6488000
2017-03-22 00:00:00-04:00,39.51412273144042,39.67514917584507,38.989482945320596,38.99467849731445,7680000
2017-03-23 00:00:00-04:00,38.39730184235983,38.80246755268471,38.199914537162535,38.44924545288086,10714400
2017-03-24 00:00:00-04:00,38.2674429774583,38.293416765695035,37.93499909585517,38.007720947265625,11786000
2017-03-27 00:00:00-04:00,37.77397305361615,38.15836055219345,37.62852934945414,38.0233039855957,6421300
2017-03-28 00:00:00-04:00,37.903833854840116,38.07005579623122,37.83630359040256,38.01811218261719,5587300
2017-03-29 00:00:00-04:00,37.98174881112354,38.007718634736506,37.805135780555595,37.89863586425781,4211100
2017-03-30 00:00:00-04:00,37.862284098830756,37.89344947992192,37.42595291137695,37.42595291137695,7907900
2017-03-31 00:00:00-04:00,37.415562736144054,37.493480153847145,37.09870147705078,37.09870147705078,9146000
2017-04-03 00:00:00-04:00,37.19218458569256,37.3895758153884,36.766240721725346,37.20257568359375,7508300
2017-04-04 00:00:00-04:00,37.25452682586842,37.38438783462393,37.13505295407422,37.37399673461914,5218500
2017-04-05 00:00:00-04:00,37.53503829194624,37.566203675182656,37.27531619685703,37.36362075805664,7092400
2017-04-06 00:00:00-04:00,37.34803642109177,37.34803642109177,36.99481422880965,37.09870147705078,6398900
2017-04-07 00:00:00-04:00,37.12987012045736,37.50386658488613,37.12987012045736,37.24934005737305,4331100
2017-04-10 00:00:00-04:00,37.38958885486859,37.415558682593094,37.1973931070958,37.27531051635742,5576800
2017-04-11 00:00:00-04:00,37.28570111671495,37.55581429882864,37.28570111671495,37.44153594970703,4472800
2017-04-12 00:00:00-04:00,37.52983369591282,37.55580748438007,37.35322461607539,37.48308563232422,5131500
2017-04-13 00:00:00-04:00,37.368809412343715,37.446722856054045,37.02597440784254,37.0363655090332,5120600
2017-04-17 00:00:00-04:00,37.05194407283695,37.57138810931118,37.05194407283695,37.560997009277344,4781800
2017-04-18 00:00:00-04:00,37.555813398609104,37.789561679449825,37.529839606051546,37.57658767700195,5010500
2017-04-19 00:00:00-04:00,37.545415897417406,37.62852884900101,37.41555488285078,37.45711135864258,3374300
2017-04-20 00:00:00-04:00,37.17141930557001,37.24414116404807,37.00000576089692,37.093505859375,5736800
2017-04-21 00:00:00-04:00,37.062333406570644,37.38439015496914,37.062333406570644,37.12466812133789,6814900
2017-04-24 00:00:00-04:00,37.34283395610921,37.75839079822645,37.285694791242,37.6856689453125,5590200
2017-04-25 00:00:00-04:00,37.6804683197688,37.711633691664616,37.56619000542651,37.623329162597656,6748000
2017-04-26 00:00:00-04:00,37.60774782318888,37.60774782318888,37.12466472629091,37.145442962646484,7477900
2017-04-27 00:00:00-04:00,37.1402438835784,37.259717740509245,37.04674381038473,37.155826568603516,4857300
2017-04-28 00:00:00-04:00,37.08830680552408,37.29608522285503,36.963641340342974,37.28569412231445,4089900
2017-05-01 00:00:00-04:00,37.27010053073859,37.296074311447406,36.77663040161133,36.77663040161133,6380700
2017-05-02 00:00:00-04:00,36.3870629112006,37.18700338435002,36.25200632767591,36.79222869873047,8482100
2017-05-03 00:00:00-04:00,36.7246994700768,36.838977816075705,36.423424877859354,36.47536849975586,5869800
2017-05-04 00:00:00-04:00,36.60522675921389,36.813005194082535,36.511726661675205,36.52211380004883,6309300
2017-05-05 00:00:00-04:00,36.6467822216158,36.854556687673366,36.5948346420575,36.83897399902344,4499600
2017-05-08 00:00:00-04:00,36.78703190014916,36.922088479093425,36.69872735212732,36.72989273071289,4455200
2017-05-09 00:00:00-04:00,36.80260996304649,36.844166437965974,36.33510952781125,36.511722564697266,5170800
2017-05-10 00:00:00-04:00,36.50133556025756,36.60522675921389,36.376670084553986,36.52211380004883,5205800
2017-05-11 00:00:00-04:00,36.402641804003245,36.64678115385581,36.355889776371754,36.61042022705078,4073200
2017-05-12 00:00:00-04:00,36.58444071171707,36.81818892415617,36.58444071171707,36.6987190246582,3401400
2017-05-15 00:00:00-04:00,36.5584748081768,36.776644344936045,36.41822664308673,36.70911407470703,4951500
2017-05-16 00:00:00-04:00,36.77664739999733,37.1194784781656,36.77664739999733,36.85456085205078,4234200
2017-05-17 00:00:00-04:00,36.854560222067356,37.00000791051772,36.63639463395825,36.646785736083984,5313800
2017-05-18 00:00:00-04:00,36.688334369192056,36.8026127022044,36.50133418117984,36.64158630371094,5352300
2017-05-19 00:00:00-04:00,36.605217879208354,36.94804884498734,36.58963519390609,36.82857894897461,5460000
2017-05-22 00:00:00-04:00,36.88053113886928,37.46230995817826,36.88053113886928,37.420753479003906,7974600
2017-05-23 00:00:00-04:00,37.446731978989185,37.77398437447494,37.4207621457735,37.46751022338867,6492800
2017-05-24 00:00:00-04:00,37.61294663496773,37.90383404308591,37.44152914245078,37.84149932861328,4759400
2017-05-25 00:00:00-04:00,37.93500948304165,38.7661194146201,37.91942679105029,38.511592864990234,7525000
2017-05-26 00:00:00-04:00,38.480422693294216,38.68300559006606,38.38692258993458,38.65184020996094,5681000
2017-05-30 00:00:00-04:00,38.72976082825762,39.057013232105774,38.60509532171998,38.99467849731445,6075000
2017-05-31 00:00:00-04:00,39.08297175098223,39.18686294555664,38.70377978915623,39.18686294555664,18510100
2017-06-01 00:00:00-04:00,38.99985854453814,39.166080474853516,38.75052366754336,39.166080474853516,6831500
2017-06-02 00:00:00-04:00,39.12973558592993,39.17648366531083,38.854430772566666,39.020652770996094,7908900
2017-06-05 00:00:00-04:00,39.03102791314019,39.09336262953017,38.88038865414729,38.989471435546875,6149400
2017-06-06 00:00:00-04:00,38.89597363216664,39.12972586010643,38.8076690843655,39.09855651855469,5779300
2017-06-07 00:00:00-04:00,39.06219917975995,39.456977850335036,39.05181204031732,39.27517318725586,5019600
2017-06-08 00:00:00-04:00,39.27516120536427,39.30113499061351,38.86479996929421,39.0673828125,5453100
2017-06-09 00:00:00-04:00,38.989464349655,39.24918634284598,38.958298978645885,39.197242736816406,5637700
2017-06-12 00:00:00-04:00,39.19724584833658,39.2439978716046,38.95310652127012,39.166080474853516,5951500
2017-06-13 00:00:00-04:00,39.12941836017971,39.27081037610305,38.99849819917556,39.24986267089844,5196500
2017-06-14 00:00:00-04:00,39.454115976159926,39.799747278194616,39.323195754850076,39.668827056884766,6227000
2017-06-15 00:00:00-04:00,39.600741780124274,40.05110756780366,39.44887387540753,40.01445007324219,4746900
2017-06-16 00:00:00-04:00,40.15060142565316,40.47528492317942,39.96731396550405,40.47004699707031,9783900
2017-06-19 00:00:00-04:00,40.52241677737516,40.73188988565361,40.428154078418224,40.69523239135742,4612300
2017-06-20 00:00:00-04:00,40.65332906855072,40.73711989372197,40.47527955811149,40.4962272644043,3660800
2017-06-21 00:00:00-04:00,40.53289373122128,40.64286621709698,40.23962977351874,40.33913040161133,4395000
2017-06-22 00:00:00-04:00,40.312953553418254,40.312953553418254,40.00397977461474,40.05111312866211,4232000
2017-06-23 00:00:00-04:00,40.00921372461871,40.28676390801096,40.00921372461871,40.05634307861328,3876700
2017-06-26 00:00:00-04:00,40.08251987742663,40.323412511688836,40.019676757258274,40.0772819519043,3969200
2017-06-27 00:00:00-04:00,39.993498677812994,40.030156168996925,39.37555525830751,39.47505187988281,5488100
2017-06-28 00:00:00-04:00,39.66882065791459,39.83116042763402,39.532662531012924,39.71595001220703,3377900
2017-06-29 00:00:00-04:00,39.55884883056687,39.67405924792002,38.81522303993702,38.96185302734375,5467700
2017-06-30 00:00:00-04:00,39.10847711263025,39.18703002127677,38.94089943868888,38.998504638671875,5158000
2017-07-03 00:00:00-04:00,39.124188996413565,39.228927545356115,38.9566113134726,39.02992630004883,2452300
2017-07-05 00:00:00-04:00,39.01944822228342,39.26557877885092,38.967080953844196,39.071815490722656,4015200
2017-07-06 00:00:00-04:00,38.9356545430274,39.040393067596405,38.84139186859838,38.919944763183594,3394200
2017-07-07 00:00:00-04:00,39.06657677065065,39.0770526213453,38.710473758994006,38.8832893371582,3933100
2017-07-10 00:00:00-04:00,38.940911165151455,39.10325096197137,38.46435963912537,38.59004592895508,4937400
2017-07-11 00:00:00-04:00,38.67382911800264,38.7314343298579,38.375331199919806,38.45388412475586,5513200
2017-07-12 00:00:00-04:00,38.6057384313496,38.78902586107764,38.59002865099667,38.69476318359375,3698400
2017-07-13 00:00:00-04:00,38.679057810146325,38.752372790390694,38.43816516143386,38.48006057739258,4004900
2017-07-14 00:00:00-04:00,38.595268987364086,38.825689791765164,38.595268987364086,38.71571731567383,3607300
2017-07-17 00:00:00-04:00,38.637161845833745,38.700004968879924,38.33866400325613,38.422454833984375,4916400
2017-07-18 00:00:00-04:00,38.35437498869352,38.56384807672045,38.33342728035415,38.40150833129883,3725100
2017-07-19 00:00:00-04:00,38.448642573200836,38.53766734845126,38.32296030253156,38.5167236328125,4478800
2017-07-20 00:00:00-04:00,38.49052172869088,38.69475683047917,38.37007344015041,38.53765106201172,4276500
2017-07-21 00:00:00-04:00,38.45911095246927,38.54289778484369,38.34390056200869,38.44863510131836,4203400
2017-07-24 00:00:00-04:00,38.40151745440821,38.443412881040125,38.04017639160157,38.04017639160156,6336700
2017-07-25 00:00:00-04:00,38.22868688336584,38.26534436850785,37.7940309914205,37.8306884765625,7015100
2017-07-26 00:00:00-04:00,37.825465734255545,37.88830487287533,37.542677624364295,37.56362533569336,10744300
2017-07-27 00:00:00-04:00,37.19704154316491,38.74190209099957,37.18133176055295,38.73142623901367,9693500
2017-07-28 00:00:00-04:00,38.747133751412996,38.84139643692872,31.42607782835331,35.0551872253418,54403900
2017-07-31 00:00:00-04:00,34.274901187844605,34.64671801130066,33.688381344263455,34.023536682128906,26663600
2017-08-01 00:00:00-04:00,34.143984412222586,34.892848068890466,33.98688257933383,34.301090240478516,16542700
2017-08-02 00:00:00-04:00,34.41630291457575,34.52103747673102,34.049723956297434,34.32727813720703,19252100
2017-08-03 00:00:00-04:00,34.489614422903706,34.62053461005552,34.23824590561072,34.32203674316406,13837100
2017-08-04 00:00:00-04:00,34.48961512018975,34.788112993116016,34.180641394674,34.311561584472656,9553700
2017-08-07 00:00:00-04:00,34.31157045115534,34.604834468938314,34.23825544555164,34.557701110839844,5962300
2017-08-08 00:00:00-04:00,34.515793387556904,34.62052791888933,34.149214537160894,34.23823928833008,7102400
2017-08-09 00:00:00-04:00,34.26443080381458,34.45819411496159,34.149220402341584,34.20158767700195,5600000
2017-08-10 00:00:00-04:00,34.11780926981044,34.23825363176386,33.89262633728019,33.91880798339844,6279500
2017-08-11 00:00:00-04:00,34.081154011832645,34.143993162946245,33.57842082608281,33.67791748046875,7275600
2017-08-14 00:00:00-04:00,33.70933677318562,34.09685947222061,33.615074063110335,33.95546340942383,6393800
2017-08-15 00:00:00-04:00,33.99734888166587,34.379637537094865,33.913562050222446,34.19635009765625,4967300
2017-08-16 00:00:00-04:00,34.133510303937385,34.34298339600937,34.04448553830103,34.27490234375,4328300
2017-08-17 00:00:00-04:00,34.27489802726561,34.3272692902133,33.66219260629514,33.67266845703125,6678500
2017-08-18 00:00:00-04:00,33.63600809147271,33.82452943955757,33.34274422645678,33.35321807861328,10210600
2017-08-21 00:00:00-04:00,33.30609458838349,33.81406555037544,33.16993847364193,33.71980285644531,5065700
2017-08-22 00:00:00-04:00,33.71980505696212,33.83501546765822,33.505096017372615,33.54698944091797,5031600
2017-08-23 00:00:00-04:00,33.489385128556684,33.63601710033766,33.32180744453578,33.36370086669922,5198700
2017-08-24 00:00:00-04:00,33.416069599764725,33.47891073083289,33.15422922301658,33.306095123291016,5239000
2017-08-25 00:00:00-04:00,33.457956368318236,33.80882144450506,33.41082502996803,33.557456970214844,4860600
2017-08-28 00:00:00-04:00,33.51556984822243,33.651727969433665,33.4003594376104,33.478912353515625,6742000
2017-08-29 00:00:00-04:00,33.31656841077424,33.71980282382221,33.31133248230918,33.41606903076172,4329300
2017-08-30 00:00:00-04:00,33.4736784245471,33.620308420885294,33.35323207074304,33.5417594909668,4378500
2017-08-31 00:00:00-04:00,33.636018620848525,33.64125255204065,33.18041489899284,33.20136260986328,8028700
2017-09-01 00:00:00-04:00,33.25374100283191,33.316582158761236,33.007610312055895,33.274688720703125,6110500
2017-09-05 00:00:00-04:00,33.154229866038484,33.30609576925834,32.75623136695939,32.92380905151367,8107600
2017-09-06 00:00:00-04:00,32.94476010876189,33.332284792219234,32.7300510537566,33.13328552246094,9466600
2017-09-07 00:00:00-04:00,33.227545177533564,33.2799124553364,32.73004804767223,32.850494384765625,7027800
2017-09-08 00:00:00-04:00,32.82431030678076,32.918573003711806,32.483917012564895,32.588653564453125,6736900
2017-09-11 00:00:00-04:00,32.77718265165543,32.87668128843482,32.698629729467,32.724815368652344,7197500
2017-09-12 00:00:00-04:00,32.69862375593162,32.74575510109775,32.52581015544478,32.730045318603516,5887200
2017-09-13 00:00:00-04:00,32.860963327949065,32.96046193997527,32.67767588535255,32.73527908325195,6454100
2017-09-14 00:00:00-04:00,32.87818098536291,33.036961239405784,32.73527815102419,32.96286392211914,7552400
2017-09-15 00:00:00-04:00,32.98933280339604,33.24338164310621,32.59767291363409,33.021087646484375,16567300
2017-09-18 00:00:00-04:00,32.819976728342674,33.14812503127957,32.819976728342674,33.11107635498047,6381500
2017-09-19 00:00:00-04:00,33.10577491181651,33.11636053389378,32.90465213035021,32.93640899658203,5610000
2017-09-20 00:00:00-04:00,32.97345729206788,33.01579977989892,32.16896819428665,32.40184783935547,7026200
2017-09-21 00:00:00-04:00,32.34362662636402,32.57650424305935,32.16896689959189,32.55004119873047,6432100
2017-09-22 00:00:00-04:00,32.57650623828409,33.19575201231145,32.512994524204686,33.07402038574219,8550100
2017-09-25 00:00:00-04:00,33.084600276943256,33.793820731427594,33.04755161297025,33.76206588745117,11248400
2017-09-26 00:00:00-04:00,33.95260294919937,34.49245548556414,33.889089223391125,34.14842987060547,12651900
2017-09-27 00:00:00-04:00,34.12726625811868,34.14843346428082,33.74089811862766,34.09021759033203,8743600
2017-09-28 00:00:00-04:00,34.132563710296026,34.31780709085374,33.89439422643651,33.973785400390625,8932800
2017-09-29 00:00:00-04:00,33.973777787224854,34.01611623757698,33.4974348882464,33.56623840332031,7758900
2017-10-02 00:00:00-04:00,33.52919270598308,33.60329206716744,33.23809513926285,33.29102325439453,7883000
2017-10-03 00:00:00-04:00,33.31217865122035,33.62444733434858,33.306886851404755,33.539764404296875,6400200
2017-10-04 00:00:00-04:00,33.58210406358408,33.7514699094893,33.465664287399186,33.603275299072266,6653700
2017-10-05 00:00:00-04:00,33.72501738716669,33.84145518064665,33.61386937570745,33.77265167236328,5234200
2017-10-06 00:00:00-04:00,33.70913634898661,33.75677063192632,32.9840385033493,33.105770111083984,9563300
2017-10-09 00:00:00-04:00,33.25397949736164,33.91027206996798,33.21163699899919,33.64563751220703,7275600
2017-10-10 00:00:00-04:00,33.915555589469136,34.47128556915512,33.820287016094156,34.40777587890625,8300800
2017-10-11 00:00:00-04:00,34.47128239271502,34.52950229541278,34.18018691722749,34.333675384521484,5552200
2017-10-12 00:00:00-04:00,34.22783485471086,34.66183539483821,34.02142020989439,34.587738037109375,6895900
2017-10-13 00:00:00-04:00,34.7094593513323,34.87882525694104,34.36013989963829,34.42894744873047,6437200
2017-10-16 00:00:00-04:00,34.428946477100666,34.66182206698957,34.37072657012804,34.59831237792969,4748000
2017-10-17 00:00:00-04:00,34.518918694013784,34.61418725861001,34.30191650432187,34.333675384521484,7507900
2017-10-18 00:00:00-04:00,34.29662443374206,34.3971827733261,34.1378421573447,34.30191421508789,5614600
2017-10-19 00:00:00-04:00,34.0478747765461,34.25958317816126,33.8097033294793,34.06904602050781,6037000
2017-10-20 00:00:00-04:00,34.13254521969222,34.476570761789425,34.127255438829664,34.40247344970703,6430300
2017-10-23 00:00:00-04:00,34.39719240367818,34.48717120576238,34.000240639549254,34.13785171508789,4833600
2017-10-24 00:00:00-04:00,34.07962383022259,34.106088890176345,33.650917317379985,33.942012786865234,7686900
2017-10-25 00:00:00-04:00,33.979064051292596,34.11138128519639,33.55035750560481,33.76206588745117,7114100
2017-10-26 00:00:00-04:00,34.05315633649823,34.89998973848091,33.719718410118176,34.82059860229492,8939500
2017-10-27 00:00:00-04:00,34.693572245979134,34.81000799271267,34.2754493998887,34.360130310058594,6473800
2017-10-30 00:00:00-04:00,34.27017163278089,34.29663670098016,33.69326827665819,33.89968490600586,6842300
2017-10-31 00:00:00-04:00,33.86791911686293,34.25957900645925,33.783236170328685,33.98965072631836,7025400
2017-11-01 00:00:00-04:00,34.16960459947745,34.41836167010965,34.05316477594732,34.24370193481445,5669200
2017-11-02 00:00:00-04:00,34.17489501489983,34.27016358484107,33.52918626729826,33.82028579711914,8668100
2017-11-03 00:00:00-04:00,33.8890884876552,34.03199335812089,33.67738212989283,33.82557678222656,7290200
2017-11-06 00:00:00-05:00,33.70913476116478,33.84674580273117,33.48154897772854,33.58211135864258,6319400
2017-11-07 00:00:00-05:00,33.476261056750076,34.069043733886154,33.476261056750076,34.03728485107422,6007400
2017-11-08 00:00:00-05:00,34.00553250731756,34.49245900756258,33.93672899250095,34.185482025146484,5700500
2017-11-09 00:00:00-05:00,34.090220419091615,34.29134119833617,33.93673191466724,34.14314651489258,3792600
2017-11-10 00:00:00-05:00,34.02669523108455,34.54008666739846,34.02669523108455,34.41305923461914,4998200
2017-11-13 00:00:00-05:00,34.42894606395829,34.963504784471816,34.328383673484744,34.84706497192383,8183800
2017-11-14 00:00:00-05:00,34.79943247893327,35.079944368424655,34.582430277325805,34.788848876953125,8154100
2017-11-15 00:00:00-05:00,34.7676782760456,34.926456536684526,34.407775232061816,34.54009246826172,4572700
2017-11-16 00:00:00-05:00,34.635364741684754,34.98997400348085,34.635364741684754,34.86824035644531,5205700
2017-11-17 00:00:00-05:00,34.68298473941339,35.19637613513379,34.555961354678644,35.15403366088867,6926800
2017-11-20 00:00:00-05:00,35.06935594441374,35.32340273702109,34.80472151328053,34.84177017211914,5098700
2017-11-21 00:00:00-05:00,34.85765555390516,35.12229004548476,34.741215731529834,34.74650955200195,4916400
2017-11-22 00:00:00-05:00,34.78884690256947,34.852356586849005,34.64064821724754,34.66181945800781,5437700
2017-11-24 00:00:00-05:00,34.72003815497461,34.72003815497461,34.42364887062519,34.65652847290039,2075600
2017-11-27 00:00:00-05:00,34.619486791131514,34.71475133344676,34.37601950076379,34.43953323364258,4854700
2017-11-28 00:00:00-05:00,34.55068413917225,35.19639304870253,34.13785491189945,35.14346694946289,9686300
2017-11-29 00:00:00-05:00,35.05347890626081,36.175526322161,35.05347890626081,35.65684509277344,9229500
2017-11-30 00:00:00-05:00,35.778588297718876,36.09085914854734,35.556296257605254,35.90032196044922,10224500
2017-12-01 00:00:00-05:00,35.96911590964878,36.334312762609784,35.34457841226694,36.297264099121094,8049500
2017-12-04 00:00:00-05:00,36.33431645811402,37.154680958230536,36.318439034718494,37.09117126464844,9630900
2017-12-05 00:00:00-05:00,37.191736282618756,37.30817612569725,36.9059345343385,37.14410400390625,8431900
2017-12-06 00:00:00-05:00,37.56751468046869,37.99092744959481,37.15468147641796,37.92741775512695,9716800
2017-12-07 00:00:00-05:00,37.81097281819301,37.87977632389639,37.49870205661315,37.84272766113281,6043400
2017-12-08 00:00:00-05:00,37.795091916891195,37.869189235596124,37.59926098145616,37.863895416259766,5270200
2017-12-11 00:00:00-05:00,37.85331540408966,37.9327065581263,37.67865971081128,37.922122955322266,4400000
2017-12-12 00:00:00-05:00,37.94857602718483,38.154990561613786,37.604554495137215,37.959163665771484,8366200
2017-12-13 00:00:00-05:00,38.022686294546546,38.451396967289014,37.97505401868758,38.276737213134766,5975200
2017-12-14 00:00:00-05:00,38.186741450911335,38.4619594265755,37.64159527976876,37.9962043762207,9072700
2017-12-15 00:00:00-05:00,38.13382971217392,38.29260797541167,37.874485017616095,37.93270492553711,14169100
2017-12-18 00:00:00-05:00,37.990923881094204,38.52019282128889,37.96975263892623,38.45138931274414,7451200
2017-12-19 00:00:00-05:00,39.11297607421875,39.36702290803902,38.80599911518444,39.11297607421875,8475500
2017-12-20 00:00:00-05:00,39.09695057691334,39.11831260173183,38.07159783196378,38.77118682861328,7400700
2017-12-21 00:00:00-05:00,38.74449165925975,38.80857366644735,38.343962816776944,38.41872787475586,4170200
2017-12-22 00:00:00-05:00,38.45610824012149,38.59495529747617,38.327936084177374,38.52553176879883,4807600
2017-12-26 00:00:00-05:00,38.43474757151326,38.66972579131957,38.40270656859058,38.493492126464844,3839500
2017-12-27 00:00:00-05:00,38.55757022564697,38.95809901915877,38.49882567664741,38.68040084838867,4616800
2017-12-28 00:00:00-05:00,38.66972058015498,38.69107852963189,37.92740349256488,38.0609130859375,13351300
2017-12-29 00:00:00-05:00,38.07159889080321,38.5308722511998,37.98081333859195,38.135684967041016,5504400
2018-01-02 00:00:00-05:00,38.18908582862083,38.35463642319706,37.398707230716305,37.77787399291992,5917300
2018-01-03 00:00:00-05:00,37.735161361658115,37.89002893707387,37.526882603760775,37.639034271240234,6036400
2018-01-04 00:00:00-05:00,37.703118173033765,37.8099283201834,37.45211942022026,37.489501953125,6177300
2018-01-05 00:00:00-05:00,37.55892713138503,37.67641624843431,37.30792839485072,37.596309661865234,6383400
2018-01-08 00:00:00-05:00,37.48950372590308,37.671078947448414,37.28657054830837,37.548248291015625,6054800
2018-01-09 00:00:00-05:00,37.697766817050606,37.79389388722404,37.062263923382964,37.15304946899414,6269300
2018-01-10 00:00:00-05:00,37.2865570209584,37.60697921253086,36.77922222383443,37.53755569458008,6709900
2018-01-11 00:00:00-05:00,37.548234668730494,37.93808445264296,37.3987045842893,37.53755569458008,7486300
2018-01-12 00:00:00-05:00,37.49483398521716,37.62834357955609,37.13168772563971,37.17441177368164,7413600
2018-01-16 00:00:00-05:00,37.29724551542285,37.33996957170851,36.44278476166104,36.805931091308594,10521000
2018-01-17 00:00:00-05:00,36.91274762350732,37.660398366011584,36.8379825492569,37.462806701660156,7724500
2018-01-18 00:00:00-05:00,37.37734250615022,37.60697915674118,37.15304737982116,37.398704528808594,8605000
2018-01-19 00:00:00-05:00,37.83127789984942,38.27987226978367,37.719130325963256,37.980812072753906,8714000
2018-01-22 00:00:00-05:00,37.97013039936461,38.22112910570712,37.86332434638003,38.06625747680664,4987800
2018-01-23 00:00:00-05:00,38.10898576485872,38.242495383128436,37.884690584019246,38.157047271728516,4596400
2018-01-24 00:00:00-05:00,38.167732100510875,38.37600678876081,38.02353942440529,38.21579360961914,6121800
2018-01-25 00:00:00-05:00,38.189089742529625,38.28521682409431,36.12770105127898,37.33462905883789,12691800
2018-01-26 00:00:00-05:00,37.40405094778084,38.04489541383626,37.37734739736614,37.927406311035156,6819100
2018-01-29 00:00:00-05:00,37.74584788231882,37.820612959320385,37.27589538768165,37.29191589355469,5387900
2018-01-30 00:00:00-05:00,37.28656005859375,37.49483470380289,37.01954086479849,37.28656005859375,6365200
2018-01-31 00:00:00-05:00,37.31327532105904,37.729824742239906,37.26520973240464,37.56427001953125,9800300
2018-02-01 00:00:00-05:00,37.32928589599141,37.64436660405911,36.56026927721096,37.345306396484375,14240400
2018-02-02 00:00:00-05:00,37.32928651447968,37.73515685604842,36.93409922300976,37.0622673034668,8652400
2018-02-05 00:00:00-05:00,36.549587658695074,36.77922432273148,35.182446649236496,35.26789474487305,12619800
2018-02-06 00:00:00-05:00,34.600349640094976,35.604340400574976,33.89007756529662,35.52957534790039,16146400
2018-02-07 00:00:00-05:00,35.486855127706725,36.42676398701808,35.390728038977265,35.66843032836914,8352900
2018-02-08 00:00:00-05:00,35.59900660505177,35.92476632550117,34.17846230960165,34.20516586303711,13457400
2018-02-09 00:00:00-05:00,34.46150011782881,34.541606699256626,33.55363639335355,34.194480895996094,10713100
2018-02-12 00:00:00-05:00,34.42945790073213,35.13972998361041,34.36003029789465,34.899410247802734,6739900
2018-02-13 00:00:00-05:00,34.71249508633978,35.15040639983802,34.56830651486638,35.05427932739258,5226300
2018-02-14 00:00:00-05:00,34.91543032148162,35.17177055499572,34.66977313799175,34.808624267578125,5532500
2018-02-15 00:00:00-05:00,34.89941283601503,34.9688404440014,34.498883987688025,34.883392333984375,5366500
2018-02-16 00:00:00-05:00,34.8994120300109,35.27324139111657,34.63239280395972,34.95815658569336,6202700
2018-02-20 00:00:00-05:00,34.76590299556403,34.808627050296856,34.27458858930696,34.279930114746094,6294000
2018-02-21 00:00:00-05:00,34.27993391977077,34.56297368361001,34.071657185622435,34.141082763671875,7077300
2018-02-22 00:00:00-05:00,34.19981987439433,34.76055775385079,33.77792904639013,33.825992584228516,5701500
2018-02-23 00:00:00-05:00,34.02891958116463,34.51489229339319,33.9274510049723,34.4935302734375,5632500
2018-02-26 00:00:00-05:00,34.605688332979334,35.00621711426665,34.552281235962795,34.94213104248047,6320400
2018-02-27 00:00:00-05:00,34.88338972483416,35.00622035519882,34.119714614835175,34.17845916748047,8860400
2018-02-28 00:00:00-05:00,34.290609122716404,34.46150126741446,33.60704054392418,33.61772155761719,9254200
2018-03-01 00:00:00-05:00,33.5109113600743,34.07165130208676,33.163785566964485,33.34001922607422,11718000
2018-03-02 00:00:00-05:00,33.27593424714963,33.69782304514809,33.16912615711152,33.40410232543945,14796300
2018-03-05 00:00:00-05:00,33.425465214035,34.30662739591525,33.35603964813822,34.24788284301758,9725600
2018-03-06 00:00:00-05:00,34.37605615553654,34.70181993278712,34.23186349379481,34.58966827392578,9306500
2018-03-07 00:00:00-05:00,34.354686677638675,34.81395996646584,34.125050033225094,34.21583557128906,8154200
2018-03-08 00:00:00-05:00,34.29594509759701,34.96349306640919,34.237200550390384,34.94213104248047,6437200
2018-03-09 00:00:00-05:00,35.09166472023309,35.134388772454834,34.781921453210245,35.05962371826172,6775900
2018-03-12 00:00:00-04:00,35.12904834291873,35.44413314489348,35.01155923283967,35.12370681762695,8236400
2018-03-13 00:00:00-04:00,35.36402550783165,35.529576117426735,35.11836831881027,35.31595993041992,7166200
2018-03-14 00:00:00-04:00,35.46169629955407,35.569649144609166,34.33361686509315,34.446964263916016,7939600
2018-03-15 00:00:00-04:00,34.36059525431211,34.81398679257499,34.220260709630736,34.441558837890625,9641800
2018-03-16 00:00:00-04:00,34.49014370963817,34.706045271174915,34.0367520776029,34.10691833496094,13398100
2018-03-19 00:00:00-04:00,34.085324786214,34.22565933917039,33.60494398577233,33.723690032958984,8199500
2018-03-20 00:00:00-04:00,33.83704071240639,33.8856184583619,33.173146223674344,33.20553207397461,6505200
2018-03-21 00:00:00-04:00,32.96803801376663,33.18933614981627,32.29334832349462,32.38510513305664,10480200
2018-03-22 00:00:00-04:00,32.28795320438055,33.12996677169168,32.19619638472594,32.595611572265625,9788600
2018-03-23 00:00:00-04:00,32.74674209082844,32.78992322495419,31.883139998211576,31.991090774536133,7997200
2018-03-26 00:00:00-04:00,32.32034044045023,32.37971347170946,31.89933260924382,32.16920852661133,7256500
2018-03-27 00:00:00-04:00,32.2339756587887,33.162347282785795,32.217781705929696,32.77372741699219,10135900
2018-03-28 00:00:00-04:00,33.00582352673127,33.86942558661889,32.98423296048664,33.70750045776367,9587400
2018-03-29 00:00:00-04:00,33.788470429121844,34.08533564163344,33.55098031810281,33.6373405456543,5888300
2018-04-02 00:00:00-04:00,33.745279673503596,33.793857413386824,32.627993715178945,32.660377502441406,7740900
2018-04-03 00:00:00-04:00,32.892472834253425,33.98277168032282,32.75213827697245,33.82084655761719,8837900
2018-04-04 00:00:00-04:00,33.61033708334997,34.34439969153129,33.572554630780864,34.193267822265625,6956800
2018-04-05 00:00:00-04:00,34.36600093357346,34.87876768621782,34.02056006260337,34.83558654785156,8546500
2018-04-06 00:00:00-04:00,34.80320783532159,34.981322850627244,34.25265853570594,34.46316146850586,6456800
2018-04-09 00:00:00-04:00,34.484749828698114,34.54952154155101,34.101526459774256,34.13930892944336,7270000
2018-04-10 00:00:00-04:00,34.56031051515658,34.787005305274874,34.38219347420505,34.662864685058594,6242400
2018-04-11 00:00:00-04:00,34.62507984680635,34.92194087504848,34.43616547566621,34.45775604248047,6168400
2018-04-12 00:00:00-04:00,34.66285301144362,34.73841791603461,34.11770267005567,34.22025680541992,4633200
2018-04-13 00:00:00-04:00,34.45775877147335,34.64667315757517,34.24725587583727,34.51713180541992,4263300
2018-04-16 00:00:00-04:00,34.64126798722228,34.85177084336787,34.500931377132176,34.67905044555664,5136000
2018-04-17 00:00:00-04:00,34.80859774943222,34.840985662608695,34.41997779414497,34.5333251953125,4877300
2018-04-18 00:00:00-04:00,33.961175260871336,34.112307133803064,32.69275961616464,33.19472885131836,16672600
2018-04-19 00:00:00-04:00,32.66038133490521,32.66038133490521,30.274679307113797,31.186859130859375,24260600
2018-04-20 00:00:00-04:00,31.105904803419172,31.20845693053443,30.533767007167654,30.890003204345703,13541900
2018-04-23 00:00:00-04:00,30.792844542504525,30.997950834755915,30.474390848873433,30.533763885498047,8776600
2018-04-24 00:00:00-04:00,30.598538682556534,30.598538682556534,29.59460173988663,29.848283767700195,13878900
2018-04-25 00:00:00-04:00,29.81048540985772,30.231491066614144,29.697138049806263,30.139734268188477,14061000
2018-04-26 00:00:00-04:00,30.17752104247532,30.40961446571137,29.270737914248325,29.562204360961914,18536600
2018-04-27 00:00:00-04:00,29.52441952339684,30.382624841358652,29.519020853157723,30.2962646484375,10368400
2018-04-30 00:00:00-04:00,30.630913681512556,30.64710557612389,30.242291738923285,30.285472869873047,12236400
2018-05-01 00:00:00-04:00,30.074970665537954,30.290870148067043,29.983211789746075,30.242292404174805,6046400
2018-05-02 00:00:00-04:00,30.3070719395146,30.463598435654713,29.91305121549954,30.05878448486328,8519200
2018-05-03 00:00:00-04:00,30.069572566702455,30.652505504501082,30.020994821885903,30.420412063598633,7291300
2018-05-04 00:00:00-04:00,30.307063131314187,30.641708656859162,30.307063131314187,30.36643409729004,6661300
2018-05-07 00:00:00-04:00,30.366437454739398,30.436605770092147,30.004804712132636,30.0695743560791,5298000
2018-05-08 00:00:00-04:00,29.95082880534107,29.956225417478823,29.540616277220614,29.832082748413086,7690400
2018-05-09 00:00:00-04:00,29.891448485432495,30.47437922663293,29.77270245747032,30.182912826538086,5983200
2018-05-10 00:00:00-04:00,30.22609772949277,30.549947952998675,30.215302447510638,30.24768829345703,4966000
2018-05-11 00:00:00-04:00,30.155931755147712,30.404219141933783,29.724130737460555,29.78890037536621,10885300
2018-05-14 00:00:00-04:00,29.79970139474151,30.03719354442987,29.664763422051333,29.6971492767334,9358100
2018-05-15 00:00:00-04:00,29.50823051818736,29.583797501276536,29.098020047794915,29.427268981933594,9726600
2018-05-16 00:00:00-04:00,29.52981641149381,29.848270011936634,29.42726432487269,29.61617660522461,9329800
2018-05-17 00:00:00-04:00,29.761918550187303,30.010203922635206,29.686353615876207,29.84288215637207,11738300
2018-05-18 00:00:00-04:00,29.869859154230145,30.161325566327776,29.713330667104824,29.97780990600586,8572400
2018-05-21 00:00:00-04:00,30.02099830992577,30.155936276873106,29.940036765151355,30.03179359436035,6338300
2018-05-22 00:00:00-04:00,30.010198838256528,30.11814960855034,29.767312178832565,29.79969596862793,7550200
2018-05-23 00:00:00-04:00,29.83208602219721,30.21530935471474,29.761917702767672,30.161334991455078,6632100
2018-05-24 00:00:00-04:00,30.199120552103,30.236903022054406,30.031796714468058,30.16673469543457,7274400
2018-05-25 00:00:00-04:00,30.155935087856953,30.30706700499218,29.92924030063895,30.026395797729492,5333000
2018-05-29 00:00:00-04:00,29.826687815634813,30.101962425926022,29.734930984864413,30.080371856689453,7769900
2018-05-30 00:00:00-04:00,30.182920872947076,30.603928693871733,29.91304496217041,30.5445556640625,7187400
2018-05-31 00:00:00-04:00,30.44739276068275,30.506765776040815,29.97780936674333,30.08576011657715,10678300
2018-06-01 00:00:00-04:00,30.177526171410598,30.285476954354248,30.004805742296732,30.074974060058594,4696500
2018-06-04 00:00:00-04:00,30.06416472242473,30.404208809097746,29.967009269089587,30.23688507080078,5854400
2018-06-05 00:00:00-04:00,30.2638782611606,30.458189206495398,29.994002405748795,30.40421485900879,7740800
2018-06-06 00:00:00-04:00,30.41501731264363,30.479789020073817,30.193719126398825,30.393428802490234,8910700
2018-06-07 00:00:00-04:00,30.37723165269327,30.825226649867695,30.19371595224672,30.598529815673828,7626600
2018-06-08 00:00:00-04:00,30.620114310179083,31.154469409888776,30.60392241772979,31.149070739746094,6839800
2018-06-11 00:00:00-04:00,31.186856325274103,31.553887690222112,31.08430423115229,31.440540313720703,7772600
2018-06-12 00:00:00-04:00,31.44054278204654,31.467529960619444,31.154474982992188,31.240835189819336,7555700
2018-06-13 00:00:00-04:00,31.257022553747,31.257022553747,30.782040455562303,30.997941970825195,9204500
2018-06-14 00:00:00-04:00,31.03619629635884,31.112693630810636,30.817632781410275,30.981555938720703,5602500
2018-06-15 00:00:00-04:00,30.877728503667015,31.58806547904117,30.877728503667015,31.577136993408203,11512100
2018-06-18 00:00:00-04:00,31.353115001636777,31.358578203432153,30.675563337232997,30.926912307739258,7621600
2018-06-19 00:00:00-04:00,30.861337076983595,31.260217426161923,30.730199417076058,31.030725479125977,11703700
2018-06-20 00:00:00-04:00,31.101767740509313,31.134553208468567,30.855884026201636,31.008878707885742,8086800
2018-06-21 00:00:00-04:00,31.030731917500894,31.08537227306677,30.866808766407313,30.976089477539062,6183900
2018-06-22 00:00:00-04:00,31.030731917270543,31.298472577695684,31.00341173948781,31.15640640258789,7354700
2018-06-25 00:00:00-04:00,31.03619579986619,31.265689883946354,30.921449800024106,31.183727264404297,6492500
2018-06-26 00:00:00-04:00,31.079904412458166,31.205578878938113,30.637310094893067,30.653701782226562,7626300
2018-06-27 00:00:00-04:00,30.69195535830529,30.850415309228946,30.407823005167945,30.593603134155273,7188700
2018-06-28 00:00:00-04:00,30.861343527401527,31.336721291618574,30.79577468374303,31.303937911987305,6534100
2018-06-29 00:00:00-04:00,31.342180026900774,31.39135717046498,31.008868507676212,31.030725479125977,6602900
2018-07-02 00:00:00-04:00,30.817637803890637,30.987024190812082,30.29854598414566,30.528038024902344,6454500
2018-07-03 00:00:00-04:00,30.642788734832823,30.954243436279455,30.418757793529107,30.85042381286621,5003000
2018-07-05 00:00:00-04:00,30.84495316143238,31.495182592910176,30.790310719041777,31.48971939086914,6716300
2018-07-06 00:00:00-04:00,31.55529028608855,31.997884718405924,31.495184637754516,31.850353240966797,8720100
2018-07-09 00:00:00-04:00,31.850347460183905,31.883130837400575,31.48971572002992,31.702816009521484,7837900
2018-07-10 00:00:00-04:00,31.94870081212224,32.123552433406104,31.74106373019925,32.10715866088867,9760400
2018-07-11 00:00:00-04:00,32.129014324595985,32.227368618107256,31.83941672947706,32.06890869140625,7697600
2018-07-12 00:00:00-04:00,32.13994775187749,32.21098188242135,31.615392828775096,31.69735336303711,5279800
2018-07-13 00:00:00-04:00,31.72467314613758,32.08530488813547,31.70281617161751,31.9650936126709,5428200
2018-07-16 00:00:00-04:00,31.877673911801793,31.92685107170418,31.123624821430575,31.22197914123535,7032200
2018-07-17 00:00:00-04:00,31.227438807843406,31.549821890426767,31.19465334567709,31.336719512939453,8012100
2018-07-18 00:00:00-04:00,31.238361984572062,31.58260200638023,31.194650123927325,31.380430221557617,5066200
2018-07-19 00:00:00-04:00,30.96516042067978,31.16186903213669,30.15100788196703,31.11269187927246,9201100
2018-07-20 00:00:00-04:00,31.019796746879937,31.61538566558181,31.01433146186317,31.495174407958984,6533900
2018-07-23 00:00:00-04:00,31.456925060744148,31.560742545436025,31.17825597846834,31.467853546142578,4729000
2018-07-24 00:00:00-04:00,31.47878906256322,31.85581251324042,31.374969470287,31.686426162719727,7627400
2018-07-25 00:00:00-04:00,31.719209015940933,31.932309314285995,31.435074590015553,31.609926223754883,8150900
2018-07-26 00:00:00-04:00,30.784841534081433,31.45692781189801,30.47885016935049,30.653701782226562,10404300
2018-07-27 00:00:00-04:00,30.795774189295148,31.78477836768387,30.642779528416433,31.637248992919922,12220200
2018-07-30 00:00:00-04:00,31.54435743937859,32.11808949390044,31.54435743937859,31.937774658203125,6430600
2018-07-31 00:00:00-04:00,32.090758583386524,32.2929303268187,31.94322717567271,32.063438415527344,11759700
2018-08-01 00:00:00-04:00,31.97602189012675,32.041590728860925,31.70827916500217,31.7356014251709,8070800
2018-08-02 00:00:00-04:00,31.7629237057144,32.26015844155577,31.71374655230609,32.14541244506836,6375400
2018-08-03 00:00:00-04:00,32.17273107855603,32.77924858001737,32.14541090228394,32.63718032836914,6341800
2018-08-06 00:00:00-04:00,32.58799388838024,32.92130536332125,32.51695978280381,32.89944839477539,6938000
2018-08-07 00:00:00-04:00,32.81203310493239,32.8557470560127,32.42408116887623,32.54429244995117,5661900
2018-08-08 00:00:00-04:00,32.43500879079318,32.53882629524364,31.965094251203766,32.02519989013672,5302100
2018-08-09 00:00:00-04:00,31.970562620312577,32.418622341763374,31.959636215464002,32.358516693115234,4646700
2018-08-10 00:00:00-04:00,32.35304700296583,32.484186771658436,32.16180367820152,32.265621185302734,4284200
2018-08-13 00:00:00-04:00,32.26015285918729,32.40221900867456,32.07983596642729,32.22736740112305,5962400
2018-08-14 00:00:00-04:00,32.30386926541641,32.59893217633593,32.19458647421705,32.35304641723633,4028800
2018-08-15 00:00:00-04:00,32.27653931333646,32.94862546172788,32.249219144909866,32.883056640625,6894100
2018-08-16 00:00:00-04:00,32.99234592566169,33.33112066684142,32.932240292595225,33.23823165893555,7166700
2018-08-17 00:00:00-04:00,33.2874170222709,33.50598264935037,33.21638496520692,33.33113098144531,5438300
2018-08-20 00:00:00-04:00,33.33112390710553,33.50051233636021,33.17812925125991,33.325660705566406,4488900
2018-08-21 00:00:00-04:00,33.29834660921411,33.29834660921411,32.55522803833069,32.7464714050293,8386400
2018-08-22 00:00:00-04:00,32.82296353793416,32.9103893608801,32.40769140003993,32.41315460205078,4580600
2018-08-23 00:00:00-04:00,32.402228751410895,32.746468869207476,32.38037177279608,32.686363220214844,4137800
2018-08-24 00:00:00-04:00,32.374905849401614,32.440474695339134,31.99241709337336,32.11809158325195,7705000
2018-08-27 00:00:00-04:00,32.13448606715924,32.40769202972322,32.07438042189178,32.24376678466797,6103200
2018-08-28 00:00:00-04:00,32.23830077396258,32.2929411279567,31.855812042816048,31.937774658203125,5691700
2018-08-29 00:00:00-04:00,31.95416645985337,32.10716111909146,31.87220592857406,31.9213809967041,3895600
2018-08-30 00:00:00-04:00,31.866729871908923,32.16179268733655,31.866729871908923,32.063438415527344,3901100
2018-08-31 00:00:00-04:00,31.99241440934709,32.24922865395114,31.88313161902223,31.976022720336914,4278000
2018-09-04 00:00:00-04:00,32.041586673474036,32.435003824877334,31.93776918491841,32.29840087890625,4734800
2018-09-05 00:00:00-04:00,32.2820146549245,33.15627282331684,32.20005203971452,33.1398811340332,6635300
2018-09-06 00:00:00-04:00,33.12348996283531,33.276486717621694,32.95956680393194,33.21638107299805,5806000
2018-09-07 00:00:00-04:00,33.06338690403305,33.363915150655004,33.00874654159064,33.29288101196289,7558900
2018-09-10 00:00:00-04:00,33.34204394547457,33.708138803304415,33.07976656574677,33.10162353515625,5694100
2018-09-11 00:00:00-04:00,33.09072179550348,33.16721916586912,32.42956148506393,32.49513244628906,7138800
2018-09-12 00:00:00-04:00,32.51696583924984,34.99221275162155,32.30386556722483,34.65890121459961,18202000
2018-09-13 00:00:00-04:00,34.53715873817947,34.57589596903476,33.5576556629368,34.011436462402344,8938300
2018-09-14 00:00:00-04:00,34.11104437550385,34.393275161889626,33.59085723750775,34.349002838134766,7372500
2018-09-17 00:00:00-04:00,34.34901008027658,34.63677391229352,34.160856886689395,34.55376434326172,6050000
2018-09-18 00:00:00-04:00,34.68103785389601,34.75851442277177,34.20512302549738,34.38774108886719,6420800
2018-09-19 00:00:00-04:00,34.24386544445536,34.69764629011413,33.95056652395325,34.22172927856445,4490800
2018-09-20 00:00:00-04:00,34.310270303720614,34.586966031976424,34.1442532889713,34.45415115356445,5076800
2018-09-21 00:00:00-04:00,34.55930097442969,34.66997970104457,34.39328394001794,34.61463928222656,9754300
2018-09-24 00:00:00-04:00,34.343484078289464,34.58144263948311,33.767956297215456,33.79009246826172,7323400
2018-09-25 00:00:00-04:00,34.088911625661915,34.205125431640234,33.57979251764566,33.59639358520508,8229100
2018-09-26 00:00:00-04:00,33.773481905246086,33.91736487458811,33.6129999777783,33.651737213134766,7455300
2018-09-27 00:00:00-04:00,33.64067242378813,34.033579912885294,33.55212986130115,33.62960433959961,4213300
2018-09-28 00:00:00-04:00,33.668338779708144,33.73474516829734,33.352905795133175,33.37504196166992,6649100
2018-10-01 00:00:00-04:00,33.391637568958835,33.56872265024367,32.98212699909974,33.386104583740234,5885200
2018-10-02 00:00:00-04:00,33.34183460296963,33.97270051329568,33.23669098825556,33.917362213134766,9370200
2018-10-03 00:00:00-04:00,33.98929923484716,34.36560556082314,33.629596086590006,33.67940139770508,7324000
2018-10-04 00:00:00-04:00,33.45251655717608,34.26046763956427,33.21455804357913,34.18852615356445,6229400
2018-10-05 00:00:00-04:00,34.17191776515649,34.4375453746239,34.005900773116934,34.349002838134766,7176800
2018-10-08 00:00:00-04:00,34.503952382582966,35.12375226040443,34.420944940549816,34.957733154296875,7689200
2018-10-09 00:00:00-04:00,34.99094784103964,35.17356806785411,34.730853134129795,34.91900634765625,5837600
2018-10-10 00:00:00-04:00,34.97433057173158,35.69373883931211,34.77510936602799,34.813846588134766,11685300
2018-10-11 00:00:00-04:00,34.81384747845628,35.17908566124663,33.66832762738564,33.82327651977539,9076200
2018-10-12 00:00:00-04:00,33.38057519746041,33.541059239520564,32.92679433516834,33.2366943359375,10604200
2018-10-15 00:00:00-04:00,33.30863071114904,34.47075402609757,33.24222432804426,34.000370025634766,8122900
2018-10-16 00:00:00-04:00,33.834358619534285,33.91183309783274,33.441451130437116,33.62960433959961,6829000
2018-10-17 00:00:00-04:00,33.57425041214029,33.91735455089424,33.430369597613414,33.54658126831055,6192100
2018-10-18 00:00:00-04:00,33.86755941790893,34.398814738647495,33.59086367447997,33.718143463134766,5979400
2018-10-19 00:00:00-04:00,33.7347381902902,34.36560402894597,33.7347381902902,34.282596588134766,5398300
2018-10-22 00:00:00-04:00,34.282602674723464,34.575899484165845,33.87862714686214,33.92843246459961,4550000
2018-10-23 00:00:00-04:00,33.89521900618529,34.3766688728201,33.690464804907116,34.22725296020508,5563300
2018-10-24 00:00:00-04:00,34.326871921729875,34.913467634995676,34.205127234841434,34.4818229675293,6561000
2018-10-25 00:00:00-04:00,34.033572174694534,35.32850817602618,33.71260413926925,34.95220184326172,7975800
2018-10-26 00:00:00-04:00,35.35618015443479,35.494528019876164,34.51502487922871,34.91346740722656,9740100
2018-10-29 00:00:00-04:00,35.079485083820074,35.96491059490206,35.00201061547802,35.743553161621094,9684000
2018-10-30 00:00:00-04:00,35.920645136329206,36.523839858934394,35.77122706347176,36.451900482177734,11658500
2018-10-31 00:00:00-04:00,36.247136132490574,36.41868611275145,35.66607348277155,35.992576599121094,9911700
2018-11-01 00:00:00-04:00,35.80442473215961,36.103256618516,34.95220351291405,35.234432220458984,8897000
2018-11-02 00:00:00-04:00,35.19569498826695,35.51666303902474,34.741914173142426,35.234432220458984,9939600
2018-11-05 00:00:00-05:00,35.34511702353767,36.02025326598033,35.251041475148085,35.76569366455078,7185200
2018-11-06 00:00:00-05:00,35.61073645180357,35.95937574282403,35.47238859905993,35.898502349853516,6977400
2018-11-07 00:00:00-05:00,36.11432040083372,36.418683107729684,35.82655453674052,36.175193786621094,4793100
2018-11-08 00:00:00-05:00,36.042376823789965,36.319072496626795,36.00363959847445,36.175193786621094,5698400
2018-11-09 00:00:00-05:00,36.224999717112134,36.54596773513437,34.68103723942713,35.0960807800293,14986300
2018-11-12 00:00:00-05:00,33.92289582682026,34.83599257352698,33.83435327831094,33.867557525634766,16509200
2018-11-13 00:00:00-05:00,33.8398845279308,34.02803768600037,32.99319426110742,33.20348358154297,11639600
2018-11-14 00:00:00-05:00,33.502317907538696,33.57979237050423,32.59475629390682,32.7054328918457,9124400
2018-11-15 00:00:00-05:00,32.52281152809736,32.55601577073426,31.626318087106625,31.698257446289062,13850900
2018-11-16 00:00:00-05:00,31.63739602011407,31.68720134739219,31.106140603161716,31.421573638916016,11827900
2018-11-19 00:00:00-05:00,31.510109932708307,31.63738971906467,30.62468441413317,30.812837600708008,10301600
2018-11-20 00:00:00-05:00,30.89584640895464,31.2942868270316,30.77963259728716,30.785167694091797,10165700
2018-11-21 00:00:00-05:00,30.846042561441497,30.87924469976652,29.955081925356044,30.098962783813477,9007700
2018-11-23 00:00:00-05:00,30.154301139623268,30.320318152971165,29.57323842637434,29.72818946838379,4674300
2018-11-26 00:00:00-05:00,29.67285142747759,29.77799716278183,29.27441098581102,29.445960998535156,12202700
2018-11-27 00:00:00-05:00,29.517899243675608,30.01595237985954,29.457025848028596,29.766925811767578,8955700
2018-11-28 00:00:00-05:00,29.766923416716743,30.536137112138046,29.50129580246468,30.408857345581055,10652100
2018-11-29 00:00:00-05:00,30.702160763866456,31.14487355027347,30.45313416181842,30.95672035217285,15437200
2018-11-30 00:00:00-05:00,30.940118537125336,31.05633024494155,30.181972776725882,30.342456817626953,13911300
2018-12-03 00:00:00-05:00,30.270514947726838,31.056329850821438,30.187505379756676,30.84050750732422,9370000
2018-12-04 00:00:00-05:00,30.873709787031846,31.117201267311152,30.049155590074104,30.104496002197266,12359900
2018-12-06 00:00:00-05:00,30.10449600219727,30.464199181403913,29.434890737142645,30.104496002197266,12456700
2018-12-07 00:00:00-05:00,30.66895027588484,31.06739275812754,29.838863178559645,29.982746124267578,12371700
2018-12-10 00:00:00-05:00,30.110029425130367,30.148766658668656,29.180331598169673,29.528968811035156,10323000
2018-12-11 00:00:00-05:00,29.744799540666616,30.248385829844484,29.5953835501165,29.855478286743164,9348000
2018-12-12 00:00:00-05:00,30.126626094985397,30.375652639245516,29.423818786082652,29.51236343383789,9310400
2018-12-13 00:00:00-05:00,29.528978751613415,29.93848739002319,29.457037246100818,29.838876724243164,8120000
2018-12-14 00:00:00-05:00,29.611974922662828,29.694984482782736,29.025381349354294,29.180330276489258,9411600
2018-12-17 00:00:00-05:00,29.163727627110152,29.5787711831572,28.804022367461098,28.97003936767578,10744000
2018-12-18 00:00:00-05:00,28.975580326171617,29.01985055004248,28.0514153900021,28.162094116210938,11108300
2018-12-19 00:00:00-05:00,28.32257958471649,28.93684454052554,28.04588381082205,28.444326400756836,17742300
2018-12-20 00:00:00-05:00,27.940730491233495,28.029273023746164,27.276660441878253,27.91305923461914,28763400
2018-12-21 00:00:00-05:00,27.099580630267855,27.42608167801883,26.911427448326265,27.165987014770508,34460600
2018-12-24 00:00:00-05:00,26.8678297322966,27.14910936668242,26.721565266653027,26.755319595336914,9548700
2018-12-26 00:00:00-05:00,26.710307916141193,27.244739532470703,26.153375564992295,27.244739532470703,15019500
2018-12-27 00:00:00-05:00,27.047854581422957,27.402265426851397,26.535923512705757,27.39664077758789,13388800
2018-12-28 00:00:00-05:00,27.79042930765929,27.886063355241888,27.340380166585067,27.503522872924805,11424300
2018-12-31 00:00:00-05:00,27.604782691795002,27.7848014831543,27.340379153113982,27.784801483154297,9726400
2019-01-02 00:00:00-05:00,27.514773032126318,27.85793452048543,26.974716663229973,27.739797592163086,9412800
2019-01-03 00:00:00-05:00,27.452885026739438,27.846676845674807,27.379751739196053,27.587900161743164,9835100
2019-01-04 00:00:00-05:00,27.841052789386218,28.30235111261531,27.762292707133728,28.296724319458008,10464000
2019-01-07 00:00:00-05:00,27.947945061736732,27.953569710271413,27.301001034588072,27.441640853881836,11432900
2019-01-08 00:00:00-05:00,27.71166938070809,28.054830887246418,27.571029559732935,27.599159240722656,10725400
2019-01-09 00:00:00-05:00,27.67228964858084,28.15609096291312,27.621659228569477,27.93669319152832,9824200
2019-01-10 00:00:00-05:00,28.03232789310271,28.105459049014975,27.48101795073014,27.486644744873047,15910200
2019-01-11 00:00:00-05:00,27.56540844328996,27.81856058268217,27.312256303897755,27.509153366088867,11219900
2019-01-14 00:00:00-05:00,27.54290466712441,27.54853146225952,27.042227199778214,27.149112701416016,10563400
2019-01-15 00:00:00-05:00,27.059096856216126,27.19973665722763,26.834074462193552,26.952211380004883,10655000
2019-01-16 00:00:00-05:00,26.912838764477126,26.963469190640392,26.513422150296673,26.55280113220215,13711000
2019-01-17 00:00:00-05:00,26.4402828452842,26.665307387471085,26.249012628223273,26.474037170410156,13407100
2019-01-18 00:00:00-05:00,26.732816136513936,27.289748598903433,26.609052413319265,27.17723846435547,13831400
2019-01-22 00:00:00-05:00,26.6428085305117,26.715941839673846,25.07326758383992,25.29829216003418,23885200
2019-01-23 00:00:00-05:00,25.320792456456235,25.438931537181148,25.039512814146825,25.146400451660156,15006600
2019-01-24 00:00:00-05:00,25.06763996014062,25.06763996014062,23.852512114086732,24.37569236755371,27841900
2019-01-25 00:00:00-05:00,24.595087988010096,25.090138520322824,24.527579341427757,24.887619018554688,14265700
2019-01-28 00:00:00-05:00,25.07889318892011,25.596446685225914,24.73573169219881,25.48393440246582,17772000
2019-01-29 00:00:00-05:00,25.70333320846827,25.911481691052966,25.51768975853369,25.827096939086914,16785500
2019-01-30 00:00:00-05:00,25.973362789976985,26.895961877967565,25.65833094402296,26.890335083007812,23371900
2019-01-31 00:00:00-05:00,27.66103774564577,27.9423173752545,26.77781988035382,27.762298583984375,23635100
2019-02-01 00:00:00-05:00,27.863555169714733,27.91981237464632,27.452887230682386,27.67791175842285,15596800
2019-02-04 00:00:00-05:00,27.509153774236747,27.677921154337643,27.357262488347843,27.627290725708008,11725800
2019-02-05 00:00:00-05:00,27.63290377608256,27.649782009203506,27.351624211984834,27.587900161743164,17882100
2019-02-06 00:00:00-05:00,27.655414734804847,27.773551671197175,27.41914086202019,27.717296600341797,8815400
2019-02-07 00:00:00-05:00,27.655406021246172,27.784794360241076,27.160353398923224,27.407880783081055,8849400
2019-02-08 00:00:00-05:00,27.334753485657412,27.492269385725944,26.907209408617167,27.475393295288086,8577800
2019-02-11 00:00:00-05:00,27.520398964617417,27.55415329399599,27.194115697931288,27.503522872924805,7786800
2019-02-12 00:00:00-05:00,27.54852806877008,27.97607216864901,27.53727662587941,27.93669319152832,8930100
2019-02-13 00:00:00-05:00,27.99856998582551,28.037948955817395,27.469765141653845,27.565399169921875,9106900
2019-02-14 00:00:00-05:00,27.55978052591834,27.812930489298296,27.419140703599087,27.644163131713867,7401400
2019-02-15 00:00:00-05:00,27.72854124585255,27.790423096218706,27.41913414001465,27.41913414001465,9161700
2019-02-19 00:00:00-05:00,27.46413632424211,27.779170206953456,27.20535964165391,27.559772491455078,11662900
2019-02-20 00:00:00-05:00,27.69478851390283,28.66801564973244,27.649784894866638,28.41486358642578,11133600
2019-02-21 00:00:00-05:00,28.347351063501122,28.578000195300092,28.133578017006883,28.33609962463379,7337100
2019-02-22 00:00:00-05:00,28.49362724739154,28.99430464314821,28.352987433033228,28.9718017578125,8232900
2019-02-25 00:00:00-05:00,29.28121334764223,29.433104627634986,28.977430787656715,29.163076400756836,15052000
2019-02-26 00:00:00-05:00,29.20806917089871,29.427469035519945,29.163065556150897,29.309329986572266,12231100
2019-02-27 00:00:00-05:00,29.478111247512626,29.67500616461498,29.08994391666277,29.43310546875,8597400
2019-02-28 00:00:00-05:00,29.48373031616211,29.618745480900575,29.179947804995493,29.48373031616211,11194800
2019-03-01 00:00:00-05:00,29.629995373260318,29.781886631897812,29.326215001978607,29.67500114440918,7386500
2019-03-04 00:00:00-05:00,29.787518740982105,29.956286120915287,29.37685066294701,29.511863708496094,8437100
2019-03-05 00:00:00-05:00,29.42748166318276,30.321951154797578,29.230584594441083,29.748140335083008,9527800
2019-03-06 00:00:00-05:00,29.956280485481823,30.800119372396804,29.804389228317934,30.75511360168457,13335200
2019-03-07 00:00:00-05:00,30.87324302028234,30.87324302028234,30.305057145720394,30.794485092163086,20093400
2019-03-08 00:00:00-05:00,30.788865341606368,31.25016372266368,30.760737810272254,31.148902893066406,13411200
2019-03-11 00:00:00-04:00,31.12078032044441,31.598954867294786,31.10952887691937,31.50894546508789,11709200
2019-03-12 00:00:00-04:00,31.565205962384105,31.711470451419874,30.991395158947817,31.36268424987793,17503300
2019-03-13 00:00:00-04:00,31.312043038928067,31.666455913765905,31.13202427780251,31.576446533203125,11166300
2019-03-14 00:00:00-04:00,31.54832706385641,31.77897629459744,31.373932905591353,31.72834587097168,11896000
2019-03-15 00:00:00-04:00,31.9308661193104,32.105260281397655,31.508946628512998,31.925241470336914,24580600
2019-03-18 00:00:00-04:00,31.970236878231887,32.313396150160216,31.82959709357521,32.23463821411133,8272400
2019-03-19 00:00:00-04:00,32.2346474775023,32.44842061249122,31.03077091823751,31.50894546508789,16077100
2019-03-20 00:00:00-04:00,31.49769931294069,31.750849306556862,30.946389255126594,31.345808029174805,16750600
2019-03-21 00:00:00-04:00,31.227665390433206,32.178391968437396,31.227665390433206,32.0265007019043,10413400
2019-03-22 00:00:00-04:00,31.963730542028156,32.277547522893386,31.90096671053931,31.90667152404785,8850200
2019-03-25 00:00:00-04:00,31.764035197766994,32.31179102464256,31.70127352714144,32.266143798828125,8620400
2019-03-26 00:00:00-04:00,32.43730830420048,32.68265663919184,32.368839659447694,32.54001235961914,7146400
2019-03-27 00:00:00-04:00,32.403073108615644,32.61418602016155,32.06072555241755,32.12348937988281,7819700
2019-03-28 00:00:00-04:00,32.13491796159676,32.654143291854375,32.12921314547524,32.35173797607422,9951000
2019-03-29 00:00:00-04:00,32.4259040546027,32.80818974249631,32.39166863825936,32.76824951171875,9447400
2019-04-01 00:00:00-04:00,32.739717659738204,32.97365420548475,32.44301727888761,32.93941879272461,7011900
2019-04-02 00:00:00-04:00,33.00789308333869,33.025011880934244,32.30037851133429,32.34602355957031,8457900
2019-04-03 00:00:00-04:00,31.798267104075105,32.13490773923636,30.485939979008606,30.79975700378418,18583800
2019-04-04 00:00:00-04:00,31.00516574483787,31.33609939552507,30.953813708764766,31.153514862060547,8452600
2019-04-05 00:00:00-04:00,31.09645697370464,31.330393535434478,30.82258018264868,31.250513076782227,7743700
2019-04-08 00:00:00-04:00,31.25052185825597,31.604279207370865,31.153522576507445,31.541515350341797,5607100
2019-04-09 00:00:00-04:00,31.46163185069905,31.71839207001078,31.296163911967085,31.444515228271484,6045700
2019-04-10 00:00:00-04:00,31.530095216456854,31.684151322145482,31.330394066441574,31.621387481689453,5786400
2019-04-11 00:00:00-04:00,31.746912114938553,31.975143844399742,31.672736476376805,31.940908432006836,5259700
2019-04-12 00:00:00-04:00,31.97514637013578,32.29466820472577,31.798266657002568,32.271846771240234,4689000
2019-04-15 00:00:00-04:00,32.3403136157625,32.58566196878621,32.24331436670285,32.48866271972656,4667200
2019-04-16 00:00:00-04:00,32.35172635753363,32.408783204577816,31.963733703211382,32.17484664916992,5403800
2019-04-17 00:00:00-04:00,32.380255835271356,32.38596064952983,31.99226316831709,32.05502700805664,6002100
2019-04-18 00:00:00-04:00,32.043619293844486,32.12920675470309,30.400356152047976,31.02228546142578,18001200
2019-04-22 00:00:00-04:00,30.82828393697777,31.35321606755527,30.64569941588451,31.15921974182129,9066800
2019-04-23 00:00:00-04:00,31.210568830778406,31.376036717594,30.75410757109658,31.279037475585938,9228900
2019-04-24 00:00:00-04:00,31.13068899791776,31.398858768957375,31.016573136596275,31.21627426147461,9662200
2019-04-25 00:00:00-04:00,29.72136476440589,30.097945608174864,28.905439240143252,29.333372116088867,16929600
2019-04-26 00:00:00-04:00,29.407546171926015,30.206352858011297,29.384722564060397,30.12076759338379,9129600
2019-04-29 00:00:00-04:00,30.18352787952309,30.605753692521382,30.08082383277674,30.531578063964844,8045500
2019-04-30 00:00:00-04:00,30.70847029872756,31.376046875611035,30.44600526150964,30.999465942382812,15760100
2019-05-01 00:00:00-04:00,31.10787241888637,31.233400112359774,30.446002885573023,30.463119506835938,7372100
2019-05-02 00:00:00-04:00,30.274821822528047,30.55440338368702,30.206351003135765,30.331878662109375,5803000
2019-05-03 00:00:00-04:00,30.497349236598968,30.759814204371345,30.35470494847323,30.674226760864258,5138100
2019-05-06 00:00:00-04:00,30.303346514827368,30.81115972500543,30.297639525623882,30.542987823486328,7234300
2019-05-07 00:00:00-04:00,30.394653326209543,30.491650423389597,29.955308539770023,30.206361770629883,6808400
2019-05-08 00:00:00-04:00,30.006656261476774,30.14930056730684,29.641487186804493,29.647192001342773,8784600
2019-05-09 00:00:00-04:00,29.538782771136972,29.82407137950038,29.202142126204976,29.664310455322266,7161400
2019-05-10 00:00:00-04:00,29.38472799034635,29.801249116204442,28.979618670528406,29.73278045654297,7825800
2019-05-13 00:00:00-04:00,29.52166547241444,29.641486162793257,29.116554003651924,29.35049057006836,6150200
2019-05-14 00:00:00-04:00,29.25919966236579,29.88683592140934,29.207847624594766,29.60725212097168,5527600
2019-05-15 00:00:00-04:00,29.527374056268574,29.886838349874125,29.373317930437626,29.74419403076172,4803900
2019-05-16 00:00:00-04:00,29.67572198280836,30.103654922731018,29.60154850702566,29.6871337890625,6350800
2019-05-17 00:00:00-04:00,29.533068453474904,29.966708249493674,29.36189576623752,29.869709014892578,6129900
2019-05-20 00:00:00-04:00,29.75559710895968,30.291938807922968,29.70424508207966,29.858301162719727,7133900
2019-05-21 00:00:00-04:00,30.01235770444688,30.01235770444688,29.573015207235557,29.595836639404297,6218900
2019-05-22 00:00:00-04:00,29.630076262279005,30.252005541256036,29.52737218490082,30.143596649169922,6970600
2019-05-23 00:00:00-04:00,29.961008171646164,30.17212330530119,29.767011834269226,30.132183074951172,6493700
2019-05-24 00:00:00-04:00,30.223479457887866,30.303359929468876,29.44178701094889,29.898250579833984,5735000
2019-05-28 00:00:00-04:00,29.687131913221084,29.687131913221084,28.3862165545626,28.45468521118164,18094100
2019-05-29 00:00:00-04:00,28.072397873426198,28.785619353052986,27.787109281575482,28.63726806640625,10412200
2019-05-30 00:00:00-04:00,28.711441659906612,28.808440906031894,28.488916922402648,28.648677825927734,5801700
2019-05-31 00:00:00-04:00,28.483213962723944,28.50033275950915,27.924048544680048,27.99251937866211,6416500
2019-06-03 00:00:00-04:00,28.100926775398992,28.6144471200989,28.032458121632093,28.58591651916504,6306400
2019-06-04 00:00:00-04:00,28.97391326322913,28.99103206151497,28.67150800466056,28.768505096435547,5846400
2019-06-05 00:00:00-04:00,28.86550055862241,28.911145602680307,27.941166106512405,28.351980209350586,8692100
2019-06-06 00:00:00-04:00,28.477509773271546,29.19643613322881,28.466097967357378,28.95679473876953,7267900
2019-06-07 00:00:00-04:00,29.207835012798796,29.51024229424106,29.167894798065028,29.316246032714844,5161500
2019-06-10 00:00:00-04:00,29.384727180236215,29.498843060912233,29.088026761110324,29.21925926208496,4989100
2019-06-11 00:00:00-04:00,29.299136503086505,29.93247750342928,29.27631507072485,29.755599975585938,6709000
2019-06-12 00:00:00-04:00,29.35048966937335,29.6928372869804,29.16790514394795,29.436077117919922,6698600
2019-06-13 00:00:00-04:00,29.638923618547036,29.80699782830863,29.372324520150364,29.679492950439453,4074200
2019-06-14 00:00:00-04:00,29.62153369326165,29.83597187945638,29.25640754098008,29.476642608642578,5669300
2019-06-17 00:00:00-04:00,29.204246662082717,29.667897690691255,29.19845199147745,29.476642608642578,4876200
2019-06-18 00:00:00-04:00,29.598350384379383,29.702672141452506,28.984011393933482,29.04776382446289,6253400
2019-06-19 00:00:00-04:00,29.04197894044404,29.123117620873533,28.746399792178632,28.920270919799805,8193500
2019-06-20 00:00:00-04:00,29.117320720548253,29.215845621856293,28.92026870706912,29.128910064697266,9301900
2019-06-21 00:00:00-04:00,29.012987325578553,29.175264609079626,27.766923296231955,27.81908416748047,23069000
2019-06-24 00:00:00-04:00,27.8828399654303,28.416038081991363,27.766926658524106,28.10307502746582,10215100
2019-06-25 00:00:00-04:00,28.20740005460435,28.363882717714983,27.877048502769526,28.27115249633789,7197100
2019-06-26 00:00:00-04:00,27.88863878725974,28.0277352184249,27.59885658228986,27.784317016601562,10469300
2019-06-27 00:00:00-04:00,27.761137008666992,27.981369899669176,27.564085014548354,27.761137008666992,5906900
2019-06-28 00:00:00-04:00,27.714769249447226,27.85386567731498,27.419192380164475,27.442373275756836,20573100
2019-07-01 00:00:00-04:00,27.662608384180817,28.056712350734507,27.535103509453823,27.63942527770996,7173700
2019-07-02 00:00:00-04:00,27.73796114131774,28.17842924915966,27.598864669394104,28.166837692260742,6098300
2019-07-03 00:00:00-04:00,28.38127303002818,28.601505938565595,28.068307683121727,28.50877571105957,3909200
2019-07-05 00:00:00-04:00,28.43922671347852,28.543548488885605,27.97557560659305,28.27115249633789,5291000
2019-07-08 00:00:00-04:00,28.358087036310028,28.700030129998375,28.166829717920013,28.445022583007812,6502400
2019-07-09 00:00:00-04:00,28.29433237811352,28.363879483500458,27.94079775853078,28.021936416625977,6056300
2019-07-10 00:00:00-04:00,27.946589792801817,28.688431350552303,27.929201361324253,28.398649215698242,6533000
2019-07-11 00:00:00-04:00,28.398659226019117,28.82174102673584,28.329112108180713,28.549345016479492,5857000
2019-07-12 00:00:00-04:00,29.00720418581808,29.076751310140192,28.653669469980578,28.688444137573242,6103600
2019-07-15 00:00:00-04:00,28.86231185108565,28.943450527890846,28.63048737605125,28.711626052856445,4616900
2019-07-16 00:00:00-04:00,28.57831688384228,28.7579804047504,28.41603737387259,28.636272430419922,5569400
2019-07-17 00:00:00-04:00,28.636275055299354,28.757983040785916,28.404448426014152,28.65945816040039,5381800
2019-07-18 00:00:00-04:00,29.001407401259826,29.627335896301382,28.821741614743562,29.28539276123047,9852100
2019-07-19 00:00:00-04:00,29.476650102766786,29.499833212806895,29.221640314051694,29.28539276123047,5262500
2019-07-22 00:00:00-04:00,29.279599392600346,29.279599392600346,28.71162643651139,28.786968231201172,4983700
2019-07-23 00:00:00-04:00,28.897078236224285,29.15208574894383,28.810142701209955,29.001399993896484,6243400
2019-07-24 00:00:00-04:00,28.96663279146293,29.036179910852884,28.75798922243,28.850719451904297,4280200
2019-07-25 00:00:00-04:00,28.844924275980407,29.239028297078107,28.665258492259596,28.740602493286133,4086800
2019-07-26 00:00:00-04:00,28.700031284774873,29.047769063832042,28.421840619356566,28.897083282470703,7352900
2019-07-29 00:00:00-04:00,28.949248643157368,29.314374915184462,28.931860203913928,29.15789222717285,6271600
2019-07-30 00:00:00-04:00,28.746397223439097,28.786966560028624,27.442377147985173,28.108877182006836,13184600
2019-07-31 00:00:00-04:00,27.99875492323146,28.137849131030368,27.077247505829032,27.280094146728516,12252300
2019-08-01 00:00:00-04:00,27.529310944428353,28.201605607478825,27.471355384679978,27.74954605102539,9933800
2019-08-02 00:00:00-04:00,27.934997475893145,28.07409165872512,27.674193119505475,27.778514862060547,7072200
2019-08-05 00:00:00-04:00,27.552488297817728,27.64521850056442,26.75848358775785,27.03667640686035,10326000
2019-08-06 00:00:00-04:00,27.18736842371867,27.193163095473654,26.619395524624224,26.752695083618164,8779100
2019-08-07 00:00:00-04:00,26.607800152709157,26.91496856149986,26.22528775673602,26.79326057434082,13216200
2019-08-08 00:00:00-04:00,26.787469746080546,27.042477309689275,26.602009297844575,26.94974708557129,10565400
2019-08-09 00:00:00-04:00,26.93815553185868,27.00770264723314,26.445526630756607,26.752695083618164,8125000
2019-08-12 00:00:00-04:00,26.67735233935774,26.85122345225956,26.486097210373995,26.648374557495117,4558500
2019-08-13 00:00:00-04:00,26.53245425658855,27.19895411884254,26.503476482330218,27.112018585205078,5744700
2019-08-14 00:00:00-04:00,26.89179017034306,26.943951056961623,26.573027968305844,26.584619522094727,8907400
2019-08-15 00:00:00-04:00,26.590415367772607,26.764284246101788,26.207902951103314,26.3643856048584,6363500
2019-08-16 00:00:00-04:00,26.48608905033568,27.083039574072153,26.480292169231276,26.938148498535156,6986700
2019-08-19 00:00:00-04:00,27.14099873686262,27.34964003932032,27.03088009879782,27.065654754638672,4439900
2019-08-20 00:00:00-04:00,27.019286385594867,27.07724414069362,26.416541208603928,26.677343368530273,5619400
2019-08-21 00:00:00-04:00,26.85121774179232,26.967128844591915,26.619391114467984,26.804851531982422,5323600
2019-08-22 00:00:00-04:00,26.659958591006895,27.181567360828083,26.654163920614398,27.001901626586914,8287000
2019-08-23 00:00:00-04:00,27.187365200187497,27.343847849373514,26.74689724055708,26.8975830078125,10740100
2019-08-26 00:00:00-04:00,27.222146770634897,27.593067717310266,26.949750733167505,27.309080123901367,12763200
2019-08-27 00:00:00-04:00,29.65631279892556,30.398156822167365,25.981876190197372,26.225292205810547,58065900
2019-08-28 00:00:00-04:00,26.17892457024096,27.059862780193868,25.8891423516063,26.573028564453125,20298000
2019-08-29 00:00:00-04:00,26.758493831229266,26.83383784069805,25.41390427124606,25.64573097229004,18214200
2019-08-30 00:00:00-04:00,25.535609595494165,25.836983364560382,25.251622051861222,25.350149154663086,13984600
2019-09-03 00:00:00-04:00,25.32695966683612,25.581967156025282,24.961833548674814,25.524011611938477,8934800
2019-09-04 00:00:00-04:00,25.651518584777534,25.79061500929262,25.158889744226002,25.674701690673828,7839500
2019-09-05 00:00:00-04:00,25.81959593456954,25.848573715042008,25.390719477506,25.41390037536621,9043300
2019-09-06 00:00:00-04:00,25.512427482008118,25.686296375705847,25.30378392522567,25.41390037536621,10429600
2019-09-09 00:00:00-04:00,25.500828509958836,25.66310580209173,25.28059346287684,25.524011611938477,10164500
2019-09-10 00:00:00-04:00,25.21685050779955,25.639934539794925,25.193669607976844,25.639934539794922,11305600
2019-09-11 00:00:00-04:00,25.674705023455896,26.06301435960511,25.29798945262246,25.918123245239258,16156100
2019-09-12 00:00:00-04:00,26.022444848363126,26.034034191874575,25.50083595583051,25.76743507385254,9625500
2019-09-13 00:00:00-04:00,25.661105436484785,25.70245602594594,24.792740804362484,24.816368103027344,21099500
2019-09-16 00:00:00-04:00,24.509192238841376,24.857720235364145,24.379231959428054,24.461933135986328,16502700
2019-09-17 00:00:00-04:00,24.515093794362244,24.692310889176134,24.36150624644024,24.402856826782227,11659500
2019-09-18 00:00:00-04:00,24.266990559754834,24.444207656375763,24.072050176065463,24.125215530395508,13290500
2019-09-19 00:00:00-04:00,24.137037410370436,24.24336815033634,23.215505081812047,23.699899673461914,22526700
2019-09-20 00:00:00-04:00,23.8830181646885,24.408763191378846,23.599470361083743,24.107494354248047,31224800
2019-09-23 00:00:00-04:00,24.001166275228844,24.580076719346962,23.93618614059881,24.148847579956055,10826000
2019-09-24 00:00:00-04:00,24.20200909133076,24.337875599662535,23.971626653140465,24.06023406982422,11577900
2019-09-25 00:00:00-04:00,24.50327820407732,24.603702648301276,23.298198394015103,23.95981216430664,26028300
2019-09-26 00:00:00-04:00,23.487234849378943,24.09568338664933,23.46360755209152,24.018888473510742,11894400
2019-09-27 00:00:00-04:00,24.01889041759743,24.06024100799482,23.504960041631207,23.705806732177734,8618500
2019-09-30 00:00:00-04:00,23.776687537132673,24.272896758479906,23.7471517300101,24.160659790039062,9891900
2019-10-01 00:00:00-04:00,24.237454132059547,24.326063813058695,24.04842224913664,24.31424903869629,7696100
2019-10-02 00:00:00-04:00,24.202013737652003,24.207919998523135,23.693989672092542,23.753061294555664,9586900
2019-10-03 00:00:00-04:00,23.747151649634407,24.160659708263793,23.70580106911523,24.107494354248047,11412600
2019-10-04 00:00:00-04:00,23.9598139213029,24.60961071275503,23.953905407624806,24.60370445251465,12485900
2019-10-07 00:00:00-04:00,24.786829289113772,25.14126576743871,24.72184915541564,24.91088104248047,16154000
2019-10-08 00:00:00-04:00,24.99358668706676,25.188524852055707,24.810461044311523,24.810461044311523,9985000
2019-10-09 00:00:00-04:00,24.89316147641267,25.094008149952355,24.62142840439956,25.08219337463379,7764100
2019-10-10 00:00:00-04:00,25.31257505419187,25.720176902677807,25.20624433314666,25.38936996459961,10563700
2019-10-11 00:00:00-04:00,25.472073286526246,25.637477896250445,25.052658881121864,25.147174835205078,7714800
2019-10-14 00:00:00-04:00,25.117639024663923,25.28304138096708,25.034937846512346,25.23578453063965,6743000
2019-10-15 00:00:00-04:00,25.253505680850996,25.737900229425016,25.247599419572918,25.65519905090332,7003900
2019-10-16 00:00:00-04:00,25.667015351328853,25.82651145656706,25.578405652828216,25.702457427978516,7916800
2019-10-17 00:00:00-04:00,25.93284031984581,26.15731430053711,25.71427034691859,26.15731430053711,9255800
2019-10-18 00:00:00-04:00,26.157311530918765,26.328622382337464,26.074610362216728,26.18684959411621,13209800
2019-10-21 00:00:00-04:00,26.31680886033842,26.9370699085639,26.293179310030908,26.913442611694336,10422000
2019-10-22 00:00:00-04:00,26.913441596541713,27.386021317676864,26.677150609255204,27.37420654296875,9921700
2019-10-23 00:00:00-04:00,27.409654443633784,27.6459432083145,27.214714015669994,27.61640739440918,9323100
2019-10-24 00:00:00-04:00,27.622306334997134,27.834967744254232,27.39192389278113,27.74045181274414,7872800
2019-10-25 00:00:00-04:00,27.575054382804,27.858602227584544,27.492353209756086,27.64594078063965,6805200
2019-10-28 00:00:00-04:00,27.563240515393183,27.61640587888042,27.143826122014993,27.167455673217773,12435400
2019-10-29 00:00:00-04:00,26.93706947534633,27.397836685180664,26.736222807838523,27.397836685180664,9042500
2019-10-30 00:00:00-04:00,27.362390200711655,27.42146181743023,27.07884238427458,27.149728775024414,7848800
2019-10-31 00:00:00-04:00,27.527793081129573,27.85269373989648,26.328621660931713,26.458581924438477,12698200
2019-11-01 00:00:00-04:00,26.346341040255002,26.830735487606372,26.334528520167282,26.61807632446289,9254400
2019-11-04 00:00:00-05:00,26.677146877604716,26.990230476542422,26.647611071684892,26.93706512451172,8863500
2019-11-05 00:00:00-05:00,26.95478834244108,27.427367996272157,26.830734352392422,27.32103729248047,9413800
2019-11-06 00:00:00-05:00,27.415558005641383,27.43327904155209,26.94888453019733,27.120195388793945,7713300
2019-11-07 00:00:00-05:00,27.26787743236011,27.279692207765084,26.954793771161224,27.16154670715332,8383500
2019-11-08 00:00:00-05:00,27.08474903662887,27.415555953979492,26.95479102727929,27.415555953979492,5604100
2019-11-11 00:00:00-05:00,27.326946274181253,27.563237251351378,27.220617813236238,27.415555953979492,5895600
2019-11-12 00:00:00-05:00,27.409655299542678,27.775904360969278,27.24425068031919,27.764089584350586,6631900
2019-11-13 00:00:00-05:00,27.681375357250882,28.012179932937407,27.65774581514837,27.663654327392578,7733800
2019-11-14 00:00:00-05:00,27.734550773726102,27.83497298398038,27.521889324437073,27.54551887512207,6413400
2019-11-15 00:00:00-05:00,27.515978138755504,28.342991983772123,27.480533819071724,28.337085723876953,8329800
2019-11-18 00:00:00-05:00,28.33709063147844,28.709245912141277,28.13624395869492,28.5556583404541,11529900
2019-11-19 00:00:00-05:00,28.567475617853184,28.632455760833054,27.693202451938042,27.72273826599121,10280000
2019-11-20 00:00:00-05:00,27.64003225831985,29.453558416422876,27.551422578196625,28.620635986328125,15262900
2019-11-21 00:00:00-05:00,28.6147304682643,28.886465797486824,28.413883791937042,28.83920669555664,8500200
2019-11-22 00:00:00-05:00,28.868748359699474,28.9868938850369,28.620644784585497,28.94554328918457,9256900
2019-11-25 00:00:00-05:00,29.105025791946133,29.193633204410375,28.85101382002796,29.099117279052734,7685300
2019-11-26 00:00:00-05:00,29.01641899130649,29.27043098830739,28.809666088369774,29.07549285888672,10749600
2019-11-27 00:00:00-05:00,29.2409009118775,29.424026557108785,29.164105995691727,29.388582229614258,5679600
2019-11-29 00:00:00-05:00,29.311782119038085,29.424021342828283,29.252710503786794,29.359041213989258,2678500
2019-12-02 00:00:00-05:00,29.536259452495933,29.932044247509253,29.49490886953746,29.89069366455078,9551500
2019-12-03 00:00:00-05:00,29.807992621501196,29.973397207454642,29.364948727887548,29.5953311920166,9241600
2019-12-04 00:00:00-05:00,29.471274195944844,29.731194676125472,29.400387816548932,29.601234436035156,8266100
2019-12-05 00:00:00-05:00,29.553977538014127,29.731196879795423,29.341316130626602,29.63667869567871,7279200
2019-12-06 00:00:00-05:00,29.766648586806074,29.98521632477612,29.695762179196002,29.77846336364746,5144100
2019-12-09 00:00:00-05:00,29.76073872545299,30.067916125860286,29.713479623803558,29.849346160888672,5337000
2019-12-10 00:00:00-05:00,29.58351346135264,29.772545309062973,29.40038787300441,29.5657901763916,6073500
2019-12-11 00:00:00-05:00,29.53626286919994,29.83753175895305,29.53626286919994,29.71347999572754,6415000
2019-12-12 00:00:00-05:00,29.678032989740068,29.961580795743735,29.483092605553868,29.49490737915039,6433200
2019-12-13 00:00:00-05:00,29.477189791175817,29.760737630324474,29.477189791175817,29.63077735900879,6103700
2019-12-16 00:00:00-05:00,29.961582309711957,30.103355093158793,29.743012367288298,29.89069366455078,10791400
2019-12-17 00:00:00-05:00,29.86115525882514,30.180147373995098,29.796175133130788,30.026559829711914,9646600
2019-12-18 00:00:00-05:00,30.067912345734133,30.363274933596205,29.99702370217208,30.339645385742188,8097800
2019-12-19 00:00:00-05:00,30.392810112619287,30.451881727593943,29.949766239996375,30.002931594848633,9876200
2019-12-20 00:00:00-05:00,30.39871351975491,30.55820956934262,30.156516315589304,30.20377540588379,21655800
2019-12-23 00:00:00-05:00,30.274673793428995,30.49915005446984,30.19787886796585,30.45189094543457,8046000
2019-12-24 00:00:00-05:00,30.48191121608931,30.505932185277356,30.18165597353586,30.193666458129883,3684500
2019-12-26 00:00:00-05:00,30.21168386792298,30.505932728031773,30.187662898307558,30.265729904174805,7351000
2019-12-27 00:00:00-05:00,30.21168386792298,30.33178413446859,30.097585407632604,30.265729904174805,7700500
2019-12-30 00:00:00-05:00,30.21768854294333,30.307766035341274,29.87539773705641,29.959468841552734,6691000
2019-12-31 00:00:00-05:00,29.905428602808303,30.013520698338137,29.79733650727847,29.971485137939453,5978800
2020-01-02 00:00:00-05:00,30.139620947896805,30.229698438538346,29.455039349471473,29.57514190673828,8717200
2020-01-03 00:00:00-05:00,29.52709863335757,29.995498356457126,29.521094536610107,29.803335189819336,7850700
2020-01-06 00:00:00-05:00,29.803336468884453,30.06756026165966,29.68323391189,29.923439025878906,6532500
2020-01-07 00:00:00-05:00,29.761293649212163,29.983481836391107,29.617170157863686,29.767297744750977,6423600
2020-01-08 00:00:00-05:00,29.899415948591734,30.193664787181287,29.773309303481927,30.073564529418945,5987200
2020-01-09 00:00:00-05:00,30.20567501482937,30.427863238723237,30.06155379043113,30.367813110351562,6449500
2020-01-10 00:00:00-05:00,30.590008428737377,30.668075446338452,30.151635975812436,30.157642364501953,6049700
2020-01-13 00:00:00-05:00,30.115601240029484,30.69809484310667,30.025523752465823,30.481910705566406,7776400
2020-01-14 00:00:00-05:00,30.43987203836841,30.571985062395193,30.361807333957522,30.547964096069336,8455900
2020-01-15 00:00:00-05:00,30.535959877537724,31.094434859978445,30.487920225795826,30.776165008544922,6748300
2020-01-16 00:00:00-05:00,30.824205852789387,30.902270570434272,30.620032185937724,30.680082321166992,7159100
2020-01-17 00:00:00-05:00,30.722109718563907,30.848216343528904,30.523942492299653,30.638038635253906,11468200
2020-01-21 00:00:00-05:00,30.571990245141652,30.81219536759037,30.33178512269294,30.680082321166992,10192400
2020-01-22 00:00:00-05:00,30.650060801519498,30.908280536274642,30.63204392625248,30.644054412841797,7300100
2020-01-23 00:00:00-05:00,30.517942401019518,30.650055439624197,30.259722711437117,30.3618106842041,5699000
2020-01-24 00:00:00-05:00,30.319769323721673,30.385823539600402,30.043532814959118,30.17564582824707,10049500
2020-01-27 00:00:00-05:00,29.8573746148392,30.07355870214694,29.791318111410153,29.887399673461914,7419900
2020-01-28 00:00:00-05:00,29.839362612426847,30.205674343341208,29.695241391232496,30.127607345581055,9545300
2020-01-29 00:00:00-05:00,30.247709231259588,30.487914315702948,30.073562950341884,30.091577529907227,6318000
2020-01-30 00:00:00-05:00,29.46704117369973,29.515083098792882,27.821644182265423,28.824495315551758,17717800
2020-01-31 00:00:00-05:00,28.974621638282898,29.304901841291677,28.368107250267865,28.542253494262695,11794000
2020-02-03 00:00:00-05:00,28.536263852175964,28.644355942926968,27.73758365837868,27.779619216918945,10197600
2020-02-04 00:00:00-05:00,28.296056373712876,28.362112900499945,27.92374047545461,27.93575096130371,10126000
2020-02-05 00:00:00-05:00,27.93575142573039,28.30806733017834,27.7135631607431,27.791627883911133,13515300
2020-02-06 00:00:00-05:00,27.92373387164222,28.199968108545736,27.875691939607485,28.01981544494629,8763500
2020-02-07 00:00:00-05:00,28.01981610632295,28.02582020258631,27.461341232446692,27.755592346191406,7138300
2020-02-10 00:00:00-05:00,27.713558614385843,28.031828424785747,27.58744967694468,27.74358367919922,6272100
2020-02-11 00:00:00-05:00,27.671520762126157,27.737574982911017,27.299202658981947,27.365259170532227,9814000
2020-02-12 00:00:00-05:00,27.36525590013042,27.41329782670386,26.938894110234262,27.26317024230957,10533000
2020-02-13 00:00:00-05:00,27.275185851510884,27.569437004890982,27.00495795871651,27.413305282592773,6111300
2020-02-14 00:00:00-05:00,27.455341746894863,27.491370912056496,26.968927400320247,27.125059127807617,9026000
2020-02-18 00:00:00-05:00,27.083021703110116,27.341241392498844,27.034982055958974,27.15508460998535,12033800
2020-02-19 00:00:00-05:00,27.173102654992146,27.31121980795986,26.986943557983853,27.107046127319336,5888600
2020-02-20 00:00:00-05:00,27.077017989392555,27.413304687271733,26.986940499906755,27.3592586517334,5242900
2020-02-21 00:00:00-05:00,27.25716554321761,27.755590253824476,27.21513000024658,27.55742073059082,9367800
2020-02-24 00:00:00-05:00,27.197116308080634,27.43731909134539,26.17024408359433,26.30235481262207,18907800
2020-02-25 00:00:00-05:00,26.24831496023239,26.578595296645876,25.413605682304635,25.51569366455078,12475900
2020-02-26 00:00:00-05:00,25.455637085980594,25.88199894693707,25.28749489648013,25.293498992919922,14293000
2020-02-27 00:00:00-05:00,25.131361814271152,25.50367994851983,24.200571060180668,24.200571060180664,13884500
2020-02-28 00:00:00-05:00,23.642096644613172,24.32067411948479,23.16168872509747,24.24260711669922,23998100
2020-03-02 00:00:00-05:00,24.29665318995251,25.269481805650123,24.05645037519059,25.26347541809082,14560000
2020-03-03 00:00:00-05:00,25.31751818477451,26.182252329691565,24.90316683652026,25.161386489868164,18031600
2020-03-04 00:00:00-05:00,25.46164423542802,26.392434983516385,25.275485169504115,26.38042449951172,12612900
2020-03-05 00:00:00-05:00,25.659817673188055,26.350405779765797,25.545721483819044,25.91803741455078,11502300
2020-03-06 00:00:00-05:00,25.13736344333133,25.491664639006782,24.692984779474,25.311511993408203,15485300
2020-03-09 00:00:00-04:00,23.90031412670922,25.083320380663174,23.684130010172918,24.224590301513672,16480100
2020-03-10 00:00:00-04:00,24.903164774976656,25.53370017995428,24.27262707923386,25.311511993408203,20532700
2020-03-11 00:00:00-04:00,24.53084871186924,24.951206446392515,24.10448688133458,24.30866050720215,16557300
2020-03-12 00:00:00-04:00,22.50112607350826,23.179701195833776,21.486262001990486,21.870588302612305,19322800
2020-03-13 00:00:00-04:00,22.969521715785536,24.14051739866491,22.056745675978828,24.062450408935547,16308900
2020-03-16 00:00:00-04:00,21.576340034749553,24.777059450521506,20.64554932202019,22.951509475708008,18032100
2020-03-17 00:00:00-04:00,23.359858596981734,24.368716387017663,22.897465252318128,23.930341720581055,16972000
2020-03-18 00:00:00-04:00,22.5191420504874,23.419907732506896,21.017865913788242,23.011560440063477,18217800
2020-03-19 00:00:00-04:00,22.597210411317203,22.597210411317203,20.915781495148586,22.27893829345703,15889800
2020-03-20 00:00:00-04:00,21.71445715749627,22.206875529110143,20.501425808399866,20.58549690246582,21595700
2020-03-23 00:00:00-04:00,19.768802507157186,19.97297614758144,18.58579850274993,18.844017028808594,24246000
2020-03-24 00:00:00-04:00,19.825092276583423,20.57169491296046,19.602962021912234,19.97934913635254,21746000
2020-03-25 00:00:00-04:00,19.88679860041911,22.299376341577798,19.5659439766975,21.207237243652344,21540900
2020-03-26 00:00:00-04:00,21.37383226562808,22.718952406587704,21.37383226562808,22.607887268066406,14403400
2020-03-27 00:00:00-04:00,21.2874487920611,23.471726711282482,21.00978594575785,22.607887268066406,14679500
2020-03-30 00:00:00-04:00,22.755973549452754,23.39768032365503,22.441288224449913,23.02129554748535,18352900
2020-03-31 00:00:00-04:00,22.68192476408492,24.039385429601097,22.675755526132303,23.86044692993164,15865800
2020-04-01 00:00:00-04:00,22.737454057539708,23.43469553474858,22.638729788058363,23.206396102905273,18310500
2020-04-02 00:00:00-04:00,22.293201340035644,22.552351726582607,21.80574911340934,22.34873390197754,14393600
2020-04-03 00:00:00-04:00,22.589378621734888,23.261938734656454,22.30554651816846,23.08300018310547,10338000
2020-04-06 00:00:00-04:00,23.761726310583448,23.983856571493735,22.84852595755346,23.002782821655273,14463800
2020-04-07 00:00:00-04:00,23.582791356957586,24.619397725644053,23.20640421247614,23.74321746826172,12021300
2020-04-08 00:00:00-04:00,23.996195554721922,25.14386691184152,23.829597871871712,24.761310577392578,11727600
2020-04-09 00:00:00-04:00,24.76130747774143,25.631315921201946,24.76130747774143,25.24258804321289,8933800
2020-04-13 00:00:00-04:00,25.150029939418964,25.26109503389135,24.51449261842756,24.95258140563965,8449800
2020-04-14 00:00:00-04:00,25.328975703689036,26.15579255968537,25.23025140836587,25.989194869995117,8526500
2020-04-15 00:00:00-04:00,25.353653151209762,25.433867363379164,24.810668440310888,25.24258804321289,7415200
2020-04-16 00:00:00-04:00,25.35982524143887,25.49557202287604,24.785989570165235,24.927907943725586,7429400
2020-04-17 00:00:00-04:00,25.29811953627474,25.884295947503873,25.069820092198768,25.205564498901367,10455400
2020-04-20 00:00:00-04:00,24.83534832326137,24.934072595115992,23.878956498337445,24.107255935668945,13229600
2020-04-21 00:00:00-04:00,23.447045463293286,23.953007834988814,23.13853170719732,23.29895782470703,15089300
2020-04-22 00:00:00-04:00,23.7185328561114,23.743214517482496,23.107677036699833,23.32980728149414,11190800
2020-04-23 00:00:00-04:00,23.45320740048592,23.96534120596101,23.397674847528048,23.724700927734375,7182400
2020-04-24 00:00:00-04:00,23.91597942867642,24.415772437440957,23.872787701794955,24.323217391967773,8785500
2020-04-27 00:00:00-04:00,24.446624084327294,24.81067033190062,24.212155375144416,24.526838302612305,6066300
2020-04-28 00:00:00-04:00,25.119186401367188,25.581956979227773,25.032802936770203,25.119186401367188,7098500
2020-04-29 00:00:00-04:00,25.29812362521972,25.464721307155607,24.971099853515625,24.971099853515625,7350400
2020-04-30 00:00:00-04:00,26.13110653945737,26.13727813088305,24.088747579236603,24.21832275390625,13830900
2020-05-01 00:00:00-04:00,24.082576151784302,24.90322363782463,23.243418598885842,23.39150619506836,11765500
2020-05-04 00:00:00-04:00,23.447037778551447,23.61363543469384,23.181715846966046,23.45320701599121,9177300
2020-05-05 00:00:00-04:00,23.619810070975646,23.69385505981185,22.657248753834274,22.70660972595215,9590200
2020-05-06 00:00:00-04:00,22.88554824309387,22.916399144877627,21.6823442433439,22.046390533447266,15203600
2020-05-07 00:00:00-04:00,22.348729904690213,22.3672399707692,21.608296662489582,21.657657623291016,17855900
2020-05-08 00:00:00-04:00,21.98468728698563,22.76831238048159,21.867450572619706,22.669588088989258,8451500
2020-05-11 00:00:00-04:00,22.231493360720936,22.64490288488608,22.132769084673985,22.47213363647461,8254900
2020-05-12 00:00:00-04:00,22.644906417537417,22.92256922278931,22.25617849018477,22.26235008239746,12086400
2020-05-13 00:00:00-04:00,22.22532771886902,22.688098279038712,21.972346573460502,22.428945541381836,13141400
2020-05-14 00:00:00-04:00,22.120427143818233,22.447453204222256,21.941491020697867,22.367238998413086,9128800
2020-05-15 00:00:00-04:00,22.47214190538465,22.675762123653115,22.20065063479997,22.577037811279297,12566000
2020-05-18 00:00:00-04:00,23.243419464218714,23.372996998367164,23.033632421956394,23.200227737426758,9826500
2020-05-19 00:00:00-04:00,23.150866523973814,23.255760043977986,22.891713812233867,22.904054641723633,10010800
2020-05-20 00:00:00-04:00,23.03980420838822,23.32363625978025,22.885547351704787,23.305126190185547,10310900
2020-05-21 00:00:00-04:00,23.26193420822495,23.508743763998083,22.9657613290335,23.163209915161133,10212100
2020-05-22 00:00:00-04:00,23.138530965423758,23.298957077790536,22.971933260019934,23.280447006225586,6943400
2020-05-26 00:00:00-04:00,23.7185286565559,23.95299969052078,23.52725169922897,23.61980438232422,9596000
2020-05-27 00:00:00-04:00,24.10109461242355,24.37258586072906,24.01470878663386,24.09492301940918,9502000
2020-05-28 00:00:00-04:00,24.52067219530149,24.52067219530149,23.93449563995557,23.946836471557617,12056800
2020-05-29 00:00:00-04:00,23.811090938848,24.20598815593713,23.570450594295128,24.09492301940918,18946000
2020-06-01 00:00:00-04:00,24.12577323854022,24.53301127632875,24.11343476040776,24.17513656616211,6573400
2020-06-02 00:00:00-04:00,24.30471385486223,24.502162474736792,24.218330377888762,24.471311569213867,8952600
2020-06-03 00:00:00-04:00,24.681097562711024,24.952588788542606,24.53300994167469,24.810672760009766,8422500
2020-06-04 00:00:00-04:00,24.68109720547432,25.13769853943565,24.46513854643556,25.131526947021484,7842200
2020-06-05 00:00:00-04:00,25.612803452229976,26.205151478350107,25.464718211029293,25.859615325927734,10776200
2020-06-08 00:00:00-04:00,26.05706263324064,26.62472897400165,25.878124151083295,26.42728042602539,10509300
2020-06-09 00:00:00-04:00,26.19281803028172,26.340903313212028,25.890473517491547,26.026220321655273,11903200
2020-06-10 00:00:00-04:00,26.100259566268615,26.161963720936622,25.791745854247065,25.804086685180664,9795600
2020-06-11 00:00:00-04:00,25.20556693621637,25.32280364206212,24.23066492280221,24.243005752563477,13488100
2020-06-12 00:00:00-04:00,24.84829613652286,24.860906572942596,24.09799320850947,24.671754837036133,12543100
2020-06-15 00:00:00-04:00,24.261919152278924,25.42835903005428,24.173648520433137,25.415748596191406,11940200
2020-06-16 00:00:00-04:00,25.983193814860826,26.235397585888517,25.573365693432596,25.907533645629883,9531900
2020-06-17 00:00:00-04:00,25.964291522316476,26.128222366550894,25.69947719831375,25.762529373168945,7960400
2020-06-18 00:00:00-04:00,25.529241727961313,26.178663479656603,25.5166312932922,26.147138595581055,7192800
2020-06-19 00:00:00-04:00,26.46869515799299,26.46869515799299,25.573375980561682,25.65534019470215,20025400
2020-06-22 00:00:00-04:00,25.598596248459277,25.64903798858919,25.157243048295314,25.25181770324707,6756100
2020-06-23 00:00:00-04:00,25.447274206806917,25.749917412597572,25.3653075869487,25.434663772583008,6061900
2020-06-24 00:00:00-04:00,25.188768800147688,25.22029368621653,24.741109164464056,24.860904693603516,7186600
2020-06-25 00:00:00-04:00,24.848287892949497,25.056356417054957,24.570865599336237,25.00591468811035,5981200
2020-06-26 00:00:00-04:00,24.9870069840368,25.01853187053582,24.0160250866211,24.07907485961914,9693100
2020-06-29 00:00:00-04:00,24.31236161507537,24.79154609022853,24.243005429351825,24.734800338745117,5919700
2020-06-30 00:00:00-04:00,24.640222842344617,24.86720341685429,24.501510486926936,24.747407913208008,6825000
2020-07-01 00:00:00-04:00,24.8609015473038,25.333781994074435,24.72849559945466,24.741106033325195,6326100
2020-07-02 00:00:00-04:00,24.986998239115955,25.23289563502196,24.778929731691594,24.841981887817383,4389500
2020-07-06 00:00:00-04:00,25.062667121797315,25.226597974245433,24.64022835247681,24.968090057373047,4883100
2020-07-07 00:00:00-04:00,24.709572822116467,25.371607213033027,24.66543751674786,25.182453155517578,8659900
2020-07-08 00:00:00-04:00,25.106801759347025,25.497715631600546,24.974395796918436,25.13832664489746,7530500
2020-07-09 00:00:00-04:00,25.050055580881587,25.050055580881587,24.29344631445617,24.337581634521484,6257000
2020-07-10 00:00:00-04:00,24.558262021587407,25.42205642670931,24.526737134795088,25.390531539916992,8406400
2020-07-13 00:00:00-04:00,25.302258040298163,25.67425743494695,25.056360583786905,25.352697372436523,6931300
2020-07-14 00:00:00-04:00,25.352697279508583,25.913848376709613,25.14463112675956,25.888629913330078,7783300
2020-07-15 00:00:00-04:00,26.06516829458393,26.32367615583466,25.825574880070477,25.85079574584961,6499600
2020-07-16 00:00:00-04:00,25.812967865291593,26.27954432321222,25.76883254693086,26.1534423828125,5670900
2020-07-17 00:00:00-04:00,26.380428278977515,26.386732294349287,26.096699483353333,26.19127655029297,6242700
2020-07-20 00:00:00-04:00,26.166053440297933,26.166053440297933,25.522935693623893,25.76883316040039,5915800
2020-07-21 00:00:00-04:00,25.876012388185593,26.569569247551392,25.876012388185593,25.989503860473633,6212400
2020-07-22 00:00:00-04:00,25.913847487031912,26.103001589648027,25.541848106518184,26.065170288085938,5437900
2020-07-23 00:00:00-04:00,26.153445241575493,26.317378503572574,26.014732851454074,26.21649742126465,4803000
2020-07-24 00:00:00-04:00,26.355203404282847,26.853304724816674,26.2227974548329,26.386728286743164,6186800
2020-07-27 00:00:00-04:00,26.481309658970783,26.651546938258964,26.32998683120526,26.563276290893555,6052100
2020-07-28 00:00:00-04:00,27.099204468121073,27.23791684891604,26.61371354053325,26.809171676635742,10794200
2020-07-29 00:00:00-04:00,27.029845930910717,27.029845930910717,26.11560991041933,26.248018264770508,7890100
2020-07-30 00:00:00-04:00,26.027343287391908,26.411953165314223,25.964293512897473,26.21649742126465,6256700
2020-07-31 00:00:00-04:00,26.04625651074105,26.203883330184716,25.642729832601983,25.945375442504883,7572500
2020-08-03 00:00:00-04:00,25.92014787297693,26.052553789831876,25.64272320315464,25.85709571838379,6063800
2020-08-04 00:00:00-04:00,25.97689594090699,26.2354037849552,25.806658716017584,26.229097366333008,8747300
2020-08-05 00:00:00-04:00,26.28585361624804,26.50653265755981,26.153447634577944,26.266939163208008,6425900
2020-08-06 00:00:00-04:00,26.21649528513854,26.411951013262335,26.052562036498777,26.19757843017578,4085500
2020-08-07 00:00:00-04:00,26.0399563713589,26.62632847352583,25.894939951119063,26.588497161865234,5620600
2020-08-10 00:00:00-04:00,26.645243183833966,27.269446603683857,26.645243183833966,27.250532150268555,6734900
2020-08-11 00:00:00-04:00,27.654053194592016,27.83690090623981,27.408155709021738,27.49011993408203,8538700
2020-08-12 00:00:00-04:00,27.55947605400257,27.736019749858684,27.048766633104986,27.08659553527832,7866000
2020-08-13 00:00:00-04:00,26.954189759907955,27.15595192358993,26.783952483327276,26.8406982421875,5347100
2020-08-14 00:00:00-04:00,26.708293450421905,26.93527649586716,26.531752150717736,26.82178497314453,4881300
2020-08-17 00:00:00-04:00,26.910051179751076,27.32618589262581,26.840694993406217,27.130727767944336,6948700
2020-08-18 00:00:00-04:00,27.33880280646662,27.490123244179024,27.130734198118326,27.250532150268555,5865100
2020-08-19 00:00:00-04:00,27.345095227507233,27.836892454525188,27.21899331275407,27.521638870239258,6439400
2020-08-20 00:00:00-04:00,27.3514066024937,27.622524926524903,27.21269423060953,27.427066802978516,6160500
2020-08-21 00:00:00-04:00,27.483810639167526,27.5216419393705,27.200081900630813,27.401844024658203,4334400
2020-08-24 00:00:00-04:00,27.477509106543184,28.032353795129104,27.3955424846315,27.767541885375977,7911300
2020-08-25 00:00:00-04:00,27.93147700326288,27.93147700326288,27.427071570364117,27.439682006835938,6117900
2020-08-26 00:00:00-04:00,27.25052738154623,27.521645723964344,27.06767967987921,27.237916946411133,11083300
2020-08-27 00:00:00-04:00,27.382931768517675,27.975607754628708,27.338796450679325,27.584693908691406,6558300
2020-08-28 00:00:00-04:00,27.641441119147547,27.710797309465068,27.40184766310372,27.69818687438965,5476500
2020-08-31 00:00:00-04:00,27.666656930957398,27.73601310859441,27.483809263586014,27.578386306762695,7826300
2020-09-01 00:00:00-04:00,27.521641860959107,27.546860322495,27.137032061504485,27.187471389770508,7105300
2020-09-02 00:00:00-04:00,27.155946658458472,27.67926882261564,27.048761582056688,27.59099578857422,8021200
2020-09-03 00:00:00-04:00,27.71079333795888,28.23411309001656,27.11811500032958,27.294658660888672,10906100
2020-09-04 00:00:00-04:00,27.43337104493705,27.704489371215757,26.97310101328108,27.42076301574707,9461000
2020-09-08 00:00:00-04:00,27.553172773387715,27.786459828724237,26.92266539827676,27.15595245361328,8765400
2020-09-09 00:00:00-04:00,27.34510613458209,27.849511589591735,27.307277228703196,27.609920501708984,16628800
2020-09-10 00:00:00-04:00,27.672967376707938,27.672967376707938,27.282053490760436,27.33249282836914,7569900
2020-09-11 00:00:00-04:00,27.40815213228099,27.56577895171174,27.21269401031688,27.48381233215332,9282300
2020-09-14 00:00:00-04:00,27.59315769399515,27.889027783167304,27.419494175497842,27.6574764251709,10177700
2020-09-15 00:00:00-04:00,27.721800785375468,27.908328578703642,27.47095424781135,27.51597785949707,8482700
2020-09-16 00:00:00-04:00,27.580295472867242,27.59959060290977,26.847051088021097,26.859912872314453,9752100
2020-09-17 00:00:00-04:00,26.744139117777745,26.988552272233004,26.255307901662324,26.281036376953125,9770500
2020-09-18 00:00:00-04:00,26.293898889169782,26.3968103299774,25.399855287103193,25.62497329711914,22715200
2020-09-21 00:00:00-04:00,25.522062043124453,25.599245010894546,24.724496530825803,24.96891212463379,10251700
2020-09-22 00:00:00-04:00,25.08468915065442,25.354830779163066,24.756659679807857,24.795249938964844,8560100
2020-09-23 00:00:00-04:00,24.92388475923357,25.116843376326603,24.390030049887507,24.39646339416504,8258900
2020-09-24 00:00:00-04:00,24.441491324624455,24.84027286449124,24.17778059531865,24.65374755859375,7301400
2020-09-25 00:00:00-04:00,24.518673716173648,24.705201471274375,24.299986595545768,24.615154266357422,7854900
2020-09-28 00:00:00-04:00,24.74379217351539,25.219756633326863,24.74379217351539,25.052526473999023,8003800
2020-09-29 00:00:00-04:00,25.046099229234603,25.052532575546042,24.653750980331647,24.673046112060547,7030200
2020-09-30 00:00:00-04:00,24.78881923515251,25.02037060626195,24.65374841987282,24.853137969970703,7706900
2020-10-01 00:00:00-04:00,24.872432448789624,25.052529318051903,24.685907141257196,25.033231735229492,7656100
2020-10-02 00:00:00-04:00,24.698767513752866,25.226188894456783,24.666605698615644,25.06538963317871,5268300
2020-10-05 00:00:00-04:00,25.194031903711796,25.483471120157294,25.033232611642347,25.406288146972656,5154800
2020-10-06 00:00:00-04:00,25.50277148972641,25.869393719408496,25.393426683300433,25.470609664916992,6555800
2020-10-07 00:00:00-04:00,25.605673104412435,26.268165220233215,25.605673104412435,26.06877326965332,7425000
2020-10-08 00:00:00-04:00,26.158824870001883,26.338921726387575,25.87581902939896,25.972299575805664,5715600
2020-10-09 00:00:00-04:00,26.261737731295703,26.538310216034986,26.10736935382059,26.171688079833984,11445000
2020-10-12 00:00:00-04:00,26.145966281370985,26.525452714741622,25.972302748784166,26.01732635498047,7167200
2020-10-13 00:00:00-04:00,25.972296683291102,25.998022699679215,25.290506950166282,25.329099655151367,8704000
2020-10-14 00:00:00-04:00,25.264784419415765,25.612111485125254,25.161872968865087,25.438447952270508,5087700
2020-10-15 00:00:00-04:00,25.187594673779795,25.56065011523994,25.116842610495844,25.534921646118164,4206800
2020-10-16 00:00:00-04:00,25.669998492936553,25.88225473293224,25.425582885742184,25.425582885742188,5968700
2020-10-19 00:00:00-04:00,25.444877924057582,25.68929105320437,25.16186963236859,25.200462341308594,5184300
2020-10-20 00:00:00-04:00,25.38698560216489,25.4062807264248,24.846700040471532,24.8917236328125,7308100
2020-10-21 00:00:00-04:00,24.75665802278504,24.923888193011212,24.71806531260872,24.769519805908203,5799800
2020-10-22 00:00:00-04:00,24.846705252953537,25.123280208841937,24.724496230731706,25.078256607055664,4621600
2020-10-23 00:00:00-04:00,25.25834737437337,25.316235204557035,24.94317975368409,25.136140823364258,4504100
2020-10-26 00:00:00-04:00,25.00750316898497,25.046093423497464,24.58942408535058,24.8081111907959,7152800
2020-10-27 00:00:00-04:00,24.718070361166895,24.808117583034456,23.89477867140319,23.90764045715332,9627500
2020-10-28 00:00:00-04:00,23.528153093056186,23.888341929327538,23.335191983793763,23.618200302124023,12641100
2020-10-29 00:00:00-04:00,23.57317421267371,23.92693211969347,23.303030160344434,23.714675903320312,12650800
2020-10-30 00:00:00-04:00,23.3158986672455,23.637497269552334,23.045757019037012,23.20655632019043,12782500
2020-11-02 00:00:00-05:00,23.470262385305215,23.650356781451567,23.238711045344406,23.463829040527344,9370800
2020-11-03 00:00:00-05:00,23.61819627313803,24.164912779845036,23.611762928672107,24.049137115478516,10594100
2020-11-04 00:00:00-05:00,24.274263294329344,24.968914991214973,24.222806340840176,24.492950439453125,12802800
2020-11-05 00:00:00-05:00,24.724495428941125,24.737359665263213,23.991251133797622,23.997684478759766,9608700
2020-11-06 00:00:00-05:00,24.029846002250878,24.345011232857196,23.843318239221265,23.97195816040039,8016300
2020-11-09 00:00:00-05:00,24.91745929780457,25.361264459179115,24.51224439609587,24.55083465576172,16564700
2020-11-10 00:00:00-05:00,24.891729222097077,25.54135723860225,24.750225069479146,25.464174270629883,13246100
2020-11-11 00:00:00-05:00,25.62497761627855,25.631408508961968,25.168308174072028,25.57352066040039,9146300
2020-11-12 00:00:00-05:00,25.444880860366215,25.509199595753003,25.02037082744697,25.406288146972656,7815000
2020-11-13 00:00:00-05:00,25.560660907731894,25.98517101307486,25.341973735064126,25.940147399902344,6552300
2020-11-16 00:00:00-05:00,26.248878168126335,26.705547583481984,26.06235039443936,26.679819107055664,7296000
2020-11-17 00:00:00-05:00,26.448266342920164,26.679817711439508,26.29390039964222,26.493289947509766,5204400
2020-11-18 00:00:00-05:00,26.506150497749736,26.615495274829435,25.830794069252853,25.83722496032715,7850500
2020-11-19 00:00:00-05:00,25.73431767083211,25.991597520060328,25.316240982839357,25.7664794921875,8198100
2020-11-20 00:00:00-05:00,25.62496656481451,25.824358502445133,25.547783617887216,25.689285278320312,6053400
2020-11-23 00:00:00-05:00,25.72788170718897,25.998023287385493,25.612106043218457,25.856521606445312,6676000
2020-11-24 00:00:00-05:00,26.248873836106924,26.718407412185606,26.158824183476277,26.37108039855957,10679800
2020-11-25 00:00:00-05:00,26.306762362119414,26.37108109065574,25.953001994362992,25.972299575805664,6483400
2020-11-27 00:00:00-05:00,25.985165578970538,26.075212786484606,25.708590610975968,25.96586799621582,4664500
2020-11-30 00:00:00-05:00,25.888681394832545,25.907976521278524,25.470602328754683,25.618539810180664,14473700
2020-12-01 00:00:00-05:00,25.779340062173663,26.2938972338174,25.734314009402834,26.04305076599121,10720500
2020-12-02 00:00:00-05:00,26.036617519898748,26.26173797019778,25.669995380362593,25.740747451782227,8990200
2020-12-03 00:00:00-05:00,25.875823123865022,26.06878179360906,25.67643110808804,25.998029708862305,14800300
2020-12-04 00:00:00-05:00,26.178125087016795,26.60906600952148,26.113803898402498,26.609066009521484,9814000
2020-12-07 00:00:00-05:00,26.686250534808014,26.866344949642293,26.396811329822647,26.81488800048828,9947500
2020-12-08 00:00:00-05:00,26.628361941595628,27.213671226875228,26.326058507861422,27.162214279174805,12791600
2020-12-09 00:00:00-05:00,27.252262611156606,27.76681984143051,27.20080811493042,27.64461326599121,16687900
2020-12-10 00:00:00-05:00,27.715369564224172,27.741098043055032,27.31658795675698,27.625322341918945,9647500
2020-12-11 00:00:00-05:00,27.41306083021888,27.747523630257874,27.41306083021888,27.6574764251709,8352800
2020-12-14 00:00:00-05:00,27.889023038716996,27.889023038716996,27.5867196556934,27.59315299987793,15216200
2020-12-15 00:00:00-05:00,27.548133579557614,27.612452309538206,27.040007270463217,27.130054473876953,14433300
2020-12-16 00:00:00-05:00,27.1429219435343,27.76682155018478,27.130057705285495,27.721797943115234,13036000
2020-12-17 00:00:00-05:00,27.638181296538637,27.73465939330226,27.47094866971798,27.6574764251709,8628700
2020-12-18 00:00:00-05:00,27.631750561121134,28.21705990307217,27.606022084779813,28.15917205810547,23929700
2020-12-21 00:00:00-05:00,27.72822600305451,27.773249601540954,27.387332342056556,27.618881225585938,10118600
2020-12-22 00:00:00-05:00,27.657477385030806,27.74109370134306,27.2136722358702,27.368038177490234,9063300
2020-12-23 00:00:00-05:00,27.451653597530903,27.702500084675354,27.41306088658471,27.57386016845703,7550100
2020-12-24 00:00:00-05:00,27.495100858474803,27.514790986773125,27.0093926656877,27.383520126342773,6055800
2020-12-28 00:00:00-05:00,27.49509762643996,27.75764432410077,27.068462372529737,27.225988388061523,8657900
2020-12-29 00:00:00-05:00,27.337573407493757,27.436026547713602,26.72715442357277,26.73371696472168,8979600
2020-12-30 00:00:00-05:00,26.700897395717558,26.891243625611136,26.484295995390895,26.740280151367188,7038700
2020-12-31 00:00:00-05:00,26.66807659475378,26.983131091955126,26.36614717741741,26.910930633544922,7286700
2021-01-04 00:00:00-05:00,26.963444352808647,26.9831344789082,26.25456976725396,26.80591583251953,10657400
2021-01-05 00:00:00-05:00,26.81248132062996,27.055337920431242,26.71402817547886,26.753408432006836,6375800
2021-01-06 00:00:00-05:00,26.86499214956347,27.29819250595822,26.720591196154817,27.186609268188477,9048000
2021-01-07 00:00:00-05:00,27.3113147195333,27.55416877207763,27.16691379453524,27.422895431518555,6962900
2021-01-08 00:00:00-05:00,27.436021220353012,27.462276387512652,27.094711558769376,27.298185348510742,8314300
2021-01-11 00:00:00-05:00,27.35069760321525,27.58698913821312,27.101280986345014,27.140661239624023,9718300
2021-01-12 00:00:00-05:00,27.08815419017406,27.206299961116564,26.668081450747838,26.864990234375,7324500
2021-01-13 00:00:00-05:00,26.759961122061277,27.07501554797815,26.759961122061277,26.96999740600586,7515000
2021-01-14 00:00:00-05:00,27.029080521442555,27.422898077284664,26.8321717435215,26.983135223388672,6963400
2021-01-15 00:00:00-05:00,26.910934366560735,27.134098312680575,26.825606312618493,27.042207717895508,8070000
2021-01-19 00:00:00-05:00,27.1603529152301,27.455717323593444,26.91749634400309,27.06189727783203,9653800
2021-01-20 00:00:00-05:00,27.212861841092185,27.692007454348545,27.1275362893531,27.6329345703125,7002300
2021-01-21 00:00:00-05:00,27.600114510904877,27.75764302288294,27.37695057950389,27.52791404724121,7108200
2021-01-22 00:00:00-05:00,27.4491558560974,27.626374524209677,27.24568201408007,27.455720901489258,5526300
2021-01-25 00:00:00-05:00,27.41634162114146,27.72483369411091,27.134104725410157,27.54104995727539,8201200
2021-01-26 00:00:00-05:00,27.58042582845383,27.823279897618157,27.468842605001534,27.71826171875,5861200
2021-01-27 00:00:00-05:00,27.541042584701287,27.895479871040976,27.35726140089442,27.44915199279785,8405400
2021-01-28 00:00:00-05:00,27.449147393321798,28.249912423725593,27.42289222751141,27.99393081665039,9547200
2021-01-29 00:00:00-05:00,27.73138870296213,27.856097005217652,26.930623541556052,26.963443756103516,11869400
2021-02-01 00:00:00-05:00,26.963445443961835,27.14722663854396,26.556497793342853,26.759971618652344,9606000
2021-02-02 00:00:00-05:00,27.02907734363501,27.42289485317601,26.628694790097615,27.285058975219727,10121600
2021-02-03 00:00:00-05:00,27.140661119105058,27.652626943937364,27.04877052342081,27.567298889160156,8059800
2021-02-04 00:00:00-05:00,27.639498887201498,27.934863299603034,27.521353122240882,27.915170669555664,7543500
2021-02-05 00:00:00-05:00,28.07925518731889,28.203965967840034,27.849528755564656,27.875783920288086,6076400
2021-02-08 00:00:00-05:00,27.928301360649733,28.44026723368747,27.928301360649733,28.203975677490234,7163800
2021-02-09 00:00:00-05:00,28.30899552791754,28.57810481517459,28.07270395787109,28.459959030151367,7571800
2021-02-10 00:00:00-05:00,28.597789068717816,28.827515545821218,28.420570427596274,28.58466148376465,6866300
2021-02-11 00:00:00-05:00,28.57153197729267,28.781568314756168,28.315550347498444,28.427133560180664,6610400
2021-02-12 00:00:00-05:00,28.381189787680594,28.578098551618382,28.23022381470315,28.486207962036133,7485000
2021-02-16 00:00:00-05:00,28.427137630112355,28.637173997646894,28.289299229555123,28.492773056030273,6854100
2021-02-17 00:00:00-05:00,28.486210380473413,28.820955057203903,28.374627152342587,28.617481231689453,5977700
2021-02-18 00:00:00-05:00,28.624050833043,28.91941530295841,28.59779565708799,28.637178421020508,6309100
2021-02-19 00:00:00-05:00,28.761882087191584,28.84721014329335,28.578100892970227,28.748754501342773,7494700
2021-02-22 00:00:00-05:00,28.70936587727427,29.195073892914785,28.68311071323147,29.155691146850586,7245100
2021-02-23 00:00:00-05:00,29.457622748558055,29.52982320320888,28.899711737784685,29.07036781311035,11129500
2021-02-24 00:00:00-05:00,29.12287825858317,29.654534151112117,29.057242841454958,29.536388397216797,7419500
2021-02-25 00:00:00-05:00,29.536389287838006,29.759553218166012,29.175389475086135,29.293535232543945,9414600
2021-02-26 00:00:00-05:00,29.208210077485603,29.313228260757032,28.584663518885442,28.617481231689453,12515900
2021-03-01 00:00:00-05:00,28.978482985438703,29.641409784177675,28.88658988612226,29.234464645385742,8231800
2021-03-02 00:00:00-05:00,29.280412972650375,29.62172272250396,29.23446767015385,29.35261344909668,7764500
2021-03-03 00:00:00-05:00,29.352605463861302,29.9564592774436,29.280405007056782,29.569204330444336,9728200
2021-03-04 00:00:00-05:00,29.56264014743744,29.897384742215753,28.932531202072152,29.050674438476562,12870200
2021-03-05 00:00:00-05:00,29.326351120166777,29.73329620177804,29.142569955019223,29.615150451660156,11434000
2021-03-08 00:00:00-05:00,29.83174932223613,30.89505848014672,29.57576771976047,30.783477783203125,16319900
2021-03-09 00:00:00-05:00,30.763799847865933,31.498929805410487,30.58001861039558,31.295455932617188,13064100
2021-03-10 00:00:00-05:00,31.439851916517668,31.794286746259253,31.34795880853752,31.636760711669922,9428200
2021-03-11 00:00:00-05:00,31.47923619146905,31.794290804694562,31.347962810000546,31.374217987060547,8705100
2021-03-12 00:00:00-05:00,31.544868159327812,32.037141368721514,31.50548540119715,31.9321231842041,9314100
2021-03-15 00:00:00-04:00,32.207795004946654,32.78539627216205,32.18153983283891,32.71319580078125,12828100
2021-03-16 00:00:00-04:00,32.29968577679161,32.75914127581829,32.10277699258904,32.45064926147461,10007200
2021-03-17 00:00:00-04:00,32.437525113289,32.732889572813,32.10934293689151,32.6738166809082,11698300
2021-03-18 00:00:00-04:00,32.71975401599783,33.36955566868343,32.65411859823717,33.19233703613281,10439900
2021-03-19 00:00:00-04:00,33.27767012292403,33.58615963772352,32.9101052178287,33.17921447753906,37178900
2021-03-22 00:00:00-04:00,33.113576948659514,33.9471598475102,32.936358300510385,33.894649505615234,10365200
2021-03-23 00:00:00-04:00,33.84870104363532,33.90777392082859,33.03481085100665,33.1529541015625,12000100
2021-03-24 00:00:00-04:00,32.84579670032839,33.33324165306332,32.81241054823424,33.059471130371094,9286000
2021-03-25 00:00:00-04:00,32.772352697425525,33.64708171986489,32.772352697425525,33.51353454589844,7820600
2021-03-26 00:00:00-04:00,34.054396057128905,35.11609203609211,33.94088262626125,35.05599594116211,15411700
2021-03-29 00:00:00-04:00,34.715455326858546,35.10941807505534,34.5151332994497,34.92245101928711,9027400
2021-03-30 00:00:00-04:00,34.922451522377436,35.1094185808391,34.14788098646606,34.22800827026367,8576100
2021-03-31 00:00:00-04:00,34.17459078110094,34.3014591921606,34.02768863877892,34.16123580932617,8398200
2021-04-01 00:00:00-04:00,34.05439758300781,34.16123480687041,33.56695258993468,34.05439758300781,8271900
2021-04-05 00:00:00-04:00,34.30144873721348,34.63531528822019,34.23467644589199,34.268062591552734,6937500
2021-04-06 00:00:00-04:00,34.16791386343168,34.57523160931704,34.15456143813757,34.30813980102539,7169300
2021-04-07 00:00:00-04:00,34.3214969680867,34.421655447400134,33.96092032927659,34.14120864868164,6101600
2021-04-08 00:00:00-04:00,34.20130271319767,34.47507328249704,34.01433564468063,34.37491226196289,6511200
2021-04-09 00:00:00-04:00,34.321491884610424,34.53516633213856,34.28810318258388,34.381587982177734,5654700
2021-04-12 00:00:00-04:00,34.53517129779501,34.668715936301616,34.32817303258864,34.55520248413086,5849400
2021-04-13 00:00:00-04:00,34.20797644428832,34.34819982510331,34.067753063473326,34.167911529541016,7096700
2021-04-14 00:00:00-04:00,34.081105520037546,34.46838947854697,34.081105520037546,34.28810119628906,6025200
2021-04-15 00:00:00-04:00,34.455033124914465,34.70209625023969,34.374905851749574,34.46171188354492,9045200
2021-04-16 00:00:00-04:00,34.675387394809064,34.97586786257694,34.54184023722332,34.92912673950195,16476700
2021-04-19 00:00:00-04:00,34.929128480681534,35.08938304001281,32.23148544233558,32.7723503112793,27946000
2021-04-20 00:00:00-04:00,30.67566737651886,31.777428358052344,30.154836209277793,31.510334014892578,43950300
2021-04-21 00:00:00-04:00,31.503663285525402,32.224814062046846,31.503663285525402,31.7707576751709,14682000
2021-04-22 00:00:00-04:00,31.770757741112668,31.87759498775244,30.87599484530426,31.049604415893555,18769900
2021-04-23 00:00:00-04:00,31.03624176911917,31.724006215138726,31.016210586326444,31.643878936767578,9045100
2021-04-26 00:00:00-04:00,31.617170391653005,31.717331404441914,31.396819729597915,31.530366897583008,7806200
2021-04-27 00:00:00-04:00,31.490304946899418,31.663914498579935,31.356757766344845,31.490304946899414,5957100
2021-04-28 00:00:00-04:00,31.71732891309266,31.951034528309066,31.310011228972495,31.50365447998047,8851400
2021-04-29 00:00:00-04:00,30.76247143075632,31.423528486366788,30.50205586397653,31.116369247436523,11543200
2021-04-30 00:00:00-04:00,31.543715480710464,31.90428944988449,31.26994498802656,31.884258270263672,11634900
2021-05-03 00:00:00-04:00,32.09793645899867,32.471867988246885,31.88426202719973,32.298255920410156,7771300
2021-05-04 00:00:00-04:00,32.21145649518653,32.47854829501234,31.797460002575757,31.951038360595703,9725900
2021-05-05 00:00:00-04:00,31.937692948084756,32.29159087047733,31.77743579524223,32.284912109375,6308100
2021-05-06 00:00:00-04:00,32.405093833551845,33.072827084090804,32.405093833551845,33.046119689941406,8075800
2021-05-07 00:00:00-04:00,32.912578998391716,33.440088981312094,32.83912791884575,33.3532829284668,6802100
2021-05-10 00:00:00-04:00,33.520209477772184,34.14787781237837,33.48014456599725,33.840721130371094,8262300
2021-05-11 00:00:00-04:00,33.84072330032683,33.940884312586654,33.306537178408554,33.673789978027344,7333700
2021-05-12 00:00:00-04:00,33.867437077192385,33.867437077192385,32.89254442872824,32.952640533447266,6783500
2021-05-13 00:00:00-04:00,32.83244215873366,33.67378746681211,32.80573476502971,33.46678924560547,7385100
2021-05-14 00:00:00-04:00,33.6337235671657,33.89413913081376,33.540241318389505,33.57362747192383,6545400
2021-05-17 00:00:00-04:00,33.55359592774792,33.76059415295098,33.40669379713928,33.526885986328125,5211700
2021-05-18 00:00:00-04:00,33.46678929659656,33.50685420801377,33.31321095696415,33.37998580932617,5281600
2021-05-19 00:00:00-04:00,33.0728295584052,33.179666784596364,32.678866809225234,33.012733459472656,6314100
2021-05-20 00:00:00-04:00,32.986022406194664,33.53356344811902,32.92592631392491,33.40669250488281,5165800
2021-05-21 00:00:00-04:00,33.51354141394026,33.660443590128565,33.266480747151654,33.38667297363281,5828000
2021-05-24 00:00:00-04:00,33.466798417651376,33.79398891539751,33.35328495849918,33.600345611572266,5551700
2021-05-25 00:00:00-04:00,33.57363133335853,33.627051222917665,33.03944517376979,33.126251220703125,7174800
2021-05-26 00:00:00-04:00,33.14627651261784,33.19969639267947,32.892537176725256,32.99937438964844,7160900
2021-05-27 00:00:00-04:00,33.02609139498161,33.31989570377424,32.74564460626205,32.852481842041016,8097500
2021-05-28 00:00:00-04:00,32.919258262813244,33.19302887282428,32.83245220192167,32.865840911865234,7507100
2021-06-01 00:00:00-04:00,33.1062222271706,33.2865079983653,32.88586898895376,32.959320068359375,5576100
2021-06-02 00:00:00-04:00,33.05279491883231,33.213052014964404,32.885861611161445,33.059471130371094,5552300
2021-06-03 00:00:00-04:00,33.026090700173704,33.3265712154807,32.912577253946935,33.23976516723633,4655300
2021-06-04 00:00:00-04:00,33.35327782643174,33.44008386599836,33.09953846696026,33.23308563232422,6496300
2021-06-07 00:00:00-04:00,33.386669080349726,33.733890744449454,33.386669080349726,33.71385955810547,6384900
2021-06-08 00:00:00-04:00,33.753917715321606,33.753917715321606,33.213055373975806,33.30653762817383,7106400
2021-06-09 00:00:00-04:00,33.373310223068266,33.62704959176494,33.246441812320136,33.31989288330078,6384300
2021-06-10 00:00:00-04:00,33.540240594677584,33.74056005876138,33.44675834791848,33.48014450073242,6029600
2021-06-11 00:00:00-04:00,33.55359266529365,33.62704372345624,32.93927935557013,33.226402282714844,14453600
2021-06-14 00:00:00-04:00,33.16525669475585,33.260383012399025,32.227578178562986,32.66923904418945,14503800
2021-06-15 00:00:00-04:00,32.75076701768131,32.91383992217597,32.44500208175748,32.54692459106445,6940800
2021-06-16 00:00:00-04:00,32.553727568321506,32.62167419938295,32.06450353028606,32.18680953979492,8258700
2021-06-17 00:00:00-04:00,32.0984750824823,32.30911116539099,31.772324040047778,31.84706687927246,7811100
2021-06-18 00:00:00-04:00,31.60925365100024,31.683996496231387,31.21515595505337,31.466564178466797,24095400
2021-06-21 00:00:00-04:00,31.7655321054886,32.26154972893031,31.75194226199734,32.132450103759766,8149600
2021-06-22 00:00:00-04:00,32.064508126907455,32.30232655371073,32.03053480650647,32.09848403930664,5024200
2021-06-23 00:00:00-04:00,32.09847746505795,32.22757709293942,31.90822224418281,31.948991775512695,4864700
2021-06-24 00:00:00-04:00,31.942195673126857,32.3091136804296,31.915018577472996,32.227577209472656,4425900
2021-06-25 00:00:00-04:00,32.19360506121659,32.37026785335088,32.139245683945866,32.3566780090332,9929500
2021-06-28 00:00:00-04:00,32.39064699483048,32.4110330545813,32.01014177278091,32.05770492553711,4877200
2021-06-29 00:00:00-04:00,32.05770513521814,32.11206191358186,31.70437700386293,31.785913467407227,4945500
2021-06-30 00:00:00-04:00,31.833478835952633,32.4721885221606,31.826685210183403,32.39744567871094,7965700
2021-07-01 00:00:00-04:00,32.39065562068466,32.75078006288188,32.39065562068466,32.49937438964844,5888200
2021-07-02 00:00:00-04:00,32.499369667357406,32.519753137577254,32.20719449821679,32.29552459716797,5514500
2021-07-06 00:00:00-04:00,32.234379098039,32.234379098039,31.48016201236259,31.711181640625,7767200
2021-07-07 00:00:00-04:00,31.65681921569602,32.037327096716716,31.622845899461538,31.792715072631836,5300400
2021-07-08 00:00:00-04:00,31.459770635916467,31.819895048837623,31.34426084127992,31.54810333251953,6788700
2021-07-09 00:00:00-04:00,32.105268941782086,32.553723388400094,31.93539979394197,32.207191467285156,10042400
2021-07-12 00:00:00-04:00,31.94219760628571,32.41103817465736,31.745151338880902,32.268348693847656,7416200
2021-07-13 00:00:00-04:00,32.24116803646419,32.302321039546115,31.77232748217014,31.82668685913086,6525600
2021-07-14 00:00:00-04:00,31.9693757970634,32.377063341407144,31.765533320890384,32.31591033935547,5734500
2021-07-15 00:00:00-04:00,32.146042684011384,32.349885169739224,32.125656621040115,32.268348693847656,4831400
2021-07-16 00:00:00-04:00,32.41782713325717,32.608082338940456,32.05090915657954,32.14603805541992,10172000
2021-07-19 00:00:00-04:00,31.785918854186207,31.9557880273565,31.391823720270022,31.792715072631836,9741800
2021-07-20 00:00:00-04:00,31.806305356794518,32.22758018631557,31.554897110791867,32.078094482421875,6723000
2021-07-21 00:00:00-04:00,32.275147260365614,32.43822282910773,32.071304743436635,32.159637451171875,5606100
2021-07-22 00:00:00-04:00,32.07129741069997,32.146040254617745,31.819891783701866,31.928607940673828,5732500
2021-07-23 00:00:00-04:00,32.084889679093244,32.30232200946932,31.996556984878644,32.268348693847656,4440400
2021-07-26 00:00:00-04:00,32.27513738037907,32.472186209622876,32.173214857115745,32.34988021850586,4249600
2021-07-27 00:00:00-04:00,32.29552167631637,32.608082879406105,32.152832213686985,32.47218704223633,5008300
2021-07-28 00:00:00-04:00,32.48578023405227,32.58770017843822,32.26155169080721,32.3566780090332,5425000
2021-07-29 00:00:00-04:00,32.3838493388484,33.301141561542074,32.33628619201226,33.02255630493164,8281800
2021-07-30 00:00:00-04:00,32.94782049074478,33.070123890455406,32.390647310742764,32.64205551147461,7104800
2021-08-02 00:00:00-04:00,32.77796161772161,33.08372410081369,32.411043527613195,32.431427001953125,5852000
2021-08-03 00:00:00-04:00,32.58769681903226,32.669235876532625,32.329497579606944,32.47218704223633,5416500
2021-08-04 00:00:00-04:00,32.275152162056585,32.37707473199937,31.81310767111357,31.95579719543457,7383300
2021-08-05 00:00:00-04:00,32.200395217548746,32.26834443181512,32.07129559843887,32.18001174926758,3720600
2021-08-06 00:00:00-04:00,32.261546636968774,32.32949584791279,32.07129403032026,32.173213958740234,4621800
2021-08-09 00:00:00-04:00,32.186804251536934,32.29552039857199,32.016935109794815,32.26154708862305,4044500
2021-08-10 00:00:00-04:00,32.23437404487745,32.784751110631134,32.071301086726834,32.68962478637695,4770300
2021-08-11 00:00:00-04:00,32.78474801694337,32.8594908623752,32.608085230284416,32.73038864135742,4651900
2021-08-12 00:00:00-04:00,32.78475146081425,32.81193115146231,32.608088655597776,32.69641876220703,4058000
2021-08-13 00:00:00-04:00,32.79153419515734,33.110888974197515,32.70999774229497,33.02255630493164,4956500
2021-08-16 00:00:00-04:00,32.98179389244565,33.07012398181415,32.72359206568226,32.8798713684082,7685700
2021-08-17 00:00:00-04:00,32.737189955471216,33.178850878868055,32.737189955471216,32.995391845703125,5921100
2021-08-18 00:00:00-04:00,32.99538832344865,33.138077803345475,32.72359661621847,32.764366149902344,5359300
2021-08-19 00:00:00-04:00,32.49257634773616,32.82552107901404,32.41783349426574,32.777957916259766,4747800
2021-08-20 00:00:00-04:00,32.784748924140494,33.08371772214299,32.621673384867826,32.934234619140625,3892800
2021-08-23 00:00:00-04:00,33.09051429155774,33.33512630706459,32.88667180930129,32.9410285949707,5043200
2021-08-24 00:00:00-04:00,32.95461337041527,32.96140699557979,32.621668713410564,32.757564544677734,4557600
2021-08-25 00:00:00-04:00,32.83910911313034,33.23999786509162,32.73039035626214,33.056541442871094,4299100
2021-08-26 00:00:00-04:00,33.00218281829371,33.41666401632918,32.98859297337476,33.124488830566406,5103300
2021-08-27 00:00:00-04:00,33.335123916867126,33.76998853903293,33.30114801226237,33.654476165771484,5911500
2021-08-30 00:00:00-04:00,33.695238557178605,33.91946444647776,33.545752902981135,33.769981384277344,5703900
2021-08-31 00:00:00-04:00,33.8379365285387,34.19806091428745,33.715630524623684,34.13011169433594,7935100
2021-09-01 00:00:00-04:00,34.26600255330711,34.26600255330711,33.844727818933755,34.0281867980957,6847200
2021-09-02 00:00:00-04:00,34.143697659088346,34.69407461417481,34.12331419141761,34.680484771728516,8742400
2021-09-03 00:00:00-04:00,34.592161217521024,34.65331422866329,34.35434539196669,34.632930755615234,4172300
2021-09-07 00:00:00-04:00,34.503827713027846,34.70767280676689,34.32036868386153,34.510623931884766,7558700
2021-09-08 00:00:00-04:00,34.42228403472973,34.63971633673217,34.232031418476964,34.57176971435547,7131800
2021-09-09 00:00:00-04:00,34.51740333090837,34.65329914005307,34.191254944159276,34.37471389770508,7100300
2021-09-10 00:00:00-04:00,34.531005018172465,34.6261313396113,34.27959936979871,34.38151931762695,6129800
2021-09-13 00:00:00-04:00,34.517408150530215,34.585357360588716,33.926264279006624,34.0281867980957,11223000
2021-09-14 00:00:00-04:00,33.99358914368569,34.13888982438822,33.44006085570143,33.467735290527344,8440700
2021-09-15 00:00:00-04:00,33.46774208217228,34.09738113242102,33.42622910179361,34.06278610229492,6012400
2021-09-16 00:00:00-04:00,34.06970711144877,34.23576431387119,33.66839736663658,33.75834655761719,6367000
2021-09-17 00:00:00-04:00,33.66146994962788,33.8759606623879,33.56460019612073,33.633792877197266,11339600
2021-09-20 00:00:00-04:00,33.28784489011043,33.550771858578905,32.98340230364225,33.30860137939453,8054100
2021-09-21 00:00:00-04:00,33.453901888732176,33.730667394924666,33.190977561223946,33.23249053955078,7612200
2021-09-22 00:00:00-04:00,33.52309688607627,33.71683117005036,33.329359962670516,33.3777961730957,5251000
2021-09-23 00:00:00-04:00,33.63380351281556,34.04894917282777,33.49542074633425,33.772186279296875,4556700
2021-09-24 00:00:00-04:00,33.69607387713233,33.938241726333736,33.52309608786515,33.53001403808594,4396900
2021-09-27 00:00:00-04:00,33.46082787347703,33.910568594269066,33.419312249024514,33.7237548828125,5080500
2021-09-28 00:00:00-04:00,33.70990863990083,33.875965820909364,33.35703251125292,33.3985481262207,6754900
2021-09-29 00:00:00-04:00,33.46774582450316,33.82753998479594,33.322445098067206,33.7237548828125,4854500
2021-09-30 00:00:00-04:00,33.509249449074005,33.55768300720828,31.392000869970463,31.49578857421875,19641400
2021-10-01 00:00:00-04:00,31.461197960404153,31.89018209516561,31.059888263145996,31.731042861938477,11793700
2021-10-04 00:00:00-04:00,31.807154232200475,32.21538188832534,31.710287100142267,32.173866271972656,8940900
2021-10-05 00:00:00-04:00,32.20154083345046,32.25689234483105,31.931695946821012,31.945531845092773,7461300
2021-10-06 00:00:00-04:00,31.689527516461784,32.22921996355876,31.634176001552376,32.1392707824707,5471900
2021-10-07 00:00:00-04:00,32.319173448458606,32.651290527558984,32.11160060394985,32.1600341796875,4893700
2021-10-08 00:00:00-04:00,32.243054819624604,32.49906381602149,32.17386476836836,32.333003997802734,4341600
2021-10-11 00:00:00-04:00,32.319175720214844,32.65129282266017,32.17387498278854,32.319175720214844,4367900
2021-10-12 00:00:00-04:00,32.900370476693816,33.363952260829365,32.44370928126112,32.62360763549805,11311800
2021-10-13 00:00:00-04:00,32.63744260320775,33.37086925834981,32.38143625655948,33.156375885009766,7440700
2021-10-14 00:00:00-04:00,33.26708702621566,33.71682765852059,33.225571409931405,33.67531204223633,5516400
2021-10-15 00:00:00-04:00,33.84828644239282,33.90364059191881,33.60611863679442,33.696067810058594,5944000
2021-10-18 00:00:00-04:00,33.48157724070113,33.55768788295086,33.28092239103027,33.30168151855469,3850300
2021-10-19 00:00:00-04:00,33.36395898074599,33.46082612664632,33.04567782208977,33.142547607421875,4904100
2021-10-20 00:00:00-04:00,33.14254242078039,33.55768802093696,33.10102680499219,33.509254455566406,4901300
2021-10-21 00:00:00-04:00,33.35011600888972,33.55768881387275,33.25324887585973,33.370872497558594,4067000
2021-10-22 00:00:00-04:00,33.55769456537767,33.63380522278351,33.35703967574991,33.36396026611328,9353600
2021-10-25 00:00:00-04:00,33.53001665320072,33.62688380043626,33.03876032683085,33.17714309692383,7551300
2021-10-26 00:00:00-04:00,33.177139933938506,33.41930777893999,33.156380804772986,33.287845611572266,3963000
2021-10-27 00:00:00-04:00,33.384713243183334,33.43314681289975,32.720479167559745,32.865779876708984,5521700
2021-10-28 00:00:00-04:00,32.03549116415168,32.346851762479055,30.66550717094323,30.84540557861328,22546300
2021-10-29 00:00:00-04:00,30.64474303027298,30.900749396376014,30.513278232990086,30.520198822021484,13384500
2021-11-01 00:00:00-04:00,30.589389142264306,30.796961944681545,30.39565487859907,30.478683471679688,9181000
2021-11-02 00:00:00-04:00,30.513276786029987,30.769285779424262,30.367976096437282,30.547874450683594,10743100
2021-11-03 00:00:00-04:00,30.520202512179466,31.115246548120105,30.49252543157021,31.108325958251953,6740700
2021-11-04 00:00:00-04:00,30.997613956641374,31.073724593086474,30.59630692733695,30.866151809692383,6775900
2021-11-05 00:00:00-04:00,31.073728684136626,31.336655652081728,31.066810734199528,31.274383544921875,5872900
2021-11-08 00:00:00-05:00,31.274382165201413,31.39200578496337,31.10140439065874,31.184432983398438,5864200
2021-11-09 00:00:00-05:00,31.21902330147228,31.28129539649203,30.74852361452993,30.990694046020508,7988000
2021-11-10 00:00:00-05:00,30.969940181819144,31.281300709804313,30.89383217669515,30.963022232055664,6459700
2021-11-11 00:00:00-05:00,30.928429753699913,31.205192637386016,30.928429753699913,31.06681251525879,4279800
2021-11-12 00:00:00-05:00,31.198274693391223,31.36433453518194,31.046053391702372,31.08064842224121,5075700
2021-11-15 00:00:00-05:00,31.177516409213546,31.433522787790054,31.156757280539267,31.274383544921875,6482500
2021-11-16 00:00:00-05:00,31.232865072669203,31.32281425022008,30.65858026083956,30.755447387695312,9067500
2021-11-17 00:00:00-05:00,30.748530159426444,30.97686210291018,30.582472963648762,30.734691619873047,7766900
2021-11-18 00:00:00-05:00,30.67933786249184,30.7070149395791,30.298787290551697,30.451005935668945,6190700
2021-11-19 00:00:00-05:00,30.374905367523205,30.388741270022027,29.97359556982557,30.028949737548828,10553200
2021-11-22 00:00:00-05:00,30.20192204497499,30.914589668143353,30.181162916148367,30.437171936035156,7853900
2021-11-23 00:00:00-05:00,30.444087654910636,30.727771093390505,30.39565409025051,30.61014747619629,4852700
2021-11-24 00:00:00-05:00,30.520201451567644,30.77620783972756,30.464847292272747,30.49944496154785,5274000
2021-11-26 00:00:00-05:00,30.18808003555268,30.33338072347969,29.938991633717116,30.264190673828125,4999100
2021-11-29 00:00:00-05:00,30.395659659843048,30.437175282629465,29.932077776739348,30.084299087524414,7673100
2021-11-30 00:00:00-05:00,29.772938670421425,29.807536342639708,29.4269830636931,29.503093719482422,11402300
2021-12-01 00:00:00-05:00,29.876720485599733,30.395653792821456,29.731419793041162,29.745258331298828,8286200
2021-12-02 00:00:00-05:00,29.95975403107867,30.139652418752373,29.800614773940687,29.89748191833496,7996800
2021-12-03 00:00:00-05:00,30.11889368655448,30.409497763012418,29.932077345852612,30.38873863220215,8629000
2021-12-06 00:00:00-05:00,30.589395882377495,30.969946543898764,30.50636727100223,30.74161720275879,7029500
2021-12-07 00:00:00-05:00,30.74852916357594,30.990699638769915,30.61706700122364,30.783126831054688,7280400
2021-12-08 00:00:00-05:00,30.838479535605103,31.032213811675646,30.582473150878805,30.803884506225586,6403500
2021-12-09 00:00:00-05:00,30.63090077563322,30.96993569296321,30.534033656396076,30.852312088012695,7656200
2021-12-10 00:00:00-05:00,31.136000598304257,31.357411946959903,30.99761784553661,31.198272705078125,6358500
2021-12-13 00:00:00-05:00,31.15675035622121,31.4819493590535,30.928421107000275,31.385082244873047,6921900
2021-12-14 00:00:00-05:00,31.315897631710175,31.654935258119714,31.225951082187134,31.41276741027832,10750200
2021-12-15 00:00:00-05:00,31.516554173346325,31.890186849371204,31.481959141736258,31.80023765563965,8402600
2021-12-16 00:00:00-05:00,31.883268529862907,32.955730333954655,31.862509399591712,32.761993408203125,12663700
2021-12-17 00:00:00-05:00,32.755065707301654,33.792932171234625,32.5544108908112,33.38470458984375,26676200
2021-12-20 00:00:00-05:00,33.16330139430534,33.41930777893999,32.90037442013834,33.287845611572266,11013800
2021-12-21 00:00:00-05:00,33.34319077511404,33.48849409385016,32.98339673152693,33.052589416503906,9110800
2021-12-22 00:00:00-05:00,33.05259694162658,33.130169075617175,32.305089519784644,33.05965042114258,7997400
2021-12-23 00:00:00-05:00,33.00322738196663,33.250048008257025,32.869240886629846,32.932708740234375,7530600
2021-12-27 00:00:00-05:00,32.74935703897449,33.024386207001115,32.63652559444324,32.996177673339844,5686300
2021-12-28 00:00:00-05:00,32.953867412182895,33.44045254982247,32.953867412182895,33.41224670410156,5457100
2021-12-29 00:00:00-05:00,33.362881781850334,33.53212760988702,33.30646471242881,33.42634963989258,6044900
2021-12-30 00:00:00-05:00,33.510971653728845,33.58149029849751,33.292359550763784,33.3205680847168,4055500
2021-12-31 00:00:00-05:00,33.33467715540589,33.45455940681111,33.17953288642103,33.4193000793457,5440200
2022-01-03 00:00:00-05:00,33.40519196889528,33.849466976189674,33.27120546388888,33.828311920166016,10308100
2022-01-04 00:00:00-05:00,33.849468603243466,34.794433042688574,33.835364335178426,34.57582092285156,11647900
2022-01-05 00:00:00-05:00,34.23732864369007,34.745071564482,34.082187065759165,34.30079650878906,11506500
2022-01-06 00:00:00-05:00,34.68159991834334,35.06240706742112,34.462987809032626,34.702754974365234,10134100
2022-01-07 00:00:00-05:00,34.695701703057495,35.25985890755564,34.62518037117414,35.09766387939453,8098600
2022-01-10 00:00:00-05:00,35.32332768517824,35.72528987202976,35.231651296388684,35.64066696166992,13390600
2022-01-11 00:00:00-05:00,35.506678784272374,35.61245944282136,34.73801371047623,34.893157958984375,15590400
2022-01-12 00:00:00-05:00,34.77327562039132,34.949574924041436,34.279637032148194,34.900211334228516,12682400
2022-01-13 00:00:00-05:00,34.98483506356167,35.563096577825995,34.92136720516124,35.47847366333008,9105100
2022-01-14 00:00:00-05:00,35.52078146314699,35.901588588759296,35.32332711213932,35.83106994628906,10421500
2022-01-18 00:00:00-05:00,35.94390734904252,36.22598465581531,35.513736564341215,35.58425521850586,8876200
2022-01-19 00:00:00-05:00,35.56310093578253,35.6265688019604,35.16113868002743,35.323333740234375,6430200
2022-01-20 00:00:00-05:00,35.16818006068344,35.697077907293355,34.970725725452084,35.49257278442383,9469700
2022-01-21 00:00:00-05:00,35.59131153305876,35.950961002129496,35.32333578368159,35.485530853271484,8908700
2022-01-24 00:00:00-05:00,35.422056106753466,35.74644618295772,34.44888318802679,35.22460174560547,12646900
2022-01-25 00:00:00-05:00,34.886108567973864,35.44321234698911,34.30784704233292,35.2810173034668,9660300
2022-01-26 00:00:00-05:00,35.30217487853417,35.54194204825283,34.639287749839895,34.8861083984375,11715000
2022-01-27 00:00:00-05:00,35.18935171287826,36.1131585950977,34.95663527713116,35.499637603759766,11280600
2022-01-28 00:00:00-05:00,35.22460823366082,35.61951702869545,34.82969674851178,35.59836196899414,7551400
2022-01-31 00:00:00-05:00,35.32332572882176,36.014418620398075,35.25985787703854,35.88043212890625,9212600
2022-02-01 00:00:00-05:00,35.94390182047686,35.9862119304222,35.51373110194053,35.711185455322266,7129400
2022-02-02 00:00:00-05:00,35.661828502315316,35.90864648996613,35.534892768633675,35.612464904785156,6804400
2022-02-03 00:00:00-05:00,35.89453489157507,35.958002740700195,35.44320646995554,35.55603790283203,6014600
2022-02-04 00:00:00-05:00,35.42205313660916,35.767600929757826,35.18228599384228,35.39384460449219,6886800
2022-02-07 00:00:00-05:00,35.45732089915377,35.76055596632783,35.25986650754809,35.53489303588867,7034600
2022-02-08 00:00:00-05:00,35.71823560957345,35.838117830080044,35.40089636394782,35.55603790283203,5491200
2022-02-09 00:00:00-05:00,35.654773738377244,35.88748743077743,35.619511723974,35.682979583740234,6280400
2022-02-10 00:00:00-05:00,35.682972724480145,35.993261174853004,35.25985553411615,35.38679122924805,7728100
2022-02-11 00:00:00-05:00,35.41500450399736,35.76760310657762,35.35153664792836,35.520782470703125,6836800
2022-02-14 00:00:00-05:00,35.52078812829252,35.68298318849947,34.8931629461526,35.323333740234375,6975300
2022-02-15 00:00:00-05:00,35.492584333318334,35.76761087262792,35.29512724372306,35.485530853271484,5562900
2022-02-16 00:00:00-05:00,35.49962558589266,35.92274281113785,35.35858561410635,35.69002914428711,7224800
2022-02-17 00:00:00-05:00,35.47142180942029,36.29650400642093,35.42911169529118,36.225982666015625,7751900
2022-02-18 00:00:00-05:00,36.211882549739094,36.79014415679175,36.14841468115456,36.48691177368164,11325200
2022-02-22 00:00:00-05:00,36.45164833991436,36.62794766912869,35.78171304099131,36.16251754760742,8579900
2022-02-23 00:00:00-05:00,36.31060066460146,36.712562805270075,36.1060928554575,36.63499069213867,8759700
2022-02-24 00:00:00-05:00,35.767604792291046,35.887487031563694,34.27963818885686,34.956626892089844,19492500
2022-02-25 00:00:00-05:00,35.32333077628143,36.6561531640664,35.30217571936867,36.30355453491211,11780700
2022-02-28 00:00:00-05:00,35.88043256297208,36.22597766788366,35.65476968503816,36.16956329345703,8646400
2022-03-01 00:00:00-05:00,36.148407551289175,36.620891077585156,35.78170737192201,36.36701965332031,9693000
2022-03-02 00:00:00-05:00,36.31765718650734,37.57996086832591,36.25418932847976,37.2414665222168,12796800
2022-03-03 00:00:00-05:00,37.248516676072946,37.96781815808971,37.24146588757401,37.49533462524414,11822500
2022-03-04 00:00:00-05:00,36.691414391091435,37.763314602102916,36.670259333081965,37.721004486083984,8947400
2022-03-07 00:00:00-05:00,37.23441688153829,37.749210587442,36.83950811542816,37.269676208496094,9596500
2022-03-08 00:00:00-05:00,37.30493736482867,37.460078937886244,35.711189998012195,35.887489318847656,14529600
2022-03-09 00:00:00-05:00,36.3529152968903,36.508059542473205,35.894538728753105,35.965057373046875,9772300
2022-03-10 00:00:00-05:00,35.88749110490765,36.27534909202587,35.478478059072856,36.12725830078125,7567200
2022-03-11 00:00:00-05:00,36.0214819938212,36.35292291963749,35.54899836961481,35.59836196899414,9435200
2022-03-14 00:00:00-04:00,35.71823908371387,36.04967993683734,35.111769064221726,35.64066696166992,11266400
2022-03-15 00:00:00-04:00,36.204823368109295,36.57857701307864,36.00031554005997,36.345863342285156,8346900
2022-03-16 00:00:00-04:00,36.07789462281654,36.28240249033259,35.577205173475264,36.16251754760742,10695500
2022-03-17 00:00:00-04:00,36.162514132459194,36.58563409668317,36.02147683449856,36.45164489746094,7801800
2022-03-18 00:00:00-04:00,36.64204587744001,36.726671478347534,36.21187515489187,36.4445915222168,25045000
2022-03-21 00:00:00-04:00,36.564477631153814,37.079274009182406,36.52921830542813,36.8465576171875,9326900
2022-03-22 00:00:00-04:00,37.558804605043655,38.05244322140078,37.2626230492978,37.59406661987305,9172800
2022-03-23 00:00:00-04:00,37.6998435166101,37.82677923404897,37.47418061674409,37.53059768676758,8843900
2022-03-24 00:00:00-04:00,37.65971755981445,37.78883681035922,37.22214707034485,37.65971755981445,11448500
2022-03-25 00:00:00-04:00,37.83904127521021,38.477462576439,37.81034750660954,38.46311569213867,7636000
2022-03-28 00:00:00-04:00,37.61667129375911,37.85339079662348,36.94955617745407,37.322566986083984,10200300
2022-03-29 00:00:00-04:00,37.16475607016954,37.32974114364746,36.727185653542264,37.071502685546875,8526400
2022-03-30 00:00:00-04:00,37.09303006348952,37.33692169189453,36.89217909999921,37.33692169189453,6650400
2022-03-31 00:00:00-04:00,37.29388076646207,37.65254473609518,37.207799443550094,37.480384826660156,7020700
2022-04-01 00:00:00-04:00,37.70275098021477,37.867736049467574,37.40147187468341,37.81034851074219,5420400
2022-04-04 00:00:00-04:00,37.81753158569336,37.89643810049029,37.33692042119797,37.81753158569336,6688200
2022-04-05 00:00:00-04:00,37.63819884060782,38.27662028555321,37.58081129048783,37.7601432800293,7848600
2022-04-06 00:00:00-04:00,38.319651052326066,38.642449120468726,38.16184079175847,38.6137580871582,7713400
2022-04-07 00:00:00-04:00,38.53485444501326,38.585067177514226,38.11880296270392,38.54202651977539,6174900
2022-04-08 00:00:00-04:00,38.55637864821399,39.00112122643236,38.47747213315819,38.81461715698242,7424500
2022-04-11 00:00:00-04:00,39.08002497404004,39.28087591713044,38.77874855940444,39.05850601196289,6399800
2022-04-12 00:00:00-04:00,38.93655618325806,39.417167282478346,38.85764967917797,39.38847351074219,8068000
2022-04-13 00:00:00-04:00,39.345428525636535,39.689748275822254,39.21630930341399,39.30956268310547,8709600
2022-04-14 00:00:00-04:00,39.259350604149255,39.6395334667515,39.20196580243025,39.438682556152344,12214100
2022-04-18 00:00:00-04:00,39.3884760034824,39.57498005879317,39.16610336303711,39.16610336303711,5754300
2022-04-19 00:00:00-04:00,39.431511700901076,39.68257534691034,39.2665266283252,39.610843658447266,7072400
2022-04-20 00:00:00-04:00,39.696929675619685,39.88343374242895,39.46738494582874,39.718448638916016,6989300
2022-04-21 00:00:00-04:00,39.790178926794944,40.92355556986916,39.711272421086925,40.55054473876953,8659800
2022-04-22 00:00:00-04:00,40.52902656315347,40.63662684327488,39.79017969791208,39.83321762084961,8469900
2022-04-25 00:00:00-04:00,39.58932151968717,39.790175170635,39.03697876826047,39.61801528930664,12144400
2022-04-26 00:00:00-04:00,39.68976058855759,39.976690154207084,39.35261554412047,39.36696243286133,6913400
2022-04-27 00:00:00-04:00,39.38129717897547,39.962330943686545,39.28086898875497,39.3956413269043,7946600
2022-04-28 00:00:00-04:00,38.7357063744627,39.77583237068436,38.19771045259517,39.596500396728516,8153900
2022-04-29 00:00:00-04:00,40.13449714590227,40.8805188296699,39.83321800052393,39.86191177368164,10862800
2022-05-02 00:00:00-04:00,40.234922427190625,40.428601290515175,39.072851983632106,39.72562026977539,10164800
2022-05-03 00:00:00-04:00,39.76865768432617,40.14884333105171,39.309568267378665,39.76865768432617,8455900
2022-05-04 00:00:00-04:00,39.96234023218035,40.464470354440024,39.668235876289394,40.457298278808594,7910100
2022-05-05 00:00:00-04:00,40.493162564456945,40.7011883227843,39.90495387541258,40.134498596191406,10016300
2022-05-06 00:00:00-04:00,39.947982065695115,40.708350478229654,39.87625038407732,40.57923126220703,11512300
2022-05-09 00:00:00-04:00,40.52902949501097,40.90921243586836,39.53911615000585,39.63954162597656,16925900
2022-05-10 00:00:00-04:00,38.62093812702314,38.72853841739293,36.124637112500984,36.99260330200195,25354700
2022-05-11 00:00:00-04:00,37.29387869001258,37.839046689489905,36.97108058803776,37.078678131103516,16080100
2022-05-12 00:00:00-04:00,37.444514402592105,37.83904417371329,37.057156705976276,37.42299270629883,12185000
2022-05-13 00:00:00-04:00,37.63101808605934,38.09010746896511,37.509073665895,38.04706954956055,8144600
2022-05-16 00:00:00-04:00,38.16901632335397,38.81461251811767,37.98251227619376,38.54920196533203,7263300
2022-05-17 00:00:00-04:00,38.75005061499287,39.065673882505266,38.463118381699005,38.90786361694336,8465300
2022-05-18 00:00:00-04:00,38.85048419575434,38.872003160012994,38.03273071725572,38.16184997558594,9922500
2022-05-19 00:00:00-04:00,37.738627647821104,37.86057209800566,36.59807598421427,36.64828872680664,13690300
2022-05-20 00:00:00-04:00,36.85631450976891,37.15759096532316,36.29679679227077,36.64828872680664,16223600
2022-05-23 00:00:00-04:00,36.98543262374023,37.60233240448347,36.98543262374023,37.38713455200195,10535400
2022-05-24 00:00:00-04:00,37.494737576229504,38.01838672540133,37.31540556337384,37.96817398071289,10561600
2022-05-25 00:00:00-04:00,38.06859818244117,38.793101022250205,37.83905343266129,38.65680694580078,9198000
2022-05-26 00:00:00-04:00,38.6568013248899,39.374129247745934,38.6568013248899,39.0943717956543,7276700
2022-05-27 00:00:00-04:00,39.180446427342005,39.28087188858783,38.81461042760526,39.04415512084961,7356700
2022-05-31 00:00:00-04:00,38.9509006388047,38.98676648304273,38.384210996122924,38.800262451171875,11325100
2022-06-01 00:00:00-04:00,38.900688354256495,39.001113813826315,38.32682663072288,38.7930908203125,6797300
2022-06-02 00:00:00-04:00,38.85764782921641,38.91503536995659,37.932296994083806,38.84330368041992,5882200
2022-06-03 00:00:00-04:00,38.771575372073464,39.0011200984758,38.49898998332482,38.606590270996094,4785100
2022-06-06 00:00:00-04:00,38.72135438957536,38.850473612733,38.38420944728726,38.44159698486328,8198200
2022-06-07 00:00:00-04:00,38.21205685637614,38.77874654365434,38.02555007343936,38.74287796020508,5439700
2022-06-08 00:00:00-04:00,37.33691451354585,37.48038063262309,35.45751628916103,35.50055694580078,31794300
2022-06-09 00:00:00-04:00,35.522076665115826,36.09593841730092,34.89082736951788,34.905174255371094,25295200
2022-06-10 00:00:00-04:00,34.496301836740244,35.4288276410006,34.36718258453922,35.10602951049805,13395400
2022-06-13 00:00:00-04:00,34.38869264690374,34.7473565354311,33.71440552157209,33.82917785644531,18091300
2022-06-14 00:00:00-04:00,33.93156546474034,34.09244598496613,33.507419571358746,33.85112380981445,12989100
2022-06-15 00:00:00-04:00,34.12169621845387,34.34108076337935,32.995518687643624,33.39772415161133,22244800
2022-06-16 00:00:00-04:00,32.84926485463376,33.25878476069005,32.42512172838451,33.1856575012207,16086500
2022-06-17 00:00:00-04:00,33.47816569365409,33.47816569365409,32.94432894653885,33.134464263916016,30811200
2022-06-21 00:00:00-04:00,33.35385064443313,33.47816753680217,32.92239314155506,33.4196662902832,14934100
2022-06-22 00:00:00-04:00,33.1125278673794,33.1125278673794,29.98263425712126,30.348276138305664,41732700
2022-06-23 00:00:00-04:00,30.231262147377123,31.145366587259566,30.231262147377123,31.086862564086914,18681700
2022-06-24 00:00:00-04:00,31.6499663202613,32.052174697228786,30.874807171109484,31.737722396850586,31383200
2022-06-27 00:00:00-04:00,31.862031278069235,32.176483499071146,31.547579057067324,31.584142684936523,11770300
2022-06-28 00:00:00-04:00,31.97172495130283,32.26423676388242,31.452511392906608,31.584142684936523,9856600
2022-06-29 00:00:00-04:00,30.384835565377628,31.262376516755573,30.289767908325025,30.53840446472168,12371600
2022-06-30 00:00:00-04:00,30.26782679180361,30.691972605289244,30.136195524833965,30.54571533203125,10556500
2022-07-01 00:00:00-04:00,30.39215890402057,30.947933422586157,30.18008591037811,30.896743774414062,8109600
2022-07-05 00:00:00-04:00,30.55303814816641,30.596916183127274,29.989949252821187,30.50916290283203,8425300
2022-07-06 00:00:00-04:00,30.933299024543423,31.050304301449998,30.0338204352693,30.09963607788086,11413700
2022-07-07 00:00:00-04:00,30.326333694121367,30.706601524819288,30.28976728011859,30.574970245361328,8707900
2022-07-08 00:00:00-04:00,30.194704862801448,30.582284333948813,30.15814123545988,30.362899780273438,6930700
2022-07-11 00:00:00-04:00,30.538409110493898,31.39401257487772,30.45797023880931,30.67735481262207,10654700
2022-07-12 00:00:00-04:00,30.73585525978779,31.68652637081795,30.670039610403027,30.940616607666016,8865000
2022-07-13 00:00:00-04:00,30.77973143588686,31.0503056272314,30.633474136102308,30.684663772583008,7588200
2022-07-14 00:00:00-04:00,30.348270740869534,30.523780040059258,30.128886209101637,30.44333839416504,8661700
2022-07-15 00:00:00-04:00,30.889419174063406,30.918668396700568,30.384831726222696,30.70659828186035,14309000
2022-07-18 00:00:00-04:00,30.955241629749707,31.211189819397877,30.75779468789567,30.91136360168457,10493500
2022-07-19 00:00:00-04:00,31.19656240922664,31.481762604778584,31.152684383131756,31.41594696044922,7212600
2022-07-20 00:00:00-04:00,31.372073380747622,31.43788902855273,30.86748581769978,30.947927474975586,8733800
2022-07-21 00:00:00-04:00,30.750482834763176,31.291634067206807,30.72123081363081,31.277008056640625,7046100
2022-07-22 00:00:00-04:00,31.372070139826953,31.657270320977524,31.320880506780735,31.51101303100586,5511100
2022-07-25 00:00:00-04:00,31.635331708675068,32.08141521306023,31.576830463143505,32.05216598510742,5349200
2022-07-26 00:00:00-04:00,32.04485143920484,32.366615262220314,32.04485143920484,32.27886199951172,5604100
2022-07-27 00:00:00-04:00,32.16186073893802,32.32274406536586,31.862034496721016,32.22767639160156,9339500
2022-07-28 00:00:00-04:00,32.176475524902344,32.54211729223078,31.979028635789952,32.176475524902344,7076600
2022-07-29 00:00:00-04:00,31.96441443721249,32.26424068558526,31.869349551122678,32.0741081237793,11826800
2022-08-01 00:00:00-04:00,31.9644142386213,32.38124578158331,31.9644142386213,32.213050842285156,9466500
2022-08-02 00:00:00-04:00,32.24961012969914,32.31542577443837,31.635331708675068,32.05216598510742,8365000
2022-08-03 00:00:00-04:00,32.17648205906373,32.4616822491562,31.971723520459054,32.34467697143555,6179400
2022-08-04 00:00:00-04:00,32.27886467561978,32.46168561536808,32.044854095912044,32.35930633544922,6450800
2022-08-05 00:00:00-04:00,32.30079671730053,32.30079671730053,32.01559654688797,32.24960708618164,4865600
2022-08-08 00:00:00-04:00,32.454373298781626,32.57869019608392,32.32274200185797,32.33736801147461,4539300
2022-08-09 00:00:00-04:00,32.483622528388814,32.50556293762682,32.18379630531294,32.33736801147461,4295700
2022-08-10 00:00:00-04:00,32.505563151997706,32.75419973786812,32.42512149338874,32.71763610839844,4717200
2022-08-11 00:00:00-04:00,32.85657322365126,33.22952664189249,32.76881997046961,33.002830505371094,4201600
2022-08-12 00:00:00-04:00,33.054027315047406,33.18565861822375,32.91508161190226,33.01746368408203,7351600
2022-08-15 00:00:00-04:00,33.0174572611525,33.17102615510886,32.63718943590889,33.11252212524414,6194600
2022-08-16 00:00:00-04:00,33.11252854591445,33.55130048610266,33.04671289436753,33.44892120361328,6484000
2022-08-17 00:00:00-04:00,33.36847439190966,33.390412009164194,33.11252343556164,33.23684310913086,3868800
2022-08-18 00:00:00-04:00,33.30265787166855,33.38309951898006,33.11983696036992,33.35384750366211,3800500
2022-08-19 00:00:00-04:00,33.30266211165539,33.55129869426216,33.14177879654922,33.25147247314453,9093900
2022-08-22 00:00:00-04:00,33.17103149140161,33.412353679351355,33.134467861666934,33.1856575012207,7066600
2022-08-23 00:00:00-04:00,33.11252817878223,33.35385316165401,33.00283728717103,33.29534912109375,5359300
2022-08-24 00:00:00-04:00,33.27341705677777,33.522053691424475,33.20028978349266,33.492801666259766,4250500
2022-08-25 00:00:00-04:00,33.56592031893296,33.990063381133425,33.46353826565974,33.92424774169922,6926800
2022-08-26 00:00:00-04:00,34.004691337536094,34.08513298919084,33.52935582664492,33.55129623413086,6931200
2022-08-29 00:00:00-04:00,33.500109112671225,33.67561564797063,33.33191418733176,33.426979064941406,6253400
2022-08-30 00:00:00-04:00,33.44160120657879,33.500105237995975,32.900452864098604,32.99551773071289,7952000
2022-08-31 00:00:00-04:00,33.03939575427578,33.29534391766158,32.91507608232714,32.99551773071289,6627300
2022-09-01 00:00:00-04:00,32.90777050572192,33.26610078977534,32.746887179457985,33.1783447265625,6864200
2022-09-02 00:00:00-04:00,33.40504141511887,33.580547950258996,32.783451352922974,32.90776824951172,8555000
2022-09-06 00:00:00-04:00,33.05402464846182,33.55860941018032,32.54212548736459,32.59331512451172,12042000
2022-09-07 00:00:00-04:00,32.6518198141128,32.88583038564471,32.264237538441904,32.8712043762207,10257100
2022-09-08 00:00:00-04:00,32.907770001559676,33.14909498725837,32.66644501586098,33.01746368408203,8651100
2022-09-09 00:00:00-04:00,33.083278033155146,33.536673176452986,32.93702072542568,33.32460021972656,7842200
2022-09-12 00:00:00-04:00,33.31728992140008,33.40504319364223,32.97358565314784,33.01746368408203,10683200
2022-09-13 00:00:00-04:00,32.929710283165974,32.958962306152536,31.401326952448805,31.423267364501953,17325800
2022-09-14 00:00:00-04:00,31.475594725252815,31.550360322129958,30.959724940872107,31.221397399902344,11988200
2022-09-15 00:00:00-04:00,31.139156646615067,31.498022922447337,31.0793441746352,31.40830421447754,9786400
2022-09-16 00:00:00-04:00,31.4083044621075,31.70736112033337,31.258778985010224,31.617645263671875,28808600
2022-09-19 00:00:00-04:00,31.370926877250735,32.15594713477464,31.370926877250735,32.08118438720703,12656400
2022-09-20 00:00:00-04:00,31.93165390852923,32.19332921158031,31.841938047033683,32.08865737915039,6549300
2022-09-21 00:00:00-04:00,32.26809944553066,32.724159696370506,32.14847731842648,32.15595245361328,7925100
2022-09-22 00:00:00-04:00,32.35781311685376,32.64939185349568,32.238190997923326,32.350337982177734,7648900
2022-09-23 00:00:00-04:00,31.961562040266287,32.02137451948475,30.5335718971093,31.161588668823242,12898400
2022-09-26 00:00:00-04:00,31.09430495888402,31.38588370163506,30.750391716255425,31.004589080810547,10887300
2022-09-27 00:00:00-04:00,31.288686423336895,31.655030734530524,30.436378544578854,30.496191024780273,8432700
2022-09-28 00:00:00-04:00,30.690570204483425,31.101770947751156,30.361610180272343,30.959720611572266,6647000
2022-09-29 00:00:00-04:00,30.84757439231451,30.914861995688593,30.5933770964586,30.78028678894043,5834700
2022-09-30 00:00:00-04:00,30.944775096267655,31.01954070105696,30.16722991855608,30.189661026000977,9121400
2022-10-03 00:00:00-04:00,30.541046554252414,31.079347450751673,30.458808674634753,30.929819107055664,9322200
2022-10-04 00:00:00-04:00,31.16158882607603,31.797080734891214,31.064394972863543,31.7746524810791,8393900
2022-10-05 00:00:00-04:00,31.610173202936405,32.28304938404618,31.535410450375853,32.07371139526367,6535900
2022-10-06 00:00:00-04:00,32.006419806109584,32.21575776891949,31.7896038577617,32.140995025634766,11154400
2022-10-07 00:00:00-04:00,32.09613385160876,32.395190511850835,31.64755171326133,32.013893127441406,10524500
2022-10-10 00:00:00-04:00,32.1634257754418,32.70920182943967,32.15594778932322,32.49238586425781,11408600
2022-10-11 00:00:00-04:00,33.060592506411076,33.703562405760294,32.85872966461427,33.15778350830078,14565500
2022-10-12 00:00:00-04:00,33.1353517844304,33.86803747495791,33.09049242916784,33.45683670043945,10794500
2022-10-13 00:00:00-04:00,33.39703027115753,34.361485193737735,33.172739158282575,34.30915069580078,11909400
2022-10-14 00:00:00-04:00,34.39139047361369,34.8324975524646,33.78580191898294,33.81570816040039,11226200
2022-10-17 00:00:00-04:00,34.054944116486745,34.23437866939448,33.20263640720978,33.33721160888672,7872500
2022-10-18 00:00:00-04:00,33.78579724915388,33.95027870219931,33.337215097959124,33.4717903137207,7176200
2022-10-19 00:00:00-04:00,33.55402855541979,33.65869752614632,33.217590540930566,33.39702224731445,5930300
2022-10-20 00:00:00-04:00,33.5540331935401,33.606367686137474,32.53724387676374,32.5671501159668,9710300
2022-10-21 00:00:00-04:00,32.522288664011185,33.29235573582434,32.44004793750381,33.254974365234375,7471100
2022-10-24 00:00:00-04:00,33.53160046333227,33.99513859247074,33.524125329901686,33.950279235839844,8428700
2022-10-25 00:00:00-04:00,33.89047059506199,34.26429002177823,33.72598913466176,34.19700241088867,8282100
2022-10-26 00:00:00-04:00,34.36896395505853,34.899786932965604,34.30915146920159,34.62316131591797,12132000
2022-10-27 00:00:00-04:00,33.74841428073886,34.81753797088499,33.733461162804886,33.9577522277832,11332300
2022-10-28 00:00:00-04:00,34.31662945594186,34.967074553546524,34.06243209508242,34.62316131591797,9253700
2022-10-31 00:00:00-04:00,34.503538215137354,34.66054170802311,34.3241036146849,34.59325408935547,7711600
2022-11-01 00:00:00-04:00,34.705393565471525,34.89230327537264,34.39886175531433,34.496055603027344,4859200
2022-11-02 00:00:00-04:00,34.2717629508474,34.398860178787594,33.50169589399265,33.52412414550781,9000600
2022-11-03 00:00:00-04:00,33.247501713425756,33.77084664477781,33.127879607400146,33.57646179199219,5705700
2022-11-04 00:00:00-04:00,33.83813210726482,34.16709501694173,33.64374726683229,34.0175666809082,5512000
2022-11-07 00:00:00-05:00,34.12223929639725,34.383914625342484,33.27740653200072,34.301673889160156,8277000
2022-11-08 00:00:00-05:00,34.34652707362993,34.503533396605455,33.9128980321199,34.31662368774414,6889200
2022-11-09 00:00:00-05:00,34.256814740032695,34.279242994760864,33.73346693091852,33.80075454711914,5348600
2022-11-10 00:00:00-05:00,33.66617832739681,33.815706675903684,32.69424834012614,33.06059265136719,12330900
2022-11-11 00:00:00-05:00,32.9260128122639,33.240019733343345,32.33537748697755,33.18021011352539,9820300
2022-11-14 00:00:00-05:00,33.322259597331104,33.554028641689705,32.85872436062947,32.8661994934082,8145800
2022-11-15 00:00:00-05:00,33.15778030866858,33.284880390282964,32.28304426397468,32.641910552978516,9262900
2022-11-16 00:00:00-05:00,32.71667610366894,32.791441702809415,32.3129532763743,32.58210372924805,9891900
2022-11-17 00:00:00-05:00,32.462477646265654,32.70172470321273,32.365286648773285,32.64938735961914,7834000
2022-11-18 00:00:00-05:00,32.91106381163998,33.12040178521548,32.716676105877596,33.04563903808594,9640900
2022-11-21 00:00:00-05:00,33.21759515090131,33.51665183906524,32.94844470195696,33.49422073364258,7644700
2022-11-22 00:00:00-05:00,33.64375601378663,33.815712646726226,33.509180761570164,33.76337814331055,6068600
2022-11-23 00:00:00-05:00,33.80075321136679,33.87551881086626,33.367124142333864,33.6587028503418,5192400
2022-11-25 00:00:00-05:00,33.64374855637929,33.75589552570692,33.3820760973027,33.449363708496094,2734800
2022-11-28 00:00:00-05:00,33.449365686634074,33.9054230205643,33.43441256637169,33.755897521972656,6760100
2022-11-29 00:00:00-05:00,33.838134252285386,34.271766169069224,33.75589637166884,34.256813049316406,6897200
2022-11-30 00:00:00-05:00,34.27924095307415,34.82501983642578,33.78579941433121,34.82501983642578,11309500
2022-12-01 00:00:00-05:00,34.92969033492987,35.25865042433862,34.80259023882954,35.14650344848633,9115900
2022-12-02 00:00:00-05:00,34.96706515260944,35.632463192785295,34.96706515260944,35.61003494262695,7653700
2022-12-05 00:00:00-05:00,35.183887335971704,35.81937925429956,35.161456229807825,35.28107833862305,7451700
2022-12-06 00:00:00-05:00,35.27359611327421,35.43059956477765,34.35400080187705,34.54838562011719,7721500
2022-12-07 00:00:00-05:00,34.72783082780608,34.817546705902174,34.49606171970679,34.66801834106445,6189800
2022-12-08 00:00:00-05:00,34.66800711624045,35.131545182354465,34.54090990109061,35.03435134887695,5850400
2022-12-09 00:00:00-05:00,34.97454136532467,35.116594559422154,34.86987239199955,34.92220687866211,6183800
2022-12-12 00:00:00-05:00,35.01939974765522,35.13902183556802,34.630627248934736,35.10911560058594,5527600
2022-12-13 00:00:00-05:00,35.28107564933904,35.325935006231376,34.9222093502478,34.99697494506836,14083500
2022-12-14 00:00:00-05:00,35.16892989259132,35.52779617492196,34.95958908888667,35.2362174987793,8636300
2022-12-15 00:00:00-05:00,35.131552663395944,35.23622165157628,34.62315799050629,35.101646423339844,8019700
2022-12-16 00:00:00-05:00,35.01192522004191,35.0268754857758,34.33157119651057,34.810062408447266,15186000
2022-12-19 00:00:00-05:00,34.877350331754045,35.11659451390584,34.354002613791145,34.67548751831055,7887600
2022-12-20 00:00:00-05:00,34.80258909079763,34.8399704641766,34.45120075861609,34.7203483581543,8395300
2022-12-21 00:00:00-05:00,34.8042787604236,34.918739669950675,34.64403174052416,34.78901672363281,8372400
2022-12-22 00:00:00-05:00,34.77376629331397,34.941645843110045,34.51431740314588,34.93401336669922,6709700
2022-12-23 00:00:00-05:00,34.93400926473035,35.285030364990234,34.72797608988319,35.285030364990234,6759700
2022-12-27 00:00:00-05:00,35.36896835768761,35.52158585259149,35.254507419712155,35.468170166015625,7957200
2022-12-28 00:00:00-05:00,35.59026427341718,35.70472812456018,34.979797192840074,34.9874267578125,5848000
2022-12-29 00:00:00-05:00,35.02558006153865,35.223980752693144,34.92637826049321,35.002685546875,4270300
2022-12-30 00:00:00-05:00,34.995056187370224,35.0942579889961,34.65929713907845,34.880592346191406,5025200
2023-01-03 00:00:00-05:00,34.89585802753896,35.010321880663426,34.537207337956545,34.73561096191406,5127800
2023-01-04 00:00:00-05:00,34.65929429756948,35.01794492031883,34.48378522350427,34.65166473388672,7907300
2023-01-05 00:00:00-05:00,34.59825554948045,34.72034896787507,34.33117710640994,34.62114715576172,7648300
2023-01-06 00:00:00-05:00,35.0713616804455,35.66656954882198,34.97979235874767,35.445274353027344,7031300
2023-01-09 00:00:00-05:00,35.44527478367479,35.55973570945367,35.04847050358152,35.08662414550781,6881200
2023-01-10 00:00:00-05:00,35.40712573128129,35.513957106897095,34.97979731788143,35.094261169433594,6962900
2023-01-11 00:00:00-05:00,35.239245670432034,35.43764637779152,34.697456324434356,34.964534759521484,6740400
2023-01-12 00:00:00-05:00,35.025581422661524,35.04847302727837,34.605882598442655,34.644039154052734,5671500
2023-01-13 00:00:00-05:00,34.57536579262473,34.83481468445822,34.44563989123955,34.811920166015625,6283500
2023-01-17 00:00:00-05:00,34.92638141037095,35.132414595306805,34.36169754303526,34.460899353027344,7214400
2023-01-18 00:00:00-05:00,34.453273916453185,34.49142756765679,33.11024327096506,33.58335494995117,13300700
2023-01-19 00:00:00-05:00,33.697816187821545,34.29302125082635,33.66729210486315,33.987789154052734,8093500
2023-01-20 00:00:00-05:00,34.07172603573468,34.346434026240935,33.8962140290845,34.29301834106445,8401500
2023-01-23 00:00:00-05:00,34.36169374749586,34.5982509879821,34.15566058531811,34.193817138671875,7585300
2023-01-24 00:00:00-05:00,32.59897647313912,35.04847744793801,32.59897647313912,34.170928955078125,4989500
2023-01-25 00:00:00-05:00,34.14803349513038,35.85734416206742,33.88095506792297,34.2853889465332,8034400
2023-01-26 00:00:00-05:00,34.16329638635104,34.186187991842864,33.66729025382641,33.79701614379883,9449100
2023-01-27 00:00:00-05:00,33.85804993510422,33.99540534343613,33.61386318938873,33.68254089355469,9247000
2023-01-30 00:00:00-05:00,33.72833536481982,34.216708977370565,33.690181722139855,33.95726013183594,6868500
2023-01-31 00:00:00-05:00,34.07171748421465,34.37694947848042,33.850422323490314,34.369319915771484,7584900
2023-02-01 00:00:00-05:00,35.14003766990152,36.39149567827607,34.72797137613835,36.277034759521484,14734800
2023-02-02 00:00:00-05:00,36.13968549212544,36.25414643040208,35.58263410855662,35.84208297729492,9920800
2023-02-03 00:00:00-05:00,35.86497671213104,35.918392402018846,35.43001871679503,35.79629898071289,10245900
2023-02-06 00:00:00-05:00,35.87260723213655,36.04048678250145,35.75051380758122,35.83445358276367,5911500
2023-02-07 00:00:00-05:00,35.628423310083775,35.71999556922604,35.29266709270673,35.52922439575195,6920800
2023-02-08 00:00:00-05:00,35.35370218765456,35.52921125301509,35.28502447417122,35.48342514038086,5736500
2023-02-09 00:00:00-05:00,35.56736908883271,35.64367637462569,35.147673195098605,35.35370635986328,5838900
2023-02-10 00:00:00-05:00,35.48343469386288,36.09390180533338,35.39949492023504,36.048118591308594,6899100
2023-02-13 00:00:00-05:00,36.185457641192,36.56699980735018,36.10915037233465,36.51358413696289,5370800
2023-02-14 00:00:00-05:00,36.51359351635553,36.536488031642314,36.08626804348843,36.17783737182617,6397500
2023-02-15 00:00:00-05:00,36.00233030753091,36.368610552449866,36.00233030753091,36.36098098754883,4893300
2023-02-16 00:00:00-05:00,36.17020797729492,36.35334663483085,35.90312664456168,36.17020797729492,5422300
2023-02-17 00:00:00-05:00,36.24651860266059,36.712000675728845,36.063377017329714,36.68147659301758,7825200
2023-02-21 00:00:00-05:00,36.62043591186379,36.6814811739732,35.69710121562634,36.20073699951172,8236200
2023-02-22 00:00:00-05:00,36.17021302330896,36.60517103430727,35.88786961123598,35.97180938720703,6908300
2023-02-23 00:00:00-05:00,36.017596012451286,36.39913833692442,35.92602666964007,36.254150390625,6284600
2023-02-24 00:00:00-05:00,36.05573809097888,36.16256944179498,35.82681335195351,35.99468994140625,5704900
2023-02-27 00:00:00-05:00,36.08626367486551,36.170203428570176,35.46053467025853,35.51395034790039,9168800
2023-02-28 00:00:00-05:00,35.48343124909932,35.68946442501937,35.10951854222147,35.430015563964844,8018500
2023-03-01 00:00:00-05:00,35.32318191880871,35.43764284632398,35.04083856021111,35.21635055541992,8102200
2023-03-02 00:00:00-05:00,35.117147628979914,35.50631942753847,35.02557830771959,35.452903747558594,7355100
2023-03-03 00:00:00-05:00,35.407125868003924,35.643680226084726,35.2239842870006,35.506324768066406,5755400
2023-03-06 00:00:00-05:00,35.49869114420265,36.04048043836323,35.44527546229591,36.00995635986328,7112300
2023-03-07 00:00:00-05:00,36.063372863636594,36.08626737850148,35.28502922070419,35.521583557128906,7032200
2023-03-08 00:00:00-05:00,35.5902631551038,35.76577225332135,35.53684746916527,35.71235656738281,5304700
2023-03-09 00:00:00-05:00,35.93365099460539,36.18546737834451,35.64367805523431,35.66657257080078,6671700
2023-03-10 00:00:00-05:00,35.68183230443368,36.063374579725014,35.49106116678801,35.5673713684082,7987400
2023-03-13 00:00:00-04:00,35.468167277048664,36.093896335344496,35.44527567350547,35.620784759521484,10962400
2023-03-14 00:00:00-04:00,35.71235578006071,35.75050942475615,35.323183946668784,35.66657257080078,9327900
2023-03-15 00:00:00-04:00,35.452909208999614,35.79629785529438,35.08662895659743,35.76577377319336,8897600
2023-03-16 00:00:00-04:00,35.68946564721573,35.68946564721573,34.85007087461797,35.23161315917969,13617300
2023-03-17 00:00:00-04:00,35.34607322647812,35.43001298584902,34.430371259333526,34.58298873901367,32421700
2023-03-20 00:00:00-04:00,34.86533101951619,35.29265940292659,34.72797557166772,35.155303955078125,14074200
2023-03-21 00:00:00-04:00,35.45291352278922,35.55211534621973,35.03321753111142,35.254512786865234,14067400
2023-03-22 00:00:00-04:00,35.36896912593603,35.3918636427777,34.430375441654434,34.453269958496094,10883600
2023-03-23 00:00:00-04:00,34.59353994267201,34.60133470058952,33.70512780113858,33.86878204345703,15549800
2023-03-24 00:00:00-04:00,33.97788873243312,34.28182189633945,33.82982101629628,34.2662353515625,10444800
2023-03-27 00:00:00-04:00,34.38313321394802,34.57796058275095,34.32858178850958,34.51561737060547,9624200
2023-03-28 00:00:00-04:00,34.51561992672283,34.86630981110502,34.44548194984639,34.57017135620117,8796700
2023-03-29 00:00:00-04:00,34.78058306983564,34.82733973621959,34.52340951340489,34.69485855102539,7530500
2023-03-30 00:00:00-04:00,34.7883668956386,34.936437566182576,34.56236648373502,34.679264068603516,6862400
2023-03-31 00:00:00-04:00,34.78057231457982,34.85071026529663,34.6247098715615,34.77277755737305,7711500
2023-04-03 00:00:00-04:00,34.85072175014963,35.32610102024102,34.7572024698226,35.053340911865234,8385800
2023-04-04 00:00:00-04:00,34.975404004692656,34.998782333582696,34.476646502843714,34.64030075073242,7379600
2023-04-05 00:00:00-04:00,34.648092226386154,34.8351277743223,34.43767834976893,34.62471389770508,7865800
2023-04-06 00:00:00-04:00,34.601335569024,34.77278160073386,34.492229765244225,34.62471389770508,6337200
2023-04-10 00:00:00-04:00,34.609126112248234,34.75719380996313,34.53119637088862,34.679264068603516,6197300
2023-04-11 00:00:00-04:00,34.79616213077727,35.23257344490396,34.79616213077727,35.13905715942383,6553500
2023-04-12 00:00:00-04:00,35.076716291876565,35.20140568231658,34.835132270115665,34.93644332885742,6124100
2023-04-13 00:00:00-04:00,34.88188644196747,35.08450854497807,34.67147552605321,35.0455436706543,4844200
2023-04-14 00:00:00-04:00,35.17801727442314,35.36505279292454,34.9364333218602,35.09229278564453,6262400
2023-04-17 00:00:00-04:00,35.2169883066384,35.42740218698383,35.15464510477452,35.41181564331055,6707000
2023-04-18 00:00:00-04:00,35.419610234621786,35.980710940069095,35.38064536203685,35.957332611083984,6364800
2023-04-19 00:00:00-04:00,36.08202524290632,36.21450938904483,35.949544069597295,36.20671463012695,5103000
2023-04-20 00:00:00-04:00,35.980719452092515,36.09761707033121,35.62223778297773,35.84044647216797,7371200
2023-04-21 00:00:00-04:00,35.98071342414139,36.04305960284498,35.60664527040816,35.96512985229492,9082900
2023-04-24 00:00:00-04:00,36.08202530646939,36.37036895751953,35.96513067796071,36.37036895751953,6552900
2023-04-25 00:00:00-04:00,36.40154231730306,36.79899178653415,36.30023423307746,36.6197509765625,7510500
2023-04-26 00:00:00-04:00,36.49505780057057,36.884712470372115,36.37036545231804,36.38595199584961,8936800
2023-04-27 00:00:00-04:00,35.809269824169235,36.970439239952846,35.38844200766541,36.775611877441406,10977600
2023-04-28 00:00:00-04:00,36.993819963625626,37.18864732307539,36.487267639924426,37.02499008178711,11070700
2023-05-01 00:00:00-04:00,37.0561603532483,37.43802325675966,36.94705751591059,37.23540115356445,8844000
2023-05-02 00:00:00-04:00,37.17305584687354,37.18084763217299,36.26126237971934,36.76781463623047,7606400
2023-05-03 00:00:00-04:00,36.81457672476762,36.91588480457123,36.245678256556516,36.26126480102539,6536100
2023-05-04 00:00:00-04:00,36.15995689134325,36.253473185767085,35.51312867057403,35.94954299926758,7333200
2023-05-05 00:00:00-04:00,35.972918997165316,36.51843612945332,35.918367581219435,36.38595199584961,5962300
2023-05-08 00:00:00-04:00,36.39375782333949,36.48727414014306,36.261273649440184,36.3236198425293,4434200
2023-05-09 00:00:00-04:00,36.292442657739215,36.37037241749192,35.96513409938212,36.191131591796875,4401700
2023-05-10 00:00:00-04:00,36.06643701730597,36.20671294299641,35.450784868808334,35.80147171020508,8391800
2023-05-11 00:00:00-04:00,35.57547706574378,35.61444194311282,35.24037376927682,35.591060638427734,6437300
2023-05-12 00:00:00-04:00,35.49754433817613,35.692371697850895,35.302716978501365,35.591060638427734,5602000
2023-05-15 00:00:00-04:00,35.6378179303794,35.778093857942935,35.372852619740435,35.50533676147461,4920100
2023-05-16 00:00:00-04:00,35.380644117479044,35.630022860645475,35.13126537431262,35.13905715942383,6163600
2023-05-17 00:00:00-04:00,35.20919581880161,35.45857456694058,34.96760885592923,35.333885192871094,6316200
2023-05-18 00:00:00-04:00,35.100088166281864,35.20139622497625,34.73381187965656,35.12346649169922,6580100
2023-05-19 00:00:00-04:00,35.27933697076871,35.44299123164233,35.076714861547565,35.30271530151367,6557100
2023-05-22 00:00:00-04:00,35.31050450837033,35.47415874351225,34.95981473818837,35.014366149902344,6472700
2023-05-23 00:00:00-04:00,35.12346897333029,35.2715366661498,34.990987822833205,35.014366149902344,6167800
2023-05-24 00:00:00-04:00,35.02995681762695,35.20919761620009,34.91305922285653,35.02995681762695,5400500
2023-05-25 00:00:00-04:00,34.87409468186602,35.0065758492301,34.64809424866092,34.81174850463867,6859500
2023-05-26 00:00:00-04:00,34.88188255550383,35.02995322339756,34.749401402997876,34.76498794555664,5498700
2023-05-30 00:00:00-04:00,34.687065388562985,34.70265193568523,34.06361836782259,34.538997650146484,9183000
2023-05-31 00:00:00-04:00,34.48443930646362,34.64030177360107,34.3129902953295,34.616920471191406,11075000
2023-06-01 00:00:00-04:00,34.78058017175997,35.014372402688366,34.577958058213724,34.741615295410156,8763200
2023-06-02 00:00:00-04:00,34.68706290088959,35.357269514931104,34.601341357109824,35.32609939575195,7208200
2023-06-05 00:00:00-04:00,35.302712267082676,35.404023312985096,34.68705717919523,34.788368225097656,6880600
2023-06-06 00:00:00-04:00,34.83513198338307,34.92864828223595,34.67147771718315,34.803958892822266,7368600
2023-06-07 00:00:00-04:00,34.850715172615665,35.302713050902774,34.772782453718406,35.1468505859375,8768100
2023-06-08 00:00:00-04:00,35.2403730171591,35.37285419195226,34.990994239924134,35.3494758605957,5804100
2023-06-09 00:00:00-04:00,35.38063997290954,35.497534572859124,35.2013962352284,35.24036407470703,6689900
2023-06-12 00:00:00-04:00,35.263750798464,35.53650790280099,35.178026287721096,35.481956481933594,6512200
2023-06-13 00:00:00-04:00,35.481953057415616,35.7936779804258,35.32609356873971,35.66119384765625,9106700
2023-06-14 00:00:00-04:00,35.72485046409472,35.78850117845262,34.89736993119715,34.96897888183594,11941300
2023-06-15 00:00:00-04:00,35.10424111755578,35.24745902932136,35.03263216167299,35.12811279296875,8484400
2023-06-16 00:00:00-04:00,35.1838062040833,35.22358828048601,34.94510767531124,35.064456939697266,13663100
2023-06-20 00:00:00-04:00,35.03262690753636,35.07241201553172,34.58706283569336,34.58706283569336,8033300
2023-06-21 00:00:00-04:00,34.58706549015502,35.05650126985866,34.52341174061928,34.96897888183594,6838400
2023-06-22 00:00:00-04:00,35.08832479192238,35.16789197812202,34.762106916448374,34.81780242919922,5022500
2023-06-23 00:00:00-04:00,34.90532410052051,35.080368871391734,34.483628645433726,34.547279357910156,8942100
2023-06-26 00:00:00-04:00,34.6109378820569,35.23950506858759,34.555242362762094,35.215633392333984,9001200
2023-06-27 00:00:00-04:00,35.13606752107298,35.31111230757781,34.992849611237766,35.2792854309082,6313100
2023-06-28 00:00:00-04:00,35.13605955863153,35.41453707843772,34.86553723860095,35.40658187866211,7261100
2023-06-29 00:00:00-04:00,35.34293989772295,35.78850711282256,35.26337573278796,35.78055191040039,6380400
2023-06-30 00:00:00-04:00,35.860113713058034,36.13063610526606,35.78850475526244,36.043113708496094,9046700
2023-07-03 00:00:00-04:00,35.95558828473282,36.536415100097656,35.80441517997031,36.536415100097656,6144000
2023-07-05 00:00:00-04:00,36.32954710023966,36.63189635009442,36.186329194265184,36.58415603637695,8868500
2023-07-06 00:00:00-04:00,36.520503535789054,36.87059004708052,36.36137219968283,36.67167663574219,8983000
2023-07-07 00:00:00-04:00,36.67963362863396,36.838764972514255,36.536415722659484,36.58415603637695,8395600
2023-07-10 00:00:00-04:00,36.759200269135725,36.80693754696227,35.55776152420296,35.76463317871094,11674700
2023-07-11 00:00:00-04:00,35.764636783204445,36.35341886037595,35.764636783204445,36.313636779785156,7237100
2023-07-12 00:00:00-04:00,36.393201555994374,36.56824330598925,36.2579388487668,36.353416442871094,5320600
2023-07-13 00:00:00-04:00,36.249982405837116,36.38524207325462,35.995373473492975,36.26589584350586,5923900
2023-07-14 00:00:00-04:00,36.337501212941405,36.345459449244856,36.08289228443212,36.19428634643555,4860400
2023-07-17 00:00:00-04:00,36.05902924207132,36.19429196362156,35.96355163785712,36.10676956176758,4483400
2023-07-18 00:00:00-04:00,36.12267381168575,36.36136927908382,36.00332456039794,36.114715576171875,5331100
2023-07-19 00:00:00-04:00,36.281811330297224,36.38524717204996,36.08289788433029,36.10676956176758,6104300
2023-07-20 00:00:00-04:00,36.35341270465998,36.48071716210102,36.23406648309645,36.32954406738281,6617800
2023-07-21 00:00:00-04:00,36.337502461126704,36.36932933707807,36.08289352387166,36.28180694580078,6406300
2023-07-24 00:00:00-04:00,36.25793830642623,36.504592042282404,36.25793830642623,36.28180694580078,4998300
2023-07-25 00:00:00-04:00,36.2022408451879,36.28180499561171,35.93171848449807,36.170413970947266,6464700
2023-07-26 00:00:00-04:00,36.15450410904721,36.47276681257013,36.07493995075552,36.24998474121094,4933900
2023-07-27 00:00:00-04:00,36.32954725972783,36.56028755760832,36.25793830642623,36.28180694580078,4551900
2023-07-28 00:00:00-04:00,36.35341465037046,36.47276391349949,36.146546034148365,36.19428634643555,5906000
2023-07-31 00:00:00-04:00,36.03515516069779,36.28180585395343,35.97150141071062,36.138587951660156,8667200
2023-08-01 00:00:00-04:00,36.34546637129173,36.7671619203519,35.740767774533076,35.94763946533203,9902800
2023-08-02 00:00:00-04:00,35.844197488303266,35.86011092604086,35.09628412570386,35.462284088134766,11431300
2023-08-03 00:00:00-04:00,35.40659076366193,35.44637284287762,35.088328059580256,35.247459411621094,9885200
2023-08-04 00:00:00-04:00,35.223581543926805,35.40658148852261,34.945100992011824,35.00875473022461,8077100
2023-08-07 00:00:00-04:00,35.03263146302576,35.19176281016712,34.937153868812146,35.10424041748047,7874300
2023-08-08 00:00:00-04:00,35.0087602656871,35.255413987495714,34.79393341801723,35.1997184753418,6105200
2023-08-09 00:00:00-04:00,35.21563152919839,35.486153909394254,35.064458418421694,35.08037185668945,5412300
2023-08-10 00:00:00-04:00,35.09628264086995,35.279282614343145,34.87350059232481,34.945106506347656,6597900
2023-08-11 00:00:00-04:00,34.92123450277878,34.94510313848604,34.70640767588102,34.79393005371094,7164300
2023-08-14 00:00:00-04:00,34.84962679176327,34.96101780923604,34.5631910124461,34.63479995727539,7032500
2023-08-15 00:00:00-04:00,34.523407726306864,34.523407726306864,34.22105852152434,34.268798828125,6830900
2023-08-16 00:00:00-04:00,34.22902134425321,34.388152685738035,33.98236761319285,34.01419448852539,6908600
2023-08-17 00:00:00-04:00,34.0539754688892,34.22106200623961,33.783453107626606,33.870975494384766,7100000
2023-08-18 00:00:00-04:00,33.87097241431403,34.3085812731329,33.85505897860712,34.14149475097656,6897600
2023-08-21 00:00:00-04:00,34.06988852032664,34.229019854887376,33.87097511092017,33.9982795715332,5443400
2023-08-22 00:00:00-04:00,33.998278717671944,34.189236921384484,33.97441008039951,34.03010559082031,6846100
2023-08-23 00:00:00-04:00,34.197195090096095,34.316544357172106,34.04602198228737,34.30858612060547,6649000
2023-08-24 00:00:00-04:00,34.27676312708994,34.63480486681178,34.18924073376131,34.5313720703125,8305400
2023-08-25 00:00:00-04:00,34.69845946579486,34.91328633597003,34.555241552344754,34.74619674682617,7007100
2023-08-28 00:00:00-04:00,34.80189001919682,35.08832276745599,34.80189001919682,34.98488998413086,5071000
2023-08-29 00:00:00-04:00,35.040593264265745,35.27133358933408,34.69050365790599,35.18381118774414,8079200
2023-08-30 00:00:00-04:00,35.25541407348229,35.44636924842495,35.15197824986799,35.42250061035156,5765300
2023-08-31 00:00:00-04:00,35.47024703470092,35.613461923001005,35.17585295022961,35.18381118774414,7383700
2023-09-01 00:00:00-04:00,35.35885092821734,35.42250468397032,34.87350469890249,35.09628677368164,6659900
2023-09-05 00:00:00-04:00,35.05650321687682,35.37476287669796,35.04058977860906,35.08037185668945,9267900
2023-09-06 00:00:00-04:00,35.00875811751476,35.03262675406533,34.57114924808135,34.63479995727539,10108400
2023-09-07 00:00:00-04:00,34.79393161044463,34.91328086467575,34.547277901449874,34.78597640991211,7395700
2023-09-08 00:00:00-04:00,34.8735047784759,35.08832861668704,34.722328625806696,35.072418212890625,6833900
2023-09-11 00:00:00-04:00,35.18380070839786,35.708931926351084,35.15197383817588,35.374755859375,9566100
2023-09-12 00:00:00-04:00,35.43045875716072,35.82828561240907,35.42250355553409,35.70098114013672,7754900
2023-09-13 00:00:00-04:00,35.80441267130761,35.80441267130761,35.486150011269366,35.605499267578125,8929000
2023-09-14 00:00:00-04:00,35.64617324522489,35.91461921790722,35.47534568250048,35.87394332885742,9764000
2023-09-15 00:00:00-04:00,35.735655371039684,35.898349618449174,35.37773050924653,35.4102668762207,28877500
2023-09-18 00:00:00-04:00,35.58109102775144,35.58922434222209,35.16622061766416,35.26383590698242,7971900
2023-09-19 00:00:00-04:00,35.27198250275412,35.34519476665265,34.971000130342404,35.0279426574707,8771800
2023-09-20 00:00:00-04:00,35.10115497443685,35.337058400124306,34.98726681687308,35.01167297363281,5843800
2023-09-21 00:00:00-04:00,34.97912655611601,35.068608539156415,34.73508675890952,34.905914306640625,7066100
2023-09-22 00:00:00-04:00,34.85711717007993,34.93032944489426,34.40971020316364,34.43411636352539,8177200
2023-09-25 00:00:00-04:00,34.336487831412185,34.41783650347099,34.07617828709312,34.23887252807617,6711200
2023-09-26 00:00:00-04:00,34.238874082890604,34.32021965550883,34.04364036421831,34.08431625366211,6163700
2023-09-27 00:00:00-04:00,34.09245300292969,34.17379858373977,33.83214342057544,34.09245300292969,6523000
2023-09-28 00:00:00-04:00,34.15753408088997,34.36090114873654,33.9867033855161,34.2795524597168,5673700
2023-09-29 00:00:00-04:00,34.36902356902357,34.474775279651986,34.10057763507471,34.206329345703125,5796400
2023-10-02 00:00:00-04:00,34.18193382930644,34.198203565536474,33.66131468248496,33.82400894165039,7243200
2023-10-03 00:00:00-04:00,33.645040248465506,33.677579716382155,33.278978992239395,33.457942962646484,8813800
2023-10-04 00:00:00-04:00,33.47421306895808,33.92975321232052,33.34405829897817,33.88094711303711,7765800
2023-10-05 00:00:00-04:00,33.9785677378468,34.279550108739755,33.89721905440615,34.15753173828125,7151400
2023-10-06 00:00:00-04:00,33.94603113283423,34.369035013063545,33.73453074428719,34.22261047363281,10053200
2023-10-09 00:00:00-04:00,34.1656675644159,34.759499033040235,34.1656675644159,34.7350959777832,6276300
2023-10-10 00:00:00-04:00,35.215036276918724,35.40213357542264,34.54799265507533,34.56426239013672,10771100
2023-10-11 00:00:00-04:00,34.686284034193406,34.85711161381827,34.46664724476075,34.62120819091797,6706000
2023-10-12 00:00:00-04:00,34.67814915583581,34.74322499618076,34.02737523671221,34.360897064208984,7764200
2023-10-13 00:00:00-04:00,34.36903474030326,34.759499141308,34.36903474030326,34.70255661010742,5753800
2023-10-16 00:00:00-04:00,34.90591440618768,35.011666123094685,34.65373818991231,34.873374938964844,7417200
2023-10-17 00:00:00-04:00,34.7920347313264,35.14995961648773,34.64561020941157,35.133689880371094,5318000
2023-10-18 00:00:00-04:00,35.07674789428711,35.328924153265895,34.889650580774436,35.07674789428711,5026400
2023-10-19 00:00:00-04:00,34.90591649094454,35.003531795308724,34.580528005551166,34.6618766784668,6791500
2023-10-20 00:00:00-04:00,34.604936997060065,35.01167108559213,34.59680057753392,34.74322509765625,6143900
2023-10-23 00:00:00-04:00,34.69441181802448,34.71881486528656,34.23886861594912,34.27140808105469,5989400
2023-10-24 00:00:00-04:00,34.271416664055636,34.67001435045474,34.271416664055636,34.60493850708008,6477400
2023-10-25 00:00:00-04:00,34.59679993966452,34.98726428508004,34.572396887805674,34.832706451416016,6894400
2023-10-26 00:00:00-04:00,34.27954921762445,34.31208869015482,31.782202108913516,31.93675994873047,22791500
2023-10-27 00:00:00-04:00,32.310959498317445,32.83157867561747,31.879819220818618,31.969301223754883,14405900
2023-10-30 00:00:00-04:00,32.13198729331449,32.90478254504638,32.12385397836615,32.742088317871094,10301400
2023-10-31 00:00:00-04:00,32.76649538830483,33.00240189151245,32.37603105703085,32.6770133972168,14571000
2023-11-01 00:00:00-04:00,32.774630449521496,32.855976018157904,32.23774162837144,32.45737838745117,9527200
2023-11-02 00:00:00-04:00,32.498049164175946,33.10001378242138,32.343488248926555,33.083744049072266,8319000
2023-11-03 00:00:00-04:00,33.311517212825486,33.52301754009526,33.018668218810156,33.083744049072266,7997300
2023-11-06 00:00:00-05:00,33.14882821328956,33.25457994517904,32.912921697203366,32.97800064086914,8741500
2023-11-07 00:00:00-05:00,32.91292522987168,33.10815897868935,32.87225243728242,32.95359802246094,5770600
2023-11-08 00:00:00-05:00,32.93733017775886,33.19763976452809,32.57940216859987,32.70142364501953,7776100
2023-11-09 00:00:00-05:00,32.74209703349515,32.896654883729596,32.546863288288655,32.628211975097656,10842100
2023-11-10 00:00:00-05:00,32.6932845896814,32.77463326844909,32.2946869246915,32.554996490478516,12271600
2023-11-13 00:00:00-05:00,32.61194671264166,32.67702256788325,32.48992521725231,32.538734436035156,11639600
2023-11-14 00:00:00-05:00,32.72582664580914,32.88038449297223,32.5061898504921,32.71769332885742,12681100
2023-11-15 00:00:00-05:00,32.904790565141184,33.165100150814844,32.68515377039121,33.14883041381836,9460300
2023-11-16 00:00:00-05:00,33.10816192626953,33.311529010456525,32.644485222574026,33.10816192626953,10810000
2023-11-17 00:00:00-05:00,33.18950647599953,33.32779770253252,32.95359992100142,33.20577621459961,6658700
2023-11-20 00:00:00-05:00,33.06748803669454,33.327797647596014,33.05935161584024,33.2220458984375,6399800
2023-11-21 00:00:00-05:00,33.230171789340744,33.30338404499008,33.00240170649153,33.156959533691406,6271300
2023-11-22 00:00:00-05:00,33.230172718764116,33.53115816881565,33.140693828809724,33.506752014160156,8223300
2023-11-24 00:00:00-05:00,33.60437659868018,33.74266472021043,33.57997043954197,33.73453140258789,3153700
2023-11-27 00:00:00-05:00,33.71011734008789,33.848408532330964,33.547426200697785,33.71011734008789,6601700
2023-11-28 00:00:00-05:00,33.71011875485384,34.165662032414524,33.693849019605096,34.01923751831055,7042800
2023-11-29 00:00:00-05:00,34.06804305307325,34.14938861741691,33.91348213643217,33.97042465209961,4839100
2023-11-30 00:00:00-05:00,34.09245230513075,34.20633735718788,33.95416419995708,34.198204040527344,8996700
2023-12-01 00:00:00-05:00,34.28768553994154,34.6781498997924,34.263279384045624,34.653743743896484,6700100
2023-12-04 00:00:00-05:00,34.61307192952954,34.94659377357251,34.50732019269592,34.5723991394043,6543600
2023-12-05 00:00:00-05:00,34.42597407490255,34.792035386583855,34.369031548989334,34.62934112548828,7271800
2023-12-06 00:00:00-05:00,33.612499138409405,33.8809450809051,33.31965014773566,33.64503860473633,14833000
2023-12-07 00:00:00-05:00,33.74265782908454,33.89721565743045,33.54742721466178,33.61250305175781,10658000
2023-12-08 00:00:00-05:00,33.628772838084885,33.7019850943887,33.49048164145115,33.59623336791992,7966400
2023-12-11 00:00:00-05:00,33.75893085250513,33.85654616922494,33.61250632585792,33.66944885253906,8174700
2023-12-12 00:00:00-05:00,33.76705694876085,33.76705694876085,33.579959672082474,33.64503860473633,7522100
2023-12-13 00:00:00-05:00,33.57996277191244,34.19820027665754,33.41727163152809,34.18193054199219,14063400
2023-12-14 00:00:00-05:00,34.434106187044655,34.85710686858772,34.214469427511986,34.25514221191406,12031600
2023-12-15 00:00:00-05:00,34.12498978414562,34.287684036064675,33.93789248053587,33.96229553222656,23248700
2023-12-18 00:00:00-05:00,34.20633242756836,34.48291170119164,34.157526328368924,34.32835388183594,9083800
2023-12-19 00:00:00-05:00,34.47478017146581,34.531722692237715,34.287682874196015,34.52358627319336,12884600
2023-12-20 00:00:00-05:00,34.382037673481406,34.42367186127855,33.541012468148615,33.55766677856445,13691300
2023-12-21 00:00:00-05:00,33.649254986844504,33.79914056441046,33.33282952570703,33.56598663330078,10097800
2023-12-22 00:00:00-05:00,33.65758380030991,33.849106749618024,33.53268125793846,33.60762405395508,7587800
2023-12-26 00:00:00-05:00,33.57431859121379,33.74085850649749,33.47439591263743,33.590972900390625,8488100
2023-12-27 00:00:00-05:00,33.51602545479679,33.62427686120924,33.38279417632156,33.45773696899414,9285800
2023-12-28 00:00:00-05:00,33.3994484831915,33.54933406853666,33.33283125571176,33.45773696899414,7195700
2023-12-29 00:00:00-05:00,33.43276172793768,33.64093582792114,33.382798800407166,33.590972900390625,8074900
2024-01-02 00:00:00-05:00,33.607625509751294,34.690130139617125,33.5909712014168,34.62351608276367,12615200
2024-01-03 00:00:00-05:00,34.68179924054817,34.80670176912338,34.398682395366734,34.47362518310547,9807100
2024-01-04 00:00:00-05:00,34.54024256321688,35.01487920587502,34.53191699776864,34.573551177978516,8894600
2024-01-05 00:00:00-05:00,34.623519160906085,34.690133223681734,34.39869074312925,34.54857635498047,6126500
2024-01-08 00:00:00-05:00,34.606865315826695,34.99823048404071,34.590211005787936,34.89830780029297,8563000
2024-01-09 00:00:00-05:00,34.840008445395746,34.85666275024414,34.59852578981979,34.85666275024414,7414500
2024-01-10 00:00:00-05:00,34.84000797942667,35.03985645845068,34.08225458962048,34.19050598144531,11082800
2024-01-11 00:00:00-05:00,34.14055069191825,34.67347585301799,34.07393345853853,34.640167236328125,9499100
2024-01-12 00:00:00-05:00,34.87332084331809,34.981569071865685,34.36537560795835,34.42366409301758,7703700
2024-01-16 00:00:00-05:00,34.44032498375162,34.573556285997896,33.9490339611276,34.11557388305664,10541900
2024-01-17 00:00:00-05:00,34.04895574793593,34.31541834541841,33.90739888273543,33.92405319213867,6334400
2024-01-18 00:00:00-05:00,33.81580014719963,33.81580014719963,33.38279765293947,33.67424011230469,7832800
2024-01-19 00:00:00-05:00,33.715880535412616,33.740860412346514,33.43276361638389,33.58264923095703,7827500
2024-01-22 00:00:00-05:00,33.51601887803985,33.8824040278309,33.43275053651394,33.70753860473633,8186400
2024-01-23 00:00:00-05:00,33.60762605437174,33.73252860417773,33.39945196154385,33.67424011230469,7957100
2024-01-24 00:00:00-05:00,33.649262847258036,33.799148459837035,33.24124019601859,33.249568939208984,9232100
2024-01-25 00:00:00-05:00,33.34948433312591,33.57431270285517,33.23290736581832,33.48271560668945,9566300
2024-01-26 00:00:00-05:00,33.65758296347616,33.72420019227212,33.40777470845989,33.47439193725586,7286200
2024-01-29 00:00:00-05:00,33.49104980695342,33.78249227272623,33.49104980695342,33.749183654785156,8047400
2024-01-30 00:00:00-05:00,33.72419606148998,33.782484541304704,33.49104214223107,33.690887451171875,7127200
2024-01-31 00:00:00-05:00,33.724205224633096,33.8241279062533,33.36614550763549,33.407779693603516,12462700
2024-02-01 00:00:00-05:00,33.807471018904764,34.76507310558043,33.607625670901626,34.74009323120117,19419200
2024-02-02 00:00:00-05:00,34.548566641703154,34.64848929601593,34.07392688662866,34.44031524658203,10858900
2024-02-05 00:00:00-05:00,34.323744245552206,34.38203273539355,33.724201862630416,33.7408561706543,10440000
2024-02-06 00:00:00-05:00,33.79082109647808,33.89906934031918,33.565992689563686,33.807472229003906,9818800
2024-02-07 00:00:00-05:00,33.89907087047912,33.94070505664229,33.41610859331374,33.524356842041016,8046500
2024-02-08 00:00:00-05:00,33.474390523998835,33.61594736448741,33.182944925047494,33.38279342651367,14659200
2024-02-09 00:00:00-05:00,33.266217116652854,33.43275700842708,33.19959988934947,33.39944839477539,8420600
2024-02-12 00:00:00-05:00,33.491046677226194,33.82412329605713,33.41610388210447,33.76583480834961,7995200
2024-02-13 00:00:00-05:00,33.60762580653633,33.69089417245961,33.26622042387563,33.49937438964844,7140200
2024-02-14 00:00:00-05:00,33.49104839255829,33.674239430528395,33.349488360529406,33.640933990478516,6044000
2024-02-15 00:00:00-05:00,33.77416371630991,33.77416371630991,33.37446986585755,33.44940948486328,7833500
2024-02-16 00:00:00-05:00,33.44940822731706,33.53267976166672,33.2828715115862,33.45773696899414,7323200
2024-02-20 00:00:00-05:00,33.47438755421176,33.82411843014488,33.374464900585714,33.516021728515625,8768000
2024-02-21 00:00:00-05:00,33.59929671484644,33.732528004829696,33.49104847556814,33.699222564697266,6623700
2024-02-22 00:00:00-05:00,33.557658026723814,34.05727767944336,33.441081060701144,34.05727767944336,8211000
2024-02-23 00:00:00-05:00,34.05727861002186,34.398683952624246,33.89906428625313,34.24879837036133,6808600
2024-02-26 00:00:00-05:00,34.248797182328076,34.25712274706091,33.80746601587,33.89906311035156,8093100
2024-02-27 00:00:00-05:00,33.9073921012759,34.06560324423751,33.79914070004739,34.05727767944336,4876300
2024-02-28 00:00:00-05:00,33.97401069600075,34.132225036621094,33.799145223563585,34.132225036621094,5540700
2024-02-29 00:00:00-05:00,34.17386422454059,34.2238239802776,33.974015672137575,34.06561279296875,8394700
2024-03-01 00:00:00-05:00,34.057283990631696,34.140552359940116,33.799146963400105,34.02397537231445,9135200
2024-03-04 00:00:00-05:00,33.582642748925906,33.882410743726915,32.68332923507013,33.08302307128906,28577600
2024-03-05 00:00:00-05:00,33.23290892163399,33.49104591595999,33.07469776952183,33.25788879394531,12606000
2024-03-06 00:00:00-05:00,34.190515330664844,34.84834307259672,33.90739842757954,34.51526641845703,25872700
2024-03-07 00:00:00-05:00,34.58187932174858,34.740093665420176,34.43199372063053,34.598533630371094,9760300
2024-03-08 00:00:00-05:00,34.598539051722874,35.014887303070886,34.52359623942083,34.8650016784668,9417500
2024-03-11 00:00:00-04:00,34.956594009429324,35.58944504354565,34.93993970048051,35.53948211669922,10663800
2024-03-12 00:00:00-04:00,35.61442597681369,36.039099749929036,35.61442597681369,35.84757995605469,13814500
2024-03-13 00:00:00-04:00,35.964150317288016,36.197307430041626,35.947496010913895,36.097381591796875,7082400
2024-03-14 00:00:00-04:00,36.13902136891438,36.94673463506564,35.9974613434855,36.87179183959961,22465800
2024-03-15 00:00:00-04:00,36.56369649467699,37.05498746680183,36.53038787841797,36.53038787841797,45230800
2024-03-18 00:00:00-04:00,36.522058058831476,37.2714827784662,36.43878652788266,37.06330871582031,31335400
2024-03-19 00:00:00-04:00,37.11327560148072,37.45468097365392,36.93008139029554,37.163238525390625,22602500
2024-03-20 00:00:00-04:00,37.229849600844865,37.32144669910587,37.071638452520354,37.29646682739258,18195800
2024-03-21 00:00:00-04:00,37.329780083025234,37.47133694231694,37.12993155501299,37.42970275878906,21052500
2024-03-22 00:00:00-04:00,37.37862379127852,37.39564928863675,36.48480628730218,36.58695602416992,23870300
2024-03-25 00:00:00-04:00,36.544400925934916,37.08920395694832,36.53588655197909,36.825313568115234,19734300
2024-03-26 00:00:00-04:00,36.79977341699692,36.944488534848695,36.65506154642704,36.70613479614258,10702000
2024-03-27 00:00:00-04:00,36.87638645825584,37.174324571884945,36.850849833453886,37.16581344604492,9001700
2024-03-28 00:00:00-04:00,37.26796037768101,37.41267548428615,37.11473414587869,37.13175964355469,9807500
2024-04-01 00:00:00-04:00,37.13175998038876,37.34457383234673,36.75720876996412,36.791259765625,12174500
2024-04-02 00:00:00-04:00,36.79977142336569,37.02109965108218,36.46778232907267,36.544395446777344,10038500
2024-04-03 00:00:00-04:00,36.56993604719904,36.689111299415025,35.8378557866928,35.854881286621094,20090200
2024-04-04 00:00:00-04:00,36.11876556082488,36.2464551650676,35.31858668311091,35.35263442993164,13031400
2024-04-05 00:00:00-04:00,35.310069304339,35.54841974819655,35.21643070217175,35.45478439331055,8515900
2024-04-08 00:00:00-04:00,35.361148017755774,35.82933781079164,35.32709702440879,35.71867370605469,9402200
2024-04-09 00:00:00-04:00,35.75272446019,36.016614785941286,35.68462247395169,35.84636306762695,7685900
2024-04-10 00:00:00-04:00,35.47180560561397,35.77825802292677,35.361144758358584,35.48031997680664,9510300
2024-04-11 00:00:00-04:00,35.53991475721565,35.608016751373846,35.165363531191,35.267513275146484,10889100
2024-04-12 00:00:00-04:00,35.18239214448702,35.36966615043812,34.91850176468406,34.94403839111328,10669100
2024-04-15 00:00:00-04:00,35.156851548121246,35.29305229841429,34.60353742074167,34.85891342163086,10727600
2024-04-16 00:00:00-04:00,34.85891140782006,34.97808665153142,34.6631230435397,34.68865966796875,10407400
2024-04-17 00:00:00-04:00,34.90998203898437,35.088748138428635,34.68014594179328,34.986595153808594,8787700
2024-04-18 00:00:00-04:00,35.01213704183963,35.26751302354739,34.99511154342154,35.1568489074707,17571300
2024-04-19 00:00:00-04:00,35.233458674911205,35.982564297634895,35.233458674911205,35.82933807373047,22325600
2024-04-22 00:00:00-04:00,36.01662056044422,36.36563517766906,35.76975569167294,36.237945556640625,10775700
2024-04-23 00:00:00-04:00,36.29752830578135,36.63803175127319,36.195378571046405,36.493316650390625,18917200
2024-04-24 00:00:00-04:00,36.34860705836134,36.65505952891484,36.09323108199399,36.53588104248047,12938200
2024-04-25 00:00:00-04:00,36.81679483079619,37.15729827843293,36.39967826980526,37.06365966796875,14924200
2024-04-26 00:00:00-04:00,36.97002565592232,37.404164520740906,36.76572291247232,36.92746353149414,13794300
2024-04-29 00:00:00-04:00,36.94449144659963,37.31904271225506,36.91895157244706,37.30201721191406,8627100
2024-04-30 00:00:00-04:00,37.44672904993676,37.5744154203485,37.14027656529761,37.29350280761719,11816800
2024-05-01 00:00:00-04:00,37.19986745715025,37.60846972348767,37.19135308333867,37.30201721191406,7365000
2024-05-02 00:00:00-04:00,37.45523503019709,37.63399787258457,37.31052318082095,37.438209533691406,9054900
2024-05-03 00:00:00-04:00,37.45523865398859,37.55738839562421,36.918946827658495,37.106224060058594,11229000
2024-05-06 00:00:00-04:00,37.19134757420299,37.31052605893611,36.97853372238779,37.02109909057617,9035400
2024-05-07 00:00:00-04:00,37.11473891801949,37.455242420757386,37.09771666543646,37.327552795410156,12052100
2024-05-08 00:00:00-04:00,37.37011357279776,37.79574127523381,37.37011357279776,37.70210266113281,9946700
2024-05-09 00:00:00-04:00,37.787226069191114,38.110704025146056,37.68507633209857,38.059627532958984,8140900
2024-05-10 00:00:00-04:00,38.127724468004985,38.34053828631631,38.08516235379895,38.22136306762695,12160000
2024-05-13 00:00:00-04:00,38.22137041270537,38.62145825986517,38.22137041270537,38.340545654296875,8229200
2024-05-14 00:00:00-04:00,38.3745948063289,38.7746826342552,38.3405438111449,38.732120513916016,9436300
2024-05-15 00:00:00-04:00,38.81724975277055,39.11519112807156,38.80873862651946,39.03006362915039,9435100
2024-05-16 00:00:00-04:00,39.11518478393555,39.34502412282172,39.07262266501919,39.11518478393555,9131700
2024-05-17 00:00:00-04:00,39.20030928226657,39.370561006344914,39.08964517452342,39.22584915161133,9243500
2024-05-20 00:00:00-04:00,39.23435390274307,39.370554610423014,38.97046361092771,39.07261657714844,8077000
2024-05-21 00:00:00-04:00,39.16625877240264,39.53229884714972,39.106671155330474,39.438663482666016,8596500
2024-05-22 00:00:00-04:00,39.276922849655975,39.668499546464474,39.25138622729764,39.43014907836914,15142800
2024-05-23 00:00:00-04:00,39.24287602429975,39.251390397511514,38.740635165109225,38.85129928588867,10349900
2024-05-24 00:00:00-04:00,39.0215518621403,39.15775261089561,38.595924116369694,38.72361373901367,4727700
2024-05-28 00:00:00-04:00,38.6470005840345,38.85130008336339,38.4852599625103,38.7150993347168,7582600
2024-05-29 00:00:00-04:00,38.56186374300318,38.60442585777703,38.34053879781045,38.43417739868164,6472200
2024-05-30 00:00:00-04:00,38.57889578996568,38.81724627100166,38.51930816970668,38.68104553222656,6579400
2024-05-31 00:00:00-04:00,38.64699394830024,39.438661678653915,38.57889196202914,39.37055969238281,13899900
2024-06-03 00:00:00-04:00,39.19180336109876,39.7110697272075,39.17477786170219,39.62594223022461,8197700
2024-06-04 00:00:00-04:00,39.49824828144884,39.88131057892853,39.48122278531709,39.864288330078125,8681700
2024-06-05 00:00:00-04:00,39.82173081714877,39.82173081714877,39.48123056922657,39.728092193603516,6859200
2024-06-06 00:00:00-04:00,39.728087875164995,40.170741071901304,39.651478006717625,39.745113372802734,9325300
2024-06-07 00:00:00-04:00,39.7451134046331,40.000492622122074,39.65147803847301,39.75362777709961,6491300
2024-06-10 00:00:00-04:00,39.66850262019829,39.830243233751176,39.36205338630816,39.574867248535156,7947400
2024-06-11 00:00:00-04:00,39.608913735438506,39.659990229765626,39.33651226025732,39.498252868652344,9600700
2024-06-12 00:00:00-04:00,39.617419881691866,39.66849311813205,38.91087646964617,39.04707717895508,9925800
2024-06-13 00:00:00-04:00,39.03005908670278,39.21733631525135,38.75765761642213,38.9449348449707,8828900
2024-06-14 00:00:00-04:00,38.70136874760474,38.75355997150879,38.12724205611437,38.55348587036133,10651600
2024-06-17 00:00:00-04:00,38.46649449065498,38.90143901155931,38.20552512342171,38.88404083251953,8284200
2024-06-18 00:00:00-04:00,38.823155434346276,39.049325163406934,38.63177875088916,38.97103500366211,16402600
2024-06-20 00:00:00-04:00,38.84054960673476,39.62344780499882,38.736160525608696,39.51906204223633,8957800
2024-06-21 00:00:00-04:00,39.666939551604564,40.00619907023136,39.53645818446816,39.788726806640625,28881400
2024-06-24 00:00:00-04:00,40.00620477120442,40.52813695085332,39.8844174988134,40.40635299682617,10236400
2024-06-25 00:00:00-04:00,40.44114431121206,40.528131890838345,40.24976765399806,40.3802490234375,9573000
2024-06-26 00:00:00-04:00,40.18887422209398,40.5020348067341,40.17147604312916,40.32805633544922,7405200
2024-06-27 00:00:00-04:00,40.29325578262199,40.362848491236036,39.2928821656545,39.54515075683594,8633300
2024-06-28 00:00:00-04:00,39.57995362735005,39.68433938909358,39.37987953469015,39.62344741821289,12238500
2024-07-01 00:00:00-04:00,39.927913351125746,40.38025278940497,39.79742865115351,40.04099655151367,7070000
2024-07-02 00:00:00-04:00,40.014897780608266,40.12798429043438,39.80612294080341,40.05839157104492,5463400
2024-07-03 00:00:00-04:00,40.0583887894326,40.136678934127595,39.780024567931115,39.97140121459961,3663800
2024-07-05 00:00:00-04:00,39.919210832093746,40.10188674926758,39.80612431835411,40.10188674926758,6881500
2024-07-08 00:00:00-04:00,40.10188462680183,40.33675507289307,39.90181053976783,40.03229522705078,5318800
2024-07-09 00:00:00-04:00,40.040993841377805,40.876089891622684,40.03229641053809,40.62382125854492,9398100
2024-07-10 00:00:00-04:00,40.7717037715113,41.067466216987945,40.4846420758696,40.82389831542969,9584400
2024-07-11 00:00:00-04:00,40.710816417225004,41.00657889627379,40.536837902779105,40.95438766479492,7439600
2024-07-12 00:00:00-04:00,41.058765751927446,41.606796808306534,40.980475601016146,41.519805908203125,7337400
2024-07-15 00:00:00-04:00,41.5807016211166,41.80687466337619,41.34583114724572,41.511112213134766,8734000
2024-07-16 00:00:00-04:00,41.624192856555524,41.911257857534906,41.45891511919274,41.7807731628418,6205400
2024-07-17 00:00:00-04:00,41.867758905867646,43.033410309925934,41.867758905867646,42.96381759643555,10040100
2024-07-18 00:00:00-04:00,42.66806511707886,43.42486780117351,42.572376772972774,42.91163635253906,6788500
2024-07-19 00:00:00-04:00,43.15520004114495,43.18129565303004,42.859437605780485,43.01601791381836,5776500
2024-07-22 00:00:00-04:00,42.98122398195841,43.11170868548699,42.659365916515455,42.97252655029297,5103200
2024-07-23 00:00:00-04:00,43.05081569138631,43.259587230061854,42.62456854584777,42.72895431518555,6919300
2024-07-24 00:00:00-04:00,42.789839863266096,43.09430301245151,42.372293530268614,42.98991394042969,8777200
2024-07-25 00:00:00-04:00,43.2595845604295,43.9033039547421,43.14649804824683,43.32047653198242,10341100
2024-07-26 00:00:00-04:00,43.3204800925677,43.903307563230975,43.10300779961469,43.86851119995117,6995700
2024-07-29 00:00:00-04:00,43.79891742903749,44.129476235586004,43.48576012207779,43.95549774169922,6272600
2024-07-30 00:00:00-04:00,43.825013208995834,44.23385882411505,43.72932487831999,43.97289276123047,8663000
2024-07-31 00:00:00-04:00,42.10263307937342,42.668058994116016,41.3806235453568,42.633262634277344,19166000
2024-08-01 00:00:00-04:00,43.15519787364539,43.52925044424175,42.97252196289745,43.5118522644043,9974900
2024-08-02 00:00:00-04:00,43.83371466303022,44.71230458136374,43.390072647243585,44.42523956298828,12662500
2024-08-05 00:00:00-04:00,43.48575939213838,44.17296928799204,42.63326511823922,42.92902755737305,14335800
2024-08-06 00:00:00-04:00,42.90292832575658,43.60753966146419,42.885530146291316,43.042110443115234,8012000
2024-08-07 00:00:00-04:00,43.129106121774605,44.085982869900164,43.094309758986526,43.52055358886719,10292100
2024-08-08 00:00:00-04:00,43.25958875928511,44.19907067162698,43.25958875928511,43.88591003417969,7662100
2024-08-09 00:00:00-04:00,43.80761922339344,44.068585311264286,43.72062831519392,43.86851119995117,5449800
2024-08-12 00:00:00-04:00,43.87720137900184,44.138170742100165,43.62493608283051,43.76411819458008,5941100
2024-08-13 00:00:00-04:00,43.79021839670771,44.50352720903874,43.79021839670771,44.46003341674805,6652400
2024-08-14 00:00:00-04:00,44.35564216193943,44.712296523963914,44.22515748285303,44.52961730957031,6000600
2024-08-15 00:00:00-04:00,44.58181796105866,44.67750629640108,44.04248762901305,44.13817596435547,8382500
2024-08-16 00:00:00-04:00,44.17296314523239,44.677500367036956,44.10337374954125,44.642704010009766,7722700
2024-08-19 00:00:00-04:00,44.69489854555056,44.85147883380968,44.5470156873666,44.642704010009766,6500500
2024-08-20 00:00:00-04:00,44.65140818905213,44.973266220374164,44.53832167920684,44.747093200683594,7306700
2024-08-21 00:00:00-04:00,44.83408781258741,45.1124520765164,44.74709690613224,45.0689582824707,6169400
2024-08-22 00:00:00-04:00,45.13854452385127,45.18203831484689,44.77319269745183,45.08635330200195,6982800
2024-08-23 00:00:00-04:00,45.21683711292892,45.63438350205393,45.01676300887092,45.61698532104492,9149200
2024-08-26 00:00:00-04:00,45.67787773827625,46.1737176059312,45.62568651310691,45.85185623168945,8068300
2024-08-27 00:00:00-04:00,46.02583589658932,46.13022166794865,45.77356724063742,46.112823486328125,4705300
2024-08-28 00:00:00-04:00,46.23460592416301,46.56516138530424,46.09542380411315,46.29549789428711,6794400
2024-08-29 00:00:00-04:00,46.373792125039635,46.51297425733732,46.182415448743896,46.41728591918945,5265000
2024-08-30 00:00:00-04:00,46.49557297928616,46.817431016594824,46.321594495910496,46.7739372253418,8010100
2024-09-03 00:00:00-04:00,46.78263583862812,47.39155888665103,46.74784279576448,47.03490447998047,10688000
2024-09-04 00:00:00-04:00,47.18278721409945,47.63512663523904,47.13059267241551,47.59163284301758,7810600
2024-09-05 00:00:00-04:00,47.739514254750134,47.80040622566575,47.1479894072582,47.20888137817383,8077400
2024-09-06 00:00:00-04:00,47.20887913011834,47.44374957176431,46.59125870117712,46.704341888427734,8207700
2024-09-09 00:00:00-04:00,46.71304081101736,47.147985318906976,46.62604991842149,47.087093353271484,8154000
2024-09-10 00:00:00-04:00,47.06969759968762,47.22627789606364,46.83482715512359,47.043601989746094,6122500
2024-09-11 00:00:00-04:00,46.939215914277526,46.939215914277526,45.69527421262832,46.25200271606445,7794700
2024-09-12 00:00:00-04:00,46.1128202607949,46.29549949585035,45.6865764551806,45.79096221923828,7320800
2024-09-13 00:00:00-04:00,45.93014617768439,46.07802905783639,45.73877282233275,46.06932830810547,7963200
2024-09-16 00:00:00-04:00,46.158027396133406,46.38863864588643,45.78549736680322,45.8564567565918,11012200
2024-09-17 00:00:00-04:00,45.65245150752817,45.75888720383472,44.72999978345867,44.79208755493164,10897500
2024-09-18 00:00:00-04:00,44.79208709896235,45.27992103422529,44.68565140373928,44.90739440917969,7778400
2024-09-19 00:00:00-04:00,44.89851938142452,45.004958452086846,44.4106854832421,44.5526008605957,10464400
2024-09-20 00:00:00-04:00,44.570343502932296,44.70339065784547,44.277641115535204,44.69451904296875,22650500
2024-09-23 00:00:00-04:00,44.70338570464441,45.41296255732319,44.614686483353736,45.2533073425293,10945000
2024-09-24 00:00:00-04:00,45.049304147258034,45.57261770980485,44.916257007268605,45.404090881347656,7712700
2024-09-25 00:00:00-04:00,45.625840096803984,45.6524515585577,45.17348584934818,45.271053314208984,7148000
2024-09-26 00:00:00-04:00,45.04931204154076,45.625841854288936,44.99609249951311,45.31540298461914,6264500
2024-09-27 00:00:00-04:00,45.412965820385494,45.56374943211993,45.2444389795887,45.2799186706543,4602400
2024-09-30 00:00:00-04:00,45.386357242199225,45.5548840936969,44.84530714497712,45.271053314208984,10017000
2024-10-01 00:00:00-04:00,45.28879593552779,45.528278804804685,45.031573218504825,45.17348861694336,7243900
2024-10-02 00:00:00-04:00,45.146880287860505,45.17348836756772,44.66791455195079,44.871917724609375,7721700
2024-10-03 00:00:00-04:00,44.79208598379616,44.8009542150399,44.064769214741645,44.33086013793945,6877600
2024-10-04 00:00:00-04:00,44.08251103539868,44.45503766785671,43.99381180133977,44.43729782104492,7409500
2024-10-07 00:00:00-04:00,44.437296529522754,44.472776222115144,44.073638139275054,44.27764129638672,6276400
2024-10-08 00:00:00-04:00,44.33086112970198,44.481648132456236,43.869635273526804,43.949462890625,5272000
2024-10-09 00:00:00-04:00,44.04702711730289,44.650168316938085,44.002679196291666,44.5526008605957,7375700
2024-10-10 00:00:00-04:00,44.78321829132729,45.01382952526523,43.96720228236979,44.06476974487305,8847900
2024-10-11 00:00:00-04:00,44.259911288593614,44.33973891680389,43.95834062463594,44.20669174194336,4542800
2024-10-14 00:00:00-04:00,44.126854997896025,44.251030530897246,43.754328398892376,44.224422454833984,5696300
2024-10-15 00:00:00-04:00,44.348598798286304,44.650169405455834,44.10911595875201,44.25990295410156,5140800
2024-10-16 00:00:00-04:00,44.321993195827694,44.685651590932174,44.23329396316211,44.490516662597656,4928700
2024-10-17 00:00:00-04:00,44.41956304129347,44.623566212066116,44.064772858670636,44.11799240112305,6263900
2024-10-18 00:00:00-04:00,44.06476950187748,44.100249194142954,43.337452728083605,44.002681732177734,7148400
2024-10-21 00:00:00-04:00,44.011552806134446,44.07364057984437,43.44389122734094,43.51485061645508,5011500
2024-10-22 00:00:00-04:00,43.851888505633696,44.455029654392874,43.60353746209611,44.40181350708008,6087300
2024-10-23 00:00:00-04:00,44.34859868472606,44.392946606704875,43.99380854183643,44.17120361328125,5520300
2024-10-24 00:00:00-04:00,44.25103171620204,44.49051455777466,44.06476841171098,44.295379638671875,4282100
2024-10-25 00:00:00-04:00,44.33973555500567,44.44617125670611,43.98494537129761,44.09138107299805,5325500
2024-10-28 00:00:00-04:00,44.12685701740322,44.685650325011906,44.10911717137266,44.570343017578125,6314700
2024-10-29 00:00:00-04:00,44.3663442146402,44.73000263510733,44.304256439208984,44.304256439208984,8017300
2024-10-30 00:00:00-04:00,44.259905689869115,44.94287117607177,44.24216584322973,44.79208755493164,11067500
2024-10-31 00:00:00-04:00,45.57262102664937,48.64154324835555,45.537141335599344,48.30449295043945,25560600
2024-11-01 00:00:00-04:00,48.30449495783095,48.42867049813683,47.6658774100393,47.78118133544922,10986200
2024-11-04 00:00:00-05:00,47.834398428214776,47.94083411681582,47.5150879788821,47.7900505065918,7831900
2024-11-05 00:00:00-05:00,47.719091542177324,48.16257752934167,47.5328282396154,48.06501007080078,5864100
2024-11-06 00:00:00-05:00,48.41093209682856,48.827806624943534,47.967446108621026,48.153709411621094,8953100
2024-11-07 00:00:00-05:00,48.189188275646444,48.30449219446013,47.39091215716199,47.48847961425781,6368000
2024-11-08 00:00:00-05:00,47.488479831882316,48.135968960496044,47.45300014122497,47.940834045410156,5712300
2024-11-11 00:00:00-05:00,47.9940592349346,48.597200513039425,47.736836522663154,47.83440399169922,5610400
2024-11-12 00:00:00-05:00,47.958572125777934,48.535105235389054,47.701349453272705,48.28675079345703,8101200
2024-11-13 00:00:00-05:00,48.535109167429724,49.138250401152966,48.2512783966811,49.00520324707031,7233700
2024-11-14 00:00:00-05:00,48.606065649303225,49.333382429484494,48.33997472203467,49.12937927246094,6815200
2024-11-15 00:00:00-05:00,49.27129471890743,49.954263575959295,49.253554872597405,49.60834503173828,8201700
2024-11-18 00:00:00-05:00,49.69704518513351,50.158271078561874,49.65269725728136,49.972007751464844,8718100
2024-11-19 00:00:00-05:00,49.927659098080376,50.10505419044113,49.51965275412161,49.546260833740234,6915800
2024-11-20 00:00:00-05:00,49.65269470214844,49.732522321586366,49.14712090688481,49.65269470214844,5716300
2024-11-21 00:00:00-05:00,49.661568060974936,50.09618248376181,49.42208519425301,49.697044372558594,5333600
2024-11-22 00:00:00-05:00,49.89217453480765,50.415488145269485,49.883306303643394,50.31792068481445,6617600
2024-11-25 00:00:00-05:00,50.486446463219856,50.73480093310739,50.02522398384969,50.335662841796875,13567700
2024-11-26 00:00:00-05:00,50.44210182117831,51.0895910409865,50.35340596557226,51.08072280883789,7787200
2024-11-27 00:00:00-05:00,51.08071829691257,51.47985637894421,50.956542756620436,51.13393783569336,5723700
2024-11-29 00:00:00-05:00,51.03637291745411,51.2226362371785,50.743670514861606,51.213768005371094,3635500
2024-12-02 00:00:00-05:00,51.1073304016975,51.14281009701376,50.513060731035075,50.717063903808594,5625300
2024-12-03 00:00:00-05:00,50.779143046048425,50.85897065517378,50.40661645914969,50.46870422363281,8734800
2024-12-04 00:00:00-05:00,50.21148401460295,50.40661893170995,49.93652148445487,50.0695686340332,8579800
2024-12-05 00:00:00-05:00,50.246965974457474,50.885583524092446,50.202614666909035,50.477577209472656,5398600
2024-12-06 00:00:00-05:00,51.1161948245196,51.45324173200686,50.56626977508977,50.84123229980469,5733000
2024-12-09 00:00:00-05:00,50.90332703076959,50.90332703076959,49.0761667149847,49.546260833740234,8641400
2024-12-10 00:00:00-05:00,49.404341924430206,49.78574016165695,49.147119227969426,49.21807861328125,8319900
2024-12-11 00:00:00-05:00,49.39547117629184,49.67043372390561,48.43754314248058,48.50849914550781,9363800
2024-12-12 00:00:00-05:00,48.69476954379086,48.83668494415932,48.357719199091996,48.77459716796875,6278700
2024-12-13 00:00:00-05:00,48.65041375540145,48.94311614496351,48.38432282713668,48.712501525878906,6532800
2024-12-16 00:00:00-05:00,48.87215892356715,48.95198654393426,48.48189243706674,48.517372131347656,6723300
2024-12-17 00:00:00-05:00,48.41979750254472,48.50849334159899,47.852136012126856,48.01179122924805,10125500
2024-12-18 00:00:00-05:00,47.91422722957063,48.04727099774112,47.19577870074334,47.231258392333984,10619400
2024-12-19 00:00:00-05:00,47.3909188128965,47.70135768950088,46.99178069759802,47.00065231323242,10822300
2024-12-20 00:00:00-05:00,46.93856530099236,47.790061150027974,46.87647752018657,47.754581451416016,27063800
2024-12-23 00:00:00-05:00,47.75457517181505,47.76344340353675,46.96517059092014,47.523963928222656,7199600
2024-12-24 00:00:00-05:00,47.55943919033172,47.57717903691393,47.35543602993091,47.426395416259766,5406800
2024-12-26 00:00:00-05:00,47.27267271913751,47.72478321859163,46.983322275433224,47.5620231628418,5230800
2024-12-27 00:00:00-05:00,47.326928475776775,47.78807967974319,47.1099139125794,47.36309814453125,6425500
2024-12-30 00:00:00-05:00,47.2365102553245,47.31789028966801,46.684934850255104,47.091835021972656,5409900
2024-12-31 00:00:00-05:00,47.209383677442986,47.34501822468674,46.8748228300595,47.28172302246094,4708900
2025-01-02 00:00:00-05:00,47.43543767602071,47.90563305795414,47.363101782285426,47.480648040771484,5472800
2025-01-03 00:00:00-05:00,47.769998104434706,48.08647408145221,47.56202423458954,48.0503044128418,5604800
2025-01-06 00:00:00-05:00,47.977967513800465,48.08647306801547,46.992366485579915,47.10087203979492,6242400
2025-01-07 00:00:00-05:00,47.28172081526678,47.399267071438956,46.51313083231435,46.53121566772461,5365700
2025-01-08 00:00:00-05:00,46.47696575798775,46.58547132379781,46.07006557453785,46.558345794677734,6487200
2025-01-10 00:00:00-05:00,46.25090685855055,46.78439740185125,45.70837217336555,45.99772262573242,12003200
2025-01-13 00:00:00-05:00,46.16953001072847,46.232825210963604,45.798799502495676,45.97964096069336,5816200
2025-01-14 00:00:00-05:00,46.07910608142723,46.50409109901484,45.93443084448906,46.4407958984375,6391500
2025-01-15 00:00:00-05:00,45.97963927340053,46.60355400900807,45.95251374553223,46.15144348144531,7026100
2025-01-16 00:00:00-05:00,46.02484898011488,46.60354985188123,45.86208892876443,46.259944915771484,5969600
2025-01-17 00:00:00-05:00,46.1876110865865,47.02853345687501,46.07910208130523,46.89290237426758,6532500
2025-01-21 00:00:00-05:00,47.03758122146435,47.18225645698611,46.24186570142982,46.540260314941406,8195400
2025-01-22 00:00:00-05:00,46.41366533257617,46.60355091370164,45.762625112341006,45.9434700012207,7840300
2025-01-23 00:00:00-05:00,45.943470376380226,46.46791676415151,45.90730070844307,46.30515670776367,6539800
2025-01-24 00:00:00-05:00,46.34132874592466,47.17321045505137,46.29611838335553,47.06470489501953,8030400
2025-01-27 00:00:00-05:00,47.39926596670632,48.656136128452864,47.39926596670632,48.33061599731445,9771200
2025-01-28 00:00:00-05:00,48.27635857981836,48.43911863556819,47.17320785736491,47.5620231628418,10642000
2025-01-29 00:00:00-05:00,47.74286999515623,48.02317975798221,47.507774043578905,47.61627960205078,8537600
2025-01-30 00:00:00-05:00,46.13335841177935,46.7030186394233,45.283391866043125,46.603553771972656,16528200
2025-01-31 00:00:00-05:00,46.38653320955895,47.435429354691685,46.38653320955895,47.22745895385742,9548400
2025-02-03 00:00:00-05:00,47.01949559378995,47.869462156995944,46.88386105369139,47.788082122802734,8428500
2025-02-04 00:00:00-05:00,47.84233739938087,47.92371743488499,47.02853704433962,47.58011245727539,6876300
2025-02-05 00:00:00-05:00,47.84233263203091,47.851373324261736,47.390222135243874,47.543941497802734,5166500
2025-02-06 00:00:00-05:00,48.26732306569304,48.37582863139038,47.35405782719541,47.59819793701172,6968100
2025-02-07 00:00:00-05:00,47.71574446787063,47.97796939606306,47.40830917775905,47.61627960205078,5531100
2025-02-10 00:00:00-05:00,47.670538988143406,48.71039121609882,47.670538988143406,48.683265686035156,5778600
2025-02-11 00:00:00-05:00,48.69230270385742,48.773682737234935,48.20402595292196,48.69230270385742,5172700
2025-02-12 00:00:00-05:00,48.38486750565881,48.7194317820867,48.08647634887646,48.23115158081055,4829400
2025-02-13 00:00:00-05:00,48.22210775420671,48.58379408587312,47.38118194532146,48.48432922363281,6379300
2025-02-14 00:00:00-05:00,48.439120574863544,48.69230136090873,48.17689564684274,48.18593978881836,4564900
2025-02-18 00:00:00-05:00,48.18594256848079,48.194983261648424,47.498732610530624,47.697662353515625,8266700
2025-02-19 00:00:00-05:00,47.95988595210033,48.60188207822475,47.43543608050825,48.23115158081055,6780700
2025-02-20 00:00:00-05:00,47.96892603916154,49.19866721973433,47.92371567650245,49.1263313293457,6734300
2025-02-21 00:00:00-05:00,49.126329847011995,49.994381201460435,49.10824501262814,49.777366638183594,8820200
2025-02-24 00:00:00-05:00,49.885874465324946,50.39223950312787,49.56035777959052,49.958213806152344,11373000
2025-02-25 00:00:00-05:00,50.05767454568454,51.169865949184896,50.05767454568454,50.636375427246094,12158600
2025-02-26 00:00:00-05:00,50.42840844577356,50.69967407130223,49.433763219728995,49.59652328491211,7723300
2025-02-27 00:00:00-05:00,49.506102164902956,50.003423049296345,49.343342101017186,49.80449676513672,6354200
2025-02-28 00:00:00-05:00,50.229478242964134,50.71775843396665,49.976297454738926,50.5007438659668,9822200
2025-03-03 00:00:00-05:00,50.45553564317769,51.983671478039795,50.44649495007038,51.8209114074707,10433800
2025-03-04 00:00:00-05:00,52.28206263647542,52.97831328288486,50.871476508113865,50.90764617919922,16801900
2025-03-05 00:00:00-05:00,50.77201234628744,51.17890905138216,50.446492222748056,50.59116744995117,7413200
2025-03-06 00:00:00-05:00,50.72679963619147,51.739529697923274,50.21139391251081,51.54964065551758,9487700
2025-03-07 00:00:00-05:00,51.40496620887388,52.94214271053629,51.35975584545167,52.25493621826172,12645200
2025-03-10 00:00:00-04:00,52.444816063244176,53.95486342180092,52.435775371282965,53.339996337890625,16149900
2025-03-11 00:00:00-04:00,53.168197396763325,53.258621571950584,52.32727153883456,52.5804557800293,12040100
2025-03-12 00:00:00-04:00,52.31822824398112,52.508113828436194,51.82090737783856,52.27301788330078,8390400
2025-03-13 00:00:00-04:00,52.55332336731125,53.23148911489974,52.453858505772246,52.942138671875,8911700
2025-03-14 00:00:00-04:00,52.58045556635724,53.44850694864987,52.58045556635724,53.267662048339844,8370800
2025-03-17 00:00:00-04:00,53.421381280739446,53.638392401078576,53.077776315984664,53.25862121582031,8567800
2025-03-18 00:00:00-04:00,53.25862335075339,53.57509935115492,52.7160886294983,52.75225830078125,8524400
2025-03-19 00:00:00-04:00,52.69799975394546,52.80650875947583,52.07408849412832,52.39960861206055,8505000
2025-03-20 00:00:00-04:00,52.426738283915235,52.63470872029753,52.21876784753294,52.52620315551758,7209400
2025-03-21 00:00:00-04:00,52.56236937365426,52.56236937365426,51.60389384130022,52.0831298828125,33837100
2025-03-24 00:00:00-04:00,52.05600233961913,52.32726794790628,51.89324228478096,52.12834167480469,11954800
2025-03-25 00:00:00-04:00,52.008678655036334,52.275626697962494,51.76014118522141,52.20198440551758,10378300
2025-03-26 00:00:00-04:00,52.17437036375533,53.32500484864504,52.17437036375533,53.1593132019043,9357600
2025-03-27 00:00:00-04:00,53.26056632921061,53.831280015476636,53.26056632921061,53.66558837890625,8520100
2025-03-28 00:00:00-04:00,53.84969548679669,53.904927207831065,53.16851830653762,53.52751922607422,10396600
2025-03-31 00:00:00-04:00,53.803666656843234,55.39614428681776,53.803666656843234,55.248863220214844,17337300
2025-04-01 00:00:00-04:00,55.14760951472914,55.32250469250862,53.84969395473987,54.116641998291016,19150200
2025-04-02 00:00:00-04:00,54.107429981543994,54.23630047031865,51.2814722241313,52.57938766479492,20161000
2025-04-03 00:00:00-04:00,53.38943769687963,54.53086859957841,53.17772138256002,53.28818130493164,14319800
2025-04-04 00:00:00-04:00,53.06726142665074,54.153460611748436,51.37352740170666,51.612857818603516,16333000
2025-04-07 00:00:00-04:00,48.786900770923864,51.70490805606246,48.62120912889845,51.235450744628906,16833100
2025-04-08 00:00:00-04:00,51.95344623686065,52.44131763910127,50.701558885256574,51.143402099609375,12315600
2025-04-09 00:00:00-04:00,50.63711920867132,52.6070083319541,50.57268396054304,51.87980651855469,15940600
2025-04-10 00:00:00-04:00,52.03629027210746,52.257213627426275,51.097372157053265,51.898216247558594,13148000
2025-04-11 00:00:00-04:00,52.063909396789775,52.41369974496195,51.483988644777185,52.14675521850586,9760300
2025-04-14 00:00:00-04:00,52.27562364231289,52.93838667828799,51.94424036859655,52.58859634399414,9782600
2025-04-15 00:00:00-04:00,53.06726065139387,53.297387534511,52.625413945726315,52.947593688964844,6384000
2025-04-16 00:00:00-04:00,53.38023482706579,53.56433352947761,52.52416251731175,52.71746826171875,8526100
2025-04-17 00:00:00-04:00,52.91077484566536,53.868103563810514,52.87395370001569,53.536720275878906,8765700
2025-04-21 00:00:00-04:00,53.665593244340656,53.803670791153564,52.48734462097992,53.04885482788086,6727900
2025-04-22 00:00:00-04:00,53.20533467263771,54.30994441385509,53.18692410061404,54.14425277709961,9475200
2025-04-23 00:00:00-04:00,53.87730487152495,54.245509289914175,53.34341232746391,53.90492248535156,8942500
2025-04-24 00:00:00-04:00,53.840489987437664,54.10743451736706,53.60115604982927,54.042999267578125,6053700
2025-04-25 00:00:00-04:00,54.07981917051088,54.24551081229034,53.34341382452312,53.62876892089844,5680300
2025-04-28 00:00:00-04:00,53.61956276973381,54.10743062920834,53.26976893068882,53.5643310546875,8849800
2025-04-29 00:00:00-04:00,52.468933390011806,54.71497067802082,52.294038209503256,54.09823226928711,12724200
2025-04-30 00:00:00-04:00,54.420407134570596,54.917482070412476,53.92333571018646,54.44802474975586,13422300
2025-05-01 00:00:00-04:00,54.23630548696065,54.82543329385564,53.95095038155327,54.595306396484375,9436800
2025-05-02 00:00:00-04:00,54.641329256522035,54.97271253954947,54.35597064914671,54.871456146240234,7027500
2025-05-05 00:00:00-04:00,55.009526237226744,55.27647425294938,54.42040200353363,55.110782623291016,6656000
2025-05-06 00:00:00-04:00,55.15680913925901,55.801165108194894,55.09237389351117,55.67229461669922,6527400
2025-05-07 00:00:00-04:00,55.71831758812206,56.39028763857281,55.571036529276114,56.068111419677734,9189200
2025-05-08 00:00:00-04:00,55.67229447644237,56.132548237171676,55.31329710490671,55.598655700683594,7904400
2025-05-09 00:00:00-04:00,55.34091758407802,55.37773873192925,54.6413333321944,54.70576858520508,5747300
2025-05-12 00:00:00-04:00,53.63797854008416,53.63797854008416,52.02709023207419,52.422908782958984,16278600
2025-05-13 00:00:00-04:00,52.4229032099263,52.44131378143557,51.833778967459466,51.98106002807617,11410600
2025-05-14 00:00:00-04:00,51.87060280199912,52.22039667959067,51.60365826183562,51.852195739746094,9070600
2025-05-15 00:00:00-04:00,52.14675607691369,53.711616161709735,52.12834550384508,53.444671630859375,8851100
2025-05-16 00:00:00-04:00,53.57354167935673,54.26392236205086,53.46308175333383,54.20869064331055,5927700
2025-05-19 00:00:00-04:00,54.35596545011271,54.751783943485414,54.11663505273861,54.74258041381836,6318300
2025-05-20 00:00:00-04:00,54.678151061203025,55.31330002036221,54.678151061203025,55.138404846191406,5819900
2025-05-21 00:00:00-04:00,55.13840744249489,55.184432120869346,54.659743062193165,54.724178314208984,7614300
2025-05-22 00:00:00-04:00,54.678150580347925,54.853045752980655,54.070615729964395,54.586097717285156,5789200
2025-05-23 00:00:00-04:00,54.8898668059928,55.05555844776974,54.54927648041927,54.99112319946289,4863100
2025-05-27 00:00:00-04:00,54.98191358477712,55.02793825834879,54.43881400913332,54.88065719604492,5216200
2025-05-28 00:00:00-04:00,54.862249016697916,54.98191598236859,54.62291859681424,54.75178909301758,4767100
2025-05-29 00:00:00-04:00,54.48484105862057,54.82543138310958,54.20868949369088,54.75178909301758,5321400
2025-05-30 00:00:00-04:00,54.78861207298715,55.80116901546005,54.770201499847566,55.79196548461914,12772800
2025-06-02 00:00:00-04:00,55.56183774718442,55.819578744324744,55.36853199932917,55.81037521362305,6413400
2025-06-03 00:00:00-04:00,55.73672892488993,56.04049808812643,55.073965906709574,55.57103729248047,6785200
2025-06-04 00:00:00-04:00,55.552631620840934,55.60786334033484,54.475639426643134,54.595306396484375,7602600
2025-06-05 00:00:00-04:00,54.69655559996203,54.87145427752437,54.245508877891616,54.668941497802734,9055200
2025-06-06 00:00:00-04:00,54.63212141063512,54.91748001381155,54.52166148840389,54.53086853027344,4858300
2025-06-09 00:00:00-04:00,54.457224020505265,54.62291565282439,54.227097143557316,54.3743782043457,6357500
2025-06-10 00:00:00-04:00,54.38358682467452,54.54007142004252,53.75764142028739,53.90492248535156,8697200
2025-06-11 00:00:00-04:00,53.90492213701354,55.18442703988859,53.886511565067295,55.147605895996094,9052300
2025-06-12 00:00:00-04:00,55.33170944248947,55.35932354534806,54.49404771168847,55.15681076049805,10489400
2025-06-13 00:00:00-04:00,55.414558469441715,55.69071004838179,54.816227122190014,55.05556106567383,10174000
2025-06-16 00:00:00-04:00,54.89635595601224,55.561258252034506,54.474940014133665,55.06492233276367,10536900
2025-06-17 00:00:00-04:00,55.07428489349704,55.60807718815616,54.69969218001865,55.24285125732422,7222400
2025-06-18 00:00:00-04:00,55.18666478487471,55.99203666935595,55.18666478487471,55.71109390258789,8262900
2025-06-20 00:00:00-04:00,55.56125922857932,55.9545783996582,55.43014926583848,55.9545783996582,23289800
2025-06-23 00:00:00-04:00,55.95457984695932,56.778681772168746,55.907756645245655,56.64757537841797,8956900
2025-06-24 00:00:00-04:00,56.591385047644444,56.61011504269189,56.095052682221606,56.10441589355469,5767100
2025-06-25 00:00:00-04:00,55.917118382081156,56.0107683554202,55.186666451942635,55.19602966308594,7040700
2025-06-26 00:00:00-04:00,55.28968064471917,55.70172981778171,54.92445467298944,55.05556106567383,6974700
2025-06-27 00:00:00-04:00,54.92445433643359,55.11174714061719,54.54049837204722,55.01810073852539,11502900
2025-06-30 00:00:00-04:00,54.99000676143084,55.05555995645231,54.55922402965676,54.905723571777344,9462300
2025-07-01 00:00:00-04:00,55.17730178110488,55.52380133715467,54.35320341845458,54.44684982299805,7656800
2025-07-02 00:00:00-04:00,54.812073378501914,55.467608898465336,54.54986059946902,55.41141891479492,9264200
2025-07-03 00:00:00-04:00,55.31777227384253,55.860931396484375,55.280312284891814,55.860931396484375,4776100
2025-07-07 00:00:00-04:00,55.83283112975392,56.525826592514235,55.80473792598693,56.422813415527344,7376500
2025-07-08 00:00:00-04:00,56.18869847579974,56.45091125885814,55.467609750007895,55.75791931152344,7939200
2025-07-09 00:00:00-04:00,55.64553623485633,55.71109299934106,53.24815418676461,54.08161926269531,22224800
2025-07-10 00:00:00-04:00,54.05352403730726,54.94317548899086,53.84749768560913,54.8307991027832,14342400
2025-07-11 00:00:00-04:00,54.72779020813133,54.72779020813133,53.94114829837917,54.12844467163086,9431100
2025-07-14 00:00:00-04:00,54.31574156158203,54.624781116244364,53.875595616110665,54.43748474121094,8320700
2025-07-15 00:00:00-04:00,54.1284456228501,54.89635755153378,54.081622421809634,54.76525115966797,7739800
2025-07-16 00:00:00-04:00,54.755886861288126,55.22412600715888,54.643506894164695,55.12111282348633,7054300
2025-07-17 00:00:00-04:00,54.97127785973523,55.77664978301849,53.84750316613954,54.29701232910156,12501400
2025-07-18 00:00:00-04:00,54.297008853941456,54.63414159768086,54.100349277553825,54.334468841552734,5688800
2025-07-21 00:00:00-04:00,54.22209852970487,55.35523648911934,54.22209852970487,55.177303314208984,6946800
2025-07-22 00:00:00-04:00,54.83080338380767,55.748551682983894,54.4562142097417,55.664268493652344,9649500
2025-07-23 00:00:00-04:00,55.4114194383627,56.05759175334382,55.242856630521125,55.97330856323242,7172200
2025-07-24 00:00:00-04:00,55.92648425213573,56.020130651564,55.54252829866997,55.82347106933594,6933900
2025-07-25 00:00:00-04:00,55.77665134310882,56.123147329428825,55.701731360995645,56.03886413574219,6368800
2025-07-28 00:00:00-04:00,55.95457309237856,56.02949306398146,54.87762172106244,54.9900016784668,7419900
2025-07-29 00:00:00-04:00,54.80270598984078,55.88902058465812,54.718422806950606,55.58934783935547,11825600
2025-07-30 00:00:00-04:00,56.06695370767758,58.25831302906939,56.01076729711698,57.593414306640625,20487500
2025-07-31 00:00:00-04:00,57.32183393938136,58.36132538866851,57.04089117339644,58.005462646484375,10623100
2025-08-01 00:00:00-04:00,58.21149556424268,58.67037153918734,57.77134958545714,57.85563278198242,9689400
2025-08-04 00:00:00-04:00,57.83689627241721,58.501798557851515,57.83689627241721,58.005462646484375,6384500
2025-08-05 00:00:00-04:00,58.0522935715454,58.651639134499085,58.03356357615542,58.54862594604492,5889500
2025-08-06 00:00:00-04:00,58.848293665448836,59.709851944989026,58.557984120448445,59.13860321044922,6482800
2025-08-07 00:00:00-04:00,58.998128907476094,59.57874441391792,58.754646137800805,59.51319122314453,5124400
2025-08-08 00:00:00-04:00,59.52256267778046,60.26237782777168,59.51319589414569,60.112545013427734,5434900
2025-08-11 00:00:00-04:00,60.30920698438806,61.76074413558824,60.22492021786935,61.498531341552734,10650500
2025-08-12 00:00:00-04:00,61.5640833430429,62.0791492818571,61.348697328457064,61.81693649291992,8848600
2025-08-13 00:00:00-04:00,61.779470868792586,61.957404021387,60.899179033551164,61.339324951171875,7508200
2025-08-14 00:00:00-04:00,61.34870181093363,61.7326542385703,61.2082286223785,61.38616180419922,10791100
2025-08-15 00:00:00-04:00,61.47980415137831,61.97613652600586,61.086484965231506,61.63900375366211,10137000
2025-08-18 00:00:00-04:00,61.760742524368794,62.369454863078374,61.70455611133064,61.79820251464844,7371700
2025-08-19 00:00:00-04:00,61.80756754352744,62.360086308748784,61.57344796949892,62.331993103027344,6482700
2025-08-20 00:00:00-04:00,62.556749046537995,63.55878047364928,62.36944911240948,63.287200927734375,8893100
2025-08-21 00:00:00-04:00,63.2965687927993,63.49323553538636,62.950076372959806,63.380855560302734,5963200
2025-08-22 00:00:00-04:00,63.68988917636306,64.24240792646461,63.05308366664133,63.371482849121094,9603300
2025-08-25 00:00:00-04:00,63.21229454968824,63.40895416424898,62.71596212083062,62.7908821105957,5706800
2025-08-26 00:00:00-04:00,62.7627695230704,62.7627695230704,62.02295798881458,62.22897720336914,8535600
2025-08-27 00:00:00-04:00,62.23834794919871,62.406914331666655,61.910581967945085,62.1915283203125,4973500
2025-08-28 00:00:00-04:00,62.15406233363882,62.28516871349095,61.45170366524732,62.20088195800781,5807700
2025-08-29 00:00:00-04:00,62.32263617337482,62.97816815124477,62.23834940778428,62.94070816040039,5930600
2025-09-02 00:00:00-04:00,63.109270042133545,63.249743211582455,62.42564490611755,62.86578369140625,6919700
2025-09-03 00:00:00-04:00,62.65040182618946,62.86578784143574,61.8450298892628,62.39754867553711,6722300
2025-09-04 00:00:00-04:00,62.57547385148868,63.1279997119458,62.04168155634157,62.36008071899414,6388600
2025-09-05 00:00:00-04:00,62.27580125261927,62.58484077808938,61.98549529250226,62.322628021240234,5935900
2025-09-08 00:00:00-04:00,62.26644004790744,62.61293959036215,61.31123532742167,61.5921745300293,10316600
2025-09-09 00:00:00-04:00,61.52661704265376,62.088509698194414,60.90854512422571,61.985496520996094,6918500
2025-09-10 00:00:00-04:00,61.96676710666596,62.294533081181726,61.68582790483634,62.0229606628418,6677300
2025-09-11 00:00:00-04:00,62.06978292979871,62.39754891825016,61.7982033551496,62.14470291137695,10022800
2025-09-12 00:00:00-04:00,62.09787250838928,62.49119881631208,61.73264655048846,62.41627883911133,7975900
2025-09-15 00:00:00-04:00,62.140313473007595,62.40676387276908,61.65498895331124,61.75014877319336,9129700
2025-09-16 00:00:00-04:00,61.64546782659809,61.845305616802115,60.988852758621626,61.674015045166016,9536300
2025-09-17 00:00:00-04:00,62.02611879326835,62.425794402319994,61.788215607847754,62.340152740478516,7261100
2025-09-18 00:00:00-04:00,61.854825887464514,61.854825887464514,60.84611511230469,60.84611511230469,10329700
2025-09-19 00:00:00-04:00,60.95079757390889,61.82627953319061,60.77950336391509,61.75014877319336,22705100
2025-09-22 00:00:00-04:00,61.664503782745506,61.71208006000244,60.3417591250957,60.703372955322266,7628300
2025-09-23 00:00:00-04:00,60.68434487106621,61.740631963268406,60.560634198422626,61.73112106323242,7417400
2025-09-24 00:00:00-04:00,61.58837725320062,62.206926981814966,61.41708667081863,61.97853469848633,6838200
2025-09-25 00:00:00-04:00,62.56853771348026,62.79692273842959,61.91192259899326,62.03563690185547,5747900
2025-09-26 00:00:00-04:00,62.18789063712767,62.6351497831853,61.98805283446492,62.53047180175781,5513800
2025-09-29 00:00:00-04:00,62.33063632428378,62.511445073535974,61.91192438295416,62.492408752441406,6867400
2025-09-30 00:00:00-04:00,62.51144475876188,62.97773298002146,62.19741080434598,62.8635368347168,7797300
2025-10-01 00:00:00-04:00,62.95869424906084,63.129977550365616,62.58755864888287,63.082401275634766,8514600
2025-10-02 00:00:00-04:00,62.97772476170079,63.39643664628191,62.33062787654282,62.56853103637695,6043300
2025-10-03 00:00:00-04:00,62.49240544108453,63.0348243998701,62.03563540222766,62.54950714111328,7028800
2025-10-06 00:00:00-04:00,61.988050324292566,62.33063147505006,61.64546917353506,62.20692443847656,7768400
2025-10-07 00:00:00-04:00,62.321109829739676,63.424983978271484,62.283044452870136,63.424983978271484,8825500
2025-10-08 00:00:00-04:00,63.38692666770387,63.49160465235883,62.07370366961785,62.2545051574707,10933700
2025-10-09 00:00:00-04:00,62.378213245751745,62.78740698310084,62.140310078926184,62.53998565673828,6965100
2025-10-10 00:00:00-04:00,62.901600571727315,63.872249630863266,62.51144312420606,63.3203125,11649600
2025-10-13 00:00:00-04:00,62.68273256857794,63.04434278900606,61.550311106905944,61.80724334716797,8089700
2025-10-14 00:00:00-04:00,61.8548232996104,62.682728932841286,61.6930508888201,62.235469818115234,6584800
2025-10-15 00:00:00-04:00,62.07370223048266,62.50192505943093,61.66450846183538,61.73112106323242,6790100
2025-10-16 00:00:00-04:00,61.712082779506474,61.81676075840451,60.99837324714465,61.150634765625,6458100
2025-10-17 00:00:00-04:00,61.58837466862689,61.92143765921785,61.169662760324734,61.902408599853516,6389600
2025-10-20 00:00:00-04:00,61.94998523797824,62.04514505580965,61.017408858910265,61.28385925292969,6209000
2025-10-21 00:00:00-04:00,61.331435894999906,61.464661092798714,59.90402046850238,60.66530990600586,9162400
2025-10-22 00:00:00-04:00,60.99837450410041,61.4170864283207,60.69385872109355,61.312408447265625,6025900
2025-10-23 00:00:00-04:00,61.53127803452782,61.69305044415211,61.093529822253934,61.44562911987305,5163200
2025-10-24 00:00:00-04:00,61.41708352257129,61.826277267273554,61.41708352257129,61.54079055786133,4489700
2025-10-27 00:00:00-04:00,61.302889357516655,61.302889357516655,60.51305269173039,60.65579605102539,7713000
2025-10-28 00:00:00-04:00,60.61773114145838,60.884181542087404,60.151439310243134,60.21805191040039,6000600
2025-10-29 00:00:00-04:00,59.97063195667144,60.3227276343491,58.90482676390661,58.971439361572266,10276100
2025-10-30 00:00:00-04:00,56.306922079851645,56.62095601533277,53.76611789691263,54.36563491821289,24613800
2025-10-31 00:00:00-04:00,54.39418086508665,55.269666421911026,53.60434422512989,53.65192413330078,15679900
2025-11-03 00:00:00-05:00,53.689987599009974,54.24192471576567,53.46160258043925,53.92789077758789,12745000
2025-11-04 00:00:00-05:00,54.32757030957336,54.603538869497044,53.68998789975363,54.53692626953125,9866000
2025-11-05 00:00:00-05:00,54.812888567548995,55.355307501292096,54.137244440271,54.39418029785156,8448400
2025-11-06 00:00:00-05:00,54.28950345126044,54.93660037340583,54.051600277827994,54.49885940551758,7864600
2025-11-07 00:00:00-05:00,54.80337576253738,55.317247493868315,54.38466747966461,55.222084045410156,8937400
2025-11-10 00:00:00-05:00,55.05079145483121,55.098374992377124,54.48933983486333,54.76530838012695,7814300
2025-11-11 00:00:00-05:00,55.00321393850679,55.89773220961146,54.97466671882963,55.58369827270508,6974800
2025-11-12 00:00:00-05:00,55.57418218747599,55.95482508293776,55.222082880778125,55.24111557006836,8902000
2025-11-13 00:00:00-05:00,55.383858004482875,55.45998513026465,54.75579378879769,55.01272964477539,7925200
2025-11-14 00:00:00-05:00,55.19353495659774,55.47901803207453,54.5940179570165,55.37434005737305,7788000
2025-11-17 00:00:00-05:00,55.42192345784077,55.659826625168165,55.11740406395659,55.31724548339844,9692500
2025-11-18 00:00:00-05:00,55.66934635024915,56.40208860961832,55.55515383570636,56.08805465698242,9548800
2025-11-19 00:00:00-05:00,55.897727993445024,56.23079096493815,55.62175945699978,55.774017333984375,5915000
2025-11-20 00:00:00-05:00,55.61224390278951,55.82159985474297,55.19353562899689,55.36482620239258,6158700
2025-11-21 00:00:00-05:00,55.56466331772899,56.09756772070279,55.24111486415816,55.37434005737305,9461000
2025-11-24 00:00:00-05:00,55.479019644047334,55.640795690590366,54.31805461936068,54.55595779418945,12757800
2025-11-25 00:00:00-05:00,54.92708716122036,55.61224584866252,54.670151292136644,55.517086029052734,9621300
2025-11-26 00:00:00-05:00,55.66934214377412,56.04998867030719,55.574182327198,55.85014724731445,5909700
2025-11-28 00:00:00-05:00,55.850147316380195,56.1546630859375,55.840632786756544,56.1546630859375,3207200
2025-12-01 00:00:00-05:00,56.14514852292392,56.31643909696232,55.85966544289801,56.27837371826172,7823400
2025-12-02 00:00:00-05:00,56.24982642970517,56.478211441397626,55.650309421312436,55.97385787963867,8318800
2025-12-03 00:00:00-05:00,56.15466444693471,56.468698383841094,55.526600203236356,55.58369827270508,9344400
2025-12-04 00:00:00-05:00,55.73595651824677,55.82160180794134,55.18402303030408,55.517086029052734,6733800
2025-12-05 00:00:00-05:00,55.38386261648788,55.621765803302594,55.117408578777514,55.184024810791016,5746700
2025-12-08 00:00:00-05:00,55.14595607364937,55.38385924598599,54.78434223526571,55.298213958740234,6814700
2025-12-09 00:00:00-05:00,55.50756955692708,55.71692187876624,55.14595572085682,55.36482620239258,5700900
2025-12-10 00:00:00-05:00,55.53611694852184,56.0214378212429,55.26966655801727,55.85014724731445,7834700
2025-12-11 00:00:00-05:00,56.01192163295749,56.506760650751154,55.68837318401987,55.87869644165039,7515600
2025-12-12 00:00:00-05:00,55.78353496963639,55.97385823399453,55.402892071034444,55.90724563598633,8571400
2025-12-15 00:00:00-05:00,55.916759074686475,56.91595528554326,55.90724454520565,56.23079299926758,10998400
2025-12-16 00:00:00-05:00,56.32595391312792,56.60192246493977,56.08805074021033,56.45918273925781,9078200
2025-12-17 00:00:00-05:00,56.63047088955195,56.85885953766488,56.02143933473669,56.31644058227539,8385300
2025-12-18 00:00:00-05:00,56.069016484206784,56.26885790276093,55.55514840394905,55.56466293334961,10777700
2025-12-19 00:00:00-05:00,55.43143766461434,55.87869677822289,55.222081716948345,55.26014709472656,35088900
2025-12-22 00:00:00-05:00,55.34579092055454,55.98337327613099,55.20304757270655,55.774017333984375,8682800
2025-12-23 00:00:00-05:00,55.77402043996993,55.91676016565279,55.49805188815635,55.90724563598633,7780900
2025-12-24 00:00:00-05:00,56.01192519650114,56.13563586634873,55.840634616747394,56.12611770629883,5050900
2025-12-26 00:00:00-05:00,56.05828183868877,56.281161585394315,55.631910746635555,55.81602478027344,8976100
2025-12-29 00:00:00-05:00,55.85478444982759,56.1164225055083,55.74819075715591,55.83540344238281,8275400
2025-12-30 00:00:00-05:00,55.82571810945282,56.0679751721069,55.72881306646154,55.98076248168945,5854800
2025-12-31 00:00:00-05:00,55.98076209427411,56.11642545697362,55.767574697718075,55.874168395996094,5231300
2026-01-02 00:00:00-05:00,55.87416970620572,56.000144415901886,55.28306187211158,55.535011291503906,12112500
2026-01-05 00:00:00-05:00,55.30244186807807,55.35089254121238,53.78106781305436,54.55628967285156,14083500
2026-01-06 00:00:00-05:00,54.32372216407405,54.595048876885194,53.083363555760485,53.451595306396484,11952900
2026-01-07 00:00:00-05:00,53.51942937002931,53.69385474933919,53.00584558458877,53.02522659301758,8704700
2026-01-08 00:00:00-05:00,53.05429810254643,54.54660253452053,53.05429810254643,54.16868209838867,11042300
2026-01-09 00:00:00-05:00,55.0214244397227,55.77726901018586,54.89545342510345,55.74819564819336,12679200
2026-01-12 00:00:00-05:00,55.748192870112476,56.7559831161428,55.670672533944405,56.72691345214844,10461200
2026-01-13 00:00:00-05:00,56.73660098512352,58.28704833984375,56.55248695588737,58.28704833984375,12441800
2026-01-14 00:00:00-05:00,58.287048968155524,59.64368625954182,58.23859459986908,59.566165924072266,10394200
2026-01-15 00:00:00-05:00,59.478953625001324,59.973156394428436,59.01382051949658,59.672760009765625,7588600
2026-01-16 00:00:00-05:00,59.575856499827275,60.02160860865362,59.052580356483595,59.84718322753906,8980100
2026-01-20 00:00:00-05:00,59.82780360732947,60.15727334821846,59.13010210978825,59.25607681274414,14211100
2026-01-21 00:00:00-05:00,59.41112373607049,59.59523777404552,58.39364110951797,59.18824768066406,9095400
2026-01-22 00:00:00-05:00,58.93629834901153,59.440193486699116,58.52930825504239,59.139793395996094,6273800
2026-01-23 00:00:00-05:00,59.3142179418806,60.03130046908932,59.071960880824186,59.99253845214844,6558900
2026-01-26 00:00:00-05:00,60.17665396099742,61.242587273670736,60.07975261282234,61.02939987182617,11043900
2026-01-27 00:00:00-05:00,61.048777818824185,61.727098311676535,60.54488270117813,61.649574279785156,8740800
2026-01-28 00:00:00-05:00,61.53329068059141,62.2309921672671,61.15537027415849,61.17475128173828,11620100
2026-01-29 00:00:00-05:00,59.19793562164311,60.58364630740647,57.56996787468406,57.90912628173828,27882900
2026-01-30 00:00:00-05:00,58.141692953862346,60.07974938565776,57.947886571372955,60.07006072998047,13245500
2026-02-02 00:00:00-05:00,60.43829092705017,60.632097316390784,59.61461839303932,60.30262756347656,12912800
2026-02-03 00:00:00-05:00,60.554576295490165,62.53139109412636,60.07975083178946,62.172855377197266,12478500
2026-02-04 00:00:00-05:00,62.57984569492494,63.306616877031416,62.41511266799118,63.141883850097656,13033900
2026-02-05 00:00:00-05:00,63.47135123823942,64.1787451233238,62.60891667545783,63.3647575378418,11079300
2026-02-06 00:00:00-05:00,63.355062164421746,63.878338288761,63.06435813518788,63.374446868896484,7952800
2026-02-09 00:00:00-05:00,63.27754526631827,63.40351627249315,62.01780563217529,62.405418395996094,8081200
2026-02-10 00:00:00-05:00,62.13409167925109,62.82210082331122,61.630192868354484,62.405418395996094,10775400
2026-02-11 00:00:00-05:00,62.20192319612245,64.40161398093525,61.86276110452697,63.87833786010742,12241000
2026-02-12 00:00:00-05:00,63.72330025004557,65.37064532969717,63.607014197690596,64.93458557128906,9407900
2026-02-13 00:00:00-05:00,64.75046236437424,65.67103617347874,64.35316465699485,65.16714477539062,8578400
2026-02-17 00:00:00-05:00,65.41909982939458,65.66135689412323,64.19812215309445,64.47914123535156,7807400
2026-02-18 00:00:00-05:00,64.58573245338033,65.04117690046422,64.3531677502455,64.70201110839844,7135100
2026-02-19 00:00:00-05:00,64.915195757255,66.03927199559278,64.73108543022252,65.88422393798828,7836700
2026-02-20 00:00:00-05:00,65.90360865209989,66.13617334544492,64.65356141158561,65.47723388671875,7058600
2026-02-23 00:00:00-05:00,65.65165898399873,66.95984554417463,65.65165898399873,66.84356689453125,7152600
2026-02-24 00:00:00-05:00,66.65945722257705,67.13427901650621,66.06834937186764,67.10520935058594,7049600
2026-02-25 00:00:00-05:00,66.71759484495324,67.81260152055455,66.22338835767387,67.54126739501953,6519800
2026-02-26 00:00:00-05:00,67.53157727838348,68.06453834979844,67.0083011658881,67.31838989257812,6468300
2026-02-27 00:00:00-05:00,67.58002732033998,68.32618320453341,66.77573950069471,66.9017105102539,12272900
2026-03-02 00:00:00-05:00,66.99860548523307,67.57033593631517,66.45595208876033,66.56254577636719,7275700
2026-03-03 00:00:00-05:00,66.3106031795886,67.0567516761586,65.4384762794362,66.75635528564453,8280600
2026-03-04 00:00:00-05:00,66.50440722242507,66.60131596348728,65.54507130932068,66.01020812988281,10640200
2026-03-05 00:00:00-05:00,65.55476475268922,65.6032117309274,64.11091468264812,64.905517578125,12131600
2026-03-06 00:00:00-05:00,64.81829365562636,64.9151949939406,63.90740481065644,64.45006561279297,9125100
2026-03-09 00:00:00-04:00,64.45006978435728,65.03148524497335,63.99462533239344,64.96365356445312,9488500
2026-03-10 00:00:00-04:00,64.81829744788634,65.22528752847643,64.22718963855843,65.06055450439453,6738600
2026-03-11 00:00:00-04:00,64.87643956077817,64.87643956077817,63.6263996014589,64.28533172607422,9212700
2026-03-12 00:00:00-04:00,63.849273202190695,65.63228909365482,63.568254111950736,65.62259674072266,8794400
2026-03-13 00:00:00-04:00,65.84546232345248,66.35905347256262,65.56445065525982,65.78732299804688,7307900
2026-03-16 00:00:00-04:00,66.14587043821099,66.42688951798117,65.4384765625,65.4384765625,7328100
2026-03-17 00:00:00-04:00,65.70980076803605,65.96175017352311,64.6438712121887,64.89582061767578,8339200
2026-03-18 00:00:00-04:00,64.24657691615752,64.517903647417,63.03529158510703,63.11280822753906,10221400
2026-03-19 00:00:00-04:00,62.98683674420541,63.73298524959633,62.9383823740857,63.05466842651367,8080900
2026-03-20 00:00:00-04:00,63.27754655022863,63.51980360839474,62.095330923482194,62.47325134277344,38329600
2026-03-23 00:00:00-04:00,62.67674814749071,63.141884965216875,62.095332670157184,62.395729064941406,9969300
2026-03-24 00:00:00-04:00,62.68643922857791,63.46165738493119,62.279441748911275,62.32789611816406,9144000
2026-03-25 00:00:00-04:00,62.12098947985385,63.24419531524,61.943641387871274,62.840232849121094,8133000
2026-03-26 00:00:00-04:00,63.08654758083653,64.12107934325414,63.0175792978073,63.6678581237793,8226000
2026-03-27 00:00:00-04:00,64.04225396724479,65.75661373792158,63.99298768817077,65.50045013427734,10227300
2026-03-30 00:00:00-04:00,65.90441177642987,66.22955121071382,65.27384242829228,66.0324935913086,8841000
2026-03-31 00:00:00-04:00,66.04234672242667,66.26896109990778,64.8304743401415,65.01766967773438,10606900
2026-04-01 00:00:00-04:00,64.39695555495922,64.77135374973965,62.74170916612139,64.51519012451172,11515300
2026-04-02 00:00:00-04:00,65.02752301667364,65.67780185499039,64.55459226908151,64.79106140136719,9795700
2026-04-06 00:00:00-04:00,64.74179295941272,65.56941986083984,64.35754002849337,65.56941986083984,5268200
2026-04-07 00:00:00-04:00,65.73691786324149,66.61380359023845,65.19501881083684,65.27384185791016,10982100
2026-04-08 00:00:00-04:00,64.51518477398186,65.87484838466524,63.411684767281635,65.81573486328125,10805900
2026-04-09 00:00:00-04:00,65.08663781658584,66.7418841901229,64.83047419372582,66.46601104736328,6937500
2026-04-10 00:00:00-04:00,66.47586194350166,66.92908315411812,65.91426093067484,66.3871841430664,7115600
2026-04-13 00:00:00-04:00,66.4955652397003,66.57438828229293,65.4117747134784,65.8255844116211,6795700
2026-04-14 00:00:00-04:00,65.2245701999898,65.3625067625129,63.9437296169926,64.65312194824219,8943300
2026-04-15 00:00:00-04:00,64.28857448394996,64.38709953148737,63.34272049702822,63.470802307128906,7076600
2026-04-16 00:00:00-04:00,63.401832309153704,64.28857274699077,63.31316202385954,63.9831428527832,5810000
2026-04-17 00:00:00-04:00,63.214636247502,63.73682574458051,63.13581320572211,63.224483489990234,9420400
2026-04-20 00:00:00-04:00,63.70727104269205,64.2097510370803,63.263897056081,63.65800476074219,5967300
2026-04-21 00:00:00-04:00,63.64814811770121,63.99298953020918,63.17522489968428,63.69741439819336,5723400
2026-04-22 00:00:00-04:00,63.88461031908846,64.69253523156875,63.69741498883635,64.2196044921875,7849000
2026-04-23 00:00:00-04:00,64.5348863856497,66.43644898746325,64.41665182661707,66.16057586669922,7525800
2026-04-24 00:00:00-04:00,66.01278870466268,66.37733964690544,65.31325109953137,65.8945541381836,9523100
2026-04-27 00:00:00-04:00,65.77632306737095,65.93396162939308,64.53488650466457,65.02751922607422,7924900
2026-04-28 00:00:00-04:00,66.01278711222028,67.11628715513405,65.83543902526948,66.8010025024414,10257600
2026-04-29 00:00:00-04:00,66.49556887826307,67.59906898400496,66.40689858822873,67.19510650634766,12059600
2026-04-30 00:00:00-04:00,72.76185197106614,72.76185197106614,69.21489785485373,71.57953643798828,24768800
2026-05-01 00:00:00-04:00,72.16084280434704,73.46139295806456,71.64850805402526,73.45154571533203,11813800
2026-05-04 00:00:00-04:00,72.66333292489418,73.24463598014319,71.78644720349787,72.3283462524414,11334200
2026-05-05 00:00:00-04:00,72.11158359035511,72.74215290235038,71.6386528478691,71.71747589111328,10730000
2026-05-06 00:00:00-04:00,70.95881754059776,71.34307799871716,69.12623063814851,69.13607788085938,11135600
2026-05-07 00:00:00-04:00,68.4759491739114,68.75182229880191,67.98331644604154,68.0227279663086,8693400
2026-05-08 00:00:00-04:00,68.1409642331062,68.66315373500532,67.06702095063334,67.11628723144531,7335000
2026-05-11 00:00:00-04:00,67.68773797632262,67.97346587814332,67.02761188434692,67.59906768798828,10608300
2026-05-12 00:00:00-04:00,68.22963727244722,69.6976807927608,67.66803622662394,68.8602066040039,8349400
2026-05-13 00:00:00-04:00,69.25431140111442,70.55486153234281,68.87005846577279,70.48589324951172,8313100
2026-05-14 00:00:00-04:00,70.57456520740149,71.38248261842246,70.42678139567387,71.34307861328125,8674800
2026-05-15 00:00:00-04:00,71.94408560770404,72.06232017727625,71.17557969793326,72.01305389404297,10383800
2026-05-18 00:00:00-04:00,72.16084305662427,72.67318532571643,71.62879878501899,72.63377380371094,6040100
2026-05-19 00:00:00-04:00,72.56480366804061,73.31360753308164,72.02290465051506,72.9096450805664,6180000
2026-05-20 00:00:00-04:00,72.90964541471631,73.21507530764195,72.05246174224165,72.24951934814453,8020400
2026-05-21 00:00:00-04:00,72.36774549995961,73.29389744380468,72.21996169358346,72.62391662597656,6477000
2026-05-22 00:00:00-04:00,72.60421423479374,73.06729020423312,72.39730938999764,72.81111907958984,4505300
2026-05-26 00:00:00-04:00,72.90964517992961,73.01802498358244,70.74206414083143,71.30366516113281,9219500
2026-05-27 00:00:00-04:00,71.41204390757217,72.00320168066729,70.91941117716308,71.04749298095703,6766600
2026-05-28 00:00:00-04:00,71.40219392056206,71.6288007821879,70.69280153864224,70.90956115722656,8654800
2026-05-29 00:00:00-04:00,70.15089663235283,70.37751099202859,68.4266821047053,68.55477142333984,13116100
2026-06-01 00:00:00-04:00,68.64344868815698,68.96858812194984,67.42172151760815,67.63848114013672,7182300
2026-06-02 00:00:00-04:00,67.48083085568572,68.40698281554762,67.22466724221766,68.21977996826172,7732800
2026-06-03 00:00:00-04:00,68.37742733059908,70.21986900815989,68.28874952660492,69.26416778564453,7735200
2026-06-04 00:00:00-04:00,69.66812559959429,70.15090361060582,69.3232841631575,69.55974578857422,5794500
2026-06-05 00:00:00-04:00,70.21986989916171,72.10173063969103,70.10164284830832,71.1263198852539,8059500
2026-06-08 00:00:00-04:00,71.07705241688639,71.54012840361436,70.22972348733717,70.23957824707031,6332300
2026-06-09 00:00:00-04:00,70.23958158597931,71.2642586545381,69.3035748082962,70.50559997558594,9620900
2026-06-10 00:00:00-04:00,71.27409910856362,72.3973086381882,70.6730940991469,72.05245971679688,8115400
2026-06-11 00:00:00-04:00,72.16084107524487,72.66332857079364,70.30854469372217,70.3578109741211,7405600
2026-06-12 00:00:00-04:00,70.63368849944658,70.9588204125852,70.09178944924975,70.8800048828125,8409100
2026-06-15 00:00:00-04:00,70.08000183105469,70.30999755859375,69.19000244140625,69.58999633789062,11461600
2026-06-16 00:00:00-04:00,69.94000244140625,70.87999725341797,69.44000244140625,70.19000244140625,5377700
2026-06-17 00:00:00-04:00,69.51000213623047,69.77999877929688,68.52999877929688,68.94999694824219,6897500
2026-06-18 00:00:00-04:00,68.9800033569336,69.30000305175781,68.06999969482422,69.12000274658203,19057500
2026-06-22 00:00:00-04:00,69.16999816894531,70.37999725341797,69.01000213623047,69.51000213623047,8813700
2026-06-23 00:00:00-04:00,70.93000030517578,71.73999786376953,70.33000183105469,71.61000061035156,9851000
2026-06-24 00:00:00-04:00,71.6500015258789,72.37000274658203,71.12999725341797,72.06999969482422,7456000
2026-06-25 00:00:00-04:00,71.38999938964844,73.56999969482422,71.16999816894531,73.20999908447266,6742400
2026-06-26 00:00:00-04:00,73.48999786376953,73.91999816894531,72.8499984741211,73.79000091552734,15697700
2026-06-29 00:00:00-04:00,73.9000015258789,74.1500015258789,73.13999938964844,74.05000305175781,5519900
2026-06-30 00:00:00-04:00,73.58999633789062,73.7699966430664,71.72000122070312,71.94999694824219,8241300
2026-07-01 00:00:00-04:00,72.48999786376953,72.5,71.08999633789062,71.54000091552734,6425300
2026-07-02 00:00:00-04:00,72.23999786376953,73.19000244140625,71.94999694824219,72.70999908447266,6372600
2026-07-06 00:00:00-04:00,72.3499984741211,72.55000305175781,71.2699966430664,71.87999725341797,6047900
2026-07-07 00:00:00-04:00,73.16000366210938,74.04000091552734,72.37999725341797,72.95999908447266,5260700
2026-07-08 00:00:00-04:00,72.91999816894531,74.06999969482422,72.66000366210938,72.80999755859375,6124500
2026-07-09 00:00:00-04:00,73.27999877929688,73.5999984741211,71.31999969482422,71.58999633789062,6518800
2026-07-10 00:00:00-04:00,71.83999633789062,72.1500015258789,70.76000213623047,71.79000091552734,7335200
2026-07-13 00:00:00-04:00,71.83999633789062,73.02999877929688,71.58999633789062,71.87000274658203,4857700
2026-07-14 00:00:00-04:00,71.93000030517578,71.94999694824219,69.9000015258789,70.16000366210938,5956800
2026-07-15 00:00:00-04:00,70.0,71.43000030517578,69.87000274658203,70.5199966430664,6854900
2026-07-16 00:00:00-04:00,71.25,73.0999984741211,70.94000244140625,73.02999877929688,10532900
2026-07-17 00:00:00-04:00,74.08000183105469,75.27999877929688,73.5999984741211,74.20999908447266,8608500
2026-07-20 00:00:00-04:00,74.05000305175781,74.83999633789062,73.83999633789062,74.66000366210938,6710800
2026-07-21 00:00:00-04:00,74.37000274658203,74.7300033569336,72.91999816894531,72.98999786376953,6219500
2026-07-22 00:00:00-04:00,73.33999633789062,74.27999877929688,72.16999816894531,72.16999816894531,6798900
2026-07-23 00:00:00-04:00,72.08999633789062,72.68000030517578,71.55999755859375,72.08000183105469,6939900
2026-07-24 00:00:00-04:00,72.29000091552734,73.54000091552734,72.19999694824219,72.98999786376953,4798000
2026-07-27 00:00:00-04:00,72.33000183105469,73.30000305175781,71.91999816894531,72.88999938964844,6468300
2026-07-28 00:00:00-04:00,74.73999786376953,77.05999755859375,74.05999755859375,74.81999969482422,10108000
2026-07-29 00:00:00-04:00,74.77999877929688,75.94000244140625,74.61000061035156,74.91999816894531,8962500
2026-07-30 00:00:00-04:00,70.69999694824219,70.69999694824219,67.62999725341797,67.94000244140625,21341200
2026-07-31 00:00:00-04:00,67.55999755859375,69.7699966430664,66.83000183105469,68.33000183105469,11159100
2026-08-03 00:00:00-04:00,68.37999725341797,69.08000183105469,67.69999694824219,68.26000213623047,9750400
2026-08-04 00:00:00-04:00,67.77999877929688,68.3499984741211,67.5199966430664,68.06999969482422,10678700
2026-08-05 00:00:00-04:00,68.25,68.58000183105469,67.55999755859375,68.44000244140625,10632800
2026-08-06 00:00:00-04:00,69.30000305175781,69.36000061035156,67.5,67.75,10528500
2026-08-07 00:00:00-04:00,67.1500015258789,68.54000091552734,67.1500015258789,68.3499984741211,9490700
2026-08-10 00:00:00-04:00,68.37999725341797,68.37999725341797,65.41000366210938,65.54000091552734,11817900
2026-08-11 00:00:00-04:00,64.87999725341797,65.37999725341797,64.51000213623047,65.02999877929688,9792800
2026-08-12 00:00:00-04:00,64.47000122070312,65.06999969482422,64.33999633789062,64.37999725341797,7570900
2026-08-13 00:00:00-04:00,65.0,66.02999877929688,64.72000122070312,65.08000183105469,10796200
2026-08-14 00:00:00-04:00,65.19000244140625,66.0,64.72000122070312,65.69999694824219,6250400
2026-08-17 00:00:00-04:00,65.27999877929688,65.75,63.91999816894531,63.959999084472656,13976900
2026-08-18 00:00:00-04:00,64.9000015258789,65.44999694824219,64.62000274658203,65.19000244140625,11188000
2026-08-19 00:00:00-04:00,65.30999755859375,66.44999694824219,64.94999694824219,66.02999877929688,11094700
2026-08-20 00:00:00-04:00,65.98999786376953,67.25,65.98999786376953,66.94000244140625,10277300
2026-08-21 00:00:00-04:00,66.80999755859375,67.11000061035156,65.7699966430664,66.08999633789062,9332800
2026-08-24 00:00:00-04:00,66.79000091552734,68.7300033569336,66.69999694824219,68.47000122070312,10122600
2026-08-25 00:00:00-04:00,68.20999908447266,68.56999969482422,67.5999984741211,68.06999969482422,5905900
2026-08-26 00:00:00-04:00,68.38999938964844,69.29000091552734,68.33000183105469,69.12000274658203,6312900
2026-08-27 00:00:00-04:00,68.19999694824219,68.43000030517578,67.41000366210938,67.66999816894531,5854300
2026-08-28 00:00:00-04:00,68.08000183105469,68.75,67.69999694824219,68.6500015258789,5863500
2026-08-31 00:00:00-04:00,68.63999938964844,69.0999984741211,67.94000244140625,68.4800033569336,10964800
