Date,Open,High,Low,Close,Volume
2017-01-03 00:00:00-05:00,60.55852460808806,60.98162319938206,60.10074901415817,60.197853088378906,2257900
2017-01-04 00:00:00-05:00,60.46142622454141,61.21745692130409,60.39900443885654,60.52385330200195,2306900
2017-01-05 00:00:00-05:00,60.52383899159751,61.12033838650162,60.10767797676948,60.16316223144531,2056300
2017-01-06 00:00:00-05:00,60.19093209603123,60.32271850084381,59.150526479367564,59.233760833740234,1989400
2017-01-09 00:00:00-05:00,58.89390454010415,58.89390454010415,58.08932154639352,58.27659225463867,2581900
2017-01-10 00:00:00-05:00,58.26270055966199,59.08115299348063,57.97832055259242,58.09623718261719,3697700
2017-01-11 00:00:00-05:00,58.20028013848166,59.37246661445577,58.123983319765685,58.880008697509766,3543500
2017-01-12 00:00:00-05:00,59.018737945818735,59.039550502493675,57.92284809087735,58.49853515625,2169400
2017-01-13 00:00:00-05:00,58.304305493221285,58.37367007304414,57.61763954552576,57.770233154296875,2242900
2017-01-17 00:00:00-05:00,57.71475551242014,58.71354640002344,57.62458894853535,57.957515716552734,2379700
2017-01-18 00:00:00-05:00,57.929768520438664,58.61643987290594,57.9158987772564,58.352867126464844,1967400
2017-01-19 00:00:00-05:00,58.228000009666,58.318171833285355,57.34712607002382,57.56214141845703,1929600
2017-01-20 00:00:00-05:00,57.908947882056395,58.28349436275652,57.27777152345417,57.59682846069336,2068200
2017-01-23 00:00:00-05:00,57.76332990577254,57.825757006292775,56.88938754093245,57.01423645019531,2033700
2017-01-24 00:00:00-05:00,57.31938660434971,58.58174462586363,57.2569648361669,58.394474029541016,2398500
2017-01-25 00:00:00-05:00,58.75518738872214,59.15747893207864,58.58872392973178,58.95633316040039,1707900
2017-01-26 00:00:00-05:00,59.08113852479041,59.19211231838487,58.283493546969915,58.42914962768555,1618200
2017-01-27 00:00:00-05:00,58.26964494966971,58.50546765398233,57.22230194152751,57.40957260131836,2099300
2017-01-30 00:00:00-05:00,57.22229289479405,57.39569378235404,56.66047571246776,57.1043815612793,2375000
2017-01-31 00:00:00-05:00,56.87548682723666,57.13212202649601,56.28592491238244,56.61191940307617,2740200
2017-02-01 00:00:00-05:00,56.951777333421084,57.09743341684828,55.737971346420245,56.00847625732422,3030200
2017-02-02 00:00:00-05:00,56.13332223771802,56.36221262511179,55.647801984252936,56.216556549072266,3386800
2017-02-03 00:00:00-05:00,55.83511279385098,56.32063339708644,54.66985805430821,55.45362854003906,3672500
2017-02-06 00:00:00-05:00,55.48828414587896,55.62007051409347,54.79468059405547,54.89178466796875,3016700
2017-02-07 00:00:00-05:00,54.86404949339908,54.891794275341034,53.9693001199313,54.48257064819336,3255400
2017-02-08 00:00:00-05:00,54.27447982544688,54.808552250619655,53.9692925586194,54.69757843017578,3042800
2017-02-09 00:00:00-05:00,54.69758505330344,55.231657543145076,54.69758505330344,54.96809005737305,2596900
2017-02-10 00:00:00-05:00,55.085983298267585,55.47440481858598,55.058238525975256,55.391170501708984,2030700
2017-02-13 00:00:00-05:00,55.39118908680682,55.5715275213278,55.1900433890288,55.4189338684082,2111900
2017-02-14 00:00:00-05:00,55.474430084228516,55.55765914723767,54.89873770345753,55.474430084228516,2543900
2017-02-15 00:00:00-05:00,55.30102486062783,55.758800547023874,55.252472813710426,55.543785095214844,2272800
2017-02-16 00:00:00-05:00,55.6486245731502,55.711546647039114,54.80970270202271,54.87961196899414,2939200
2017-02-17 00:00:00-05:00,54.87263774978681,55.39696542761106,54.77476367662524,54.99148941040039,2219200
2017-02-21 00:00:00-05:00,55.28510608170159,55.50182645999063,55.06139317496363,55.25014877319336,2833700
2017-02-22 00:00:00-05:00,55.22918437214159,55.22918437214159,54.683884417814596,54.795738220214844,2017500
2017-02-23 00:00:00-05:00,55.22917765395877,55.47386281732394,54.78175183130917,54.95652770996094,1864600
2017-02-24 00:00:00-05:00,54.802722147177064,54.87263142942058,54.31335183773611,54.55104446411133,2225500
2017-02-27 00:00:00-05:00,54.669894797120385,55.36201114330993,54.53007622235264,55.13130569458008,2648400
2017-02-28 00:00:00-05:00,55.075375168700944,55.32705286587405,54.606977084304134,54.662906646728516,3243100
2017-03-01 00:00:00-05:00,55.16624802876818,55.949240368881874,55.14527044788489,55.48783493041992,3204500
2017-03-02 00:00:00-05:00,55.42493813190128,55.47387517547623,54.64194543470211,54.76079177856445,2550400
2017-03-03 00:00:00-05:00,54.87963180914242,55.25015585840493,54.655918873715784,54.76777267456055,1737700
2017-03-06 00:00:00-05:00,54.641924365103144,55.15226686078006,54.53705778823912,55.03342056274414,1848200
2017-03-07 00:00:00-05:00,54.95652322542222,55.096341783439605,54.1036161538023,54.16653823852539,2679200
2017-03-08 00:00:00-05:00,54.257430283675234,54.74680066531868,53.92185821216463,54.00575256347656,2817600
2017-03-09 00:00:00-05:00,53.84494359704661,54.110606312879554,53.327608554547716,53.7191047668457,2684500
2017-03-10 00:00:00-05:00,53.95681153182609,55.21520003968277,53.54433766890878,55.13130569458008,5038100
2017-03-13 00:00:00-04:00,55.16624338640369,55.57171924252573,55.02641952762468,55.23615264892578,2178700
2017-03-14 00:00:00-04:00,54.879627039133226,55.06838264516255,54.641934399412094,54.886619567871094,2343400
2017-03-15 00:00:00-04:00,55.18723507707191,56.12403125916572,55.18723507707191,56.03314971923828,2411800
2017-03-16 00:00:00-04:00,55.970235672774656,55.99820045840375,55.522809770184054,55.711570739746094,2474600
2017-03-17 00:00:00-04:00,55.83040390751223,55.9911947197758,55.669607761512424,55.88633346557617,2799600
2017-03-20 00:00:00-04:00,55.84438992461747,55.92129174218927,55.29909000637146,55.51581573486328,2285400
2017-03-21 00:00:00-04:00,55.57172935752559,55.77446998935627,54.71183513789235,54.949527740478516,4631300
2017-03-22 00:00:00-04:00,54.739804682871686,55.18723048390716,54.41821238799968,55.110328674316406,3026800
2017-03-23 00:00:00-04:00,54.928563118642636,55.36200921933807,54.830689052959244,54.86564636230469,2211800
2017-03-24 00:00:00-04:00,54.82369590174677,54.99847177901609,53.91486454018814,54.01972579956055,2359700
2017-03-27 00:00:00-04:00,53.81000441081919,54.38326914377456,53.593284003768105,54.00575256347656,2089300
2017-03-28 00:00:00-04:00,54.117616402865195,54.60698682704837,53.88691091700559,54.47415542602539,2388500
2017-03-29 00:00:00-04:00,54.397255071914174,54.87963831292577,54.208499427109224,54.75379943847656,2282000
2017-03-30 00:00:00-04:00,54.79573193075865,55.12431143827649,54.48813000916166,54.942543029785156,3241500
2017-03-31 00:00:00-04:00,54.87263244277815,55.5297914422232,54.81670821619236,55.38298034667969,2744100
2017-04-03 00:00:00-04:00,55.29210210751621,55.382988990659236,54.530081730704104,54.73282241821289,1711600
2017-04-04 00:00:00-04:00,54.87962550888976,54.914582817867725,54.299368315769065,54.8306884765625,1368100
2017-04-05 00:00:00-04:00,55.04741540816569,55.56475590717109,54.20150070085638,54.22946548461914,2867200
2017-04-06 00:00:00-04:00,54.24343696261214,54.285386798746906,53.58628331217898,53.747074127197266,3322400
2017-04-07 00:00:00-04:00,53.803005418472,54.292381075067375,53.50239069621968,53.93583679199219,2484300
2017-04-10 00:00:00-04:00,54.187501257379395,54.98447863652349,54.18050873054896,54.56501770019531,2503900
2017-04-11 00:00:00-04:00,54.397249027366826,54.50910816277549,53.935843428148964,54.44618606567383,2042900
2017-04-12 00:00:00-04:00,54.62094619730842,54.71183305202642,54.01272965874019,54.09661865234375,2006100
2017-04-13 00:00:00-04:00,54.01273166443323,54.31334634805867,53.45344679554168,53.600257873535156,2606600
2017-04-17 00:00:00-04:00,53.5932855358261,53.83797073364258,53.53036343710913,53.83797073364258,1548800
2017-04-18 00:00:00-04:00,53.58629076700455,53.82398342531158,52.880194653893994,53.08293533325195,2326300
2017-04-19 00:00:00-04:00,53.0899286558261,53.2367397705748,52.53064364691349,52.663475036621094,2511300
2017-04-20 00:00:00-04:00,52.78231640302702,53.390538392981924,52.66347008327594,52.95709228515625,1682300
2017-04-21 00:00:00-04:00,52.85224005170266,53.54435123956904,52.85224005170266,53.37656784057617,2561100
2017-04-24 00:00:00-04:00,53.91487290404595,54.24344712394562,53.64921011579273,54.187522888183594,2483300
2017-04-25 00:00:00-04:00,54.25043411554807,54.655915452419784,54.005748941138165,54.58600616455078,2632800
2017-04-26 00:00:00-04:00,54.4811329044501,55.152271586658365,54.292377316909324,54.606971740722656,2977500
2017-04-27 00:00:00-04:00,54.537052926608744,54.62094191363327,53.78202004097691,54.56501770019531,3001200
2017-04-28 00:00:00-04:00,55.64863509742783,56.58543651996555,55.27811111204405,55.620670318603516,5260800
2017-05-01 00:00:00-04:00,55.59270553977921,56.17296269947722,55.452886979393845,55.620670318603516,2632700
2017-05-02 00:00:00-04:00,55.87934396559648,55.97721803064427,55.27112198959678,55.410945892333984,2202900
2017-05-03 00:00:00-04:00,55.16626205931265,55.75350646375295,55.04741040568737,55.64164733886719,1946200
2017-05-04 00:00:00-04:00,55.43890638117752,55.43890638117752,54.53006975181942,54.697853088378906,2163800
2017-05-05 00:00:00-04:00,54.76077847071613,55.52979125446906,54.75378594226539,55.47386169433594,1764000
2017-05-08 00:00:00-04:00,55.27812020951671,55.739531135450875,55.0823720592672,55.67660903930664,1867800
2017-05-09 00:00:00-04:00,55.60671042142136,56.005199327701995,55.494851266243174,55.64865493774414,1455800
2017-05-10 00:00:00-04:00,55.767489245993474,55.95625019615639,55.55076884681237,55.753509521484375,1690500
2017-05-11 00:00:00-04:00,55.85838283295435,55.942271857559355,55.37599960652525,55.59272003173828,1440400
2017-05-12 00:00:00-04:00,55.557743138783266,55.91428733470234,55.438896851388634,55.781455993652344,1439900
2017-05-15 00:00:00-04:00,56.1310113648131,56.40366125798794,55.80942444808728,56.01216506958008,1725800
2017-05-16 00:00:00-04:00,56.02628812720858,56.047445229432874,55.16586343176531,55.39154815673828,2011800
2017-05-17 00:00:00-04:00,55.391521414793765,55.560783531619975,54.74972759317812,54.77793884277344,2208700
2017-05-18 00:00:00-04:00,54.57344108016063,54.96839340913493,54.17143997050273,54.69334030151367,2534400
2017-05-19 00:00:00-04:00,54.77091154541088,55.38448897731183,54.55227562049128,55.187015533447266,2293200
2017-05-22 00:00:00-04:00,55.22931493988403,55.567844596361816,55.15878949750218,55.398582458496094,1386600
2017-05-23 00:00:00-04:00,55.53965218933553,55.56786345201037,55.07417442632293,55.109439849853516,2977000
2017-05-24 00:00:00-04:00,55.08827041113092,55.44090304447282,54.94721951009295,55.20816421508789,1424900
2017-05-25 00:00:00-04:00,55.37039238202297,55.63133715670985,54.4605992993279,54.60165023803711,2765100
2017-05-26 00:00:00-04:00,54.74974611410538,54.94722492807637,54.41122176593581,54.61574935913086,2300400
2017-05-30 00:00:00-04:00,54.50290862949227,54.78501586242452,54.178487194881946,54.30543518066406,1920200
2017-05-31 00:00:00-04:00,54.234906087130994,54.46764494227665,53.600166200709914,53.6777458190918,3842300
2017-06-01 00:00:00-04:00,53.868162261595145,54.10090110450054,53.52963792713938,54.03742980957031,2503800
2017-06-02 00:00:00-04:00,53.72007723283938,54.171446767661045,53.49439246542855,53.86113357543945,2150900
2017-06-05 00:00:00-04:00,53.7341690606854,54.46764567477518,53.7341690606854,54.206695556640625,2251900
2017-06-06 00:00:00-04:00,54.08682204989791,54.37597815573524,53.825871833764516,54.33366394042969,1707200
2017-06-07 00:00:00-04:00,54.051544576475074,54.41828562992916,53.84701694680808,54.27722930908203,2556000
2017-06-08 00:00:00-04:00,54.277236366177945,54.96839897632232,54.16439667557735,54.587554931640625,2434700
2017-06-09 00:00:00-04:00,54.55932986449528,56.20964825996337,54.51701566381594,56.11796569824219,2832800
2017-06-12 00:00:00-04:00,56.11796652114221,56.759760604845,56.11796652114221,56.5693359375,2971200
2017-06-13 00:00:00-04:00,56.625729138398995,56.936047469239696,56.35067621087932,56.865516662597656,1843100
2017-06-14 00:00:00-04:00,56.83732709715544,56.872592513928744,55.539641547254405,55.56079864501953,2810800
2017-06-15 00:00:00-04:00,55.44091286328537,55.98396484727996,55.384490340578736,55.77238845825195,2157300
2017-06-16 00:00:00-04:00,56.01923797426551,57.11240163388595,55.864078705855,57.084190368652344,4870900
2017-06-19 00:00:00-04:00,57.119421935974245,57.49321159764495,57.020685247259195,57.295738220214844,2757400
2017-06-20 00:00:00-04:00,56.632807943311306,56.844384313085804,55.652489568671385,56.103858947753906,2299700
2017-06-21 00:00:00-04:00,56.10385966278953,56.259013516969276,55.45501146393493,55.63838195800781,2073900
2017-06-22 00:00:00-04:00,55.73005530299536,56.00511368901376,55.455002297723574,55.65248107910156,1016100
2017-06-23 00:00:00-04:00,55.58900843962331,56.68217176186658,55.574905501733355,56.61164093017578,2696600
2017-06-26 00:00:00-04:00,56.61870732585632,56.879657469566254,56.46354807179896,56.59049606323242,1512900
2017-06-27 00:00:00-04:00,56.69627212629395,57.3380660764693,56.59048126430664,56.80206298828125,1653900
2017-06-28 00:00:00-04:00,57.12649072388206,57.92343859567704,57.11943656409701,57.683650970458984,2317500
2017-06-29 00:00:00-04:00,57.90228216942298,58.4100740648957,57.683651640274,57.740074157714844,2514000
2017-06-30 00:00:00-04:00,58.0574549827228,58.61461536609951,57.77534771027592,58.31840515136719,2458700
2017-07-03 00:00:00-04:00,58.51587256093636,59.1506125129449,58.48060713775606,58.776817321777344,1076900
2017-07-05 00:00:00-04:00,58.71334174701177,58.71334174701177,57.93755092019779,58.06449890136719,1974200
2017-07-06 00:00:00-04:00,58.11386391623704,58.25491482908391,57.61312618065898,57.75417709350586,1590800
2017-07-07 00:00:00-04:00,57.77533270569285,58.410072558665604,57.51438798556597,58.254913330078125,1710800
2017-07-10 00:00:00-04:00,58.17029347158656,58.44534655143931,58.06450258377826,58.156185150146484,1498700
2017-07-11 00:00:00-04:00,58.02923269248289,58.36070827107509,57.76828795416383,58.085655212402344,1365400
2017-07-12 00:00:00-04:00,58.41713554590539,58.6075548401983,57.768292656261586,58.00102615356445,1606000
2017-07-13 00:00:00-04:00,57.78944803525098,58.00807858528322,57.20407646757013,57.6342887878418,2318400
2017-07-14 00:00:00-04:00,57.733013607037165,58.078592071800195,57.58490855071016,57.972801208496094,1435800
2017-07-17 00:00:00-04:00,57.7753488009452,57.98693060446172,57.57787532072913,57.69776916503906,1843700
2017-07-18 00:00:00-04:00,57.89524092534354,57.92345219035758,57.4861910345115,57.803558349609375,1339100
2017-07-19 00:00:00-04:00,57.79649777547365,58.494714400417536,57.73302647179585,58.48060607910156,1666200
2017-07-20 00:00:00-04:00,58.515867510479744,58.6216583901418,57.82470509333563,58.085655212402344,1167700
2017-07-21 00:00:00-04:00,58.05037715288756,58.76975067336135,57.81764372520156,58.43122100830078,2190600
2017-07-24 00:00:00-04:00,58.31841436425867,58.551147923601064,58.198515122522224,58.29020309448242,1417900
2017-07-25 00:00:00-04:00,58.68513050265841,59.721871452366315,58.68513050265841,59.55965805053711,2335600
2017-07-26 00:00:00-04:00,59.728924891554726,59.750081991375346,58.97429117371585,59.03070831298828,1753700
2017-07-27 00:00:00-04:00,58.910808326582924,59.898180800583454,58.77680620074977,59.60197067260742,2188400
2017-07-28 00:00:00-04:00,59.4115568918215,59.70071829394616,58.88260783200641,58.995452880859375,2169400
2017-07-31 00:00:00-04:00,59.15766539217786,59.517352286697744,59.065982818603516,59.065982818603516,3641500
2017-08-01 00:00:00-04:00,59.270503037281806,60.518820389328184,59.24229177646042,60.39187240600586,2696700
2017-08-02 00:00:00-04:00,60.26490749786904,61.569652385881064,60.21553915048319,61.12533187866211,2952400
2017-08-03 00:00:00-04:00,61.19587291596783,61.442720096551035,60.36365957598828,60.40597915649414,2430100
2017-08-04 00:00:00-04:00,60.43420041525223,60.78683315357299,60.35662078236177,60.370723724365234,2087500
2017-08-07 00:00:00-04:00,60.321373628723514,60.363687848300245,59.86294985389151,59.996952056884766,2187200
2017-08-08 00:00:00-04:00,59.83469527140045,60.16617076682545,59.616064787501536,59.96164321899414,1848000
2017-08-09 00:00:00-04:00,59.94753538223232,60.342482128794224,59.46795488394462,59.58784866333008,2297100
2017-08-10 00:00:00-04:00,59.538486422869205,59.77122522841207,58.87554079900736,58.988380432128906,1850500
2017-08-11 00:00:00-04:00,58.6004810690883,59.101224080626096,58.50879853299847,58.847328186035156,1858200
2017-08-14 00:00:00-04:00,58.960180377563105,59.45386933588715,58.84734072300878,59.15765380859375,1758700
2017-08-15 00:00:00-04:00,59.06598137280779,59.2987202624325,58.7062944870922,59.0166130065918,1907600
2017-08-16 00:00:00-04:00,59.25130909526256,59.37221974705242,58.86014417236713,59.05216979980469,2138400
2017-08-17 00:00:00-04:00,58.796135940622406,59.037951834218966,57.530174255371094,57.530174255371094,2359100
2017-08-18 00:00:00-04:00,57.46615639423637,58.44051717010424,57.41637157668209,58.006675720214844,2288900
2017-08-21 00:00:00-04:00,57.900018421334465,58.34808193856125,57.7079873238515,58.248512268066406,1686900
2017-08-22 00:00:00-04:00,58.404962195294,58.746342265717686,58.312500797194694,58.48319625854492,1709100
2017-08-23 00:00:00-04:00,58.29827973014625,58.781906025343986,58.23426757468116,58.575653076171875,1159800
2017-08-24 00:00:00-04:00,58.36230194045383,60.03366155361196,58.36230194045383,59.64960479736328,2463200
2017-08-25 00:00:00-04:00,59.95542820017276,60.33947953496848,59.29399801625128,59.32955551147461,1778600
2017-08-28 00:00:00-04:00,59.820268767142665,60.168762450335095,59.40064927314001,59.49311065673828,2285600
2017-08-29 00:00:00-04:00,59.386436462402344,59.73493019897075,59.20863276041911,59.386436462402344,1696800
2017-08-30 00:00:00-04:00,59.386429661407284,59.557119676444856,58.995259391386035,59.457550048828125,1853600
2017-08-31 00:00:00-04:00,59.72071150019575,59.72782516797617,59.1161799661879,59.60691452026367,2446000
2017-09-01 00:00:00-04:00,59.6495693157758,60.17586659040234,59.165943179970235,60.047847747802734,2048800
2017-09-05 00:00:00-04:00,59.96963617043789,60.026534660934594,58.789022336394076,59.20152282714844,2491400
2017-09-06 00:00:00-04:00,59.486012162097744,59.70648703865556,59.158853968252984,59.28687286376953,1885900
2017-09-07 00:00:00-04:00,59.37222915845105,59.8842993881684,59.1090776613746,59.7705078125,1853200
2017-09-08 00:00:00-04:00,59.763386010231514,60.531499389485546,59.713601185250546,60.239898681640625,1936700
2017-09-11 00:00:00-04:00,60.382145011302114,60.75197436516208,60.04787314612041,60.58839797973633,1508900
2017-09-12 00:00:00-04:00,60.59548287987496,61.050659798274744,60.51014059901055,60.97243118286133,1567300
2017-09-13 00:00:00-04:00,61.08625575347158,61.49164808534799,60.823104250761,61.413414001464844,1748100
2017-09-14 00:00:00-04:00,61.29248052849182,61.704986339706984,61.128898766755704,61.33515167236328,2002600
2017-09-15 00:00:00-04:00,61.377857536904486,62.45890196466366,61.37074386748491,62.35221862792969,4363600
2017-09-18 00:00:00-04:00,62.30952867511946,62.835826104532174,62.231294613514265,62.807376861572266,1815900
2017-09-19 00:00:00-04:00,62.850032583601084,63.51857057983462,62.60110314683848,63.36210250854492,1928600
2017-09-20 00:00:00-04:00,63.31943589628327,63.66082129677847,63.13451857825933,63.34788513183594,2279000
2017-09-21 00:00:00-04:00,63.22700358305425,63.803085896445026,63.15588318065792,63.3976936340332,2035700
2017-09-22 00:00:00-04:00,63.397691612513306,64.08045722079713,63.31234387667581,63.93110275268555,2036600
2017-09-25 00:00:00-04:00,63.98798199764917,65.0761395281344,63.90263428748162,64.72764587402344,2039700
2017-09-26 00:00:00-04:00,64.82724160709348,65.20418464978985,64.65655154412781,64.969482421875,1986500
2017-09-27 00:00:00-04:00,64.99791959356757,65.488659537822,64.42183734675638,65.28952026367188,2468200
2017-09-28 00:00:00-04:00,65.41755751193361,65.56691200948275,64.92681742988657,65.28242492675781,2197400
2017-09-29 00:00:00-04:00,65.18995133828011,65.48866025276632,64.96947105994553,65.15438842773438,1947300
2017-10-02 00:00:00-04:00,64.9765971475712,65.90828697966829,64.86991382167977,65.70203399658203,1929500
2017-10-03 00:00:00-04:00,66.71195220806456,67.34493296302969,66.32078188706883,66.5910415649414,2606100
2017-10-04 00:00:00-04:00,66.4203422639709,66.64793075731602,65.97227894379894,66.44879150390625,2214300
2017-10-05 00:00:00-04:00,66.51993399707914,66.93955364290458,66.21411134881295,66.37769317626953,2046000
2017-10-06 00:00:00-04:00,65.97941358078346,66.37769767308352,65.72338117120894,66.01497650146484,1769400
2017-10-09 00:00:00-04:00,66.46302329571475,66.68350358147089,66.17142803875001,66.37056732177734,1238700
2017-10-10 00:00:00-04:00,66.6123816957449,66.85419212654983,66.3705658388016,66.47724914550781,1109900
2017-10-11 00:00:00-04:00,66.47724771712736,66.81862777988604,66.08607740965569,66.62660217285156,1644300
2017-10-12 00:00:00-04:00,66.46301994249728,67.18134839958037,66.37767764044186,67.09600067138672,1692800
2017-10-13 00:00:00-04:00,67.34492865196796,67.56540349543096,67.01065684017689,67.1600112915039,1608600
2017-10-16 00:00:00-04:00,66.49858284861449,66.70483578880027,64.50717926664989,64.62808990478516,3563000
2017-10-17 00:00:00-04:00,64.5000587712038,64.79165395803989,64.29380587020403,64.45738220214844,2398400
2017-10-18 00:00:00-04:00,64.53563059979044,64.63520023950007,63.93821276153268,64.18002319335938,1942200
2017-10-19 00:00:00-04:00,63.80306359446001,64.42182227391625,63.483019182476745,64.28668975830078,1899800
2017-10-20 00:00:00-04:00,64.57117918081103,64.7418691786985,64.28669223357379,64.57829284667969,2109800
2017-10-23 00:00:00-04:00,64.64231126247176,65.26107007775862,64.50717871719186,64.8912353515625,2036000
2017-10-24 00:00:00-04:00,64.91970451739076,65.35354610272208,64.48586293205942,65.31087493896484,1425700
2017-10-25 00:00:00-04:00,65.30375898392029,65.68070205362197,64.8841447519549,65.22552490234375,2187400
2017-10-26 00:00:00-04:00,65.08326632867377,65.43176005311625,64.57830448374825,64.84856414794922,1683300
2017-10-27 00:00:00-04:00,64.7561138348039,65.48866425727826,64.15157687538999,65.42465209960938,2082900
2017-10-30 00:00:00-04:00,65.13307107754002,65.65936865882905,64.71345140546241,64.73478698730469,1922900
2017-10-31 00:00:00-04:00,64.67786568017117,65.03347302536474,64.21557504619203,64.77743530273438,1442200
2017-11-01 00:00:00-04:00,64.74186548499905,65.89403511381373,64.66363144331883,65.64511108398438,2152200
2017-11-02 00:00:00-04:00,65.5810974143394,66.5696852712257,65.36773629067385,66.4701156616211,1822800
2017-11-03 00:00:00-04:00,66.37769247860737,67.15291416830885,66.1856614037793,66.55549621582031,1868100
2017-11-06 00:00:00-05:00,66.56258806005775,67.52984058629391,66.34922688364978,67.1600112915039,1927100
2017-11-07 00:00:00-05:00,67.33068000096694,67.47292616634189,66.81860465788988,67.25955963134766,1370900
2017-11-08 00:00:00-05:00,67.22404320714648,67.33072654839648,66.86843568707323,67.2453842163086,2035400
2017-11-09 00:00:00-05:00,66.57681843917162,67.30225515395877,66.57681843917162,67.15290069580078,1532600
2017-11-10 00:00:00-05:00,67.07465089730042,67.21689708084538,66.37054992369835,66.61236572265625,1347800
2017-11-13 00:00:00-05:00,66.61238318412376,67.00354808260218,66.2852195892777,66.37056732177734,1264000
2017-11-14 00:00:00-05:00,65.8513687682041,66.42034271852958,65.70912799369158,66.02206420898438,1774800
2017-11-15 00:00:00-05:00,65.57398395949225,66.18562894967597,65.04057300941133,65.8371353149414,1766000
2017-11-16 00:00:00-05:00,65.93030548851848,66.460612936553,65.60065461717369,66.25995635986328,2197900
2017-11-17 00:00:00-05:00,66.10230329721468,66.78310871979753,65.90881456778556,66.39612579345703,1340700
2017-11-20 00:00:00-05:00,66.28146026418402,66.632614771423,66.03780739057213,66.37462615966797,919600
2017-11-21 00:00:00-05:00,66.5967837126734,67.39224772134403,66.54661956201319,67.09126281738281,1509100
2017-11-22 00:00:00-05:00,67.12710869869964,67.33493322480047,66.43197281044468,66.85478973388672,1414100
2017-11-24 00:00:00-05:00,66.88346650108738,67.26328172561601,66.85480047900235,67.10562133789062,605700
2017-11-27 00:00:00-05:00,67.0339177177294,67.1055799950495,66.3244518775421,66.51077270507812,2066200
2017-11-28 00:00:00-05:00,66.97660484021343,67.5212481448856,66.53228984594364,67.39942169189453,1584200
2017-11-29 00:00:00-05:00,67.39938836681586,68.10885405886692,67.39938836681586,68.01569366455078,2004100
2017-11-30 00:00:00-05:00,68.08022891937867,70.00797609837471,68.02289688809263,69.91481018066406,3332600
2017-12-01 00:00:00-05:00,70.21579672559778,70.34479105511139,68.33104594062219,69.9219741821289,2329600
2017-12-04 00:00:00-05:00,69.50633513231567,71.19759193145454,69.50633513231567,69.89331817626953,1953800
2017-12-05 00:00:00-05:00,70.05096726083609,71.19758046521507,69.90047479033788,70.42361450195312,1820200
2017-12-06 00:00:00-05:00,70.31610741670859,70.67442430138253,69.72130007595422,69.93628692626953,1612400
2017-12-07 00:00:00-05:00,69.87179502672004,70.43793638098309,69.7428007248945,70.1297836303711,1485700
2017-12-08 00:00:00-05:00,70.60278185496253,71.57024216431171,70.37345918527973,71.3409194946289,2360000
2017-12-11 00:00:00-05:00,71.21191724927016,71.8425531540492,71.21191724927016,71.46273803710938,1299500
2017-12-12 00:00:00-05:00,71.57740479687722,71.75656330399869,70.94676882010378,70.99693298339844,1670400
2017-12-13 00:00:00-05:00,71.18323638995346,71.94286646541131,70.9395780558084,71.65621185302734,1912700
2017-12-14 00:00:00-05:00,71.55590642199694,71.99305361537412,71.3409194946289,71.3409194946289,1455900
2017-12-15 00:00:00-05:00,71.6634035071698,71.95722608594143,71.3624185246358,71.60607147216797,2957300
2017-12-18 00:00:00-05:00,71.60604610680194,71.96436299740941,71.4268876614982,71.6490478515625,1833000
2017-12-19 00:00:00-05:00,71.69206026480252,71.76372256555692,70.99692446577049,71.04708862304688,1552300
2017-12-20 00:00:00-05:00,71.4125388200638,72.36566281340647,71.1043861555801,72.17933654785156,2223100
2017-12-21 00:00:00-05:00,72.14352206456454,72.26534849622554,71.59888432273353,71.72071075439453,2359900
2017-12-22 00:00:00-05:00,72.12920263338044,72.58068001898758,71.88554426596195,72.30119323730469,1092600
2017-12-26 00:00:00-05:00,72.48035187489194,72.96049527348542,72.27969525861302,72.83866882324219,900400
2017-12-27 00:00:00-05:00,72.96050519774437,73.40482024242925,72.57352218478982,73.13966369628906,1226000
2017-12-28 00:00:00-05:00,73.16832147455347,73.21132322725164,72.68101019467615,73.0679931640625,1258300
2017-12-29 00:00:00-05:00,73.27582220018762,73.30448821460352,72.4875259399414,72.4875259399414,1267600
2018-01-02 00:00:00-05:00,72.8530013041127,72.97482774890639,72.43018448088176,72.91749572753906,1222300
2018-01-03 00:00:00-05:00,72.70250444115052,73.66996454651158,72.67384389753148,73.4048080444336,1351700
2018-01-04 00:00:00-05:00,73.38331344568405,73.61263607808533,72.96766446586837,73.20415496826172,1110600
2018-01-05 00:00:00-05:00,73.23998714559607,73.34748333106812,72.83867388514908,73.2113265991211,1752500
2018-01-08 00:00:00-05:00,73.45498440332243,73.45498440332243,72.70968439327851,73.13966369628906,1236500
2018-01-09 00:00:00-05:00,73.0249751196534,73.27579582114396,72.64516013347038,72.89598083496094,1537000
2018-01-10 00:00:00-05:00,73.03933526532401,73.39048985853479,72.59502568878676,73.15399932861328,977500
2018-01-11 00:00:00-05:00,73.54095959031326,73.54095959031326,72.74549566665043,73.36180114746094,1358600
2018-01-12 00:00:00-05:00,73.48361659803611,75.31102916162733,73.4549505953646,75.22503662109375,1849300
2018-01-16 00:00:00-05:00,74.91690017041134,75.16772091381954,73.93510986909108,74.17160034179688,2601200
2018-01-17 00:00:00-05:00,74.49407728878687,76.61531803329541,74.40808473663226,76.07784271240234,2333400
2018-01-18 00:00:00-05:00,76.27133834521594,76.27133834521594,74.92406872018198,75.45437622070312,1514000
2018-01-19 00:00:00-05:00,75.62636627583014,75.71236430266703,75.1175569188801,75.69802856445312,1657500
2018-01-22 00:00:00-05:00,75.66936142990278,76.55082342255182,75.52603685478879,76.43616485595703,1348000
2018-01-23 00:00:00-05:00,76.60816955566406,76.92348477251227,76.3645111720945,76.60816955566406,1436500
2018-01-24 00:00:00-05:00,76.83749191301114,77.01665039799111,74.38660515068094,74.98140716552734,1945300
2018-01-25 00:00:00-05:00,75.25372394895254,75.4830465678285,74.50842407073503,74.65174865722656,1864000
2018-01-26 00:00:00-05:00,74.97424494393968,76.62249972924972,74.90257717578801,76.3860092163086,2645100
2018-01-29 00:00:00-05:00,76.04918314288516,76.27850574717748,74.49408359418688,74.70907592773438,2563500
2018-01-30 00:00:00-05:00,73.84912869291844,74.30777397084044,73.01783070950793,73.29731750488281,2049800
2018-01-31 00:00:00-05:00,73.52663299575535,73.77745375344051,72.83866514575499,73.38330841064453,3388700
2018-02-01 00:00:00-05:00,73.33314628234014,73.80612180024102,71.4268975363753,72.27969360351562,3243600
2018-02-02 00:00:00-05:00,72.45169855641308,72.45169855641308,68.85419817038931,69.52066802978516,4492300
2018-02-05 00:00:00-05:00,68.66786768483583,71.35524510748513,67.04111095735145,68.23072052001953,4252500
2018-02-06 00:00:00-05:00,66.56096926436727,69.51350354832219,66.43197491537205,69.42750549316406,2894200
2018-02-07 00:00:00-05:00,69.38450627733785,70.2946290859599,68.5030440184109,68.51737976074219,2199700
2018-02-08 00:00:00-05:00,68.43135810492117,68.45285624351894,66.22413021833583,66.2456283569336,2621100
2018-02-09 00:00:00-05:00,66.7329585193858,67.45675490621488,63.88075285903948,66.36030578613281,2679300
2018-02-12 00:00:00-05:00,66.9766103649252,67.91539911862114,66.36747258224092,67.06977081298828,1809000
2018-02-13 00:00:00-05:00,66.81892911542047,67.57139673761937,66.6182725408292,67.19158172607422,1441200
2018-02-14 00:00:00-05:00,66.92641912288747,67.22740395712438,65.44298761988426,66.8834228515625,4091300
2018-02-15 00:00:00-05:00,67.34924842789246,67.65023331839227,65.6579921848715,66.48211669921875,2639600
2018-02-16 00:00:00-05:00,66.27271791916684,67.09589136635624,65.6733882400049,66.42435455322266,2220500
2018-02-20 00:00:00-05:00,66.39546118253814,66.85037652924699,65.1751459170273,65.70226287841797,2957100
2018-02-21 00:00:00-05:00,65.75281418371328,66.0921937549803,64.66969070556794,64.68413543701172,2256700
2018-02-22 00:00:00-05:00,65.05962960602524,65.85391922317842,64.69136600288027,65.08129119873047,2905600
2018-02-23 00:00:00-05:00,65.41345161609381,66.3304994843705,65.06685509806111,66.308837890625,2922000
2018-02-26 00:00:00-05:00,66.87927288787863,67.31974358612615,66.40269586654139,66.80706024169922,3391100
2018-02-27 00:00:00-05:00,66.98758341684866,67.69522660965768,66.50378951951737,66.51823425292969,3183100
2018-02-28 00:00:00-05:00,67.1175457325218,67.18253600243794,65.23291054071298,65.25457763671875,3233800
2018-03-01 00:00:00-05:00,65.37735778751743,66.37382976973744,64.62639123940338,65.61564636230469,3431900
2018-03-02 00:00:00-05:00,65.03796001009458,66.17162913093178,64.83577782432255,65.97666931152344,1903800
2018-03-05 00:00:00-05:00,65.7239346470382,67.31251916051386,65.47120692029587,67.19698333740234,2953300
2018-03-06 00:00:00-05:00,67.55081360146336,68.0995922823257,66.97314545323258,67.82520294189453,2056500
2018-03-07 00:00:00-05:00,67.17532708534321,68.6267143014588,67.16810471856206,68.03460693359375,1791400
2018-03-08 00:00:00-05:00,68.04183262743979,68.76391508741493,67.55081633429462,68.73503112792969,2101300
2018-03-09 00:00:00-05:00,69.31990572674692,69.52931026971595,68.90831900685642,69.25492095947266,1776400
2018-03-12 00:00:00-04:00,69.11051459412899,69.50043980059,68.51840717151462,68.59061431884766,1310600
2018-03-13 00:00:00-04:00,68.6772602100203,69.40656500528308,67.95517778157642,68.27289581298828,1735500
2018-03-14 00:00:00-04:00,68.48228414298724,68.82166371264759,67.88296000812944,68.02737426757812,1607800
2018-03-15 00:00:00-04:00,68.33789898162735,68.72782425902892,67.33420457665139,68.20792388916016,2688200
2018-03-16 00:00:00-04:00,68.31622400675205,69.33435744083047,68.29456241375814,69.16828155517578,3193400
2018-03-19 00:00:00-04:00,68.69892074512622,68.9227645316055,67.7963177234496,68.16458129882812,1778400
2018-03-20 00:00:00-04:00,68.36676302488902,69.24770444944589,68.29455588546094,68.67003631591797,2011800
2018-03-21 00:00:00-04:00,68.84333974137262,70.02756005526977,68.7422486367433,69.42823028564453,1623300
2018-03-22 00:00:00-04:00,68.7639110064315,69.478771056847,68.23678841795032,68.3812026977539,1401500
2018-03-23 00:00:00-04:00,68.68447714316204,69.44266032761666,67.21142844458427,67.43527221679688,1743600
2018-03-26 00:00:00-04:00,68.40287347640697,69.39934528236336,67.86852849248439,69.31991577148438,1618800
2018-03-27 00:00:00-04:00,69.55818185305067,70.25138012593791,68.69167988015401,69.11048889160156,1533100
2018-03-28 00:00:00-04:00,69.15384699896337,69.73151527273552,68.02739992506595,68.11405181884766,2399200
2018-03-29 00:00:00-04:00,68.5472632744456,69.68093210490959,68.50394010546289,69.26212310791016,1553000
2018-04-02 00:00:00-04:00,69.19714244050395,69.47153170868032,67.428037645562,68.56170654296875,1677600
2018-04-03 00:00:00-04:00,68.88665914065608,69.53653437490827,68.43896608838206,69.44988250732422,1511100
2018-04-04 00:00:00-04:00,68.5906083067208,69.48599448413472,66.92259966060818,69.31269073486328,2492100
2018-04-05 00:00:00-04:00,69.86147033896222,70.95181627645096,69.50765151492202,70.59799194335938,1856800
2018-04-06 00:00:00-04:00,70.37413583969303,70.68463142938948,69.2621285070371,70.02031707763672,2596300
2018-04-09 00:00:00-04:00,70.28026597880209,71.26229826924374,70.041977516625,70.5763168334961,1401200
2018-04-10 00:00:00-04:00,71.56558990030273,72.82923414966467,71.39229166006757,72.38876342773438,1825300
2018-04-11 00:00:00-04:00,72.17211938325813,74.31670456798813,72.17211938325813,74.0495376586914,2247500
2018-04-12 00:00:00-04:00,74.21563616632157,74.57667740512179,73.58020556929198,74.1073226928711,2031600
2018-04-13 00:00:00-04:00,74.57666388755304,75.23376146741064,74.16507717028601,74.90882110595703,1496600
2018-04-16 00:00:00-04:00,75.29153066364155,77.43611630839895,75.21932352426302,77.13284301757812,2142000
2018-04-17 00:00:00-04:00,77.50832599907298,78.19430761837816,76.85845621422314,77.8838119506836,2087300
2018-04-18 00:00:00-04:00,78.23041589545505,79.49406027836672,78.20875430176778,78.6275634765625,2488400
2018-04-19 00:00:00-04:00,78.7502981569895,80.04282620535415,78.12930690450033,79.89118957519531,3075300
2018-04-20 00:00:00-04:00,79.7251173096992,80.37498703703672,79.23410107654445,80.1439208984375,3155400
2018-04-23 00:00:00-04:00,80.13670774533662,80.490526581316,79.27742792033514,80.47608184814453,1958600
2018-04-24 00:00:00-04:00,80.83712943259196,81.79027806225044,78.56979094220664,78.8730697631836,3092900
2018-04-25 00:00:00-04:00,78.396471171146,79.45793298052551,77.63828259043191,79.27741241455078,2043200
2018-04-26 00:00:00-04:00,79.60235613843616,81.51587545373125,79.08245596879588,81.24870300292969,2819500
2018-04-27 00:00:00-04:00,79.97786379351729,80.85158300714828,79.21245255380752,80.39666748046875,2062800
2018-04-30 00:00:00-04:00,80.78657912945548,81.82637957667725,80.2883460060381,80.37499237060547,3310300
2018-05-01 00:00:00-04:00,80.63493279662381,80.86599892280081,79.66734511483607,80.76490783691406,3783500
2018-05-02 00:00:00-04:00,80.46886899164153,83.37886034755721,80.40387870724157,82.69287872314453,3452700
2018-05-03 00:00:00-04:00,82.3895836093554,83.47992934920642,81.54474869916935,83.46548461914062,3096500
2018-05-04 00:00:00-04:00,83.5449194546871,83.61713209153729,82.63509972812267,83.47993469238281,2526400
2018-05-07 00:00:00-04:00,83.72546812364766,85.19851716306626,83.27055810771574,83.3355484008789,2631500
2018-05-08 00:00:00-04:00,83.32831628210693,84.02151477676667,82.09355594702065,83.94208526611328,3056800
2018-05-09 00:00:00-04:00,84.48364718822722,85.63175564669666,84.1659291453065,84.84468841552734,3148100
2018-05-10 00:00:00-04:00,85.31404680043525,85.48734505449539,84.61362590774978,85.17684936523438,1969600
2018-05-11 00:00:00-04:00,85.29959188883987,85.53788040290077,84.75081323161366,85.03242492675781,1851400
2018-05-14 00:00:00-04:00,85.38625428399625,86.04335199302153,85.1118649215644,85.4151382446289,2355200
2018-05-15 00:00:00-04:00,85.2057319244058,85.7256321870878,84.83025146194218,85.43679809570312,1921700
2018-05-16 00:00:00-04:00,85.14793957559115,85.38622804579806,83.86263402218495,85.32124328613281,2034300
2018-05-17 00:00:00-04:00,85.7617381534457,88.36845648155324,85.38625766844281,88.00019836425781,3571800
2018-05-18 00:00:00-04:00,88.07285758064613,88.1964213732412,86.95350226698017,87.4623031616211,3423500
2018-05-21 00:00:00-04:00,87.94928664157378,88.38539769764802,87.46956059807505,88.26910400390625,2065000
2018-05-22 00:00:00-04:00,88.29092396434396,88.46536730779286,85.60156182102516,86.31388092041016,2780600
2018-05-23 00:00:00-04:00,85.76149517224493,86.81543671675028,85.26723426924202,86.45927429199219,2507700
2018-05-24 00:00:00-04:00,85.76874150626284,87.04073555402522,85.32536028026364,86.36476135253906,1630700
2018-05-25 00:00:00-04:00,85.01282125028513,85.2672189755864,83.15207726470494,84.02429962158203,1941700
2018-05-29 00:00:00-04:00,84.5767113326199,85.88505043289325,84.09698514736813,84.90379333496094,2961500
2018-05-30 00:00:00-04:00,85.9431748552238,87.04799551937256,85.3035456333952,86.62641906738281,3583000
2018-05-31 00:00:00-04:00,86.63370453348617,87.44051267963468,84.62758653126927,84.67119598388672,5907100
2018-06-01 00:00:00-04:00,85.3253628367161,86.61916164821699,84.86017687180463,86.49559783935547,2757000
2018-06-04 00:00:00-04:00,86.78634240596763,87.80393880664664,86.197587073497,86.6409683227539,2979100
2018-06-05 00:00:00-04:00,86.49558833141171,86.83721044990916,85.51433696783513,86.37202453613281,2369800
2018-06-06 00:00:00-04:00,86.33568733217713,86.59735512519046,84.4676734209427,84.78749084472656,2413000
2018-06-07 00:00:00-04:00,85.25266517946768,85.67424162690924,84.68572022036857,85.3616943359375,2478300
2018-06-08 00:00:00-04:00,85.12912187345752,85.33264005692921,84.496757050138,84.92559814453125,2220600
2018-06-11 00:00:00-04:00,84.99827528984653,85.62336992899472,84.27868611856546,85.0564193725586,2225200
2018-06-12 00:00:00-04:00,84.82382285839314,85.01280636930272,83.81349667943783,83.98794555664062,2471100
2018-06-13 00:00:00-04:00,83.98794751776258,84.67118622700646,82.74502280684787,84.13331604003906,2973000
2018-06-14 00:00:00-04:00,84.75840868853224,85.04188118216986,83.84257149230497,83.98794555664062,2464100
2018-06-15 00:00:00-04:00,83.67539600485235,84.36590476919413,82.74501865442978,83.07937622070312,3483900
2018-06-18 00:00:00-04:00,83.04304764966331,84.16240318059252,82.8177247434963,83.5445785522461,2654200
2018-06-19 00:00:00-04:00,82.6287209432347,83.70446675645448,82.42520281395198,83.28289031982422,1997000
2018-06-20 00:00:00-04:00,83.71174526918664,83.75536026520614,82.33799212183416,83.29016876220703,2317000
2018-06-21 00:00:00-04:00,82.84679534776377,83.22475686909081,80.65896394197142,81.00785064697266,2481200
2018-06-22 00:00:00-04:00,82.43246596263724,83.2174636029992,81.27676590372364,81.42213439941406,2965800
2018-06-25 00:00:00-04:00,81.36402209325738,81.40763154989928,79.7504056520491,80.281005859375,1799800
2018-06-26 00:00:00-04:00,80.52812131096415,81.40034352436149,80.42636223758292,80.54265594482422,1878400
2018-06-27 00:00:00-04:00,80.94968912158225,81.74922698921556,80.28824966992958,80.46996307373047,1831700
2018-06-28 00:00:00-04:00,80.50631443506298,81.55297995406582,79.88848992163663,81.2186279296875,1723200
2018-06-29 00:00:00-04:00,81.60386738449768,82.49062983929403,81.46576894407073,81.63294219970703,1928000
2018-07-02 00:00:00-04:00,81.2259136236113,81.56753580308175,80.05567854074438,80.39730072021484,2516500
2018-07-03 00:00:00-04:00,81.34220418773818,81.54572234637081,80.01206052109129,80.3246078491211,1248900
2018-07-05 00:00:00-04:00,81.1023358715774,81.2040949443033,79.6704332183511,80.06293487548828,2070800
2018-07-06 00:00:00-04:00,79.73584621914115,81.26950792260196,79.27793039858997,80.81159210205078,1561300
2018-07-09 00:00:00-04:00,81.08054088164238,82.11994200250804,80.94970698022382,81.83646392822266,1608800
2018-07-10 00:00:00-04:00,82.17081629997156,83.3047063429194,82.00363750226455,82.27257537841797,1867900
2018-07-11 00:00:00-04:00,81.79285250480872,81.90188167760532,80.0702126473479,80.43363952636719,1433500
2018-07-12 00:00:00-04:00,80.76071938398933,81.08053680369484,79.76492776519514,80.78252410888672,1249300
2018-07-13 00:00:00-04:00,80.68075108016562,81.65473226021686,80.57172192907481,81.26950073242188,1563300
2018-07-16 00:00:00-04:00,81.10960867152015,81.58933481644596,80.82613614786548,80.91336059570312,1795100
2018-07-17 00:00:00-04:00,80.76072540100351,81.1023475710587,80.09202124221066,80.72438049316406,2062000
2018-07-18 00:00:00-04:00,80.5063189265918,81.03691903243168,79.72131558445345,80.60807800292969,2561700
2018-07-19 00:00:00-04:00,80.65168745123057,81.03691903243168,80.28099050431183,80.60807800292969,2333100
2018-07-20 00:00:00-04:00,80.57172527507826,80.84066311954373,80.17922364212319,80.21556854248047,2334800
2018-07-23 00:00:00-04:00,80.70257612443086,80.9497092988352,80.02660187198236,80.27373504638672,1568000
2018-07-24 00:00:00-04:00,80.60079707091806,81.40033493978768,80.28824979407912,80.84066009521484,2163000
2018-07-25 00:00:00-04:00,81.08054572376065,81.83646881548455,80.77526290524976,81.66202545166016,1671100
2018-07-26 00:00:00-04:00,81.75650286303626,84.42405448867568,81.75650286303626,84.31502532958984,3212100
2018-07-27 00:00:00-04:00,85.61610280210239,87.48411669431077,84.87470888096449,86.34295654296875,3715600
2018-07-30 00:00:00-04:00,86.90990275964175,89.19222309347289,86.90990275964175,88.78518676757812,3985900
2018-07-31 00:00:00-04:00,89.11227621637757,90.0426482081962,88.9741777630465,89.650146484375,3831100
2018-08-01 00:00:00-04:00,89.07592627206003,90.07171232683586,88.56712533697284,89.4102783203125,2679300
2018-08-02 00:00:00-04:00,88.73430625089001,89.17768747762912,87.80393434738959,88.7125015258789,2627000
2018-08-03 00:00:00-04:00,88.66888124896516,88.98142856156721,87.52045661830398,88.42902374267578,1692000
2018-08-06 00:00:00-04:00,88.47263708338878,89.42481369708632,87.97110623412023,89.06865692138672,1542600
2018-08-07 00:00:00-04:00,89.3957567737694,90.10807601318392,88.9669156481853,89.19950866699219,2058100
2018-08-08 00:00:00-04:00,88.99597183391839,89.46842231864805,88.61074024706924,89.38847351074219,1411600
2018-08-09 00:00:00-04:00,89.46841023491899,89.75188825110521,88.59618810119444,88.80697631835938,1897600
2018-08-10 00:00:00-04:00,88.47990662416167,89.22129498567226,88.4653664441681,89.10499572753906,1847400
2018-08-13 00:00:00-04:00,89.29398892744824,89.73010010180809,88.31273739877496,88.36361694335938,1989100
2018-08-14 00:00:00-04:00,88.6252613200825,88.6761408512118,87.31692259753916,87.90567779541016,2703100
2018-08-15 00:00:00-04:00,87.28788404742276,87.28788404742276,83.78444839665755,83.8644027709961,3985400
2018-08-16 00:00:00-04:00,84.14786299896302,84.3005071788004,83.47188873500754,83.5445785522461,2747800
2018-08-17 00:00:00-04:00,83.8280351545572,84.11150764243243,83.2901594456294,83.90798950195312,1774000
2018-08-20 00:00:00-04:00,83.9446058983891,85.50360647556818,83.73234666004308,84.96198272705078,2461600
2018-08-21 00:00:00-04:00,85.32792984535182,86.22088041094075,84.74238684308473,85.27669525146484,2479700
2018-08-22 00:00:00-04:00,85.65729183126041,86.34530400152009,85.37916198446374,85.64997100830078,3889800
2018-08-23 00:00:00-04:00,85.5840865532793,86.6673392264031,85.1156544741314,86.6380615234375,2062700
2018-08-24 00:00:00-04:00,86.813748564495,87.83844614338493,86.62344622940697,87.28218078613281,2959200
2018-08-27 00:00:00-04:00,87.6408291410416,88.10194615521937,87.40661301376906,87.85308837890625,2328800
2018-08-28 00:00:00-04:00,88.0141106209327,88.96561675319849,87.56031444361084,87.64814758300781,2237200
2018-08-29 00:00:00-04:00,87.86773224558549,88.57038064513682,87.27486829584446,88.15318298339844,1956700
2018-08-30 00:00:00-04:00,88.38005601334757,88.48252519677584,86.76250037877085,87.50174713134766,1847300
2018-08-31 00:00:00-04:00,87.03333399162497,87.40661227671757,85.71586479673081,86.74056243896484,2575200
2018-09-04 00:00:00-04:00,86.81374278984008,88.00678015244189,86.56488504756263,87.06991577148438,2477400
2018-09-05 00:00:00-04:00,86.85033419598737,86.85033419598737,85.6426552854546,86.35993957519531,2324700
2018-09-06 00:00:00-04:00,86.0232561049527,87.02599666785376,85.32792868534621,85.41575622558594,1943500
2018-09-07 00:00:00-04:00,85.0132112362242,85.05712501199157,83.01505067651996,83.65914916992188,3032400
2018-09-10 00:00:00-04:00,83.91532093476415,84.1714939298942,83.35905558522998,83.40296936035156,2543800
2018-09-11 00:00:00-04:00,82.06355980937997,82.85403578682033,81.66831902858317,82.37828826904297,3772500
2018-09-12 00:00:00-04:00,82.90527501525399,83.76894812126595,81.7268790161839,82.09284210205078,3762800
2018-09-13 00:00:00-04:00,82.29778471127447,82.99311237603102,81.63172918081702,82.72229766845703,3368500
2018-09-14 00:00:00-04:00,82.68566302317072,83.51273721192538,82.68566302317072,83.14677429199219,2774300
2018-09-17 00:00:00-04:00,83.18337838968789,83.45418739472196,82.51732315040125,82.56855773925781,2773400
2018-09-18 00:00:00-04:00,83.00772788051813,83.48347529909792,82.72959243490305,82.92721557617188,2521000
2018-09-19 00:00:00-04:00,82.7954776844841,82.7954776844841,79.93364411754486,80.0434341430664,2934800
2018-09-20 00:00:00-04:00,80.40938137804517,81.1339864695164,79.67013464116555,80.75338745117188,3175700
2018-09-21 00:00:00-04:00,80.4313403875407,81.93910602365885,80.29959349614143,81.72685241699219,5963200
2018-09-24 00:00:00-04:00,82.12208333054446,83.35903988221006,81.74880514402346,83.0443115234375,2757500
2018-09-25 00:00:00-04:00,83.43222748151945,84.83020855893022,83.30048060293701,84.0836410522461,2819800
2018-09-26 00:00:00-04:00,84.11293747794059,84.20077061126172,82.83206693380781,83.35905456542969,2692800
2018-09-27 00:00:00-04:00,83.62257589466786,84.0617305374589,82.59055717916237,82.61983489990234,1943900
2018-09-28 00:00:00-04:00,81.97570560392289,83.16874288054248,81.6682980481046,82.50269317626953,2540000
2018-10-01 00:00:00-04:00,82.89060699469108,84.12024271254792,82.89060699469108,83.79087829589844,2021600
2018-10-02 00:00:00-04:00,83.90800442905547,84.39107831686349,82.51734377572808,83.9446029663086,2884700
2018-10-03 00:00:00-04:00,84.24468058923793,86.79178549923724,83.8640815303035,86.71127319335938,3310000
2018-10-04 00:00:00-04:00,86.62346586098384,86.99674979175168,85.4231073229792,86.14771270751953,2576400
2018-10-05 00:00:00-04:00,86.35261089971146,86.93814820657092,85.73779030573557,86.6380615234375,2572200
2018-10-08 00:00:00-04:00,86.29407352155435,86.7112711037073,85.6865736224442,86.46973419189453,2306300
2018-10-09 00:00:00-04:00,86.4331434133704,87.20166798929962,85.7158590210455,86.133056640625,2263600
2018-10-10 00:00:00-04:00,86.18429785614357,86.44047087306798,82.66373511918249,82.74424743652344,2576500
2018-10-11 00:00:00-04:00,82.34168657713757,82.41487807059775,79.89705607381866,80.11663055419922,3565200
2018-10-12 00:00:00-04:00,81.1486490396928,81.48533437693206,78.97482762059188,80.11663055419922,3078200
2018-10-15 00:00:00-04:00,80.10928473426466,80.15320408395965,78.46245151655948,78.46977233886719,2670600
2018-10-16 00:00:00-04:00,79.18707067926357,80.46062027452038,79.01140442987156,80.40938568115234,2644000
2018-10-17 00:00:00-04:00,80.46795631944019,80.98762317451997,79.3554255327783,79.6189193725586,2214700
2018-10-18 00:00:00-04:00,79.0553290251802,80.57773086510714,78.83574899095932,79.86776733398438,1841100
2018-10-19 00:00:00-04:00,77.30600175981661,78.21358815014018,74.71498386652874,75.22000885009766,4013500
2018-10-22 00:00:00-04:00,75.57868889056545,75.97392964546508,73.9977258709669,75.49817657470703,4927100
2018-10-23 00:00:00-04:00,73.99042170581056,74.21000181380063,71.67753766664453,73.0462417602539,3292200
2018-10-24 00:00:00-04:00,73.18525325660599,73.18525325660599,69.5695438943959,69.75252532958984,3379100
2018-10-25 00:00:00-04:00,70.82115828638855,72.94374471219162,70.67476974217512,72.08738708496094,4015800
2018-10-26 00:00:00-04:00,74.25389107448916,75.96660083227565,69.7525506049443,72.7900390625,5267700
2018-10-29 00:00:00-04:00,73.34630892535247,74.67841411525572,71.20908619590818,72.1093521118164,2752000
2018-10-30 00:00:00-04:00,72.73881618255946,74.83944616843814,72.73150094191077,74.70037841796875,2554400
2018-10-31 00:00:00-04:00,75.4762252774554,76.5594728333726,74.95655839014802,75.25664520263672,2688200
2018-11-01 00:00:00-04:00,75.12486907499047,75.64453576031346,74.07089406016578,75.02239990234375,2147700
2018-11-02 00:00:00-04:00,75.42497639458739,75.80557545685865,72.11666775356223,72.4679946899414,2726700
2018-11-05 00:00:00-05:00,73.33898032294088,74.03431334836993,72.92910356464301,73.57319641113281,2226600
2018-11-06 00:00:00-05:00,73.57320660570753,73.89525586565277,72.89983595687002,73.83670043945312,2185200
2018-11-07 00:00:00-05:00,74.78819931711656,75.73970535604147,74.20265628021627,75.47621154785156,4212300
2018-11-08 00:00:00-05:00,75.19807777904904,75.43961470599918,71.64823769662249,72.2191390991211,2989400
2018-11-09 00:00:00-05:00,71.61164343838736,73.44145859882227,71.20908745358331,73.00230407714844,2096700
2018-11-12 00:00:00-05:00,73.47806064732312,73.87330141096456,71.37743073245649,71.48722076416016,1677300
2018-11-13 00:00:00-05:00,71.20909110948548,71.90441867248805,69.2914427126019,69.3865966796875,2990200
2018-11-14 00:00:00-05:00,70.61620522590606,71.40668086369263,69.05719966305996,69.97210693359375,2933400
2018-11-15 00:00:00-05:00,69.53298640718323,70.557684165804,69.21825792955299,70.43325805664062,2618000
2018-11-16 00:00:00-05:00,71.06796627923706,72.16767670536328,70.73583511457912,71.30414581298828,3468800
2018-11-19 00:00:00-05:00,70.94988910324328,71.30416129628043,69.17116283521257,70.04207611083984,1987200
2018-11-20 00:00:00-05:00,68.97927047720069,69.70257367951923,67.96074699406567,68.30025482177734,4553500
2018-11-21 00:00:00-05:00,68.77999140263297,69.73209194512567,67.91645468578996,69.11949920654297,2447400
2018-11-23 00:00:00-05:00,67.67287231788166,67.89428742719537,65.68010254827814,65.68748474121094,2169900
2018-11-26 00:00:00-05:00,66.71340226612428,68.04191569109419,66.59531531221828,67.9533462524414,3324200
2018-11-27 00:00:00-05:00,67.68027318831254,67.8500299009576,66.94959349250419,67.35552978515625,2675900
2018-11-28 00:00:00-05:00,67.76883282823496,68.44047175499972,66.42556060567,68.36666107177734,3525700
2018-11-29 00:00:00-05:00,68.63975930363418,69.25235205530267,68.16740012019395,68.40357971191406,2290800
2018-11-30 00:00:00-05:00,68.0787883843458,69.08993462492009,67.59167074247354,69.02350616455078,4393700
2018-12-03 00:00:00-05:00,69.25234072984587,70.81702815749215,66.80197575486773,67.96810913085938,5780700
2018-12-04 00:00:00-05:00,68.36666760363079,69.26710396771323,67.33338551137068,67.45885467529297,3191800
2018-12-06 00:00:00-05:00,66.27796573461013,68.40358213540013,65.7391780304593,68.34453582763672,4165300
2018-12-07 00:00:00-05:00,68.92760013994587,70.12326244074676,66.33700130369331,66.68389129638672,3880700
2018-12-10 00:00:00-05:00,66.05652807057379,66.77244888469521,63.930912211204195,65.56940460205078,2610800
2018-12-11 00:00:00-05:00,66.18939721313774,66.88317726179778,64.52137559640649,65.25943756103516,2535900
2018-12-12 00:00:00-05:00,66.30747835401247,67.07506340527542,65.66536810520921,65.87202453613281,2570700
2018-12-13 00:00:00-05:00,65.84249607902171,66.32223740127546,64.66898045613631,65.5620346069336,3040700
2018-12-14 00:00:00-05:00,65.18560971949205,66.48459990013303,63.8201966881016,64.08589935302734,2867100
2018-12-17 00:00:00-05:00,64.07851457797265,64.2113659050838,62.639296560071784,63.36997604370117,4396800
2018-12-18 00:00:00-05:00,63.70212915912347,64.36638608261632,62.21124640280946,62.53599548339844,2708700
2018-12-19 00:00:00-05:00,62.93452175940947,65.0970428714137,62.11527841282828,62.85334014892578,3893400
2018-12-20 00:00:00-05:00,62.27766930981189,63.79808085342372,60.77202215948825,61.096771240234375,4929700
2018-12-21 00:00:00-05:00,60.86057522597304,61.997191071329844,60.25536477646769,60.80152893066406,5015200
2018-12-24 00:00:00-05:00,60.21846712730339,60.33655973300813,57.89357666988638,57.93785858154297,2322100
2018-12-26 00:00:00-05:00,58.31425797299325,62.18169980243311,58.25521168406403,62.14479446411133,3493300
2018-12-27 00:00:00-05:00,61.22221502107225,63.377359438501045,61.03769959830716,63.3404541015625,2737800
2018-12-28 00:00:00-05:00,63.65783859008141,64.12281555785272,62.344089314915934,62.70573806762695,2248900
2018-12-31 00:00:00-05:00,63.05263227863146,63.665225045307494,62.447421708086615,63.58403778076172,2580600
2019-01-02 00:00:00-05:00,62.97143429396109,65.27418920085412,62.73525473666166,65.03800964355469,3147800
2019-01-03 00:00:00-05:00,65.0822914702144,65.28894787872468,62.809059714671655,64.1375732421875,3182000
2019-01-04 00:00:00-05:00,65.28155751960598,67.27432756165959,64.91252665599947,67.04552459716797,3307200
2019-01-07 00:00:00-05:00,66.87579482666189,68.24120833015573,66.1008275141829,67.51052856445312,3474000
2019-01-08 00:00:00-05:00,68.1157184824505,68.32237486815661,66.55102557058915,67.45146179199219,2357300
2019-01-09 00:00:00-05:00,68.1231130068303,68.33714599436303,66.66174802331395,67.8943099975586,2588600
2019-01-10 00:00:00-05:00,67.71717878723003,68.63237395929177,66.6986554004661,68.59547424316406,2323700
2019-01-11 00:00:00-05:00,68.08618552836663,69.14899607998599,67.80572413545079,68.41093444824219,2102600
2019-01-14 00:00:00-05:00,67.746697234245,68.7504617910475,67.39980726713407,68.5142822265625,2178600
2019-01-15 00:00:00-05:00,68.97923127323546,69.17851104358951,67.85738020321935,68.2337875366211,1953500
2019-01-16 00:00:00-05:00,67.99026734613781,68.91284476308026,67.7983696667434,68.63237762451172,2316100
2019-01-17 00:00:00-05:00,68.30024513974962,69.47376079324917,68.130488434475,68.94973754882812,3069200
2019-01-18 00:00:00-05:00,69.61397735026644,70.67678797012148,68.56593111733369,70.3372802734375,4014900
2019-01-22 00:00:00-05:00,69.82802757190825,70.41109707148968,68.50689626996522,68.6397476196289,4733500
2019-01-23 00:00:00-05:00,68.85378455241523,69.22281544466895,68.05667647371571,68.36666107177734,2542400
2019-01-24 00:00:00-05:00,68.2707116797315,68.66188350515839,67.40718078613281,67.40718078613281,3194000
2019-01-25 00:00:00-05:00,68.08619778750831,69.0973444322044,67.61383870861955,68.65450286865234,2044800
2019-01-28 00:00:00-05:00,67.9016980970228,68.67666538203814,67.835275225661,68.2707290649414,2349500
2019-01-29 00:00:00-05:00,68.44047655439631,69.14901524149407,67.82050168383269,68.8980712890625,2056500
2019-01-30 00:00:00-05:00,69.40732563385208,70.30037964975001,69.11948201017276,69.76897430419922,3093300
2019-01-31 00:00:00-05:00,70.92774642330085,71.29677736788717,70.16754357840745,70.41848754882812,4044500
2019-02-01 00:00:00-05:00,70.53655548655092,70.81701690159794,68.94234516428625,69.53279113769531,2618100
2019-02-04 00:00:00-05:00,69.23018222348605,69.938720703125,68.79472293949016,69.938720703125,2758500
2019-02-05 00:00:00-05:00,69.93874582175623,70.51443319128687,69.67304309259359,70.24134826660156,2849300
2019-02-06 00:00:00-05:00,69.85756954308496,70.44063919977654,69.6287664936451,69.68781280517578,3127800
2019-02-07 00:00:00-05:00,69.68043037725788,70.27087654999204,67.42933921048855,67.70980072021484,5291500
2019-02-08 00:00:00-05:00,70.0567933482608,70.24130871567465,67.69499889774833,69.02350616455078,4248400
2019-02-11 00:00:00-05:00,68.63236854408605,70.3741949272978,68.54380472759507,69.54756927490234,4229500
2019-02-12 00:00:00-05:00,70.30038484613947,70.47751809742816,69.31138475956593,69.3778076171875,2486000
2019-02-13 00:00:00-05:00,69.57708599723556,71.09749719086378,69.44423464305378,70.9425048828125,2627100
2019-02-14 00:00:00-05:00,70.53655003141301,71.02367341199219,70.18227796999513,70.59559631347656,2701500
2019-02-15 00:00:00-05:00,71.45154388539265,72.00975907199728,70.86355654075409,71.44409942626953,2647300
2019-02-19 00:00:00-05:00,71.03473644192482,72.16604991814901,70.99751982926716,72.00975036621094,2108000
2019-02-20 00:00:00-05:00,72.00977069460609,73.03688475949306,71.50365528325757,72.53076934814453,3586900
2019-02-21 00:00:00-05:00,72.40422859271862,73.14107103241987,71.74925816614622,72.05441284179688,2054000
2019-02-22 00:00:00-05:00,72.77638244344325,73.01455405791502,72.19583948807202,72.46378326416016,2102500
2019-02-25 00:00:00-05:00,72.30745954906129,72.7168138581717,72.20325985739993,72.41165924072266,1661000
2019-02-26 00:00:00-05:00,72.44142465278937,73.155939191331,72.32978051397981,72.82100677490234,2274400
2019-02-27 00:00:00-05:00,73.01454383937057,73.56531455604387,72.44144542422461,72.67217254638672,1881900
2019-02-28 00:00:00-05:00,72.88802032088584,72.98477557891975,71.40689089904424,71.71949005126953,2351200
2019-03-01 00:00:00-05:00,72.06187600902814,72.83593526600224,71.79393220167327,72.55310821533203,2879000
2019-03-04 00:00:00-05:00,73.24526831768601,73.24526831768601,71.19103511473142,72.40422058105469,2386200
2019-03-05 00:00:00-05:00,72.54564483736434,72.85824397161139,72.06185721810103,72.53820037841797,2511900
2019-03-06 00:00:00-05:00,72.53820293383929,73.50577820645225,72.2256037885798,72.64240264892578,2644600
2019-03-07 00:00:00-05:00,72.62751632854638,72.72427158032046,71.36966966319149,71.78646850585938,3638000
2019-03-08 00:00:00-05:00,70.90079414259235,71.04220483703406,69.84390209418152,70.19371795654297,3334100
2019-03-11 00:00:00-04:00,70.8114600740433,72.04697913854113,70.5732884768274,71.9502182006836,2257400
2019-03-12 00:00:00-04:00,72.22561517317557,73.11875735140134,72.00977124977145,72.48611450195312,2362600
2019-03-13 00:00:00-04:00,72.9773442340952,73.20062693195398,72.47866761744608,72.99967193603516,2294500
2019-03-14 00:00:00-04:00,73.12618822375426,73.43878736020135,72.67961721762148,73.28993225097656,1663000
2019-03-15 00:00:00-04:00,72.94012930786474,74.27984824000521,72.86570174018125,73.32715606689453,3785800
2019-03-18 00:00:00-04:00,73.3866966997921,73.88536762448497,72.7540538886263,73.47601318359375,2530800
2019-03-19 00:00:00-04:00,73.90023966994346,74.73384295970297,73.35690778818477,73.60252380371094,2932600
2019-03-20 00:00:00-04:00,73.41646801261517,73.9151389315451,72.82848061091578,73.0740966796875,3292600
2019-03-21 00:00:00-04:00,72.9698917486833,73.7886062410413,72.84336433263297,73.34947967529297,2124000
2019-03-22 00:00:00-04:00,72.73171841174944,72.92523460006853,71.06451730823481,71.43666076660156,1856900
2019-03-25 00:00:00-04:00,71.27291588972669,71.42921545896904,70.65515639334613,71.34734344482422,1357500
2019-03-26 00:00:00-04:00,71.94278436159351,73.17085337251217,71.94278436159351,72.95500946044922,2284700
2019-03-27 00:00:00-04:00,72.75404212034584,73.15595771475301,72.1734992656882,72.39678192138672,1657400
2019-03-28 00:00:00-04:00,72.05441158316312,72.39678286914946,70.82634276459885,71.20592498779297,2524800
2019-03-29 00:00:00-04:00,71.90556101076315,72.1288493619204,70.32023188861436,70.83378601074219,2900400
2019-04-01 00:00:00-04:00,71.45897741898368,71.66737681490002,70.45419137241116,70.75934600830078,2635300
2019-04-02 00:00:00-04:00,70.96031353261084,71.28780160054244,69.86621650998771,70.3499984741211,2594800
2019-04-03 00:00:00-04:00,70.67747808949794,71.72692526615806,70.58072284393428,70.73702239990234,2096100
2019-04-04 00:00:00-04:00,71.1240537944524,72.09907348723084,70.387211359144,72.09162902832031,2146800
2019-04-05 00:00:00-04:00,72.07674510042268,73.02943716088345,71.69716284658232,72.78382110595703,2705200
2019-04-08 00:00:00-04:00,72.85080914741643,73.58021290225055,72.35213822276793,73.16341400146484,2332400
2019-04-09 00:00:00-04:00,72.67215394893078,73.11872483947786,72.16603875872224,72.47119903564453,2352800
2019-04-10 00:00:00-04:00,72.86568390885775,73.93745311383273,72.67216773746944,73.39412689208984,1792100
2019-04-11 00:00:00-04:00,73.51322794783421,74.17564863316153,73.05921808067055,73.31971740722656,1486200
2019-04-12 00:00:00-04:00,74.10121024300554,74.22774334580014,72.16606522204516,72.3223648071289,2223700
2019-04-15 00:00:00-04:00,72.0767283989809,72.31490561775033,71.48130238742968,71.63015747070312,1934400
2019-04-16 00:00:00-04:00,71.5631881796162,71.71948775071522,70.42443010556734,71.43666076660156,1829600
2019-04-17 00:00:00-04:00,71.94276793906889,72.35212228977788,71.40688051123512,71.79390716552734,1591600
2019-04-18 00:00:00-04:00,71.79391070982616,72.0097545832737,70.59560839633431,71.01985168457031,2400100
2019-04-22 00:00:00-04:00,71.59295568636577,72.47865319838378,71.32501195947312,72.3000259399414,1927300
2019-04-23 00:00:00-04:00,72.47865661422074,72.88057222350155,71.89066927907614,72.49354553222656,2461000
2019-04-24 00:00:00-04:00,72.46375295114726,72.46375295114726,69.9927213552616,70.17134857177734,2974100
2019-04-25 00:00:00-04:00,70.07458523674474,71.48128647074218,69.61312549581805,70.8709716796875,2745400
2019-04-26 00:00:00-04:00,70.59560522676703,71.10172050215492,69.96296255214665,70.647705078125,2091500
2019-04-29 00:00:00-04:00,70.89333244846439,71.39200334537675,70.61794423092859,70.97520446777344,2651200
2019-04-30 00:00:00-04:00,71.0794160352608,71.92790285093373,69.70248607498173,70.1639404296875,3303300
2019-05-01 00:00:00-04:00,70.14905840856673,70.62540169308551,68.31066838309899,68.3553237915039,3350700
2019-05-02 00:00:00-04:00,68.28833308430053,68.44463267479499,66.14478854235746,66.31597137451172,3708800
2019-05-03 00:00:00-04:00,66.90394120658026,67.41005646686332,66.63599749946229,66.6583251953125,2811100
2019-05-06 00:00:00-04:00,65.73542227634103,66.01824926913532,64.73808050296745,64.7752914428711,3427500
2019-05-07 00:00:00-04:00,64.30637800467271,64.49989415466318,63.152731240848524,64.41802215576172,3421700
2019-05-08 00:00:00-04:00,64.50736372411936,64.75297983805967,63.621665907227516,63.93426513671875,3095300
2019-05-09 00:00:00-04:00,63.60678785152017,64.05335906686658,62.31172962347725,63.8226318359375,3393700
2019-05-10 00:00:00-04:00,63.83003970876469,64.8422702451491,62.929453331833734,64.4924545288086,3094900
2019-05-13 00:00:00-04:00,63.7109548935087,64.46268622167199,63.063428951256924,63.85237121582031,3065600
2019-05-14 00:00:00-04:00,64.11286993607064,65.05067297358752,64.0458868440485,64.69341278076172,2450300
2019-05-15 00:00:00-04:00,64.53710988607392,65.23674131837404,64.12031108136294,64.97624206542969,2059900
2019-05-16 00:00:00-04:00,65.12508836877674,66.07033001000818,65.12508836877674,65.72052001953125,2645700
2019-05-17 00:00:00-04:00,65.08889434252146,65.22424578863577,63.70530688173716,63.772979736328125,2562400
2019-05-20 00:00:00-04:00,63.63764675597036,64.4196769230048,63.38950714686834,63.554931640625,2106500
2019-05-21 00:00:00-04:00,63.690262683226194,65.11897107333044,63.675226183868816,64.78811645507812,2722600
2019-05-22 00:00:00-04:00,64.46476169607878,64.88585241988093,64.14142253689332,64.36700439453125,2111600
2019-05-23 00:00:00-04:00,63.38947585818211,63.42706996855208,61.66750726393532,61.86301040649414,3020000
2019-05-24 00:00:00-04:00,62.41947672213434,62.95336143705395,61.84047102976077,62.36684036254883,2661600
2019-05-28 00:00:00-04:00,62.359324376687674,62.607469693845665,61.930712345657234,62.051021575927734,3105100
2019-05-29 00:00:00-04:00,61.47953834397342,62.25404724553284,61.321629263387486,62.223968505859375,2232000
2019-05-30 00:00:00-04:00,61.97581917449057,62.42698876637622,61.15619508520711,61.705116271972656,2449600
2019-05-31 00:00:00-04:00,60.7125236910499,61.48703232300857,60.33654818140542,60.75764465332031,2785000
2019-06-03 00:00:00-04:00,60.84788627946233,61.86301919455788,60.60726213857352,61.81038284301758,3144800
2019-06-04 00:00:00-04:00,62.539766756030915,63.34435414110455,62.50968802593372,63.25412368774414,2781800
2019-06-05 00:00:00-04:00,63.667702335520666,63.82561138819666,62.26155736014923,63.78801727294922,3097000
2019-06-06 00:00:00-04:00,63.74289514669985,64.63019771487856,63.1037378297674,63.84065246582031,2837200
2019-06-07 00:00:00-04:00,64.1790391689514,64.62269339745983,63.52484524158182,64.30686950683594,2623700
2019-06-10 00:00:00-04:00,64.51742686346611,65.24681483968251,64.4196695182398,64.59262084960938,3026700
2019-06-11 00:00:00-04:00,65.08888907572737,65.56262196726068,63.69778060913086,63.69778060913086,2736700
2019-06-12 00:00:00-04:00,63.419569223034046,64.2241626130501,62.36684200362311,62.599945068359375,3232800
2019-06-13 00:00:00-04:00,63.231553466472135,64.47227369773657,63.17891712875452,64.09629821777344,3029700
2019-06-14 00:00:00-04:00,64.08127121616407,64.57755594003378,63.61505948664772,64.35948944091797,1830500
2019-06-17 00:00:00-04:00,64.28431191247289,65.03626317599861,64.28431191247289,64.60013580322266,2003400
2019-06-18 00:00:00-04:00,64.92346081899134,65.95363598012457,64.92346081899134,65.26936340332031,2336600
2019-06-19 00:00:00-04:00,65.3595912726849,66.15666337684185,64.93097935524267,65.87091827392578,2901700
2019-06-20 00:00:00-04:00,66.9763001660618,68.63811180359977,66.6228821471544,68.29973602294922,4082600
2019-06-21 00:00:00-04:00,68.72834755659333,69.11935969462718,67.67561462613357,68.11174774169922,6129800
2019-06-24 00:00:00-04:00,67.94631732038363,68.60803237370286,67.17932381112465,67.49514770507812,2360800
2019-06-25 00:00:00-04:00,67.23946493922863,68.12676745290392,66.96876208848487,67.54776763916016,3343800
2019-06-26 00:00:00-04:00,68.42755616171058,70.31495519624822,68.07413819549372,69.75099182128906,3816200
2019-06-27 00:00:00-04:00,69.67580209973671,69.89386290284787,68.83361467649229,68.99152374267578,2086400
2019-06-28 00:00:00-04:00,69.27726282615428,70.4127107581883,69.18703235270287,70.33751678466797,4442600
2019-07-01 00:00:00-04:00,71.3300941627816,71.68351215891978,70.39767624358251,70.72853088378906,2668700
2019-07-02 00:00:00-04:00,70.47286612056953,72.30010773334244,69.97657558372472,71.97676849365234,4112200
2019-07-03 00:00:00-04:00,72.1873198074486,72.96934979379456,72.08204709168403,72.95430755615234,2035500
2019-07-05 00:00:00-04:00,72.6986279441978,73.2024337722253,71.94667689212167,72.78886413574219,1956000
2019-07-08 00:00:00-04:00,72.60087511529811,74.09725607667201,72.60087511529811,72.90917205810547,3044500
2019-07-09 00:00:00-04:00,72.93174025186474,73.94687315446883,72.6309586452219,73.48066711425781,2369900
2019-07-10 00:00:00-04:00,73.85664086445745,74.41308309399972,73.32275625089325,73.77392578125,1954600
2019-07-11 00:00:00-04:00,74.18748614280518,74.93191600367712,73.66111701675914,74.88679504394531,2446600
2019-07-12 00:00:00-04:00,74.63115157469089,75.68388433119131,74.63115157469089,75.4432601928711,1842400
2019-07-15 00:00:00-04:00,75.45829931419155,76.05986254936563,74.73642687414194,75.95458984375,3089500
2019-07-16 00:00:00-04:00,75.94706398118193,76.52606382589737,75.05224030241715,76.23280334472656,2625600
2019-07-17 00:00:00-04:00,76.24031590241401,76.72908522846569,75.40564978450776,75.78914642333984,2254400
2019-07-18 00:00:00-04:00,75.34549816641946,76.64637609783368,75.06727993016507,76.63885498046875,2468000
2019-07-19 00:00:00-04:00,76.94716932777946,77.35322367294442,76.54863610111732,76.6689453125,3972900
2019-07-22 00:00:00-04:00,77.15772510648856,77.56377950615403,76.34561630715758,77.11260986328125,1966800
2019-07-23 00:00:00-04:00,77.45096320733424,77.64647209944117,76.6839756105018,76.93963623046875,1873800
2019-07-24 00:00:00-04:00,76.7290997866854,77.31562079445868,76.21777275020288,77.01483917236328,2924400
2019-07-25 00:00:00-04:00,77.23288744865972,77.33063901453802,75.18006440669924,76.37566375732422,3649000
2019-07-26 00:00:00-04:00,76.96219384553271,77.1802603527036,75.54852784451946,76.93963623046875,2267300
2019-07-29 00:00:00-04:00,76.6313539394934,77.61640823215451,76.19522084162332,77.30810546875,2275200
2019-07-30 00:00:00-04:00,76.96971384967951,77.93973144192172,76.3907082990645,77.90965270996094,1465900
2019-07-31 00:00:00-04:00,77.92470478324648,78.54882568808765,76.30801420995978,77.1201171875,2415900
2019-08-01 00:00:00-04:00,76.66141906766694,77.90213963877112,76.25537048658684,76.69149780273438,2153200
2019-08-02 00:00:00-04:00,76.51854979813527,76.62382249903578,74.76650226082664,74.83417510986328,2075600
2019-08-05 00:00:00-04:00,73.61602199851227,73.9543977362522,71.42784130120178,71.91661071777344,3034800
2019-08-06 00:00:00-04:00,72.60838801346142,73.3453025307961,72.21737601076795,73.24755096435547,2164500
2019-08-07 00:00:00-04:00,71.90908802144578,73.48819006139571,71.48047608581335,73.18740844726562,2349800
2019-08-08 00:00:00-04:00,73.92430500175138,75.75154626078098,73.60096582465786,75.72898864746094,2311900
2019-08-09 00:00:00-04:00,75.59365094061252,75.91699017634828,74.86425738067844,75.5259780883789,2005600
2019-08-12 00:00:00-04:00,75.24775981484474,75.30039617178797,73.54834841835503,73.92432403564453,1967400
2019-08-13 00:00:00-04:00,73.63104496929977,76.0598493695514,73.01444534171151,74.99959564208984,2267800
2019-08-14 00:00:00-04:00,73.39795654468166,74.21758059285398,73.03701744711775,73.33779907226562,2529800
2019-08-15 00:00:00-04:00,73.63106988185228,74.02960315274117,72.47306419200667,73.29269409179688,2089900
2019-08-16 00:00:00-04:00,73.72128843262762,74.51835478335421,73.44306445316091,74.3153305053711,2118400
2019-08-19 00:00:00-04:00,75.34738624360733,75.6736970380499,74.44433887975693,74.9451904296875,2747900
2019-08-20 00:00:00-04:00,74.97555647718015,75.65094309096685,74.41399451430166,74.88449096679688,1904500
2019-08-21 00:00:00-04:00,75.59021047204646,75.8861660564944,74.5809230739779,75.35496520996094,1988300
2019-08-22 00:00:00-04:00,75.317046172095,75.83307251347499,74.52782907412227,74.71754455566406,1946100
2019-08-23 00:00:00-04:00,73.97383876138969,75.02865602839145,71.88696915133286,72.22845458984375,3305100
2019-08-26 00:00:00-04:00,72.87348006203696,73.15426094424767,72.16773852753299,73.0859603881836,1568100
2019-08-27 00:00:00-04:00,73.59441266616332,73.98142797750974,71.59860262326863,71.72760772705078,2586000
2019-08-28 00:00:00-04:00,71.74279370532246,73.50335281141876,71.74279370532246,72.979736328125,2318100
2019-08-29 00:00:00-04:00,73.69307398006903,74.71753630939767,73.63995388268626,74.45952606201172,2372500
2019-08-30 00:00:00-04:00,74.87690515971782,75.69647743271757,74.46711902321795,74.84654998779297,1932500
2019-09-03 00:00:00-04:00,73.82206174529165,75.59021081187416,73.63234632929752,75.48397064208984,2140100
2019-09-04 00:00:00-04:00,76.14418783475145,76.34908375650551,75.21079109235681,75.65093231201172,1664100
2019-09-05 00:00:00-04:00,76.34148375765561,77.02446042675989,75.69645248836747,75.7343978881836,2668700
2019-09-06 00:00:00-04:00,75.98482703498438,76.93340424859744,75.44603587241086,76.57674407958984,2117500
2019-09-09 00:00:00-04:00,77.06239982083999,77.96544121160423,76.65261385131345,77.53289031982422,2396100
2019-09-10 00:00:00-04:00,77.72262208629871,78.85333030658857,77.5936169732689,78.13240814208984,2367200
2019-09-11 00:00:00-04:00,78.38284082339302,79.08858257225714,77.47979337332593,77.76057434082031,1924500
2019-09-12 00:00:00-04:00,76.97893415855715,77.86680097485475,76.41737232137018,77.54808044433594,1868500
2019-09-13 00:00:00-04:00,78.10962559244572,78.48905639668578,77.47217883070202,77.98820495605469,1688400
2019-09-16 00:00:00-04:00,77.48737612816849,79.68048618964433,77.41907555795632,78.94438934326172,4654400
2019-09-17 00:00:00-04:00,78.71672733636719,78.86849736175428,77.37353887410441,77.5556640625,2464500
2019-09-18 00:00:00-04:00,77.13827964380084,78.27657199725687,76.7588488593155,78.1551513671875,1814700
2019-09-19 00:00:00-04:00,78.5194282221687,78.91403379488858,77.85162615958085,78.22347259521484,1332700
2019-09-20 00:00:00-04:00,78.48146803620229,78.95196432898646,78.06409761535052,78.36763763427734,9381800
2019-09-23 00:00:00-04:00,78.17034982253568,79.54388772564234,78.17034982253568,79.11892700195312,2413000
2019-09-24 00:00:00-04:00,79.07338273860952,79.21756830684951,77.65431513830868,78.63324737548828,2599700
2019-09-25 00:00:00-04:00,78.45870794914663,80.07508122920234,78.08686735028645,79.72600555419922,3043400
2019-09-26 00:00:00-04:00,79.39967005678864,79.71839626041599,78.246203220174,79.34654998779297,1762600
2019-09-27 00:00:00-04:00,79.53630646698558,80.04474829269618,78.147593719667,78.66361999511719,2297000
2019-09-30 00:00:00-04:00,78.46632038416175,78.8836909488051,77.6619228458431,77.70745849609375,1801600
2019-10-01 00:00:00-04:00,78.28418011990635,78.54978057179788,76.51603087071247,76.66780090332031,1897900
2019-10-02 00:00:00-04:00,76.18971938366505,76.23524923509423,73.76135835686027,74.55057525634766,2066700
2019-10-03 00:00:00-04:00,74.18631908215336,75.04383069193425,73.57163718750118,75.02865600585938,1639800
2019-10-04 00:00:00-04:00,75.33220980448498,76.62986860263422,75.28667994828893,76.53880310058594,2097300
2019-10-07 00:00:00-04:00,76.84233550978082,77.5936069535578,76.44013974482604,76.91822052001953,2377200
2019-10-08 00:00:00-04:00,76.55398322857155,77.06242508072889,76.18214253402022,76.50845336914062,1904300
2019-10-09 00:00:00-04:00,77.37354926158265,78.59531723583507,77.22177921582026,77.94269561767578,1827300
2019-10-10 00:00:00-04:00,78.63326360539573,80.97814384219032,78.50425269629552,80.89466857910156,3782100
2019-10-11 00:00:00-04:00,81.19822639671706,82.10885839558378,80.75808508841342,80.84156036376953,2388900
2019-10-14 00:00:00-04:00,80.43934824583661,81.3423956118524,80.27239772879277,80.93260955810547,1409000
2019-10-15 00:00:00-04:00,80.81877347922992,82.04813155445756,80.56076327250926,81.42586517333984,1606400
2019-10-16 00:00:00-04:00,81.03885354861248,81.78253488170961,80.3938221667387,80.63665771484375,1865400
2019-10-17 00:00:00-04:00,81.19820656210484,81.3955122365369,80.73530043535403,81.3575668334961,1767600
2019-10-18 00:00:00-04:00,81.19821317012882,81.94190028679925,80.97814255182487,81.34998321533203,3015900
2019-10-21 00:00:00-04:00,81.95706328942553,82.38961422520018,81.63075252807587,82.10883331298828,1638800
2019-10-22 00:00:00-04:00,82.48070017343069,83.34580225957865,82.01020372022558,82.5414047241211,1571400
2019-10-23 00:00:00-04:00,82.54140160831734,82.86771243829452,82.20750632832562,82.7159423828125,2329600
2019-10-24 00:00:00-04:00,83.10296688056572,84.21090454101478,82.85254106829564,83.95288848876953,3471800
2019-10-25 00:00:00-04:00,85.16704589097138,88.78681342949491,84.91662015588382,86.82894897460938,6245900
2019-10-28 00:00:00-04:00,87.26910816835188,90.24384507465996,87.26910816835188,88.97654724121094,4706800
2019-10-29 00:00:00-04:00,88.39981083791056,90.89646689356,88.29357064742814,90.27420043945312,3838400
2019-10-30 00:00:00-04:00,90.47149602695657,90.47149602695657,88.14938099482943,88.36944580078125,2286700
2019-10-31 00:00:00-04:00,88.5212176799786,88.96894329998402,87.19320971672457,88.65022277832031,3940600
2019-11-01 00:00:00-04:00,89.26490872430115,89.99341533529977,89.09037375783743,89.84923553466797,2248800
2019-11-04 00:00:00-05:00,90.66120115225311,90.72949592089043,89.24971803720001,89.95545959472656,2031600
2019-11-05 00:00:00-05:00,90.30455341160071,90.9799399445318,89.42427095225106,90.24384307861328,2268900
2019-11-06 00:00:00-05:00,90.44113929466666,90.60049955982785,89.36355705044026,89.8644027709961,2130300
2019-11-07 00:00:00-05:00,90.41837815019882,90.904049204232,89.84923184097346,90.73709869384766,2386400
2019-11-08 00:00:00-05:00,90.2210781942937,91.00270491549848,89.62157668248226,90.83575439453125,1577600
2019-11-11 00:00:00-05:00,90.0389443447486,90.92681116870433,89.81128351261128,89.85681915283203,1634300
2019-11-12 00:00:00-05:00,90.19831097152337,90.73710213660758,89.21178834890638,89.62157440185547,2178400
2019-11-13 00:00:00-05:00,89.05242952863635,90.24384230240088,88.87789455986875,89.87200164794922,1542200
2019-11-14 00:00:00-05:00,90.03894155743946,90.74468316763117,89.83404565692767,90.63844299316406,1507500
2019-11-15 00:00:00-05:00,91.15076036687488,91.15076036687488,90.08793424281656,90.5008316040039,1636700
2019-11-18 00:00:00-05:00,90.34026060664357,90.7378622286707,89.866191973722,90.72257232666016,1365000
2019-11-19 00:00:00-05:00,90.11851012142745,90.9595946548593,89.48387132942547,89.78207397460938,2781500
2019-11-20 00:00:00-05:00,89.66735025281332,89.66735025281332,87.5034712679264,88.74215698242188,4337000
2019-11-21 00:00:00-05:00,88.97156655118549,90.74549235183919,88.61984053758144,90.50846099853516,2401300
2019-11-22 00:00:00-05:00,90.89841915094603,90.92900478410579,88.84922839814655,89.17801666259766,2261000
2019-11-25 00:00:00-05:00,89.46094459864374,89.46094459864374,88.0616822702386,88.25283813476562,2758900
2019-11-26 00:00:00-05:00,88.3369412009384,88.51280715118631,87.20530182638066,87.41939544677734,4118100
2019-11-27 00:00:00-05:00,87.87815670251749,88.17635932486506,87.19764242755886,87.69464874267578,2290500
2019-11-29 00:00:00-05:00,87.4881933875775,88.03872307682953,87.29703756956569,87.71758270263672,1105700
2019-12-02 00:00:00-05:00,87.83229278623391,88.74219067291975,87.21294386024223,87.41939544677734,2418300
2019-12-03 00:00:00-05:00,86.92238844833554,86.92238844833554,85.9589613297822,86.21128845214844,4128900
2019-12-04 00:00:00-05:00,86.81533209614092,87.16705812186224,85.96659974773901,86.07364654541016,2128900
2019-12-05 00:00:00-05:00,86.23422055620048,86.56300883033698,85.76779984559722,86.05071258544922,1688600
2019-12-06 00:00:00-05:00,86.44831575899975,87.41174283207584,86.36420672218127,86.83062744140625,2142600
2019-12-09 00:00:00-05:00,86.55535476426667,86.61652602800703,85.52311448150238,85.60722351074219,1585300
2019-12-10 00:00:00-05:00,85.86721759218013,86.07366336127468,85.4007968110847,85.58430480957031,2215800
2019-12-11 00:00:00-05:00,85.5919322708488,86.13481410241172,85.24020626027055,85.79837799072266,1652500
2019-12-12 00:00:00-05:00,85.73719998171195,87.14410974693503,85.57662980475283,86.96060180664062,1618800
2019-12-13 00:00:00-05:00,87.0753126534495,87.6717238191203,86.17305678777979,86.3947982788086,1621900
2019-12-16 00:00:00-05:00,86.5094552848947,87.64874204701,86.24183837213087,87.27407836914062,2097700
2019-12-17 00:00:00-05:00,87.28940501685047,87.89345233378944,86.18069765180657,86.42537689208984,2672000
2019-12-18 00:00:00-05:00,86.62417737707456,87.12118370612461,86.0889375482464,86.43302154541016,3074800
2019-12-19 00:00:00-05:00,86.71591969904352,86.87648987061552,86.012461923227,86.25714111328125,1850500
2019-12-20 00:00:00-05:00,87.00648004099918,87.28174487681329,86.28773232152761,86.6700439453125,4666900
2019-12-23 00:00:00-05:00,86.70827825073495,86.91472396271692,85.79837471087512,86.15010070800781,1937500
2019-12-24 00:00:00-05:00,86.13480436945066,86.58592925586468,86.08892301074215,86.55534362792969,1190800
2019-12-26 00:00:00-05:00,86.07366014816058,86.55537081380844,85.52313033964082,85.68370056152344,1147700
2019-12-27 00:00:00-05:00,85.95130144174989,85.95130144174989,84.51380601313754,84.56732940673828,1427500
2019-12-30 00:00:00-05:00,84.49087078714791,85.06433823592945,84.20795807898183,84.39147186279297,1712000
2019-12-31 00:00:00-05:00,84.27679516749824,85.18669891357422,84.13916271711375,85.18669891357422,1695900
2020-01-02 00:00:00-05:00,85.69898989464076,86.5400744465479,85.1637500280719,85.79074096679688,1607900
2020-01-03 00:00:00-05:00,85.06431794554726,85.95892555218882,82.72457317937362,82.9539566040039,2236900
2020-01-06 00:00:00-05:00,82.76283982746894,82.91576801621984,81.97527861464698,82.43405151367188,3917100
2020-01-07 00:00:00-05:00,81.91408449543287,82.74752684926159,81.61588190254696,82.68635559082031,2687900
2020-01-08 00:00:00-05:00,82.82399358985069,82.91575048369926,79.37554095807678,79.59728240966797,3452600
2020-01-09 00:00:00-05:00,79.04676095562984,80.79774915225487,78.15980089039867,80.759521484375,3127700
2020-01-10 00:00:00-05:00,80.77480781013072,81.62354016992153,80.14016904855508,80.18605041503906,1910700
2020-01-13 00:00:00-05:00,80.22428617462725,81.06537075258775,79.93373138111032,80.51484680175781,2243100
2020-01-14 00:00:00-05:00,80.49188964574137,81.55472136561852,80.27779606197767,81.34062194824219,2753400
2020-01-15 00:00:00-05:00,80.72127613476401,80.82832292289679,79.61257475755484,80.20133209228516,2386300
2020-01-16 00:00:00-05:00,80.71363304389459,80.79774207291945,79.2532055859054,79.3602523803711,2568200
2020-01-17 00:00:00-05:00,79.36023915498905,79.48257582815695,78.38916446666346,78.99321746826172,2782000
2020-01-21 00:00:00-05:00,78.37389894130777,78.74856277600563,77.9227739329021,78.25155639648438,2102000
2020-01-22 00:00:00-05:00,78.60328457595104,78.74855904903633,77.66279526637632,77.88453674316406,2505400
2020-01-23 00:00:00-05:00,77.60161884308172,78.09097729948813,76.4623317336618,78.05274963378906,3520300
2020-01-24 00:00:00-05:00,77.9151223118802,77.98393561481807,75.98062612556011,76.70701599121094,2120500
2020-01-27 00:00:00-05:00,75.13953251008435,75.20070377690787,73.87790867512437,74.10729217529297,2472800
2020-01-28 00:00:00-05:00,74.51254418542356,74.85662819799268,73.87026336240915,73.93143463134766,2926900
2020-01-29 00:00:00-05:00,74.3060858571287,75.62888661417483,73.05975209010866,73.25090789794922,2395600
2020-01-30 00:00:00-05:00,72.81507525692925,73.82437772179944,72.25689771309679,73.71733093261719,2610400
2020-01-31 00:00:00-05:00,72.56274356198149,72.58568132482966,68.9766588518772,69.8636245727539,6451000
2020-02-03 00:00:00-05:00,69.80245187774028,69.87126516486683,67.62327694788623,68.02852630615234,4306800
2020-02-04 00:00:00-05:00,69.2519313802105,69.47367283510691,67.50094334005284,67.8373794555664,3427900
2020-02-05 00:00:00-05:00,69.09900922630432,71.33170784624959,69.05312786177615,70.83470153808594,3100700
2020-02-06 00:00:00-05:00,71.10232576908642,71.16349703894824,68.85433702099196,68.98432159423828,2606100
2020-02-07 00:00:00-05:00,68.79314797114074,69.19074945525334,68.25026621705823,69.06841278076172,2481500
2020-02-10 00:00:00-05:00,68.70904972294142,69.61130544395984,68.52554176563966,69.01490020751953,2171400
2020-02-11 00:00:00-05:00,69.53485460726591,69.56544024362702,68.47202853657532,69.02255249023438,2682900
2020-02-12 00:00:00-05:00,70.03182984590693,70.5747174030978,69.1601599422881,69.68775177001953,2361400
2020-02-13 00:00:00-05:00,69.58074228927786,69.94011628722721,68.94610334964881,69.07608795166016,2727700
2020-02-14 00:00:00-05:00,69.1378555011569,69.68620607565397,68.4350496859677,69.0992431640625,2254900
2020-02-18 00:00:00-05:00,68.51228822745642,68.81349159650034,67.24568793396016,67.96394348144531,4542600
2020-02-19 00:00:00-05:00,68.35009021266808,68.5277258080989,66.97536617714965,68.2419662475586,2441800
2020-02-20 00:00:00-05:00,68.3578105662996,69.7325345119181,68.28058000945963,69.65530395507812,2905900
2020-02-21 00:00:00-05:00,69.13783672181903,69.63212517627282,68.49681789087293,68.92931365966797,2406900
2020-02-24 00:00:00-05:00,66.89815733605202,67.87127333799302,66.36525626904904,66.85181427001953,3732700
2020-02-25 00:00:00-05:00,67.06031592469105,67.4233060166027,63.538544853907126,63.955596923828125,4211800
2020-02-26 00:00:00-05:00,64.17957699476399,64.67385967657818,62.00164208667197,62.040260314941406,4156400
2020-02-27 00:00:00-05:00,60.78138035932146,60.812273764094876,57.33684527333106,57.352294921875,6900500
2020-02-28 00:00:00-05:00,55.37514832004835,58.20955730287173,55.135731841434364,57.815673828125,7137800
2020-03-02 00:00:00-05:00,58.13234155229071,58.27135895214015,55.77677647280059,58.00877380371094,5279400
2020-03-03 00:00:00-05:00,58.27907762835295,59.91639284355813,55.684090366521865,56.271053314208984,5710300
2020-03-04 00:00:00-05:00,57.16693217252917,57.74617023080883,55.93122549332874,57.63804626464844,4201800
2020-03-05 00:00:00-05:00,55.72271178784686,57.01248066776842,55.24387279096795,55.5914192199707,5724800
2020-03-06 00:00:00-05:00,54.06222635190553,54.958117502619764,52.53303507104729,53.5216064453125,6374400
2020-03-09 00:00:00-04:00,48.38569252491226,53.36713804004692,46.49351406179728,47.95319366455078,7993800
2020-03-10 00:00:00-04:00,50.93433968065204,51.64487629944198,46.56302544469096,48.93404006958008,7047200
2020-03-11 00:00:00-04:00,47.1422566920021,47.6288145522647,41.797818537856244,42.59330749511719,8448500
2020-03-12 00:00:00-04:00,39.40363916354412,39.5503784277785,34.60754820048995,35.835533142089844,11492100
2020-03-13 00:00:00-04:00,39.16422442237341,42.02180010486014,36.028616881261435,41.983184814453125,6997200
2020-03-16 00:00:00-04:00,36.121289832632385,44.4777649478868,35.00142886827398,37.27976608276367,7192800
2020-03-17 00:00:00-04:00,37.905339911130305,39.17966187041257,35.49570746979609,36.04405212402344,6274500
2020-03-18 00:00:00-04:00,34.630710288927936,36.24485367746023,30.923587577062264,33.18647766113281,6970800
2020-03-19 00:00:00-04:00,33.40273290321676,36.02088883742472,32.2905967295992,35.27946472167969,4936100
2020-03-20 00:00:00-04:00,36.44564959263186,39.35728594877173,35.03231057164649,37.34153747558594,7605100
2020-03-23 00:00:00-04:00,36.83182037167389,37.07123985636292,31.981667433236794,32.50684356689453,6075800
2020-03-24 00:00:00-04:00,35.33352109013632,35.773741772943815,32.746258975660204,35.20222854614258,5476000
2020-03-25 00:00:00-04:00,35.67335077034716,40.85560437954563,33.71938808176161,39.00204086303711,6516900
2020-03-26 00:00:00-04:00,39.6971128094531,43.8212875597797,39.43452479365864,42.00634002685547,6014400
2020-03-27 00:00:00-04:00,40.22229545003089,41.96773164452577,38.654488974815415,40.407649993896484,4191500
2020-03-30 00:00:00-04:00,39.13333043724942,42.423404984018745,37.60414197954339,41.82872009277344,5207900
2020-03-31 00:00:00-04:00,43.02579771010391,43.63592910735518,40.199116402588764,41.4348258972168,4743800
2020-04-01 00:00:00-04:00,39.75117481245517,40.04465328322689,37.87444342262751,38.237430572509766,4142800
2020-04-02 00:00:00-04:00,39.77435645793123,43.327016244642536,38.66222017292823,39.94426727294922,5169000
2020-04-03 00:00:00-04:00,40.932822307747045,41.20313221999575,38.87845813618565,39.86702346801758,3587300
2020-04-06 00:00:00-04:00,41.774646923505586,44.74034576077748,41.27263945139002,44.34646224975586,5347800
2020-04-07 00:00:00-04:00,46.47033812447505,47.54386182176156,44.80213260157941,45.28097152709961,5281100
2020-04-08 00:00:00-04:00,46.04556440870404,49.58277671048318,45.867931753122896,49.19662094116211,3754800
2020-04-09 00:00:00-04:00,51.830228803833585,52.085094997451385,45.87566148165826,47.51297378540039,5316800
2020-04-13 00:00:00-04:00,48.73323579596652,49.273858665421514,47.09592342935673,47.54386901855469,3438100
2020-04-14 00:00:00-04:00,47.736955974605394,48.20034539553373,46.40084676656533,47.16543960571289,3496900
2020-04-15 00:00:00-04:00,45.03383045657716,45.10333914320473,42.52379880614204,43.61276626586914,4093100
2020-04-16 00:00:00-04:00,43.22660808196251,43.55097999277507,41.0563950138217,41.3421516418457,4363300
2020-04-17 00:00:00-04:00,42.43884993028149,46.09963346472033,42.199430429342165,45.9760627746582,5601700
2020-04-20 00:00:00-04:00,44.02209406799468,46.555294327733534,43.64365722618871,44.887088775634766,3468500
2020-04-21 00:00:00-04:00,42.87133607209647,44.794407626869415,42.02178814039449,43.86762619018555,3287100
2020-04-22 00:00:00-04:00,46.08418107484987,46.23864515491091,44.29240481691932,44.93342971801758,3071800
2020-04-23 00:00:00-04:00,46.393098927478555,46.83331954284325,45.072437081384464,46.31586837768555,3419800
2020-04-24 00:00:00-04:00,47.11136893246958,47.590204972105,45.976061230179,46.74837875366211,3399900
2020-04-27 00:00:00-04:00,46.84106092584948,49.528722719655036,46.470345906540786,49.03444290161133,3234300
2020-04-28 00:00:00-04:00,50.31647955557473,52.262716801948415,49.6059489650188,52.007850646972656,3851900
2020-04-29 00:00:00-04:00,54.0622311546689,56.99704034570573,53.67607236070698,56.765342712402344,5191400
2020-04-30 00:00:00-04:00,56.77306236396039,58.41037173005626,55.61458608765556,56.51047134399414,5993400
2020-05-01 00:00:00-04:00,54.486996050143574,55.12029609550612,50.40143621284442,51.25098419189453,6626600
2020-05-04 00:00:00-04:00,50.98065988860168,57.4681255301082,50.74123755045486,56.74987030029297,7575800
2020-05-05 00:00:00-04:00,58.309967550722796,59.29080812087815,57.08198563193908,58.078269958496094,6934400
2020-05-06 00:00:00-04:00,58.55710379227955,58.92009390536299,55.46783425769912,55.53734588623047,5972000
2020-05-07 00:00:00-04:00,56.98931012300606,58.41037152189783,56.01618840452972,56.618595123291016,3586900
2020-05-08 00:00:00-04:00,57.63805766555923,59.80827402662671,56.981588914787764,59.51478958129883,3275800
2020-05-11 00:00:00-04:00,58.819695825527496,60.03995283549379,58.58027342551417,59.21357345581055,3441800
2020-05-12 00:00:00-04:00,59.561124477507406,59.754203841992215,56.75760833410663,56.78850173950195,3117400
2020-05-13 00:00:00-04:00,56.37917430895064,56.65720906459912,54.46382442474047,54.85770797729492,3687400
2020-05-14 00:00:00-04:00,53.75329642130292,56.21699111349962,52.4171904559476,55.413780212402344,3159700
2020-05-15 00:00:00-04:00,55.11656307084953,56.235006389229945,54.068508410728946,55.476341247558594,2830600
2020-05-18 00:00:00-04:00,58.659605475880994,60.80263472512736,58.45625050609212,59.660728454589844,4530900
2020-05-19 00:00:00-04:00,59.441739299069425,60.075261190001164,57.96351757545255,58.83168029785156,3736700
2020-05-20 00:00:00-04:00,60.07524898302512,61.87414574630993,59.95011160759026,61.201515197753906,3501500
2020-05-21 00:00:00-04:00,61.51436656019577,61.86632176284165,60.08307093073177,60.29424285888672,2299500
2020-05-22 00:00:00-04:00,59.707667578043186,60.09873170197744,58.77693902075184,59.8015251159668,2036100
2020-05-26 00:00:00-04:00,61.913277608615466,62.50769080601251,61.36578423143579,61.764671325683594,2747400
2020-05-27 00:00:00-04:00,62.570251710265985,64.07193631919296,61.874158137362414,63.923336029052734,3328100
2020-05-28 00:00:00-04:00,64.07193204453063,64.15796661226544,61.162414579370136,61.4439811706543,4129200
2020-05-29 00:00:00-04:00,61.264110771986,62.022776172789776,60.286450403355424,61.2093620300293,4305200
2020-06-01 00:00:00-04:00,61.02946923932065,61.76467173810513,59.68420763182789,61.655174255371094,2470200
2020-06-02 00:00:00-04:00,62.28869844475614,63.92334972381543,61.85070849844307,63.7982063293457,3151900
2020-06-03 00:00:00-04:00,64.79931044349374,65.98032551890742,64.63506426222382,65.48758697509766,2562400
2020-06-04 00:00:00-04:00,64.57250531998517,65.41720524783919,63.884234619788316,65.01831817626953,2586300
2020-06-05 00:00:00-04:00,67.86524957961798,69.18704791906003,67.38033399826608,68.35799407958984,3767300
2020-06-08 00:00:00-04:00,69.26526445057564,70.22728466446209,68.35017598159655,70.18035888671875,3355700
2020-06-09 00:00:00-04:00,67.70100686622615,67.97475647673524,66.5825634372753,67.00491333007812,3809900
2020-06-10 00:00:00-04:00,66.51998888954108,68.06077603950236,65.23729944493427,65.95685577392578,3201700
2020-06-11 00:00:00-04:00,61.01379829149228,62.45291074300961,58.62830584318532,58.65959167480469,4387200
2020-06-12 00:00:00-04:00,60.7948128811523,62.30432018008982,58.90988151162649,60.42721176147461,3025700
2020-06-15 00:00:00-04:00,57.43167422173419,59.90319624187041,56.782506380709194,59.12889099121094,4308900
2020-06-16 00:00:00-04:00,61.709904685158165,61.74900750757979,58.8003873680645,60.25514602661133,3419100
2020-06-17 00:00:00-04:00,60.255155244280374,60.43504138269804,56.97021333300396,57.00149917602539,3665500
2020-06-18 00:00:00-04:00,56.71210242174664,59.96575176846901,56.391427080499895,59.62943649291992,3760200
2020-06-19 00:00:00-04:00,61.005989943089006,61.32666531856688,58.35457624216631,58.424964904785156,7484400
2020-06-22 00:00:00-04:00,57.95568969386069,58.534462803845635,57.01713838214653,58.190330505371094,2455400
2020-06-23 00:00:00-04:00,58.4640736954603,59.01938391349801,58.01043797914882,58.424964904785156,2749700
2020-06-24 00:00:00-04:00,57.48642149773554,57.658490652883245,54.217125451422646,54.74114990234375,3560200
2020-06-25 00:00:00-04:00,54.295322744198636,55.89086453371955,53.880795871035616,54.803707122802734,2655200
2020-06-26 00:00:00-04:00,54.53780723616383,54.55344717610967,53.153436847931765,53.239471435546875,3797700
2020-06-29 00:00:00-04:00,53.84169743947025,54.561259851903266,53.043929374874516,53.70092010498047,2364900
2020-06-30 00:00:00-04:00,53.200351182040926,56.58696731552571,52.605938117420244,56.23501205444336,3502500
2020-07-01 00:00:00-04:00,56.133321356226126,57.36908497158623,53.83386919951163,54.05286407470703,2251700
2020-07-02 00:00:00-04:00,54.96014236305495,55.515458599528905,53.40370901852966,53.513206481933594,2624100
2020-07-06 00:00:00-04:00,54.443942221245095,54.709862933976694,51.839453991149874,53.255104064941406,3592400
2020-07-07 00:00:00-04:00,52.55119048141297,52.59811625928936,50.43162398464478,50.53329849243164,3120400
2020-07-08 00:00:00-04:00,50.588059723399596,51.276330493379376,49.77464555860595,50.04056930541992,3798000
2020-07-09 00:00:00-04:00,50.0562007490596,50.314304466291325,46.0829883824836,46.12991714477539,6096200
2020-07-10 00:00:00-04:00,45.93438442146586,47.80367016277135,45.926564452992245,47.756744384765625,4247900
2020-07-13 00:00:00-04:00,47.97573946773325,48.31205480129766,46.53662359356379,47.13886260986328,3481400
2020-07-14 00:00:00-04:00,46.63829466277192,48.65618340268315,46.458405576221885,48.46065139770508,3423300
2020-07-15 00:00:00-04:00,50.03273565682512,51.40145983579398,49.03943260891502,51.19810485839844,3635500
2020-07-16 00:00:00-04:00,50.89307943502892,51.71431639477619,49.95452504073359,50.736656188964844,1857300
2020-07-17 00:00:00-04:00,51.080794937980166,51.745608735144366,49.73553635469482,49.931068420410156,2122100
2020-07-20 00:00:00-04:00,49.93888176739884,50.494192044325665,48.70312082742672,48.75004959106445,2079600
2020-07-21 00:00:00-04:00,49.84502435365095,52.32437202681495,49.66513524543747,51.94894790649414,3241200
2020-07-22 00:00:00-04:00,50.96347058716434,51.25285416930714,49.985807464637354,51.03385925292969,2585400
2020-07-23 00:00:00-04:00,50.69755170656905,51.38582240183038,50.032743903496815,50.97911834716797,2104700
2020-07-24 00:00:00-04:00,51.190279560082004,51.99587648090822,50.64279230045602,50.885250091552734,2040600
2020-07-27 00:00:00-04:00,50.64279013907493,50.861785033578855,49.74334170765097,50.51764678955078,1826600
2020-07-28 00:00:00-04:00,50.16569674342981,50.80704155808062,49.58692361000444,49.72770690917969,2428300
2020-07-29 00:00:00-04:00,50.181348676367016,51.29978628503579,49.82938740256046,51.291969299316406,2449100
2020-07-30 00:00:00-04:00,50.06401890194265,50.2204421274226,47.94444958714069,49.344459533691406,3118400
2020-07-31 00:00:00-04:00,47.999202950188895,49.35228426967369,47.38914395784762,48.50758743286133,5838600
2020-08-03 00:00:00-04:00,47.95227522537708,48.49194254411727,46.95897217329839,47.80366897583008,4331600
2020-08-04 00:00:00-04:00,47.51427887170812,48.750042618515394,47.02153736652456,48.37461853027344,3412600
2020-08-05 00:00:00-04:00,49.36791978146005,49.36791978146005,47.34220809054399,48.46065139770508,4538200
2020-08-06 00:00:00-04:00,47.78802245931662,49.23496113584186,47.45953011182611,47.68634796142578,3187800
2020-08-07 00:00:00-04:00,47.396962618153076,49.266251320891485,47.03718440098949,49.172393798828125,2914000
2020-08-10 00:00:00-04:00,49.56346095840906,50.77575901689869,49.19586274985986,50.736656188964844,3387100
2020-08-11 00:00:00-04:00,51.92548203035686,52.77018177710708,49.860664405298756,50.14223098754883,3544200
2020-08-12 00:00:00-04:00,51.104250279554826,51.23721659963857,49.907598152532664,50.37687683105469,3442200
2020-08-13 00:00:00-04:00,49.93888213755853,50.28302043962177,48.97686485272043,48.98468780517578,2875500
2020-08-14 00:00:00-04:00,48.57014720044861,49.868479550249354,48.382438152823795,49.79026794433594,2638100
2020-08-17 00:00:00-04:00,49.74267565252902,50.091745966877085,49.290469757845194,49.472938537597656,2816100
2020-08-18 00:00:00-04:00,49.3936129910024,49.58401694768352,48.46540164639851,48.63993835449219,2658800
2020-08-19 00:00:00-04:00,48.79066090408452,49.25873403218653,47.89418124659405,48.72719192504883,3100800
2020-08-20 00:00:00-04:00,48.2035851094241,48.86206215039603,48.0925174221198,48.37018966674805,2598700
2020-08-21 00:00:00-04:00,48.393989020779685,49.01279643654222,48.0528508232779,48.37018966674805,3124900
2020-08-24 00:00:00-04:00,48.59232609985241,50.52015250396412,48.14012020519584,50.49635314941406,3011200
2020-08-25 00:00:00-04:00,50.53601696706251,50.734352981041276,48.72719046164635,48.893795013427734,2303900
2020-08-26 00:00:00-04:00,48.72719081571532,49.06039689533188,47.60857580980153,47.62444305419922,3003400
2020-08-27 00:00:00-04:00,47.743456946655314,47.94179300807333,46.862844349740406,47.806922912597656,3160200
2020-08-28 00:00:00-04:00,47.878307982175805,49.242860596205375,47.878307982175805,49.02072525024414,2469100
2020-08-31 00:00:00-04:00,49.06832615532216,49.123859994305924,46.378890426601615,46.38682556152344,3657000
2020-09-01 00:00:00-04:00,46.315441691804885,47.13258536313669,45.7838994300878,46.64071273803711,3194900
2020-09-02 00:00:00-04:00,46.48203426694716,47.90212103391628,45.87909403939421,47.640316009521484,4491700
2020-09-03 00:00:00-04:00,47.70378297633429,48.97313236293211,46.965972699634406,47.35470962524414,3365700
2020-09-04 00:00:00-04:00,47.60065047768121,48.10839026522428,46.458235955709284,46.791439056396484,3420100
2020-09-08 00:00:00-04:00,46.267831710600966,47.30711366185694,45.91082622914908,45.98222732543945,4119800
2020-09-09 00:00:00-04:00,46.04570154924698,46.51377478342234,45.34755775348056,45.910831451416016,3057100
2020-09-10 00:00:00-04:00,46.14089980571081,46.22023301732103,43.91160145359433,43.91953659057617,3100900
2020-09-11 00:00:00-04:00,44.18133771351207,45.55382282582283,43.53873084395134,45.276153564453125,3002100
2020-09-14 00:00:00-04:00,45.63315383039199,46.74383377490033,45.56175273903043,46.3074951171875,2889700
2020-09-15 00:00:00-04:00,46.21229262060111,47.23570720925679,45.78388609143816,46.05362319946289,3397700
2020-09-16 00:00:00-04:00,46.60896847582257,48.97313366258101,46.10122870770904,48.005252838134766,5347700
2020-09-17 00:00:00-04:00,46.66450690973701,47.93385645476535,46.61690516691043,47.87832260131836,4187000
2020-09-18 00:00:00-04:00,47.00564166435076,48.17185855256223,46.75177177426454,47.457847595214844,7292400
2020-09-21 00:00:00-04:00,45.950488228423424,46.19642598575301,44.09406596360975,44.363800048828125,6187500
2020-09-22 00:00:00-04:00,44.19720585757999,45.07781842774642,43.530796590402794,43.91953659057617,4135900
2020-09-23 00:00:00-04:00,44.006801610970996,44.28447085697492,41.69817022184414,41.75370407104492,3725300
2020-09-24 00:00:00-04:00,41.49188790451164,42.72157041950912,40.50020796880933,41.928226470947266,2981000
2020-09-25 00:00:00-04:00,41.30942422988004,42.2693697991368,41.01588778026585,41.95203399658203,2824300
2020-09-28 00:00:00-04:00,42.79298398181195,43.34832551311283,42.38837978159392,42.8247184753418,2126600
2020-09-29 00:00:00-04:00,42.650178786581485,42.69778052352718,41.06349053813717,41.40462875366211,2464600
2020-09-30 00:00:00-04:00,41.62676069291687,42.0868986396976,40.928617124788076,41.126953125,2670300
2020-10-01 00:00:00-04:00,40.61129409130341,40.93656513696339,39.468879375749204,39.88935089111328,4047100
2020-10-02 00:00:00-04:00,38.84212753401072,41.063490473037625,38.73105984101453,40.50815200805664,3453200
2020-10-05 00:00:00-04:00,41.11902187395421,42.15036849128711,41.0317535478226,41.69022750854492,2711600
2020-10-06 00:00:00-04:00,42.435978468969644,42.435978468969644,40.41294853431619,40.50815200805664,2926500
2020-10-07 00:00:00-04:00,40.81756318709717,41.39670413947684,40.18288837807618,41.198368072509766,2621200
2020-10-08 00:00:00-04:00,41.34909771773894,42.57084847841658,41.30149900392544,42.55498123168945,2398000
2020-10-09 00:00:00-04:00,42.8723159641592,43.23725352445945,41.690231921521786,42.07897186279297,3185700
2020-10-12 00:00:00-04:00,41.77749955962673,43.126185114713344,41.19835873845932,42.412174224853516,2769000
2020-10-13 00:00:00-04:00,41.94409272973706,42.41216576946964,40.555740852302606,40.67474365234375,2885600
2020-10-14 00:00:00-04:00,41.03175557969444,42.33283934842348,40.88101827205096,41.317359924316406,2111400
2020-10-15 00:00:00-04:00,40.500215210995094,41.840968660690955,40.00040758664354,41.65849685668945,3502000
2020-10-16 00:00:00-04:00,41.61883868110694,41.65057317747528,40.04008531638404,40.12735366821289,2938700
2020-10-19 00:00:00-04:00,40.38914392089872,40.405011164456404,38.778656529384065,38.834190368652344,3683200
2020-10-20 00:00:00-04:00,39.16740133070989,39.738610108915225,38.937333818481974,39.34193801879883,3471300
2020-10-21 00:00:00-04:00,38.77866835925469,39.52441087575968,38.60413165324298,38.6517333984375,3798400
2020-10-22 00:00:00-04:00,38.61999792781393,39.817946401171156,37.723518087315696,39.67514419555664,3408600
2020-10-23 00:00:00-04:00,40.10354562741438,40.809621427015365,39.19913379303253,40.048011779785156,3291400
2020-10-26 00:00:00-04:00,39.38160172351942,39.38953685950362,38.0011846462977,38.191585540771484,3215000
2020-10-27 00:00:00-04:00,38.080518883116284,38.37405536879067,37.30304198575012,37.342708587646484,3525700
2020-10-28 00:00:00-04:00,36.27962472249836,36.89050003243614,35.01820750356036,35.0816764831543,4911700
2020-10-29 00:00:00-04:00,34.60566625631195,36.63662809283443,34.32799705222585,36.47795867919922,4436300
2020-10-30 00:00:00-04:00,36.001950043234615,37.080898321775926,35.62907741058274,37.01742935180664,4578900
2020-11-02 00:00:00-05:00,37.5886481124375,38.461325500277006,36.898436496546815,38.04878616333008,3732600
2020-11-03 00:00:00-05:00,38.57238811879803,38.9055942043519,37.16816874143936,37.699710845947266,3287300
2020-11-04 00:00:00-05:00,37.81077974734142,39.07219698947774,36.97776904624028,38.01704788208008,3709000
2020-11-05 00:00:00-05:00,37.850445961356364,38.80245947849786,37.62831058369145,38.23125076293945,3211600
2020-11-06 00:00:00-05:00,38.16778066466014,38.786588021742155,36.64455859736267,37.03329849243164,3617000
2020-11-09 00:00:00-05:00,41.5870983178329,46.19642885537074,41.49189786852645,45.244415283203125,8912800
2020-11-10 00:00:00-05:00,46.56136536408316,46.63276645601573,44.18926813746225,46.12502670288086,5192400
2020-11-11 00:00:00-05:00,46.727973096137525,46.79937419290876,45.76802434479805,46.791439056396484,4588500
2020-11-12 00:00:00-05:00,45.760088373094085,46.43442965407508,43.316587068783114,43.514923095703125,5068000
2020-11-13 00:00:00-05:00,44.086131015291066,47.20397354355458,44.03059717087864,46.61689758300781,5655700
2020-11-16 00:00:00-05:00,49.299828731986885,50.87091397136776,47.61594816514806,50.45195770263672,6020300
2020-11-17 00:00:00-05:00,49.34817950173434,51.910256658883476,48.54249493844072,51.83774185180664,5370200
2020-11-18 00:00:00-05:00,52.1761239542005,52.248632600375764,48.92115821006398,48.94532775878906,4151000
2020-11-19 00:00:00-05:00,48.34106857087412,49.80741407164858,47.96239588356739,49.50931167602539,2673700
2020-11-20 00:00:00-05:00,49.388463013668904,50.34722960902044,49.154813753167886,49.62211227416992,2651600
2020-11-23 00:00:00-05:00,50.5325184010948,53.11070560650447,50.43583407581075,53.04624938964844,4504300
2020-11-24 00:00:00-05:00,54.90739962673098,55.35858097744635,53.65858619929179,54.56095504760742,4207300
2020-11-25 00:00:00-05:00,53.88416773815483,54.1661621814224,52.989857607563714,53.384647369384766,3755900
2020-11-27 00:00:00-05:00,52.869006887475564,53.37658579232071,52.11972022972312,52.55479049682617,1936000
2020-11-30 00:00:00-05:00,51.77327980789003,51.96664233731998,48.582767337875865,48.8083610534668,6423000
2020-12-01 00:00:00-05:00,50.58086901651265,51.7088284809966,49.57376344945279,49.85575485229492,4021100
2020-12-02 00:00:00-05:00,49.30788747608485,52.59507833532135,49.178978090888165,51.910247802734375,4410700
2020-12-03 00:00:00-05:00,52.16806514461294,53.90028784211206,51.43489246011282,52.385597229003906,2732700
2020-12-04 00:00:00-05:00,53.771380625672705,56.33345752517149,53.59412905607141,55.85004806518555,4437500
2020-12-07 00:00:00-05:00,55.04436141449016,55.43914507412331,53.432992513425596,54.02114486694336,3059500
2020-12-08 00:00:00-05:00,53.22350519289933,55.656675326387976,53.22350519289933,54.295066833496094,3050800
2020-12-09 00:00:00-05:00,55.15715355909224,56.47847548987463,53.964744083451635,55.40691375732422,3602200
2020-12-10 00:00:00-05:00,54.907397093418226,57.76757323386188,54.907397093418226,57.09080123901367,3352600
2020-12-11 00:00:00-05:00,56.55904614447212,56.73629770764188,55.14909835165666,56.00312805175781,2557000
2020-12-14 00:00:00-05:00,56.16425985779593,56.84103796308631,53.86806050336913,54.13393783569336,2816400
2020-12-15 00:00:00-05:00,54.109767761702344,55.34246392175555,53.37659200032552,54.98796081542969,3028500
2020-12-16 00:00:00-05:00,55.149087192583686,55.189373865837624,53.91639121236631,54.21449661254883,3395200
2020-12-17 00:00:00-05:00,54.673752661477074,54.6818112278996,53.497453986079414,54.117828369140625,3162500
2020-12-18 00:00:00-05:00,54.0533593157536,54.39980382716019,53.223505430656914,53.8599967956543,8457000
2020-12-21 00:00:00-05:00,52.17612706718425,54.190338206238316,51.40266765397135,53.5699577331543,3479200
2020-12-22 00:00:00-05:00,53.5941184306242,54.93155735654202,53.29601916529048,54.39175033569336,3573900
2020-12-23 00:00:00-05:00,55.092701152392884,56.37374263995132,54.79460183625059,55.88227462768555,2988100
2020-12-24 00:00:00-05:00,55.74531277295826,55.81782142777992,54.81877436441017,55.374698638916016,1295200
2020-12-28 00:00:00-05:00,55.946726666806676,57.14719470090244,55.62445167763835,55.85810089111328,2442000
2020-12-29 00:00:00-05:00,55.95478308138958,56.2931752249709,54.609291513415975,55.09270095825195,3847500
2020-12-30 00:00:00-05:00,55.26189719347033,57.13109114425423,55.18132997242601,56.881324768066406,2906000
2020-12-31 00:00:00-05:00,56.800741007917814,56.99410351149833,56.204536369529364,56.34955978393555,2003500
2021-01-04 00:00:00-05:00,56.88937992705982,57.437245602987744,55.23772433358876,56.30122756958008,2714200
2021-01-05 00:00:00-05:00,56.39790232588605,59.44338806798253,56.39790232588605,57.8078498840332,3907000
2021-01-06 00:00:00-05:00,58.82301211282957,59.15333947747745,56.671830373045296,57.380836486816406,5097800
2021-01-07 00:00:00-05:00,57.60643748472476,59.064724354747625,57.026343704174266,57.896484375,2568200
2021-01-08 00:00:00-05:00,58.42017448791109,58.492683129587384,56.67183476037095,56.969940185546875,2683600
2021-01-11 00:00:00-05:00,55.592203248262116,58.653805306194535,55.33438458052226,58.22678756713867,4944300
2021-01-12 00:00:00-05:00,58.58937926853079,59.67705214097981,57.719238511817544,59.41117477416992,2648600
2021-01-13 00:00:00-05:00,59.21778807715969,59.378922456711855,57.63058923635229,57.823951721191406,2520600
2021-01-14 00:00:00-05:00,58.033434719966166,60.38603122130908,58.009265176310635,59.733428955078125,3028700
2021-01-15 00:00:00-05:00,58.93580723175567,59.18556739545345,57.14718711872212,57.79978942871094,3413700
2021-01-19 00:00:00-05:00,58.5893652808727,60.56328942454719,58.073727803009554,60.24907302856445,2976200
2021-01-20 00:00:00-05:00,60.74860956060701,61.199790891554706,59.57231098571862,60.74055099487305,2566800
2021-01-21 00:00:00-05:00,60.07182761510731,60.7566642808013,58.51685645864352,58.94387435913086,2698600
2021-01-22 00:00:00-05:00,57.767559844110224,58.88746049044856,57.32443718263658,58.452396392822266,2563600
2021-01-25 00:00:00-05:00,58.00926662341085,58.9760852750478,57.22775190901083,58.07372283935547,3003600
2021-01-26 00:00:00-05:00,58.6941047261303,59.685099199122604,57.41306953704285,57.45335006713867,2056800
2021-01-27 00:00:00-05:00,56.575152223395875,58.95997700086654,56.156192947407995,57.36471939086914,3080400
2021-01-28 00:00:00-05:00,57.76757177488445,58.508806129849226,56.84909200685351,57.5661506652832,2654500
2021-01-29 00:00:00-05:00,55.8339387467859,57.5258749806826,54.29507838920837,54.62541198730469,5732800
2021-02-01 00:00:00-05:00,55.06046644410699,55.14909221583147,52.67564146607533,54.287010192871094,2968800
2021-02-02 00:00:00-05:00,55.721136730030274,56.51876257457259,54.47232343613683,55.318294525146484,2324900
2021-02-03 00:00:00-05:00,55.31830022677132,57.517815449884395,55.31830022677132,57.43724822998047,2598900
2021-02-04 00:00:00-05:00,57.654764024417226,58.49267639746909,56.99410317312983,57.9528694152832,1997000
2021-02-05 00:00:00-05:00,58.93582956037721,59.22587650734555,57.48559482553544,58.04151916503906,2466500
2021-02-08 00:00:00-05:00,58.65383316672932,61.3448164052993,58.45241204479259,61.062828063964844,2678800
2021-02-09 00:00:00-05:00,60.78887745797335,60.87750322196842,59.49172525428193,60.04764938354492,2644900
2021-02-10 00:00:00-05:00,60.26519825932507,61.860450000026084,59.98320378927474,61.812110900878906,2231600
2021-02-11 00:00:00-05:00,61.554295643215916,62.24718478936331,60.30548223758438,62.2310676574707,2308000
2021-02-12 00:00:00-05:00,62.08602857369055,62.674180801998205,61.42536771077574,62.222999572753906,1954700
2021-02-16 00:00:00-05:00,63.56044513254783,64.93816479063155,62.923953685792576,63.963287353515625,2763700
2021-02-17 00:00:00-05:00,64.4547376515732,65.18791324286357,63.028679285660566,64.97037506103516,2135800
2021-02-18 00:00:00-05:00,64.5917114500378,64.93009739437687,63.57655361702061,64.49503326416016,2075000
2021-02-19 00:00:00-05:00,65.00023750481284,67.6158976223258,64.78838210296419,67.0699462890625,3401800
2021-02-22 00:00:00-05:00,66.38548732815458,69.56338714399779,66.13288712330085,68.4144515991211,3213900
2021-02-23 00:00:00-05:00,69.46560789228896,70.06859207347074,67.1351482914633,69.69376373291016,2557200
2021-02-24 00:00:00-05:00,69.95449083921284,71.65752131075607,69.69374050586391,71.09527587890625,3540700
2021-02-25 00:00:00-05:00,71.70641036804437,71.74715513337392,68.61814490277088,68.9685287475586,2767000
2021-02-26 00:00:00-05:00,68.38185495042443,68.80557822865234,65.31803935711102,67.67294311523438,4790700
2021-03-01 00:00:00-05:00,69.30261117225913,69.87300052658136,68.52850422936157,69.01741027832031,2227400
2021-03-02 00:00:00-05:00,68.65889313315115,69.53892167096582,66.97216296190327,67.03734588623047,2354100
2021-03-03 00:00:00-05:00,67.72996679556991,69.76708074400378,67.47736043855478,68.316650390625,2352400
2021-03-04 00:00:00-05:00,68.81372391965083,70.20711567999541,67.46108315196714,68.78113555908203,2829300
2021-03-05 00:00:00-05:00,70.57378897348892,71.24196222153219,68.53667465423747,71.17677307128906,3367100
2021-03-08 00:00:00-05:00,72.42346942531792,73.41758197973797,71.09527343190805,72.08938598632812,2892300
2021-03-09 00:00:00-05:00,71.4538193041459,73.81686679067072,69.5307830118113,69.58782196044922,3497500
2021-03-10 00:00:00-05:00,69.71004567767548,72.57829954114956,69.18039477828084,72.06494903564453,2554600
2021-03-11 00:00:00-05:00,72.19533919955579,72.92870168894595,71.33975480925088,71.4864273071289,2667700
2021-03-12 00:00:00-05:00,72.50496727324241,72.62718914496072,71.29084280209074,72.24421691894531,1864100
2021-03-15 00:00:00-04:00,72.0812410561219,72.61904213637061,70.77748933900489,71.57603454589844,2200800
2021-03-16 00:00:00-04:00,70.60639270055425,70.71232042084495,68.91966207425257,69.2048568725586,3064000
2021-03-17 00:00:00-04:00,69.2211456666505,69.84858039087345,68.16184989584295,69.63671875,2490300
2021-03-18 00:00:00-04:00,68.99300397456432,69.41672734308385,66.24697714637837,66.30401611328125,3516700
2021-03-19 00:00:00-04:00,66.52399877811564,68.07220676600072,65.68470874813441,67.02920532226562,5098200
2021-03-22 00:00:00-04:00,66.33658643370279,66.76845362754923,65.48099602631649,65.66026306152344,2946100
2021-03-23 00:00:00-04:00,64.47059951682576,65.88842941496821,63.32981419624153,64.35652160644531,3348500
2021-03-24 00:00:00-04:00,65.57063947540564,67.02921413567907,65.45656156604613,66.841796875,3417400
2021-03-25 00:00:00-04:00,65.8232410832942,67.41219408362781,64.4787443035596,67.17588806152344,2613300
2021-03-26 00:00:00-04:00,68.40630101678282,68.8055799266549,67.28181607394424,68.69964599609375,2370000
2021-03-29 00:00:00-04:00,67.76257862627138,67.94183947730374,66.26325914556983,67.24922180175781,1880600
2021-03-30 00:00:00-04:00,66.62178489274031,67.88479197340743,66.4914065991911,67.0699462890625,1960600
2021-03-31 00:00:00-04:00,66.80921356850376,67.32257046399918,66.22252352609806,66.44253540039062,2665200
2021-04-01 00:00:00-04:00,66.48325200486906,67.87664350371453,65.61136742895206,67.76256561279297,2732900
2021-04-05 00:00:00-04:00,67.66479303978562,67.9336936341363,66.14917942025615,66.86624145507812,3060200
2021-04-06 00:00:00-04:00,66.97216835433599,67.56700221868033,65.61137134549215,65.8802719116211,2905200
2021-04-07 00:00:00-04:00,65.89657826018883,65.95361721420777,64.46244799471023,65.18766021728516,2707200
2021-04-08 00:00:00-04:00,64.34020964315573,64.51132647796453,63.28091406337089,63.90019226074219,2908500
2021-04-09 00:00:00-04:00,63.98169705474292,65.70102239361833,63.63946327025665,64.39727020263672,3592000
2021-04-12 00:00:00-04:00,64.91060740369653,65.489147068654,63.11794324526846,63.248321533203125,1846300
2021-04-13 00:00:00-04:00,62.95497660212906,63.427582353944885,62.46607045593193,63.248321533203125,2000600
2021-04-14 00:00:00-04:00,63.84315728756432,65.61952110480479,63.729079390594855,64.69059753417969,2237300
2021-04-15 00:00:00-04:00,64.39725694847407,64.59281818267593,63.76167827473333,64.38910675048828,2143800
2021-04-16 00:00:00-04:00,64.82911279146978,65.55432486520527,63.68018374866689,64.12020111083984,2422300
2021-04-19 00:00:00-04:00,64.25058922957247,64.90246834758877,63.11795408002368,63.50908279418945,2352600
2021-04-20 00:00:00-04:00,62.963136814156535,63.14240389789149,60.78749986180349,61.45567321777344,2283800
2021-04-21 00:00:00-04:00,60.80378991659763,63.028315252709305,60.56748391158139,62.75941467285156,2553200
2021-04-22 00:00:00-04:00,62.88164376483056,62.88164376483056,61.04824086437792,61.07268524169922,2625700
2021-04-23 00:00:00-04:00,61.36604578117406,62.58017070843311,61.09715134560004,62.32756423950195,1992800
2021-04-26 00:00:00-04:00,62.32753934783007,63.07720203834793,62.13197814093695,62.335689544677734,1582100
2021-04-27 00:00:00-04:00,62.49052083021334,63.8431615051135,62.25421482322907,63.63945007324219,1955100
2021-04-28 00:00:00-04:00,63.973532937921554,65.63581878955642,63.88389942017809,65.26913452148438,2670500
2021-04-29 00:00:00-04:00,66.00251228278869,67.04551395133804,65.4973056297437,66.10029602050781,2814500
2021-04-30 00:00:00-04:00,65.22840090044649,67.2166201849605,65.1061728018494,65.92916870117188,3061400
2021-05-03 00:00:00-04:00,66.99661203481996,68.61815317869818,66.80919479518964,68.39814758300781,3078200
2021-05-04 00:00:00-04:00,68.82188424832788,69.3596855285734,67.00478136532331,67.65665435791016,2867600
2021-05-05 00:00:00-04:00,68.17000579289986,69.32708539086254,67.45293747670185,69.25374603271484,2899900
2021-05-06 00:00:00-04:00,69.47376209198049,69.85674065369687,68.53668807822821,69.75895690917969,1661100
2021-05-07 00:00:00-04:00,68.85446601997705,70.31304066156174,68.65890478026361,70.10932922363281,1894900
2021-05-10 00:00:00-04:00,70.99750847377585,71.66568174494502,69.71005690420195,69.74264526367188,2567400
2021-05-11 00:00:00-04:00,68.56927689604424,69.2700447975615,67.34700816783234,68.14555358886719,2450700
2021-05-12 00:00:00-04:00,68.1129676943587,71.36420740201024,68.06407892836668,69.53894805908203,3060600
2021-05-13 00:00:00-04:00,68.56926449256622,70.2396943888907,67.82775194752851,68.73223114013672,2265300
2021-05-14 00:00:00-04:00,69.44931858223683,71.54347229022889,69.44931858223683,71.46198272705078,2818200
2021-05-17 00:00:00-04:00,71.29085468596148,72.51312334112195,70.68787055678067,72.27681732177734,3022200
2021-05-18 00:00:00-04:00,72.27681082888536,72.60275035100378,70.55748591107051,70.69601440429688,2147700
2021-05-19 00:00:00-04:00,69.42485413843323,70.67971731640363,68.3085194601716,69.85672760009766,2669700
2021-05-20 00:00:00-04:00,69.86487697299461,70.18266633684114,68.41445244738115,69.34337615966797,3492300
2021-05-21 00:00:00-04:00,70.16692027377884,70.86694741736945,69.36807678287151,69.41748809814453,2675100
2021-05-24 00:00:00-04:00,70.00221851117156,70.56223651059014,69.35984621720937,70.42223358154297,1683300
2021-05-25 00:00:00-04:00,70.02692903021395,70.2657608992234,68.47040950738545,68.5445327758789,2433200
2021-05-26 00:00:00-04:00,68.85747210656898,69.12100960088328,68.39628306232632,68.65982055664062,2529100
2021-05-27 00:00:00-04:00,68.89041536707535,69.59043625022461,68.77511810553216,69.51631927490234,2903500
2021-05-28 00:00:00-04:00,70.0022049330349,70.0845592116045,68.88216915144804,69.35983276367188,1722900
2021-06-01 00:00:00-04:00,70.79283863087142,71.90463743436442,70.74342730549901,71.52580261230469,3599900
2021-06-02 00:00:00-04:00,71.81404335314168,73.91411257468391,70.90813348073871,73.80705261230469,3142100
2021-06-03 00:00:00-04:00,73.49408126674247,74.50705716137261,72.79406044167447,73.46937561035156,2995900
2021-06-04 00:00:00-04:00,74.11997214120184,75.66002271320885,73.72466285849515,75.33883666992188,3267400
2021-06-07 00:00:00-04:00,75.61885067157905,77.24125568820176,75.4541421177328,76.10475158691406,3160000
2021-06-08 00:00:00-04:00,75.53651833498914,77.22480349359242,74.33412794962527,76.22830200195312,2778100
2021-06-09 00:00:00-04:00,77.01891478724488,77.39775588186252,76.12947953944594,76.13771057128906,3670900
2021-06-10 00:00:00-04:00,77.38126755044031,77.69421635228878,74.68000674180932,75.47061920166016,2248500
2021-06-11 00:00:00-04:00,76.03065256048464,76.29419010053086,74.86944243451651,74.91885375976562,2518300
2021-06-14 00:00:00-04:00,75.28121017319656,75.81651621380685,74.49059137548315,75.30591583251953,2030900
2021-06-15 00:00:00-04:00,75.82474350165872,76.91183635073082,75.08354240383025,75.84944915771484,2450100
2021-06-16 00:00:00-04:00,75.41297608871884,75.73416222767472,73.93057369105337,74.72942352294922,2188600
2021-06-17 00:00:00-04:00,74.54000322866247,75.05884088412007,70.83400381851871,71.36931610107422,3044100
2021-06-18 00:00:00-04:00,70.32339552066584,71.13048258207617,69.26100829437377,69.31865692138672,3990400
2021-06-21 00:00:00-04:00,70.17516791328072,72.07757922997236,69.96104171020804,71.93757629394531,2828400
2021-06-22 00:00:00-04:00,71.58343779215701,72.8764195898523,70.73517668887804,72.44817352294922,2689400
2021-06-23 00:00:00-04:00,72.9752625528183,74.15294731754024,72.62113339186749,72.68701934814453,3452400
2021-06-24 00:00:00-04:00,73.14819716156694,74.11175556096728,72.49758758123184,73.86469268798828,3097500
2021-06-25 00:00:00-04:00,73.95526445258598,74.49057034204527,72.92582038327508,74.15291595458984,8032600
2021-06-28 00:00:00-04:00,73.8482251230959,73.8482251230959,69.98575384199867,70.34811401367188,4141800
2021-06-29 00:00:00-04:00,70.95753967980261,71.24578282696766,69.74691217848007,70.09280395507812,3392700
2021-06-30 00:00:00-04:00,70.43870415076529,70.78459596870557,70.06810667200499,70.67753601074219,3103500
2021-07-01 00:00:00-04:00,72.13521980810857,72.3493459872582,70.86694992749726,71.72344207763672,2358100
2021-07-02 00:00:00-04:00,71.46813391327584,73.01642202819237,71.11400485329268,72.39051818847656,2080300
2021-07-06 00:00:00-04:00,72.47286383721067,72.47286383721067,69.20334840651093,69.54924011230469,6464400
2021-07-07 00:00:00-04:00,68.69276042921372,69.52454687744307,66.80681776806432,67.97626495361328,5109200
2021-07-08 00:00:00-04:00,66.19737348698906,67.67153824434327,65.66206756262851,66.5350341796875,2484200
2021-07-09 00:00:00-04:00,67.20212250117886,68.2150984547964,66.47739597751784,68.1080322265625,2376600
2021-07-12 00:00:00-04:00,67.03742163988791,68.50334948324641,66.70799817005643,67.86097717285156,3251800
2021-07-13 00:00:00-04:00,67.37506699170257,67.80331932929657,66.7738750528888,67.24330139160156,3340600
2021-07-14 00:00:00-04:00,67.11153101654126,67.83626382468675,64.484393436702,64.68204498291016,4263700
2021-07-15 00:00:00-04:00,63.907889556305555,64.7561505037898,63.25728012007291,63.55376052856445,3481000
2021-07-16 00:00:00-04:00,64.06438377641389,64.2126240193106,61.124290861654096,61.338417053222656,3305400
2021-07-19 00:00:00-04:00,59.295982212859556,59.963060002121146,57.706520216102376,58.101829528808594,5171600
2021-07-20 00:00:00-04:00,58.06067573076956,59.716024415164334,57.426540618615526,58.57951354980469,4956500
2021-07-21 00:00:00-04:00,59.70776748572669,61.19016974349157,59.608938574132644,60.74544906616211,4450100
2021-07-22 00:00:00-04:00,60.35012287976431,60.49012575307335,58.78536677347836,59.551273345947266,2807100
2021-07-23 00:00:00-04:00,59.53482592805129,59.79836342821886,58.81009937339788,59.435997009277344,2126000
2021-07-26 00:00:00-04:00,59.60893138642924,61.264279327458354,59.51833979919895,61.20663070678711,2167800
2021-07-27 00:00:00-04:00,60.55602847163789,61.50311845259349,59.95483653916262,61.387821197509766,1932500
2021-07-28 00:00:00-04:00,61.69253006976996,62.51608536350672,60.76190856658134,61.94783020019531,1958000
2021-07-29 00:00:00-04:00,62.73022915827342,62.91964971274967,61.48666471402257,61.585487365722656,1938400
2021-07-30 00:00:00-04:00,61.22311080146195,61.68430613859603,60.094843825555714,60.47367858886719,3301000
2021-08-02 00:00:00-04:00,60.73720779903088,62.713741919645095,60.32543011903745,60.51485061645508,4061200
2021-08-03 00:00:00-04:00,60.53131689949509,62.67255950596077,60.218368135310314,62.64785385131836,3148500
2021-08-04 00:00:00-04:00,60.74545545588661,60.83604706356973,58.9665725594507,58.999515533447266,4259700
2021-08-05 00:00:00-04:00,59.773649695674024,61.22310260920246,59.394814983054395,60.424259185791016,2182900
2021-08-06 00:00:00-04:00,61.23135385577561,61.49489138031694,60.4407412821516,60.9101676940918,1807900
2021-08-09 00:00:00-04:00,59.96308508724626,60.87723236477972,59.76543348982122,60.12779998779297,2220700
2021-08-10 00:00:00-04:00,60.3254392580278,61.35488361396684,60.210141992821,61.13252639770508,2823800
2021-08-11 00:00:00-04:00,60.92663643004814,61.387825482575515,60.48191572229835,61.280765533447266,2021300
2021-08-12 00:00:00-04:00,61.149003382187146,61.453721216559714,60.448982377892406,61.30548095703125,1790000
2021-08-13 00:00:00-04:00,61.47018666067092,61.7337241892488,60.77016568943876,60.85251998901367,2214700
2021-08-16 00:00:00-04:00,60.02894934275222,60.103072592005184,58.89244521444612,59.17245101928711,4751400
2021-08-17 00:00:00-04:00,58.66371745807949,59.47270068963913,57.91312049467142,58.355140686035156,3161400
2021-08-18 00:00:00-04:00,58.33010658962685,58.99730442532549,56.75384319236886,56.837242126464844,3895000
2021-08-19 00:00:00-04:00,55.74470242777843,56.086646374379605,54.50204096630895,55.26932144165039,4008600
2021-08-20 00:00:00-04:00,54.37694731182932,55.461152844948714,53.75144558801411,55.00244903564453,4518600
2021-08-23 00:00:00-04:00,56.403565182464845,57.53780865709813,56.33684984384593,57.37935256958008,3549900
2021-08-24 00:00:00-04:00,58.02986778305421,59.39763072127122,57.679588427324965,59.15576934814453,3351900
2021-08-25 00:00:00-04:00,59.07240107314576,60.590285432122606,58.66373524973841,60.19830322265625,2229500
2021-08-26 00:00:00-04:00,59.21416518848048,59.831325128542055,58.76380316856545,58.94728469848633,2518500
2021-08-27 00:00:00-04:00,59.46435169089247,61.0239315302926,59.41430723859107,60.55689239501953,2349900
2021-08-30 00:00:00-04:00,61.032284996485025,61.29916546234803,59.67286361770352,59.68954086303711,1790300
2021-08-31 00:00:00-04:00,59.27254547033853,60.2066303726707,58.947285069950134,59.289222717285156,3333500
2021-09-01 00:00:00-04:00,59.59779944750491,59.59779944750491,57.47109754824496,57.72129440307617,3334500
2021-09-02 00:00:00-04:00,58.23838507364637,59.34760971569945,58.10494164470784,58.31344223022461,2336500
2021-09-03 00:00:00-04:00,58.2967558376479,58.74711779526458,57.58785523068775,58.063236236572266,1606200
2021-09-07 00:00:00-04:00,57.621214712182216,58.71376203034943,57.31263793956734,57.329315185546875,2108700
2021-09-08 00:00:00-04:00,57.69626331796239,58.071561703384894,55.828100467288756,55.86979675292969,2498400
2021-09-09 00:00:00-04:00,55.444472285254726,56.87061536677379,55.08585106384826,55.66130828857422,3575700
2021-09-10 00:00:00-04:00,56.49530843580301,56.503650239599544,55.16924796409207,55.36106491088867,2477500
2021-09-13 00:00:00-04:00,56.145035508693795,56.670454675715135,55.63629358825753,56.09499740600586,3545100
2021-09-14 00:00:00-04:00,56.56202839032844,56.74550989058369,54.16843980933524,54.410301208496094,3572200
2021-09-15 00:00:00-04:00,54.944062673472644,55.811425725468496,54.60212508002214,55.06916427612305,4584500
2021-09-16 00:00:00-04:00,55.0441529150586,55.419451412488186,54.32691041349443,54.843994140625,2427000
2021-09-17 00:00:00-04:00,54.83564374261921,55.56122793526822,54.42698445300232,55.060821533203125,6201900
2021-09-20 00:00:00-04:00,53.6263514030846,54.47703096474832,52.700605142874736,53.60132598876953,2989700
2021-09-21 00:00:00-04:00,54.33525618319441,54.47703506030846,53.009192275308486,53.65970993041992,2170000
2021-09-22 00:00:00-04:00,54.593780171160034,56.728823646675835,54.57710292779009,55.8864860534668,4003600
2021-09-23 00:00:00-04:00,55.95320316907018,57.42939059004333,55.778063474925034,57.220890045166016,2520300
2021-09-24 00:00:00-04:00,56.69546819443191,57.120804703902714,56.211745426831904,56.745506286621094,2424700
2021-09-27 00:00:00-04:00,57.98819100306162,59.63951870138392,57.61289243490988,59.322593688964844,3136300
2021-09-28 00:00:00-04:00,60.26499304509827,60.84045016269765,59.02232534473755,59.13909149169922,3790400
2021-09-29 00:00:00-04:00,59.03067954879616,59.08071764876987,58.12162013030118,58.346797943115234,2351900
2021-09-30 00:00:00-04:00,58.48023012444749,59.12240894814656,57.62120260803934,58.40516662597656,3435400
2021-10-01 00:00:00-04:00,58.45521957230362,60.69868784992184,58.45521957230362,60.5235481262207,2859400
2021-10-04 00:00:00-04:00,60.88216570811333,63.3257926136549,60.29002485998356,63.142311096191406,6312000
2021-10-05 00:00:00-04:00,64.30157024462945,65.81945403889729,63.10894680892386,64.51007080078125,5064900
2021-10-06 00:00:00-04:00,64.23484094419695,65.6192875275503,63.60933934970311,65.37742614746094,4437300
2021-10-07 00:00:00-04:00,65.64431840489225,66.70350485904945,65.42747603143029,66.13638305664062,2746500
2021-10-08 00:00:00-04:00,66.7285092943869,68.9302743125828,66.41992622908201,68.49658966064453,3274000
2021-10-11 00:00:00-04:00,69.18881978172672,70.48152570015374,68.3965202594209,68.42153930664062,2671900
2021-10-12 00:00:00-04:00,68.38819317225028,69.5057532747597,68.22973068851748,68.91361236572266,2217500
2021-10-13 00:00:00-04:00,68.22138999157178,68.71344828936142,67.18722256877462,68.27976989746094,3511800
2021-10-14 00:00:00-04:00,69.30558713794031,69.66420836738573,68.16300810405069,68.5216293334961,2283100
2021-10-15 00:00:00-04:00,69.22219404174542,69.51409358740717,67.71265184637119,67.7376708984375,2092900
2021-10-18 00:00:00-04:00,68.11296060055295,68.92194378176433,67.05378056808775,67.44576263427734,2534500
2021-10-19 00:00:00-04:00,67.88778312609244,69.13044467323958,67.6042190577831,69.03870391845703,2880000
2021-10-20 00:00:00-04:00,68.67174207456787,69.49740888174118,68.28810180388078,69.48906707763672,2016900
2021-10-21 00:00:00-04:00,68.95531424425153,70.25635586829665,68.27143257482615,68.99701690673828,2536000
2021-10-22 00:00:00-04:00,69.16381587499632,69.93109651804602,67.98786949479212,69.13045501708984,1880200
2021-10-25 00:00:00-04:00,69.68089586951236,70.1229160777974,69.08041318545241,69.83101654052734,1939200
2021-10-26 00:00:00-04:00,69.83935900652054,69.84770081211944,68.35483575658303,68.5716781616211,3262700
2021-10-27 00:00:00-04:00,67.13717908088037,67.42907858690648,64.32658929329854,64.51007080078125,5417200
2021-10-28 00:00:00-04:00,63.80115829616882,65.04381959770232,63.38415726155334,64.00965881347656,3380000
2021-10-29 00:00:00-04:00,64.2181855875246,64.7853074809967,61.77455827104042,62.36669921875,5110900
2021-11-01 00:00:00-04:00,62.89210765795223,65.2022909045741,62.800366908811455,65.16893005371094,5824600
2021-11-02 00:00:00-04:00,65.13557732276676,66.69516388964922,64.6768798828125,64.6768798828125,4552600
2021-11-03 00:00:00-04:00,64.43501191033288,66.33653591288846,64.20982775254338,65.83613586425781,4270800
2021-11-04 00:00:00-04:00,66.58673355254788,66.82859495758217,63.64270676222714,64.11808776855469,2859200
2021-11-05 00:00:00-04:00,65.05216722589729,65.36908574993225,63.88456295182054,64.86034393310547,2682400
2021-11-08 00:00:00-05:00,65.55258810916234,65.94457025966709,64.56846501150933,65.0438461303711,1640600
2021-11-09 00:00:00-05:00,64.90204488004515,66.07799092628161,64.44334116776898,66.02794647216797,2363700
2021-11-10 00:00:00-05:00,65.95291601293626,66.52003793981534,64.30993014993653,64.66020965576172,2910300
2021-11-11 00:00:00-05:00,64.6351957664161,65.65267986622788,64.36831521260763,64.94377899169922,1510500
2021-11-12 00:00:00-05:00,64.36829179015375,65.1689331602403,63.85120812152344,64.61015319824219,2146500
2021-11-15 00:00:00-05:00,65.13557294592037,66.35321543920617,64.43501412633076,65.81111907958984,3721000
2021-11-16 00:00:00-05:00,65.85330488316664,66.24147069044982,64.63817266002539,64.96726989746094,2950000
2021-11-17 00:00:00-05:00,64.32596454404653,64.612867225578,62.84080345225825,63.018009185791016,2299800
2021-11-18 00:00:00-05:00,62.84079868737528,63.34710166450608,61.60035220871026,62.19947814941406,2548600
2021-11-19 00:00:00-05:00,60.764965017430924,61.009679570469046,58.65536346157782,58.76506042480469,4692200
2021-11-22 00:00:00-05:00,58.739744569417276,61.971655606394016,58.70599017292228,60.91685485839844,3782400
2021-11-23 00:00:00-05:00,61.73537909650945,62.562339248562004,61.465343934051745,62.300750732421875,3452500
2021-11-24 00:00:00-05:00,61.92100909398404,63.11082720316853,61.71848919126875,62.334495544433594,2305200
2021-11-26 00:00:00-05:00,58.95913463021757,59.0435173877209,56.60481899932182,58.435951232910156,5044500
2021-11-29 00:00:00-05:00,59.69329163855061,60.6805901888502,58.24188454798467,58.950714111328125,3400500
2021-11-30 00:00:00-05:00,57.38959095857316,58.84943133564992,57.38959095857316,58.36844253540039,5819900
2021-12-01 00:00:00-05:00,60.25020503810071,60.61305666274524,57.91276355623049,57.94651794433594,3976800
2021-12-02 00:00:00-05:00,58.08154781759023,60.52868675142105,57.32209001909203,60.23333740234375,3617500
2021-12-03 00:00:00-05:00,61.17842960357666,61.499086641063336,58.621594196429946,59.06882858276367,3219500
2021-12-06 00:00:00-05:00,59.99705490616144,61.01810108148498,58.68066585995782,59.97174072265625,3866000
2021-12-07 00:00:00-05:00,60.79028335803543,62.52015288919029,60.75652895827717,61.16157531738281,2572900
2021-12-08 00:00:00-05:00,61.34719160739279,61.74379760673981,60.511791453486076,60.62992858886719,1947700
2021-12-09 00:00:00-05:00,60.76495194248878,61.47377482249963,60.13207161191124,61.009666442871094,3913400
2021-12-10 00:00:00-05:00,61.60878747429307,61.777552973803246,60.182695182864876,61.1953010559082,2268800
2021-12-13 00:00:00-05:00,60.359918685990195,60.731210619978114,58.65536346157782,58.76506042480469,2527800
2021-12-14 00:00:00-05:00,58.604727403791536,61.11093502908417,58.495030442890595,59.68484878540039,3360000
2021-12-15 00:00:00-05:00,59.271347484843815,59.9379821688081,58.42750709065986,59.50762176513672,2666100
2021-12-16 00:00:00-05:00,60.216458998649884,61.09405389709116,59.74391037564002,59.87892150878906,2965600
2021-12-17 00:00:00-05:00,59.77765318536581,60.663688215240335,58.67222427825832,60.587745666503906,5988200
2021-12-20 00:00:00-05:00,58.87475518866899,59.92955592719174,57.86214905488427,58.587852478027344,5883100
2021-12-21 00:00:00-05:00,59.4148198562701,61.40627775333994,59.271362061105705,60.87466049194336,5058500
2021-12-22 00:00:00-05:00,61.02653775837126,61.58347551523444,60.31771490926325,60.43585205078125,2320700
2021-12-23 00:00:00-05:00,61.245938506371544,61.74380125806375,60.629932174320594,60.67212677001953,2970100
2021-12-27 00:00:00-05:00,60.38522248919839,61.46533726995221,59.62577121010031,61.42314910888672,2229500
2021-12-28 00:00:00-05:00,61.68474263749743,62.61296595068698,61.566605476072894,62.3851318359375,2316200
2021-12-29 00:00:00-05:00,62.1066465700186,62.38511542210667,61.4231379676122,61.4737663269043,2693100
2021-12-30 00:00:00-05:00,61.53283646129445,62.427311605540744,61.07716190207259,61.13623046875,2469200
2021-12-31 00:00:00-05:00,60.96747429606831,61.642549251013925,60.79870877632786,61.14468002319336,2317800
2022-01-03 00:00:00-05:00,61.50753519801237,64.00530237319144,61.50753519801237,63.912479400634766,3710300
2022-01-04 00:00:00-05:00,64.57912428901417,66.45245157295938,64.52005570069127,66.3005599975586,4484400
2022-01-05 00:00:00-05:00,66.874356233304,67.7266368977163,65.70141851283176,66.08958435058594,4196400
2022-01-06 00:00:00-05:00,67.71819109983008,68.10635690553806,66.1570876704852,67.91227722167969,3631300
2022-01-07 00:00:00-05:00,67.9122830545348,69.27086027220273,67.4144138353716,69.16116333007812,3771000
2022-01-10 00:00:00-05:00,69.47337540782762,71.13574187589397,69.16959237620175,70.76445007324219,5816300
2022-01-11 00:00:00-05:00,71.41421259107187,73.18628262753825,70.89946941864939,72.69685363769531,4409600
2022-01-12 00:00:00-05:00,72.99219843603606,73.40567845112854,72.15679819876996,72.82343292236328,4263400
2022-01-13 00:00:00-05:00,72.4099587079794,74.24953144509985,72.4099587079794,73.22848510742188,3706600
2022-01-14 00:00:00-05:00,72.99218611519129,74.79800384623884,72.99218611519129,74.74737548828125,3389700
2022-01-18 00:00:00-05:00,75.5827793658881,75.86124822456765,73.55756125238639,74.81488800048828,3862500
2022-01-19 00:00:00-05:00,75.54059335673159,75.56591397784479,72.99219806062605,73.61663818359375,3086500
2022-01-20 00:00:00-05:00,72.95001480286827,74.49424459323646,72.1230546483928,72.14836883544922,2943500
2022-01-21 00:00:00-05:00,71.85303141163664,71.85303141163664,69.39745207171173,70.41006469726562,3592700
2022-01-24 00:00:00-05:00,68.53671826094097,70.13157610057206,67.11062592597266,69.89530181884766,3803800
2022-01-25 00:00:00-05:00,69.39743451131037,72.78123640659064,68.55359408920496,72.5365219116211,3122800
2022-01-26 00:00:00-05:00,73.3466240558815,74.22421906020595,71.22858876649516,71.76864624023438,3907700
2022-01-27 00:00:00-05:00,73.60819875649292,74.13137566876763,70.88259151206297,72.41838073730469,3917900
2022-01-28 00:00:00-05:00,72.70528204082194,75.27055084161344,69.17802939224555,71.09354400634766,6742900
2022-01-31 00:00:00-05:00,71.23701679503189,72.3930806517521,70.2159705148596,71.54924011230469,3778700
2022-02-01 00:00:00-05:00,70.95010383783534,74.08919122054134,70.41848025457584,73.97105407714844,3360100
2022-02-02 00:00:00-05:00,73.43100231264458,74.21577428684074,71.52392729241983,74.00481414794922,4159500
2022-02-03 00:00:00-05:00,74.0469963523762,74.25795645594422,72.79810970653726,73.59976196289062,2829400
2022-02-04 00:00:00-05:00,74.30015333389377,75.52371939697208,74.173575980267,74.96678161621094,3256300
2022-02-07 00:00:00-05:00,74.57862254586784,76.95825254536554,74.25796546720936,76.19036102294922,4104900
2022-02-08 00:00:00-05:00,75.48151485571974,76.14814948820512,74.13981182281215,74.94989776611328,3048400
2022-02-09 00:00:00-05:00,75.11025139003652,76.03003452663145,74.93304564182995,75.48153686523438,2605900
2022-02-10 00:00:00-05:00,75.10180150423416,76.95824795498478,74.99210456128706,75.4899673461914,2660100
2022-02-11 00:00:00-05:00,75.94563319474358,78.94126907928823,75.84437003280712,78.64591979980469,4821300
2022-02-14 00:00:00-05:00,78.00461617856661,78.07211852422012,75.39714574269001,76.38443756103516,3951800
2022-02-15 00:00:00-05:00,74.80645949427128,75.57435097977067,74.04700177817875,74.61237335205078,3397400
2022-02-16 00:00:00-05:00,75.55746867078093,76.56164078676662,74.04699361256398,74.5111083984375,3426300
2022-02-17 00:00:00-05:00,74.22421538122859,74.66301608063779,73.05127751002692,73.44788360595703,2670700
2022-02-18 00:00:00-05:00,72.65470545727761,73.9254573392089,72.10887888355816,72.55236053466797,2488000
2022-02-22 00:00:00-05:00,74.1472326799395,74.47984568519892,70.80403537289887,71.7251205444336,3562000
2022-02-23 00:00:00-05:00,72.36475196932449,72.39886695321061,71.10253009937726,71.62277221679688,3261800
2022-02-24 00:00:00-05:00,72.49269481847332,72.52680980861196,69.66121570465783,71.19635772705078,3775000
2022-02-25 00:00:00-05:00,71.66539936113386,72.83381296801161,71.29014110644707,72.22828674316406,2999700
2022-02-28 00:00:00-05:00,71.2219247871066,72.27093282152555,70.73579768430497,71.8445053100586,4639400
2022-03-01 00:00:00-05:00,72.56091301106446,73.52463692553756,69.15801649869661,70.0791015625,5324500
2022-03-02 00:00:00-05:00,70.82109732871702,72.62915271404347,70.44583895463047,71.90422058105469,3644200
2022-03-03 00:00:00-05:00,71.63980396684394,72.82527163099212,70.28376794357627,70.78694915771484,3894300
2022-03-04 00:00:00-05:00,70.32643407655975,72.05772896999616,70.18998063765413,71.89569091796875,4030100
2022-03-07 00:00:00-05:00,72.68029043159646,73.31140119065691,70.24965544143402,70.44580841064453,6183500
2022-03-08 00:00:00-05:00,72.11743438328224,75.30711754948005,71.46073873539967,71.90422058105469,16579800
2022-03-09 00:00:00-05:00,67.80197129713075,68.52689673291644,66.62503376044691,67.67404174804688,14161400
2022-03-10 00:00:00-05:00,68.39896019044286,69.36269038914074,66.77001071941137,69.26034545898438,10788600
2022-03-11 00:00:00-05:00,68.70601014356856,70.01940788102964,68.05784490178404,68.8851089477539,7198200
2022-03-14 00:00:00-04:00,68.2625094471008,69.05566479307421,65.88304340918052,66.7529525756836,5807200
2022-03-15 00:00:00-04:00,65.59309346160353,66.16450485702886,62.98335224808709,64.25410461425781,5925300
2022-03-16 00:00:00-04:00,64.60375939163507,65.53336811969909,64.35643068707952,65.24340057373047,4031800
2022-03-17 00:00:00-04:00,65.90009591677219,66.50562862776135,64.88520300025915,66.13890075683594,4840500
2022-03-18 00:00:00-04:00,66.30095209456778,67.23909138117547,65.24341361730644,67.17086791992188,8269500
2022-03-21 00:00:00-04:00,68.22839737763802,69.42239563310008,68.04076824376678,68.76569366455078,4278900
2022-03-22 00:00:00-04:00,68.39897598211137,68.72306508238093,66.78708037390834,68.04930877685547,3541700
2022-03-23 00:00:00-04:00,68.65480813930114,69.06418128683525,68.10898161376593,68.45864868164062,3446700
2022-03-24 00:00:00-04:00,68.76569773584214,69.36270015230238,68.05783301628277,69.18360137939453,3946900
2022-03-25 00:00:00-04:00,68.90215251941778,71.51188659667969,68.72305375987696,71.51188659667969,4290900
2022-03-28 00:00:00-04:00,70.360533390074,70.97458999528826,69.46503308967539,70.18143463134766,4214600
2022-03-29 00:00:00-04:00,69.08125236504829,71.25603513480291,68.74863944827646,71.18780517578125,3546000
2022-03-30 00:00:00-04:00,72.18564245312153,74.62480813085423,72.18564245312153,74.57363891601562,4512500
2022-03-31 00:00:00-04:00,74.19838077381966,75.6652923313503,73.60990877517224,73.67813873291016,4830800
2022-04-01 00:00:00-04:00,73.71225952584473,74.61628376349297,72.0918336889759,73.31141662597656,3204400
2022-04-04 00:00:00-04:00,73.92548441389384,74.19839780070616,72.95323006670192,73.91695404052734,2410900
2022-04-05 00:00:00-04:00,74.18133052676491,75.18769968383106,73.25171519620606,73.2687759399414,3003100
2022-04-06 00:00:00-04:00,73.81460276874063,74.18985454371202,72.68030405840678,73.07261657714844,2563300
2022-04-07 00:00:00-04:00,73.48199693341111,73.89989410138355,68.37339031117897,70.8552017211914,7514600
2022-04-08 00:00:00-04:00,71.35836992622838,72.43296895231444,70.91488822874578,71.85302734375,4686200
2022-04-11 00:00:00-04:00,71.29014417521633,71.8103862300568,70.07909167339002,70.35200500488281,3973800
2022-04-12 00:00:00-04:00,71.21339840610159,72.26241300607948,69.6867870486796,69.90853118896484,2943900
2022-04-13 00:00:00-04:00,70.30083060525621,71.11957053936824,69.62707444445468,70.90635681152344,2659600
2022-04-14 00:00:00-04:00,71.05988528867965,71.71658083992035,70.60787313556013,70.65904235839844,3014900
2022-04-18 00:00:00-04:00,71.36691549556524,74.35190836511029,70.45436079286075,74.33485412597656,3679600
2022-04-19 00:00:00-04:00,74.16427848892658,77.19191668739704,74.01929468399322,76.37317657470703,5120900
2022-04-20 00:00:00-04:00,76.56079246381871,77.30277867541298,75.50325405840796,75.79322814941406,2816600
2022-04-21 00:00:00-04:00,76.5522770077301,77.19191834451014,72.95322737836484,73.30289459228516,4574000
2022-04-22 00:00:00-04:00,73.33698913022043,73.9595760540773,71.21338230610075,71.31572723388672,3458600
2022-04-25 00:00:00-04:00,69.32004885602593,69.94263582856154,66.59943950058575,69.09830474853516,5577500
2022-04-26 00:00:00-04:00,69.43945929323503,71.16223020461062,69.12390707687013,69.83177185058594,4847000
2022-04-27 00:00:00-04:00,69.84028662813408,71.74215590143672,68.80833298899371,70.79548645019531,4482600
2022-04-28 00:00:00-04:00,71.33278763607672,74.84655237934095,70.82960633784701,74.37747955322266,4228700
2022-04-29 00:00:00-04:00,75.58855611181762,77.03841389574173,73.74639221268839,73.99372100830078,6279900
2022-05-02 00:00:00-04:00,73.92547204695289,76.29640791827178,73.42228421080188,76.05760955810547,4280400
2022-05-03 00:00:00-04:00,76.23671899362435,77.82303004438562,76.21966475412688,77.43071746826172,4292000
2022-05-04 00:00:00-04:00,78.24090329547215,82.25784891865844,77.56714717301296,82.01905059814453,5874800
2022-05-05 00:00:00-04:00,82.3943249490128,82.52225450483552,78.85497527401107,80.61185455322266,5448500
2022-05-06 00:00:00-04:00,81.81437106958663,82.33461308073238,79.39225976259824,82.18109893798828,4093600
2022-05-09 00:00:00-04:00,80.39863869302317,80.76536660651419,76.04055559097964,76.31346893310547,5173000
2022-05-10 00:00:00-04:00,77.1066145110882,78.92319310279781,74.90624731092173,76.39021301269531,4186100
2022-05-11 00:00:00-04:00,77.9168248987331,79.29845219183315,76.84222589298862,77.78036499023438,2981700
2022-05-12 00:00:00-04:00,77.96801889207977,78.18976306048519,75.69089712608019,77.77186584472656,3910600
2022-05-13 00:00:00-04:00,79.05112703560069,80.92740531430032,79.05112703560069,80.6800765991211,3329000
2022-05-16 00:00:00-04:00,80.78242766946101,83.5627368267498,80.78242766946101,82.795166015625,4561900
2022-05-17 00:00:00-04:00,83.88683017455794,84.1426893134202,82.24081953169011,83.34100341796875,3747200
2022-05-18 00:00:00-04:00,83.75036591575176,84.07445500917703,80.43276018846421,81.46471405029297,4002600
2022-05-19 00:00:00-04:00,79.48608792210212,82.2237583539014,78.93173734595909,81.30267333984375,4660600
2022-05-20 00:00:00-04:00,82.22460619727941,82.63818774261131,78.82120116205954,80.8115463256836,3838800
2022-05-23 00:00:00-04:00,81.9919736526761,82.64680180718028,81.14758098423374,81.92304229736328,4220300
2022-05-24 00:00:00-04:00,81.02695588452467,83.62044065622038,80.73400090590313,83.37918090820312,3076300
2022-05-25 00:00:00-04:00,83.56872842732786,85.84341032134874,83.36194095705008,85.36952209472656,3422100
2022-05-26 00:00:00-04:00,86.0674260889272,86.70502456560263,84.85254241615844,85.02486419677734,3262700
2022-05-27 00:00:00-04:00,85.04211116198212,88.1181022489392,84.96456831691921,87.65283203125,3621300
2022-05-31 00:00:00-04:00,88.15255584380613,89.32436243761398,86.64471715347372,86.86012268066406,5541800
2022-06-01 00:00:00-04:00,87.74759124509303,89.61731619245501,87.20477169023918,88.90216827392578,4086100
2022-06-02 00:00:00-04:00,88.35935821524568,89.65179150026445,87.5838969295033,88.74708557128906,3031400
2022-06-03 00:00:00-04:00,88.9194124269134,90.33247237284704,88.54891460123225,90.00505828857422,2940200
2022-06-06 00:00:00-04:00,90.3669182587781,92.15909370087749,90.22044408792067,91.34916687011719,3046000
2022-06-07 00:00:00-04:00,90.92697521546728,94.76119733827537,90.92697521546728,94.7094955444336,3477600
2022-06-08 00:00:00-04:00,94.56303959368579,95.88132055172625,93.77896021026484,94.99385070800781,3611100
2022-06-09 00:00:00-04:00,94.54580838406481,95.12309368945868,93.21890938637574,93.28783416748047,2946100
2022-06-10 00:00:00-04:00,92.11603099938003,92.85702003108432,90.3324667648363,91.59905242919922,3015000
2022-06-13 00:00:00-04:00,89.01417556519922,89.77240720771259,86.21390378682831,87.40294647216797,4227500
2022-06-14 00:00:00-04:00,90.4100187814281,92.80532747405736,88.18703190138073,89.72071838378906,4522800
2022-06-15 00:00:00-04:00,89.78103521711968,90.52203087303194,86.26562145672538,88.21288299560547,4747200
2022-06-16 00:00:00-04:00,85.61938787057122,87.09276082845636,82.66402389343654,83.14653015136719,6847800
2022-06-17 00:00:00-04:00,83.5256507432809,83.8961485192772,77.74416708429135,77.98542022705078,14918000
2022-06-21 00:00:00-04:00,80.74263041102769,83.31887942183478,80.60477425199518,82.69851684570312,5764900
2022-06-22 00:00:00-04:00,79.26923535025209,81.01832720891305,77.95957261513443,77.98542022705078,5178900
2022-06-23 00:00:00-04:00,78.95043001556765,79.31231629060763,71.65249640968214,72.71228790283203,6160600
2022-06-24 00:00:00-04:00,74.29767469559653,74.61647065739149,72.29871173711867,72.54857635498047,5269800
2022-06-27 00:00:00-04:00,73.62561451595765,75.90891466550873,73.29820044578256,75.13345336914062,3796200
2022-06-28 00:00:00-04:00,76.74468793781925,78.66610830735478,75.32301001445153,76.55513000488281,3791400
2022-06-29 00:00:00-04:00,77.78724283536367,78.20943582753495,72.56581496600327,72.8759994506836,4246300
2022-06-30 00:00:00-04:00,71.23892296523894,72.565821927294,69.69661845558382,70.64440155029297,4829100
2022-07-01 00:00:00-04:00,70.9804354252549,72.98801675596489,69.48983268043071,72.695068359375,4093300
2022-07-05 00:00:00-04:00,71.56633780090662,71.95407173495093,67.31854009359405,69.26580810546875,5205700
2022-07-06 00:00:00-04:00,68.91253704289473,69.6879916581324,66.0605634800599,68.5248031616211,4624400
2022-07-07 00:00:00-04:00,70.55823804436608,71.81620560712808,69.98095277576087,71.11829376220703,3711300
2022-07-08 00:00:00-04:00,72.0057803898735,72.17810223247682,69.65354845376218,70.66165161132812,2219400
2022-07-11 00:00:00-04:00,69.5070715315348,70.80812308574379,68.70576250459241,70.44624328613281,2444000
2022-07-12 00:00:00-04:00,68.47310629772066,69.90339550189732,68.09399048698857,69.36919403076172,2565200
2022-07-13 00:00:00-04:00,68.32665310501868,70.13605867551644,67.59426886873871,68.62821960449219,3591300
2022-07-14 00:00:00-04:00,66.47415513672259,67.71488665501859,65.26788272217563,67.68042755126953,4199000
2022-07-15 00:00:00-04:00,68.9728433958476,70.4289800987196,68.24045944046674,70.34281921386719,2792200
2022-07-18 00:00:00-04:00,71.9799224683787,72.65198676145897,70.9373603504393,71.29924011230469,2709600
2022-07-19 00:00:00-04:00,71.08382485354886,73.82378345630458,71.08382485354886,73.59114837646484,2767400
2022-07-20 00:00:00-04:00,73.49637583397406,75.21962022329437,72.91047247865892,74.8318862915039,3590900
2022-07-21 00:00:00-04:00,72.76398856194916,73.50498414319522,70.24805344005367,73.4188232421875,3628000
2022-07-22 00:00:00-04:00,73.28959796018702,74.16845647408293,72.42797557523808,72.83293914794922,2706700
2022-07-25 00:00:00-04:00,73.8754746069437,75.34023607342326,72.98800492463708,75.16790771484375,2756600
2022-07-26 00:00:00-04:00,76.04677879546632,76.29665002750583,73.53945498592398,74.05642700195312,1870000
2022-07-27 00:00:00-04:00,74.53031812175595,76.52066324201574,73.70316162276934,76.1156997680664,2277100
2022-07-28 00:00:00-04:00,76.89116679517109,77.61493289449044,74.7026455184915,75.83137512207031,3257100
2022-07-29 00:00:00-04:00,76.09846861872514,77.0893354136863,74.75434015780881,76.68437194824219,4750400
2022-08-01 00:00:00-04:00,75.5125683128481,75.9950746363629,73.79794199293889,75.3833236694336,2910900
2022-08-02 00:00:00-04:00,75.49533057645885,76.49480879161565,74.25459265204566,75.42639923095703,2455900
2022-08-03 00:00:00-04:00,76.66712890910651,77.40811778575868,73.10862582077019,73.67729949951172,3539700
2022-08-04 00:00:00-04:00,73.15172361474474,73.28096825509422,71.03213386344166,71.21307373046875,2989700
2022-08-05 00:00:00-04:00,70.40313629496393,72.79844452102733,70.23081451594744,72.16946411132812,1796200
2022-08-08 00:00:00-04:00,72.37624785662274,73.07415957167085,71.74726090546093,72.20392608642578,1680200
2022-08-09 00:00:00-04:00,73.16032525353467,73.96162738177757,72.75536187238782,73.69452667236328,2062300
2022-08-10 00:00:00-04:00,74.1942975430513,74.40108505655729,72.08332551577209,73.78071594238281,2191600
2022-08-11 00:00:00-04:00,74.98698979000498,76.33973657545134,74.28907781128336,76.10710144042969,2803200
2022-08-12 00:00:00-04:00,75.72798916170916,77.58047856186943,75.52120163465733,77.54601287841797,2795200
2022-08-15 00:00:00-04:00,75.20237376744926,77.0720920953374,74.27182034737096,76.82222747802734,3082700
2022-08-16 00:00:00-04:00,77.18411052911871,78.40761235299371,76.08984676338505,76.99455261230469,3420100
2022-08-17 00:00:00-04:00,76.18445207085377,78.86737288416745,75.85344494939112,78.28375244140625,3063900
2022-08-18 00:00:00-04:00,78.64961300163606,78.90222635355843,75.4876030749175,77.25588989257812,5466000
2022-08-19 00:00:00-04:00,77.12521526077045,77.75239222666777,76.53288219806687,77.0381088256836,3167500
2022-08-22 00:00:00-04:00,76.44577889037082,77.90918965540091,75.15658100264146,76.85518646240234,2694600
2022-08-23 00:00:00-04:00,77.61301967057955,79.87782030100882,77.44751943113502,79.62521362304688,3128000
2022-08-24 00:00:00-04:00,79.6252224340947,80.74890691316436,79.17225827040826,80.46145629882812,3200700
2022-08-25 00:00:00-04:00,80.7053432067204,82.08164744786926,80.504992429016,81.71578979492188,2766000
2022-08-26 00:00:00-04:00,81.97711668427036,82.53460583848147,80.2610926816101,80.29593658447266,2750000
2022-08-29 00:00:00-04:00,80.28723917217239,82.24716422073611,79.9736506327385,81.1844482421875,2576400
2022-08-30 00:00:00-04:00,80.08687866612692,80.12172256849047,77.82207153306045,78.52764892578125,2836400
2022-08-31 00:00:00-04:00,76.49803842029877,79.3464593916585,76.27155637206563,77.92660522460938,2841700
2022-09-01 00:00:00-04:00,76.44576781295544,76.98583164180664,73.51894670700786,75.20012664794922,4004200
2022-09-02 00:00:00-04:00,76.89873249339118,78.31859329062213,76.39350587050171,77.05552673339844,2641600
2022-09-06 00:00:00-04:00,77.69143406091123,77.71756533257681,75.26112610906455,75.57471466064453,2556200
2022-09-07 00:00:00-04:00,74.1112870975944,75.57469779648184,73.19665291861664,75.19142150878906,2633200
2022-09-08 00:00:00-04:00,75.50501573726368,75.6966538956961,74.04160492699248,74.8517074584961,2477400
2022-09-09 00:00:00-04:00,76.16702900451851,77.01197535686133,75.74019618695071,76.68096160888672,2474400
2022-09-12 00:00:00-04:00,77.7262670576123,79.32904685547726,77.38654063627376,78.01371765136719,2454500
2022-09-13 00:00:00-04:00,76.64612244676731,77.89176378271905,74.92139237901578,75.05205535888672,3004000
2022-09-14 00:00:00-04:00,75.63568536262028,77.40397219573754,73.96321761713168,74.91268920898438,3872100
2022-09-15 00:00:00-04:00,73.2314925467234,73.4231306793828,70.69666022182366,71.31512451171875,5077600
2022-09-16 00:00:00-04:00,71.37611636740624,71.37611636740624,68.82385817229198,70.32211303710938,6839900
2022-09-19 00:00:00-04:00,68.45798331289065,71.55902399375915,68.42314605824902,71.36738586425781,3124400
2022-09-20 00:00:00-04:00,70.67053297794352,73.03986543788821,70.42663227985432,72.4910888671875,3482700
2022-09-21 00:00:00-04:00,73.91094813856212,73.96321732438656,70.73151291951272,70.79248809814453,2872300
2022-09-22 00:00:00-04:00,71.60259903301991,72.63918383622833,70.67925860745082,71.66357421875,2963900
2022-09-23 00:00:00-04:00,69.15484902046717,69.21582418565502,65.80120164354592,66.19318389892578,5632400
2022-09-26 00:00:00-04:00,65.33083083855436,66.75939780789376,64.47717172478045,64.59912872314453,4717500
2022-09-27 00:00:00-04:00,65.80121392325698,67.45626297466855,65.67055093181473,66.39354705810547,4147800
2022-09-28 00:00:00-04:00,66.51549132338762,71.06251781799823,66.39354098141528,70.90572357177734,5401100
2022-09-29 00:00:00-04:00,70.32210606811735,70.91443917351188,69.1113019437029,70.23499298095703,3118000
2022-09-30 00:00:00-04:00,69.5294289284353,70.93186470192772,69.13744658127366,70.31340026855469,3259300
2022-10-03 00:00:00-04:00,72.84822296059195,74.27678980402159,71.7071133425073,73.67575073242188,3891800
2022-10-04 00:00:00-04:00,75.3307999459504,78.78897271890041,74.46842826630183,78.71057891845703,5402400
2022-10-05 00:00:00-04:00,78.04856350273468,81.70709396670712,77.91790051370072,80.6705093383789,5443400
2022-10-06 00:00:00-04:00,80.06075438869402,81.68966543014713,79.74716588584623,81.32381439208984,3237500
2022-10-07 00:00:00-04:00,81.79418646033501,82.31683168153505,80.01718739161923,80.57467651367188,3283500
2022-10-10 00:00:00-04:00,81.14960358589647,81.7767739618337,79.09385963501471,79.3638916015625,2786000
2022-10-11 00:00:00-04:00,78.50152948756359,80.11302200134597,77.21233148906018,78.69316101074219,2939500
2022-10-12 00:00:00-04:00,78.301172442976,81.64611420363566,77.55204510345621,80.95796203613281,2838800
2022-10-13 00:00:00-04:00,80.1042992441474,85.27850256966389,79.97363626855248,84.40742492675781,3690000
2022-10-14 00:00:00-04:00,84.0589865715357,84.93006415258789,81.81160481743038,81.96839904785156,3905200
2022-10-17 00:00:00-04:00,83.4231157855054,85.35690951392033,82.35169384135942,83.15308380126953,3667600
2022-10-18 00:00:00-04:00,83.58862106443873,84.75586871882484,81.8551781826058,83.71928405761719,2756500
2022-10-19 00:00:00-04:00,84.02414066854176,86.11472814240817,83.27501343502468,85.3220443725586,3343500
2022-10-20 00:00:00-04:00,86.0363539953882,87.02067619259866,84.90395680846693,85.13914489746094,3033400
2022-10-21 00:00:00-04:00,85.5920935089602,87.70009987029435,85.15655467500876,87.49104309082031,3260100
2022-10-24 00:00:00-04:00,87.36910082970294,88.32728502385906,87.03808703197562,87.45620727539062,1996100
2022-10-25 00:00:00-04:00,86.8029091089492,87.74367478223614,85.88827470784301,87.29942321777344,2627300
2022-10-26 00:00:00-04:00,87.70010401097214,89.70358540005935,87.44749067785799,89.07640838623047,3171700
2022-10-27 00:00:00-04:00,90.59206990871247,92.29938119795824,90.11297457299278,90.20879364013672,3394200
2022-10-28 00:00:00-04:00,91.04504099319415,92.38650148866809,89.45967979777868,90.76629638671875,3561000
2022-10-31 00:00:00-04:00,89.43354023781521,91.75931595551158,89.43354023781521,90.84468841552734,3581600
2022-11-01 00:00:00-04:00,93.20530880255804,95.80112313074173,92.62168837046742,93.53631591796875,5810800
2022-11-02 00:00:00-04:00,92.9527020715013,93.10078368790322,89.72971718774018,89.93006134033203,3682200
2022-11-03 00:00:00-04:00,89.34643563286564,90.53981442372584,88.46664533236586,89.82553100585938,3073700
2022-11-04 00:00:00-04:00,91.58510751443508,92.17744060765274,89.18964387427177,90.13912200927734,3059200
2022-11-07 00:00:00-05:00,90.47885120058092,92.2906879281608,90.47885120058092,91.83773040771484,3226700
2022-11-08 00:00:00-05:00,91.69835183333004,92.10775943922425,90.2610788622319,91.5589828491211,2488600
2022-11-09 00:00:00-05:00,92.84817317210212,94.52064748470633,89.9213580780852,90.67047882080078,4702300
2022-11-10 00:00:00-05:00,92.48230638953994,92.68265715994033,90.8621015360225,92.54328155517578,3457300
2022-11-11 00:00:00-05:00,93.6060161664936,98.18788708771646,93.6060161664936,96.95095825195312,5586800
2022-11-14 00:00:00-05:00,96.6896320017736,98.89345768587405,96.01890504627187,96.04503631591797,3977400
2022-11-15 00:00:00-05:00,96.43700614730668,97.29066517122985,95.21749610418574,96.78543853759766,3785700
2022-11-16 00:00:00-05:00,95.67820695168096,97.18965659259663,94.36887256920946,94.62371063232422,3021700
2022-11-17 00:00:00-05:00,93.17378684891928,96.54818763422507,92.97167826511658,96.42516326904297,2446000
2022-11-18 00:00:00-05:00,94.8785506070916,96.04728863254834,93.9294998779542,95.77487182617188,3696400
2022-11-21 00:00:00-05:00,94.45676849221582,96.0209413078629,93.05956020329252,95.81004333496094,3047200
2022-11-22 00:00:00-05:00,97.39177821773161,99.16684870236425,97.14572950741864,98.67475128173828,3494100
2022-11-23 00:00:00-05:00,97.08421498491262,98.27930773409217,96.17909767337373,97.28632354736328,2662300
2022-11-25 00:00:00-05:00,97.57633132879168,98.25296539711326,96.96999211512804,97.34785461425781,1409400
2022-11-28 00:00:00-05:00,95.12461234757575,96.74150785208202,94.55342395797238,94.74674987792969,3598700
2022-11-29 00:00:00-05:00,95.88912269123695,96.94361913279528,95.26521151447704,95.75730895996094,3854100
2022-11-30 00:00:00-05:00,96.80302238133596,96.98755892271645,94.02617148210625,95.29157257080078,3987300
2022-12-01 00:00:00-05:00,95.85397884612816,96.37243773448655,93.9031542543094,94.94007873535156,3214200
2022-12-02 00:00:00-05:00,94.20192044636458,95.52004437073157,93.19136413447653,93.72740173339844,2676000
2022-12-05 00:00:00-05:00,94.7291880565292,95.05432104394873,90.68693545073015,91.5217514038086,3015200
2022-12-06 00:00:00-05:00,90.81873365180985,92.58502152162143,89.59727273058624,90.58147430419922,3627000
2022-12-07 00:00:00-05:00,90.29148182302902,92.23351678326817,89.56211836568833,90.51995849609375,2817100
2022-12-08 00:00:00-05:00,91.94352508799051,92.04897740406264,88.28793195370547,88.6657943725586,2899700
2022-12-09 00:00:00-05:00,88.27914629923833,88.97335899119474,86.06470120313806,86.11742401123047,3212200
2022-12-12 00:00:00-05:00,86.70617555003348,89.76422549004003,86.13498727136191,89.69392395019531,3692400
2022-12-13 00:00:00-05:00,91.36356042849404,91.67991069426282,89.40394665466658,89.74665832519531,2984000
2022-12-14 00:00:00-05:00,89.80817306432812,90.66056093226155,88.79761676332652,88.99972534179688,2646800
2022-12-15 00:00:00-05:00,88.53399405753858,89.21941745496942,87.59373255259432,89.16669464111328,2445400
2022-12-16 00:00:00-05:00,87.65523822299393,88.70973464770604,87.04889909140583,88.43732452392578,7235200
2022-12-19 00:00:00-05:00,89.02607909322161,89.97512983598459,87.49705736609748,88.41095733642578,2451200
2022-12-20 00:00:00-05:00,88.75366844988156,90.9066012899559,88.40216743198746,90.19481658935547,2442300
2022-12-21 00:00:00-05:00,91.60081950777189,91.96989928630589,89.8696824208012,90.81873321533203,2471800
2022-12-22 00:00:00-05:00,90.8626728295903,90.94175704317777,86.96981342510152,88.34066009521484,2287700
2022-12-23 00:00:00-05:00,88.79761905017942,91.40749882789119,88.79761905017942,91.33720397949219,2216300
2022-12-27 00:00:00-05:00,91.89082305568375,92.08414899335864,91.11752600930993,91.89961242675781,2474900
2022-12-28 00:00:00-05:00,91.74143004299788,92.02262955628734,89.62364097078249,89.76424407958984,1910700
2022-12-29 00:00:00-05:00,89.63241854370095,91.65354438867101,89.34242969819819,91.48657989501953,1827300
2022-12-30 00:00:00-05:00,91.24932330900869,92.16322337766645,90.95934113779016,91.4602279663086,2088900
2023-01-03 00:00:00-05:00,90.86268290052087,91.80294442411605,88.34945925720562,88.78004455566406,2877200
2023-01-04 00:00:00-05:00,87.47948137993424,89.63241413577974,87.33008892775501,88.47246551513672,2959100
2023-01-05 00:00:00-05:00,88.05067486584691,90.57268770416982,88.05067486584691,90.52874755859375,3348400
2023-01-06 00:00:00-05:00,91.58325150522889,93.4374130319093,91.2317504505564,92.88379669189453,3101300
2023-01-09 00:00:00-05:00,93.76253388809434,93.99979991874689,89.24576368433816,89.64120483398438,4707400
2023-01-10 00:00:00-05:00,90.01907665032397,90.90660857887184,88.37581311489825,89.25456237792969,3259200
2023-01-11 00:00:00-05:00,90.04543874357665,90.27391543092162,88.34066301488522,89.12274932861328,3551100
2023-01-12 00:00:00-05:00,89.5797053333079,91.18781144886938,89.38637941559584,90.38815307617188,2231600
2023-01-13 00:00:00-05:00,90.3881432367562,90.84508987079491,89.21061582265854,90.53752899169922,2133200
2023-01-17 00:00:00-05:00,90.99449704400888,92.27747027878415,89.94878318166568,90.08059692382812,2600800
2023-01-18 00:00:00-05:00,90.70450404820049,92.71684075481129,89.8960562991929,90.25634002685547,2908000
2023-01-19 00:00:00-05:00,90.22997535751944,92.11049825992686,89.48303981850572,91.72384643554688,2696800
2023-01-20 00:00:00-05:00,92.09292528410387,94.2370689231572,91.24053742778305,93.99102020263672,2986400
2023-01-23 00:00:00-05:00,94.46553948678874,95.50246381630508,93.67466386184843,93.97344207763672,3070100
2023-01-24 00:00:00-05:00,93.97345333162619,94.25465284257791,91.7062785033951,94.03496551513672,2360500
2023-01-25 00:00:00-05:00,93.4637716917952,95.66064483854795,92.74319756783329,95.65185546875,2889100
2023-01-26 00:00:00-05:00,96.2669794295602,98.12992347932563,95.1509641692531,97.97174835205078,2723600
2023-01-27 00:00:00-05:00,97.92780364837355,98.27929793137184,95.52002624302833,95.54639434814453,2506700
2023-01-30 00:00:00-05:00,95.23006760179499,95.72216508274116,93.05076630671485,93.5165023803711,3110000
2023-01-31 00:00:00-05:00,92.0050499528764,92.0050499528764,87.11041657086069,88.11219024658203,7890100
2023-02-01 00:00:00-05:00,87.69919115051412,89.27214664709147,85.26505160392206,86.10865020751953,4467800
2023-02-02 00:00:00-05:00,86.11742237469021,86.99617158259521,84.6586954714922,86.97859954833984,4668700
2023-02-03 00:00:00-05:00,87.24223691191847,88.41097519017029,86.56560284280333,86.8292236328125,3525100
2023-02-06 00:00:00-05:00,86.62709584279318,87.43554348000264,84.4917350655106,86.1877212524414,2666300
2023-02-07 00:00:00-05:00,86.87315057673074,89.96634495782277,86.5480109437227,89.87847137451172,3628400
2023-02-08 00:00:00-05:00,89.4215214842131,91.0823569547189,88.9645681406047,90.2826919555664,3683600
2023-02-09 00:00:00-05:00,90.65176953011856,91.63596433075746,89.56211570894796,89.72908020019531,2897400
2023-02-10 00:00:00-05:00,91.15266276025083,94.49190589160685,90.9329754474909,94.36009216308594,3003300
2023-02-13 00:00:00-05:00,94.02618152193945,95.17734103817901,92.92774482191679,95.13340759277344,2608800
2023-02-14 00:00:00-05:00,94.46553510150594,95.6430557628352,94.11403409514715,94.86096954345703,2267500
2023-02-15 00:00:00-05:00,94.02618123449396,94.60615902840917,92.48836985916346,93.71862030029297,2626400
2023-02-16 00:00:00-05:00,93.56044368083977,94.28980724502732,92.1105059231113,92.19837951660156,2876500
2023-02-17 00:00:00-05:00,90.5562671906702,91.04446778809739,88.03539407111569,88.35494232177734,3537600
2023-02-21 00:00:00-05:00,87.81345650828703,89.37569112435506,87.4228961612459,88.45255279541016,2569200
2023-02-22 00:00:00-05:00,88.15965468137311,89.48222513595951,87.45842423307612,88.29280090332031,2087700
2023-02-23 00:00:00-05:00,89.69524497728169,90.09467679611042,87.98211439884616,89.07389831542969,2738000
2023-02-24 00:00:00-05:00,87.96435539337622,90.54736851417522,87.07672313557808,90.53849029541016,3005800
2023-02-27 00:00:00-05:00,90.92019248672284,92.60669550286359,90.54738848154068,92.00310516357422,2699500
2023-02-28 00:00:00-05:00,92.87296686206294,93.09487494124677,90.42310654378336,91.03556823730469,4104500
2023-03-01 00:00:00-05:00,91.42614509039845,95.37610690245495,91.08884718724364,95.18970489501953,4581100
2023-03-02 00:00:00-05:00,94.53283278754908,95.28731883096468,92.62442213272385,93.92036437988281,4644000
2023-03-03 00:00:00-05:00,93.16588530643384,94.65710783989455,92.44690531119106,94.10677337646484,3755700
2023-03-06 00:00:00-05:00,93.2724070893819,93.2724070893819,91.257477902989,92.29601287841797,4000200
2023-03-07 00:00:00-05:00,92.0830002356805,92.2871587049966,89.86391882706597,90.35211944580078,3119900
2023-03-08 00:00:00-05:00,90.3876017277866,91.12433818648934,87.30751646124389,88.15076446533203,3876200
2023-03-09 00:00:00-05:00,89.04728813788265,92.37590986368882,88.80763035334783,89.775146484375,5194700
2023-03-10 00:00:00-05:00,90.01478265241698,92.24273454900109,89.28691776337823,89.84613037109375,4367100
2023-03-13 00:00:00-04:00,87.12999191114706,87.27200956106735,84.39608273618538,84.78663635253906,6037700
2023-03-14 00:00:00-04:00,85.55000570162377,89.118291634703,84.99079974439385,86.94358825683594,3521200
2023-03-15 00:00:00-04:00,83.95227607201355,84.32508006383436,82.1947608972758,83.12677764892578,6810300
2023-03-16 00:00:00-04:00,81.20060636728614,84.60023295392448,81.09408805256571,84.36945343017578,5801500
2023-03-17 00:00:00-04:00,84.56471647249488,85.61212273638404,82.97586079848234,84.07652282714844,10256800
2023-03-20 00:00:00-04:00,84.51147966192772,85.98495269079116,84.13867568068436,84.81327819824219,4692800
2023-03-21 00:00:00-04:00,86.52640899444842,87.26313873678238,84.44046744490106,84.81327819824219,7228900
2023-03-22 00:00:00-04:00,84.99079964657751,86.40213186790864,84.03215505920305,84.04991149902344,3012600
2023-03-23 00:00:00-04:00,84.5381012817076,85.71865390687024,82.28351434902387,83.02912902832031,2856300
2023-03-24 00:00:00-04:00,81.34262180305369,83.38417876105316,80.47274595882901,83.1977767944336,3718400
2023-03-27 00:00:00-04:00,84.51147371466165,85.9849466398334,83.20665310003533,85.41686248779297,3475300
2023-03-28 00:00:00-04:00,85.34585014272206,88.64784350387058,85.221582157913,87.6803207397461,3350700
2023-03-29 00:00:00-04:00,88.54132049848218,89.73074451071243,88.09750435563265,89.01176452636719,3053600
2023-03-30 00:00:00-04:00,89.89941837896694,90.03256460818301,88.4792077355588,88.7543716430664,2336700
2023-03-31 00:00:00-04:00,88.64784681260099,90.05030080380567,88.01762864551905,89.98816680908203,3920500
2023-04-03 00:00:00-04:00,93.19251488091825,93.19251488091825,90.68939202282378,91.34624481201172,4212300
2023-04-04 00:00:00-04:00,90.85806099563767,91.35513301627786,86.553044831483,87.23651885986328,4202300
2023-04-05 00:00:00-04:00,87.34301327689157,92.88183652700766,87.12998343668231,92.6954345703125,6353400
2023-04-06 00:00:00-04:00,93.03274012556355,93.50318416572897,90.94680555413915,91.28410339355469,3808300
2023-04-10 00:00:00-04:00,91.43500563928622,93.60970207781747,91.42612742004854,93.16588592529297,2887700
2023-04-11 00:00:00-04:00,93.91151110522222,95.26958760057566,93.35229835624294,94.49734497070312,2484100
2023-04-12 00:00:00-04:00,94.68373046040622,95.39383896908146,93.96475050514262,94.11564636230469,3192500
2023-04-13 00:00:00-04:00,93.72510686947957,94.39970942568473,92.97062064361629,94.32869720458984,2765300
2023-04-14 00:00:00-04:00,94.2576902193292,94.88790843405387,93.43219178582545,94.31982421875,2111500
2023-04-17 00:00:00-04:00,93.98251843973054,94.2665605439964,91.83444960296377,92.24275970458984,3326700
2023-04-18 00:00:00-04:00,91.98533795402511,93.05937228442366,91.55927821857807,92.58892822265625,2932200
2023-04-19 00:00:00-04:00,92.58894122764644,92.668831671825,89.46447789781735,91.47940063476562,3676700
2023-04-20 00:00:00-04:00,90.28109759862569,91.21311439980443,89.29582501638474,89.87278747558594,3784400
2023-04-21 00:00:00-04:00,89.80175183654883,90.49410389821695,88.30165796030008,88.89636993408203,3111000
2023-04-24 00:00:00-04:00,88.38155125196414,89.96153572342173,88.28391115342711,89.37570190429688,2897800
2023-04-25 00:00:00-04:00,88.38156846614322,89.01178673356861,87.92000254214807,88.15966033935547,2738500
2023-04-26 00:00:00-04:00,88.34605886089656,89.12717977045496,87.27202438235211,88.11527252197266,2716000
2023-04-27 00:00:00-04:00,87.97325342404217,88.29280165058067,85.50563627518234,86.75719451904297,3132800
2023-04-28 00:00:00-04:00,86.11808768800175,88.40818077818587,85.93168570700036,87.87560272216797,2710500
2023-05-01 00:00:00-04:00,87.1655022869022,88.39931082806797,86.61517451211053,87.34303283691406,2546600
2023-05-02 00:00:00-04:00,86.8992117326508,87.15662593661699,82.64745180139103,84.08541870117188,4207200
2023-05-03 00:00:00-04:00,83.39306250527132,87.07673837420457,82.58532053080862,85.16832733154297,6286000
2023-05-04 00:00:00-04:00,84.99967544305659,85.159449536397,81.53790793541249,81.93733978271484,4619500
2023-05-05 00:00:00-04:00,83.62383488739431,84.20079721416299,82.7628305066606,82.94036102294922,2720800
2023-05-08 00:00:00-04:00,84.16530379694917,84.59137032816513,83.2510435095729,83.40193939208984,3352800
2023-05-09 00:00:00-04:00,82.81609513735094,84.43158562980996,82.62968639751993,83.41968536376953,3274100
2023-05-10 00:00:00-04:00,83.73922725498758,84.25405561013233,82.59418755668204,83.64159393310547,3323800
2023-05-11 00:00:00-04:00,82.35452696449532,83.33979939819362,81.97284478953023,82.90486145019531,3428400
2023-05-12 00:00:00-04:00,83.69487614055544,84.10318631157982,82.29241504958098,82.74510955810547,2777000
2023-05-15 00:00:00-04:00,82.77170893495857,84.13866343940467,82.14149083775688,83.6327133178711,3344000
2023-05-16 00:00:00-04:00,83.57058807885778,83.9522702646807,81.1473487554523,81.56453704833984,4389600
2023-05-17 00:00:00-04:00,82.74509684937873,84.30733183447289,81.93734808121194,84.13867950439453,3408600
2023-05-18 00:00:00-04:00,83.78362553405762,85.68315841534589,83.20666309319571,85.46125030517578,4405000
2023-05-19 00:00:00-04:00,85.71252516127313,86.08046353928687,84.76125598197886,85.20099639892578,3206500
2023-05-22 00:00:00-04:00,85.30866801894727,86.55608017467522,85.20995135798188,85.75737762451172,2398100
2023-05-23 00:00:00-04:00,86.53813220416328,87.73170136234373,85.62276764887824,85.82917022705078,3113600
2023-05-24 00:00:00-04:00,86.26891745986265,86.95095806563677,85.65867204348919,86.6548080444336,2780400
2023-05-25 00:00:00-04:00,85.61381650769532,85.69458097137766,83.77410390490465,85.38048553466797,3091700
2023-05-26 00:00:00-04:00,86.03559400454421,86.16123216354703,84.67151278284751,85.174072265625,2440600
2023-05-30 00:00:00-04:00,83.92665235659628,84.17793551916475,82.72411374618032,83.98947143554688,2943500
2023-05-31 00:00:00-04:00,82.55360233011551,83.21769756463479,81.9343876476126,82.21258544921875,4851700
2023-06-01 00:00:00-04:00,83.35230107108724,84.73432759732145,83.0741032825504,83.50486755371094,3100900
2023-06-02 00:00:00-04:00,85.03047663233504,87.20222964293977,84.57279088323546,87.07659149169922,4658500
2023-06-05 00:00:00-04:00,88.00094048345308,88.00094048345308,85.34457999243727,86.17020416259766,2996100
2023-06-06 00:00:00-04:00,84.94970819782483,87.2022255513521,84.8240632057139,86.88813018798828,2888000
2023-06-07 00:00:00-04:00,87.3189044668228,90.81883441325006,87.16633797557463,90.6842269897461,3871100
2023-06-08 00:00:00-04:00,90.63936211981736,91.0880718332818,88.62016840922738,88.97016143798828,3653600
2023-06-09 00:00:00-04:00,89.2214283305468,89.3829640841527,87.43556577723493,88.62913513183594,3247700
2023-06-12 00:00:00-04:00,87.1573599919216,88.68296997763926,86.72659573950745,86.85223388671875,2883900
2023-06-13 00:00:00-04:00,88.0278549751797,89.06886463927525,86.86121400484062,86.94197845458984,2733400
2023-06-14 00:00:00-04:00,87.80349511871411,88.19836177511519,85.120213509322,85.88301849365234,2297500
2023-06-15 00:00:00-04:00,85.86508072262248,87.27402877969395,85.57790681439027,87.06761932373047,2123000
2023-06-16 00:00:00-04:00,87.52529749599756,87.80349526979586,86.75351640084864,87.16632843017578,4964900
2023-06-20 00:00:00-04:00,86.76250934887517,86.85224992105574,83.881793847248,83.8907699584961,3273300
2023-06-21 00:00:00-04:00,83.45999687888401,85.21893792697759,83.1459014857898,83.71127319335938,2902800
2023-06-22 00:00:00-04:00,82.97539514237856,83.61256208125147,81.38696585064841,81.4946517944336,3515500
2023-06-23 00:00:00-04:00,80.76774665506555,82.01515908344133,80.53441569207845,81.5395278930664,4192000
2023-06-26 00:00:00-04:00,81.72797709453668,82.86769661690941,81.54849596947147,82.1318130493164,2846000
2023-06-27 00:00:00-04:00,82.19463038269609,83.48691636538044,81.82669203009429,83.07410430908203,3763800
2023-06-28 00:00:00-04:00,83.16384301038008,84.36638840555128,82.36514039915178,83.81896209716797,2574100
2023-06-29 00:00:00-04:00,84.07921702835803,84.95868411465842,83.8189646078258,84.83304595947266,2254400
2023-06-30 00:00:00-04:00,85.3176502988899,86.04455772151418,84.59971213935466,85.5958480834961,2574200
2023-07-03 00:00:00-04:00,85.83814608347323,86.72658915610177,85.6137912880887,85.84712219238281,1348800
2023-07-05 00:00:00-04:00,85.83817102969573,86.43046430132489,84.84203490095092,86.26892852783203,3854700
2023-07-06 00:00:00-04:00,85.61380767822266,86.33173905283682,84.82407426535087,85.61380767822266,4692900
2023-07-07 00:00:00-04:00,85.93686914537773,90.01115335479668,85.72148359608681,89.23937225341797,5340900
2023-07-10 00:00:00-04:00,89.311171600862,90.88165547921328,89.25732863028377,90.0380859375,3785200
2023-07-11 00:00:00-04:00,89.61630536400723,91.25858457396238,89.56246238885032,91.10601806640625,3060700
2023-07-12 00:00:00-04:00,91.81496513231392,92.5777770042607,91.11497918340042,91.50086975097656,2374100
2023-07-13 00:00:00-04:00,91.79703666057694,93.26880401562082,91.18679115872213,92.05728912353516,2886300
2023-07-14 00:00:00-04:00,91.59062434971324,91.7342147442008,88.53042766994074,90.15475463867188,2865000
2023-07-17 00:00:00-04:00,89.74192325294455,90.5047282312415,88.85348012983471,88.88040161132812,3078300
2023-07-18 00:00:00-04:00,88.87144361810732,91.57267797575444,88.74580544768344,90.78295135498047,2367000
2023-07-19 00:00:00-04:00,90.78295145697568,92.89188571633663,90.75602312319735,91.94959259033203,3052100
2023-07-20 00:00:00-04:00,92.59573798460657,93.82520508080252,92.54189500923508,93.37649536132812,2520300
2023-07-21 00:00:00-04:00,93.7085236799358,95.09055025329707,93.3944282875278,94.88414764404297,2711700
2023-07-24 00:00:00-04:00,95.1264466663901,97.0648756584925,94.94696554346179,95.88925170898438,3691800
2023-07-25 00:00:00-04:00,95.58414827949704,97.33411348189136,94.73159568731059,96.66104888916016,2744600
2023-07-26 00:00:00-04:00,95.9789961564619,98.66228492621356,95.87131021705129,98.34818267822266,2687600
2023-07-27 00:00:00-04:00,98.69817654854806,99.47892694909015,97.63922151224384,97.71998596191406,2925800
2023-07-28 00:00:00-04:00,98.24946204044606,99.32636239667448,97.89049297278142,99.03021240234375,2141100
2023-07-31 00:00:00-04:00,99.36225710362193,100.12506207103655,99.25456433241922,100.10711669921875,3800800
2023-08-01 00:00:00-04:00,99.78406361415803,100.91480710964325,99.29945632462154,100.60968780517578,2694200
2023-08-02 00:00:00-04:00,99.75713567286064,101.62376266942401,97.01102787651972,97.80973052978516,4886000
2023-08-03 00:00:00-04:00,98.30331861100171,99.39817133787977,96.3918178177456,99.08407592773438,3510700
2023-08-04 00:00:00-04:00,100.13405631341391,101.56992595564246,99.11996802955365,99.14689636230469,2650300
2023-08-07 00:00:00-04:00,99.6853513110195,101.24685919246606,99.64945371242953,100.0084228515625,2982000
2023-08-08 00:00:00-04:00,98.64432897660082,101.80324878405926,97.79178337024868,101.12120819091797,2865000
2023-08-09 00:00:00-04:00,101.67761111885163,103.91218329590156,101.41735869591365,102.6827163696289,3864800
2023-08-10 00:00:00-04:00,103.17627956698999,104.27113201269621,102.53911279953704,102.90705108642578,2587700
2023-08-11 00:00:00-04:00,103.23912579075491,105.25831938585725,103.23912579075491,104.67499542236328,2559000
2023-08-14 00:00:00-04:00,104.52240827628164,104.96214173755614,102.5750103867299,102.90705108642578,3043900
2023-08-15 00:00:00-04:00,101.17505185692006,102.79040936583426,100.94172776422826,101.79427337646484,5087600
2023-08-16 00:00:00-04:00,102.30579963998309,103.46347135225797,101.60581368529733,101.65068054199219,3904400
2023-08-17 00:00:00-04:00,103.01847558945138,104.8753945830649,102.79202154797446,102.89165496826172,4704400
2023-08-18 00:00:00-04:00,102.00395282974706,103.9695721323491,102.00395282974706,103.48043060302734,4896500
2023-08-21 00:00:00-04:00,104.07828196453912,104.52212996410542,101.6506942907103,102.6561508178711,2662600
2023-08-22 00:00:00-04:00,102.99130232011174,103.46233062855713,102.01302604647401,102.30288696289062,2217200
2023-08-23 00:00:00-04:00,101.38799157908663,101.8499597033828,99.78470019828664,101.6869125366211,2027400
2023-08-24 00:00:00-04:00,101.10721203021505,102.55651664399707,101.04380516932551,101.8046875,1713600
2023-08-25 00:00:00-04:00,102.16699482372185,103.67970599401472,101.22494528660974,103.16339111328125,2262100
2023-08-28 00:00:00-04:00,102.59273610494839,103.96957357220317,102.01301433864863,102.4749755859375,1702200
2023-08-29 00:00:00-04:00,102.52027162127013,102.82824579353375,101.47858167180837,102.07642364501953,1933200
2023-08-30 00:00:00-04:00,102.22135866664615,103.26304869795808,102.13077842714713,102.94601440429688,2113400
2023-08-31 00:00:00-04:00,102.99129273568923,103.81558874334453,101.51481490991094,103.40797424316406,3086400
2023-09-01 00:00:00-04:00,105.19241852927719,106.26128177652119,104.25942907574259,106.13446807861328,2787700
2023-09-05 00:00:00-04:00,106.61454718536274,107.58377009029047,105.71779122362148,105.74496459960938,2327000
2023-09-06 00:00:00-04:00,105.862729169678,106.87723876988122,104.72139895862107,105.65438842773438,1764200
2023-09-07 00:00:00-04:00,106.2069344610917,107.78305249162312,105.77213970568914,107.56565856933594,3348800
2023-09-08 00:00:00-04:00,108.58017662322153,111.92263327832015,108.18161533425967,110.71790313720703,4711200
2023-09-11 00:00:00-04:00,111.32481243085651,112.37555562987369,109.85738769805258,110.81755065917969,3105400
2023-09-12 00:00:00-04:00,111.3066851197008,113.07303074434597,111.05305770549421,112.5748291015625,4229600
2023-09-13 00:00:00-04:00,113.00055753983273,113.3991188319994,110.86283100865779,111.56936645507812,2779400
2023-09-14 00:00:00-04:00,112.23968351174399,112.32120364880738,111.14363987848029,111.38821411132812,2526300
2023-09-15 00:00:00-04:00,110.48239743598309,110.93530551309324,109.00591268167356,109.63092803955078,9312900
2023-09-18 00:00:00-04:00,110.98965750611252,112.23968828082924,109.60375983051716,110.91719055175781,2237500
2023-09-19 00:00:00-04:00,111.7777123810592,111.85017933041912,107.85552686001941,108.897216796875,2970100
2023-09-20 00:00:00-04:00,108.44431063917165,110.32840989073375,108.29032355219184,108.76134490966797,2491400
2023-09-21 00:00:00-04:00,110.89001304932643,112.17627034257568,108.41713879365432,108.64359283447266,2730800
2023-09-22 00:00:00-04:00,109.15084750102912,110.23782413089869,107.35732845983256,107.41168212890625,2426300
2023-09-25 00:00:00-04:00,107.33922551686673,109.27767173704758,107.30299203760369,108.93346405029297,2499100
2023-09-26 00:00:00-04:00,107.97328098922335,108.95156407780412,107.42979268806583,108.17256164550781,2350800
2023-09-27 00:00:00-04:00,109.11460347481585,110.09288649360427,108.45336161067739,109.4225845336914,2793800
2023-09-28 00:00:00-04:00,109.14178212081929,111.84111719317515,109.05120189118662,111.75959014892578,3294300
2023-09-29 00:00:00-04:00,111.81393694385295,111.81393694385295,108.22690616637773,108.83380126953125,2841900
2023-10-02 00:00:00-04:00,108.77945706433991,108.96968453549465,107.0584119249629,107.81023406982422,2445800
2023-10-03 00:00:00-04:00,106.8863117257324,107.37545330360729,103.38080053971031,104.7395248413086,2988400
2023-10-04 00:00:00-04:00,102.50215238420391,102.62896608433677,98.42597996637492,100.0836181640625,4464100
2023-10-05 00:00:00-04:00,98.5346715491399,100.69957141588337,98.36256428339628,99.16874694824219,3206000
2023-10-06 00:00:00-04:00,100.10174392720742,100.38254472015427,98.00930393690257,98.90606689453125,2625500
2023-10-09 00:00:00-04:00,100.59993552674764,101.14343072444457,99.04193070311732,100.73580932617188,2769800
2023-10-10 00:00:00-04:00,100.41878974710752,102.34817586631456,99.94776142835993,101.8046875,2662300
2023-10-11 00:00:00-04:00,100.92603183657361,101.89525482203092,99.78470848528428,101.56916046142578,2035900
2023-10-12 00:00:00-04:00,102.28474916089809,102.35721610523508,99.54012756929554,100.31912994384766,1976800
2023-10-13 00:00:00-04:00,101.86807653496963,102.12170393414547,100.07456454889574,100.18325805664062,3393200
2023-10-16 00:00:00-04:00,100.99850118365505,102.04925123962454,100.6089999609531,101.25212860107422,2750200
2023-10-17 00:00:00-04:00,101.16153806654903,103.24491777319105,101.16153806654903,103.18151092529297,2471900
2023-10-18 00:00:00-04:00,103.43514556598359,105.77214591717498,103.24492500895805,105.3011245727539,3249700
2023-10-19 00:00:00-04:00,105.21054795187243,105.40076851542392,103.83370352402994,104.3409652709961,2091400
2023-10-20 00:00:00-04:00,104.48589965946756,105.10185496588176,102.49310673856657,102.84637451171875,2667200
2023-10-23 00:00:00-04:00,102.63801115701563,102.89163853723475,101.46950766029646,102.40250396728516,2463500
2023-10-24 00:00:00-04:00,102.83730492527889,102.99129200996612,101.35176701350272,101.38800048828125,2331600
2023-10-25 00:00:00-04:00,101.56916541479585,102.25758764418316,100.06551415496689,100.3100814819336,2581100
2023-10-26 00:00:00-04:00,99.51294514786974,100.12890029709187,97.90964697657606,99.73033905029297,3517900
2023-10-27 00:00:00-04:00,100.67240592515196,101.5057551209689,97.69226997516976,100.48218536376953,5214900
2023-10-30 00:00:00-04:00,101.65068730203845,102.81919094004608,99.51296068052768,101.84996795654297,3194600
2023-10-31 00:00:00-04:00,103.65254089558523,104.37719656995185,101.83184852408989,103.32644653320312,3618600
2023-11-01 00:00:00-04:00,104.03297892270515,106.06200507546518,103.0275224870491,105.15618896484375,3343100
2023-11-02 00:00:00-04:00,105.21960397795546,107.35732366647551,105.07467008133521,106.99500274658203,2566900
2023-11-03 00:00:00-04:00,106.66891839966263,107.19428654713934,104.41343106995146,105.79027557373047,2525000
2023-11-06 00:00:00-05:00,106.19787985512107,106.98594236653891,105.38264396586617,105.84461212158203,2484500
2023-11-07 00:00:00-05:00,104.46777362681242,104.59458732934846,102.54744098567899,103.13622283935547,2180700
2023-11-08 00:00:00-05:00,102.40250611127519,103.16338826786313,101.10718889732655,101.27928924560547,2898600
2023-11-09 00:00:00-05:00,101.27930495908303,102.29382156943039,100.12892145028518,100.21044158935547,1802200
2023-11-10 00:00:00-05:00,101.45140565403764,102.8916499706785,101.21589152730877,102.75578308105469,2429400
2023-11-13 00:00:00-05:00,102.81013625369933,103.84276614426223,102.58368220908764,103.39891815185547,1487900
2023-11-14 00:00:00-05:00,103.54385249811378,104.65800951747015,103.4079855903638,104.18698120117188,2407900
2023-11-15 00:00:00-05:00,103.77029215078281,105.90801873974289,103.48949136598138,104.61270141601562,3203500
2023-11-16 00:00:00-05:00,103.69857755302611,104.88693856521974,102.29082102152366,103.78084564208984,4559600
2023-11-17 00:00:00-05:00,104.36587718396278,107.30022399646742,104.36587718396278,106.37696075439453,3354300
2023-11-20 00:00:00-05:00,106.5689237788033,108.79938884191745,106.5689237788033,107.96753692626953,2876700
2023-11-21 00:00:00-05:00,107.4099276932782,107.99496844362614,106.43181203495567,107.3276596069336,2039400
2023-11-22 00:00:00-05:00,105.93818489330188,108.05895940289813,105.06976697216119,107.87613677978516,2212000
2023-11-24 00:00:00-05:00,108.14124495136467,109.7318242442361,107.86700401586694,108.44290161132812,1173600
2023-11-27 00:00:00-05:00,108.07725170839065,108.66229250314923,107.24539268739042,108.16866302490234,2447200
2023-11-28 00:00:00-05:00,108.36976945500768,108.99137615601352,107.62932176863077,107.86699676513672,1926400
2023-11-29 00:00:00-05:00,112.43764271561997,113.23293586994353,110.88362930518014,111.72462463378906,6873900
2023-11-30 00:00:00-05:00,112.18169051682632,118.60800358354835,111.898313318055,117.82185363769531,9147400
2023-12-01 00:00:00-05:00,117.46532904808801,119.98831475171757,116.77973374235987,118.5622787475586,4757300
2023-12-04 00:00:00-05:00,117.84013281448834,120.08887776487049,116.9168624514816,117.41049194335938,4842900
2023-12-05 00:00:00-05:00,117.55673909675932,119.36670667147037,116.5603370289909,116.73401641845703,3484500
2023-12-06 00:00:00-05:00,115.94788261183909,116.88029619636666,113.92766247767815,114.2658920288086,2952000
2023-12-07 00:00:00-05:00,115.12516552081428,115.85646299286503,113.41574538780455,113.91851806640625,3702200
2023-12-08 00:00:00-05:00,114.64982196187954,115.54566961006026,112.70273370283881,114.55841064453125,4102700
2023-12-11 00:00:00-05:00,114.30245293787974,116.42322752194815,114.04649846683918,115.5548095703125,2976800
2023-12-12 00:00:00-05:00,114.33901800469333,114.72294970838678,113.23292506353674,114.46699523925781,3484900
2023-12-13 00:00:00-05:00,114.27502011489634,116.47806259477076,112.78498861671437,116.24039459228516,3054600
2023-12-14 00:00:00-05:00,117.00827159823471,119.17474841353445,115.41769235898242,118.93708038330078,4260100
2023-12-15 00:00:00-05:00,116.9534082469166,119.0010437584912,116.75229919510541,118.71766662597656,9648400
2023-12-18 00:00:00-05:00,120.03403096418657,121.59719449063252,119.50383555604914,120.02489471435547,2987700
2023-12-19 00:00:00-05:00,120.22598746964405,122.33761861709341,120.13456918985713,122.31019592285156,2873100
2023-12-20 00:00:00-05:00,122.7581248580088,124.95203831599574,122.33763419378052,122.5570297241211,3365700
2023-12-21 00:00:00-05:00,122.80382681882034,123.7179538857137,121.83485435966891,122.75811767578125,3235100
2023-12-22 00:00:00-05:00,123.98306066550447,124.15674704293856,122.41989721706989,122.5478744506836,1402200
2023-12-26 00:00:00-05:00,123.49858376426805,124.40356071735633,122.96838834250727,124.06533813476562,1542400
2023-12-27 00:00:00-05:00,123.59911009125645,124.31212799086633,122.68498314832375,123.13289642333984,1799000
2023-12-28 00:00:00-05:00,122.58444914357759,123.12378078254278,121.38693093119261,121.4326400756836,1827500
2023-12-29 00:00:00-05:00,121.88971656980787,122.40162556614388,121.29553947373373,121.70689392089844,2023900
2024-01-02 00:00:00-05:00,122.03596343026322,123.63568579732659,121.80743166353987,122.75811767578125,2500300
2024-01-03 00:00:00-05:00,122.50216441585306,124.73263671273077,122.50216441585306,124.0927505493164,3094700
2024-01-04 00:00:00-05:00,124.6777981225954,126.20438874877492,123.306607433976,123.66311645507812,3125200
2024-01-05 00:00:00-05:00,124.64123036287005,125.6193390650612,123.09635339782459,123.62654876708984,3126500
2024-01-08 00:00:00-05:00,122.0268249588552,122.66671110433339,120.43623886997644,122.35591125488281,3636500
2024-01-09 00:00:00-05:00,122.30106311587551,122.30106311587551,120.50938174444866,121.77088165283203,2172600
2024-01-10 00:00:00-05:00,122.08166545408793,122.08166545408793,117.85838916636071,118.29718017578125,3619900
2024-01-11 00:00:00-05:00,118.78167602887271,119.67751666940768,118.11436716030389,119.09247589111328,3540000
2024-01-12 00:00:00-05:00,121.13098142306681,121.53319959351082,120.28998613417167,121.46006774902344,2909900
2024-01-16 00:00:00-05:00,121.57891087344575,122.06339714676281,118.00467037156272,118.35204315185547,3169400
2024-01-17 00:00:00-05:00,117.13623257450952,119.03761839781482,116.52376916171187,117.25507354736328,2437000
2024-01-18 00:00:00-05:00,117.43790846621121,117.43790846621121,115.7559109926043,116.70660400390625,2337300
2024-01-19 00:00:00-05:00,116.98997935246939,118.03207662544828,116.14897719175097,118.00465393066406,2880300
2024-01-22 00:00:00-05:00,117.83098077666945,118.79081704715428,117.00827194395272,118.52572631835938,2307900
2024-01-23 00:00:00-05:00,118.36117982544634,120.13458873343144,118.03209349253702,119.85121154785156,2309600
2024-01-24 00:00:00-05:00,120.63733975392428,122.2187755380078,120.31738972865189,122.19135284423828,2649200
2024-01-25 00:00:00-05:00,123.76366761742467,125.85701254089577,123.1877630804185,125.82958984375,3167700
2024-01-26 00:00:00-05:00,125.8295658871773,128.23372416802925,125.39078886791089,128.1788787841797,3389100
2024-01-29 00:00:00-05:00,127.6669788798147,127.77666965519748,125.87528384056085,127.14591979980469,3099600
2024-01-30 00:00:00-05:00,125.96670580058617,130.33623182833736,125.32681967803353,130.1808319091797,3664500
2024-01-31 00:00:00-05:00,132.08222896329522,134.99828267930366,130.583061085601,131.9176788330078,8307900
2024-02-01 00:00:00-05:00,132.85011464441644,135.94900545763502,130.1534420521306,133.0512237548828,5090500
2024-02-02 00:00:00-05:00,133.38027597930062,135.02570739442837,131.60686734013356,132.97805786132812,3702200
2024-02-05 00:00:00-05:00,131.96339397819264,135.53763442940885,131.36006672049143,134.59608459472656,2899800
2024-02-06 00:00:00-05:00,135.29078622657715,136.68026307177308,133.32541889794396,133.38026428222656,3323300
2024-02-07 00:00:00-05:00,133.72765646150805,134.8428927156085,133.2523203799207,133.94705200195312,2607800
2024-02-08 00:00:00-05:00,134.0841517641632,135.2268106002301,133.17002469530973,134.21214294433594,4018700
2024-02-09 00:00:00-05:00,134.22127562553698,135.089693528168,132.86837150517061,133.15174865722656,2889100
2024-02-12 00:00:00-05:00,133.70937228253672,133.72764478128934,131.85369542066624,132.045654296875,3753800
2024-02-13 00:00:00-05:00,132.19192941977585,133.85563360096933,131.18638396245254,132.6947021484375,3226300
2024-02-14 00:00:00-05:00,133.65451395707535,133.94702734200956,130.7750055563109,132.74038696289062,3086700
2024-02-15 00:00:00-05:00,132.09136800985436,134.7240585624202,131.8902589288404,133.80078125,2810900
2024-02-16 00:00:00-05:00,133.80999336418873,133.90205814159714,131.8580458723505,132.4104766845703,2690100
2024-02-20 00:00:00-05:00,132.2631657835056,132.2631657835056,129.35366290971163,129.95213317871094,3483200
2024-02-21 00:00:00-05:00,130.24675503285192,132.54858503517025,130.24675503285192,132.17108154296875,2403100
2024-02-22 00:00:00-05:00,132.10662841326038,135.04376585201877,131.37925628747428,134.9977264404297,2633700
2024-02-23 00:00:00-05:00,134.39006203168273,135.95530377475694,133.763956904899,135.4488983154297,2189700
2024-02-26 00:00:00-05:00,135.35680233871196,138.18345624041896,135.16345649189944,136.5537567138672,2584700
2024-02-27 00:00:00-05:00,136.85760171044927,137.34558853863737,133.46931474874657,133.81918334960938,2106200
2024-02-28 00:00:00-05:00,133.27596927175586,133.5890148087591,129.70352428705132,130.04420471191406,2594700
2024-02-29 00:00:00-05:00,130.04419667540898,132.06980432689235,129.77717651974072,131.21351623535156,3370200
2024-03-01 00:00:00-05:00,131.8764505351764,133.3312088926013,131.86724827220291,132.76956176757812,2063600
2024-03-04 00:00:00-05:00,131.95013627540067,134.4177060068224,131.71075094854075,132.8248291015625,3479200
2024-03-05 00:00:00-05:00,132.8248089176884,135.46731962264204,132.4196985913145,134.5189666748047,2886800
2024-03-06 00:00:00-05:00,135.45811208712132,136.3972628324588,133.6258640639649,135.1358642578125,3210200
2024-03-07 00:00:00-05:00,135.96449585039989,138.48730664558363,135.6422480726146,137.38243103027344,2947200
2024-03-08 00:00:00-05:00,137.0786073080634,138.81879051365925,136.5722018145286,137.50213623046875,2398500
2024-03-11 00:00:00-04:00,136.13943065351782,137.6494305335207,134.62022851147864,137.64022827148438,3230900
2024-03-12 00:00:00-04:00,137.64943760548323,139.41724140587706,136.66424759603535,138.45046997070312,2367700
2024-03-13 00:00:00-04:00,140.0157128313329,143.10935866182757,139.9512548519037,142.2254638671875,4028600
2024-03-14 00:00:00-04:00,143.4869156852363,144.41686428307432,141.28636608969663,142.1426544189453,3637300
2024-03-15 00:00:00-04:00,141.99529248592867,147.0777371428312,141.99529248592867,146.42401123046875,11726000
2024-03-18 00:00:00-04:00,146.77388674934784,146.9488280715761,143.91961202187136,144.3339385986328,3470600
2024-03-19 00:00:00-04:00,144.41682866489558,145.67822708639156,143.89200464910877,144.5457305908203,2877200
2024-03-20 00:00:00-04:00,143.7999246667715,146.5068791386672,143.19225219187632,146.1754150390625,2388900
2024-03-21 00:00:00-04:00,146.39641725401844,146.80154166285428,144.55495288604337,146.47007751464844,2488000
2024-03-22 00:00:00-04:00,146.7923114047464,147.13299183395395,145.5677500797191,146.81072998046875,2078500
2024-03-25 00:00:00-04:00,147.31710885067267,148.62454650581188,144.03008911579997,144.05772399902344,2306200
2024-03-26 00:00:00-04:00,144.20506529419436,145.19945770525632,143.53293475635667,144.18666076660156,2351200
2024-03-27 00:00:00-04:00,143.54213644503102,146.39641172734267,143.54213644503102,146.35958862304688,2211300
2024-03-28 00:00:00-04:00,146.70945131375885,150.8067064011764,146.24908525788595,150.3923797607422,3177300
2024-04-01 00:00:00-04:00,150.24505925104114,150.86196212925708,148.21024915166683,150.3923797607422,2214100
2024-04-02 00:00:00-04:00,151.30386055962643,156.2481859010947,151.06447534590862,156.05484008789062,2999400
2024-04-03 00:00:00-04:00,156.70859163141216,159.7930496093886,155.69579480899526,159.01963806152344,3210500
2024-04-04 00:00:00-04:00,159.45237339153684,159.97719741591126,156.52445214794196,157.15054321289062,2781100
2024-04-05 00:00:00-04:00,159.17616008518817,160.2810357269063,157.11371525119318,157.21499633789062,2182800
2024-04-08 00:00:00-04:00,156.5520254315125,157.8226397999223,155.1248883444113,155.18934631347656,2624200
2024-04-09 00:00:00-04:00,155.46558346295498,155.9811910675602,150.75142668673556,152.2982635498047,2358100
2024-04-10 00:00:00-04:00,152.344337671005,153.52287362132017,150.60415458426962,152.068115234375,1802400
2024-04-11 00:00:00-04:00,152.41794914063934,152.7954525830301,150.22661682106724,152.2982635498047,1997100
2024-04-12 00:00:00-04:00,153.16378275912803,153.27426610981468,149.04810935497574,149.60975646972656,2002400
2024-04-15 00:00:00-04:00,150.81590574642303,151.92078134636367,147.23425879665172,148.07212829589844,1589900
2024-04-16 00:00:00-04:00,148.0629113688966,148.35755235392574,145.10736950257098,145.36517333984375,1864200
2024-04-17 00:00:00-04:00,146.06491202869955,147.18820610120656,143.89198412360042,144.78509521484375,1946700
2024-04-18 00:00:00-04:00,144.90482668722348,145.39281359074172,140.61421160227292,141.15744018554688,2347100
2024-04-19 00:00:00-04:00,141.47970063414596,144.74830246313869,141.31396154727997,142.44647216796875,2760800
2024-04-22 00:00:00-04:00,142.18862494281407,145.7794878927136,140.95484753072103,144.6009521484375,1625500
2024-04-23 00:00:00-04:00,143.82755357911896,146.62657271009127,142.6029783189262,146.2490692138672,1756400
2024-04-24 00:00:00-04:00,145.4388549423016,145.82556075499454,143.9012199059349,145.28231811523438,1945000
2024-04-25 00:00:00-04:00,145.0705363677518,145.57694179399417,143.2843139820546,144.77590942382812,2617500
2024-04-26 00:00:00-04:00,140.41162978496203,143.48687128843108,137.69547319897285,139.4080352783203,4206700
2024-04-29 00:00:00-04:00,138.75431368870267,140.12620946695793,138.16504575326695,139.52772521972656,2822000
2024-04-30 00:00:00-04:00,138.94768169832216,138.94768169832216,131.68310614210216,131.85804748535156,3763900
2024-05-01 00:00:00-04:00,131.70151522867815,132.87084894568565,127.65029955220128,129.09585571289062,2537100
2024-05-02 00:00:00-04:00,130.3296374961655,133.18389870650904,130.1915192453256,132.46572875976562,2310300
2024-05-03 00:00:00-04:00,132.6406602413278,133.20230736805175,130.79919609459435,132.22633361816406,1806100
2024-05-06 00:00:00-04:00,133.183892971593,134.80439046308757,132.46572305577405,133.61663818359375,2239100
2024-05-07 00:00:00-04:00,133.94808092066594,134.91485228356322,133.0457675382807,133.69949340820312,2212400
2024-05-08 00:00:00-04:00,133.3219925376352,136.09339071941054,132.64064581969237,135.2923583984375,2919000
2024-05-09 00:00:00-04:00,135.31997958272837,137.40082878992723,135.31997958272837,136.01052856445312,2187000
2024-05-10 00:00:00-04:00,136.6182277565693,137.28115596467063,133.89285467334653,134.05859375,1808800
2024-05-13 00:00:00-04:00,134.316407237338,134.99774002007138,133.27597543764105,133.57981872558594,1748000
2024-05-14 00:00:00-04:00,132.58539896701637,133.74551615024617,131.6830856022821,133.36802673339844,1836000
2024-05-15 00:00:00-04:00,132.64988826756888,134.87805839596973,130.98335126623192,134.62025451660156,1870400
2024-05-16 00:00:00-04:00,134.4268767682043,135.18188377862745,133.64424892074186,134.2887725830078,1630500
2024-05-17 00:00:00-04:00,135.03122319817285,136.9801331148831,134.66000900494888,136.49754333496094,1886300
2024-05-20 00:00:00-04:00,136.3582991728671,136.7852081515495,133.02660503910516,134.02890014648438,1969300
2024-05-21 00:00:00-04:00,133.9546653007181,135.0126411948417,133.56488619876856,133.76905822753906,1804300
2024-05-22 00:00:00-04:00,132.98022492117582,134.05676588791772,131.50462941176488,132.6182861328125,2441800
2024-05-23 00:00:00-04:00,133.63913323984255,133.9175509329413,131.4303708117477,131.95936584472656,1696800
2024-05-24 00:00:00-04:00,132.85958227398595,133.89899327993734,131.84801162277165,132.4141082763672,1250600
2024-05-28 00:00:00-04:00,132.60900852502738,133.82475125130182,131.72736422559208,132.4883575439453,1590100
2024-05-29 00:00:00-04:00,132.49763024784687,132.49763024784687,127.88522312894415,128.24716186523438,2220900
2024-05-30 00:00:00-04:00,127.78313795738666,128.8132734691185,127.13350613938269,128.43276977539062,1950100
2024-05-31 00:00:00-04:00,128.6647836410444,132.19137461509365,128.0708325204296,131.88511657714844,3669900
2024-06-03 00:00:00-04:00,132.04288576910395,132.07072612208324,128.033719170053,128.9339141845703,2345700
2024-06-04 00:00:00-04:00,127.3469541959753,129.15664789835827,126.44674504334425,127.13350677490234,3147000
2024-06-05 00:00:00-04:00,127.65320627829848,128.10794145151027,126.32608818450521,127.50471496582031,2190400
2024-06-06 00:00:00-04:00,127.23561744291183,128.56272169485834,126.66950656878078,128.4142303466797,1567600
2024-06-07 00:00:00-04:00,127.94092182945354,129.33299626652393,126.77158440024324,128.1358184814453,1687300
2024-06-10 00:00:00-04:00,127.97803315694745,129.09170399681324,127.04998356433458,128.1822052001953,1861500
2024-06-11 00:00:00-04:00,127.08710742649178,128.3770957323602,125.73214885499598,128.3399658203125,1692600
2024-06-12 00:00:00-04:00,129.41649917975437,129.62067120142345,125.15675539848937,126.22400665283203,2217700
2024-06-13 00:00:00-04:00,126.29825224368074,128.3121179464126,124.41431290367639,127.76457214355469,3486400
2024-06-14 00:00:00-04:00,127.60681334079686,127.96875209947244,126.37250573790003,126.92005157470703,2107800
2024-06-17 00:00:00-04:00,126.64164996223305,127.78314696295256,126.22401632895115,127.41191864013672,1790800
2024-06-18 00:00:00-04:00,127.9316300171438,128.59053723603924,125.59294129787015,126.07553100585938,2588800
2024-06-20 00:00:00-04:00,126.07553681033244,129.5742734118278,126.01984194226395,128.03372192382812,2740500
2024-06-21 00:00:00-04:00,128.75759860925774,129.16592851274353,127.31911898636922,128.15435791015625,6463600
2024-06-24 00:00:00-04:00,127.17064411730438,129.5093332318199,127.16136871860859,128.58128356933594,1919200
2024-06-25 00:00:00-04:00,128.4049357835005,130.42807699705472,127.56040729780776,130.14967346191406,1934300
2024-06-26 00:00:00-04:00,130.01047144468282,130.50233662394442,127.70891228880649,129.7227783203125,1517600
2024-06-27 00:00:00-04:00,130.4744677726676,130.483757330079,128.64620923736615,129.37008666992188,1847200
2024-06-28 00:00:00-04:00,130.57657191605068,131.9593708759186,129.20306251488458,131.01275634765625,10211500
2024-07-01 00:00:00-04:00,131.51388483588298,132.38623936432168,129.6484965054092,130.7899932861328,1422900
2024-07-02 00:00:00-04:00,131.57887137438917,132.74820877440905,129.75990208546938,130.36312866210938,2622100
2024-07-03 00:00:00-04:00,130.1403678354583,130.73431890527897,129.05455169973513,130.27029418945312,1081600
2024-07-05 00:00:00-04:00,130.07542332734792,130.39095676360188,127.59753282339173,128.44204711914062,1605500
2024-07-08 00:00:00-04:00,127.70889290796083,129.19377777984266,126.0662413195897,126.16832733154297,1647000
2024-07-09 00:00:00-04:00,123.44915383644545,125.57438105328717,122.5118147376016,123.25425720214844,2594100
2024-07-10 00:00:00-04:00,122.9665387242026,125.1753007059849,122.8737281249527,124.33077239990234,2052300
2024-07-11 00:00:00-04:00,124.26583634007709,127.43048888907077,123.22642531484804,127.06855010986328,1900200
2024-07-12 00:00:00-04:00,128.0059038417704,128.91540285388643,125.88067600193388,128.66482543945312,1810100
2024-07-15 00:00:00-04:00,129.06386325198778,130.8457167651117,128.46989792003356,129.99191284179688,1627300
2024-07-16 00:00:00-04:00,129.34227456702294,130.61371221083024,128.10796683914887,129.7227783203125,1570500
2024-07-17 00:00:00-04:00,130.22391414210978,132.75748534133257,129.81557009164507,130.6136932373047,2074700
2024-07-18 00:00:00-04:00,129.8063007449127,130.01047280193544,127.09639745096361,127.79243469238281,2405600
2024-07-19 00:00:00-04:00,128.63694541021763,129.24946149621042,126.64164459298564,128.50701904296875,1787000
2024-07-22 00:00:00-04:00,128.08940206785138,130.27031000038366,127.44904561654586,130.02902221679688,1688600
2024-07-23 00:00:00-04:00,129.4721850035075,129.83412375424942,126.70660136550731,127.20775604248047,1745900
2024-07-24 00:00:00-04:00,127.60678529656573,128.73900663352435,126.26111657471107,128.22857666015625,1857600
2024-07-25 00:00:00-04:00,128.12651485314706,132.720357158865,127.36552160811857,132.25633239746094,2014800
2024-07-26 00:00:00-04:00,132.36768430402014,132.7853036824366,130.93848036430776,131.9779052734375,1813600
2024-07-29 00:00:00-04:00,131.1241080150457,131.98720141629235,129.37938457926498,130.30743408203125,2124000
2024-07-30 00:00:00-04:00,133.332866268773,137.6946959656503,132.72035021713742,136.58103942871094,3978300
2024-07-31 00:00:00-04:00,138.30721276089056,139.31878329466267,134.96622897119863,135.01263427734375,2273900
2024-08-01 00:00:00-04:00,135.09617695152207,136.55320735072632,129.9826149755061,130.80857849121094,3315700
2024-08-02 00:00:00-04:00,129.07314072871776,129.3701092385647,123.44916238964497,124.13591003417969,4079000
2024-08-05 00:00:00-04:00,121.5280929088371,123.38419211832193,119.1244478311734,122.16844940185547,2323700
2024-08-06 00:00:00-04:00,122.50252667794221,125.34235571245789,122.42828102307054,123.50482177734375,2082800
2024-08-07 00:00:00-04:00,124.9061744203595,126.09407660577396,123.26353705889628,123.3377685546875,2146800
2024-08-08 00:00:00-04:00,123.47700999340235,126.0755518714432,123.47700999340235,125.67648315429688,2546700
2024-08-09 00:00:00-04:00,125.7971092825447,126.91076582137268,124.95258086090993,125.66718292236328,2056900
2024-08-12 00:00:00-04:00,126.59524342807647,127.68105971010607,125.8435255528954,126.10337829589844,1576600
2024-08-13 00:00:00-04:00,125.02682633260484,125.66718273573048,124.35862957811817,124.97114562988281,2463300
2024-08-14 00:00:00-04:00,125.53728082742327,128.19150340780507,125.24958770004957,127.79243469238281,2134400
2024-08-15 00:00:00-04:00,128.76688982885244,129.95479225620227,128.10796834198916,128.70191955566406,1935000
2024-08-16 00:00:00-04:00,128.05228318708103,129.88983163892675,127.72747431514637,128.92465209960938,1644500
2024-08-19 00:00:00-04:00,128.9988891548707,130.21463181569217,128.58126968403383,129.31442260742188,1833900
2024-08-20 00:00:00-04:00,129.31442420366332,129.45478438902597,123.72786036611126,123.8869400024414,3026500
2024-08-21 00:00:00-04:00,124.84143570149625,126.70361418190875,124.4109739893674,125.28125,3332300
2024-08-22 00:00:00-04:00,125.34672930724514,126.17021371447193,124.32674066204751,124.60747528076172,1813500
2024-08-23 00:00:00-04:00,125.55262792595589,126.76913535449765,124.86951781774943,126.67555236816406,1911900
2024-08-26 00:00:00-04:00,127.35865702091176,128.14470258078387,125.59004737182116,126.54452514648438,1923600
2024-08-27 00:00:00-04:00,126.31059292171183,126.83462334028931,125.47775580388164,125.74913787841797,1505300
2024-08-28 00:00:00-04:00,125.23445873594197,127.77976155276382,124.92565203992044,126.30123901367188,2070900
2024-08-29 00:00:00-04:00,126.79718336168227,127.96689907535092,125.31866098615434,127.73295593261719,1594200
2024-08-30 00:00:00-04:00,126.94692626273341,131.80358879735655,126.92820681092384,131.2982635498047,3981500
2024-09-03 00:00:00-04:00,129.20213644104768,129.791663500088,124.72913004445448,126.32930755615234,2845500
2024-09-04 00:00:00-04:00,126.3293002329823,127.55516004693833,123.11024022392598,123.79335021972656,1984300
2024-09-05 00:00:00-04:00,124.51391047310315,124.523277338305,120.4058689804753,120.61174011230469,3864500
2024-09-06 00:00:00-04:00,120.63046107983249,121.81888211724954,119.09578729764979,119.909912109375,4244600
2024-09-09 00:00:00-04:00,120.08771799250532,121.02349073682896,119.52625577378701,119.75083923339844,4074600
2024-09-10 00:00:00-04:00,119.47010391109289,119.56367975714552,117.102600023002,118.73084259033203,4468900
2024-09-11 00:00:00-04:00,118.27230390944052,119.07706895446778,115.82057701187162,116.9715805053711,4052700
2024-09-12 00:00:00-04:00,117.44882856393187,118.42203298712616,116.73763934325551,117.64533996582031,3041000
2024-09-13 00:00:00-04:00,118.5624008178711,119.68533236596865,118.01965806597218,118.5624008178711,2614600
2024-09-16 00:00:00-04:00,118.82442903146902,120.49009627415826,117.7014974280415,119.16130065917969,2908800
2024-09-17 00:00:00-04:00,119.61045734369432,120.40586265173536,119.02092315666172,120.05963134765625,3693600
2024-09-18 00:00:00-04:00,120.71466901155456,123.39097929877498,120.1812717597931,121.9405288696289,2884300
2024-09-19 00:00:00-04:00,123.52199665768637,125.05666331773759,122.28676983730553,124.03667449951172,2744600
2024-09-20 00:00:00-04:00,123.1476895149274,123.16639468768732,120.83632986962937,121.62237548828125,6418500
2024-09-23 00:00:00-04:00,121.37907954951349,122.87630725723356,120.8363296863842,122.68915557861328,3613700
2024-09-24 00:00:00-04:00,124.17703712776733,124.43905234715004,121.15449523925781,121.15449523925781,3661700
2024-09-25 00:00:00-04:00,121.35099214147824,122.96988912994009,120.5930185686907,121.51008605957031,8126500
2024-09-26 00:00:00-04:00,120.59301979873938,125.03793999543157,120.32165200622634,122.2867660522461,4192800
2024-09-27 00:00:00-04:00,122.88568112750966,123.11025744315295,121.65045427643709,122.63301849365234,2564300
2024-09-30 00:00:00-04:00,122.4551989417971,123.64363410239449,121.43521026856101,123.0073013305664,2137500
2024-10-01 00:00:00-04:00,121.80017918464674,124.71043287969525,121.80017918464674,124.44841766357422,2071900
2024-10-02 00:00:00-04:00,125.39352923861742,126.51645351037605,124.03666181529418,125.83334350585938,1925600
2024-10-03 00:00:00-04:00,125.84268168954853,130.50283901608992,124.80397364432608,130.00686645507812,2766800
2024-10-04 00:00:00-04:00,131.28890231197406,131.56963695558625,128.7529522123119,129.716796875,2468500
2024-10-07 00:00:00-04:00,129.25827614722323,130.75550376707417,128.96818892057271,129.60450744628906,1812900
2024-10-08 00:00:00-04:00,128.05113264775528,128.3505867651071,123.70914789746152,123.83080291748047,2528900
2024-10-09 00:00:00-04:00,122.78275672409684,126.61941667913274,122.5113746129999,126.06731414794922,1494300
2024-10-10 00:00:00-04:00,126.72230856701606,128.27569432345186,125.59003185303641,127.6580810546875,1416400
2024-10-11 00:00:00-04:00,127.18088615760217,128.21959454886203,127.12474207354919,127.5926284790039,1460600
2024-10-14 00:00:00-04:00,127.00307047784696,127.20894161170243,125.95500963549773,126.72233581542969,1445900
2024-10-15 00:00:00-04:00,124.95372590767828,125.96436212434183,122.84823735931872,122.96052551269531,2338300
2024-10-16 00:00:00-04:00,124.1208794311747,124.51390221712808,123.44712200418118,123.81207275390625,1461800
2024-10-17 00:00:00-04:00,124.77594197146587,125.46841898518667,123.49393780213771,124.78530883789062,2219200
2024-10-18 00:00:00-04:00,124.9630876023923,125.3186858190141,123.28806065115211,124.0834732055664,1712400
2024-10-21 00:00:00-04:00,124.70105276124113,124.87885184158966,122.63300329101958,122.88566589355469,1289000
2024-10-22 00:00:00-04:00,123.44713545753241,123.44713545753241,122.15576453526754,122.98860168457031,1946200
2024-10-23 00:00:00-04:00,122.53007074707484,122.77336649109863,119.8444078618148,120.82695770263672,1850600
2024-10-24 00:00:00-04:00,121.20127139546359,121.43521454593728,118.91798396223925,120.2374267578125,3200000
2024-10-25 00:00:00-04:00,121.29484815913501,121.80017339388539,119.91926120052013,119.93798065185547,1346900
2024-10-28 00:00:00-04:00,117.44883102517583,120.86440273386945,117.03708876151707,120.61174011230469,2509700
2024-10-29 00:00:00-04:00,119.45138043463092,120.13449761179722,114.96902857561517,115.35269165039062,4171100
2024-10-30 00:00:00-04:00,114.91289169502933,115.37141832410776,113.66831227672296,114.22977447509766,3339500
2024-10-31 00:00:00-04:00,114.58536093491144,115.773796227485,113.78995559086346,113.9958267211914,2700900
2024-11-01 00:00:00-04:00,114.37012718655839,115.1187409755497,112.07748005553793,112.30207061767578,2064400
2024-11-04 00:00:00-05:00,112.47051568997007,114.76315579821856,112.47051568997007,113.25656127929688,2185500
2024-11-05 00:00:00-05:00,114.63214736028202,114.76315495754348,112.94775376780807,114.01453399658203,2078600
2024-11-06 00:00:00-05:00,117.70148499692694,121.2761434412208,116.25104164566953,119.6853256225586,2626200
2024-11-07 00:00:00-05:00,119.544947028767,119.68531434356487,117.73890566479248,118.54367065429688,1630500
2024-11-08 00:00:00-05:00,118.14129376554463,118.49688479244485,116.38204380281616,118.32844543457031,3126000
2024-11-11 00:00:00-05:00,118.43137705551894,119.81631649475673,117.26166131456485,119.72274780273438,3010400
2024-11-12 00:00:00-05:00,120.23742968551934,120.60238043799437,119.31100964673334,119.49816131591797,2719000
2024-11-13 00:00:00-05:00,119.99412526612208,122.45521195311898,118.65597720416686,121.56623077392578,1962000
2024-11-14 00:00:00-05:00,121.78144807901245,122.35226994781603,120.02219098589515,121.42584991455078,2257200
2024-11-15 00:00:00-05:00,121.24808210174362,123.2599878032451,120.94862796786411,122.50201416015625,2275000
2024-11-18 00:00:00-05:00,123.34219466389851,125.15481373029162,122.66246611532642,123.9747314453125,2356600
2024-11-19 00:00:00-05:00,122.68137441340934,125.15483714100155,122.42647255868907,123.61600494384766,2448700
2024-11-20 00:00:00-05:00,123.97473911611617,124.48452835643724,123.0967503510104,124.09745788574219,2502600
2024-11-21 00:00:00-05:00,124.25795342044813,125.71182302340337,123.82369115848701,124.05970764160156,2218800
2024-11-22 00:00:00-05:00,123.86145038716761,126.05169031682209,123.40830276235413,125.815673828125,2480800
2024-11-25 00:00:00-05:00,126.44819071975468,127.69435023443016,125.69293510812878,125.82510375976562,4455800
2024-11-26 00:00:00-05:00,125.82509966810655,126.87301337390139,125.10761478331001,126.7408447265625,2705500
2024-11-27 00:00:00-05:00,126.4954141540494,128.71396070957647,125.54189823223024,125.8912124633789,2151900
2024-11-29 00:00:00-05:00,125.96671512151305,126.88246026235805,124.48453904338369,126.48595428466797,1402400
2024-12-02 00:00:00-05:00,125.95728615483524,129.00661535372612,124.57895783813096,128.79891967773438,3319700
2024-12-03 00:00:00-05:00,129.4692193692315,130.28111676003522,126.79751068095071,126.95800018310547,2313600
2024-12-04 00:00:00-05:00,126.48595423010698,126.49540410917156,122.0582825398558,123.2950210571289,2594900
2024-12-05 00:00:00-05:00,123.59711315089815,123.81424428715272,120.91596929486603,122.56808471679688,2928300
2024-12-06 00:00:00-05:00,123.32333910530554,123.54990571289572,121.01036601393265,121.4823989868164,1926100
2024-12-09 00:00:00-05:00,122.0016457995984,125.70238281077224,121.51074184878941,122.80410766601562,3475700
2024-12-10 00:00:00-05:00,123.08732282048803,123.68207457168967,118.21593907507535,118.59356689453125,3124100
2024-12-11 00:00:00-05:00,118.6879635592878,119.60370861510567,117.08304724205868,118.31977844238281,2596800
2024-12-12 00:00:00-05:00,117.9327148841167,118.20649486961402,116.34668382504182,117.05473327636719,2646000
2024-12-13 00:00:00-05:00,116.89424502477743,117.13970418722614,115.44982528131482,115.85577392578125,1825800
2024-12-16 00:00:00-05:00,114.31693523195825,114.562394380249,109.57772763045881,109.7854232788086,3653200
2024-12-17 00:00:00-05:00,109.18122598698541,109.86095460740313,108.01058625329458,109.35115814208984,3608800
2024-12-18 00:00:00-05:00,109.02073942142208,109.78543053850225,105.4616067451332,105.60321807861328,4211600
2024-12-19 00:00:00-05:00,106.0186062144181,106.29237899422087,103.27137091653927,104.17767333984375,4445000
2024-12-20 00:00:00-05:00,104.30985466511576,105.78260258422168,103.80950081671304,104.19657135009766,8178700
2024-12-23 00:00:00-05:00,103.94165774555947,104.75355502386093,102.81822418349464,104.30040740966797,3365100
2024-12-24 00:00:00-05:00,103.96054699721981,105.7637092508615,103.26193299493609,105.33888244628906,1448600
2024-12-26 00:00:00-05:00,105.30111456827508,106.32070750006969,104.70635562605393,105.9241943359375,1794800
2024-12-27 00:00:00-05:00,105.70706501043823,107.25533258397284,105.10286338187113,106.2923812866211,2615000
2024-12-30 00:00:00-05:00,106.30181765813572,106.79273595388773,105.1972622966704,105.72593688964844,2567500
2024-12-31 00:00:00-05:00,106.01860917490598,107.7556870674166,105.91476134408724,107.55743408203125,2989000
2025-01-02 00:00:00-05:00,108.34101124403506,109.03961803548532,107.46302961590301,108.01058959960938,2538200
2025-01-03 00:00:00-05:00,108.98296634016133,109.93646768297461,107.97281614734408,109.59660339355469,2046000
2025-01-06 00:00:00-05:00,109.26618275332457,111.05046668735463,108.36932304987174,108.72806549072266,2324800
2025-01-07 00:00:00-05:00,109.58718934272315,110.72006572714206,108.25605274851114,108.7469711303711,2526300
2025-01-08 00:00:00-05:00,107.67073070561032,109.90816252681337,107.4347142044605,109.74767303466797,3037100
2025-01-10 00:00:00-05:00,108.69975301838583,109.37948165550794,106.18854133418651,107.55743408203125,4525800
2025-01-13 00:00:00-05:00,107.62352116347803,110.7389417624289,107.35918384286921,109.4927749633789,4153700
2025-01-14 00:00:00-05:00,109.56829051479612,110.73893746441674,108.11442810522331,110.71060943603516,3284000
2025-01-15 00:00:00-05:00,111.82461002333571,113.02357782540304,111.2392937381343,112.3438491821289,2643000
2025-01-16 00:00:00-05:00,111.82461571457317,113.15575224250756,111.56972106169852,112.93861389160156,1985900
2025-01-17 00:00:00-05:00,113.02358549809409,114.21311070457561,112.09839762579686,113.78827667236328,2722200
2025-01-21 00:00:00-05:00,113.49561651670433,114.16590251737227,112.67427649763978,113.7505111694336,3605800
2025-01-22 00:00:00-05:00,112.88197340435217,114.0620559260179,111.73021171078206,111.91902923583984,2166300
2025-01-23 00:00:00-05:00,112.95749081229614,115.81800944922794,112.75923782982727,115.76136779785156,2233100
2025-01-24 00:00:00-05:00,115.61974978309624,117.02640593128986,114.62847772540312,115.04386901855469,2196700
2025-01-27 00:00:00-05:00,116.03515107874031,117.63061765990778,115.07219976208965,116.19564056396484,3029900
2025-01-28 00:00:00-05:00,116.23340682211227,117.1302666280049,113.47672866819805,114.40191650390625,3025400
2025-01-29 00:00:00-05:00,114.4302356656414,116.41277276741708,114.27918885541605,115.32710266113281,1720100
2025-01-30 00:00:00-05:00,117.48900361503694,117.5928514448816,113.10853821983972,114.08092498779297,3878900
2025-01-31 00:00:00-05:00,113.25015593536735,114.07149594425842,110.19138412724342,111.27706146240234,7253700
2025-02-03 00:00:00-05:00,110.8238965127978,111.76796242206613,108.80359604317566,111.26760864257812,5210100
2025-02-04 00:00:00-05:00,111.45642995055985,116.72431997315856,110.85222828517061,116.69599914550781,3756000
2025-02-05 00:00:00-05:00,116.43166099945516,117.30964266372163,115.44038882272943,116.4222183227539,2495300
2025-02-06 00:00:00-05:00,117.52677023661074,117.88551991383355,113.65610121173223,114.06204986572266,3106800
2025-02-07 00:00:00-05:00,114.77010476985893,114.93059426323325,113.11798924915942,113.5711441040039,2263000
2025-02-10 00:00:00-05:00,114.60960760749374,117.01697145497822,114.37359112032948,116.79039764404297,2465200
2025-02-11 00:00:00-05:00,122.72857588918221,124.61670782593886,120.51946498044977,122.30374908447266,7531200
2025-02-12 00:00:00-05:00,121.54849685552897,121.64290921714995,117.62117885907932,118.04601287841797,3896000
2025-02-13 00:00:00-05:00,117.76278027525925,119.91524941003853,115.96905359539274,118.51803588867188,2990200
2025-02-14 00:00:00-05:00,119.00894267567836,121.76561332006398,118.6785210577984,120.87818908691406,3285900
2025-02-18 00:00:00-05:00,121.2369490281541,124.19188009688212,120.59498388632885,122.99291229248047,4402600
2025-02-19 00:00:00-05:00,122.76632375284039,125.23978621561676,122.4359093297968,122.69081115722656,3631100
2025-02-20 00:00:00-05:00,122.62474139598885,124.89049420445181,122.01110421191076,124.19189453125,3154300
2025-02-21 00:00:00-05:00,123.87089273618531,124.54117145636995,121.52959893881562,121.5768051147461,12517500
2025-02-24 00:00:00-05:00,121.5768126806536,122.31982525669316,120.18605785007553,121.05290222167969,5831100
2025-02-25 00:00:00-05:00,121.2624733805812,123.17713873436921,119.88123899501797,120.27179718017578,2689400
2025-02-26 00:00:00-05:00,120.31942553062599,121.5482448805609,118.2047134989962,119.49069213867188,3947000
2025-02-27 00:00:00-05:00,120.14794980299207,122.70084403235857,119.17632918823747,121.36724853515625,2701700
2025-02-28 00:00:00-05:00,120.91953435883642,124.07254645759376,119.97648251588923,123.53910827636719,5739900
2025-03-03 00:00:00-05:00,124.54883827374127,124.78698136795492,118.69051670257527,119.06201934814453,6055200
2025-03-04 00:00:00-05:00,117.97609243252433,118.31901908416636,113.71809256426143,116.49008178710938,4322300
2025-03-05 00:00:00-05:00,115.6422858729341,116.40433939984655,111.15567093272146,114.0610122680664,4202700
2025-03-06 00:00:00-05:00,113.25133569594725,117.15688120801147,112.66073817263963,116.96636962890625,3058500
2025-03-07 00:00:00-05:00,116.74727241270152,121.02432777241904,116.74727241270152,120.19558715820312,3463700
2025-03-10 00:00:00-04:00,120.55755562448476,122.79610648579698,118.99533753460113,120.14794921875,3571500
2025-03-11 00:00:00-04:00,120.70997563845474,120.87191120217234,116.08047319505856,117.69032287597656,4125200
2025-03-12 00:00:00-04:00,117.1473649737185,118.97630236277921,116.45198387636614,118.09993743896484,3194500
2025-03-13 00:00:00-04:00,117.81416028751327,120.56709407214076,115.9471191674319,116.69012451171875,5283100
2025-03-14 00:00:00-04:00,117.72842124181817,121.05290420168627,116.56628900065179,120.7195053100586,3469800
2025-03-17 00:00:00-04:00,121.05290726610085,123.66296098103194,120.57662104670405,123.06283569335938,3865400
2025-03-18 00:00:00-04:00,123.77724337359915,124.04396244700358,121.62442800354255,122.31980895996094,2627800
2025-03-19 00:00:00-04:00,122.40554215187251,123.61531305853224,121.12909874159214,122.88182830810547,2194200
2025-03-20 00:00:00-04:00,121.89116803967056,123.16761888304978,121.3291537908494,122.71038818359375,2134200
2025-03-21 00:00:00-04:00,122.43412812773845,122.92946984038234,118.8715094239407,119.5383071899414,4624600
2025-03-24 00:00:00-04:00,119.59547498779224,121.5482441658166,119.04298121803758,120.47183990478516,4032700
2025-03-25 00:00:00-04:00,120.91954151601514,121.90068991493789,119.34779561895566,119.5383071899414,2331800
2025-03-26 00:00:00-04:00,120.89097130277138,122.52939705497892,120.11938268792191,120.56709289550781,1714700
2025-03-27 00:00:00-04:00,119.28111866478093,119.89076442742144,117.85226004592644,118.8048324584961,1762300
2025-03-28 00:00:00-04:00,118.62383651029681,119.07154668865424,115.48987252934539,115.98521423339844,2433200
2025-03-31 00:00:00-04:00,115.48987458057827,118.45237529621343,115.05169215308744,117.62364196777344,2179300
2025-04-01 00:00:00-04:00,117.75700353227509,118.72862418938432,114.81355101645315,118.45237731933594,2000900
2025-04-02 00:00:00-04:00,117.16640776168836,118.31901951878261,116.72822532021416,118.17613220214844,2216600
2025-04-03 00:00:00-04:00,111.889153322171,113.1465486004835,101.59184799547889,102.09671020507812,6785500
2025-04-04 00:00:00-04:00,97.77203429035785,98.47693585837717,91.13260324586439,94.1236801147461,6421200
2025-04-07 00:00:00-04:00,90.9135120936744,97.19096071517782,88.5892331143065,92.00896453857422,5958300
2025-04-08 00:00:00-04:00,94.44755415708174,95.24771147824897,86.85555102707782,88.46540069580078,4682400
2025-04-09 00:00:00-04:00,87.25563342746408,100.79168683110737,86.69361918030145,98.2387924194336,11450700
2025-04-10 00:00:00-04:00,95.39059616721052,96.31459252520688,89.24650731241158,92.3899917602539,4512400
2025-04-11 00:00:00-04:00,92.12327573513389,93.61881410923765,89.06551920977083,92.7614974975586,3572000
2025-04-14 00:00:00-04:00,95.0095786205849,95.40966459184165,91.58031909194361,93.1806411743164,2524000
2025-04-15 00:00:00-04:00,93.10442249533806,94.4570807998608,91.5612598891629,91.64698791503906,2347800
2025-04-16 00:00:00-04:00,92.07565686979004,94.15225784215865,91.55173911319635,91.98992156982422,1951900
2025-04-17 00:00:00-04:00,93.20920970865605,95.53348873571008,93.07585015145303,94.3999252319336,2437300
2025-04-21 00:00:00-04:00,92.82818456326628,93.06632768145583,91.16118273593942,92.4090576171875,2326600
2025-04-22 00:00:00-04:00,94.66664877442038,96.49559342706313,93.78075609296178,96.11456298828125,2908600
2025-04-23 00:00:00-04:00,98.41978550428266,99.82959593174358,97.03855835514041,97.9053955078125,3055100
2025-04-24 00:00:00-04:00,98.65791647799114,100.07724722269815,97.85775920474966,99.72480010986328,2536800
2025-04-25 00:00:00-04:00,98.38167081417741,99.12467608186947,96.72419696566823,99.03894805908203,3056400
2025-04-28 00:00:00-04:00,98.391211508743,101.2394011652174,98.1435406310992,100.76311492919922,2295500
2025-04-29 00:00:00-04:00,99.38188489974709,101.31560579967962,99.38188489974709,100.9726791381836,1564400
2025-04-30 00:00:00-04:00,99.41046183792126,99.57239741081908,97.31480534704654,99.12468719482422,3211100
2025-05-01 00:00:00-04:00,99.32471235512999,100.69641881804442,98.44834756717911,98.55313110351562,2608600
2025-05-02 00:00:00-04:00,100.24872127867093,102.39200926285534,98.47693596367442,102.0681381225586,2588700
2025-05-05 00:00:00-04:00,100.81074199245086,103.42078841525347,100.6964306845537,101.82999420166016,2710900
2025-05-06 00:00:00-04:00,102.11576298820316,103.08739094994523,100.38208143254973,100.39160919189453,2348500
2025-05-07 00:00:00-04:00,100.46781406880865,101.29654742106737,99.85816830281686,100.54402160644531,1748000
2025-05-08 00:00:00-04:00,101.34417742000346,105.1163632654984,101.29654589281145,104.01138305664062,2679800
2025-05-09 00:00:00-04:00,105.34498162902848,105.89747538307995,104.20189761914006,105.65933227539062,2396800
2025-05-12 00:00:00-04:00,111.96536046775074,114.02291306710487,111.7367451272782,113.0512924194336,4529700
2025-05-13 00:00:00-04:00,117.74747616074924,120.68140092724427,115.46130092364207,119.61451721191406,11117000
2025-05-14 00:00:00-04:00,118.21422465727662,119.89075399239198,117.96655381665103,118.7857666015625,3215900
2025-05-15 00:00:00-04:00,117.19498119822939,119.09059823913788,116.83300630258148,118.85245513916016,2372000
2025-05-16 00:00:00-04:00,119.3954197087331,119.85265765302177,117.21403533410029,119.76692962646484,3242800
2025-05-19 00:00:00-04:00,118.08386255293665,119.40146491189527,116.57391280529879,117.5068130493164,3770000
2025-05-20 00:00:00-04:00,117.63183806069205,118.24735850926373,115.98724367426622,116.27577209472656,2831700
2025-05-21 00:00:00-04:00,112.19794540923154,112.47684691673372,107.1487494988273,107.50459289550781,7211900
2025-05-22 00:00:00-04:00,107.36994807563784,109.67815338398508,105.5522381379902,108.65869903564453,3588100
2025-05-23 00:00:00-04:00,107.25453496783653,109.04339352691319,107.14874904264474,108.8029556274414,2248700
2025-05-27 00:00:00-04:00,109.79356575722454,111.14963169248419,108.75487227218586,109.95706176757812,2832700
2025-05-28 00:00:00-04:00,110.86110510460705,111.04384025894295,108.20667593811777,108.45672607421875,2006400
2025-05-29 00:00:00-04:00,108.56251488834816,110.64952137773695,107.9950849824763,110.29367065429688,2609900
2025-05-30 00:00:00-04:00,109.9666794360865,110.562968096805,108.83181954041964,109.13957977294922,4559900
2025-06-02 00:00:00-04:00,110.67837024021723,110.92842036039585,106.93715729416785,109.90896606445312,2841300
2025-06-03 00:00:00-04:00,110.12056380678955,113.26548847037716,108.812580977187,111.53433990478516,2065500
2025-06-04 00:00:00-04:00,111.00537071356622,112.22679938545014,107.54306633366886,108.17782592773438,3686100
2025-06-05 00:00:00-04:00,108.71639432449237,109.12032820790365,107.11027102313189,107.9373779296875,2836300
2025-06-06 00:00:00-04:00,109.09148737389913,110.6014371351981,108.62984336427674,109.91859436035156,2821100
2025-06-09 00:00:00-04:00,111.32274358353783,113.18854396657113,110.15902507107938,111.65935516357422,2804000
2025-06-10 00:00:00-04:00,112.96734217859844,115.41981169630404,112.66920153029992,114.159912109375,2314600
2025-06-11 00:00:00-04:00,115.0158773258014,116.62200817216865,113.72713362536348,116.32386016845703,2413800
2025-06-12 00:00:00-04:00,115.13127943263184,117.33369140592505,114.49652721269989,116.8720474243164,2442400
2025-06-13 00:00:00-04:00,117.33369447257712,118.70899954555406,116.37194287853961,117.47795867919922,3074600
2025-06-16 00:00:00-04:00,117.52603846155982,119.61304493689971,116.92975718653311,118.89173126220703,4164300
2025-06-17 00:00:00-04:00,119.73807934680524,120.94988846941654,118.87250140208288,119.77655029296875,5513800
2025-06-18 00:00:00-04:00,119.77654050938338,121.55577943301371,118.79554980629973,120.04582977294922,5788600
2025-06-20 00:00:00-04:00,120.54594090872254,121.47884112612041,119.19949455122284,120.00736236572266,8494400
2025-06-23 00:00:00-04:00,120.66135486474006,120.66135486474006,115.8237454903824,116.40079498291016,4503100
2025-06-24 00:00:00-04:00,116.02571344379238,117.29522527330512,114.24647443586973,114.8908462524414,4171300
2025-06-25 00:00:00-04:00,114.65040265343751,116.36231925721506,113.96755992595222,115.05433654785156,2866900
2025-06-26 00:00:00-04:00,115.41019630469886,116.26615467361876,114.31380002681082,115.57369232177734,3066300
2025-06-27 00:00:00-04:00,115.06395581162748,115.71794716456799,113.4866838435207,114.68887329101562,10132700
2025-06-30 00:00:00-04:00,113.9771843484447,115.57368819139403,113.65980455892948,114.73696899414062,2060700
2025-07-01 00:00:00-04:00,114.71773114321572,119.67075341416724,114.32341679770845,118.43971252441406,2731500
2025-07-02 00:00:00-04:00,119.77653906353024,121.7000421658752,118.25696985165804,121.62310028076172,2128400
2025-07-03 00:00:00-04:00,121.21917431302717,123.52737965421902,120.51709240624794,122.4213638305664,1290900
2025-07-07 00:00:00-04:00,121.58463860326928,123.4889027106547,120.44977139290265,121.5654067993164,2091000
2025-07-08 00:00:00-04:00,121.78660437657426,125.57591542561467,121.78660437657426,125.0277099609375,3821500
2025-07-09 00:00:00-04:00,125.02770807273103,127.16279779998624,124.70071605058037,125.51819610595703,3160600
2025-07-10 00:00:00-04:00,125.69132352141018,129.50947868622862,124.85460429504482,129.2498016357422,2711700
2025-07-11 00:00:00-04:00,128.00915172431803,128.43231012727554,126.40301353912338,126.67231750488281,1680000
2025-07-14 00:00:00-04:00,125.7105508898848,126.32607129160901,123.5369830063243,124.0755615234375,1933200
2025-07-15 00:00:00-04:00,124.79687677079978,125.09503208064956,123.2484561768056,123.36387634277344,1995200
2025-07-16 00:00:00-04:00,122.63294931799058,123.62354496043284,118.8340260722861,118.9398193359375,3438000
2025-07-17 00:00:00-04:00,118.73785301067328,120.67097580325954,118.2954481501339,120.3920669555664,2609000
2025-07-18 00:00:00-04:00,121.61349269412379,122.44059969663911,120.5074841713586,121.08453369140625,3256700
2025-07-21 00:00:00-04:00,121.47884041236541,122.87338461384256,120.81523680794884,121.22879028320312,2505300
2025-07-22 00:00:00-04:00,121.18069569722964,122.69064534217597,120.9979605541044,121.33457946777344,2224900
2025-07-23 00:00:00-04:00,121.83469046160955,123.16190500062926,121.33458286848948,122.9599380493164,2281300
2025-07-24 00:00:00-04:00,121.88278150520989,122.23862489534336,117.87227182217116,119.56495666503906,3508200
2025-07-25 00:00:00-04:00,120.9979694656437,121.94048928568625,118.04539227351019,120.19010162353516,3666300
2025-07-28 00:00:00-04:00,120.75752524302813,122.94070542432402,120.75752524302813,122.80606079101562,2690400
2025-07-29 00:00:00-04:00,122.48868540324638,123.60432079076051,121.25764451880491,123.49852752685547,2395700
2025-07-30 00:00:00-04:00,122.35403049333435,122.70987386243013,119.03598332116051,119.64189147949219,3193800
2025-07-31 00:00:00-04:00,119.58419746033583,120.2478084514204,118.26660238683878,118.853271484375,3925900
2025-08-01 00:00:00-04:00,117.21828227948856,117.70877764964767,114.61193632593249,115.0254898071289,2162500
2025-08-04 00:00:00-04:00,115.67947915278322,117.35292485157433,115.0254877832721,116.81434631347656,2102200
2025-08-05 00:00:00-04:00,117.81456205606527,117.94920668283709,115.21783586822963,117.40100860595703,1512700
2025-08-06 00:00:00-04:00,118.19927442770383,118.56473739825609,114.71773095528823,115.25630950927734,2080700
2025-08-07 00:00:00-04:00,116.88167095644242,117.66068740563212,114.51576289725907,114.73696899414062,1587400
2025-08-08 00:00:00-04:00,115.09281783924288,116.21806550524991,114.33303315757806,114.57347106933594,1694200
2025-08-11 00:00:00-04:00,115.20823012689115,116.08342030595709,113.55401612790274,113.84254455566406,1699600
2025-08-12 00:00:00-04:00,114.6696453639201,117.05478519931543,114.10220810998194,115.44866180419922,1749200
2025-08-13 00:00:00-04:00,115.32363506150038,117.89151000976562,114.96778433666164,117.89151000976562,2359200
2025-08-14 00:00:00-04:00,116.52583208091468,118.24736105732148,115.21784926511911,118.03578186035156,2095600
2025-08-15 00:00:00-04:00,118.81478828018928,120.07468047234093,117.88188809551005,118.88211059570312,2303700
2025-08-18 00:00:00-04:00,117.7472490737566,118.80517436976442,117.5741334916766,118.14156341552734,1857900
2025-08-19 00:00:00-04:00,118.05415496398551,120.53081104947275,117.75306570373412,118.65631866455078,1600400
2025-08-20 00:00:00-04:00,119.32647316195366,120.7153457990157,118.61746514024986,120.01605224609375,1720300
2025-08-21 00:00:00-04:00,119.43332014517736,121.1135602974575,118.73402653337347,120.8707504272461,2174700
2025-08-22 00:00:00-04:00,121.40492532188598,126.89242201846037,121.28837392598828,126.20285034179688,2674100
2025-08-25 00:00:00-04:00,125.726950884303,127.16438120127458,125.27046713162643,125.7949447631836,2051200
2025-08-26 00:00:00-04:00,124.94024751142508,126.3485418091843,124.45462776599511,126.154296875,2777500
2025-08-27 00:00:00-04:00,126.01831840015353,129.49535740299734,125.50356267821807,128.80577087402344,2031700
2025-08-28 00:00:00-04:00,129.0000280483113,129.51478375998636,127.71798488871009,129.00973510742188,1982300
2025-08-29 00:00:00-04:00,129.00003775223163,130.4763111247215,128.26188624604805,129.73817443847656,1530700
2025-09-02 00:00:00-04:00,128.91261569245265,130.09752907730402,128.21332206139482,129.99069213867188,2114000
2025-09-03 00:00:00-04:00,127.71797463274515,129.9906711568777,125.94060484235337,126.77587127685547,2290900
2025-09-04 00:00:00-04:00,126.88271738737397,128.37841957518586,126.19313087757881,127.79568481445312,1832200
2025-09-05 00:00:00-04:00,127.02840430103153,128.446420454038,126.11545164409502,127.76655578613281,1828500
2025-09-08 00:00:00-04:00,128.24245067499226,128.64066240695354,126.1154487246283,126.46509552001953,2802400
2025-09-09 00:00:00-04:00,127.57229222734823,131.3309837010218,126.39708611447706,128.48524475097656,2830700
2025-09-10 00:00:00-04:00,128.17447397886727,129.84500705204607,124.66829890108289,127.64028930664062,2424700
2025-09-11 00:00:00-04:00,127.6596932229748,129.52447086055508,127.33918248246228,128.70863342285156,2155900
2025-09-12 00:00:00-04:00,128.8737628926724,129.46621954032034,126.93128402431032,127.01869201660156,1380600
2025-09-15 00:00:00-04:00,127.02838278937463,128.32985472746728,126.41651210184652,127.40716552734375,1730000
2025-09-16 00:00:00-04:00,128.3492967600098,129.7478840413075,127.71799699939521,129.2136993408203,1767500
2025-09-17 00:00:00-04:00,128.51441287977434,130.88422472115283,128.20360913799072,129.31082153320312,3287600
2025-09-18 00:00:00-04:00,130.24321217753788,130.24321217753788,127.1740920529034,127.57230377197266,3180300
2025-09-19 00:00:00-04:00,127.93166040127068,128.21331331849188,124.68772422392003,125.98918151855469,9244700
2025-09-22 00:00:00-04:00,125.51326556542665,127.46546627611839,124.9305308078572,125.84349822998047,3361900
2025-09-23 00:00:00-04:00,126.54279857599425,130.10726088229796,126.38741150608017,128.47557067871094,3815500
2025-09-24 00:00:00-04:00,129.19425864728873,133.7299444986084,128.825182962877,132.6615753173828,3000800
2025-09-25 00:00:00-04:00,132.54503600334684,135.55588393275053,131.08817697039729,135.07997131347656,5158900
2025-09-26 00:00:00-04:00,135.75983979958053,138.25593212800143,134.69147055007414,135.4490509033203,2891100
2025-09-29 00:00:00-04:00,135.60444760055427,135.60444760055427,132.47705537825786,133.61341857910156,2810500
2025-09-30 00:00:00-04:00,132.38963935353107,133.26376369962173,130.33061658174168,132.1079864501953,2239900
2025-10-01 00:00:00-04:00,131.45726769007692,132.525622211031,130.36946941027622,130.7191162109375,2258200
2025-10-02 00:00:00-04:00,130.14608407508942,132.28280786457353,129.43708343829275,131.05905151367188,1829300
2025-10-03 00:00:00-04:00,133.05009876930936,134.1670182187285,129.09714705922173,129.18455505371094,2000400
2025-10-06 00:00:00-04:00,129.25253930976783,131.29213312907623,127.98021808487943,129.09713745117188,1610000
2025-10-07 00:00:00-04:00,128.78633821615873,129.07769815271735,125.60067447034149,128.5629425048828,1917800
2025-10-08 00:00:00-04:00,128.73778428555656,129.01943718827167,126.64961070222225,127.52373504638672,1772500
2025-10-09 00:00:00-04:00,128.3201539099203,129.21369244306356,126.7176147139454,127.31977844238281,1577000
2025-10-10 00:00:00-04:00,126.28055380904944,127.93165786260612,123.09488228023753,123.11431121826172,1963600
2025-10-13 00:00:00-04:00,124.31864736041982,126.23199022804629,123.88159257978087,126.05715942382812,1219100
2025-10-14 00:00:00-04:00,124.45462179647888,129.14571009071506,123.99813807207505,127.07696533203125,1941300
2025-10-15 00:00:00-04:00,128.12590196535126,128.51440662366826,125.02764585748342,125.84349822998047,1864600
2025-10-16 00:00:00-04:00,126.26112892452285,126.88272158181529,123.99813922002154,124.66829681396484,2161400
2025-10-17 00:00:00-04:00,125.31902884259598,127.08669180869144,124.69743616857151,125.55213165283203,1756900
2025-10-20 00:00:00-04:00,125.64923571315015,127.31976865713973,125.64923571315015,126.59133911132812,1997900
2025-10-21 00:00:00-04:00,126.80501095948561,126.8827118882032,123.2697002124879,124.9013900756836,2315000
2025-10-22 00:00:00-04:00,125.44528286579626,127.6791364213811,124.0758317724234,127.620849609375,2144700
2025-10-23 00:00:00-04:00,128.4561193390523,133.03066349187992,128.3298682930073,131.90402221679688,2824200
2025-10-24 00:00:00-04:00,132.90439094069086,133.39973250082087,131.06874913652672,131.09788513183594,1697900
2025-10-27 00:00:00-04:00,131.41841635648908,132.2148398720751,130.23350296301746,131.52525329589844,2501700
2025-10-28 00:00:00-04:00,130.21408393516677,131.8360520851106,129.8158721923828,129.8158721923828,2366800
2025-10-29 00:00:00-04:00,128.72806276474486,134.78860191870615,127.03811570388211,134.03103637695312,4455900
2025-10-30 00:00:00-04:00,133.32203727541315,137.30410994399506,132.14683107457773,133.12779235839844,3093600
2025-10-31 00:00:00-04:00,132.768409459541,133.69108383134284,131.3601154373239,132.22451782226562,1917700
2025-11-03 00:00:00-05:00,132.7878694125851,134.93430046963374,130.70941741610707,133.95335388183594,2636900
2025-11-04 00:00:00-05:00,131.45725906830674,132.65187938390798,129.53419438082705,131.8457489013672,2665400
2025-11-05 00:00:00-05:00,132.07884039678459,133.9630322279084,131.17558012326376,132.0205535888672,2206900
2025-11-06 00:00:00-05:00,132.69072074680957,136.37172633483408,132.42849678181005,134.22528076171875,2073800
2025-11-07 00:00:00-05:00,134.7011901177902,136.71164790017838,132.71985351086693,133.9824676513672,2123900
2025-11-10 00:00:00-05:00,133.70083587561734,135.8472669155814,131.83605777567095,134.662353515625,1927400
2025-11-11 00:00:00-05:00,135.58502304360113,138.8289590080641,135.54616516933177,136.799072265625,2215800
2025-11-12 00:00:00-05:00,136.07064046561575,137.67317948401592,133.8853519023774,134.0504608154297,2057800
2025-11-13 00:00:00-05:00,134.36124335864298,136.54653181866692,134.36124335864298,135.48788452148438,2444200
2025-11-14 00:00:00-05:00,137.5080841072319,139.1300522221093,135.52674731568894,138.226806640625,2633700
2025-11-17 00:00:00-05:00,137.84478923802956,137.84478923802956,133.39787360761443,133.8484344482422,2812900
2025-11-18 00:00:00-05:00,133.23135694411695,136.18943091566211,132.98648238015716,135.57235717773438,2387500
2025-11-19 00:00:00-05:00,132.97667908634,133.06484528912458,130.32224715771684,131.73272705078125,2927200
2025-11-20 00:00:00-05:00,132.05596320553528,134.20105185037426,129.2447930229226,129.2839813232422,2155100
2025-11-21 00:00:00-05:00,129.20562606962076,131.78169646985353,127.99104278081707,130.978515625,2324900
2025-11-24 00:00:00-05:00,130.94912150327323,131.46825437244308,127.95185929381495,130.4691619873047,3034200
2025-11-25 00:00:00-05:00,129.96961665673328,131.86984552841514,128.38283437854608,131.38009643554688,1791600
2025-11-26 00:00:00-05:00,131.19399235985298,133.58397037852527,131.13522485873096,132.19308471679688,1128400
2025-11-28 00:00:00-05:00,132.65343830624326,135.10218388477648,132.45754164915198,134.15208435058594,942700
2025-12-01 00:00:00-05:00,134.1618750669754,137.8252038634406,134.02474591127654,136.89466857910156,2064200
2025-12-02 00:00:00-05:00,136.51265753366613,136.87508202609092,133.45662797306235,134.74957275390625,2037800
2025-12-03 00:00:00-05:00,135.50378196507444,137.4040109284319,134.2696195720491,136.9828338623047,2186600
2025-12-04 00:00:00-05:00,136.85549797477185,137.69786707554474,134.35777442455338,136.5616455078125,2179000
2025-12-05 00:00:00-05:00,136.84569899796992,139.60787612786447,136.37552910466152,136.50286865234375,2346000
2025-12-08 00:00:00-05:00,135.57236223968295,137.17873884139922,134.72999311037088,136.2090301513672,2525900
2025-12-09 00:00:00-05:00,135.73887155449688,137.68807848522454,135.06301535931144,137.01222229003906,1309100
2025-12-10 00:00:00-05:00,136.96323466209924,140.9008215983917,136.05229356711115,140.86163330078125,2110200
2025-12-11 00:00:00-05:00,139.08875034734677,141.98807171954076,138.55002332511987,140.4894256591797,2923500
2025-12-12 00:00:00-05:00,140.72451437967925,141.09672850425113,137.89376498280376,138.5402374267578,1932200
2025-12-15 00:00:00-05:00,138.46187640351826,138.87326388446843,136.62041486844427,138.60879516601562,2992400
2025-12-16 00:00:00-05:00,137.28647766735128,138.0798688548014,128.76484592124876,129.07827758789062,4971400
2025-12-17 00:00:00-05:00,129.32315467760438,130.27326918992932,127.33477439617151,129.2839813232422,4603900
2025-12-18 00:00:00-05:00,129.5386423382755,129.73453899723273,125.31700731202586,126.48261260986328,2677700
2025-12-19 00:00:00-05:00,126.79604470147981,127.97143960513355,125.37577523681666,126.24752807617188,4842500
2025-12-22 00:00:00-05:00,127.80493238510904,128.37304318544943,126.29651159838008,126.34548950195312,1485700
2025-12-23 00:00:00-05:00,126.34547660734998,127.08010024809813,125.96347291199919,126.4728012084961,1708200
2025-12-24 00:00:00-05:00,126.47280965754295,127.39354040680995,125.77737426757812,125.77737426757812,972000
2025-12-26 00:00:00-05:00,125.59126288074373,126.33567614690537,124.75869088889183,125.13089752197266,1317400
2025-12-29 00:00:00-05:00,125.90469641551744,126.14957097400456,124.55299901591924,125.95367431640625,1599500
2025-12-30 00:00:00-05:00,126.4140442004815,127.09968999956122,126.01244632317855,126.90379333496094,1482600
2025-12-31 00:00:00-05:00,127.13887556044061,127.51107473137368,125.36597865020222,126.39444732666016,1339000
2026-01-02 00:00:00-05:00,126.35527745822267,127.9518644289671,126.09080873913967,127.89309692382812,1777100
2026-01-05 00:00:00-05:00,133.2117693906153,139.07896961417333,133.01587271893837,137.11016845703125,4819500
2026-01-06 00:00:00-05:00,136.87509550287638,137.71746462443878,133.32930155371673,133.8484344482422,2996000
2026-01-07 00:00:00-05:00,135.17077293488433,140.1760101247318,132.73181665138364,135.05323791503906,4179400
2026-01-08 00:00:00-05:00,135.74866447157012,141.88033333452867,133.88762369830206,141.26324462890625,2945900
2026-01-09 00:00:00-05:00,141.90970444775547,142.69329105346986,138.79489239000185,139.24546813964844,2710200
2026-01-12 00:00:00-05:00,138.83407551976012,138.94182091592847,135.03361785050026,136.00332641601562,2401300
2026-01-13 00:00:00-05:00,135.69968229961157,137.7958079771759,134.7495827381444,134.8769073486328,2794000
2026-01-14 00:00:00-05:00,136.4832973534375,140.33273366485122,135.81724564534247,138.49127197265625,2309100
2026-01-15 00:00:00-05:00,137.42360448204832,138.81449017335072,136.54204710860412,137.13954162597656,2005000
2026-01-16 00:00:00-05:00,136.15026254872097,137.89376831230135,135.1903584077061,135.4450225830078,2438200
2026-01-20 00:00:00-05:00,136.1502669489144,137.36485025044252,133.98556907803734,135.63113403320312,2128000
2026-01-21 00:00:00-05:00,138.34433644412758,140.88123329220608,137.5215465657057,138.7361297607422,2549400
2026-01-22 00:00:00-05:00,137.95252266995803,140.19558191393745,137.17872566947466,139.02017211914062,2545900
2026-01-23 00:00:00-05:00,140.76370806927375,143.86871590440657,138.5598368817477,138.63818359375,2046800
2026-01-26 00:00:00-05:00,140.15639137160312,140.31311466786022,137.08076767584916,137.51174926757812,1341700
2026-01-27 00:00:00-05:00,138.5989993673504,139.5784975960949,137.0513903724192,137.13954162597656,1626200
2026-01-28 00:00:00-05:00,138.38352783527526,139.4413878631719,136.50289276766756,139.16712951660156,1676400
2026-01-29 00:00:00-05:00,142.02725051514827,144.92657199843748,141.02815808527703,141.12611389160156,2290900
2026-01-30 00:00:00-05:00,140.15639490078146,140.82246145366784,137.75662728199782,140.61676025390625,1869800
2026-02-02 00:00:00-05:00,138.1092540625827,140.1662063780679,137.31586286676784,139.32383728027344,2606900
2026-02-03 00:00:00-05:00,140.31312604157802,145.06369859100218,138.54023657858386,145.05389404296875,4261400
2026-02-04 00:00:00-05:00,146.92473606605952,152.79193590684204,145.35753290297208,151.51858520507812,4674200
2026-02-05 00:00:00-05:00,149.17757974160546,151.42062405680304,147.1108379294035,151.26390075683594,2501400
2026-02-06 00:00:00-05:00,151.53818843738952,155.88714833100144,151.52838388898496,154.56483459472656,2414600
2026-02-09 00:00:00-05:00,155.74022827148437,155.78920617522672,152.93886256134138,154.27098083496094,2118500
2026-02-10 00:00:00-05:00,153.9575450740286,154.3885267438472,152.59604295126098,154.0848846435547,1537000
2026-02-11 00:00:00-05:00,156.21037422554227,158.21834859510324,154.84887227766654,158.18896484375,2048200
2026-02-12 00:00:00-05:00,157.86573664606732,160.43201736755955,152.87030436501087,153.056396484375,2274900
2026-02-13 00:00:00-05:00,152.409939729626,156.5336191561154,151.82223477790902,156.49444580078125,1806100
2026-02-17 00:00:00-05:00,156.71972318072037,158.93338389010336,153.1053721735118,154.91744995117188,4098400
2026-02-18 00:00:00-05:00,156.44546253558443,157.14089792712645,153.63430732551882,154.1730194091797,2608600
2026-02-19 00:00:00-05:00,154.96642934805627,155.80879846611313,151.92018910152063,152.2238311767578,2301500
2026-02-20 00:00:00-05:00,151.85159911574976,153.83018959120042,150.84271720286165,152.5568389892578,2604100
2026-02-23 00:00:00-05:00,152.26058413394594,155.24299194595608,150.36448829384256,152.92225646972656,2904900
2026-02-24 00:00:00-05:00,151.87542805491174,152.90248930620461,150.1175888693676,152.43833923339844,1712100
2026-02-25 00:00:00-05:00,153.04074762052971,153.34688595539467,147.865976039626,150.0188446044922,2856400
2026-02-26 00:00:00-05:00,149.12016571088228,152.3198356184637,147.28332068281628,150.56199645996094,2476200
2026-02-27 00:00:00-05:00,150.31511897908763,152.40872192382812,147.8462418956371,152.40872192382812,4251200
2026-03-02 00:00:00-05:00,157.52422532950357,158.64016257427582,153.83079491950767,158.18588256835938,2939500
2026-03-03 00:00:00-05:00,159.98324245354607,161.34606748906504,154.2949548133101,157.79087829589844,2919300
2026-03-04 00:00:00-05:00,156.70455715688348,163.02489145716476,156.33916817487398,162.66937255859375,2823100
2026-03-05 00:00:00-05:00,164.7432398428414,167.50837016463532,162.29410288806667,164.3679656982422,4350000
2026-03-06 00:00:00-05:00,164.5358534633853,165.73079666387284,159.58822895699714,163.89395141601562,3481100
2026-03-09 00:00:00-04:00,165.92828862400341,165.92828862400341,159.72647084330745,160.9707794189453,4719000
2026-03-10 00:00:00-04:00,159.98322960486777,163.79517629573695,158.62040467880092,160.4770050048828,3616400
2026-03-11 00:00:00-04:00,161.30654546294832,167.38986206054688,160.6053928273749,167.38986206054688,3783000
2026-03-12 00:00:00-04:00,167.4392402557298,176.15931558122048,167.3898597022288,171.92271423339844,6527700
2026-03-13 00:00:00-04:00,170.73766517359664,173.98670082686854,170.01675727524088,170.58953857421875,3607100
2026-03-16 00:00:00-04:00,171.06355471088077,172.50537047345523,168.87119067901526,171.3203125,3140300
2026-03-17 00:00:00-04:00,172.44611658937407,173.0287830161016,169.37483298587958,170.55990600585938,3685300
2026-03-18 00:00:00-04:00,172.72263694941046,175.21126930076917,170.58953857421875,170.58953857421875,4505800
2026-03-19 00:00:00-04:00,172.19923399762143,176.79135441422105,171.09318188624098,176.11981201171875,5247900
2026-03-20 00:00:00-04:00,176.09017833698192,176.6432043664318,172.7423817733636,173.28553771972656,6069200
2026-03-23 00:00:00-04:00,168.9896926981104,176.36669858147684,168.87119142089318,174.55947875976562,3060900
2026-03-24 00:00:00-04:00,176.55433263214383,183.06228885447763,176.0408019915964,181.82785034179688,4235500
2026-03-25 00:00:00-04:00,179.63548765604975,182.92403368622422,177.52212950958432,179.0330810546875,2658200
2026-03-26 00:00:00-04:00,179.10220430829804,185.23490108531527,179.05282375711903,181.71920776367188,3275800
2026-03-27 00:00:00-04:00,180.97855637842318,186.18295337682278,179.6947523779146,185.93606567382812,3568400
2026-03-30 00:00:00-04:00,187.14089342312414,188.23707551241915,182.45002670143631,182.50927734375,2805300
2026-03-31 00:00:00-04:00,182.71665836655075,185.03739377042695,176.40620918008597,179.91200256347656,4551400
2026-04-01 00:00:00-04:00,177.76902255543064,179.00346111426214,170.99442314181005,173.45343017578125,5707000
2026-04-02 00:00:00-04:00,178.39118520194071,179.03308722784672,172.64364708233313,174.01634216308594,2947100
2026-04-06 00:00:00-04:00,173.28554559784337,175.15201606650706,171.50795108748991,175.1223907470703,2247700
2026-04-07 00:00:00-04:00,169.95749301410754,174.94461233198004,169.37482660931605,172.52511596679688,3815600
2026-04-08 00:00:00-04:00,164.62471973040374,166.74796304824608,161.138666519072,165.90853881835938,3781400
2026-04-09 00:00:00-04:00,165.91839351840835,167.88362490531347,157.90935645693705,159.06480407714844,3309700
2026-04-10 00:00:00-04:00,158.19577151434598,159.58822181565012,154.57146173880363,157.26747131347656,2927100
2026-04-13 00:00:00-04:00,159.0549396522,160.61527182467097,156.42805073897054,158.4031524658203,3221900
2026-04-14 00:00:00-04:00,157.38597596416335,158.24515546041255,155.21336708278216,156.7835693359375,2481000
2026-04-15 00:00:00-04:00,155.93426796829354,159.84497583368602,154.95660230356762,159.43020629882812,2311400
2026-04-16 00:00:00-04:00,159.88447113263126,162.9755100096988,159.86473096586244,161.2966766357422,2480700
2026-04-17 00:00:00-04:00,155.12449233233374,156.46756211711357,151.66806429035347,154.42332458496094,3694400
2026-04-20 00:00:00-04:00,153.8900410275111,155.16397491312716,152.71485317934957,153.81103515625,2119600
2026-04-21 00:00:00-04:00,155.58863890697862,158.087141343553,153.64316253352789,157.39585876464844,1807200
2026-04-22 00:00:00-04:00,158.75867087023312,159.8351127602249,157.82050056675445,158.65003967285156,1945500
2026-04-23 00:00:00-04:00,159.42031629767348,160.54613866082565,156.03302433161377,157.54397583007812,2287100
2026-04-24 00:00:00-04:00,158.9956872488999,160.93129355004137,158.0575169528122,160.82266235351562,2434300
2026-04-27 00:00:00-04:00,161.217674149641,164.9012345525932,161.09917287121968,162.05709838867188,2771200
2026-04-28 00:00:00-04:00,164.68397745447768,165.1185022477577,162.5113685569079,163.07427978515625,2828900
2026-04-29 00:00:00-04:00,163.0940147595661,174.95450996009953,162.94588816149673,171.3302001953125,3756700
2026-04-30 00:00:00-04:00,170.43152245417266,177.1468710490732,169.3452105238102,176.9197235107422,3613300
2026-05-01 00:00:00-04:00,175.78404661105756,178.0060359642872,170.62903010605837,173.99658203125,2431700
2026-05-04 00:00:00-04:00,173.98668453976728,178.42079284830024,172.949768303529,176.24818420410156,2368800
2026-05-05 00:00:00-04:00,176.53458860770195,179.15160746207965,175.71491957496838,178.0159149169922,1687800
2026-05-06 00:00:00-04:00,171.38944944015083,173.2657899883039,167.7750097883648,169.5822296142578,2379200
2026-05-07 00:00:00-04:00,166.29368177708488,168.09103150036185,163.3804098753539,166.2146759033203,2477500
2026-05-08 00:00:00-04:00,165.98753709576619,169.81923894846452,164.743228536357,169.42420959472656,2917700
2026-05-11 00:00:00-04:00,171.34993537693256,174.14470597355498,169.42421431391134,173.17691040039062,2432400
2026-05-12 00:00:00-04:00,174.63848298430997,175.43839673562857,172.92015420557513,173.24603271484375,3256900
2026-05-13 00:00:00-04:00,173.96696696665376,174.81626132781477,168.71318904206922,169.68099975585938,3347000
2026-05-14 00:00:00-04:00,170.09575508632452,171.43882477604762,168.56504833373262,169.3748321533203,2186000
2026-05-15 00:00:00-04:00,171.2314390267821,174.34221813583838,170.96479608151645,174.00645446777344,2066200
2026-05-18 00:00:00-04:00,172.57405496425054,179.1193172946621,170.9327571278464,178.85073852539062,1984000
2026-05-19 00:00:00-04:00,180.05435211138476,182.7301526829778,176.82151048870904,181.41712951660156,2842200
2026-05-20 00:00:00-04:00,181.98409931208406,183.74475871998484,176.363934963782,178.39315795898438,2240000
2026-05-21 00:00:00-04:00,180.32292837500094,180.67108661617513,172.3154254320649,173.131103515625,2718200
2026-05-22 00:00:00-04:00,173.44939769556132,177.24923704941963,172.5939375128444,176.7518768310547,1898500
2026-05-26 00:00:00-04:00,174.7723890348385,178.9800525052422,172.8724692346664,172.96200561523438,1748500
2026-05-27 00:00:00-04:00,170.44535644411553,175.6178997868687,169.1223764144067,173.70803833007812,2388000
2026-05-28 00:00:00-04:00,176.3141961866931,178.45283903952773,175.10063604804682,175.7770538330078,2234100
2026-05-29 00:00:00-04:00,175.04096773549753,176.47336768512926,173.41956846220185,174.95144653320312,3299000
2026-06-01 00:00:00-04:00,177.06024233062587,181.6558460104884,176.31420198372717,179.28842163085938,1881200
2026-06-02 00:00:00-04:00,178.59210091342854,182.23278136240927,178.32353732326308,181.59616088867188,1309300
2026-06-03 00:00:00-04:00,183.02856867132857,186.52998901755404,181.24802568713196,183.70497131347656,1846200
2026-06-04 00:00:00-04:00,181.41712881310886,185.20701147217096,180.22345207601163,183.16783142089844,1309800
2026-06-05 00:00:00-04:00,182.66051785254913,185.06773947748928,180.1538181130806,182.11341857910156,2229200
2026-06-08 00:00:00-04:00,184.05313022754078,187.00745128389045,181.1982872910384,182.45162963867188,1938100
2026-06-09 00:00:00-04:00,181.14854339277372,182.02390225371346,176.02573910029605,178.05496215820312,1682400
2026-06-10 00:00:00-04:00,179.92504330713288,184.998108592585,178.75126526092,180.76060485839844,2029300
2026-06-11 00:00:00-04:00,184.30179911031433,184.7693189242734,176.93091711906632,177.1597137451172,2035100
2026-06-12 00:00:00-04:00,176.67229678069756,180.90980036275653,175.7770544619425,178.50257873535156,2706700
2026-06-15 00:00:00-04:00,172.67352019175183,173.5787194488447,170.11709651432506,172.3452606201172,3029300
2026-06-16 00:00:00-04:00,169.74904025439173,172.1264215442352,169.51031705830246,171.0919189453125,1802800
2026-06-17 00:00:00-04:00,170.7437578832621,171.0322353113946,166.0287926998947,166.28741455078125,4311100
2026-06-18 00:00:00-04:00,164.8152419701066,166.11832339577214,163.2336400188742,165.2628631591797,5626600
2026-06-22 00:00:00-04:00,165.4419119332063,168.2470156994158,163.9398743450536,167.5208740234375,3796700
2026-06-23 00:00:00-04:00,167.61039188591434,170.9029140695186,166.07852910733632,169.440673828125,3320200
2026-06-24 00:00:00-04:00,166.49632194234437,169.35116491680097,164.59640214690484,167.74966430664062,3363900
2026-06-25 00:00:00-04:00,166.03873657094758,172.11647915972767,165.98899751253856,170.85317993164062,2784100
2026-06-26 00:00:00-04:00,170.09719693412558,172.69341791551247,169.8485168216488,170.74375915527344,3027200
2026-06-29 00:00:00-04:00,173.07142271501914,177.05030465652973,172.6635836732391,173.131103515625,2680300
2026-06-30 00:00:00-04:00,174.15566453797913,174.7027638410122,167.93866149948988,168.15750122070312,3668100
2026-07-01 00:00:00-04:00,168.81401577265933,173.6682412913069,168.79411711357534,173.57872009277344,2481500
2026-07-02 00:00:00-04:00,175.070805642794,178.21412602324668,173.66824611390322,175.48858642578125,1957500
2026-07-06 00:00:00-04:00,174.5137624796083,178.29370331845848,174.5137624796083,176.39378356933594,1921300
2026-07-07 00:00:00-04:00,177.6272341422138,179.93497764286755,174.95143376194474,177.8957977294922,2516600
2026-07-08 00:00:00-04:00,181.47680680695493,188.8675726880993,180.661128727772,186.81845092773438,3816900
2026-07-09 00:00:00-04:00,187.9822638739063,189.65340210020815,186.23156136951184,188.81784057617188,2599400
2026-07-10 00:00:00-04:00,190.82716237416182,192.02082384654523,185.1075199398552,187.36553955078125,2664500
2026-07-13 00:00:00-04:00,191.22507149465287,197.53159572658274,190.11097423029085,197.2431182861328,3092100
2026-07-14 00:00:00-04:00,198.94408723619128,200.5953268030267,197.41222444289352,200.3864288330078,2853200
2026-07-15 00:00:00-04:00,199.30219739976542,199.4016755197661,193.17471555653782,195.12437438964844,2471200
2026-07-16 00:00:00-04:00,197.26300762218324,201.64972839633634,196.57664809147812,200.2571258544922,2627700
2026-07-17 00:00:00-04:00,204.5344092489153,206.04638854716615,202.37586774470265,205.7678680419922,2363300
2026-07-20 00:00:00-04:00,204.9820492725046,209.93575283594063,204.9820492725046,207.6976318359375,2119300
2026-07-21 00:00:00-04:00,209.76666163679303,211.26868411144582,208.27458090287024,211.14932250976562,2241400
2026-07-22 00:00:00-04:00,214.8596169777681,214.93919643507334,209.1598730550677,210.29385375976562,2584300
2026-07-23 00:00:00-04:00,213.44711915239546,214.17326084177546,204.6736773675466,205.88723754882812,3809000
2026-07-24 00:00:00-04:00,205.12131893941924,209.52792342495755,204.26585871081454,205.67835998535156,1664600
2026-07-27 00:00:00-04:00,202.82349136168986,207.84683261232618,199.73986710893033,206.72280883789062,1935600
2026-07-28 00:00:00-04:00,207.38927553590014,209.0007178346833,204.0967380418951,204.76321411132812,2092100
2026-07-29 00:00:00-04:00,208.89130040211015,210.5425400385401,204.912418489689,205.7181396484375,2270900
2026-07-30 00:00:00-04:00,203.91768818194504,210.56241336983595,202.8334465558502,209.48812866210938,1982000
2026-07-31 00:00:00-04:00,212.37282226335827,212.86024076222387,207.75731984799577,210.5624237060547,2913500
2026-08-03 00:00:00-04:00,208.0457739141266,210.47289421576986,203.97737095809524,205.10140991210938,1992200
2026-08-04 00:00:00-04:00,201.36125432334677,205.74797517056408,199.54092924841348,204.80299377441406,3489900
2026-08-05 00:00:00-04:00,208.71225874828102,210.31374415265918,199.25245725358963,201.4806365966797,3833900
2026-08-06 00:00:00-04:00,207.86673430996382,209.16981567507955,200.18749119735236,204.43495178222656,2547600
2026-08-07 00:00:00-04:00,201.37121004367827,204.95219455171085,199.441449944872,202.8334503173828,2909000
2026-08-10 00:00:00-04:00,206.81233311437651,214.71041594308812,205.87729345964024,214.3821563720703,3081300
2026-08-11 00:00:00-04:00,213.86489225095497,223.49377871884332,213.0790697904072,223.17547607421875,2913700
2026-08-12 00:00:00-04:00,220.06199811203564,225.403657181971,220.06199811203564,224.3890380859375,2575400
2026-08-13 00:00:00-04:00,222.78754329761279,231.66044800559754,222.24044400735306,231.38192749023438,2392500
2026-08-14 00:00:00-04:00,231.43166654509335,234.89328950614092,228.20876678107888,232.37664794921875,2654200
2026-08-17 00:00:00-04:00,233.2619521100485,239.3993756384221,231.7300892522246,239.28001403808594,3820900
2026-08-18 00:00:00-04:00,240.0,243.60000610351562,238.1999969482422,243.49000549316406,3108100
2026-08-19 00:00:00-04:00,244.24000549316406,244.72999572753906,240.22000122070312,242.2899932861328,2998000
2026-08-20 00:00:00-04:00,243.25999450683594,246.9499969482422,239.27999877929688,240.0,3109800
2026-08-21 00:00:00-04:00,240.27999877929688,244.47000122070312,240.0,242.8699951171875,2653800
2026-08-24 00:00:00-04:00,241.10000610351562,246.0,239.50999450683594,241.9600067138672,2301400
2026-08-25 00:00:00-04:00,239.5,242.0,236.55999755859375,236.89999389648438,2176000
2026-08-26 00:00:00-04:00,234.05999755859375,244.14999389648438,233.5500030517578,242.22999572753906,2235000
2026-08-27 00:00:00-04:00,242.52999877929688,244.64999389648438,237.1300048828125,239.80999755859375,2419900
2026-08-28 00:00:00-04:00,241.22000122070312,244.66000366210938,239.8699951171875,244.00999450683594,1728500
2026-08-31 00:00:00-04:00,248.1199951171875,250.66000366210938,243.14999389648438,246.5800018310547,4438400
