Date,Open,High,Low,Close,Volume
2017-01-03 00:00:00-05:00,134.91230322282746,136.02753913449345,133.5614513897845,134.41751098632812,342100
2017-01-04 00:00:00-05:00,134.6846268925767,136.89153960250331,134.48042071641544,135.68991088867188,325900
2017-01-05 00:00:00-05:00,135.32864523848633,136.29465799349427,133.35734838410247,134.8495635986328,228700
2017-01-06 00:00:00-05:00,135.08515741600576,136.64806558637076,134.48827382535904,136.01976013183594,228900
2017-01-09 00:00:00-05:00,136.26320090428428,136.87579531562966,135.93334329693886,136.64804077148438,338100
2017-01-10 00:00:00-05:00,136.3495952467188,138.83139479047776,136.3495952467188,138.43870544433594,463800
2017-01-11 00:00:00-05:00,138.50939533476893,139.49896823487657,137.92821075182587,139.33404541015625,396200
2017-01-12 00:00:00-05:00,139.2947419122267,139.5460568198417,137.36270538126564,139.38113403320312,410900
2017-01-13 00:00:00-05:00,139.7266995297355,140.2450522445116,138.53292078829142,139.11410522460938,231600
2017-01-17 00:00:00-05:00,138.52509578082837,138.8470919326978,136.29461121592487,136.98574829101562,370000
2017-01-18 00:00:00-05:00,137.37055788325014,138.3836908869178,136.94644677739856,137.5983123779297,241700
2017-01-19 00:00:00-05:00,137.4805314894428,138.63503903351088,136.85222618906346,137.3391571044922,233400
2017-01-20 00:00:00-05:00,137.93605336622747,138.2030792257262,136.53021889994082,137.3155975341797,235900
2017-01-23 00:00:00-05:00,137.31562993437564,137.85754323729546,135.35218288549498,136.3810272216797,223700
2017-01-24 00:00:00-05:00,136.86794246847697,139.77384111442987,136.86794246847697,139.3104705810547,316900
2017-01-25 00:00:00-05:00,140.30793085100615,140.6770598799862,138.5800997274,140.59066772460938,332900
2017-01-26 00:00:00-05:00,140.55138108896043,141.72944916967145,139.608917037249,141.38388061523438,465200
2017-01-27 00:00:00-05:00,141.82369911719962,141.94936259600433,140.83412618545267,141.84725952148438,432700
2017-01-30 00:00:00-05:00,142.34203436716814,142.5933493097531,140.94406129424328,142.530517578125,495400
2017-01-31 00:00:00-05:00,141.97289501162402,142.63261016939848,139.97802662663855,142.5697784423828,818900
2017-02-01 00:00:00-05:00,142.72684537794083,142.72684537794083,139.83665796817692,141.603759765625,897800
2017-02-02 00:00:00-05:00,138.03035510359354,140.12731553252934,129.01420780993803,131.142578125,2264400
2017-02-03 00:00:00-05:00,133.4751267295266,136.20039216643048,131.9593513743472,133.34161376953125,1233800
2017-02-06 00:00:00-05:00,133.85210293683258,134.06415856802408,130.80484134634125,131.82583618164062,802600
2017-02-07 00:00:00-05:00,132.12429720714064,132.3049429938037,130.69491375190404,131.0169219970703,565000
2017-02-08 00:00:00-05:00,131.1739368123061,131.29173880845246,130.16079170974177,130.8519287109375,447600
2017-02-09 00:00:00-05:00,130.89901473724086,133.4514945030641,130.5691572517283,132.4933319091797,837600
2017-02-10 00:00:00-05:00,132.9410931962584,133.60865808816257,132.57981361998637,133.4280242919922,348700
2017-02-13 00:00:00-05:00,134.29976302086732,135.55637378422458,134.087707407966,134.97518920898438,404900
2017-02-14 00:00:00-05:00,135.08513128409172,135.99617341773165,133.20807674153613,135.80767822265625,576600
2017-02-15 00:00:00-05:00,135.47788202271929,138.05392427000186,135.27368779011826,137.71621704101562,553200
2017-02-16 00:00:00-05:00,138.01461367803122,138.20310890494173,135.3600414733029,136.11399841308594,585900
2017-02-17 00:00:00-05:00,135.65062367856132,136.38888164830965,135.08514999892125,135.53282165527344,480900
2017-02-21 00:00:00-05:00,135.78412306611668,136.42813935288808,134.77883928807222,135.3914337158203,517200
2017-02-22 00:00:00-05:00,135.2415881040006,135.7147568723806,134.23214695793806,134.84727478027344,568000
2017-02-23 00:00:00-05:00,135.37569928140377,135.59651385519268,134.0113660526822,134.8788604736328,272900
2017-02-24 00:00:00-05:00,134.06656611086717,135.13909912109375,133.00980900720756,135.13909912109375,493600
2017-02-27 00:00:00-05:00,135.1548354894706,135.72264762486463,134.29522331865994,134.93402099609375,351800
2017-02-28 00:00:00-05:00,134.57915581020447,134.89461374374363,133.1990589388813,133.80630493164062,372800
2017-03-01 00:00:00-05:00,135.83310032215147,137.6153927674843,135.3126036849643,136.3141632080078,584900
2017-03-02 00:00:00-05:00,136.72423945989414,136.82676480585494,134.64226496090262,134.9182891845703,350200
2017-03-03 00:00:00-05:00,134.9103773489219,134.9103773489219,133.27791427960017,134.45297241210938,434900
2017-03-06 00:00:00-05:00,133.7274075701299,134.14537867179524,132.97032080035748,133.2857666015625,369300
2017-03-07 00:00:00-05:00,133.39619306173304,134.05075462538713,132.76530136839253,132.85205078125,245700
2017-03-08 00:00:00-05:00,133.04129430060573,134.11382687158317,132.8441376664811,133.2857666015625,269300
2017-03-09 00:00:00-05:00,133.2858248554312,134.24006867638982,132.22118578593887,132.7574462890625,300400
2017-03-10 00:00:00-05:00,132.8757145880933,134.21637754690852,132.85993868500466,133.9403533935547,310300
2017-03-13 00:00:00-04:00,133.52243261201235,134.72114899596008,133.34105177523833,134.6659393310547,460800
2017-03-14 00:00:00-04:00,133.90885199123514,134.46877035969428,133.1990805507274,133.63282775878906,297100
2017-03-15 00:00:00-04:00,134.03500767944703,136.54283496752484,134.00345587070373,135.84095764160156,343000
2017-03-16 00:00:00-04:00,136.21162275334916,137.02390740000524,135.9750323050972,136.34568786621094,338700
2017-03-17 00:00:00-04:00,136.84255035140689,136.9292997963705,135.81733292006209,136.33782958984375,341000
2017-03-20 00:00:00-04:00,136.33780052038432,136.43243188253416,135.30470137195007,135.4387664794922,224900
2017-03-21 00:00:00-04:00,136.1406417931821,136.63746847053648,133.19117337084717,133.711669921875,357800
2017-03-22 00:00:00-04:00,133.27794280701127,133.27794280701127,130.80953682028255,131.84263610839844,816200
2017-03-23 00:00:00-04:00,132.43409117300175,133.12808659946546,130.99879667148522,131.19595336914062,673500
2017-03-24 00:00:00-04:00,131.5823372204635,131.9845324061049,129.88678301400603,130.53346252441406,588900
2017-03-27 00:00:00-04:00,129.82375118627462,130.31270802730958,127.9468274228206,130.05245971679688,589400
2017-03-28 00:00:00-04:00,129.8710697197734,132.6864734769045,129.46887434025095,132.2921600341797,325900
2017-03-29 00:00:00-04:00,132.07919434327366,132.89147886927404,131.858379833302,131.91358947753906,283200
2017-03-30 00:00:00-04:00,131.85047623608773,133.22267874639564,131.46404489038196,132.73373413085938,260100
2017-03-31 00:00:00-04:00,132.4656637619828,133.56185469155596,132.26850703340133,133.0177001953125,597000
2017-04-03 00:00:00-04:00,133.01765171007594,133.3961891215969,130.6123380914262,131.8741455078125,454300
2017-04-04 00:00:00-04:00,131.8899322070949,132.30000942252778,129.51615816445292,129.91836547851562,501900
2017-04-05 00:00:00-04:00,130.2653482967663,131.29845934832417,128.46728044187617,128.65655517578125,455700
2017-04-06 00:00:00-04:00,128.92468252380317,130.5729213824711,128.55402703231454,129.65811157226562,447400
2017-04-07 00:00:00-04:00,129.4924861441057,130.7227417226409,129.40573673620963,129.6344451904297,522700
2017-04-10 00:00:00-04:00,129.64233229859155,130.41518303301902,129.23224307821704,129.62655639648438,316800
2017-04-11 00:00:00-04:00,129.41365412746606,130.30479416970803,128.71965873868504,130.27325439453125,530700
2017-04-12 00:00:00-04:00,130.2180522867634,130.70700908148686,127.82851406523373,128.25437927246094,798800
2017-04-13 00:00:00-04:00,128.05716510044383,128.4987939812191,127.2606446950956,127.27642059326172,489300
2017-04-17 00:00:00-04:00,127.68658370227743,128.94837951660156,127.0241399972454,128.94837951660156,671100
2017-04-18 00:00:00-04:00,128.2543281491809,129.03506066207427,126.10926316330942,128.79058837890625,808600
2017-04-19 00:00:00-04:00,129.7291673557517,130.54145236496524,127.71816569824918,129.15347290039062,957100
2017-04-20 00:00:00-04:00,130.40729530514378,137.20525275934568,130.40729530514378,136.53492736816406,1732100
2017-04-21 00:00:00-04:00,136.4482437300013,139.00338744902842,136.4482437300013,138.1753387451172,838700
2017-04-24 00:00:00-04:00,140.02856563509593,140.21784038962625,137.22893822930132,138.2147216796875,657300
2017-04-25 00:00:00-04:00,138.94815191795138,139.5238460881316,137.77309370378515,137.93081665039062,522300
2017-04-26 00:00:00-04:00,138.10432472803754,138.10432472803754,134.14542675975363,134.24794006347656,1114500
2017-04-27 00:00:00-04:00,134.35833040060496,135.0681016685129,134.07442430013953,134.31890869140625,619600
2017-04-28 00:00:00-04:00,134.45299306370535,134.83941251036524,131.53506415538854,132.11865234375,780800
2017-05-01 00:00:00-04:00,132.78897448604386,132.78897448604386,131.46407530389172,132.08709716796875,740800
2017-05-02 00:00:00-04:00,132.15019612912286,133.16751938696498,131.96880330447314,133.15963745117188,552700
2017-05-03 00:00:00-04:00,133.15959705684966,133.15959705684966,131.5586861317334,131.88990783691406,627200
2017-05-04 00:00:00-04:00,132.08708443557742,134.06653303241208,132.07919046749618,133.87725830078125,455500
2017-05-05 00:00:00-04:00,134.2715609977194,134.445059812933,132.5208089776453,134.42140197753906,317500
2017-05-08 00:00:00-04:00,133.82209064863906,134.95771522566545,133.82209064863906,134.46087646484375,297400
2017-05-09 00:00:00-04:00,134.65798766620716,135.30466723370847,134.21635870961435,134.6106719970703,310700
2017-05-10 00:00:00-04:00,134.60282072620174,135.47031504717057,134.33469049371698,134.72900390625,322400
2017-05-11 00:00:00-04:00,134.4214304729807,135.42298983975988,132.82840102899553,135.1075439453125,365200
2017-05-12 00:00:00-04:00,134.72898714169037,135.04444505255807,133.43563979085508,134.06654357910156,865600
2017-05-15 00:00:00-04:00,134.06654856847078,135.14696337386482,134.06654856847078,134.79208374023438,446100
2017-05-16 00:00:00-04:00,134.88668926234422,135.10751578261429,133.5933421111205,134.602783203125,649200
2017-05-17 00:00:00-04:00,134.60281846397834,134.60281846397834,129.9542458837071,130.00967407226562,633300
2017-05-18 00:00:00-04:00,130.0096378558531,131.00745372575113,128.25949963362106,130.12843322753906,695400
2017-05-19 00:00:00-04:00,130.4135127220858,131.66474904744103,129.1781181963244,131.2292022705078,553000
2017-05-22 00:00:00-04:00,131.45886075772597,132.0607162520078,129.42361837832354,129.7958221435547,595300
2017-05-23 00:00:00-04:00,129.75623375870788,130.1205105762163,128.8930308641708,129.24940490722656,502000
2017-05-24 00:00:00-04:00,129.55033800309855,129.55033800309855,127.76060110720054,128.42581176757812,441900
2017-05-25 00:00:00-04:00,128.55252572957517,128.65547931704643,125.91542758851979,126.86573028564453,916300
2017-05-26 00:00:00-04:00,126.46188278297127,127.32507388453551,125.43238293304032,127.26964569091797,493100
2017-05-30 00:00:00-04:00,126.40643437519427,127.57848623173331,125.93128899454214,126.43019104003906,380100
2017-05-31 00:00:00-04:00,126.65983715433981,128.57628438025944,125.55906753041786,128.02194213867188,836300
2017-06-01 00:00:00-04:00,128.27536952887442,130.080948573534,127.49137541544057,129.43157958984375,548300
2017-06-02 00:00:00-04:00,130.04927197066974,131.01541658993895,128.71092350215304,128.88514709472656,572700
2017-06-05 00:00:00-04:00,128.35456649875798,129.66915835481248,127.8952508351815,129.13064575195312,413700
2017-06-06 00:00:00-04:00,129.2890148136387,129.69290224694515,128.37039566071297,128.59213256835938,400700
2017-06-07 00:00:00-04:00,128.70298239908314,128.7584105760968,126.9765886293507,127.41214752197266,417700
2017-06-08 00:00:00-04:00,127.41221029656357,127.41221029656357,122.5260576008501,124.23661041259766,1335600
2017-06-09 00:00:00-04:00,124.22075260479288,125.12354223631216,122.35973306081294,124.7354965209961,1105600
2017-06-12 00:00:00-04:00,125.12352119011383,126.31931758044954,123.88812633201744,124.70380401611328,493200
2017-06-13 00:00:00-04:00,124.96516292275614,125.52742018601171,124.25242662018567,124.93347930908203,531800
2017-06-14 00:00:00-04:00,125.1235525554098,125.1235525554098,123.50011164031253,124.34747314453125,577100
2017-06-15 00:00:00-04:00,123.50797719948443,124.33156954073743,122.60518794222027,123.6663589477539,561400
2017-06-16 00:00:00-04:00,123.69012405297342,125.12349891089383,123.42087385415212,125.09182739257812,660000
2017-06-19 00:00:00-04:00,125.12350907624023,125.49571288639524,123.45255540206178,124.83841705322266,587400
2017-06-20 00:00:00-04:00,124.33156000361005,124.79879035447857,123.81681634028057,123.8484878540039,427800
2017-06-21 00:00:00-04:00,123.61884452331871,123.62675938134774,121.10053003852694,121.35395050048828,731400
2017-06-22 00:00:00-04:00,121.34607793740257,123.28628239421418,120.76006400307439,122.56564331054688,566900
2017-06-23 00:00:00-04:00,122.81112870185082,123.76143162880686,122.00336577624739,122.32805633544922,1266600
2017-06-26 00:00:00-04:00,122.62892881119345,124.22068511454742,122.39926503458314,123.57923126220703,352500
2017-06-27 00:00:00-04:00,123.47628060646034,123.93559608673613,122.59724809974749,122.66851806640625,445400
2017-06-28 00:00:00-04:00,122.89025451521347,123.9831090021665,122.6764446159195,123.47628021240234,569700
2017-06-29 00:00:00-04:00,123.85642306932694,124.83840932868235,123.12785729641959,123.94353485107422,795600
2017-06-30 00:00:00-04:00,124.09401259847691,125.85207810464,124.05441413353982,125.1235122680664,771400
2017-07-03 00:00:00-04:00,125.71747524493753,126.50148148795614,125.05226441775892,125.78083038330078,401300
2017-07-05 00:00:00-04:00,126.12131218600659,126.25593728255386,122.55766830547971,124.2999038696289,758900
2017-07-06 00:00:00-04:00,123.57928674526775,124.13362908359467,121.85289251018486,122.20926666259766,860800
2017-07-07 00:00:00-04:00,122.39138543679768,123.94354373440031,122.02709648235762,123.53175354003906,549000
2017-07-10 00:00:00-04:00,122.84275228984933,123.53173161211497,121.98747636423698,122.0666732788086,605000
2017-07-11 00:00:00-04:00,121.95579325473618,122.35175362244635,120.9975638480269,121.54399108886719,920000
2017-07-12 00:00:00-04:00,121.95585137736161,122.85072610167313,120.84716665288848,121.11641693115234,670200
2017-07-13 00:00:00-04:00,121.16393134969074,122.2251027502987,120.76797078972444,122.1775894165039,1019300
2017-07-14 00:00:00-04:00,122.2646650930718,123.74555328293171,122.06668487159304,123.3337631225586,646000
2017-07-17 00:00:00-04:00,123.88809437083887,126.50935033802602,123.53964727844794,125.9312515258789,931200
2017-07-18 00:00:00-04:00,125.57491299562354,126.01045985859047,123.81684748976798,124.08609771728516,887500
2017-07-19 00:00:00-04:00,124.09402712149986,125.0918553861709,123.60303993333243,124.89387512207031,1154900
2017-07-20 00:00:00-04:00,126.70735541855507,128.67924298740814,118.3921852192124,119.0573959350586,2289700
2017-07-21 00:00:00-04:00,119.16822739047541,120.76791063944499,117.7269379536078,118.7881088256836,1522400
2017-07-24 00:00:00-04:00,118.68519531776177,118.78814891362197,115.99266877588849,116.8162612915039,1285900
2017-07-25 00:00:00-04:00,117.01423712094446,118.81190109007117,116.42029639880502,118.74063110351562,1092100
2017-07-26 00:00:00-04:00,118.94652684419535,119.47711244211303,118.11500741197169,118.81981658935547,1300200
2017-07-27 00:00:00-04:00,118.85150949283522,122.78735797401222,118.05167360362692,122.6527328491211,1697300
2017-07-28 00:00:00-04:00,121.95583860178513,123.23874680339162,120.6254170717867,120.71251678466797,1209800
2017-07-31 00:00:00-04:00,120.96592148046673,122.32802644026955,119.2870529836767,122.11420440673828,725100
2017-08-01 00:00:00-04:00,122.4626154830926,123.89599000403328,120.5382539992885,121.13219451904297,742200
2017-08-02 00:00:00-04:00,121.12429936825518,121.89246360877999,120.00768799795573,121.1559829711914,464200
2017-08-03 00:00:00-04:00,121.15598868725736,122.20131804214529,120.80754154104321,121.04512023925781,470500
2017-08-04 00:00:00-04:00,121.03720156498255,121.43316206113893,120.17401058346292,120.97384643554688,409900
2017-08-07 00:00:00-04:00,121.97167206377935,123.43671861860747,121.19558080727049,122.7081527709961,481200
2017-08-08 00:00:00-04:00,122.74773717682417,123.44463142243572,121.87661936980973,122.13795471191406,543600
2017-08-09 00:00:00-04:00,122.51017506302587,123.42089145420826,122.17756969638933,122.90613555908203,670200
2017-08-10 00:00:00-04:00,122.08252767478234,122.81900830452635,120.40364716591013,120.98175811767578,574800
2017-08-11 00:00:00-04:00,120.76003138130656,122.19340638361561,120.64916293040297,120.73627471923828,603100
2017-08-14 00:00:00-04:00,121.5202383091139,121.93204048811639,120.48282404602752,121.76573181152344,495700
2017-08-15 00:00:00-04:00,121.7657777639734,121.81330317790089,119.56423818516618,119.99188232421875,502600
2017-08-16 00:00:00-04:00,120.08734326863987,120.60452259909117,118.98935548801862,120.5567855834961,506800
2017-08-17 00:00:00-04:00,120.3896978750311,121.09782529131266,118.35283753789064,118.40853881835938,425400
2017-08-18 00:00:00-04:00,117.81176504844755,118.67901963149122,117.66058978081506,117.7242431640625,757700
2017-08-21 00:00:00-04:00,116.0295272924198,116.78539162383139,112.37750028376365,112.74349212646484,1854200
2017-08-22 00:00:00-04:00,112.9424309828376,113.60282144803574,112.05130753131554,112.98221588134766,1291300
2017-08-23 00:00:00-04:00,112.78326821309773,114.11200085086521,112.47296552692019,112.5923080444336,871000
2017-08-24 00:00:00-04:00,112.87876469772097,113.76990018824125,112.47298791675533,113.64259338378906,639400
2017-08-25 00:00:00-04:00,113.68238675371796,116.76949807766015,113.61873334674598,115.29755401611328,655700
2017-08-28 00:00:00-04:00,115.62375830076455,115.74310083558157,114.62919670847465,115.17818450927734,320400
2017-08-29 00:00:00-04:00,114.71669623808305,116.52282332791188,114.44617842287157,115.92608642578125,620100
2017-08-30 00:00:00-04:00,115.91017018469238,116.29209054378822,114.93948932542635,116.28412628173828,512500
2017-08-31 00:00:00-04:00,116.53878973914169,117.76408469562836,116.36374586812238,117.41400909423828,442300
2017-09-01 00:00:00-04:00,117.75611435825874,117.81181564526291,116.1011621049948,116.17276763916016,425100
2017-09-05 00:00:00-04:00,116.14888897937766,116.14888897937766,114.72468198150302,115.1065902709961,613300
2017-09-06 00:00:00-04:00,115.60783160090226,116.5626082161826,114.71669623808305,115.92608642578125,411100
2017-09-07 00:00:00-04:00,115.8067300225553,116.52280936303495,115.40094120772719,116.43528747558594,341400
2017-09-08 00:00:00-04:00,116.17275202684864,117.27870408825727,115.85449715734136,116.96044921875,298700
2017-09-11 00:00:00-04:00,117.75609820311986,117.75609820311986,116.54670784922072,117.1275405883789,378400
2017-09-12 00:00:00-04:00,117.41399397628237,118.93367518351788,116.98433647886628,118.84615325927734,369400
2017-09-13 00:00:00-04:00,118.59149304136619,119.23596682779166,118.24140551771754,118.52783966064453,436900
2017-09-14 00:00:00-04:00,118.52790020874824,118.52790020874824,116.7058561591711,116.96842193603516,611800
2017-09-15 00:00:00-04:00,116.7376478966565,117.09568759718408,115.83060832301994,116.68991088867188,779600
2017-09-18 00:00:00-04:00,117.04795058919946,117.19912587491271,116.23638503153214,116.68991088867188,565400
2017-09-19 00:00:00-04:00,116.84907521886993,117.69246166814935,116.34781219535047,116.80133819580078,476400
2017-09-20 00:00:00-04:00,117.07188723318808,118.83823040055104,116.67406241424416,118.59953308105469,577400
2017-09-21 00:00:00-04:00,118.6949573713685,119.1007462865175,118.09822039322694,118.21757507324219,453800
2017-09-22 00:00:00-04:00,118.22554079605159,118.94958465991051,117.82771609819235,118.8063735961914,423100
2017-09-25 00:00:00-04:00,118.80640975692152,118.90983595420494,118.36083576155835,118.59953308105469,746900
2017-09-26 00:00:00-04:00,118.71882256702906,119.59402940332976,117.73221318762339,119.05299377441406,431500
2017-09-27 00:00:00-04:00,119.46673415703296,119.64974223211688,118.4005670389674,119.38717651367188,541800
2017-09-28 00:00:00-04:00,119.18029769762715,119.34738938464913,116.99226222557525,117.27074432373047,808700
2017-09-29 00:00:00-04:00,117.19912385731219,118.71881666875646,117.19912385731219,118.55967712402344,495400
2017-10-02 00:00:00-04:00,118.67112135074812,118.86208160666261,117.44582642874603,117.67655944824219,843300
2017-10-03 00:00:00-04:00,117.779935706544,119.87249673174125,116.53872504878079,119.86453247070312,711300
2017-10-04 00:00:00-04:00,119.74522883246084,120.84322883566547,119.42697394431394,120.4931411743164,518700
2017-10-05 00:00:00-04:00,120.62841250713667,120.8671097681033,117.75611753303606,118.22554779052734,867600
2017-10-06 00:00:00-04:00,117.99479785435649,118.7983993055751,117.24688554300191,118.7665786743164,778000
2017-10-09 00:00:00-04:00,118.8938379800764,120.29418815188957,118.75062697103641,120.09527587890625,374600
2017-10-10 00:00:00-04:00,120.39763797420741,120.78749829666152,119.3553273655984,119.5462875366211,368700
2017-10-11 00:00:00-04:00,119.50649118024467,120.27827177067124,119.1404993967147,120.09527587890625,432200
2017-10-12 00:00:00-04:00,120.11915720480542,121.16145568401517,119.84863939842057,120.62837219238281,517300
2017-10-13 00:00:00-04:00,120.98643253780406,121.90143653172912,120.72386680775487,120.94664764404297,481800
2017-10-16 00:00:00-04:00,120.81933856301386,121.07393999954112,119.71338663604566,120.95459747314453,640900
2017-10-17 00:00:00-04:00,120.87501520000794,121.68658071754223,120.5090233964627,121.13758087158203,478100
2017-10-18 00:00:00-04:00,121.14553793806743,123.55635394563748,121.14553793806743,122.14806365966797,1055700
2017-10-19 00:00:00-04:00,124.04968011402335,124.86919788766485,118.22552165290514,124.2724609375,1400000
2017-10-20 00:00:00-04:00,124.57477062325381,127.92444613777421,123.82685861555368,127.3993148803711,2093100
2017-10-23 00:00:00-04:00,128.66446609823464,129.6033265355968,127.82903182424452,129.01454162597656,1368100
2017-10-24 00:00:00-04:00,129.6112154858371,129.73852223786412,128.62461850922801,129.14974975585938,1146900
2017-10-25 00:00:00-04:00,128.81557024371264,129.03835099592027,125.85575494650783,127.24018859863281,788100
2017-10-26 00:00:00-04:00,127.47095637578124,128.25864126867214,126.38887304010808,126.88217163085938,768100
2017-10-27 00:00:00-04:00,126.81856059079627,127.25617020000365,125.2113453627285,126.07064819335938,1060800
2017-10-30 00:00:00-04:00,125.9274130991876,126.10245690947345,124.09741735388202,124.98854064941406,557000
2017-10-31 00:00:00-04:00,125.17154476798164,126.28544885220627,124.85327778631464,125.53753662109375,390100
2017-11-01 00:00:00-04:00,125.84784050799145,126.19792812075146,124.42363369132951,125.99901580810547,526400
2017-11-02 00:00:00-04:00,125.97513843266799,126.69121785152099,125.13970435024402,126.11039733886719,364200
2017-11-03 00:00:00-04:00,126.09449108452209,126.51618422026493,125.68871433332923,125.88762664794922,462000
2017-11-06 00:00:00-05:00,125.57735825771498,127.37552170289568,125.17953351970309,126.62760925292969,475100
2017-11-07 00:00:00-05:00,126.96179629551742,127.12887589142957,125.35458090926272,126.15023040771484,571400
2017-11-08 00:00:00-05:00,125.97513832965858,126.00695895553223,123.77915092508091,125.17948913574219,1191200
2017-11-09 00:00:00-05:00,124.6862199341172,125.23520780928597,124.0974350210926,124.76577758789062,427700
2017-11-10 00:00:00-05:00,124.25653471370798,124.88510438353673,123.4927182767395,124.01783752441406,357900
2017-11-13 00:00:00-05:00,123.75528901771244,125.78419719752573,123.75528901771244,124.17699432373047,388400
2017-11-14 00:00:00-05:00,124.5111522132874,124.67823175261213,123.42110451395077,124.66231536865234,370400
2017-11-15 00:00:00-05:00,124.10535656352128,125.4977426382429,123.42906204018522,124.67027282714844,390400
2017-11-16 00:00:00-05:00,124.99820473312843,125.97400434633087,124.5982872590131,125.63008117675781,282000
2017-11-17 00:00:00-05:00,125.23021785494664,126.16602368449806,125.23021785494664,125.59014129638672,331800
2017-11-20 00:00:00-05:00,125.57406762930465,127.60564271650733,125.26213253547598,127.5096664428711,399500
2017-11-21 00:00:00-05:00,127.6777142602468,129.3173668798142,127.36577897796852,128.8694610595703,621200
2017-11-22 00:00:00-05:00,129.1413761458066,129.38131690388906,128.4295234196277,129.0693817138672,590400
2017-11-24 00:00:00-05:00,129.3652818480028,129.57323449739965,127.60563556652872,127.73361206054688,126100
2017-11-27 00:00:00-05:00,127.70167865998295,129.04539580837894,127.38974345021136,129.00540161132812,330700
2017-11-28 00:00:00-05:00,129.0693784665674,131.2689248600918,128.4135200701185,131.22894287109375,507600
2017-11-29 00:00:00-05:00,131.45292047666857,134.31631976303774,131.26894959275202,133.74844360351562,457400
2017-11-30 00:00:00-05:00,133.94838231803956,137.41166969175592,133.436488353132,135.51605224609375,934300
2017-12-01 00:00:00-05:00,135.34011274833026,135.4760832609429,133.00458334193718,134.572265625,617300
2017-12-04 00:00:00-05:00,135.51605587512967,139.21929631380456,135.34010338032235,138.62742614746094,846600
2017-12-05 00:00:00-05:00,137.58759460829648,138.73935874747966,136.71576534450477,136.90773010253906,418100
2017-12-06 00:00:00-05:00,136.9317551703935,137.14771404650705,134.71620871233932,134.86817932128906,423700
2017-12-07 00:00:00-05:00,135.0281496723265,136.85177248400169,134.70021439539462,136.71578979492188,323900
2017-12-08 00:00:00-05:00,137.45965525797217,138.0435314402772,136.45186746603977,137.72360229492188,395200
2017-12-11 00:00:00-05:00,138.23550401199276,138.91535653517457,136.68382194041334,137.03575134277344,666100
2017-12-12 00:00:00-05:00,137.13169788123142,137.51561523477352,136.2038864227015,136.59580993652344,350300
2017-12-13 00:00:00-05:00,136.33187808299306,137.64360704074497,136.01994291025065,136.19590759277344,415000
2017-12-14 00:00:00-05:00,136.26791998371482,136.26791998371482,132.33273223927245,132.3727264404297,702900
2017-12-15 00:00:00-05:00,133.34052575367033,135.14814883330425,132.84461965220072,134.5322723388672,761900
2017-12-18 00:00:00-05:00,135.4120741658762,138.5714201202105,135.4120741658762,138.06752014160156,656000
2017-12-19 00:00:00-05:00,138.09953996141545,138.76340460061758,136.05995788752,137.85159301757812,584800
2017-12-20 00:00:00-05:00,138.8353653553427,140.1870885027616,138.73938905761344,139.9231414794922,742100
2017-12-21 00:00:00-05:00,139.89114117014037,140.8509529649827,139.18729464630698,140.41104125976562,619600
2017-12-22 00:00:00-05:00,140.75498920881856,141.07493059818597,139.57123657944933,139.731201171875,359500
2017-12-26 00:00:00-05:00,140.0910985122406,140.6589867449716,139.51521632295507,139.82716369628906,192800
2017-12-27 00:00:00-05:00,140.04310395463912,140.7309625267765,139.83515125311416,140.29905700683594,258500
2017-12-28 00:00:00-05:00,140.3790557619885,140.83496763285422,139.05933271229915,140.6750030517578,275000
2017-12-29 00:00:00-05:00,141.37087930630727,141.37087930630727,139.34729711636055,139.41128540039062,326300
2018-01-02 00:00:00-05:00,139.63517150959487,141.6427526172486,137.80354284322536,141.4827880859375,727700
2018-01-03 00:00:00-05:00,141.31490051963723,141.5548535600052,138.90740056530606,140.12315368652344,434800
2018-01-04 00:00:00-05:00,140.67500508902532,141.4348460136237,140.0191344311619,140.90695190429688,432400
2018-01-05 00:00:00-05:00,141.35487328239728,142.91454950139513,140.99494987870804,142.7305908203125,407800
2018-01-08 00:00:00-05:00,142.4665900439464,145.32200652640668,142.01868444775943,145.1460418701172,1454300
2018-01-09 00:00:00-05:00,144.87413307849022,145.56199174084858,142.7785568534367,142.978515625,617400
2018-01-10 00:00:00-05:00,142.37065162786217,144.38623955131868,141.58681662605173,144.28225708007812,494700
2018-01-11 00:00:00-05:00,144.61018662003931,146.98569781217503,144.49020403390742,146.97769165039062,425300
2018-01-12 00:00:00-05:00,147.0096913191829,148.3454144489106,146.5937736569965,146.8417205810547,584600
2018-01-16 00:00:00-05:00,147.53757670146865,147.95348213460431,144.41821272586643,144.50619506835938,647500
2018-01-17 00:00:00-05:00,145.23401737960089,145.23401737960089,143.69833589141115,144.9060821533203,398200
2018-01-18 00:00:00-05:00,145.05809185094685,145.76195063287614,143.62639241535692,143.77835083007812,592200
2018-01-19 00:00:00-05:00,144.23427092880635,146.32184111310926,143.5544061842783,146.2018585205078,542600
2018-01-22 00:00:00-05:00,146.32183071718893,146.84171863464456,145.1860663741132,146.1218719482422,511000
2018-01-23 00:00:00-05:00,146.36985106438803,147.16968631610598,144.79417464214222,146.52981567382812,550600
2018-01-24 00:00:00-05:00,146.79373760302775,146.91370798840907,145.25006169005022,146.1858673095703,505300
2018-01-25 00:00:00-05:00,146.31381002928177,146.52177493922872,144.5861757125353,144.79412841796875,399100
2018-01-26 00:00:00-05:00,145.27403418658446,145.77792193484842,144.28223439820866,145.76992797851562,337000
2018-01-29 00:00:00-05:00,143.9702972080302,145.14605561159016,142.15466837597629,142.29864501953125,772500
2018-01-30 00:00:00-05:00,140.86694151161893,140.86694151161893,137.02774313304354,138.28347778320312,1206600
2018-01-31 00:00:00-05:00,139.0913147901413,139.50723244679247,136.74780387637733,137.01974487304688,765100
2018-02-01 00:00:00-05:00,136.04391980385336,137.30766045305026,135.2920730197541,135.87596130371094,698800
2018-02-02 00:00:00-05:00,134.87618406949122,135.6520250195173,133.18052551870036,134.2843017578125,792800
2018-02-05 00:00:00-05:00,132.9165488206194,136.6197880622212,131.26889099094683,131.4048614501953,922700
2018-02-06 00:00:00-05:00,128.43749992012238,134.36427992951346,127.98158813270169,133.62843322753906,887100
2018-02-07 00:00:00-05:00,133.38851146706983,136.5798459066967,133.10856428258654,133.2765350341797,865200
2018-02-08 00:00:00-05:00,131.17294929840924,131.25293768588475,125.18218033011888,125.35015106201172,1697000
2018-02-09 00:00:00-05:00,127.52568182733876,128.49347524775592,123.57449536269627,127.02178192138672,2047600
2018-02-12 00:00:00-05:00,128.1895687003522,129.51728562676763,126.86983352641063,127.37373352050781,761200
2018-02-13 00:00:00-05:00,127.05384276878827,127.05384276878827,124.83829556211847,126.0860366821289,747700
2018-02-14 00:00:00-05:00,125.4941316288502,127.50971964781547,125.4941316288502,127.19778442382812,466900
2018-02-15 00:00:00-05:00,128.17357862640978,129.22136068617152,127.15778460162258,128.91741943359375,492700
2018-02-16 00:00:00-05:00,128.86947343362135,131.48493856202603,128.07764421270102,128.67752075195312,721300
2018-02-20 00:00:00-05:00,127.8456403690902,129.42131650371846,127.26975811661109,128.7254638671875,732200
2018-02-21 00:00:00-05:00,128.86144204314851,129.33334185453663,126.40594226422023,126.43794250488281,614500
2018-02-22 00:00:00-05:00,127.11779769878514,129.18137390174613,126.58190959947406,127.80565643310547,438600
2018-02-23 00:00:00-05:00,128.46952636727957,128.78946777110704,127.27777972600761,128.14959716796875,262800
2018-02-26 00:00:00-05:00,128.59748687596237,128.90142812052827,126.94183455920344,128.10159301757812,486700
2018-02-27 00:00:00-05:00,128.18156882440942,129.35732739861484,126.54191663184422,126.58990478515625,549700
2018-02-28 00:00:00-05:00,127.33375421313441,129.04540095635855,126.13400148084133,127.3497543334961,990300
2018-03-01 00:00:00-05:00,127.72759184310642,128.1858637956025,122.47763247725648,123.18513488769531,844300
2018-03-02 00:00:00-05:00,122.19625547375979,123.78812372176903,121.14303713622898,123.53084564208984,495400
2018-03-05 00:00:00-05:00,123.13689182535609,125.98295972764396,121.97112979157673,125.46038055419922,523300
2018-03-06 00:00:00-05:00,125.98299497011212,128.25021242679193,125.98299497011212,127.78390502929688,496800
2018-03-07 00:00:00-05:00,126.41712452267346,127.94467321647345,125.8623794100501,127.79191589355469,426200
2018-03-08 00:00:00-05:00,128.45121436678235,128.45121436678235,123.51480354672213,124.43133544921875,1071600
2018-03-09 00:00:00-05:00,125.17095567143882,125.17095567143882,122.99217652742516,123.31377410888672,1915000
2018-03-12 00:00:00-04:00,123.24947522092754,123.30574713979321,120.04160781472105,121.7781982421875,1599600
2018-03-13 00:00:00-04:00,122.66257549906021,123.7318523588731,121.92290707720714,122.15606689453125,834500
2018-03-14 00:00:00-04:00,122.54195880349928,124.06951979568429,121.9309417672417,122.37313079833984,676400
2018-03-15 00:00:00-04:00,122.57413448389225,123.3137906187426,122.00330636768105,122.31685638427734,520700
2018-03-16 00:00:00-04:00,122.1158303997889,123.8443727072396,122.1158303997889,122.92784118652344,1223800
2018-03-19 00:00:00-04:00,122.8072740585052,123.0404215869192,118.81954964710151,120.13806915283203,839400
2018-03-20 00:00:00-04:00,120.6686953612779,122.18820876088556,120.29082584629187,121.23147583007812,613900
2018-03-21 00:00:00-04:00,121.60130244379017,123.68359618271346,120.82144517562774,121.96308898925781,539600
2018-03-22 00:00:00-04:00,121.02246353246736,122.04351612661061,119.22960112097326,119.31803894042969,559600
2018-03-23 00:00:00-04:00,119.65568538065186,120.82144750191235,117.41258667371599,117.58946228027344,465200
2018-03-26 00:00:00-04:00,119.10094013748484,119.8968803660721,118.6909170142273,119.67176818847656,947400
2018-03-27 00:00:00-04:00,120.17829158357905,120.39536847086883,117.11514594124179,117.68597412109375,1061200
2018-03-28 00:00:00-04:00,118.23264331541237,118.9320981235467,117.36434824271454,118.36128234863281,492300
2018-03-29 00:00:00-04:00,118.72308918622701,120.17024788805644,118.3934562076473,118.61856842041016,629000
2018-04-02 00:00:00-04:00,118.2808971114487,118.3452166374259,115.00872250083887,117.00257873535156,792500
2018-04-03 00:00:00-04:00,117.33219873369133,119.03662304671796,116.76941827822913,118.99642181396484,695400
2018-04-04 00:00:00-04:00,117.32419567680759,121.19133001051766,117.17948590517983,121.0466079711914,618900
2018-04-05 00:00:00-04:00,121.52092359140525,121.83447362742191,119.51903192595101,120.28280639648438,545700
2018-04-06 00:00:00-04:00,119.64760585231961,120.54000662714463,115.68400138266519,117.34823608398438,530400
2018-04-09 00:00:00-04:00,118.44970451025928,118.65873371087194,116.67291336813035,116.89802551269531,355800
2018-04-10 00:00:00-04:00,118.28894221428718,119.10095321062352,117.49300189833338,118.12010192871094,607800
2018-04-11 00:00:00-04:00,117.28393844763025,117.59748837139728,115.54734859244756,116.2468032836914,860500
2018-04-12 00:00:00-04:00,116.84983433310818,117.58145522095239,116.158414686913,116.93023681640625,434400
2018-04-13 00:00:00-04:00,117.75022697100268,117.87885369461398,116.52013348476237,117.02664184570312,340500
2018-04-16 00:00:00-04:00,118.02361389956059,119.72803815009465,117.48495174996148,118.2326431274414,680600
2018-04-17 00:00:00-04:00,118.19245461023243,118.19245461023243,115.7966106341314,116.1262435913086,737600
2018-04-18 00:00:00-04:00,116.29510447254005,117.7422634893933,115.41877372011436,115.48309326171875,1195000
2018-04-19 00:00:00-04:00,122.20429198077066,127.53465416848879,119.84060173883785,122.67863464355469,2819500
2018-04-20 00:00:00-04:00,122.56610603869811,122.56610603869811,117.61361225606329,118.05580139160156,1340200
2018-04-23 00:00:00-04:00,119.30194623117859,120.7491048549406,117.86283521524254,118.49797058105469,938700
2018-04-24 00:00:00-04:00,119.26175380829183,120.4435990827251,115.6920996951216,117.51712799072266,829500
2018-04-25 00:00:00-04:00,117.300049508916,118.26483016131233,116.10213356942671,117.66988372802734,781700
2018-04-26 00:00:00-04:00,118.32107906980329,119.71195332281232,117.25179012658707,118.8597412109375,578700
2018-04-27 00:00:00-04:00,118.95625775078338,118.95625775078338,117.1875012809315,118.36934661865234,475300
2018-04-30 00:00:00-04:00,118.40147689873795,118.49795003436272,116.76135998696053,116.7774429321289,587900
2018-05-01 00:00:00-04:00,116.27093405925915,116.88999863546874,114.94437937793131,116.66488647460938,640600
2018-05-02 00:00:00-04:00,116.89800733064293,118.27281053397324,116.55230382943517,116.72917938232422,598100
2018-05-03 00:00:00-04:00,116.11818700314817,116.11818700314817,113.86706519577999,115.07302856445312,695200
2018-05-04 00:00:00-04:00,114.22083410266899,117.69400276313245,114.16454991492122,117.16337585449219,391100
2018-05-07 00:00:00-04:00,117.40455152286812,118.17637346796627,116.87392470234397,117.86282348632812,374000
2018-05-08 00:00:00-04:00,117.77440075584956,119.0044825541418,117.45280312602777,118.90799713134766,499800
2018-05-09 00:00:00-04:00,119.309970026825,119.51096391990771,118.03165181106537,119.02053833007812,526100
2018-05-10 00:00:00-04:00,118.99640561089112,119.51094942406456,117.59749613603728,118.7873764038086,244100
2018-05-11 00:00:00-04:00,118.78740426256712,119.84865802670602,118.78740426256712,119.77629089355469,425900
2018-05-14 00:00:00-04:00,119.89686504702328,121.04654407372956,119.39839191658497,120.27473449707031,424500
2018-05-15 00:00:00-04:00,119.74414627930972,120.67676106327151,119.35019375823208,120.22652435302734,457200
2018-05-16 00:00:00-04:00,120.38731301931725,121.8827081540846,120.17023616828966,121.20735931396484,427100
2018-05-17 00:00:00-04:00,121.45659468036325,122.75903117201004,121.18323366439455,122.06761169433594,389900
2018-05-18 00:00:00-04:00,122.1484648763872,122.43946826286984,121.42096257733583,121.51795959472656,402100
2018-05-21 00:00:00-04:00,122.73044565515245,125.32521399526841,122.54453063309337,124.9210433959961,645700
2018-05-22 00:00:00-04:00,124.86447519845211,124.89680342169916,123.45795696818466,123.546875,563500
2018-05-23 00:00:00-04:00,122.81937963328087,122.87595711068774,121.15419852147903,122.20503234863281,399500
2018-05-24 00:00:00-04:00,122.24543118159414,123.11844112171245,121.27542424845403,122.6738510131836,270700
2018-05-25 00:00:00-04:00,122.18073834377884,122.98907935123832,121.50173485774606,122.24540710449219,224900
2018-05-29 00:00:00-04:00,121.62303655856043,122.30204028548843,120.22459723882123,120.73385620117188,335800
2018-05-30 00:00:00-04:00,121.09759939883727,122.07569772801241,120.46709421729936,121.50177001953125,286400
2018-05-31 00:00:00-04:00,121.46130174269095,121.46130174269095,118.55128184220196,119.48896026611328,551000
2018-06-01 00:00:00-04:00,120.2650239946901,122.99722168032538,119.87702360375403,121.91404724121094,555500
2018-06-04 00:00:00-04:00,122.30207214840185,123.8702566412718,121.84131157017588,123.66007995605469,676700
2018-06-05 00:00:00-04:00,123.6762065551951,124.48454777451009,123.37712425102715,123.86212158203125,428600
2018-06-06 00:00:00-04:00,124.42798267520098,125.81833083523598,123.6762311124376,125.63241577148438,306300
2018-06-07 00:00:00-04:00,126.35989592137,127.62090615618052,125.82638779608638,126.41647338867188,326000
2018-06-08 00:00:00-04:00,125.95576841169476,126.96619520616295,125.89917859073505,126.8611068725586,235300
2018-06-11 00:00:00-04:00,126.97422819176322,128.4939134872129,126.56197864928372,127.62898254394531,554000
2018-06-12 00:00:00-04:00,127.7502745964586,128.7283731571199,127.14401852193527,128.16253662109375,396400
2018-06-13 00:00:00-04:00,128.21098013763424,128.88998368960793,127.60472432316354,128.11398315429688,530000
2018-06-14 00:00:00-04:00,128.84959208325395,129.98935622161815,127.73408953028638,128.9142608642578,635700
2018-06-15 00:00:00-04:00,128.98704142657442,130.40163885801948,128.26760574907263,130.28038024902344,886700
2018-06-18 00:00:00-04:00,128.92234500879303,128.92234500879303,127.63707310099372,128.80108642578125,414700
2018-06-19 00:00:00-04:00,127.57243368435358,128.36460472833022,126.95000741121706,128.3484344482422,578600
2018-06-20 00:00:00-04:00,128.9546845236749,129.67410777570635,127.42691998467284,129.4639434814453,688300
2018-06-21 00:00:00-04:00,129.18915011338362,129.4235637315615,127.7826314013774,128.32421875,408300
2018-06-22 00:00:00-04:00,129.18102312529314,129.91661667960724,128.75260321658484,129.06785583496094,781800
2018-06-25 00:00:00-04:00,128.93040779836755,129.26990958643455,127.42689283160993,129.02740478515625,603600
2018-06-26 00:00:00-04:00,128.93850617716728,130.61985742898787,127.57241984847721,129.5771026611328,551800
2018-06-27 00:00:00-04:00,130.03785418615186,131.54136941892634,128.52625998115107,130.86236572265625,769100
2018-06-28 00:00:00-04:00,130.72497459469122,131.13722427590767,129.22953804351252,130.95130920410156,981500
2018-06-29 00:00:00-04:00,131.37165833914457,133.02066950056874,129.86005141233454,129.91664123535156,613700
2018-07-02 00:00:00-04:00,129.09210918198355,130.38546025620943,127.31376070565544,129.61753845214844,558100
2018-07-03 00:00:00-04:00,130.33692486254446,130.64408609665264,129.03549518361197,129.3992462158203,181300
2018-07-05 00:00:00-04:00,130.02979459097932,132.62457584210506,130.02979459097932,132.45481872558594,802500
2018-07-06 00:00:00-04:00,132.4225016721354,132.4225016721354,130.98364254995045,132.0506591796875,340100
2018-07-09 00:00:00-04:00,132.6730381511049,134.21696038813164,132.04253303488707,133.83705139160156,317100
2018-07-10 00:00:00-04:00,134.07147122148956,134.58880909340118,133.6430513744834,134.4433135986328,319500
2018-07-11 00:00:00-04:00,133.56226397132713,133.72392980613495,131.6788267767504,132.01834106445312,490300
2018-07-12 00:00:00-04:00,132.8832325314811,133.08531786669744,131.52522499929614,132.64881896972656,519100
2018-07-13 00:00:00-04:00,132.60029423832063,134.29781581004323,132.47096901140483,133.5864715576172,276400
2018-07-16 00:00:00-04:00,133.90173721461528,133.90173721461528,131.54138199643393,132.462890625,431000
2018-07-17 00:00:00-04:00,131.4281963812963,131.4281963812963,126.14972918610975,128.9870147705078,1431700
2018-07-18 00:00:00-04:00,129.4558569964604,129.81152914946466,126.95808528692096,127.92001342773438,1399000
2018-07-19 00:00:00-04:00,130.9593650508572,140.26338098656427,125.29289717386152,140.07745361328125,2717100
2018-07-20 00:00:00-04:00,139.50352911109212,141.50821188140992,139.07510925159494,140.4412078857422,1729300
2018-07-23 00:00:00-04:00,139.84305918499274,140.93432498518948,138.18595688385756,138.3718719482422,866900
2018-07-24 00:00:00-04:00,137.838365004036,137.838365004036,132.59222540967158,133.94215393066406,1018500
2018-07-25 00:00:00-04:00,133.84518526535092,136.09237361864066,133.06109303406146,135.99537658691406,759100
2018-07-26 00:00:00-04:00,136.6096872928932,137.85452753698644,135.81751622847023,136.4561004638672,620100
2018-07-27 00:00:00-04:00,136.52074667872014,137.04616353232512,135.45374269367844,135.8094024658203,404900
2018-07-30 00:00:00-04:00,135.7851672742129,137.1997645403975,134.63732411548312,135.25975036621094,483200
2018-07-31 00:00:00-04:00,136.18125534848753,137.88685592913524,134.96874343810222,137.0865936279297,543900
2018-08-01 00:00:00-04:00,136.6905457436399,136.9411296226105,135.00110271910327,135.13851928710938,553600
2018-08-02 00:00:00-04:00,134.87983100175418,135.9791756728288,134.10381791980933,135.19508361816406,453200
2018-08-03 00:00:00-04:00,135.7689862671358,137.68475086380417,135.07381237817864,136.14889526367188,451700
2018-08-06 00:00:00-04:00,136.2701854081405,136.997687684852,135.65585042634655,136.4561004638672,979600
2018-08-07 00:00:00-04:00,136.5207047522301,137.99997019468572,135.80936075778914,137.5068817138672,1011000
2018-08-08 00:00:00-04:00,137.5392740412751,138.24253939427294,137.0461853305959,137.74945068359375,450500
2018-08-09 00:00:00-04:00,137.94346004413086,139.2691394954621,137.07046215425171,138.6709747314453,788200
2018-08-10 00:00:00-04:00,138.47695199352677,139.1236275277731,137.25636101919036,137.5635223388672,331100
2018-08-13 00:00:00-04:00,138.16976807468328,138.5092822640297,137.11084297900027,137.62010192871094,303000
2018-08-14 00:00:00-04:00,137.5716219012342,139.65714414880892,137.5716219012342,138.90538024902344,499000
2018-08-15 00:00:00-04:00,138.5658581234343,139.47928769958133,136.77133952894323,139.2610321044922,517900
2018-08-16 00:00:00-04:00,139.85398504871586,141.42153927948306,138.2133227378176,141.29971313476562,380900
2018-08-17 00:00:00-04:00,141.60022248218374,142.97285484839512,140.78801515479716,142.4124298095703,359800
2018-08-20 00:00:00-04:00,142.9890655300133,144.47540604239487,142.3961578042973,144.1748809814453,421100
2018-08-21 00:00:00-04:00,144.25611530839126,146.6358763569682,143.6632075470905,146.254150390625,487700
2018-08-22 00:00:00-04:00,146.1972687970827,146.21351640818304,144.01242985268783,144.0855255126953,290200
2018-08-23 00:00:00-04:00,144.21550302371938,144.21550302371938,142.83475331432254,143.44390869140625,366700
2018-08-24 00:00:00-04:00,143.69569412174943,143.69569412174943,142.453018116369,143.0215606689453,332600
2018-08-27 00:00:00-04:00,143.94745178160485,144.8165192725601,143.13524473284488,143.6306915283203,350000
2018-08-28 00:00:00-04:00,144.166799744148,144.86529853723195,143.50078379091207,144.4267120361328,303000
2018-08-29 00:00:00-04:00,144.4510557314459,145.7911926564842,143.33832343804545,145.40133666992188,651900
2018-08-30 00:00:00-04:00,145.46626885843236,145.74241624543967,144.3535369159473,144.9464569091797,357000
2018-08-31 00:00:00-04:00,144.67029400606825,144.81649769757732,142.90780646003273,143.58193969726562,344100
2018-09-04 00:00:00-04:00,143.7362823273329,144.75965874659164,143.02153615898303,144.7515411376953,357600
2018-09-05 00:00:00-04:00,144.67034553974904,147.05823674088072,144.67034553974904,147.0176239013672,510800
2018-09-06 00:00:00-04:00,147.30185250229627,148.02471618987857,147.22062685022408,147.33433532714844,465000
2018-09-07 00:00:00-04:00,146.83887921230763,147.68358132403267,146.33531490285588,146.6845703125,425600
2018-09-10 00:00:00-04:00,147.31811529397964,149.982153365016,147.31811529397964,149.2430419921875,442400
2018-09-11 00:00:00-04:00,148.90193767032824,151.15987254636627,147.9760220189551,150.07151794433594,646000
2018-09-12 00:00:00-04:00,150.2583038983208,151.9395784366679,149.15370181717427,151.4197540283203,704000
2018-09-13 00:00:00-04:00,152.11011037229446,152.55682665515056,150.786209132183,151.23292541503906,580100
2018-09-14 00:00:00-04:00,151.14360653958926,152.17511296034226,150.46947320276934,151.41163635253906,620300
2018-09-17 00:00:00-04:00,151.85023811199076,152.32943730527603,150.98928821393213,151.65530395507812,682000
2018-09-18 00:00:00-04:00,151.8827331298502,152.55686653414628,150.92433466636967,152.08578491210938,485100
2018-09-19 00:00:00-04:00,152.34571237931468,152.82491165898293,151.46852710502617,151.96397399902344,383800
2018-09-20 00:00:00-04:00,152.66244826492348,153.17413029806644,151.338546758191,152.36192321777344,460100
2018-09-21 00:00:00-04:00,152.70302417961182,153.88073417152916,152.30505070589408,153.0685272216797,644400
2018-09-24 00:00:00-04:00,153.01168520720321,153.23098458018606,150.61567689535516,150.95680236816406,419000
2018-09-25 00:00:00-04:00,151.60653014984257,151.9314079251419,148.54450692481086,149.29986572265625,552400
2018-09-26 00:00:00-04:00,149.15371992015343,150.55883481378245,148.43897366522188,149.84410095214844,521800
2018-09-27 00:00:00-04:00,150.02279060435478,150.6400635869503,149.0724973170767,149.64105224609375,278300
2018-09-28 00:00:00-04:00,149.44612425939607,150.05527965719253,148.69077751491167,149.12124633789062,479900
2018-10-01 00:00:00-04:00,150.17707814404804,150.6400421099625,148.87755430386454,149.3730010986328,287100
2018-10-02 00:00:00-04:00,149.60042726843764,150.77812508112956,148.80446778302678,150.6968994140625,503900
2018-10-03 00:00:00-04:00,151.37103576552678,152.47563793553394,149.55169976313647,149.90907287597656,509900
2018-10-04 00:00:00-04:00,149.25929587354028,149.55169091280607,146.37595831281033,146.70083618164062,714300
2018-10-05 00:00:00-04:00,147.33434744859449,147.39120788838193,145.271347085156,145.72618103027344,651900
2018-10-08 00:00:00-04:00,145.5556914816116,146.57095071678654,144.7597193180576,145.64503479003906,641100
2018-10-09 00:00:00-04:00,145.43378289283535,146.18101184284367,144.45913697514172,144.57284545898438,686200
2018-10-10 00:00:00-04:00,144.0205757486996,144.0205757486996,138.22140488219995,138.43258666992188,860100
2018-10-11 00:00:00-04:00,138.03457312026347,139.77269555352075,136.06091611696866,136.30458068847656,671100
2018-10-12 00:00:00-04:00,138.15647016659432,138.28641391895886,135.00510179737563,136.9625244140625,531600
2018-10-15 00:00:00-04:00,136.42643424494702,138.4000916456074,135.7685484447269,137.42544555664062,782000
2018-10-16 00:00:00-04:00,138.23765547368723,139.81333933926794,137.10868802256977,139.3666229248047,606900
2018-10-17 00:00:00-04:00,139.35042245169626,140.08140411705253,134.64773490556183,136.10159301757812,1315800
2018-10-18 00:00:00-04:00,129.13281796235643,129.45769586182283,122.14783158415175,123.02501678466797,3299100
2018-10-19 00:00:00-04:00,124.34893410477086,124.35705171562915,120.21478981087648,122.24530792236328,1559900
2018-10-22 00:00:00-04:00,122.69200898846364,124.47074461383362,121.70924528608224,122.46459197998047,1115900
2018-10-23 00:00:00-04:00,120.32852129294385,121.45748908265134,118.11119856216901,121.10824584960938,1188900
2018-10-24 00:00:00-04:00,121.1081954746187,122.4239669488135,119.64622028479322,119.88176727294922,968000
2018-10-25 00:00:00-04:00,120.23104040710636,122.3590194748536,119.12643803133619,121.7986068725586,856400
2018-10-26 00:00:00-04:00,120.54779342139047,121.81483469447534,119.86554233485225,120.78334045410156,858000
2018-10-29 00:00:00-04:00,121.9853759837328,122.88692628398486,119.15076898360972,120.47467041015625,1107200
2018-10-30 00:00:00-04:00,120.86453693397077,123.52857523857197,120.19853355446888,122.4239730834961,859400
2018-10-31 00:00:00-04:00,123.2849058092719,126.06266489718405,123.11434926466981,125.03115844726562,851600
2018-11-01 00:00:00-04:00,124.87684905382478,126.63121946858213,123.88595534141356,126.46878051757812,626600
2018-11-02 00:00:00-04:00,127.45150612992536,129.15714558887402,126.76113769619384,127.72765350341797,558700
2018-11-05 00:00:00-05:00,128.05261158773638,128.70237993529585,124.3895485701039,125.95711517333984,804200
2018-11-06 00:00:00-05:00,126.05453468560773,128.94598986959264,125.63218353941892,128.18252563476562,450800
2018-11-07 00:00:00-05:00,129.45769640790232,131.56943994323404,128.4749203089301,130.77346801757812,997900
2018-11-08 00:00:00-05:00,129.7907132329436,131.55320137238607,129.6282742713601,131.28517150878906,729900
2018-11-09 00:00:00-05:00,130.44048142383406,131.69939267060943,129.5470485455112,131.16334533691406,470700
2018-11-12 00:00:00-05:00,131.32578784268836,131.32578784268836,128.81607049852812,129.15719604492188,348400
2018-11-13 00:00:00-05:00,129.4008362039898,131.52881475927887,129.1409239930831,129.88003540039062,384600
2018-11-14 00:00:00-05:00,131.17956236848678,132.16233839837085,129.44143969527332,130.35923767089844,372500
2018-11-15 00:00:00-05:00,129.8313138902517,132.5846955483055,128.77544214907857,132.43849182128906,444500
2018-11-16 00:00:00-05:00,132.03240312939042,134.44465955382418,132.01615551493705,134.13601684570312,446900
2018-11-19 00:00:00-05:00,134.11968697390643,135.4104005836806,133.14757882702185,134.32391357421875,499500
2018-11-20 00:00:00-05:00,132.6655637012674,135.0182575781173,131.3503442027505,132.25711059570312,787100
2018-11-21 00:00:00-05:00,132.46953067238974,132.9596669810585,131.12162777729816,131.1624755859375,496300
2018-11-23 00:00:00-05:00,130.56611761745927,132.68190165429652,130.29653707942606,131.5218963623047,206700
2018-11-26 00:00:00-05:00,132.34696422062865,133.1393642033652,130.77034129446147,131.68527221679688,606500
2018-11-27 00:00:00-05:00,131.39121073213622,131.47290635089215,129.82275207903328,130.98275756835938,685000
2018-11-28 00:00:00-05:00,131.18696725139583,134.3565673828125,130.47626282677396,134.3565673828125,525700
2018-11-29 00:00:00-05:00,134.16874884537182,135.11635105885998,133.65409368179206,133.97268676757812,463200
2018-11-30 00:00:00-05:00,133.44166181837952,135.98224115229453,132.98418377614547,135.80252075195312,724600
2018-12-03 00:00:00-05:00,138.13887926273173,138.3022580521401,133.6540585732063,134.2095489501953,700900
2018-12-04 00:00:00-05:00,134.55259186973,134.65061660029383,127.32296883073889,127.8376235961914,983600
2018-12-06 00:00:00-05:00,125.95874997735734,127.42100637024397,123.60605648735238,127.412841796875,859300
2018-12-07 00:00:00-05:00,127.5762480716992,128.66273488429997,122.3970654177979,123.35284423828125,643200
2018-12-10 00:00:00-05:00,122.96890254993724,123.35284950254257,119.21930567917536,121.48213958740234,553600
2018-12-11 00:00:00-05:00,123.14043386273349,124.0226939741984,119.9789986804013,120.36294555664062,538500
2018-12-12 00:00:00-05:00,122.04577384927133,123.20579155171032,121.10633676257626,121.220703125,468400
2018-12-13 00:00:00-05:00,122.04580967497391,123.45906670441737,121.81707688298351,122.48694610595703,706900
2018-12-14 00:00:00-05:00,121.26972180321287,122.96888817968724,119.85647758015939,120.34662628173828,513800
2018-12-17 00:00:00-05:00,119.92999080372815,120.78774476078371,118.3206846787283,118.95787048339844,463000
2018-12-18 00:00:00-05:00,119.81560685304606,121.32688800625941,118.6474372042895,119.7829360961914,363500
2018-12-19 00:00:00-05:00,119.73395114659819,121.7598750904245,114.84884295588023,116.20491027832031,843500
2018-12-20 00:00:00-05:00,115.79643747336253,117.35673108629616,112.81473525105278,114.32600402832031,630000
2018-12-21 00:00:00-05:00,113.7051908543835,116.25393454316884,112.87194293112637,113.25588989257812,912500
2018-12-24 00:00:00-05:00,112.76574116817307,113.18237136247116,110.51924882323588,111.20545959472656,367600
2018-12-26 00:00:00-05:00,111.3933240879884,115.85363719064344,110.94402320855448,115.75559997558594,993200
2018-12-27 00:00:00-05:00,114.36685933509526,117.65082550048828,113.3048788625554,117.65082550048828,698800
2018-12-28 00:00:00-05:00,118.0674473291886,119.6604118619721,116.86659426639821,117.83871459960938,456600
2018-12-31 00:00:00-05:00,118.24716200320846,119.62773535363873,116.80941170562927,118.68828582763672,657400
2019-01-02 00:00:00-05:00,116.93192059796338,120.65700984430966,115.59219529945295,120.4609603881836,723500
2019-01-03 00:00:00-05:00,120.24043088268722,121.22888044794136,116.99731212825847,118.82718658447266,1736000
2019-01-04 00:00:00-05:00,120.91026350943478,124.03085069490305,120.42829191743759,123.16493225097656,1251400
2019-01-07 00:00:00-05:00,123.4100360356207,125.82807161135446,122.29086597093946,124.74158477783203,495600
2019-01-08 00:00:00-05:00,126.54692198789957,126.94719798362891,125.4604354216391,126.33451843261719,787500
2019-01-09 00:00:00-05:00,127.52726197821329,129.4878324041081,127.19232735374707,128.87515258789062,657200
2019-01-10 00:00:00-05:00,128.67091460423114,130.8602301023838,128.22162608407072,130.7948760986328,471500
2019-01-11 00:00:00-05:00,130.1658523575935,131.75065264104506,129.87176557855094,130.97459411621094,481700
2019-01-14 00:00:00-05:00,130.59062674420576,133.79289757971307,130.01061785266003,132.44500732421875,799000
2019-01-15 00:00:00-05:00,132.83714003792304,133.18023920386887,131.15431497709295,132.0365753173828,614800
2019-01-16 00:00:00-05:00,132.24077560168425,133.28641450851504,131.93851184072605,132.70640563964844,513100
2019-01-17 00:00:00-05:00,132.69825748049163,136.72559943835532,132.55938490935844,135.79432678222656,602300
2019-01-18 00:00:00-05:00,136.42336037366206,137.9836544928894,135.9985655816993,137.04420471191406,677700
2019-01-22 00:00:00-05:00,135.0018760559326,135.0018760559326,128.01733998747497,132.8697509765625,1111300
2019-01-23 00:00:00-05:00,133.67853310154942,134.16050477888183,131.53824279780233,133.29458618164062,768200
2019-01-24 00:00:00-05:00,133.4007850838764,134.51994259017457,133.0495089357321,133.4579620361328,466300
2019-01-25 00:00:00-05:00,134.748662807026,134.78951060626997,132.84527004024068,133.33541870117188,767500
2019-01-28 00:00:00-05:00,132.25713100882308,133.71940033283562,130.95825292425437,133.04136657714844,577000
2019-01-29 00:00:00-05:00,133.62950109400532,134.0216125311023,132.2080799951568,132.6247100830078,727500
2019-01-30 00:00:00-05:00,133.28648819280903,134.52001271162058,131.89774942053654,133.97268676757812,387800
2019-01-31 00:00:00-05:00,133.6458462146227,135.72894684857152,132.681890511248,135.59825134277344,667200
2019-02-01 00:00:00-05:00,135.59009547373566,136.2272813496039,134.23404057624688,135.10812377929688,427900
2019-02-04 00:00:00-05:00,135.4022305076261,136.16194744673038,134.72419672632762,135.7534942626953,512100
2019-02-05 00:00:00-05:00,135.76985634297876,136.0557786008972,135.01013928937277,135.5738067626953,699300
2019-02-06 00:00:00-05:00,135.29600582348903,136.60306077748595,133.71120574289267,135.27149963378906,995600
2019-02-07 00:00:00-05:00,126.52244389047277,127.27399614408868,122.74016396711214,123.9410171508789,1957700
2019-02-08 00:00:00-05:00,123.41818956146933,126.19566564128424,123.33649395588681,125.052001953125,1013700
2019-02-11 00:00:00-05:00,125.83620815573967,126.95537797111793,125.42775511224337,126.8165054321289,944800
2019-02-12 00:00:00-05:00,127.12695421882236,128.27063051603824,126.8818923012055,127.15963745117188,681900
2019-02-13 00:00:00-05:00,127.29848299078378,127.85397317274274,126.39171669317575,126.84918212890625,1171800
2019-02-14 00:00:00-05:00,126.39173193127334,128.4339974905752,126.04045577327355,127.37201690673828,675500
2019-02-15 00:00:00-05:00,128.14810691255855,128.9241779883811,127.24951732397884,128.89149475097656,403300
2019-02-19 00:00:00-05:00,129.6348220417609,130.95820584347626,128.2705904448698,129.9942626953125,539800
2019-02-20 00:00:00-05:00,130.2311818073828,130.835696868389,129.22639069550678,130.5661163330078,785400
2019-02-21 00:00:00-05:00,130.6478024910153,131.77513703502314,130.13316006157646,131.40753173828125,502700
2019-02-22 00:00:00-05:00,131.90054952167185,133.21536910621026,131.4978955849317,132.58261108398438,467100
2019-02-25 00:00:00-05:00,133.6262637919191,133.6262637919191,132.0402620182436,132.1470947265625,372000
2019-02-26 00:00:00-05:00,131.86773927434868,133.0428492631297,131.33360065018533,131.46507263183594,608700
2019-02-27 00:00:00-05:00,131.17740979176892,133.94673395991697,130.3474250716886,133.89743041992188,508400
2019-02-28 00:00:00-05:00,133.81525348705765,133.81525348705765,131.0787940842318,131.48146057128906,529700
2019-03-01 00:00:00-05:00,132.45934884539992,132.6483499239136,129.95298112970252,130.5857391357422,754900
2019-03-04 00:00:00-05:00,131.44038435908104,133.24825213015282,130.0269575015584,131.218505859375,811900
2019-03-05 00:00:00-05:00,131.32537544849004,132.76345448325503,131.26785880740755,131.94992065429688,570900
2019-03-06 00:00:00-05:00,132.2292721335054,133.25647110439076,131.9745287949738,132.20462036132812,429100
2019-03-07 00:00:00-05:00,132.08137704970386,132.09781574766785,130.77478269025042,131.9005889892578,503200
2019-03-08 00:00:00-05:00,130.75012554889182,131.35823195808618,128.83542483384622,129.51748657226562,623200
2019-03-11 00:00:00-04:00,128.49852148372113,131.4732992262165,128.49852148372113,131.3746795654297,460700
2019-03-12 00:00:00-04:00,131.6622634129692,132.34432507119521,130.7254584024402,131.70335388183594,531800
2019-03-13 00:00:00-04:00,131.8923754157593,132.29504201052674,130.49538703131566,130.593994140625,616600
2019-03-14 00:00:00-04:00,130.47071211561084,130.83228817102471,128.23552608127991,128.69570922851562,680400
2019-03-15 00:00:00-04:00,128.53138904861905,129.29561926167776,127.64388740377292,127.9314956665039,835900
2019-03-18 00:00:00-04:00,128.44097997462475,130.86516738061545,128.35058595085314,130.61863708496094,666500
2019-03-19 00:00:00-04:00,131.4239353421776,131.97452500914187,129.87081104431397,130.4624786376953,568300
2019-03-20 00:00:00-04:00,129.9694654524386,130.04342078664126,126.14006376460937,127.52883911132812,758200
2019-03-21 00:00:00-04:00,127.61919392163918,129.30380262647637,127.61919392163918,128.64639282226562,508500
2019-03-22 00:00:00-04:00,127.97259934928373,128.07943209337964,123.09134606845915,123.2310562133789,514600
2019-03-25 00:00:00-04:00,123.42824550184584,125.19503553673346,123.23924437201993,124.15139770507812,495200
2019-03-26 00:00:00-04:00,125.18681640924288,126.18115074024068,124.2335725535686,125.35116577148438,488000
2019-03-27 00:00:00-04:00,125.57301690930721,126.94535322013708,125.21966648453508,126.23863983154297,609000
2019-03-28 00:00:00-04:00,126.43588726524337,127.97257315426816,126.0496593884748,127.07685852050781,351800
2019-03-29 00:00:00-04:00,128.16982543834104,128.95870750705086,127.66033857983867,128.62179565429688,480600
2019-04-01 00:00:00-04:00,129.94480307907182,131.50614074495672,129.67362100338724,130.87338256835938,430000
2019-04-02 00:00:00-04:00,130.7994215946941,131.01307449098832,129.36955594981373,130.67616271972656,475400
2019-04-03 00:00:00-04:00,131.33358169146405,131.8184166851381,130.24885336081815,130.7336883544922,747000
2019-04-04 00:00:00-04:00,131.34999723579065,133.23183296487542,130.980208076244,132.46759033203125,354800
2019-04-05 00:00:00-04:00,132.86203013268633,133.3961811710751,132.31967855486923,132.47581481933594,464300
2019-04-08 00:00:00-04:00,131.89240393727115,132.1800247870244,131.01311522560948,131.51438903808594,601200
2019-04-09 00:00:00-04:00,130.3227767199623,130.65148789363286,128.80252986102676,129.21340942382812,736400
2019-04-10 00:00:00-04:00,127.98900952999657,127.98900952999657,123.88021307638512,126.38658142089844,914000
2019-04-11 00:00:00-04:00,126.59199743681266,128.82718329035458,126.59199743681266,127.58631896972656,458400
2019-04-12 00:00:00-04:00,128.65460415224908,129.3695305648805,127.08504124403518,128.16976928710938,487000
2019-04-15 00:00:00-04:00,128.48205439595125,129.31202666394714,128.22729851420186,128.52313232421875,607200
2019-04-16 00:00:00-04:00,126.8303153632572,129.6736077896613,125.48263074021696,128.8600616455078,1074500
2019-04-17 00:00:00-04:00,129.542147824621,130.03520846695946,128.539600380505,129.7064971923828,1180400
2019-04-18 00:00:00-04:00,138.05556897204772,142.98612500676373,137.42281076999117,138.11309814453125,2511700
2019-04-22 00:00:00-04:00,137.36528744837977,138.76227574905417,135.15475292752913,138.39248657226562,882300
2019-04-23 00:00:00-04:00,139.197797314188,141.12893654591917,138.4664320913506,140.6934051513672,910300
2019-04-24 00:00:00-04:00,140.76738996738968,141.82745409307162,139.23891695750987,139.64157104492188,599800
2019-04-25 00:00:00-04:00,138.9101818693814,139.03345328365455,136.89687416010057,138.18704223632812,478200
2019-04-26 00:00:00-04:00,138.0555383237191,139.666191788011,137.2830827101837,139.5100555419922,299600
2019-04-29 00:00:00-04:00,139.92094824420107,141.07961923413194,138.59791537627643,138.90196228027344,312600
2019-04-30 00:00:00-04:00,138.82799332284714,139.25531159336802,137.62821944220943,138.28562927246094,345100
2019-05-01 00:00:00-04:00,138.68008625532627,138.68008625532627,136.33807992065815,137.0201416015625,404500
2019-05-02 00:00:00-04:00,136.7243350316708,139.74840365020455,136.19018389024092,139.20603942871094,608600
2019-05-03 00:00:00-04:00,139.10742282908143,141.69595978576334,139.10742282908143,140.89886474609375,544000
2019-05-06 00:00:00-04:00,138.4746293801574,140.62764687236796,137.94049095009896,140.12637329101562,453300
2019-05-07 00:00:00-04:00,138.8526855577943,139.35395928879566,137.49678757575208,138.52398681640625,614500
2019-05-08 00:00:00-04:00,138.87733671787348,139.03347300800596,137.36530245173802,137.95697021484375,549100
2019-05-09 00:00:00-04:00,136.50241170964773,138.1377169178485,135.40125746768715,137.8090057373047,526200
2019-05-10 00:00:00-04:00,137.65287121367703,138.7047219264596,135.4423496247689,138.28562927246094,455500
2019-05-13 00:00:00-04:00,135.60666988777157,135.7956709415377,131.42390716540348,131.8101348876953,580000
2019-05-14 00:00:00-04:00,132.20462681221488,134.53841997857126,132.20462681221488,133.3222198486328,348100
2019-05-15 00:00:00-04:00,132.66484218384988,134.7603312033856,132.24573685651058,134.3165740966797,576200
2019-05-16 00:00:00-04:00,134.92469464569555,136.83117017011273,134.90825594471946,135.93545532226562,386600
2019-05-17 00:00:00-04:00,134.5795410500909,136.2559247163957,133.92213101934365,134.06182861328125,470200
2019-05-20 00:00:00-04:00,133.48319572367393,133.54104923937803,128.75520007991202,128.87918090820312,640900
2019-05-21 00:00:00-04:00,130.19348607495516,132.37563791141633,129.79673463537154,131.36721801757812,536700
2019-05-22 00:00:00-04:00,130.49100250323602,131.95403942660445,130.18517470025637,131.76393127441406,448700
2019-05-23 00:00:00-04:00,130.28435387279092,130.53232814616322,128.2592537631587,130.03639221191406,501800
2019-05-24 00:00:00-04:00,131.0365589804511,131.30106827797871,129.24289787377097,130.84645080566406,316200
2019-05-28 00:00:00-04:00,130.92086484379737,131.49120209186444,128.11878356579388,128.2262420654297,565800
2019-05-29 00:00:00-04:00,127.32527758482236,129.77193879569379,126.88719497877963,129.44131469726562,791200
2019-05-30 00:00:00-04:00,129.4909207906122,131.43335964685966,128.95364080803142,129.82981872558594,318700
2019-05-31 00:00:00-04:00,128.42456351697692,129.8297468375843,127.67239213785204,128.87918090820312,384300
2019-06-03 00:00:00-04:00,128.8048101183193,129.62312153502157,127.49056270777982,129.11891174316406,275000
2019-06-04 00:00:00-04:00,130.5571242771762,132.2846577807966,130.26783146873245,132.08628845214844,471200
2019-06-05 00:00:00-04:00,132.97074438961474,133.68159740636696,130.95390501127125,133.58241271972656,335800
2019-06-06 00:00:00-04:00,134.32630383812884,134.4502972911525,131.763936438094,134.070068359375,320900
2019-06-07 00:00:00-04:00,134.83881560423575,135.49180252171894,134.00396906178992,134.2684783935547,259200
2019-06-10 00:00:00-04:00,134.73958997184107,136.50019358032804,134.40896598914236,134.74786376953125,302300
2019-06-11 00:00:00-04:00,135.7976044991964,136.63245088240728,134.21058664880596,134.30978393554688,288800
2019-06-12 00:00:00-04:00,134.37590148673277,134.76437897011235,133.4005393484193,133.88821411132812,253800
2019-06-13 00:00:00-04:00,134.3510889215028,136.81428405838471,134.3510889215028,136.5249786376953,254100
2019-06-14 00:00:00-04:00,136.11996850383696,136.21916579145298,134.05353702220842,135.63229370117188,304800
2019-06-17 00:00:00-04:00,136.11171618067394,136.62418718548594,133.43361626561278,133.61546325683594,299900
2019-06-18 00:00:00-04:00,134.76440433819647,138.12856120330284,134.75614315188722,137.12840270996094,343800
2019-06-19 00:00:00-04:00,137.52514862194823,137.7648491184284,135.42564722520626,136.43406677246094,326600
2019-06-20 00:00:00-04:00,137.69870225039486,139.0212232233826,136.36792009335528,138.8559112548828,341000
2019-06-21 00:00:00-04:00,138.03762137158233,138.24426451734817,131.98710400956006,133.7559814453125,879600
2019-06-24 00:00:00-04:00,133.90475076810114,135.44217618882732,133.11950938177503,134.39242553710938,390400
2019-06-25 00:00:00-04:00,134.7313138219713,135.63227479537707,133.6319709134828,135.54135131835938,362400
2019-06-26 00:00:00-04:00,135.35952650436744,136.4175384395386,134.7065396898857,135.16941833496094,383200
2019-06-27 00:00:00-04:00,135.5496270581332,135.8554548431697,134.59079994356526,135.12806701660156,391400
2019-06-28 00:00:00-04:00,135.59093126037848,137.27714602327845,135.5661350973206,136.9134521484375,665300
2019-07-01 00:00:00-04:00,136.91348284944,137.93016360027212,134.045274962644,136.6737823486328,867200
2019-07-02 00:00:00-04:00,136.7646731619416,137.44245596306172,132.82191933120876,134.6982421875,678900
2019-07-03 00:00:00-04:00,135.078489563656,135.73975015041754,134.21058583181258,134.57427978515625,344900
2019-07-05 00:00:00-04:00,133.9543506917945,134.13619766893044,132.02017387589035,133.6567840576172,456900
2019-07-08 00:00:00-04:00,133.16911901882247,133.4832206591631,131.6647507545569,132.16896057128906,307600
2019-07-09 00:00:00-04:00,131.13575322898697,131.2928040592909,129.4330154925309,129.93722534179688,590600
2019-07-10 00:00:00-04:00,130.76380075044094,130.80513190861478,129.2346487979974,129.4991455078125,411200
2019-07-11 00:00:00-04:00,128.9783831145763,129.507389074733,128.16834549707013,129.35861206054688,353300
2019-07-12 00:00:00-04:00,129.91240283372736,132.73927936863097,129.91240283372736,132.05322265625,321200
2019-07-15 00:00:00-04:00,132.17720114969353,132.1937235174028,130.2264896979762,130.89601135253906,337000
2019-07-16 00:00:00-04:00,130.92911966929125,132.74758982476698,130.6232917851882,132.28469848632812,441400
2019-07-17 00:00:00-04:00,132.3838902062426,132.3838902062426,126.88717403645832,127.08555603027344,762800
2019-07-18 00:00:00-04:00,125.22574378907399,129.83802022232956,123.30808938134203,125.0852279663086,909800
2019-07-19 00:00:00-04:00,125.79609704973798,126.56480358118813,123.87018120925254,123.98590087890625,711000
2019-07-22 00:00:00-04:00,124.16774972042653,124.96125243484043,122.66338138008203,124.64716339111328,621600
2019-07-23 00:00:00-04:00,125.73825500944452,128.0526614586291,124.81249747477086,127.98653411865234,490500
2019-07-24 00:00:00-04:00,127.1185804090238,129.06929203168548,126.6639756197876,127.92035675048828,476200
2019-07-25 00:00:00-04:00,127.91208684342256,128.1517873048108,127.01112589847085,127.39134216308594,506600
2019-07-26 00:00:00-04:00,126.84585359600997,128.49072521652067,126.40775845631515,128.39154052734375,305600
2019-07-29 00:00:00-04:00,128.25925977908054,128.39151441274848,127.52361072148464,127.77984619140625,237600
2019-07-30 00:00:00-04:00,126.87890347270888,128.7882843017578,126.31684011718707,128.7882843017578,268400
2019-07-31 00:00:00-04:00,129.01147315125957,129.01147315125957,125.24230352223104,126.14326477050781,341300
2019-08-01 00:00:00-04:00,125.84568977663162,127.09380997546047,122.7790996026904,123.8040542602539,543800
2019-08-02 00:00:00-04:00,123.73793726800542,124.33307065275127,122.4815431654865,123.36598205566406,495100
2019-08-05 00:00:00-04:00,121.48965338138608,122.38235342166449,120.70441182940463,122.03519439697266,565800
2019-08-06 00:00:00-04:00,123.07667284017992,125.41587514894545,122.59727176205726,125.24230194091797,533600
2019-08-07 00:00:00-04:00,123.41554652741483,125.87872921696828,123.09318373452864,125.47371673583984,366600
2019-08-08 00:00:00-04:00,126.69704827095174,128.1518115196798,126.52347508637187,127.68067169189453,344800
2019-08-09 00:00:00-04:00,127.64757634097028,128.03606639824827,126.38292151195715,126.46558380126953,337500
2019-08-12 00:00:00-04:00,125.79607999237906,126.57306021719835,123.62219012240547,123.87842559814453,326700
2019-08-13 00:00:00-04:00,124.05199730876554,127.2177713695455,123.56432258043911,125.14306640625,256600
2019-08-14 00:00:00-04:00,123.25027740431673,123.5809014972678,120.63830418750085,121.02679443359375,342500
2019-08-15 00:00:00-04:00,121.24994677932021,121.24994677932021,118.29907629831241,119.04299926757812,402000
2019-08-16 00:00:00-04:00,119.80344348151856,122.33275380571821,119.80344348151856,121.85334014892578,243700
2019-08-19 00:00:00-04:00,123.6669492592684,124.56543925001786,123.40073705513997,123.96644592285156,290000
2019-08-20 00:00:00-04:00,123.76674940789154,124.15775916546089,122.0779254312825,122.13615417480469,268200
2019-08-21 00:00:00-04:00,123.48396425576706,124.16615626620847,122.87665595707843,123.42573547363281,263900
2019-08-22 00:00:00-04:00,123.94148812590286,125.23930276162407,123.64199146425167,124.42401123046875,294900
2019-08-23 00:00:00-04:00,123.70856334014525,124.28259973879608,120.14788740907119,120.68865203857422,383800
2019-08-26 00:00:00-04:00,122.00305494488853,122.31919376880029,120.25600203608457,121.49557495117188,194900
2019-08-27 00:00:00-04:00,122.28596227082097,122.5272175039768,120.48066732355507,120.71360778808594,328900
2019-08-28 00:00:00-04:00,120.18949003181405,121.91158658204404,119.91495032496213,121.68697357177734,303400
2019-08-29 00:00:00-04:00,123.40906033527217,124.32419261887229,123.12620588190585,123.59208679199219,286000
2019-08-30 00:00:00-04:00,124.55712035758937,125.17275589409623,123.50888841691155,123.69190216064453,234400
2019-09-03 00:00:00-04:00,122.31088921974906,123.34247882512781,121.12954495579265,122.56878662109375,455800
2019-09-04 00:00:00-04:00,123.62536768537562,124.37410302721652,122.90990411002221,123.8333511352539,286800
2019-09-05 00:00:00-04:00,124.85658193971555,127.10279986410411,124.85658193971555,126.23759460449219,317200
2019-09-06 00:00:00-04:00,126.75341037173476,127.34408884383356,125.4056819320755,125.68022155761719,251700
2019-09-09 00:00:00-04:00,126.1960011634193,127.70179884509784,125.66356420369375,126.78666687011719,274300
2019-09-10 00:00:00-04:00,126.68685450848609,131.462158203125,126.6119835270306,131.462158203125,362000
2019-09-11 00:00:00-04:00,131.99461483277486,134.4321746826172,130.4721745122278,134.4321746826172,409700
2019-09-12 00:00:00-04:00,135.0727569022268,135.97956159438468,134.5153628429839,135.4887237548828,599600
2019-09-13 00:00:00-04:00,136.3206737543005,136.99453810506057,134.79823336828954,135.14764404296875,509800
2019-09-16 00:00:00-04:00,134.5487011368547,135.40559226149438,134.12441930729656,134.81492614746094,352100
2019-09-17 00:00:00-04:00,134.3656035165915,134.3656035165915,130.2475343569291,131.31240844726562,364900
2019-09-18 00:00:00-04:00,130.4888164447171,130.82989964155178,128.00964467891185,129.10780334472656,371300
2019-09-19 00:00:00-04:00,129.0495656555101,130.73007546848697,128.69184021848505,129.0662078857422,324300
2019-09-20 00:00:00-04:00,129.36569360654707,130.6052794206997,128.7001440909329,129.5404052734375,404000
2019-09-23 00:00:00-04:00,128.50047010289066,130.2641652817927,127.76004970285166,129.2408905029297,386600
2019-09-24 00:00:00-04:00,129.8066101498294,129.8066101498294,126.99467026929163,127.57703399658203,339700
2019-09-25 00:00:00-04:00,127.31914845835561,129.86487665537936,127.11949246241069,129.44058227539062,317400
2019-09-26 00:00:00-04:00,129.46552981372426,130.01460915105264,128.21762915305177,128.8831787109375,295000
2019-09-27 00:00:00-04:00,129.52371044833225,130.31404462343272,128.41723752547318,129.23252868652344,217300
2019-09-30 00:00:00-04:00,129.97296812267444,131.11272565832127,129.6984285423054,130.23086547851562,337600
2019-10-01 00:00:00-04:00,131.23750604071785,132.8348167937773,128.15102725452292,128.76666259765625,498800
2019-10-02 00:00:00-04:00,127.81827840181228,128.79996665549902,126.19601041298607,127.11112976074219,612300
2019-10-03 00:00:00-04:00,126.32915008948318,127.21099786881611,124.79838228032762,126.54544830322266,396400
2019-10-04 00:00:00-04:00,127.18603357990936,129.41560989838936,126.553755816405,129.3240966796875,231500
2019-10-07 00:00:00-04:00,128.60863358032967,129.36569632895137,127.49384541743922,128.51712036132812,398500
2019-10-08 00:00:00-04:00,127.2858891713028,127.8349686025963,126.21270000496014,126.36244201660156,317400
2019-10-09 00:00:00-04:00,127.65189968223532,127.65189968223532,126.14610182575439,126.32080078125,386000
2019-10-10 00:00:00-04:00,126.89484968544362,128.00132305975507,126.53712427801045,127.41064453125,350100
2019-10-11 00:00:00-04:00,129.3157310098048,132.7100208387892,129.07446321260568,130.164306640625,243300
2019-10-14 00:00:00-04:00,129.48216577081547,131.44552988959668,128.98300045300786,131.4039306640625,255200
2019-10-15 00:00:00-04:00,131.01292237280316,132.6934320890882,130.7134257173692,131.6951141357422,496000
2019-10-16 00:00:00-04:00,131.47877374999666,133.25079628840984,130.96297900688242,131.470458984375,531500
2019-10-17 00:00:00-04:00,131.42060570508792,135.10606697128668,127.15278052461358,129.49884033203125,780400
2019-10-18 00:00:00-04:00,128.7916276457063,131.4538124007278,128.508773292363,131.04617309570312,490500
2019-10-21 00:00:00-04:00,132.06117045977612,133.94133619920763,132.06117045977612,132.57696533203125,417000
2019-10-22 00:00:00-04:00,132.693408341953,136.02114272043457,132.01954416139836,135.30567932128906,347700
2019-10-23 00:00:00-04:00,135.13099626202683,137.33562837064468,134.7815856016995,137.21083068847656,397800
2019-10-24 00:00:00-04:00,137.7848522918351,138.1592326040157,136.31233881522022,137.72662353515625,447800
2019-10-25 00:00:00-04:00,137.685018998859,139.34057153139148,137.685018998859,138.6334228515625,327200
2019-10-28 00:00:00-04:00,139.3322527363716,139.76486181544269,138.084352184448,138.3755340576172,245700
2019-10-29 00:00:00-04:00,137.44375531464127,139.09929505035274,137.18584523604318,137.8513946533203,319000
2019-10-30 00:00:00-04:00,137.55189847970985,137.55189847970985,135.61349166695172,137.160888671875,298800
2019-10-31 00:00:00-04:00,136.55357076086688,137.17752091592646,134.64844853957626,135.33062744140625,370000
2019-11-01 00:00:00-04:00,136.6783926878417,138.8247833251953,135.63847548142823,138.8247833251953,318200
2019-11-04 00:00:00-05:00,140.1226069792008,140.53857388851765,139.00781870886436,140.1891632080078,728400
2019-11-05 00:00:00-05:00,139.88963311822235,140.4886263401361,138.50863295675973,139.82308959960938,448900
2019-11-06 00:00:00-05:00,139.29897885338875,139.29897885338875,137.3356148404768,138.7748565673828,624000
2019-11-07 00:00:00-05:00,139.76489566504907,140.11430638089521,138.50868004181856,138.9080047607422,324500
2019-11-08 00:00:00-05:00,138.90799838222867,139.74824701549173,137.68505458577152,138.88304138183594,497900
2019-11-11 00:00:00-05:00,137.6850615861818,139.73993935168303,137.6850615861818,139.72329711914062,167000
2019-11-12 00:00:00-05:00,140.16419514692754,140.99612889990317,139.17419194979828,140.54689025878906,280000
2019-11-13 00:00:00-05:00,139.33225085718843,140.23074076577154,136.67006558785002,136.6950225830078,318600
2019-11-14 00:00:00-05:00,136.51200016518808,137.47704632063693,135.54695400973927,136.88636779785156,478000
2019-11-15 00:00:00-05:00,137.13592790126378,137.61845089964504,135.78819956756715,136.16256713867188,300100
2019-11-18 00:00:00-05:00,135.62190325618874,136.4371951361328,134.43223086829124,134.81492614746094,340500
2019-11-19 00:00:00-05:00,135.63566349434467,135.63566349434467,134.37938995883766,135.18341064453125,274000
2019-11-20 00:00:00-05:00,134.83999319993984,135.21687261261667,132.84670225450967,132.90533447265625,425400
2019-11-21 00:00:00-05:00,132.83829237575586,133.8098131186552,132.16827762963672,132.31065368652344,308200
2019-11-22 00:00:00-05:00,132.72109046091143,133.47484934542874,132.05107546385543,133.07284545898438,319400
2019-11-25 00:00:00-05:00,133.6590514994859,136.95049297435114,133.23192333595543,136.06272888183594,1694500
2019-11-26 00:00:00-05:00,136.54015552214548,136.7076560718689,135.5351394443321,136.4312744140625,314700
2019-11-27 00:00:00-05:00,136.03765413105734,136.44804137976223,135.28389519532686,135.99578857421875,266500
2019-11-29 00:00:00-05:00,135.50162544413845,135.60213599293508,134.1197299980392,134.3877410888672,129000
2019-12-02 00:00:00-05:00,134.83164148300693,135.2168915037542,132.14321077529718,132.18508911132812,299600
2019-12-03 00:00:00-05:00,130.64406120265565,131.25544400378305,129.44640726621498,131.12982177734375,421200
2019-12-04 00:00:00-05:00,131.5233701806807,133.99405003377998,131.5233701806807,133.30728149414062,550500
2019-12-05 00:00:00-05:00,133.89355221125805,135.90359637810468,133.80980835814023,135.8365936279297,440400
2019-12-06 00:00:00-05:00,136.8499965623595,138.2067800547985,135.91198350445165,138.16490173339844,357100
2019-12-09 00:00:00-05:00,137.78805973435053,138.86844915418192,137.252050301815,138.80982971191406,340100
2019-12-10 00:00:00-05:00,138.63392752168446,139.53844571581163,137.4865354768475,138.3240509033203,525300
2019-12-11 00:00:00-05:00,139.16995695432882,140.74449027260528,138.81820195801723,140.43460083007812,308900
2019-12-12 00:00:00-05:00,140.25034673238602,143.04764534514948,139.7562028909144,142.72938537597656,387300
2019-12-13 00:00:00-05:00,142.76286457437126,143.70087762694254,141.24695113691814,142.69586181640625,648200
2019-12-16 00:00:00-05:00,144.05267661397536,144.41280217136313,142.61214882547773,143.33241271972656,342900
2019-12-17 00:00:00-05:00,143.36590108318458,144.56355492631846,142.7126399976471,143.9270477294922,435500
2019-12-18 00:00:00-05:00,144.00240132354594,144.320661268077,143.25701312146342,143.73439025878906,451600
2019-12-19 00:00:00-05:00,143.55855048584144,143.55855048584144,140.01585033554278,140.4932403564453,563200
2019-12-20 00:00:00-05:00,141.44801791627359,142.4865419250794,140.4094939074678,142.10964965820312,537500
2019-12-23 00:00:00-05:00,142.67913566440112,142.67913566440112,141.60711688753295,142.2268829345703,206200
2019-12-24 00:00:00-05:00,142.06775563023726,142.06775563023726,141.29724291854876,141.47311401367188,55000
2019-12-26 00:00:00-05:00,141.96725711449625,142.22689767128006,140.3173504489388,142.19338989257812,175000
2019-12-27 00:00:00-05:00,142.41951966120484,142.79639909706205,141.47312301470794,141.70762634277344,117500
2019-12-30 00:00:00-05:00,141.95053604371253,142.04266327893862,140.59375196315787,141.40614318847656,176500
2019-12-31 00:00:00-05:00,141.06270066163663,142.1682270295316,141.06270066163663,141.87509155273438,198900
2020-01-02 00:00:00-05:00,142.71261652513851,143.08950867205195,140.71933859841863,141.54010009765625,467900
2020-01-03 00:00:00-05:00,139.10292954732228,140.17494823564212,138.39104912588297,139.94044494628906,362500
2020-01-06 00:00:00-05:00,139.32906655019835,139.40443987134063,138.08116396691173,138.91030883789062,407600
2020-01-07 00:00:00-05:00,138.31571209438187,138.7177288297183,137.05106799392536,138.0142059326172,438200
2020-01-08 00:00:00-05:00,138.39940033627767,140.15818754008453,138.16489707969927,139.53842163085938,305000
2020-01-09 00:00:00-05:00,140.0074199161128,140.2670475935334,138.34914333362752,139.58029174804688,213500
2020-01-10 00:00:00-05:00,139.58033216950926,140.04096823678213,138.55017893375208,139.4882049560547,227600
2020-01-13 00:00:00-05:00,139.91533487360118,140.29221428594118,139.29558159358896,140.26708984375,162300
2020-01-14 00:00:00-05:00,140.53510333164996,142.08449933759675,140.1917189098802,141.0962371826172,182900
2020-01-15 00:00:00-05:00,140.66910593492537,141.146483114188,138.89356442360938,140.00746154785156,309700
2020-01-16 00:00:00-05:00,140.89523927731494,142.01751984168195,140.58536260911364,141.2637481689453,255300
2020-01-17 00:00:00-05:00,141.774581985455,143.7594890593551,141.13807498938405,142.37759399414062,429000
2020-01-21 00:00:00-05:00,142.16826335887524,142.3692716897131,140.62723782753739,141.38099670410156,396500
2020-01-22 00:00:00-05:00,141.84159591524772,142.0342208616947,140.01580586191176,140.40943908691406,257200
2020-01-23 00:00:00-05:00,139.58866981947367,141.22182205531428,138.70927622187676,141.07107543945312,189200
2020-01-24 00:00:00-05:00,141.43962997926693,141.43962997926693,137.67081000944066,139.00245666503906,352800
2020-01-27 00:00:00-05:00,136.29728164196743,137.75455048198134,135.98739220653266,136.4312744140625,239700
2020-01-28 00:00:00-05:00,137.0845416256302,139.18671387387877,136.83329717956119,138.02256774902344,286200
2020-01-29 00:00:00-05:00,138.7930376815698,139.02754094514384,137.37763476819632,138.1313934326172,203600
2020-01-30 00:00:00-05:00,136.86676167497572,138.10628085739341,135.72774024858717,136.7997589111328,328300
2020-01-31 00:00:00-05:00,136.02927446213192,136.9002977929719,133.18172669628743,133.69261169433594,368500
2020-02-03 00:00:00-05:00,134.84841117562905,136.13819263370365,133.74289699104176,135.5268096923828,587300
2020-02-04 00:00:00-05:00,137.84666858858515,138.42455630948027,135.77800434859887,136.19676208496094,607000
2020-02-05 00:00:00-05:00,136.76627205047834,138.2989268184,136.03762493753348,137.13478088378906,752300
2020-02-06 00:00:00-05:00,138.65068347674494,138.68417847133617,132.33580991043598,134.05271911621094,726600
2020-02-07 00:00:00-05:00,132.70427502414148,132.70427502414148,130.10798568646928,130.4346160888672,428300
2020-02-10 00:00:00-05:00,130.015907247186,130.85342272416727,129.0695106687661,130.31741333007812,662600
2020-02-11 00:00:00-05:00,130.7696215404396,131.607136732265,129.94886023070165,130.2503662109375,615200
2020-02-12 00:00:00-05:00,130.77802075953727,131.77466610099847,130.17500866687956,131.4899139404297,582200
2020-02-13 00:00:00-05:00,130.80313442411773,131.72440637297868,129.81487249667546,130.09962463378906,348100
2020-02-14 00:00:00-05:00,130.23370135992278,130.9120870843483,129.84843848534183,130.87020874023438,465700
2020-02-18 00:00:00-05:00,130.27553680482617,132.0091872208654,130.23365847450265,131.9421844482422,438900
2020-02-19 00:00:00-05:00,132.3776872357342,132.85507716647572,131.79979954250865,132.3274383544922,531500
2020-02-20 00:00:00-05:00,132.12644081504195,134.01085069197663,131.72443695288146,133.96060180664062,365200
2020-02-21 00:00:00-05:00,134.43276143014845,135.1916570057248,133.10893041669323,134.97242736816406,511900
2020-02-24 00:00:00-05:00,131.35508129430173,134.786947690055,131.35508129430173,134.154541015625,979800
2020-02-25 00:00:00-05:00,134.3485104743709,134.3485104743709,129.4325997666338,129.54222106933594,710200
2020-02-26 00:00:00-05:00,130.3769748538186,130.9840863789172,125.84894652327796,126.01758575439453,622300
2020-02-27 00:00:00-05:00,124.2636844857581,127.75456862073699,123.53009690125442,123.96012878417969,784100
2020-02-28 00:00:00-05:00,120.37649878102398,123.07477757312994,118.9093235191392,122.05448913574219,1025400
2020-03-02 00:00:00-05:00,122.8555484048432,125.39361572265625,120.50300096220023,125.39361572265625,653500
2020-03-03 00:00:00-05:00,124.76961442162106,127.35825889767113,120.75594493207956,121.54012298583984,532900
2020-03-04 00:00:00-05:00,123.39519186389185,126.52350265882274,122.28216276556914,126.10189819335938,546800
2020-03-05 00:00:00-05:00,124.3649100630789,124.533549303398,118.26007177927207,119.3393783569336,468600
2020-03-06 00:00:00-05:00,116.16046418112909,119.78626535991523,115.68826921204958,119.54174041748047,420400
2020-03-09 00:00:00-04:00,113.65611291766116,116.00024531000163,109.38105082564897,111.25297546386719,870400
2020-03-10 00:00:00-04:00,114.3559771670033,118.50456305792186,111.79262799038332,118.36965942382812,574300
2020-03-11 00:00:00-04:00,115.40159183913823,115.46905010753356,108.16685659969136,109.16184997558594,678500
2020-03-12 00:00:00-04:00,101.41273675900737,107.43325453143731,99.56611354812247,100.1900863647461,814000
2020-03-13 00:00:00-04:00,106.00823559154067,107.06224683241555,98.29287202170167,106.42984008789062,1055300
2020-03-16 00:00:00-04:00,92.96378546337075,102.11260115884552,92.49159051645809,98.21697998046875,859200
2020-03-17 00:00:00-04:00,100.08048689191023,105.83117251008301,94.77670105293608,105.77214813232422,872200
2020-03-18 00:00:00-04:00,98.74817394188825,100.91522009996564,82.195989046007,93.61302947998047,1102900
2020-03-19 00:00:00-04:00,92.23861536361116,95.93186780173052,87.74431066002673,90.24864196777344,1200500
2020-03-20 00:00:00-04:00,91.75797347271357,92.19643918043454,82.53326793489761,84.21125793457031,896200
2020-03-23 00:00:00-04:00,82.760944717911,83.94143832042721,76.4959030984406,80.58546447753906,1122900
2020-03-24 00:00:00-04:00,85.16410478188907,90.50161903148799,84.21970843272159,89.87763977050781,692900
2020-03-25 00:00:00-04:00,90.13058049419173,95.85596853392484,87.3058325397406,92.7023696899414,1049200
2020-03-26 00:00:00-04:00,93.64676959140422,96.16796859780291,91.45442794367851,95.73793029785156,951800
2020-03-27 00:00:00-04:00,92.23861347723857,93.07338841835784,85.45077981671527,90.94007110595703,632000
2020-03-30 00:00:00-04:00,91.05814049073442,95.38380689112256,88.4273324591456,95.30791473388672,589100
2020-03-31 00:00:00-04:00,94.03467278306917,96.10053886726989,90.67027039050471,91.75801086425781,689500
2020-04-01 00:00:00-04:00,87.70216163702757,90.8557611989316,84.81838223922779,87.9129638671875,954200
2020-04-02 00:00:00-04:00,86.76620489290534,88.8742273323191,83.51141773179657,84.97859954833984,881800
2020-04-03 00:00:00-04:00,84.32089081171506,85.52667980764951,79.26163736301216,80.5433120727539,930100
2020-04-06 00:00:00-04:00,84.93644872893745,90.51005451882595,84.05951056259264,89.43074798583984,976800
2020-04-07 00:00:00-04:00,93.34323739983877,98.38563024885636,92.44943788328298,92.60964965820312,788100
2020-04-08 00:00:00-04:00,93.91660076850359,98.80721474318948,92.00251948164875,98.16637420654297,652400
2020-04-09 00:00:00-04:00,100.12262135592255,104.92048197748672,99.9539821519353,102.97267150878906,718200
2020-04-13 00:00:00-04:00,103.34369261591202,103.34369261591202,95.78010688335259,96.2607421875,449000
2020-04-14 00:00:00-04:00,97.81224190132023,100.84779294955399,96.23543878920975,97.96401977539062,823300
2020-04-15 00:00:00-04:00,94.98748931244349,95.29947250608268,90.67869107198504,92.47472381591797,531500
2020-04-16 00:00:00-04:00,92.17115365106612,93.88286651884616,90.39198253402068,93.41910552978516,688300
2020-04-17 00:00:00-04:00,96.46310507618648,100.42618456420101,96.13425410064873,99.77691650390625,1000600
2020-04-20 00:00:00-04:00,97.47495457785826,98.35189266903524,95.72107839550426,96.68234252929688,720300
2020-04-21 00:00:00-04:00,93.7563923880714,95.95716796127259,91.72425600853957,93.20830535888672,1166500
2020-04-22 00:00:00-04:00,95.12238677143087,96.30288042897284,94.19485833806677,95.9234390258789,829000
2020-04-23 00:00:00-04:00,95.95717834547465,98.9337048247423,95.34163299894057,95.8475570678711,605200
2020-04-24 00:00:00-04:00,96.85941344000338,99.01802627193881,96.14268069308615,97.87126159667969,782000
2020-04-27 00:00:00-04:00,98.63857594224018,105.8395739942761,98.63857594224018,105.4348373413086,773900
2020-04-28 00:00:00-04:00,107.75368271031437,112.18896400918229,105.63722624383095,106.57318878173828,850100
2020-04-29 00:00:00-04:00,109.4991022795818,115.14859902731227,108.90041833213436,114.27166748046875,937300
2020-04-30 00:00:00-04:00,112.06246254608588,112.64427877105142,109.558130974663,109.86168670654297,924100
2020-05-01 00:00:00-04:00,107.88857671849405,109.1533900747867,103.71469521599765,104.60006713867188,709200
2020-05-04 00:00:00-04:00,103.318393886876,103.318393886876,99.95399190365825,102.36557006835938,647400
2020-05-05 00:00:00-04:00,103.39426818407351,105.15657153608203,102.38241373664938,102.59321594238281,523800
2020-05-06 00:00:00-04:00,102.89678436251104,103.56292018701615,100.39245281928291,100.9321060180664,377500
2020-05-07 00:00:00-04:00,102.6775623175097,104.51575828825436,102.54265221590407,103.04857635498047,388100
2020-05-08 00:00:00-04:00,104.97951603766654,107.77053565041376,104.97951603766654,107.36579895019531,322000
2020-05-11 00:00:00-04:00,106.00822516239607,106.91045843849584,103.17504271100042,105.26619720458984,398500
2020-05-12 00:00:00-04:00,105.53603875525032,106.18530683759593,103.48704068175522,103.49546813964844,611000
2020-05-13 00:00:00-04:00,102.67754009324705,103.52918284348091,100.27439612790701,101.22722625732422,643900
2020-05-14 00:00:00-04:00,99.49864907556173,104.56633630858013,97.474946451797,104.46514892578125,670100
2020-05-15 00:00:00-04:00,103.70627551948373,105.8395933097673,102.14634011985603,103.67254638671875,1250200
2020-05-18 00:00:00-04:00,107.71994812477215,113.97655726641358,107.12127051578561,113.31885528564453,667100
2020-05-19 00:00:00-04:00,112.7960508319013,115.62079274368706,111.29514011666089,112.03715515136719,574000
2020-05-20 00:00:00-04:00,113.90743796056732,116.18575042370773,113.43136047241161,113.67790222167969,549600
2020-05-21 00:00:00-04:00,113.21881887889796,114.89355400177018,112.8107654750268,112.95528411865234,353900
2020-05-22 00:00:00-04:00,113.61837372780366,113.61837372780366,109.10424492377759,109.56331634521484,602600
2020-05-26 00:00:00-04:00,114.31548599268812,117.54594030734543,114.31548599268812,116.4662857055664,689100
2020-05-27 00:00:00-04:00,119.01663769166046,120.7168753729699,115.2931130186219,115.79469299316406,783100
2020-05-28 00:00:00-04:00,117.04434490708687,117.49491978491544,113.69488788163726,113.70338439941406,578000
2020-05-29 00:00:00-04:00,112.65776845544448,112.65776845544448,108.29665403022189,110.2519302368164,905100
2020-06-01 00:00:00-04:00,110.48994962251085,112.844782504282,110.20940884120661,110.5239486694336,624300
2020-06-02 00:00:00-04:00,112.07116744015438,114.82555713209075,111.39106977861385,114.2729721069336,768200
2020-06-03 00:00:00-04:00,116.31326970250146,120.20680270130777,116.0072263912651,119.8497543334961,686500
2020-06-04 00:00:00-04:00,118.7021048508617,121.75402855502651,118.64259030206027,121.49049377441406,446900
2020-06-05 00:00:00-04:00,125.65604100763652,131.06279637400561,125.64754449061081,129.3880615234375,963000
2020-06-08 00:00:00-04:00,130.3657406709626,133.4261609787692,130.07669038160074,132.6695556640625,498500
2020-06-09 00:00:00-04:00,129.88964169691,130.1361834054262,127.28828032545664,128.7419891357422,525600
2020-06-10 00:00:00-04:00,127.874884813896,128.04490600144368,123.54778267765032,123.73480987548828,534500
2020-06-11 00:00:00-04:00,118.40455635609776,118.40455635609776,112.84478459846389,113.34635162353516,714700
2020-06-12 00:00:00-04:00,117.23140235862806,118.36206216062287,111.89265619261961,114.7745590209961,588300
2020-06-15 00:00:00-04:00,110.66846505495178,116.06672491133284,110.05639142037579,115.1571044921875,609600
2020-06-16 00:00:00-04:00,120.02827525984668,120.42783213296474,114.76603782058771,116.68730163574219,538800
2020-06-17 00:00:00-04:00,117.40992164943802,117.70746845277584,114.63853870878428,115.59066772460938,400100
2020-06-18 00:00:00-04:00,114.32396857239802,115.74366536186906,113.8564006544805,115.28460693359375,396000
2020-06-19 00:00:00-04:00,117.74995894048887,117.74995894048887,114.18797180395772,115.52265167236328,1026100
2020-06-22 00:00:00-04:00,114.42600236907859,115.42913638536237,112.64924411448276,114.67253112792969,402800
2020-06-23 00:00:00-04:00,116.55981191843787,117.64796315690712,115.25913093852094,116.53430938720703,466500
2020-06-24 00:00:00-04:00,114.94457618937649,114.94457618937649,110.93201415263917,111.21255493164062,523900
2020-06-25 00:00:00-04:00,110.51546063257986,112.14768741761603,108.90023985820247,111.95216369628906,536100
2020-06-26 00:00:00-04:00,111.75663584691607,113.79691600990142,111.24655932027726,113.54187774658203,1193700
2020-06-29 00:00:00-04:00,115.19961472204787,117.13788489833726,114.3409992488326,115.7011947631836,432400
2020-06-30 00:00:00-04:00,115.19110868420232,118.63409275583616,115.19110868420232,117.74996185302734,431100
2020-07-01 00:00:00-04:00,118.90614399330818,119.2801984401638,113.15084752805603,114.01795959472656,722700
2020-07-02 00:00:00-04:00,115.65016921250486,117.96249365353086,114.85956486357438,115.60767364501953,519600
2020-07-06 00:00:00-04:00,117.7159872744283,118.16654933847951,115.50567252974177,116.47480773925781,437600
2020-07-07 00:00:00-04:00,115.19960121700652,115.82869383870678,113.89892040834029,114.05194854736328,624200
2020-07-08 00:00:00-04:00,113.36335560433314,113.89042514858285,111.11904232420012,112.9297866821289,520700
2020-07-09 00:00:00-04:00,112.71726041608731,112.71726041608731,109.37629940768309,109.57182312011719,400000
2020-07-10 00:00:00-04:00,110.22644825944172,112.17321533748517,110.02241500071091,112.13070678710938,295500
2020-07-13 00:00:00-04:00,113.21880559920855,115.19958378560015,112.17316319927902,113.38883972167969,408300
2020-07-14 00:00:00-04:00,113.05731908555094,116.06673433466601,112.39422737012245,115.99022674560547,327600
2020-07-15 00:00:00-04:00,118.60860259824811,120.64038642233176,117.3504171800795,120.24082946777344,410300
2020-07-16 00:00:00-04:00,119.53521774987034,122.68916454220786,119.1016617854208,121.41398620605469,408100
2020-07-17 00:00:00-04:00,121.88151795933712,122.03454607580055,118.44704400363307,118.97411346435547,466200
2020-07-20 00:00:00-04:00,118.14100783744868,118.43855459901866,115.80318119357453,116.602294921875,258300
2020-07-21 00:00:00-04:00,117.21437704741167,119.43318749709029,117.21437704741167,118.75308990478516,259400
2020-07-22 00:00:00-04:00,118.58307920474138,119.42468853696386,117.63093730285387,118.49806213378906,192100
2020-07-23 00:00:00-04:00,118.28551759757687,121.66898645436291,118.28551759757687,120.99739837646484,314500
2020-07-24 00:00:00-04:00,121.35447530056854,121.9835679684667,118.80411855169494,120.50435638427734,419300
2020-07-27 00:00:00-04:00,120.06231707974841,124.15138788271587,118.18356112952512,123.78584289550781,437900
2020-07-28 00:00:00-04:00,122.77416090552704,123.44576205107973,121.32046495818848,121.5669937133789,346000
2020-07-29 00:00:00-04:00,122.41710999045202,124.43188744140741,122.0855641697659,124.13435363769531,304900
2020-07-30 00:00:00-04:00,122.43414181035627,124.83998013300636,121.02294115945286,123.52229309082031,630600
2020-07-31 00:00:00-04:00,123.69225805503415,124.87392240692924,120.33429213174502,124.00679779052734,1034200
2020-08-03 00:00:00-04:00,124.50842571315286,124.50842571315286,120.0793003262759,122.09407806396484,518200
2020-08-04 00:00:00-04:00,121.50748874220778,123.06320789339735,120.91240810366712,122.21308898925781,491200
2020-08-05 00:00:00-04:00,123.71781901267204,126.26817605349692,123.71781901267204,125.9536361694336,446400
2020-08-06 00:00:00-04:00,124.62741133327923,126.17462068060661,123.80279512527586,124.31285858154297,311700
2020-08-07 00:00:00-04:00,124.51690349119639,125.29901124199806,123.80280680200144,125.22250366210938,459200
2020-08-10 00:00:00-04:00,125.57955239334416,129.09054725037123,125.57955239334416,127.59432983398438,329000
2020-08-11 00:00:00-04:00,129.12457323260108,132.10848622598576,129.0565621565969,130.81631469726562,466300
2020-08-12 00:00:00-04:00,132.1424935974967,132.1424935974967,129.30309937616846,130.39125061035156,262200
2020-08-13 00:00:00-04:00,129.48162746146218,130.90132468579912,129.05656794620728,130.15322875976562,250200
2020-08-14 00:00:00-04:00,129.2010434203694,131.94693631038498,128.82698909654172,130.61224365234375,162000
2020-08-17 00:00:00-04:00,130.73976686531466,131.30084839650303,128.80149700464906,130.18719482421875,411800
2020-08-18 00:00:00-04:00,129.96620038339722,130.97784409622344,128.86953957955876,129.02256774902344,355800
2020-08-19 00:00:00-04:00,129.17667837281758,130.70930490940864,128.41465034451863,128.6886444091797,262600
2020-08-20 00:00:00-04:00,127.23307325835337,128.21771156029348,126.8220822053264,127.46424102783203,335500
2020-08-21 00:00:00-04:00,127.55840765735017,128.10638258946477,126.00866666487387,126.63369750976562,273200
2020-08-24 00:00:00-04:00,126.58231499212862,128.41460722382163,126.28264878238193,127.79813385009766,297200
2020-08-25 00:00:00-04:00,128.4146493816992,128.4146493816992,125.28948136053278,126.57379913330078,258100
2020-08-26 00:00:00-04:00,126.5738006629819,126.93340807593219,125.76040201001653,126.04295349121094,174600
2020-08-27 00:00:00-04:00,126.87345845198521,128.13209084514045,126.14568625969648,126.39398193359375,212000
2020-08-28 00:00:00-04:00,126.68507979837938,129.13384560741636,125.99153739670662,128.7228546142578,279900
2020-08-31 00:00:00-04:00,128.51738476694007,128.6201259929138,126.79639084335565,126.95051574707031,376100
2020-09-01 00:00:00-04:00,126.09430849693088,129.6133393236391,125.55489091192855,129.57052612304688,296500
2020-09-02 00:00:00-04:00,129.60477303368603,133.23511568632125,129.60477303368603,132.84982299804688,368100
2020-09-03 00:00:00-04:00,133.26081728595923,133.83447768125532,128.5602093330392,129.54486083984375,296100
2020-09-04 00:00:00-04:00,131.78810258269684,132.84980978825985,128.7913616489219,129.47633361816406,327100
2020-09-08 00:00:00-04:00,129.45916228582104,129.87014010356037,126.35112375859038,126.43673706054688,379400
2020-09-09 00:00:00-04:00,127.37861774017311,129.77601310320597,127.23306331954572,128.81704711914062,226500
2020-09-10 00:00:00-04:00,128.74854429591554,129.86162207691586,126.0771680733174,126.47103118896484,212300
2020-09-11 00:00:00-04:00,126.79639145340076,127.47280603365972,125.05828269362767,126.56522369384766,273800
2020-09-14 00:00:00-04:00,128.17488123884178,131.2658058142373,127.54129298004099,130.85482788085938,291200
2020-09-15 00:00:00-04:00,130.71783205038503,131.91653620852304,130.22979819977584,130.9661407470703,235200
2020-09-16 00:00:00-04:00,129.15955186873288,129.49347393938567,125.29802839055678,127.6526107788086,556700
2020-09-17 00:00:00-04:00,125.99156149233175,128.87700415034053,125.13534968996522,127.32726287841797,340900
2020-09-18 00:00:00-04:00,127.04467193359193,129.4677521490277,126.23126052232722,126.31688690185547,442200
2020-09-21 00:00:00-04:00,123.3972155990099,124.14212859911416,119.22746915298019,120.65734100341797,282500
2020-09-22 00:00:00-04:00,120.52891898574178,123.9537656243043,120.52891898574178,123.71402740478516,365400
2020-09-23 00:00:00-04:00,123.97946894790203,125.22953083639771,120.46043799273829,120.80291748046875,397000
2020-09-24 00:00:00-04:00,120.57173481378038,122.66945081274287,118.96205267779533,121.05976867675781,260800
2020-09-25 00:00:00-04:00,119.92955491266257,122.5324322074391,119.92955491266257,121.61627960205078,255600
2020-09-28 00:00:00-04:00,123.86814322940502,126.35116496133662,122.66945209313012,125.61482238769531,333700
2020-09-29 00:00:00-04:00,126.04294123896779,126.4624766475833,123.64554565425313,124.4931869506836,239600
2020-09-30 00:00:00-04:00,125.39218795037085,127.56697276086801,124.75002924144296,125.97441864013672,630700
2020-10-01 00:00:00-04:00,126.56518410032794,128.43171880927608,123.38863383995516,124.25340270996094,535000
2020-10-02 00:00:00-04:00,121.71047526887035,127.36147712695907,121.71047526887035,126.82205963134766,589500
2020-10-05 00:00:00-04:00,128.33757942126536,130.18699994741775,127.63549257590937,129.827392578125,305700
2020-10-06 00:00:00-04:00,130.6407612510875,138.252481488654,130.11847167746308,133.61181640625,860500
2020-10-07 00:00:00-04:00,135.27292544565265,138.11554221590436,134.90474752773562,135.62396240234375,399400
2020-10-08 00:00:00-04:00,135.53831578603805,136.30890109618062,134.28824094574153,135.61537170410156,278600
2020-10-09 00:00:00-04:00,136.266081158389,137.19079132367764,134.236863694556,134.60504150390625,269000
2020-10-12 00:00:00-04:00,135.27288107606768,136.76268096127822,134.57078126346056,135.07594299316406,259200
2020-10-13 00:00:00-04:00,134.59647696155017,135.79518118338143,132.38744920228982,133.115234375,280600
2020-10-14 00:00:00-04:00,133.65460191780812,134.89610580840267,132.5158392123045,134.27963256835938,251800
2020-10-15 00:00:00-04:00,132.22475606968283,136.83974930870946,131.40280021915592,135.25575256347656,337700
2020-10-16 00:00:00-04:00,136.01779207848614,138.1497639288086,135.56400091968416,136.274658203125,417600
2020-10-19 00:00:00-04:00,133.49197683868837,136.0691694982558,132.51589596802867,133.5347900390625,659400
2020-10-20 00:00:00-04:00,133.90292188380963,135.37560677411415,131.74526515026446,132.65284729003906,445700
2020-10-21 00:00:00-04:00,132.61863560291377,134.28824587939886,131.8651650926008,132.94400024414062,636200
2020-10-22 00:00:00-04:00,143.37265945371672,145.54744468368108,138.81761959349456,145.0850830078125,1902600
2020-10-23 00:00:00-04:00,146.34374038024296,147.17426699112428,143.9121016533206,145.0337371826172,657500
2020-10-26 00:00:00-04:00,143.59524926854527,144.48570355977097,140.02483549693108,140.63275146484375,548000
2020-10-27 00:00:00-04:00,139.80224151717132,140.06766504657028,134.8875817899264,135.64105224609375,601300
2020-10-28 00:00:00-04:00,133.31216715972982,134.05708026792624,131.3000773815896,132.43882751464844,560600
2020-10-29 00:00:00-04:00,131.77953535496576,134.51085255012748,131.3428590614085,133.49195861816406,529500
2020-10-30 00:00:00-04:00,133.47488695195173,135.4184918325307,131.23161571293414,134.8790740966797,443700
2020-11-02 00:00:00-05:00,136.69421339200034,140.60710772499235,136.1976220277365,140.2560577392578,423600
2020-11-03 00:00:00-05:00,141.78867758557158,142.6448893751831,138.8775496620393,140.35023498535156,596500
2020-11-04 00:00:00-05:00,138.1069873880433,138.1069873880433,134.19409258365437,134.96469116210938,465900
2020-11-05 00:00:00-05:00,136.21469412079338,139.93921963750458,135.7523456262869,138.45797729492188,419100
2020-11-06 00:00:00-05:00,139.6138825863997,140.7269604482147,137.64459299468925,139.26283264160156,326100
2020-11-09 00:00:00-05:00,145.81285656975732,152.97078697537097,143.7493832167419,144.06617736816406,804000
2020-11-10 00:00:00-05:00,144.1089880273487,148.74109642423355,143.51819986853573,147.84207153320312,422600
2020-11-11 00:00:00-05:00,148.30441616097858,148.30441616097858,144.29733910155815,145.7100830078125,400400
2020-11-12 00:00:00-05:00,144.51996013751506,145.658723211467,141.7115869418866,143.34695434570312,389400
2020-11-13 00:00:00-05:00,144.05761167897617,147.48245831621782,143.92918515598086,146.68618774414062,316600
2020-11-16 00:00:00-05:00,149.97403180102097,149.97403180102097,147.72219104008653,149.50311279296875,424300
2020-11-17 00:00:00-05:00,147.92772751065675,148.90380851374735,145.29059339981848,147.76504516601562,414100
2020-11-18 00:00:00-05:00,148.34726490934653,150.24805631895106,146.43791608429567,146.592041015625,408600
2020-11-19 00:00:00-05:00,146.212520412075,148.41166154703274,144.5825712243845,148.0925750732422,312400
2020-11-20 00:00:00-05:00,147.9718795564521,150.14515012823762,147.42855862368222,149.12750244140625,415400
2020-11-23 00:00:00-05:00,150.300372501971,152.13730462017207,149.6449475634986,151.80958557128906,407600
2020-11-24 00:00:00-05:00,153.93970720270073,155.8370006820242,152.65471555369183,154.4226531982422,355600
2020-11-25 00:00:00-05:00,153.61196118743965,153.61196118743965,150.80051854549546,150.8867645263672,355400
2020-11-27 00:00:00-05:00,151.41286669543675,152.64610290527344,150.2227403262188,152.64610290527344,196300
2020-11-30 00:00:00-05:00,151.51638480249824,152.5685230678911,150.75746194633422,151.6543731689453,430900
2020-12-01 00:00:00-05:00,153.5947414456753,153.86208559631683,150.48145064632854,151.60256958007812,408600
2020-12-02 00:00:00-05:00,150.4987055447916,152.1114162765473,149.7225441747687,151.8009490966797,473400
2020-12-03 00:00:00-05:00,151.80092837325364,155.4575267044034,151.57669406550477,153.03416442871094,767100
2020-12-04 00:00:00-05:00,153.37054251552846,156.29410333550197,152.8358540908877,156.20787048339844,393400
2020-12-07 00:00:00-05:00,155.31955995482883,156.64766140640822,154.31916432884944,155.1039581298828,521800
2020-12-08 00:00:00-05:00,153.965595452309,156.78567139687584,153.5602629126593,156.02674865722656,333400
2020-12-09 00:00:00-05:00,156.68214406993374,158.01887794958415,155.50065033930957,157.02711486816406,356000
2020-12-10 00:00:00-05:00,156.14744830935723,157.15646317222505,154.00868209984142,155.90597534179688,494200
2020-12-11 00:00:00-05:00,155.01769696270924,157.40656863388455,155.01769696270924,155.90597534179688,477100
2020-12-14 00:00:00-05:00,157.23410844843974,157.25134712010058,150.9471517344465,151.07650756835938,424100
2020-12-15 00:00:00-05:00,152.6547290868906,152.67198091948688,149.7915433626561,150.8695526123047,645300
2020-12-16 00:00:00-05:00,151.21447622922489,151.50769152081708,147.48888394490936,148.26504516601562,707100
2020-12-17 00:00:00-05:00,148.33406869592986,149.19647607206898,146.28153492974522,147.60964965820312,755700
2020-12-18 00:00:00-05:00,147.73039418517655,148.0839843868211,144.73783937475645,146.488525390625,1223900
2020-12-21 00:00:00-05:00,144.8930583122636,146.76448073658673,142.7801628757241,146.35916137695312,381000
2020-12-22 00:00:00-05:00,146.62648081950434,146.781707804329,143.8753996523761,144.48770141601562,367400
2020-12-23 00:00:00-05:00,145.09140023836537,146.18664796937236,144.3152258190696,144.74642944335938,255600
2020-12-24 00:00:00-05:00,146.13491202381422,146.52299267077018,144.58257627669957,146.410888671875,106400
2020-12-28 00:00:00-05:00,147.2905542559393,148.247826997611,145.91071030964096,146.9283447265625,280700
2020-12-29 00:00:00-05:00,147.8166228945229,147.92012073070063,144.25488928570343,145.62611389160156,154500
2020-12-30 00:00:00-05:00,145.95381869293809,148.25644464432085,145.95381869293809,147.42852783203125,259900
2020-12-31 00:00:00-05:00,146.91968491533927,147.8079632410925,145.99690293384066,147.5923614501953,287800
2021-01-04 00:00:00-05:00,148.0926070614265,148.33408009255464,143.1596354381632,143.9530487060547,414700
2021-01-05 00:00:00-05:00,144.15136162522455,145.75543958152994,143.4959368750691,143.78053283691406,363100
2021-01-06 00:00:00-05:00,144.9361727791189,150.93853354479236,144.9361727791189,149.7311553955078,338600
2021-01-07 00:00:00-05:00,150.3866216096901,152.12867525660306,148.2478415698602,151.67160034179688,361000
2021-01-08 00:00:00-05:00,151.85267432605613,151.90441665698953,147.26466131369855,149.10159301757812,277600
2021-01-11 00:00:00-05:00,147.76487565685667,150.27448426245402,147.17844496156098,147.80799865722656,254000
2021-01-12 00:00:00-05:00,148.7480123216287,150.68842881057824,147.35953599649756,150.28309631347656,367100
2021-01-13 00:00:00-05:00,150.4210830425615,150.86090603802853,146.98870559659161,147.98046875,313300
2021-01-14 00:00:00-05:00,149.16193460860066,149.40340753868134,146.49708672566635,146.69544982910156,320000
2021-01-15 00:00:00-05:00,145.54854701840353,146.2298432916755,143.05618936361356,145.37606811523438,383600
2021-01-19 00:00:00-05:00,146.6955240528103,149.53283899650157,145.74687051943937,148.7394256591797,481600
2021-01-20 00:00:00-05:00,149.25686289036932,152.5943754930606,149.2223592233494,151.34388732910156,442800
2021-01-21 00:00:00-05:00,150.91269362345258,153.06871238004018,149.73981889349713,151.8785858154297,418200
2021-01-22 00:00:00-05:00,151.74061609756328,154.37096193558747,150.3349006439011,153.49130249023438,542700
2021-01-25 00:00:00-05:00,153.37914298341315,157.59631413794853,152.17176487244592,154.603759765625,662800
2021-01-26 00:00:00-05:00,155.6386455579315,155.6386455579315,152.31837220896563,154.95733642578125,463800
2021-01-27 00:00:00-05:00,153.06867468421714,163.84876581237032,152.64609037464882,161.78761291503906,1211600
2021-01-28 00:00:00-05:00,162.99500863215096,166.46189027813537,155.9922643241139,157.3462371826172,1145400
2021-01-29 00:00:00-05:00,157.22544819069907,159.01063733921913,154.758963171721,155.22467041015625,464200
2021-02-01 00:00:00-05:00,156.88049593670814,161.0804147636729,155.9922175789635,159.7350616455078,607500
2021-02-02 00:00:00-05:00,160.33015462277316,161.0718254748912,153.45676694654313,154.04319763183594,721800
2021-02-03 00:00:00-05:00,154.060474936512,154.060474936512,151.59398896553742,152.92210388183594,662100
2021-02-04 00:00:00-05:00,162.77940223455698,166.9103280296523,161.20119506026703,162.874267578125,2248700
2021-02-05 00:00:00-05:00,163.8573867206406,163.8573867206406,157.90678162450217,159.0020294189453,625100
2021-02-08 00:00:00-05:00,160.12316430460777,160.856215784736,158.9157993295285,159.9593048095703,444600
2021-02-09 00:00:00-05:00,159.8385713874378,163.45206020570285,158.57946405481377,163.36581420898438,350700
2021-02-10 00:00:00-05:00,163.8574258378991,164.03853720391464,162.29647036040407,163.46934509277344,494500
2021-02-11 00:00:00-05:00,163.85739279854903,164.45245596209358,160.96832297759485,163.7625274658203,443600
2021-02-12 00:00:00-05:00,163.09845516301266,164.45244086408053,162.33954573014827,163.8142547607422,351100
2021-02-16 00:00:00-05:00,163.909170058508,164.70258339253,162.2964722177792,162.6241912841797,396200
2021-02-17 00:00:00-05:00,161.9169815049285,163.9436440604513,161.31329898603616,162.88287353515625,514000
2021-02-18 00:00:00-05:00,162.57241751268748,166.44463155406265,162.07221963149277,165.21139526367188,557600
2021-02-19 00:00:00-05:00,165.52179719548903,168.6954623352189,165.27170491326603,168.13490295410156,553400
2021-02-22 00:00:00-05:00,167.15423784277485,169.36732845821845,166.83311219152725,168.5081329345703,421700
2021-02-23 00:00:00-05:00,170.00088472791984,171.89286284893794,166.66820475789655,171.2940216064453,475700
2021-02-24 00:00:00-05:00,172.3615460673625,179.5128925564284,171.54573403751075,179.49554443359375,871500
2021-02-25 00:00:00-05:00,179.4347758385492,179.938149471155,174.16672068227572,177.10885620117188,529300
2021-02-26 00:00:00-05:00,176.44058039706027,178.2891618031645,174.9998917339654,176.2756805419922,677100
2021-03-01 00:00:00-05:00,178.78386730322464,182.68066607157704,178.27181959942453,181.1097869873047,565200
2021-03-02 00:00:00-05:00,181.2226154398235,183.58325784669395,180.34605853043846,182.1772918701172,651000
2021-03-03 00:00:00-05:00,183.0364752722861,189.7625669006077,182.95836899940022,186.0567169189453,694600
2021-03-04 00:00:00-05:00,185.45788314284894,186.4906658242874,179.5736386440251,183.01913452148438,508800
2021-03-05 00:00:00-05:00,185.70953994191112,189.58897674353418,183.80887467419575,188.5822296142578,522800
2021-03-08 00:00:00-05:00,189.20710551517558,192.3141272172088,187.8705719638532,189.39804077148438,452700
2021-03-09 00:00:00-05:00,189.58033444382048,191.48967409114545,187.69703022292128,188.79055786132812,475600
2021-03-10 00:00:00-05:00,188.4607500892566,190.3701028978976,187.53212235309115,189.9708709716797,647200
2021-03-11 00:00:00-05:00,189.05957662678242,190.0142529567203,186.2389576662313,186.4212188720703,548100
2021-03-12 00:00:00-05:00,187.78380367074516,188.93808942367147,186.42990857493416,188.63433837890625,281400
2021-03-15 00:00:00-04:00,188.2784484664501,193.6246083216979,187.78374904075332,193.6159210205078,624200
2021-03-16 00:00:00-04:00,192.6439359309608,192.73072950348148,189.2418371250193,191.45494079589844,331300
2021-03-17 00:00:00-04:00,192.31414432695084,193.546536300053,190.00557292643924,193.36428833007812,449700
2021-03-18 00:00:00-04:00,194.87437995108266,198.86664575671796,194.09329080090328,195.72491455078125,375700
2021-03-19 00:00:00-04:00,194.79628732299537,197.3478648150572,191.74133622939124,195.6207733154297,1282900
2021-03-22 00:00:00-04:00,195.30837332087177,195.30837332087177,189.9708984733302,190.97764587402344,449700
2021-03-23 00:00:00-04:00,189.77991197108358,192.74806927148404,185.71822721564274,186.8725128173828,567400
2021-03-24 00:00:00-04:00,188.59093102289773,190.43951234191417,186.8985622479502,187.0200653076172,468800
2021-03-25 00:00:00-04:00,187.13288651361796,195.44720538964182,185.9438913063343,194.6313934326172,435400
2021-03-26 00:00:00-04:00,196.35851312562826,199.3961033839253,195.5774237849175,199.29196166992188,308700
2021-03-29 00:00:00-04:00,199.62169937489395,202.9804145016314,197.0354125809799,197.79046630859375,443000
2021-03-30 00:00:00-04:00,197.84257930679254,201.67861989514478,197.84257930679254,201.38352966308594,323800
2021-03-31 00:00:00-04:00,200.68922093560172,202.38158972591944,198.74515872043347,200.25527954101562,453600
2021-04-01 00:00:00-04:00,199.63042458494743,201.4529706947227,196.87923743319664,201.12318420410156,359900
2021-04-05 00:00:00-04:00,203.82227522243264,204.2822520342441,201.7133131906651,203.32757568359375,285700
2021-04-06 00:00:00-04:00,203.94377574483036,204.88976478053817,202.31215190868107,202.85023498535156,276500
2021-04-07 00:00:00-04:00,202.94568608594722,204.17807792288934,201.7480169727719,204.12600708007812,334700
2021-04-08 00:00:00-04:00,203.4924708066773,203.54454165316957,201.60047951280467,203.39700317382812,579600
2021-04-09 00:00:00-04:00,204.9245001796904,205.27166127534866,202.3729224086794,204.4645233154297,280600
2021-04-12 00:00:00-04:00,204.10866913900497,205.8965188186542,203.4230475585859,205.0980682373047,303300
2021-04-13 00:00:00-04:00,204.48187660209052,204.69017325125594,201.22731594986263,202.1385955810547,386000
2021-04-14 00:00:00-04:00,202.83285610584417,203.94374481731745,202.1558954682908,202.43362426757812,347400
2021-04-15 00:00:00-04:00,202.39029067394645,202.73745178143997,200.40284464955963,201.4703369140625,403700
2021-04-16 00:00:00-04:00,202.98040523572337,205.05464430916211,202.18195476005226,204.4037322998047,289800
2021-04-19 00:00:00-04:00,205.37579569804674,206.1568849606,202.52046696780877,204.8290252685547,359600
2021-04-20 00:00:00-04:00,205.29767360008105,206.6428945533409,201.1925917718233,203.5792694091797,506900
2021-04-21 00:00:00-04:00,203.13667681309047,206.39992511070966,203.02384779429417,205.67958068847656,405900
2021-04-22 00:00:00-04:00,206.4259486022516,210.1404862745707,203.9611511549442,208.4915008544922,862500
2021-04-23 00:00:00-04:00,210.18385557776674,210.18385557776674,206.97269178337092,207.1549530029297,477200
2021-04-26 00:00:00-04:00,207.44132905978154,209.59367447266527,204.56863940843073,204.8116455078125,492200
2021-04-27 00:00:00-04:00,204.58598353089567,208.26581091696147,203.13662102259883,208.03147888183594,429800
2021-04-28 00:00:00-04:00,208.29189859638558,208.29189859638558,204.85507644269464,205.9138946533203,300500
2021-04-29 00:00:00-04:00,206.41722109394306,208.79522449282285,205.44519669397548,208.31788635253906,247800
2021-04-30 00:00:00-04:00,206.69499668494828,207.33722156187613,205.5233494612326,206.208984375,306500
2021-05-03 00:00:00-04:00,207.84057826275617,208.10094576263234,205.01128497929935,206.87722778320312,345400
2021-05-04 00:00:00-04:00,207.389300430914,211.67663076718827,206.61688519147128,210.91290283203125,361900
2021-05-05 00:00:00-04:00,210.7740131162719,213.82896421908185,209.8540594855515,213.05654907226562,406100
2021-05-06 00:00:00-04:00,214.36703916040298,217.08351640447634,213.4123628386661,217.0748291015625,343700
2021-05-07 00:00:00-04:00,216.19830506811772,219.29664006776227,213.65540133989253,218.32461547851562,245800
2021-05-10 00:00:00-04:00,219.70450959143204,225.64082433469034,219.01021399604994,221.63121032714844,437100
2021-05-11 00:00:00-04:00,219.8607335003913,221.25802522489866,215.7816873194369,217.85592651367188,396000
2021-05-12 00:00:00-04:00,218.22043852594774,218.57627362805567,212.81353275726377,213.0478515625,285200
2021-05-13 00:00:00-04:00,212.63997923672383,220.5116832991677,212.6313051753642,219.5570068359375,240400
2021-05-14 00:00:00-04:00,220.34675585441443,222.65531395710073,219.72187920084576,221.47500610351562,190200
2021-05-17 00:00:00-04:00,220.63316234487215,222.23006348869424,218.96682898920906,219.65245056152344,324800
2021-05-18 00:00:00-04:00,220.75471316571054,221.0497901977452,217.1269554584757,217.18771362304688,232400
2021-05-19 00:00:00-04:00,214.44516909805603,216.29376379652285,210.89553143854513,216.20697021484375,317400
2021-05-20 00:00:00-04:00,216.51221202036388,218.36996562523333,214.56722087955072,216.42498779296875,416600
2021-05-21 00:00:00-04:00,217.6373332618116,219.33809925291578,216.30288507582608,218.02981567382812,271400
2021-05-24 00:00:00-04:00,219.35556521834437,221.6406964700341,218.29149341979803,220.9952850341797,247100
2021-05-25 00:00:00-04:00,220.90804143538597,222.11166658266427,219.40787520527203,219.53871154785156,296700
2021-05-26 00:00:00-04:00,219.0154297016043,220.84703233797697,218.25662935926036,219.92250061035156,330500
2021-05-27 00:00:00-04:00,223.21936598300417,223.55953253260662,220.1492697129888,221.2656707763672,611900
2021-05-28 00:00:00-04:00,221.2568919462429,222.49541199754228,220.06199731378427,222.07675170898438,238300
2021-06-01 00:00:00-04:00,224.736971477778,225.00734796263586,221.80640233431143,222.96641540527344,280200
2021-06-02 00:00:00-04:00,223.29785443574136,223.29785443574136,220.4021934062639,221.78897094726562,240000
2021-06-03 00:00:00-04:00,220.57661707749529,221.39647695718688,218.03855692237377,221.16099548339844,200500
2021-06-04 00:00:00-04:00,222.27739025166662,222.34715366588117,220.05330545706676,221.8325653076172,195200
2021-06-07 00:00:00-04:00,222.04188456529027,222.04188456529027,218.11703393540108,218.99794006347656,253400
2021-06-08 00:00:00-04:00,217.3844240355282,218.02983547569102,215.5877032445521,216.25929260253906,543500
2021-06-09 00:00:00-04:00,214.99462068686526,215.68364424425792,212.03790006655626,213.1804656982422,460800
2021-06-10 00:00:00-04:00,214.25326040181218,214.66319036896257,209.58705641205944,209.83126831054688,456300
2021-06-11 00:00:00-04:00,210.80812309682182,211.39248825303616,207.868849805677,208.3485565185547,481800
2021-06-14 00:00:00-04:00,207.74673331730804,208.88058186064333,203.95270523614192,205.1824951171875,554700
2021-06-15 00:00:00-04:00,205.4005256883689,205.79300810759227,201.2314630044736,201.55416870117188,844100
2021-06-16 00:00:00-04:00,201.20529473980503,201.83327192256738,193.9922875460382,195.0738067626953,1065200
2021-06-17 00:00:00-04:00,196.05066809345476,196.5478222768257,186.84907027373092,187.63404846191406,1161000
2021-06-18 00:00:00-04:00,185.75012638443275,187.80849333342786,184.79071298545395,185.40997314453125,867000
2021-06-21 00:00:00-04:00,187.71253492455494,193.10265705263942,187.23282826868595,192.34385681152344,629700
2021-06-22 00:00:00-04:00,192.08221023379429,192.84102383405724,189.90173738767672,191.68972778320312,515700
2021-06-23 00:00:00-04:00,191.98627412666931,192.89335830815475,190.01513141115555,191.20130920410156,476700
2021-06-24 00:00:00-04:00,192.24793314710166,194.06208819784237,191.03559074643243,192.99801635742188,381100
2021-06-25 00:00:00-04:00,193.852776746709,194.960460813934,193.01548252453946,193.46902465820312,458200
2021-06-28 00:00:00-04:00,193.8527370294121,193.93124415985392,189.38713326996677,191.07046508789062,604700
2021-06-29 00:00:00-04:00,191.38445475581938,193.0677867002264,191.08791364513212,191.21875,305000
2021-06-30 00:00:00-04:00,191.54141410693478,195.4837118516202,191.27975476259533,194.8731689453125,542700
2021-07-01 00:00:00-04:00,196.24251633292135,196.6873279121989,193.83527959031457,194.8644561767578,407800
2021-07-02 00:00:00-04:00,195.7889804025854,195.8500400198804,193.6957321537061,195.29183959960938,360100
2021-07-06 00:00:00-04:00,194.57668315490727,195.6058733192991,191.28853949157744,194.04464721679688,401700
2021-07-07 00:00:00-04:00,193.0939295401459,197.78631079779728,193.0939295401459,197.21066284179688,372400
2021-07-08 00:00:00-04:00,194.8121600120906,196.87052684266058,193.3730533049697,195.15231323242188,519800
2021-07-09 00:00:00-04:00,198.97250862724727,199.72259180438354,197.34150591956674,198.55384826660156,321300
2021-07-12 00:00:00-04:00,197.11472496280558,199.06843322254102,196.3908064555181,198.0479736328125,309300
2021-07-13 00:00:00-04:00,197.72524774362006,197.97819001165874,194.44582182660727,194.94296264648438,233000
2021-07-14 00:00:00-04:00,194.9778694571938,196.7832939134723,194.67259795896578,196.1989288330078,228800
2021-07-15 00:00:00-04:00,196.24258111136282,197.35898228589,193.8353435741421,195.03895568847656,523800
2021-07-16 00:00:00-04:00,195.89366336674146,196.94028755121158,191.08789324722807,191.7071533203125,364500
2021-07-19 00:00:00-04:00,190.5558651325024,190.67797107050208,186.42169743983482,188.71554565429688,371300
2021-07-20 00:00:00-04:00,188.93359483287213,195.46629585327378,188.93359483287213,194.7249298095703,524300
2021-07-21 00:00:00-04:00,196.3820621218698,198.2659933994354,193.26834126240334,195.396484375,562100
2021-07-22 00:00:00-04:00,195.39648855237763,197.58567801626126,191.79434394583885,193.25962829589844,631900
2021-07-23 00:00:00-04:00,194.52433585025366,198.03053979364998,193.4689944815059,195.88494873046875,478500
2021-07-26 00:00:00-04:00,196.27741797991806,197.69037329090165,191.72460338223362,191.99497985839844,533400
2021-07-27 00:00:00-04:00,191.05305362000155,193.0678086132704,188.64580282613105,192.26539611816406,519100
2021-07-28 00:00:00-04:00,193.80918236045486,195.0738541325314,190.6169664576711,192.1345672607422,357400
2021-07-29 00:00:00-04:00,193.87018936262982,194.34117892280787,191.73332875932743,192.7799530029297,290000
2021-07-30 00:00:00-04:00,192.4485248578396,194.3847857775084,189.37842872398357,190.11978149414062,362600
2021-08-02 00:00:00-04:00,191.35829686519494,195.21338467368233,190.51227231316835,191.20130920410156,364200
2021-08-03 00:00:00-04:00,191.75077280762213,195.1610219647338,189.7098402645916,194.73365783691406,247500
2021-08-04 00:00:00-04:00,193.74811818803883,195.57972092440988,193.10269335620626,193.17247009277344,372200
2021-08-05 00:00:00-04:00,194.68132173555838,196.14659293662248,193.29453104559943,194.4545440673828,326000
2021-08-06 00:00:00-04:00,196.05061512143493,197.20191082960858,194.63767339644554,195.7540740966797,269300
2021-08-09 00:00:00-04:00,194.62029187974633,196.05068159368838,193.91382077771803,194.89939880371094,195800
2021-08-10 00:00:00-04:00,195.03020720411953,198.2224225372471,194.3499007637546,196.54782104492188,278600
2021-08-11 00:00:00-04:00,197.11474046581264,200.68199076072165,195.89368102528505,200.4639434814453,290400
2021-08-12 00:00:00-04:00,200.97851420858277,201.95537498372798,197.88225376173492,198.71083068847656,207400
2021-08-13 00:00:00-04:00,198.83295242505602,200.97853018236827,198.19625810129827,200.72560119628906,461700
2021-08-16 00:00:00-04:00,200.42905412275385,202.06004345075505,198.55383960741872,202.02516174316406,211300
2021-08-17 00:00:00-04:00,200.4377629249852,200.4377629249852,195.94599465269553,197.0536651611328,350800
2021-08-18 00:00:00-04:00,196.24253281903333,196.24253281903333,191.99497647853022,192.18685913085938,330100
2021-08-19 00:00:00-04:00,190.17837705202027,191.9413134075315,188.42420673014573,189.78369140625,302200
2021-08-20 00:00:00-04:00,189.88888156752452,192.78326442511207,188.67850011830978,192.54644775390625,240300
2021-08-23 00:00:00-04:00,194.5374440739317,195.86183752696962,193.90594184093572,194.8531951904297,278200
2021-08-24 00:00:00-04:00,195.37942287247222,199.08072213335367,194.87949145062026,197.64230346679688,428500
2021-08-25 00:00:00-04:00,197.75636761229816,200.22974049798415,197.36168201581438,198.45803833007812,300100
2021-08-26 00:00:00-04:00,198.23875587658878,198.55450701260273,196.66876622856623,197.1950225830078,197100
2021-08-27 00:00:00-04:00,197.82654667382138,200.48411345202553,197.22135581444206,199.30882263183594,203100
2021-08-30 00:00:00-04:00,199.80874197791246,200.7735408808006,198.01071495885128,198.36155700683594,150900
2021-08-31 00:00:00-04:00,198.85270660424555,198.85270660424555,195.91446658467027,197.30026245117188,403600
2021-09-01 00:00:00-04:00,197.7914257296733,198.57203081355027,195.29174160823231,197.28271484375,318600
2021-09-02 00:00:00-04:00,198.44050673594433,200.2560793430828,197.22135896469794,200.16836547851562,256500
2021-09-03 00:00:00-04:00,199.57192348812166,200.59812475897365,198.3352437568679,199.01058959960938,174100
2021-09-07 00:00:00-04:00,197.8791466973042,197.97562658229893,194.35326126225232,194.5637664794922,248000
2021-09-08 00:00:00-04:00,193.86207911482032,195.9583115417274,193.4147706228582,195.86183166503906,260900
2021-09-09 00:00:00-04:00,194.97601015429592,195.6162784963171,191.70448665063313,193.23060607910156,227100
2021-09-10 00:00:00-04:00,194.71289085031668,194.71289085031668,191.160693543288,191.76588439941406,267700
2021-09-13 00:00:00-04:00,193.34462671956732,195.59872829396204,189.5293014746149,192.2745819091797,251500
2021-09-14 00:00:00-04:00,192.2746233981658,192.73071146082486,188.34528535172203,189.51181030273438,224000
2021-09-15 00:00:00-04:00,189.39770001950768,193.84451314099078,188.69602948001312,193.3533477783203,319500
2021-09-16 00:00:00-04:00,193.3358370280699,193.6515881583406,191.844795228613,192.48507690429688,176700
2021-09-17 00:00:00-04:00,186.54726242510915,189.7047612691096,186.30167962779552,187.3454132080078,837200
2021-09-20 00:00:00-04:00,184.51236022043207,186.36301003608494,183.31952413001238,185.82798767089844,478200
2021-09-21 00:00:00-04:00,186.60860074669054,186.60860074669054,180.9075482172193,184.18785095214844,594300
2021-09-22 00:00:00-04:00,186.5822717503286,187.85404221085443,184.8719588287074,185.9595489501953,541600
2021-09-23 00:00:00-04:00,186.69633312777,190.39763328487277,186.10868772240622,188.89781188964844,579000
2021-09-24 00:00:00-04:00,188.0119277760982,189.23107530414117,187.4330485052494,188.21365356445312,246500
2021-09-27 00:00:00-04:00,188.48555313744507,191.78340116259392,188.48555313744507,190.23095703125,428000
2021-09-28 00:00:00-04:00,190.9326395830012,190.9326395830012,187.76636213479273,188.72238159179688,293200
2021-09-29 00:00:00-04:00,189.42404520514717,190.18710485914963,186.46827308952402,188.63467407226562,563700
2021-09-30 00:00:00-04:00,189.30124001575516,189.88888530655635,183.23181397130048,183.2668914794922,735000
2021-10-01 00:00:00-04:00,184.62639158488923,184.95968816587884,180.0918637633555,183.67913818359375,542900
2021-10-04 00:00:00-04:00,182.71435084634962,188.44171473862215,182.66171450521557,187.2576446533203,920600
2021-10-05 00:00:00-04:00,187.25763894568328,191.85356895370347,186.0034138769413,189.169677734375,315800
2021-10-06 00:00:00-04:00,188.05580262291056,190.081866880728,185.92447906192683,189.54684448242188,362900
2021-10-07 00:00:00-04:00,191.4939865125243,193.2569226997375,189.25741688899603,189.59071350097656,360400
2021-10-08 00:00:00-04:00,189.80998612876422,190.72214872695486,187.66989638374213,189.03814697265625,327100
2021-10-11 00:00:00-04:00,189.38019482369407,190.66951086634242,187.1524047743336,187.40675354003906,238700
2021-10-12 00:00:00-04:00,187.83652309327258,189.53807010090688,187.09099550473022,188.22244262695312,224300
2021-10-13 00:00:00-04:00,188.7399444059249,189.31004436640077,185.2842269780081,186.9331512451172,305000
2021-10-14 00:00:00-04:00,188.3013731144412,192.1956324969965,187.9856219919839,192.03775024414062,292800
2021-10-15 00:00:00-04:00,193.82702935895347,194.23926040171338,192.18687122041192,192.23072814941406,276700
2021-10-18 00:00:00-04:00,190.9589116808925,195.66008694004606,190.14321582362436,195.2390899658203,310300
2021-10-19 00:00:00-04:00,196.61611890925533,197.70370899483106,194.31816077163526,197.59844970703125,345800
2021-10-20 00:00:00-04:00,197.9229988437329,200.87000489764276,196.502112082376,199.992919921875,538700
2021-10-21 00:00:00-04:00,196.94942274428172,199.78240330700604,185.33681350994235,186.38931274414062,997000
2021-10-22 00:00:00-04:00,188.19616299061605,190.06434521911052,184.02122920159448,184.5650177001953,701900
2021-10-25 00:00:00-04:00,184.1878339765946,185.83675791578818,181.35485342036088,184.3281707763672,563700
2021-10-26 00:00:00-04:00,185.06494372903975,185.30176043752118,180.27605351452786,180.34622192382812,544300
2021-10-27 00:00:00-04:00,180.02169398314442,180.24973126230114,176.4958085802314,177.19747924804688,541900
2021-10-28 00:00:00-04:00,177.19746792466026,181.60043803516749,177.19746792466026,180.51284790039062,370400
2021-10-29 00:00:00-04:00,180.2497529447106,181.58292603560315,177.26766897684573,178.25,343600
2021-11-01 00:00:00-04:00,178.84640687975363,180.37252622571515,178.5306557420969,179.60946655273438,231200
2021-11-02 00:00:00-04:00,179.80240545417627,179.91643077442248,176.3554682028457,179.87257385253906,469400
2021-11-03 00:00:00-04:00,179.36392790574618,185.13515027271424,179.13589056599062,185.09129333496094,284900
2021-11-04 00:00:00-04:00,185.06494987822816,185.59120627383837,182.31090329214783,183.8370361328125,232700
2021-11-05 00:00:00-04:00,186.94188542110646,191.72199571462818,183.93349047118008,185.95077514648438,554700
2021-11-08 00:00:00-05:00,187.31905879907364,188.4855701273895,186.75771152440257,187.7926788330078,273900
2021-11-09 00:00:00-05:00,187.14361603239198,188.69606017881097,186.77524195045868,188.44171142578125,323200
2021-11-10 00:00:00-05:00,188.22244447031977,191.61675910372134,188.090873691683,191.28346252441406,451600
2021-11-11 00:00:00-05:00,191.27470175796844,193.58143963103427,190.64319947624134,193.04641723632812,366700
2021-11-12 00:00:00-05:00,193.84457898019355,195.18651815301155,192.6342106062982,194.05508422851562,453600
2021-11-15 00:00:00-05:00,194.47601634214405,195.2215438037571,192.7744696242055,194.43215942382812,449000
2021-11-16 00:00:00-05:00,195.18649417938613,197.04592351970587,194.64270575041567,196.16883850097656,436500
2021-11-17 00:00:00-05:00,196.02849258692015,196.5459695119694,190.23096034689402,190.83615112304688,552800
2021-11-18 00:00:00-05:00,191.5954125354212,191.7454948719253,188.99101722093627,190.48301696777344,603900
2021-11-19 00:00:00-05:00,190.44770051357494,193.05209571168172,189.5825144772,190.38589477539062,251700
2021-11-22 00:00:00-05:00,191.31287966038738,193.78485314646733,190.9067777170118,191.4364776611328,307800
2021-11-23 00:00:00-05:00,191.48947721481716,192.11630440837772,188.35538166053607,191.6748809814453,317200
2021-11-24 00:00:00-05:00,191.45418956566448,191.58661121931377,188.86744100458682,190.19171142578125,297600
2021-11-26 00:00:00-05:00,185.52139635163874,187.446009072938,183.63210504054916,186.54550170898438,242800
2021-11-29 00:00:00-05:00,188.1522944190501,188.57607055687484,185.02702286183333,187.887451171875,300100
2021-11-30 00:00:00-05:00,185.34482770602946,185.63616871683362,181.28372773085565,181.78695678710938,607300
2021-12-01 00:00:00-05:00,184.7357217033826,186.5367235288727,178.94424794778288,179.01487731933594,367000
2021-12-02 00:00:00-05:00,180.550985945276,186.45723292203112,179.57102550333227,185.45962524414062,271500
2021-12-03 00:00:00-05:00,186.0334786072617,187.11937639836177,184.58561039540396,186.38661193847656,211900
2021-12-06 00:00:00-05:00,188.90274091933898,189.3971329982425,185.36252991269666,185.60972595214844,347000
2021-12-07 00:00:00-05:00,186.74858220284108,189.9356596841677,186.4660782323404,189.16758728027344,267100
2021-12-08 00:00:00-05:00,189.8120827152884,189.91802003207457,187.85216152769704,189.54722595214844,413200
2021-12-09 00:00:00-05:00,188.4436562619724,190.41240095325452,187.00462506585325,189.22056579589844,390700
2021-12-10 00:00:00-05:00,190.34174784326206,192.73425478016918,189.2646738258891,191.97500610351562,296500
2021-12-13 00:00:00-05:00,192.2310825442637,192.50476291889024,188.09935218290647,188.21412658691406,335900
2021-12-14 00:00:00-05:00,187.83452062454126,189.6002146034298,185.36255983103806,187.9492950439453,442000
2021-12-15 00:00:00-05:00,188.48782596050518,191.489500236043,186.11296548271073,191.29527282714844,391200
2021-12-16 00:00:00-05:00,193.20217379250747,196.0537784094658,190.68606871252132,191.4718017578125,446300
2021-12-17 00:00:00-05:00,190.07692583002765,190.9509355731047,184.23247063544963,184.82398986816406,926000
2021-12-20 00:00:00-05:00,182.7492882626401,183.02296861624475,178.07903460102216,180.55099487304688,392900
2021-12-21 00:00:00-05:00,181.86641142412122,184.9563747250165,181.86641142412122,184.0823516845703,244300
2021-12-22 00:00:00-05:00,183.6321401797397,184.7180380059894,183.07594236745823,183.79104614257812,138300
2021-12-23 00:00:00-05:00,184.35606458474837,186.1923739679611,184.17948445801778,185.3448486328125,182500
2021-12-27 00:00:00-05:00,185.25654876981582,188.94685499028498,184.16182748055937,188.9027099609375,233600
2021-12-28 00:00:00-05:00,188.12582717922646,192.01918492034827,188.12582717922646,191.48947143554688,177700
2021-12-29 00:00:00-05:00,191.49829542931172,192.58419318060209,189.44126084602345,191.92205810546875,146000
2021-12-30 00:00:00-05:00,192.46060846566874,192.84022613546986,189.08812711721714,189.14993286132812,240000
2021-12-31 00:00:00-05:00,188.90273524037758,191.18048165357084,187.79035309628603,190.14755249023438,182900
2022-01-03 00:00:00-05:00,191.51593647360764,191.71900092266097,186.404259786157,188.32887268066406,206100
2022-01-04 00:00:00-05:00,190.09458925961812,195.63886637225903,189.93566982240068,195.0120391845703,329300
2022-01-05 00:00:00-05:00,195.63885408490222,198.14613573583637,193.06092960304267,193.45822143554688,271100
2022-01-06 00:00:00-05:00,195.27689033188196,196.60116056229356,193.10508122669063,193.99676513671875,198500
2022-01-07 00:00:00-05:00,193.61712606574497,195.25922162301927,192.83139296674224,193.37875366210938,249800
2022-01-10 00:00:00-05:00,192.32816361570997,193.67891802154926,190.79200547108968,192.18690490722656,246900
2022-01-11 00:00:00-05:00,193.01682210983458,193.5200378379595,187.94927605284497,191.0922088623047,301500
2022-01-12 00:00:00-05:00,192.21341901227186,193.6436266115367,191.13634476775732,193.21986389160156,197900
2022-01-13 00:00:00-05:00,194.6853691623296,195.8154119251025,193.10506593532045,194.6324005126953,328100
2022-01-14 00:00:00-05:00,192.16043184610032,194.46466246249926,190.62427361144344,194.341064453125,403600
2022-01-18 00:00:00-05:00,192.92850608149095,193.12273345111274,188.01988013178973,189.41477966308594,329000
2022-01-19 00:00:00-05:00,189.9532880137864,190.97739335853134,187.34005600843219,187.7020263671875,333200
2022-01-20 00:00:00-05:00,188.28472813003975,189.9444708418856,185.0181978842216,185.15061950683594,245600
2022-01-21 00:00:00-05:00,185.01822673218663,185.91872084871315,181.05423939941056,181.74285888671875,329600
2022-01-24 00:00:00-05:00,179.3768149104461,186.3689737544615,178.13201110118592,186.08645629882812,380500
2022-01-25 00:00:00-05:00,183.14655908304707,186.27184418145458,180.18903049689598,184.46200561523438,340300
2022-01-26 00:00:00-05:00,185.96284472405264,189.24703581493478,182.63450860004903,184.2589569091797,287700
2022-01-27 00:00:00-05:00,185.57438556099206,187.62259650266446,179.14726225001766,181.05421447753906,311400
2022-01-28 00:00:00-05:00,179.9594865261164,182.50208959330115,176.6664717697785,182.34317016601562,265600
2022-01-31 00:00:00-05:00,180.9217714102713,184.21479936686677,180.25081275437375,183.8528289794922,288500
2022-02-01 00:00:00-05:00,183.33196174950024,185.7686139619282,181.85760927414833,185.5743865966797,385700
2022-02-02 00:00:00-05:00,186.0422771430615,187.57843521620183,184.61206983193966,186.3336181640625,486000
2022-02-03 00:00:00-05:00,186.7839215653951,193.7848908837798,185.3978454924545,191.3394012451172,666600
2022-02-04 00:00:00-05:00,191.42766712317288,191.42766712317288,184.85046136827947,188.6643524169922,399100
2022-02-07 00:00:00-05:00,189.17641167099518,189.17641167099518,185.28305404076167,185.6715087890625,373400
2022-02-08 00:00:00-05:00,186.18357193737612,188.21412238966158,184.64741356644558,187.1547088623047,360400
2022-02-09 00:00:00-05:00,188.2847359415537,191.86026808337573,187.7461988686257,189.5736846923828,244800
2022-02-10 00:00:00-05:00,187.80799255953198,190.42122496708646,185.95402239612056,186.87217712402344,224100
2022-02-11 00:00:00-05:00,187.20765049403485,188.95568323539888,182.89935417070134,184.4443359375,425500
2022-02-14 00:00:00-05:00,184.98292230372186,186.545565193606,182.59923820785616,186.02468872070312,247100
2022-02-15 00:00:00-05:00,188.48777028035042,192.39877469166794,188.48777028035042,190.8891143798828,381300
2022-02-16 00:00:00-05:00,189.3530222039997,193.9703217477734,189.3530222039997,192.77847290039062,473600
2022-02-17 00:00:00-05:00,191.32173388399394,193.5111901523616,189.38829725753837,190.9950714111328,338500
2022-02-18 00:00:00-05:00,190.4918617445909,192.68131808190924,189.75026017917358,190.2270050048828,375500
2022-02-22 00:00:00-05:00,190.61800241507424,191.4000522075187,184.77921440667495,185.57015991210938,328400
2022-02-23 00:00:00-05:00,186.16562629938764,186.75217392981767,180.46015081562285,180.84230041503906,445600
2022-02-24 00:00:00-05:00,177.29638394613062,182.5130702020644,175.74115250800668,182.1398162841797,350000
2022-02-25 00:00:00-05:00,182.45083201755745,188.73395873709273,182.21087827461292,188.4940185546875,361600
2022-02-28 00:00:00-05:00,186.05009245913794,188.74286311404072,184.9036572928685,186.78770446777344,499300
2022-03-01 00:00:00-05:00,185.85458845730022,186.92991222084342,177.90957609292968,179.51812744140625,379300
2022-03-02 00:00:00-05:00,181.81095341547072,187.57864368735872,181.2332880366883,185.96119689941406,331000
2022-03-03 00:00:00-05:00,187.30312595959188,188.70727897577933,185.29466113317935,187.2053680419922,309400
2022-03-04 00:00:00-05:00,184.00607670657223,184.59262431674713,181.3310702846565,184.40599060058594,319100
2022-03-07 00:00:00-05:00,184.4059954672837,184.4059954672837,178.94047379692748,181.4288330078125,478300
2022-03-08 00:00:00-05:00,183.59726760519933,190.25366223838245,182.51304816298708,183.3839874267578,503900
2022-03-09 00:00:00-05:00,187.27651269552976,188.64512388359802,184.30824581725992,184.57485961914062,297800
2022-03-10 00:00:00-05:00,181.63326915188588,184.26382454773176,181.63326915188588,183.9794464111328,213300
2022-03-11 00:00:00-05:00,184.80591863280156,186.1211962188289,182.65525745816856,182.80633544921875,223000
2022-03-14 00:00:00-04:00,182.18421491995323,183.53504801777405,179.67806457638585,181.9353790283203,724400
2022-03-15 00:00:00-04:00,183.6061754462502,183.6061754462502,178.14063998351932,180.04246520996094,576900
2022-03-16 00:00:00-04:00,181.00225110258742,183.75723754247852,179.73141153022235,183.26844787597656,468000
2022-03-17 00:00:00-04:00,182.18422758466906,186.94767915076787,181.74875796376983,186.9387969970703,408900
2022-03-18 00:00:00-04:00,186.8765944290486,190.90242070618902,184.7703712081786,190.17369079589844,1199600
2022-03-21 00:00:00-04:00,190.33363875607293,192.27101955754526,188.39627151514068,189.1072235107422,424200
2022-03-22 00:00:00-04:00,190.79577516941916,190.79577516941916,187.59643683356737,188.91172790527344,224300
2022-03-23 00:00:00-04:00,188.46735825183558,188.48512255829425,182.75298768026246,184.10382080078125,313100
2022-03-24 00:00:00-04:00,184.89482035442776,185.436930191547,182.30868915306178,183.88169860839844,290000
2022-03-25 00:00:00-04:00,184.48598631612242,186.23673358071517,183.12627082481518,185.5791015625,270700
2022-03-28 00:00:00-04:00,185.31248704441563,185.31248704441563,180.51347924601373,182.9485321044922,488300
2022-03-29 00:00:00-04:00,184.0771947134979,187.85418529472724,183.65950290555392,187.27651977539062,555300
2022-03-30 00:00:00-04:00,186.4144693280773,188.88506434498572,185.33024981009115,185.7390594482422,234500
2022-03-31 00:00:00-04:00,184.9392064927766,187.68529709361403,182.54859187294886,182.6107940673828,346500
2022-04-01 00:00:00-04:00,183.76615502088583,184.40602278720775,179.30485852806987,181.02894592285156,335300
2022-04-04 00:00:00-04:00,180.44237205778055,185.3924575936132,178.62942268965773,185.38357543945312,347400
2022-04-05 00:00:00-04:00,184.9925304425246,186.46778155990998,182.89518956495857,183.30398559570312,275500
2022-04-06 00:00:00-04:00,182.06869217208398,185.29469040190727,180.86005480018233,184.2904510498047,317600
2022-04-07 00:00:00-04:00,184.1393980929379,184.73482792580504,180.84231506431857,182.4419708251953,347900
2022-04-08 00:00:00-04:00,183.4639592189762,187.95191476531645,182.38862197918604,185.205810546875,465200
2022-04-11 00:00:00-04:00,185.69460894381731,189.14278314787074,185.69460894381731,187.32093811035156,330400
2022-04-12 00:00:00-04:00,187.7119901813601,190.75135510418545,187.0543445840484,187.1254425048828,344500
2022-04-13 00:00:00-04:00,185.7745716766144,188.31626420171727,185.5523958040024,187.19650268554688,314900
2022-04-14 00:00:00-04:00,187.9785794515956,188.6273292487626,186.26337454169257,187.6586456298828,256000
2022-04-18 00:00:00-04:00,186.6099648960775,193.19526135955718,186.6099648960775,192.22657775878906,537400
2022-04-19 00:00:00-04:00,193.42634471331223,202.1534210976331,193.23082882474617,201.6201934814453,911300
2022-04-20 00:00:00-04:00,203.02430736573146,205.41492189746359,200.6870264336709,201.13137817382812,702900
2022-04-21 00:00:00-04:00,207.05907204083914,209.16529539006586,200.40267670013495,201.01588439941406,1076400
2022-04-22 00:00:00-04:00,201.5935238407644,201.5935238407644,197.06114356152733,197.62991333007812,576700
2022-04-25 00:00:00-04:00,196.42123923126888,199.48726340472993,190.7690847780598,198.41192626953125,578600
2022-04-26 00:00:00-04:00,197.27443624245532,198.4119758515954,194.68831887698914,195.168212890625,342100
2022-04-27 00:00:00-04:00,196.36792321113867,198.53634827066898,194.71493422703188,195.8880157470703,392800
2022-04-28 00:00:00-04:00,196.85671685572328,196.85671685572328,191.96884737102127,195.7280731201172,574400
2022-04-29 00:00:00-04:00,195.36371852715072,195.70143024232314,188.25408956295527,188.84063720703125,480600
2022-05-02 00:00:00-04:00,189.6049296958342,192.33324285768214,186.27229099877036,190.3780975341797,369500
2022-05-03 00:00:00-04:00,191.1512528747088,195.5858886927855,191.1512528747088,195.31927490234375,384900
2022-05-04 00:00:00-04:00,196.00360000096396,203.12211162011522,194.83050463032458,202.5800018310547,360900
2022-05-05 00:00:00-04:00,200.46487173855715,201.7001691642563,195.3725904948731,197.26553344726562,345700
2022-05-06 00:00:00-04:00,197.39882367820613,197.39882367820613,191.53338851849168,193.8529052734375,351300
2022-05-09 00:00:00-04:00,191.3645333719647,195.61253517450214,191.3645333719647,193.7018280029297,320100
2022-05-10 00:00:00-04:00,194.96383242872238,195.51482441269349,188.156358469641,190.18260192871094,387400
2022-05-11 00:00:00-04:00,191.0712565396618,193.67515134065493,186.92101273418132,187.43646240234375,284200
2022-05-12 00:00:00-04:00,186.48558263749544,190.92021901758085,185.8368327282846,190.84912109375,317700
2022-05-13 00:00:00-04:00,191.91555446133725,193.53300164673752,190.8402306165749,192.3954620361328,174400
2022-05-16 00:00:00-04:00,191.89774322273004,193.97731975099904,188.1296490030231,192.7064666748047,247600
2022-05-17 00:00:00-04:00,195.41702008006763,198.5452603252027,194.99044617953913,198.50970458984375,365000
2022-05-18 00:00:00-04:00,197.2921746524994,197.9409244028292,191.8533136365868,192.3154296875,357100
2022-05-19 00:00:00-04:00,190.71418649412533,195.74168677369377,189.56913314682228,192.36019897460938,440800
2022-05-20 00:00:00-04:00,193.88988434737126,195.4106567167157,184.59526531548363,187.82467651367188,387900
2022-05-23 00:00:00-04:00,189.62279156667856,191.57295571441637,188.2719901703128,189.93589782714844,291200
2022-05-24 00:00:00-04:00,189.88220047493647,190.48156319012497,185.41828664014622,189.5780487060547,313800
2022-05-25 00:00:00-04:00,188.1467449212951,192.81640702222396,187.18954452150925,192.52120971679688,300400
2022-05-26 00:00:00-04:00,194.19406435680568,196.89568080741054,193.9614801041475,196.15318298339844,326000
2022-05-27 00:00:00-04:00,197.50400532120062,199.5167964002373,196.91358332865605,199.40049743652344,232900
2022-05-31 00:00:00-04:00,197.3518942299057,199.48098389311218,195.92952539697345,198.48800659179688,406900
2022-06-01 00:00:00-04:00,199.65990601975065,199.70463743471305,192.15443323280203,194.0867156982422,290300
2022-06-02 00:00:00-04:00,195.0349847400683,197.5218988253464,194.37299521049076,197.2445831298828,150900
2022-06-03 00:00:00-04:00,195.97427805662767,197.18194442962775,195.06180900916755,196.9761962890625,164400
2022-06-06 00:00:00-04:00,197.60240416576306,198.85480201323062,196.98514606589947,198.20176696777344,202100
2022-06-07 00:00:00-04:00,197.2177246404349,201.03754452553994,196.01898550389862,200.99281311035156,242000
2022-06-08 00:00:00-04:00,199.26632896952484,200.3845463038095,197.71872000090679,197.91552734375,229600
2022-06-09 00:00:00-04:00,197.23558534886925,199.19470373519215,195.35698896138223,195.6164093017578,159100
2022-06-10 00:00:00-04:00,192.10075943695983,192.3959703931839,187.08220048137366,187.28794860839844,263500
2022-06-13 00:00:00-04:00,184.2374717077643,186.44707008970457,181.3927335707573,184.22853088378906,303500
2022-06-14 00:00:00-04:00,184.32689823200107,186.42019723927785,181.9383882903478,183.8975067138672,260900
2022-06-15 00:00:00-04:00,184.51476600275535,185.51669782641358,181.41954865228598,182.3498992919922,307100
2022-06-16 00:00:00-04:00,179.08473104102646,179.08473104102646,170.35368202499814,171.59715270996094,531000
2022-06-17 00:00:00-04:00,171.31982242300867,176.84829556953983,170.0405884492836,175.0949249267578,1240400
2022-06-21 00:00:00-04:00,177.69813267387278,178.0649111946649,175.50642967298154,176.71409606933594,277300
2022-06-22 00:00:00-04:00,174.21821749951764,176.85720702430208,173.65463173469306,175.87318420410156,274100
2022-06-23 00:00:00-04:00,175.7390330683636,177.57291222183608,172.5990837159127,175.1754608154297,230800
2022-06-24 00:00:00-04:00,176.23103086134947,181.3479938646626,175.7211172656866,180.5876007080078,391100
2022-06-27 00:00:00-04:00,181.59844845928632,183.58440302705682,179.70195671533307,182.55564880371094,221000
2022-06-28 00:00:00-04:00,184.24638706150807,184.82785444903664,179.80929594167503,179.90769958496094,291100
2022-06-29 00:00:00-04:00,180.34608115751303,180.34608115751303,177.31347656158096,177.9038848876953,199900
2022-06-30 00:00:00-04:00,175.41695679880888,177.87703451927294,174.50450143602623,176.2578582763672,355500
2022-07-01 00:00:00-04:00,176.72305866036422,179.10262826782494,174.20930844162726,177.34031677246094,275100
2022-07-05 00:00:00-04:00,174.54923987342184,177.85917393667253,172.73325610580525,177.75181579589844,242800
2022-07-06 00:00:00-04:00,177.03610351194894,178.91471346335794,175.2111794406708,177.7159881591797,219300
2022-07-07 00:00:00-04:00,179.19205454224053,180.89175275167676,178.3690483814013,180.11346435546875,213400
2022-07-08 00:00:00-04:00,178.90578958002826,180.59653323632753,177.05401556830918,177.1434783935547,261500
2022-07-11 00:00:00-04:00,176.3473048554545,178.1543337682292,176.15049756394671,177.0271759033203,219300
2022-07-12 00:00:00-04:00,178.24381774738796,182.57355137423366,177.81442617409311,178.52113342285156,276700
2022-07-13 00:00:00-04:00,176.23995209637042,177.80545600362495,175.1664664328466,176.38308715820312,187600
2022-07-14 00:00:00-04:00,173.78880703057945,175.52428189810226,171.98176464118765,175.3721923828125,158600
2022-07-15 00:00:00-04:00,178.0917634833748,178.23489857523117,175.45277335904842,177.0093231201172,193900
2022-07-18 00:00:00-04:00,178.27956298552644,180.2655174277349,178.02014265303504,179.19203186035156,355700
2022-07-19 00:00:00-04:00,181.3032831642106,186.19660328650622,181.3032831642106,185.66880798339844,329700
2022-07-20 00:00:00-04:00,185.76718902002173,186.73333031229464,184.37165614788717,185.9103240966797,256600
2022-07-21 00:00:00-04:00,186.3933683778458,192.04706681202683,184.28217399385355,189.47964477539062,488800
2022-07-22 00:00:00-04:00,190.54422784282855,192.0650006401899,189.47968278964152,190.7857666015625,468400
2022-07-25 00:00:00-04:00,191.57292584761836,192.86111398112473,189.62276200391702,191.59976196289062,317900
2022-07-26 00:00:00-04:00,190.49051131636628,193.51417455951824,190.338435436992,193.21896362304688,305300
2022-07-27 00:00:00-04:00,193.01322049689875,196.94039857322474,192.00236147755476,196.15318298339844,332000
2022-07-28 00:00:00-04:00,195.07075091685016,198.74744959751743,195.07075091685016,198.24649047851562,361000
2022-07-29 00:00:00-04:00,199.00689120472475,200.8318157291314,197.5218954382284,200.42926025390625,372800
2022-08-01 00:00:00-04:00,199.47208280919793,200.72449444927875,197.76345704791103,200.38455200195312,186000
2022-08-02 00:00:00-04:00,200.1250862568709,200.50080556877194,197.60238189824955,198.2554168701172,413000
2022-08-03 00:00:00-04:00,198.32697312107794,200.232419340998,197.35189113017753,199.633056640625,263300
2022-08-04 00:00:00-04:00,199.6330419189476,200.3576443293949,198.9263211518898,199.5435791015625,254300
2022-08-05 00:00:00-04:00,198.60431153942298,200.3487412563427,197.26245092647673,199.4899444580078,232600
2022-08-08 00:00:00-04:00,199.98191825676108,201.52058584264586,199.1141808280897,200.76019287109375,361200
2022-08-09 00:00:00-04:00,200.17879949453547,200.32192094020837,197.6113631955205,198.12127685546875,156200
2022-08-10 00:00:00-04:00,201.27910525456358,203.4081952692924,200.59923407974435,202.88038635253906,186700
2022-08-11 00:00:00-04:00,204.71423555396836,205.87718405605398,202.76407150363832,204.62478637695312,328200
2022-08-12 00:00:00-04:00,204.848431643592,207.0759113679628,203.9896349058065,206.96856689453125,298400
2022-08-15 00:00:00-04:00,205.44779076955103,206.7538606737801,204.95577252476164,206.26185607910156,226700
2022-08-16 00:00:00-04:00,205.54618877372005,210.144296730356,205.01837995283495,208.74876403808594,293600
2022-08-17 00:00:00-04:00,206.84332768458322,207.9257541949065,206.3513094298403,207.16537475585938,225800
2022-08-18 00:00:00-04:00,207.67842282857512,209.0465678285436,207.33639687932836,208.74053955078125,153400
2022-08-19 00:00:00-04:00,208.07444186856992,208.7225097550999,206.62529197429112,207.1383514404297,229800
2022-08-22 00:00:00-04:00,204.87910971374356,205.23915505847512,201.17073193612447,201.3057403564453,206400
2022-08-23 00:00:00-04:00,201.30577008430075,202.16086932036166,200.14465629509698,200.81072998046875,187100
2022-08-24 00:00:00-04:00,200.96374907404638,201.7198238267703,199.63160167049134,201.5758056640625,186700
2022-08-25 00:00:00-04:00,201.94483300594916,205.20316473813875,201.94483300594916,205.1581573486328,192500
2022-08-26 00:00:00-04:00,205.81523714748622,205.81523714748622,198.16444781950753,198.24545288085938,220100
2022-08-29 00:00:00-04:00,196.47229260489786,199.55961863718085,196.02224611941213,199.298583984375,242300
2022-08-30 00:00:00-04:00,199.94663422060236,199.94663422060236,195.752198053075,196.4542694091797,278400
2022-08-31 00:00:00-04:00,197.02130220073198,197.19232202133392,194.81607770223292,196.09420776367188,359500
2022-09-01 00:00:00-04:00,194.81609436909474,195.60818045466792,192.56586229355878,193.51995849609375,323100
2022-09-02 00:00:00-04:00,196.04024410757123,196.64330472626392,191.0987289470961,192.08883666992188,282800
2022-09-06 00:00:00-04:00,193.24993187388685,195.60818447688249,191.6297619993207,195.41915893554688,318100
2022-09-07 00:00:00-04:00,195.40112654856574,201.34174403260258,194.43803447380444,201.1437225341797,342800
2022-09-08 00:00:00-04:00,199.09153963282174,200.99073609515898,197.38135497770807,200.13565063476562,341500
2022-09-09 00:00:00-04:00,201.32375426642892,202.61089410804962,200.52267222643394,201.10772705078125,174400
2022-09-12 00:00:00-04:00,200.78373050646348,202.66492137788623,200.47768848129073,202.38589477539062,324100
2022-09-13 00:00:00-04:00,198.06541542646113,199.3075341011976,195.01410150646888,195.5091552734375,340200
2022-09-14 00:00:00-04:00,195.72518586530293,196.58027131885862,193.14192380217335,195.07711791992188,354900
2022-09-15 00:00:00-04:00,195.47317269989827,196.67929388506286,192.30484185836156,193.36695861816406,280600
2022-09-16 00:00:00-04:00,191.79179551325913,194.08703513996372,190.06361880479375,193.93402099609375,677100
2022-09-19 00:00:00-04:00,192.7008973815716,198.79453053069508,192.7008973815716,198.66851806640625,258800
2022-09-20 00:00:00-04:00,197.075329694054,197.075329694054,193.77199053350384,195.5361785888672,250600
2022-09-21 00:00:00-04:00,197.06633409097878,199.37056962824175,194.08702890486174,194.2310333251953,248900
2022-09-22 00:00:00-04:00,194.5100836375123,195.48217189556703,189.775586133816,189.84759521484375,253700
2022-09-23 00:00:00-04:00,187.9663984304475,187.9663984304475,182.57483711618997,185.8241729736328,323400
2022-09-26 00:00:00-04:00,185.34712550454293,188.4704489188473,184.92408074922258,185.9951934814453,314400
2022-09-27 00:00:00-04:00,188.16438664191273,188.90245553351954,182.21477318870683,183.90695190429688,299800
2022-09-28 00:00:00-04:00,185.1670558804234,188.22736531114327,183.55588239074217,187.29127502441406,274700
2022-09-29 00:00:00-04:00,186.00416799139114,186.00416799139114,181.81874204691286,182.5028076171875,342600
2022-09-30 00:00:00-04:00,183.30389077939668,185.14008775810845,180.69362718797083,181.2336883544922,416900
2022-10-03 00:00:00-04:00,183.60994157644302,187.354317316057,182.3678090744323,186.28321838378906,323900
2022-10-04 00:00:00-04:00,188.99249906259232,193.02491123297364,188.99249906259232,192.99790954589844,225200
2022-10-05 00:00:00-04:00,190.51365903970375,193.63698237897637,190.4056385565967,192.619873046875,209200
2022-10-06 00:00:00-04:00,192.52086161610896,194.0060093440016,192.11582257525887,192.4488525390625,218700
2022-10-07 00:00:00-04:00,191.12569367943425,191.12569367943425,187.2552920581442,188.61444091796875,211600
2022-10-10 00:00:00-04:00,190.28863836692847,190.94570232133387,186.85027698532105,188.38043212890625,202500
2022-10-11 00:00:00-04:00,188.37142272719976,190.43264295933142,187.01228752449504,188.1553955078125,232800
2022-10-12 00:00:00-04:00,188.51543477084783,189.6585564514866,186.93126268194348,187.0302734375,206100
2022-10-13 00:00:00-04:00,184.31199797905677,192.74586273009197,182.68283228388128,191.15269470214844,273800
2022-10-14 00:00:00-04:00,192.25084688764562,193.28596200455453,187.94840375267793,188.65948486328125,225100
2022-10-17 00:00:00-04:00,191.3417539545302,192.78189438121282,190.55867751168196,191.26974487304688,423400
2022-10-18 00:00:00-04:00,194.36603156882984,196.67926280562438,193.21391394202567,194.99609375,307500
2022-10-19 00:00:00-04:00,194.6720948883921,195.11314536184994,191.44976059909487,192.349853515625,335400
2022-10-20 00:00:00-04:00,190.9186820499804,191.71976408292568,182.82684293141878,182.8448486328125,637900
2022-10-21 00:00:00-04:00,184.49203614012373,187.5793480830027,181.63874339842417,186.99429321289062,517800
2022-10-24 00:00:00-04:00,189.01052352942264,191.62078759089238,189.00151380995172,191.4677734375,333500
2022-10-25 00:00:00-04:00,191.3507313112383,196.52626508043247,191.3507313112383,196.43626403808594,325500
2022-10-26 00:00:00-04:00,197.31834198538579,198.056410929327,193.4209385671766,194.6450653076172,302700
2022-10-27 00:00:00-04:00,196.0582204148369,197.4713589698981,192.71887008158117,193.49295043945312,656600
2022-10-28 00:00:00-04:00,193.94305143106553,197.8944593884862,193.94305143106553,197.6154327392578,388600
2022-10-31 00:00:00-04:00,197.14734670110548,200.37867691443844,196.4722770264039,199.86563110351562,347300
2022-11-01 00:00:00-04:00,200.94573056156636,201.09874469931705,198.02042877287613,199.70359802246094,208400
2022-11-02 00:00:00-04:00,198.94751714654373,202.87192243531626,197.32734730543092,198.04742431640625,352900
2022-11-03 00:00:00-04:00,196.7332941425269,200.17164157102619,194.02400596597403,198.63247680664062,256700
2022-11-04 00:00:00-04:00,202.3408990652117,206.38230764387743,201.48581350468226,206.24729919433594,245300
2022-11-07 00:00:00-05:00,207.47140473976935,207.80443470380297,204.13205417786045,206.2022705078125,230700
2022-11-08 00:00:00-05:00,207.21940789395464,208.6145547661465,203.8350632181672,205.72525024414062,237700
2022-11-09 00:00:00-05:00,204.61811609742844,207.36340212881595,203.61001646662152,204.65411376953125,234300
2022-11-10 00:00:00-05:00,210.81979314400598,212.6199792258543,207.95749013201558,212.44895935058594,282700
2022-11-11 00:00:00-05:00,212.25086541943818,213.65500788706814,209.46958216745386,210.90072631835938,277700
2022-11-14 00:00:00-05:00,209.9376708268153,213.3940242317799,209.68564591609876,210.39671325683594,285200
2022-11-15 00:00:00-05:00,211.48581069289202,213.32199396492965,210.6667229472525,212.700927734375,254700
2022-11-16 00:00:00-05:00,212.25087011836996,212.25087011836996,209.3975777363746,210.60369873046875,270100
2022-11-17 00:00:00-05:00,208.02944086921144,211.07175888912212,206.5352972784892,210.95474243164062,182600
2022-11-18 00:00:00-05:00,213.583221858712,214.64367271373402,211.19951011713368,214.244873046875,257400
2022-11-21 00:00:00-05:00,213.80073299347617,215.8944172213721,213.7191641136698,214.4351806640625,229700
2022-11-22 00:00:00-05:00,215.3777804806224,217.8974537311409,214.11794385536317,217.19955444335938,208800
2022-11-23 00:00:00-05:00,217.67088733371895,219.5289235450307,216.9457983451678,218.5863037109375,155700
2022-11-25 00:00:00-05:00,220.01835785750964,221.07879483311268,218.85822096984532,220.04554748535156,100700
2022-11-28 00:00:00-05:00,218.67694285556487,219.39295940809436,215.93067992117835,216.37478637695312,287700
2022-11-29 00:00:00-05:00,216.8189158656586,218.2328318328913,215.84004777374616,216.78265380859375,342300
2022-11-30 00:00:00-05:00,216.22979683699498,218.21470889230375,212.10586589310125,218.0697021484375,560700
2022-12-01 00:00:00-05:00,220.09084313070315,220.93374915786072,217.59835944233862,219.4654541015625,268900
2022-12-02 00:00:00-05:00,217.69809255570493,222.56522974777167,217.69809255570493,222.02142333984375,248300
2022-12-05 00:00:00-05:00,219.96395488481994,220.12709263428164,216.84608214917708,217.23580932617188,318700
2022-12-06 00:00:00-05:00,215.53192399742778,217.04554011940328,213.11194992241843,214.89747619628906,298300
2022-12-07 00:00:00-05:00,214.33549143045562,216.36573790736017,213.95482280914652,214.10890197753906,243000
2022-12-08 00:00:00-05:00,215.0605741739252,215.7584735409336,210.89132282987998,212.2327423095703,294800
2022-12-09 00:00:00-05:00,212.4683771305879,214.6164405223184,211.90643976429385,211.94268798828125,255900
2022-12-12 00:00:00-05:00,212.2780792745252,214.2629913595573,211.35359039017814,213.61041259765625,291400
2022-12-13 00:00:00-05:00,218.4684703867073,218.4684703867073,212.685917229278,214.0907745361328,316200
2022-12-14 00:00:00-05:00,213.85510324068713,214.44424406207435,208.5710360247546,211.1813507080078,445500
2022-12-15 00:00:00-05:00,209.1510949650705,209.59521521066674,206.9395938249541,208.76136779785156,301900
2022-12-16 00:00:00-05:00,206.6042889509371,208.41700482474207,203.64956705540783,204.58311462402344,884400
2022-12-19 00:00:00-05:00,204.8821730010458,205.97885813832644,202.344368524563,203.1419677734375,315100
2022-12-20 00:00:00-05:00,202.5528558564459,204.3837026528098,202.19031823515098,203.6314239501953,214100
2022-12-21 00:00:00-05:00,205.35344909670638,207.7915394357595,204.62836024709856,207.77342224121094,212400
2022-12-22 00:00:00-05:00,206.05135464934835,206.05135464934835,199.58903370129016,204.17520141601562,339200
2022-12-23 00:00:00-05:00,204.22054100953122,206.52268367859398,203.43200033897205,206.41392517089844,125000
2022-12-27 00:00:00-05:00,206.3323779002135,209.00614486630528,206.3323779002135,208.19041442871094,156000
2022-12-28 00:00:00-05:00,209.17830110566146,209.68587306781453,205.027194739947,205.2537841796875,171100
2022-12-29 00:00:00-05:00,206.52270242393462,209.34147592024573,205.72510308197957,208.65264892578125,163800
2022-12-30 00:00:00-05:00,207.71906420030862,208.1722430790037,205.54381111454103,207.09368896484375,180000
2023-01-03 00:00:00-05:00,208.62540467174125,209.89431372490327,205.94259367691086,207.90032958984375,310700
2023-01-04 00:00:00-05:00,209.3595755271554,210.64660183491713,208.09066641632006,210.56503295898438,189900
2023-01-05 00:00:00-05:00,209.7583631419529,210.44720386897458,207.7462617017495,208.50759887695312,256100
2023-01-06 00:00:00-05:00,210.89132346706504,216.0122532670627,210.80975458532888,215.17840576171875,260400
2023-01-09 00:00:00-05:00,215.25995020328338,222.44736000749842,214.78864033467102,217.8883819580078,365300
2023-01-10 00:00:00-05:00,217.88839000341542,221.9216929148252,217.86120037825313,221.53195190429688,257000
2023-01-11 00:00:00-05:00,222.32954637906877,224.486668298812,222.32954637906877,223.80690002441406,348300
2023-01-12 00:00:00-05:00,224.7767318470111,225.438369161118,222.54708559916926,224.9942626953125,269000
2023-01-13 00:00:00-05:00,223.95192785810488,226.38097376250195,223.08183218333684,225.5108642578125,236500
2023-01-17 00:00:00-05:00,225.21176981848026,227.16044727868115,221.99419704041227,222.40206909179688,256400
2023-01-18 00:00:00-05:00,223.0909133468575,225.22085975664055,218.26909693417468,218.33253479003906,312800
2023-01-19 00:00:00-05:00,217.89749724289888,218.17846596774413,212.5318603515625,212.5318603515625,415000
2023-01-20 00:00:00-05:00,213.6556863463681,216.2297525997845,211.57106097187807,216.08473205566406,298500
2023-01-23 00:00:00-05:00,217.05456589117142,217.8793548228668,215.23279165988544,216.46543884277344,181600
2023-01-24 00:00:00-05:00,214.8339574815985,219.80986607024238,214.8339574815985,218.3959503173828,194100
2023-01-25 00:00:00-05:00,216.8551519695007,218.74945019244512,215.8037874820803,218.08779907226562,254800
2023-01-26 00:00:00-05:00,219.34763748266866,220.55309496835622,217.38084279441696,220.12710571289062,175400
2023-01-27 00:00:00-05:00,219.51077958708345,223.26310001464378,219.32043837970573,221.55914306640625,240500
2023-01-30 00:00:00-05:00,220.7797104452833,223.33564627949127,219.67395273643183,219.80084228515625,260500
2023-01-31 00:00:00-05:00,220.62561208783438,225.67403162806696,219.35671671089528,225.43836975097656,363700
2023-02-01 00:00:00-05:00,224.3235470660853,228.3840259850448,223.3446790192972,226.92478942871094,443800
2023-02-02 00:00:00-05:00,230.7586891533974,235.24514342915694,228.26620533580538,233.8131103515625,751800
2023-02-03 00:00:00-05:00,232.49888719271885,235.45362239935733,231.38407099845577,235.34486389160156,282700
2023-02-06 00:00:00-05:00,234.55632664655485,234.55632664655485,231.20279195366498,233.3146209716797,269100
2023-02-07 00:00:00-05:00,231.77380362619974,231.77380362619974,227.76770405343643,230.5230255126953,335200
2023-02-08 00:00:00-05:00,229.20880979153333,230.56834641028888,227.1604462647134,227.67706298828125,226100
2023-02-09 00:00:00-05:00,229.2541354586386,230.4686515454407,225.88248346399243,225.91873168945312,268100
2023-02-10 00:00:00-05:00,225.55623197049277,228.57440549627188,224.77676360800996,227.79493713378906,213300
2023-02-13 00:00:00-05:00,228.51090878740646,231.25717163085938,227.54111319799674,231.25717163085938,310600
2023-02-14 00:00:00-05:00,230.35987168217486,231.11215021751795,227.7495571335068,228.58340454101562,229000
2023-02-15 00:00:00-05:00,227.78582646717706,230.91275780277414,227.13324780914903,230.0426483154297,203800
2023-02-16 00:00:00-05:00,227.26922255365707,229.71638589293622,226.95199178582044,228.81002807617188,240600
2023-02-17 00:00:00-05:00,228.88253427436405,230.3599019148865,227.67707674000042,228.65594482421875,1114100
2023-02-21 00:00:00-05:00,226.9882403178817,228.27526668140732,222.964009638449,222.9730682373047,272100
2023-02-22 00:00:00-05:00,223.51139062970395,225.1627706542493,222.47129407757274,222.84536743164062,237400
2023-02-23 00:00:00-05:00,223.81242271577128,224.74303960734494,221.613618085961,224.63356018066406,205200
2023-02-24 00:00:00-05:00,223.02782061874348,225.56419646987766,221.65015325032374,225.14451599121094,194000
2023-02-27 00:00:00-05:00,227.5440049689197,227.92721082227297,224.93463845320494,225.2174835205078,181500
2023-02-28 00:00:00-05:00,225.37258370725925,227.87245686640887,225.37258370725925,226.88710021972656,398000
2023-03-01 00:00:00-05:00,226.3579549759006,228.00933480578948,225.00764360159405,225.61892700195312,264500
2023-03-02 00:00:00-05:00,224.59708839825493,227.63526819749453,224.11353563565137,227.10609436035156,206500
2023-03-03 00:00:00-05:00,227.72651057878076,228.71185339753052,225.81965546522895,228.1826934814453,210400
2023-03-06 00:00:00-05:00,228.0549435345981,228.83044605057032,226.11160007872166,226.53128051757812,240500
2023-03-07 00:00:00-05:00,226.79587915104057,227.97282483964133,225.30871852792174,225.35433959960938,203900
2023-03-08 00:00:00-05:00,225.99301526987605,226.61343127889643,223.58437001461613,225.42735290527344,288500
2023-03-09 00:00:00-05:00,226.36708045661427,227.4892864988221,224.97116188856134,225.2904815673828,268600
2023-03-10 00:00:00-05:00,225.20836627222474,225.20836627222474,218.6849565000117,219.11376953125,369200
2023-03-13 00:00:00-04:00,215.81102107953808,218.922192099631,214.78005709251036,216.74163818359375,301400
2023-03-14 00:00:00-04:00,220.1629825485494,222.30704768464747,216.9332138362622,219.6611785888672,365900
2023-03-15 00:00:00-04:00,215.87486573484964,216.77811286033992,211.82395948224618,215.6467742919922,339500
2023-03-16 00:00:00-04:00,213.6578163228835,217.88207443102849,213.0921539818972,216.4587860107422,324200
2023-03-17 00:00:00-04:00,215.1358588109912,215.1358588109912,210.190837836695,211.43165588378906,897800
2023-03-20 00:00:00-04:00,213.44797107853623,216.36753878518132,213.4388524325269,216.30368041992188,340900
2023-03-21 00:00:00-04:00,219.31449629760522,220.22686210109424,216.63213860789187,218.12841796875,208700
2023-03-22 00:00:00-04:00,218.1831404366697,219.4422096008348,213.04651691429385,213.18338012695312,276900
2023-03-23 00:00:00-04:00,213.17424552999438,215.57377183549107,211.98818122781813,213.26548767089844,356300
2023-03-24 00:00:00-04:00,211.41341117478967,214.2417508155386,209.88976190976095,213.84942626953125,319400
2023-03-27 00:00:00-04:00,215.71066035232118,217.60838307113934,214.94427634710576,216.27633666992188,251000
2023-03-28 00:00:00-04:00,216.12121932412802,219.56082843286816,216.12121932412802,218.30177307128906,198500
2023-03-29 00:00:00-04:00,220.11733365330187,220.7286169736149,218.9403880798982,220.38192749023438,201500
2023-03-30 00:00:00-04:00,222.0880553685538,222.0880553685538,220.33631490819812,220.71038818359375,260600
2023-03-31 00:00:00-04:00,222.01509634217612,225.37260981480367,221.2030913154196,225.25399780273438,275000
2023-04-03 00:00:00-04:00,224.38728655337465,226.0295480665986,222.96399788244713,225.02593994140625,199100
2023-04-04 00:00:00-04:00,225.3543525930047,225.3543525930047,215.50993173681312,215.9934844970703,274000
2023-04-05 00:00:00-04:00,214.5063260905446,214.6796778218554,209.13249202789686,209.59779357910156,420400
2023-04-06 00:00:00-04:00,208.8952667288127,209.27845867043894,206.81506002604726,208.66717529296875,316000
2023-04-10 00:00:00-04:00,208.21100493538788,213.5209666417492,208.0194019922606,212.90968322753906,427800
2023-04-11 00:00:00-04:00,213.96804418518283,217.9094574390459,213.7855737985259,215.2088623046875,334500
2023-04-12 00:00:00-04:00,216.74160698130387,218.30175855110247,216.21243317171127,217.0791778564453,210200
2023-04-13 00:00:00-04:00,216.85112280267597,218.3656535544335,213.7308330611219,217.9733428955078,267200
2023-04-14 00:00:00-04:00,218.41126666221575,221.24872509556297,217.64488266698586,218.91307067871094,218000
2023-04-17 00:00:00-04:00,219.88018432565983,221.13925373646117,217.9642103458838,219.51524353027344,235700
2023-04-18 00:00:00-04:00,220.3363341843543,221.96946279255766,219.7980417194557,221.01148986816406,259100
2023-04-19 00:00:00-04:00,220.35460533513682,220.35460533513682,218.12843042009212,218.75796508789062,256000
2023-04-20 00:00:00-04:00,225.35434997762667,240.73682382189256,224.19564152706292,236.202392578125,865100
2023-04-21 00:00:00-04:00,237.21507413516707,240.22586970806796,236.5125625930077,239.9613037109375,488000
2023-04-24 00:00:00-04:00,239.24054022856717,240.44486966141602,234.73345134400208,236.41220092773438,542300
2023-04-25 00:00:00-04:00,235.4907209525636,236.32097716356498,234.47800828927703,235.25352478027344,367600
2023-04-26 00:00:00-04:00,232.8813728394641,235.88306414835722,231.50370547910364,231.85952758789062,304500
2023-04-27 00:00:00-04:00,233.42877638668017,236.75890571538724,232.6897484550463,236.66766357421875,270800
2023-04-28 00:00:00-04:00,236.1658962199265,238.82088407644792,235.93780476671878,236.67681884765625,284700
2023-05-01 00:00:00-04:00,236.83192595523172,240.3080656189191,236.83192595523172,239.450439453125,257000
2023-05-02 00:00:00-04:00,238.70222987267275,240.0434084941942,236.3665760321332,239.11277770996094,248800
2023-05-03 00:00:00-04:00,240.39013608347028,241.79515928114247,238.56540459675463,239.3773956298828,268800
2023-05-04 00:00:00-04:00,239.65116207995604,239.65116207995604,235.4998805485085,236.01080322265625,254100
2023-05-05 00:00:00-04:00,238.01798910824675,239.44127749739351,236.1020154018741,237.95411682128906,231300
2023-05-08 00:00:00-04:00,237.7898881981672,238.52890222299294,236.25712043135778,237.0964813232422,192800
2023-05-09 00:00:00-04:00,236.48525015329872,236.48525015329872,233.33757669115377,234.82473754882812,321600
2023-05-10 00:00:00-04:00,235.99254232896575,236.58557453324127,231.6405535435307,234.2864227294922,239400
2023-05-11 00:00:00-04:00,232.6350154956278,234.29551392467155,231.85038039221695,233.59300231933594,184100
2023-05-12 00:00:00-04:00,234.9159666305213,235.7826974730605,231.7865445584416,233.60215759277344,182100
2023-05-15 00:00:00-04:00,234.09479399486383,235.57284991147387,232.46166541314014,235.18051147460938,211600
2023-05-16 00:00:00-04:00,233.16418594370145,234.6148441269828,232.06023119602057,232.27919006347656,258800
2023-05-17 00:00:00-04:00,233.41966268253606,235.47248573035253,232.48905959107597,234.96156311035156,265900
2023-05-18 00:00:00-04:00,238.44132839294,243.0320353083262,236.89882957458718,239.87362670898438,308000
2023-05-19 00:00:00-04:00,241.91190161540842,242.32504842597754,238.67086365505975,239.50634765625,979300
2023-05-22 00:00:00-04:00,238.99221314536365,240.6724277243342,235.7879083851484,239.9103546142578,297700
2023-05-23 00:00:00-04:00,238.0006177772809,240.6540318860381,236.8437506327243,237.31201171875,247500
2023-05-24 00:00:00-04:00,237.3303839399825,237.3303839399825,233.61192212648638,234.392333984375,247100
2023-05-25 00:00:00-04:00,235.28293727443548,236.7611315616787,233.45583074286182,234.8238525390625,218200
2023-05-26 00:00:00-04:00,235.76037454129076,236.99987117697475,234.63106441282537,236.28372192382812,197900
2023-05-30 00:00:00-04:00,236.16433854805288,236.58667575826487,233.30891815484046,235.6409912109375,235600
2023-05-31 00:00:00-04:00,235.20945028722232,235.44817601050457,228.35094711762184,228.48866271972656,742200
2023-06-01 00:00:00-04:00,229.5904664762952,232.39080091700527,227.4052851734251,231.98681640625,360900
2023-06-02 00:00:00-04:00,233.99752300439934,238.84532259390613,233.99752300439934,238.45050048828125,273600
2023-06-05 00:00:00-04:00,237.8812836033724,238.78107238205266,235.26457466144328,238.14755249023438,254100
2023-06-06 00:00:00-04:00,237.47725659573786,242.25160286417173,236.65093497759176,241.25999450683594,199900
2023-06-07 00:00:00-04:00,241.22329820864593,248.66941145464855,240.72749401110534,247.76962280273438,227200
2023-06-08 00:00:00-04:00,247.75128111696148,248.28381883942197,245.00604719631608,247.28302001953125,273000
2023-06-09 00:00:00-04:00,246.91576605565302,247.82474511725664,244.9234148595004,245.67626953125,163200
2023-06-12 00:00:00-04:00,246.06184656576204,247.38397216199945,243.8583132451818,245.38243103027344,235900
2023-06-13 00:00:00-04:00,245.07948968232503,251.30448757117273,245.07948968232503,251.23104858398438,381300
2023-06-14 00:00:00-04:00,251.57073036588866,252.27768911969576,248.73367695146874,249.53245544433594,199900
2023-06-15 00:00:00-04:00,248.9632126162139,252.18589773113666,248.88058325678645,251.81861877441406,176100
2023-06-16 00:00:00-04:00,252.48893574805564,252.71847114419023,250.69854845042278,251.45143127441406,482100
2023-06-20 00:00:00-04:00,249.52325232405255,251.32282945550392,248.42149956993742,250.67092895507812,236800
2023-06-21 00:00:00-04:00,249.89973971148007,253.1132348710308,249.4957552212945,250.54244995117188,359700
2023-06-22 00:00:00-04:00,250.12920986534104,252.4429437094224,248.29292739578915,251.1483612060547,262700
2023-06-23 00:00:00-04:00,249.5232500145155,251.85533675261985,249.5232500145155,251.22181701660156,396000
2023-06-26 00:00:00-04:00,252.2410112484267,255.95028254128638,251.5707579013214,255.05052185058594,220700
2023-06-27 00:00:00-04:00,255.84008827446752,261.00922869346755,254.5455055747263,259.999267578125,266700
2023-06-28 00:00:00-04:00,259.76053480104207,261.2938149977843,257.59370688074193,260.0084228515625,280500
2023-06-29 00:00:00-04:00,259.41167933055704,263.57085875705565,259.41167933055704,263.4698486328125,291200
2023-06-30 00:00:00-04:00,264.4522761371192,265.77440204374983,263.03833048319007,264.59918212890625,242900
2023-07-03 00:00:00-04:00,262.5884635335881,265.16843885332327,262.40482402962897,263.3780517578125,124100
2023-07-05 00:00:00-04:00,260.6327458025034,262.68021082710567,258.0068753408333,260.48583984375,208200
2023-07-06 00:00:00-04:00,259.98090808087636,261.2479476272445,256.56542113740807,258.1905212402344,215900
2023-07-07 00:00:00-04:00,257.0796854122982,260.77060509442555,256.8685027265603,257.74993896484375,205500
2023-07-10 00:00:00-04:00,258.40171169634806,262.5884341389657,258.40171169634806,262.02838134765625,250400
2023-07-11 00:00:00-04:00,263.63514104152347,267.56478520212227,263.63514104152347,267.36279296875,230900
2023-07-12 00:00:00-04:00,269.60301273632683,270.2365044271315,267.08728663349626,268.7950439453125,304600
2023-07-13 00:00:00-04:00,268.2901804931371,268.9053477657021,265.99482622447255,266.80279541015625,238400
2023-07-14 00:00:00-04:00,266.3804313229574,269.19913280652287,265.7928072398411,268.978759765625,280600
2023-07-17 00:00:00-04:00,268.9052981169534,272.9267625362731,267.65661105522867,270.63140869140625,307500
2023-07-18 00:00:00-04:00,270.40181652025814,272.82569510128536,269.26330219907163,270.934326171875,294600
2023-07-19 00:00:00-04:00,270.043721073325,271.86165097741423,268.5012503774339,270.2181701660156,365700
2023-07-20 00:00:00-04:00,266.90373556871833,268.0697651443857,250.0649964128731,250.4138946533203,714200
2023-07-21 00:00:00-04:00,251.46058543239036,254.6098038890273,248.88977255434622,252.99386596679688,383800
2023-07-24 00:00:00-04:00,253.70998732638125,254.9219406350052,251.44217706744342,252.1307830810547,283400
2023-07-25 00:00:00-04:00,252.9296106154544,253.17749871395557,250.5699804213574,250.77197265625,226400
2023-07-26 00:00:00-04:00,249.5049304040391,251.18511687084117,246.86067863642393,246.98004150390625,303900
2023-07-27 00:00:00-04:00,248.47658101583966,249.94561267911806,244.98762731312243,247.71450805664062,263600
2023-07-28 00:00:00-04:00,249.41313890176147,250.51491993618382,248.05430738135695,249.81712341308594,183000
2023-07-31 00:00:00-04:00,249.9732300134527,250.83628532113866,248.50419791402192,250.13848876953125,308900
2023-08-01 00:00:00-04:00,249.3488356029039,253.52639589380132,249.24785349560054,252.4888916015625,191700
2023-08-02 00:00:00-04:00,251.5431720742041,252.58983858189822,248.7520146879386,251.22181701660156,213900
2023-08-03 00:00:00-04:00,249.65187147622854,252.1859511128762,248.3022022809866,251.13006591796875,224000
2023-08-04 00:00:00-04:00,252.2593698786819,252.2593698786819,248.91732146534608,249.94566345214844,225900
2023-08-07 00:00:00-04:00,251.01985127987842,252.0757082780961,249.91809841978454,251.33201599121094,325200
2023-08-08 00:00:00-04:00,249.11929411928426,251.16675953145813,247.30139207691786,250.55162048339844,124300
2023-08-09 00:00:00-04:00,250.87298675240046,251.33205752483246,249.56005106791454,250.2486572265625,106100
2023-08-10 00:00:00-04:00,249.9915590709953,251.28614190986278,245.832379320359,246.5117950439453,183700
2023-08-11 00:00:00-04:00,246.29144538675337,248.6418852707892,245.47428604219024,248.21035766601562,161500
2023-08-14 00:00:00-04:00,247.66862416277664,248.81630082710834,245.7864456410526,248.47659301757812,287200
2023-08-15 00:00:00-04:00,246.86989117118378,247.82476617728125,244.52861353291684,245.8231964111328,154700
2023-08-16 00:00:00-04:00,246.09860266892596,248.02670500886003,245.72216137241202,245.78643798828125,243700
2023-08-17 00:00:00-04:00,247.2643934368449,249.36128157881438,245.4077126493834,245.45388793945312,171100
2023-08-18 00:00:00-04:00,244.67800587543164,248.44681801714898,244.67800587543164,248.06808471679688,218800
2023-08-21 00:00:00-04:00,248.11423209010897,249.72151552658016,245.5554783549887,246.811767578125,152300
2023-08-22 00:00:00-04:00,247.51385303276513,247.55078199389112,244.58561193584777,244.7518768310547,141500
2023-08-23 00:00:00-04:00,244.87200199176743,247.10744482658848,244.87200199176743,246.266845703125,172100
2023-08-24 00:00:00-04:00,245.76796798806026,248.02187480386505,242.0915069580078,242.0915069580078,187100
2023-08-25 00:00:00-04:00,244.2714936913122,245.4631148954923,242.10996595189465,244.46546936035156,191000
2023-08-28 00:00:00-04:00,244.7518420585097,247.1165919767529,243.78193545088658,244.89039611816406,157900
2023-08-29 00:00:00-04:00,245.0382450343908,247.1535980641393,244.02216293569208,246.5347137451172,170500
2023-08-30 00:00:00-04:00,247.26439018081606,249.02872036490507,247.26439018081606,248.3728790283203,148700
2023-08-31 00:00:00-04:00,247.80939542632552,249.87857278874617,247.80939542632552,248.11424255371094,208800
2023-09-01 00:00:00-04:00,248.89940057753589,251.20872873954664,248.11422336444403,249.8877716064453,138100
2023-09-05 00:00:00-04:00,250.22962261363034,250.22962261363034,243.14459008500694,243.19076538085938,213700
2023-09-06 00:00:00-04:00,242.84896382697457,245.14907403449925,242.24854409354072,242.47947692871094,197400
2023-09-07 00:00:00-04:00,241.37102216417014,241.96222383699916,234.8310157512715,239.01551818847656,369400
2023-09-08 00:00:00-04:00,238.72915309245735,241.204746559952,237.93472940360692,239.92999267578125,165300
2023-09-11 00:00:00-04:00,240.91835456274487,242.33166230340538,239.47733601109263,241.32479858398438,225100
2023-09-12 00:00:00-04:00,240.29027046052363,243.00604322237155,240.29027046052363,242.3871307373047,209000
2023-09-13 00:00:00-04:00,242.2300853487744,243.5048109494505,239.8098854992677,241.14930725097656,141100
2023-09-14 00:00:00-04:00,242.61807171643522,244.86273248545646,242.0361163637153,243.781982421875,175700
2023-09-15 00:00:00-04:00,244.0683348822189,244.07758121791403,240.20714402806541,240.55816650390625,401400
2023-09-18 00:00:00-04:00,241.38024985108171,243.80042160839662,240.59507252316283,240.8075408935547,237300
2023-09-19 00:00:00-04:00,240.15171471879077,240.89993494493945,237.06645503034073,240.26255798339844,252300
2023-09-20 00:00:00-04:00,241.8051772247782,243.05222034971823,236.1519451277672,236.22584533691406,315800
2023-09-21 00:00:00-04:00,235.22819844306213,237.37126208465216,233.63937928671714,235.6808319091797,272500
2023-09-22 00:00:00-04:00,235.7731925682031,238.6644620811287,235.7731925682031,236.3459014892578,194600
2023-09-25 00:00:00-04:00,235.7639815954992,237.85160966522025,235.7639815954992,236.74314880371094,194000
2023-09-26 00:00:00-04:00,235.0711759161838,236.22584023097664,233.63938934683597,233.6671142578125,233400
2023-09-27 00:00:00-04:00,234.86794304554877,236.04108588192187,233.20523778488968,234.60006713867188,252800
2023-09-28 00:00:00-04:00,234.62779252880836,238.8769629134025,233.16829512010034,237.9901885986328,188700
2023-09-29 00:00:00-04:00,239.57896742143473,239.57896742143473,234.91413502915063,235.60693359375,232400
2023-10-02 00:00:00-04:00,233.83336283375985,235.3205709312183,231.81038884022703,232.55860900878906,234900
2023-10-03 00:00:00-04:00,231.99515306872058,235.34830281546272,231.78269877721232,234.58160400390625,258100
2023-10-04 00:00:00-04:00,235.00649301694784,236.8262448798951,232.81724016189204,236.3736114501953,161000
2023-10-05 00:00:00-04:00,236.43830427702542,238.3965963135681,235.5977052884672,238.23033142089844,249000
2023-10-06 00:00:00-04:00,237.75924721343583,241.6204378400764,236.91864822609702,239.90228271484375,266400
2023-10-09 00:00:00-04:00,238.69221085655187,241.80518146064372,238.67374637520948,240.55816650390625,217300
2023-10-10 00:00:00-04:00,241.13085032072365,243.91126263979686,240.78907421628952,240.8537139892578,230100
2023-10-11 00:00:00-04:00,241.22323254056232,242.5164508690581,240.38263357952874,241.28787231445312,208900
2023-10-12 00:00:00-04:00,241.98992408313464,242.2578140913115,234.35066120290122,234.9418487548828,265500
2023-10-13 00:00:00-04:00,235.20049450043322,236.43830534097748,233.02048774047495,234.30447387695312,211600
2023-10-16 00:00:00-04:00,236.21659223987172,239.28338722108055,236.0041379667227,237.5375213623047,221600
2023-10-17 00:00:00-04:00,236.69693652833007,240.4380657959095,236.466017762023,239.2834014892578,300200
2023-10-18 00:00:00-04:00,237.2050283997824,237.2050283997824,230.96059421200374,231.25619506835938,291300
2023-10-19 00:00:00-04:00,233.7409761704885,238.02708909944553,232.63250136205548,233.4361572265625,449100
2023-10-20 00:00:00-04:00,235.27439851334285,237.25118326108972,233.06668090209743,233.61167907714844,291400
2023-10-23 00:00:00-04:00,234.193633747333,236.2905080886309,231.14531713868888,231.44091796875,291300
2023-10-24 00:00:00-04:00,233.52853295266317,235.08040903390125,231.57945913508038,234.6647186279297,227400
2023-10-25 00:00:00-04:00,233.98117253998035,234.05507274530999,230.7850556108328,231.1175994873047,207600
2023-10-26 00:00:00-04:00,231.87505956452708,236.06879391130036,231.2099718301015,234.15667724609375,223700
2023-10-27 00:00:00-04:00,233.78718945711304,235.17278663305788,232.44778167270437,233.09439086914062,240700
2023-10-30 00:00:00-04:00,234.69246354751613,237.01101038970813,232.97432243341666,235.08042907714844,290800
2023-10-31 00:00:00-04:00,235.58844350665592,240.05931407061752,235.58844350665592,238.26727294921875,339300
2023-11-01 00:00:00-04:00,237.9070140137916,242.31323089305383,236.37363058125612,240.65049743652344,263100
2023-11-02 00:00:00-04:00,243.85582047633753,244.98277380662313,241.73124973090128,243.28311157226562,209100
2023-11-03 00:00:00-04:00,246.96881387533608,251.181054999338,246.96881387533608,250.20187377929688,270900
2023-11-06 00:00:00-05:00,249.7031126531921,249.9617563526415,246.61785274188537,248.4468231201172,196500
2023-11-07 00:00:00-05:00,247.60616637657375,247.9294779730915,245.86032885944584,246.700927734375,145600
2023-11-08 00:00:00-05:00,247.10742135169542,247.6708840326582,245.06595445005632,245.41697692871094,180700
2023-11-09 00:00:00-05:00,246.9226873997146,247.14437395900077,244.14224631178038,245.17684936523438,142700
2023-11-10 00:00:00-05:00,246.4977372380427,249.8046833471754,245.6386737754805,249.44444274902344,139500
2023-11-13 00:00:00-05:00,248.23435285669143,249.22272404453625,246.24830776596264,246.821044921875,171800
2023-11-14 00:00:00-05:00,249.66607540465938,254.34015316741252,249.66607540465938,254.20159912109375,253100
2023-11-15 00:00:00-05:00,254.0261379431326,256.852753804678,253.61044753229837,254.06309509277344,204500
2023-11-16 00:00:00-05:00,253.74909838142253,255.1439140193548,253.08401045834938,253.76756286621094,225200
2023-11-17 00:00:00-05:00,254.9221659099927,256.7603824496263,254.43258937576658,256.5756530761719,225100
2023-11-20 00:00:00-05:00,256.5756093789815,257.72877750914944,254.67848561265026,255.98973083496094,202000
2023-11-21 00:00:00-05:00,255.23649606159483,255.7758880832979,253.65558305680847,255.61778259277344,174500
2023-11-22 00:00:00-05:00,255.91533099127193,256.7429794574416,253.96241209052326,255.4317626953125,184200
2023-11-24 00:00:00-05:00,255.78514470420706,257.0126970743968,255.3666802917031,255.86886596679688,149500
2023-11-27 00:00:00-05:00,254.46466988765715,255.4411154249011,253.70209674385245,254.68785095214844,193800
2023-11-28 00:00:00-05:00,254.57622141553315,255.07840711379183,251.51664901812302,251.98162841796875,160400
2023-11-29 00:00:00-05:00,253.8694500222448,254.90171907347542,251.7305560812708,252.8000030517578,144400
2023-11-30 00:00:00-05:00,253.6927578629055,255.91537309247437,252.29781961575588,255.4503936767578,386500
2023-12-01 00:00:00-05:00,255.2737044477197,260.44427338579806,255.2737044477197,260.2582702636719,266400
2023-12-04 00:00:00-05:00,258.2866980564245,261.6531437202618,258.2866980564245,261.2439880371094,226800
2023-12-05 00:00:00-05:00,260.3791859814237,260.96506463520603,258.72386025776734,259.4027404785156,253600
2023-12-06 00:00:00-05:00,260.7139601630628,263.29924454051826,260.04438867925677,260.5186767578125,229800
2023-12-07 00:00:00-05:00,261.16958961196775,262.76911966039665,258.6494095613914,260.388427734375,228800
2023-12-08 00:00:00-05:00,260.1839185318955,261.2533656674325,258.23099902607834,258.7331848144531,222300
2023-12-11 00:00:00-05:00,259.5050098518542,262.66689269602205,259.4213169596393,261.383544921875,294600
2023-12-12 00:00:00-05:00,261.4578599926018,261.87635272308455,260.1652322701485,260.4814147949219,231600
2023-12-13 00:00:00-05:00,260.5931441652781,265.1127318386911,258.1659361191082,264.1734924316406,328600
2023-12-14 00:00:00-05:00,266.2285392403317,269.99486011032195,266.2285392403317,268.94403076171875,361200
2023-12-15 00:00:00-05:00,266.935354356862,268.58137104619857,265.1591298265165,266.22857666015625,618500
2023-12-18 00:00:00-05:00,267.0842118711232,267.9769644835351,264.44310357674436,267.17718505859375,220900
2023-12-19 00:00:00-05:00,268.5442222208309,269.8926739823104,267.1492838662355,268.3396301269531,226300
2023-12-20 00:00:00-05:00,267.7630490535356,269.96704702166215,263.89441677147056,264.238525390625,274300
2023-12-21 00:00:00-05:00,266.32158920934035,268.2466106174743,264.86154717244136,266.916748046875,174700
2023-12-22 00:00:00-05:00,267.0841466062828,269.0835521099194,267.0841466062828,267.96759033203125,134500
2023-12-26 00:00:00-05:00,268.41402393980854,270.27394161571885,267.82814533108217,269.6043701171875,170300
2023-12-27 00:00:00-05:00,269.62291723419906,270.61797984760875,268.91616792549615,269.8647155761719,179800
2023-12-28 00:00:00-05:00,269.4649079054498,270.5622526286422,268.7860276715625,269.6322937011719,163700
2023-12-29 00:00:00-05:00,269.51137519508046,269.79035150130125,267.58635354188067,268.60931396484375,158200
2024-01-02 00:00:00-05:00,267.31663958019317,269.3625316914762,266.2471643714708,268.5162658691406,211000
2024-01-03 00:00:00-05:00,266.6377547289548,267.0655277767169,262.99230420430206,263.0295104980469,200100
2024-01-04 00:00:00-05:00,263.28061324778247,265.4102267734269,262.2390639681925,262.3134765625,160200
2024-01-05 00:00:00-05:00,261.1138382680062,263.07606615030915,260.19318811105296,261.2533264160156,178500
2024-01-08 00:00:00-05:00,261.876409477555,263.13185956100244,259.76538479217504,262.9830627441406,219600
2024-01-09 00:00:00-05:00,260.5372675298486,261.2998405767282,258.668041212034,261.26263427734375,240300
2024-01-10 00:00:00-05:00,262.0344690862233,263.28991908583527,261.04871507291944,262.70404052734375,157400
2024-01-11 00:00:00-05:00,263.03881135727926,264.3035415061886,260.65811946984974,264.2198486328125,183300
2024-01-12 00:00:00-05:00,266.0333414465758,266.0333414465758,263.1318743054166,264.033935546875,113700
2024-01-16 00:00:00-05:00,263.0667252277893,265.7171132353887,262.5459506190083,265.075439453125,270900
2024-01-17 00:00:00-05:00,263.4851872869179,265.76359746522144,262.3878428267115,263.1876220703125,161200
2024-01-18 00:00:00-05:00,263.6433664907858,265.177793106512,262.0810422413225,265.0010986328125,127600
2024-01-19 00:00:00-05:00,264.84298165509335,267.4468550124367,263.04813955440164,266.7679748535156,180200
2024-01-22 00:00:00-05:00,267.9769046582751,269.3718427200429,267.94900703224323,268.6929626464844,139500
2024-01-23 00:00:00-05:00,269.6694860837472,270.06005292027004,267.0284062716811,268.5721130371094,121800
2024-01-24 00:00:00-05:00,269.82751230401476,269.82751230401476,265.5404163007874,266.22857666015625,173300
2024-01-25 00:00:00-05:00,268.4512490345993,269.1115119093482,266.66571545347614,268.3396301269531,150200
2024-01-26 00:00:00-05:00,269.2137817133478,270.4878208126903,268.13502602847956,269.37188720703125,164500
2024-01-29 00:00:00-05:00,269.3067315607575,271.8920155638755,267.38171027603835,271.408447265625,273200
2024-01-30 00:00:00-05:00,270.5901080644183,274.5889194769135,270.3204120710829,273.6961669921875,197800
2024-01-31 00:00:00-05:00,273.6961795165989,274.3378533762591,268.730202796687,269.6229553222656,277800
2024-02-01 00:00:00-05:00,270.83190049600717,271.21318699406874,267.9397139883068,269.7345275878906,414800
2024-02-02 00:00:00-05:00,268.60929987035917,273.1847097129438,268.13501179457853,272.115234375,163200
2024-02-05 00:00:00-05:00,269.22305978346446,272.87779088225693,268.84177328800496,271.0829772949219,186800
2024-02-06 00:00:00-05:00,271.08299684642,273.87287331482224,271.08299684642,272.8685302734375,190800
2024-02-07 00:00:00-05:00,274.21697453707964,274.8121618516933,272.45005831447173,273.8728942871094,263700
2024-02-08 00:00:00-05:00,266.8981631407352,267.8281218973232,247.3969268798828,247.3969268798828,776400
2024-02-09 00:00:00-05:00,247.41551845932347,249.35915725566164,242.9703166909439,244.049072265625,472000
2024-02-12 00:00:00-05:00,243.72362686231241,249.3592041565931,243.72362686231241,248.98719787597656,360700
2024-02-13 00:00:00-05:00,246.13217364098853,246.9040268497403,241.361481123756,243.7328643798828,340200
2024-02-14 00:00:00-05:00,245.50913207799252,247.3318434454793,244.05839856793895,244.70938110351562,314500
2024-02-15 00:00:00-05:00,245.33243178609814,250.270510804649,245.33243178609814,250.15892028808594,278000
2024-02-16 00:00:00-05:00,249.4986447508037,251.31204731262878,248.00139638305237,248.5221710205078,313700
2024-02-20 00:00:00-05:00,248.1129942243638,250.4565085422411,247.52714402498452,250.1961212158203,393200
2024-02-21 00:00:00-05:00,250.52159957775658,251.92581798222713,249.6381274192415,250.27049255371094,266700
2024-02-22 00:00:00-05:00,250.41000257899154,252.80931224022828,249.23827375800929,252.2327423095703,309300
2024-02-23 00:00:00-05:00,253.03802437085574,254.3021147432304,251.72706926815522,253.71221923828125,192400
2024-02-26 00:00:00-05:00,252.86012435540331,254.8077826529817,251.51173454321184,253.95567321777344,245400
2024-02-27 00:00:00-05:00,255.63175631687983,256.62431689415064,253.78708645609325,256.3434143066406,276800
2024-02-28 00:00:00-05:00,255.78161397297808,258.87165714350306,255.15422667750326,257.6824645996094,299200
2024-02-29 00:00:00-05:00,258.90911449981274,259.7237606676615,256.6805251446076,258.12255859375,398400
2024-03-01 00:00:00-05:00,257.4764499576989,259.8548635304718,257.1206209299548,259.658203125,216100
2024-03-04 00:00:00-05:00,263.6659301323075,268.0856459197537,262.57038127601095,266.4095458984375,462000
2024-03-05 00:00:00-05:00,265.62294402913415,268.74107705354,264.64910076604286,265.03302001953125,416700
2024-03-06 00:00:00-05:00,266.1098786709853,268.5350998445432,265.27648661610493,267.4863586425781,229200
2024-03-07 00:00:00-05:00,268.50700906795055,276.1665918668059,267.58934622996384,275.866943359375,516000
2024-03-08 00:00:00-05:00,277.12172917299796,278.60119730246726,274.0597476573643,276.4568786621094,491100
2024-03-11 00:00:00-04:00,276.43811745239964,278.67605089574363,270.36102011733846,273.6102600097656,383700
2024-03-12 00:00:00-04:00,273.10466707889714,276.9719220826426,271.70946965106873,276.2415466308594,278000
2024-03-13 00:00:00-04:00,275.73585753297306,277.03741105180666,273.71327302664946,276.0074157714844,375300
2024-03-14 00:00:00-04:00,276.07293544026044,277.7771540998393,270.72621300992233,272.3461608886719,390500
2024-03-15 00:00:00-04:00,270.7542807960842,274.7338959358836,270.2299102637476,270.8011169433594,1995400
2024-03-18 00:00:00-04:00,271.22248801808047,272.6458040470428,267.6923453575067,269.0500793457031,380400
2024-03-19 00:00:00-04:00,269.4246615543162,271.3629466801626,267.66426236086437,270.81048583984375,380600
2024-03-20 00:00:00-04:00,271.1944410699447,274.0691352706516,269.6775096503307,273.4324035644531,229200
2024-03-21 00:00:00-04:00,274.1720945573234,275.9980472673766,273.5821990708664,274.5279235839844,406200
2024-03-22 00:00:00-04:00,276.22276156247193,276.22276156247193,272.01842398158584,273.0765380859375,273300
2024-03-25 00:00:00-04:00,273.28257463146673,274.76204281485525,272.2712679849498,273.3200378417969,227700
2024-03-26 00:00:00-04:00,273.3855031710216,274.22823947545487,272.280581603519,272.45849609375,322200
2024-03-27 00:00:00-04:00,274.5185935348699,278.2172781486169,274.5185935348699,278.0487365722656,242400
2024-03-28 00:00:00-04:00,278.2359939759943,279.500084238092,276.97187513784405,277.37451171875,241600
2024-04-01 00:00:00-04:00,276.63480442331684,277.58993054636073,274.91186822966296,275.8857116699219,263700
2024-04-02 00:00:00-04:00,275.32384288495643,275.32384288495643,272.2899804697563,273.50726318359375,283300
2024-04-03 00:00:00-04:00,273.4885336963181,275.47365487104844,273.4885336963181,273.9005432128906,257200
2024-04-04 00:00:00-04:00,275.86692617413684,277.805239829761,273.82562442452956,274.5559997558594,268800
2024-04-05 00:00:00-04:00,275.0710236421665,275.96056757964004,273.713261084901,274.1346435546875,210200
2024-04-08 00:00:00-04:00,275.0429809989955,276.5411665374911,274.3032326005246,274.6496887207031,222200
2024-04-09 00:00:00-04:00,275.7546281429338,275.7546281429338,273.0578482799655,275.28643798828125,240600
2024-04-10 00:00:00-04:00,272.1775930877662,275.0710039215128,270.810457683303,273.49786376953125,252700
2024-04-11 00:00:00-04:00,274.14397771117655,274.6777211994086,271.6344860284714,272.99224853515625,303400
2024-04-12 00:00:00-04:00,272.1027356263878,274.00358640627024,269.78987524707753,271.156982421875,348000
2024-04-15 00:00:00-04:00,273.8631477624861,275.426915438542,266.60620043010783,267.64556884765625,315000
2024-04-16 00:00:00-04:00,266.35332042928644,266.6061327589923,262.06468373689324,264.4805603027344,355900
2024-04-17 00:00:00-04:00,266.4282766859749,268.5725955023994,263.81576773524284,265.46380615234375,437800
2024-04-18 00:00:00-04:00,256.2591474095988,256.2591474095988,244.70419215020937,245.1068572998047,862100
2024-04-19 00:00:00-04:00,245.42520007177373,251.97985997446716,245.28474878906877,251.6989288330078,522100
2024-04-22 00:00:00-04:00,251.67087498829824,253.8058205224468,250.13522644846327,251.4742431640625,374400
2024-04-23 00:00:00-04:00,251.59597572643344,255.40704965790155,250.63150534971837,254.07737731933594,289200
2024-04-24 00:00:00-04:00,254.09609665586808,257.63564095653715,254.09609665586808,256.1842346191406,299000
2024-04-25 00:00:00-04:00,255.28530253820156,255.63175859123015,252.6447038879078,252.97244262695312,261200
2024-04-26 00:00:00-04:00,253.65601814217402,255.51003244518995,252.83199908481015,253.4781036376953,237100
2024-04-29 00:00:00-04:00,253.38448281038154,256.17487746236986,253.38448281038154,254.92950439453125,267800
2024-04-30 00:00:00-04:00,253.47808473889322,254.8639088901785,250.29436978625807,250.91238403320312,325800
2024-05-01 00:00:00-04:00,251.26825472310426,253.6279224954382,250.5191620075855,250.7064208984375,358800
2024-05-02 00:00:00-04:00,251.474269525402,251.474269525402,249.554701505372,249.89178466796875,339500
2024-05-03 00:00:00-04:00,251.58662544709665,253.87139542271908,250.94989376892147,253.78712463378906,262500
2024-05-06 00:00:00-04:00,255.91269752563505,257.25174293098667,255.58498731610067,257.1206359863281,173300
2024-05-07 00:00:00-04:00,257.56074284285296,260.25752246763363,257.56074284285296,259.2462158203125,224900
2024-05-08 00:00:00-04:00,259.4802980060991,260.58524833648335,257.50454954247965,258.3566589355469,296100
2024-05-09 00:00:00-04:00,258.98404399158875,262.3082111148285,258.7406045517091,262.2801208496094,156300
2024-05-10 00:00:00-04:00,263.5910045444476,264.22773616964145,262.3830661848495,263.0385437011719,137400
2024-05-13 00:00:00-04:00,263.8719063791419,264.31200617857326,261.22196321307,262.1208801269531,156000
2024-05-14 00:00:00-04:00,263.6003890658875,264.11538672557555,259.9391391961611,261.3624267578125,253500
2024-05-15 00:00:00-04:00,263.33824399779826,263.50678559478666,261.03472786805355,262.0179443359375,254100
2024-05-16 00:00:00-04:00,261.324943862283,261.324943862283,259.0308297793508,259.1993713378906,235800
2024-05-17 00:00:00-04:00,260.58518802957457,263.40389553837406,259.765002143558,262.99853515625,279200
2024-05-20 00:00:00-04:00,262.99855765949286,264.3371964241552,261.78244763969826,263.3379211425781,215400
2024-05-21 00:00:00-04:00,262.8382876430689,262.8382876430689,259.8875859791517,260.2835388183594,192800
2024-05-22 00:00:00-04:00,259.5953288398533,261.6033156495596,259.0391306480937,260.3495178222656,167300
2024-05-23 00:00:00-04:00,260.5852182857801,260.5852182857801,254.03333940552116,254.79693603515625,195500
2024-05-24 00:00:00-04:00,256.0601573240247,257.04058864873673,254.12760373365504,255.3719940185547,174500
2024-05-28 00:00:00-04:00,255.013730979959,256.96512830148794,253.88246197293898,253.98617553710938,251100
2024-05-29 00:00:00-04:00,251.42199606439712,252.4589591119422,249.47056993203162,250.18704223632812,229000
2024-05-30 00:00:00-04:00,250.78091423697808,254.26896957976507,250.48867502802383,252.8643341064453,281500
2024-05-31 00:00:00-04:00,252.23274944331865,257.6250788194659,251.05435603742433,257.2291259765625,455500
2024-06-03 00:00:00-04:00,257.80419052354756,257.9267480378196,250.26247291290588,253.4676971435547,216000
2024-06-04 00:00:00-04:00,251.8556419276977,252.96803827728277,250.3661367137263,251.72364807128906,217900
2024-06-05 00:00:00-04:00,251.90277229634418,254.08987717792485,251.0731788054434,253.79763793945312,160400
2024-06-06 00:00:00-04:00,253.04347398762934,254.51410651088216,251.02605086738637,251.74252319335938,135900
2024-06-07 00:00:00-04:00,250.4981234372887,253.32626722345287,249.81936777783466,252.82662963867188,184400
2024-06-10 00:00:00-04:00,251.85568396072767,253.9485119221353,251.85568396072767,252.55328369140625,172200
2024-06-11 00:00:00-04:00,251.4879819923729,251.55397892387768,249.40459062847592,250.34730529785156,240500
2024-06-12 00:00:00-04:00,253.64683708420364,256.4372647850488,252.2327649104185,252.90208435058594,198300
2024-06-13 00:00:00-04:00,251.90273872200092,254.13696753031127,250.06446267043503,253.429931640625,179900
2024-06-14 00:00:00-04:00,250.85637707242302,251.7236584497882,246.3219218540844,247.2174835205078,218800
2024-06-17 00:00:00-04:00,247.0194923886306,253.7127714475823,247.0194923886306,252.8643341064453,322400
2024-06-18 00:00:00-04:00,252.3175670555545,254.98546559139822,252.3175670555545,253.88247680664062,263000
2024-06-20 00:00:00-04:00,252.92094568895524,254.50469954775005,252.04419911589855,253.28858947753906,228100
2024-06-21 00:00:00-04:00,253.32628047053075,255.25883398438788,249.3103068779749,251.46913146972656,903600
2024-06-24 00:00:00-04:00,252.6475590559089,255.94706075999727,251.46916559016307,252.08192443847656,257600
2024-06-25 00:00:00-04:00,250.45100850969044,250.48869638096085,246.1899199680098,247.97166442871094,340300
2024-06-26 00:00:00-04:00,246.27477509471058,247.50032144678977,244.2950972717741,246.73672485351562,271600
2024-06-27 00:00:00-04:00,247.46258912255982,247.79254499526334,243.7200109096268,244.0782470703125,390800
2024-06-28 00:00:00-04:00,244.07824090321262,246.9346649947082,244.012243976466,246.4161834716797,536500
2024-07-01 00:00:00-04:00,247.93392944178964,248.18845201618427,241.25008665935192,242.18336486816406,376400
2024-07-02 00:00:00-04:00,243.05068556045939,243.2203672841492,241.08983746239417,242.33421325683594,361000
2024-07-03 00:00:00-04:00,242.16452910198024,243.24864512938117,241.15581758345115,242.17396545410156,146100
2024-07-05 00:00:00-04:00,240.66559301217669,240.95784660808314,238.4879246862876,240.72216796875,456600
2024-07-08 00:00:00-04:00,241.04269904425047,243.2863644015735,240.6373242850906,242.66416931152344,293100
2024-07-09 00:00:00-04:00,242.0419956174844,243.01299059323742,240.98615977232024,241.4386444091797,334500
2024-07-10 00:00:00-04:00,241.84401885915946,246.45387843261256,241.84401885915946,246.42559814453125,297800
2024-07-11 00:00:00-04:00,249.18778502371237,253.23203948346742,248.87670180497977,252.55328369140625,417800
2024-07-12 00:00:00-04:00,253.2319921109676,256.34296756317804,252.85491202355723,254.18414306640625,302400
2024-07-15 00:00:00-04:00,254.3632401251342,257.5873076908675,254.3632401251342,255.32479858398438,312600
2024-07-16 00:00:00-04:00,256.4089188420046,263.6207080973167,255.8244404295881,262.90423583984375,396200
2024-07-17 00:00:00-04:00,261.8955874774914,265.84556465818224,259.8027595411096,259.93475341796875,446100
2024-07-18 00:00:00-04:00,254.53296398048292,261.6033240910519,251.2805868218736,255.0420379638672,747900
2024-07-19 00:00:00-04:00,256.4372598833401,258.5866483956338,253.7222655278413,255.3814239501953,421100
2024-07-22 00:00:00-04:00,256.4183447595605,259.3124851877807,253.83531622810534,259.0013732910156,300800
2024-07-23 00:00:00-04:00,258.10581485487336,259.57644719522915,257.6250212465157,259.0390930175781,260700
2024-07-24 00:00:00-04:00,258.03041962400937,259.0862554322983,253.91076119338965,254.5989532470703,273900
2024-07-25 00:00:00-04:00,254.95718090111694,261.8201421950963,254.95718090111694,257.8041687011719,296400
2024-07-26 00:00:00-04:00,260.7926333267826,266.07181313552536,260.7926333267826,264.58233642578125,258900
2024-07-29 00:00:00-04:00,264.742553136633,265.2893437664456,262.9702736897033,264.1675109863281,208600
2024-07-30 00:00:00-04:00,266.1472220375335,269.61640524229614,264.2994805044444,268.8999328613281,249100
2024-07-31 00:00:00-04:00,269.6163769341418,272.8593174757381,267.43870849891533,270.5873718261719,322600
2024-08-01 00:00:00-04:00,270.1631432557987,272.3691207845784,260.86799090794784,262.99853515625,319800
2024-08-02 00:00:00-04:00,259.74616415891796,261.5279086415906,257.28569275259986,260.8868408203125,250500
2024-08-05 00:00:00-04:00,254.04274612901153,259.2465204739158,251.29000678036698,255.701904296875,287500
2024-08-06 00:00:00-04:00,256.2769432749643,260.76424474398544,256.2769432749643,256.7765808105469,234900
2024-08-07 00:00:00-04:00,259.47278944641835,260.84917364689585,253.5054179475837,253.6279754638672,222700
2024-08-08 00:00:00-04:00,255.62652956426084,258.95431140941145,255.3154175926045,258.0115966796875,169500
2024-08-09 00:00:00-04:00,259.5859276444057,259.8593229856432,255.2871505552346,257.5402526855469,169000
2024-08-12 00:00:00-04:00,257.54965365377257,258.25668964063027,251.70481132133523,252.47784423828125,293400
2024-08-13 00:00:00-04:00,253.5714249301531,258.07760030424924,252.60042988414614,256.8897705078125,150100
2024-08-14 00:00:00-04:00,256.8048481017399,257.775842839475,254.88170255839663,257.577880859375,155600
2024-08-15 00:00:00-04:00,261.12251887664905,261.40535053021466,258.21897044453516,260.3117980957031,141100
2024-08-16 00:00:00-04:00,259.953519974268,260.6699921910913,258.7280026480456,260.3683166503906,242400
2024-08-19 00:00:00-04:00,261.4692859563992,264.3735489243319,261.4692859563992,263.2441101074219,155600
2024-08-20 00:00:00-04:00,261.87748448580504,263.1872271569981,260.6246569243865,261.33648681640625,130600
2024-08-21 00:00:00-04:00,262.9784110663625,265.12340098249103,262.00083254930445,264.72479248046875,150400
2024-08-22 00:00:00-04:00,264.7247741325529,265.5979358146565,263.09230993945795,263.53839111328125,186000
2024-08-23 00:00:00-04:00,265.03792336501033,270.35292421910935,263.8610408700716,269.3943176269531,194500
2024-08-26 00:00:00-04:00,270.49529840129685,271.3874606500201,267.81881165512704,268.58758544921875,193500
2024-08-27 00:00:00-04:00,268.2459154498163,268.473691690862,266.92664380343405,267.7713623046875,225400
2024-08-28 00:00:00-04:00,267.9138145016525,268.52125663903854,265.49360421576165,265.9206848144531,212000
2024-08-29 00:00:00-04:00,268.0845548831279,268.88180069194783,266.14839890360474,266.8317565917969,268600
2024-08-30 00:00:00-04:00,268.4832208821284,269.45129897505853,265.5884290070211,269.2994384765625,292400
2024-09-03 00:00:00-04:00,268.046612383542,270.1631008826223,263.690189003962,265.3321533203125,340400
2024-09-04 00:00:00-04:00,265.3321487548597,266.56597533046335,263.18715929800953,264.8670959472656,202200
2024-09-05 00:00:00-04:00,264.52541941253406,264.52541941253406,256.99901310198936,258.2423400878906,458800
2024-09-06 00:00:00-04:00,258.1474357856006,261.1466154309387,255.21470053852036,257.05596923828125,268400
2024-09-09 00:00:00-04:00,258.8687437557774,264.4020207496379,258.09046963702013,262.9214172363281,327400
2024-09-10 00:00:00-04:00,263.3200658535721,264.4210326860732,259.6944726755052,261.7065734863281,246100
2024-09-11 00:00:00-04:00,261.4977954155183,262.5892909909498,255.86010085567472,262.2096252441406,282500
2024-09-12 00:00:00-04:00,262.9878874680181,263.79463369651023,259.1819615561282,263.71868896484375,216600
2024-09-13 00:00:00-04:00,264.5633968564849,267.98018553253934,264.5633968564849,266.1673889160156,244800
2024-09-16 00:00:00-04:00,267.63848248706165,269.51772343191976,265.79721390512503,267.1164855957031,239700
2024-09-17 00:00:00-04:00,267.85684650947877,269.1286457861039,265.50305188389086,265.82574462890625,251200
2024-09-18 00:00:00-04:00,267.12602291139694,270.77058821694226,266.00605528335,266.376220703125,266900
2024-09-19 00:00:00-04:00,271.2640772947859,272.3935161422861,268.22692545934524,271.5487976074219,205300
2024-09-20 00:00:00-04:00,269.96384891780514,269.96384891780514,267.30636236519405,268.7774658203125,532400
2024-09-23 00:00:00-04:00,269.8878413691703,272.40299612205405,268.321821837822,270.3054504394531,326000
2024-09-24 00:00:00-04:00,270.6187215590692,271.3305513829866,269.45131022064993,269.93536376953125,330400
2024-09-25 00:00:00-04:00,270.8939250264833,271.6057547308194,268.4072422625525,269.1855163574219,288700
2024-09-26 00:00:00-04:00,271.6057848928364,275.07948874705994,270.7325942808688,274.76629638671875,227100
2024-09-27 00:00:00-04:00,275.24088058510483,277.7275349409095,273.3426676155524,273.82672119140625,293700
2024-09-30 00:00:00-04:00,273.34258218262573,275.22182286232334,270.960316381794,274.9655456542969,216100
2024-10-01 00:00:00-04:00,274.73781771527774,275.9147003267533,270.5332835144752,273.3331298828125,259500
2024-10-02 00:00:00-04:00,273.1053559599515,276.5506166920345,272.5264149814326,276.20892333984375,335100
2024-10-03 00:00:00-04:00,275.4971444097469,275.4971444097469,271.4824422904908,274.01654052734375,201000
2024-10-04 00:00:00-04:00,276.7594622193943,276.7594622193943,271.5203757827261,272.14678955078125,276600
2024-10-07 00:00:00-04:00,270.15366688661646,271.91899093531225,269.93536198153316,271.4634094238281,187600
2024-10-08 00:00:00-04:00,272.2037348146947,272.5928719585723,269.9069132862092,270.9129638671875,185400
2024-10-09 00:00:00-04:00,270.96037878182716,274.91816524213914,270.96037878182716,272.8206481933594,210000
2024-10-10 00:00:00-04:00,273.0388879137697,274.67135187535075,270.49529003264405,271.7386169433594,326200
2024-10-11 00:00:00-04:00,272.81114984126793,277.25296090543554,272.81114984126793,276.958740234375,401400
2024-10-14 00:00:00-04:00,276.3703050770402,281.7422509739434,276.3323327096064,281.5049743652344,430800
2024-10-15 00:00:00-04:00,282.662876512139,287.2375763360835,280.403998633742,280.63177490234375,693200
2024-10-16 00:00:00-04:00,281.22022913126,284.4946579646654,281.22022913126,282.9096374511719,543100
2024-10-17 00:00:00-04:00,289.9520145334387,311.7340187003642,288.9744360685481,311.10760498046875,927800
2024-10-18 00:00:00-04:00,313.2051196983674,313.6891732428823,306.11529355752714,309.4941101074219,1420100
2024-10-21 00:00:00-04:00,308.611393955452,311.1739634703122,306.8745132853255,309.3991394042969,505800
2024-10-22 00:00:00-04:00,309.00058057357506,309.00058057357506,305.659707476185,306.8555908203125,335000
2024-10-23 00:00:00-04:00,307.2067437877376,308.93412433764735,304.91939395362306,308.6873474121094,389000
2024-10-24 00:00:00-04:00,308.4595941728996,311.11708062923253,306.7701858618529,309.0765075683594,563500
2024-10-25 00:00:00-04:00,311.3068807152129,311.7149894915173,308.10839697144115,309.9591369628906,222100
2024-10-28 00:00:00-04:00,313.80305909440887,317.3717084887558,312.65464844058397,315.6632995605469,379500
2024-10-29 00:00:00-04:00,313.16712272066576,318.4251800027326,311.610603370232,316.50799560546875,376000
2024-10-30 00:00:00-04:00,316.56496587840206,320.53222379313723,315.74871928940337,316.0998840332031,422000
2024-10-31 00:00:00-04:00,315.9955085763408,317.2008633589408,313.2146335870959,313.3285217285156,545200
2024-11-01 00:00:00-04:00,313.6606486694898,316.01441366784536,312.13257252238594,313.4803161621094,253900
2024-11-04 00:00:00-05:00,313.33797928099887,317.11540395635654,312.9013695125936,314.1921691894531,231100
2024-11-05 00:00:00-05:00,311.66752787225073,317.3526652757684,308.6398764926415,317.1723327636719,272600
2024-11-06 00:00:00-05:00,329.8524305841552,337.464253120771,329.64362602756836,336.21142578125,515400
2024-11-07 00:00:00-05:00,335.81284473964433,336.98022711383175,332.38655545843784,335.157958984375,347000
2024-11-08 00:00:00-05:00,337.7584569457103,342.0674076909064,336.10702123961886,340.98541259765625,356800
2024-11-11 00:00:00-05:00,343.22539950612486,344.7155037115465,341.8586837840663,343.4342041015625,374800
2024-11-12 00:00:00-05:00,342.7697409980266,344.99064630670836,341.7541902861703,342.0104675292969,471400
2024-11-13 00:00:00-05:00,343.43414530719264,346.7560175976447,342.8646756930868,342.8741760253906,295800
2024-11-14 00:00:00-05:00,342.1623505431393,342.54198730249857,338.7645334804677,339.5807800292969,397600
2024-11-15 00:00:00-05:00,339.6092390257399,344.1459661923404,338.55571592219866,338.8879089355469,342500
2024-11-18 00:00:00-05:00,339.0682399110042,341.0233966539387,338.4987703142095,339.1536560058594,272400
2024-11-19 00:00:00-05:00,335.3572918309236,338.10022355644753,334.0854925792232,336.68603515625,393900
2024-11-20 00:00:00-05:00,337.67302659926065,339.96037617903454,335.0724846956452,339.6186828613281,420800
2024-11-21 00:00:00-05:00,339.9624647185213,345.4335747439737,339.9624647185213,345.07073974609375,354600
2024-11-22 00:00:00-05:00,345.7773300357566,350.5322985022661,344.75566918436954,349.43426513671875,593000
2024-11-25 00:00:00-05:00,350.89511130879436,356.0893161038892,350.89511130879436,353.89324951171875,584300
2024-11-26 00:00:00-05:00,352.3368995392551,355.2204353175815,351.04789124060795,354.5711669921875,442500
2024-11-27 00:00:00-05:00,355.115425704264,357.0059440460066,352.33690572157496,352.5469665527344,273000
2024-11-29 00:00:00-05:00,352.54699850924857,355.17274456740506,352.43239602293454,352.9862060546875,181200
2024-12-02 00:00:00-05:00,353.692749309282,354.3515751747802,350.0740149335096,350.30316162109375,327500
2024-12-03 00:00:00-05:00,350.12173168891314,351.8881483795385,345.89190077809747,348.60357666015625,271300
2024-12-04 00:00:00-05:00,347.5628452591303,350.2649637688248,345.31902012849696,346.46478271484375,265600
2024-12-05 00:00:00-05:00,345.60542755781427,347.1331400303383,343.0751692551263,345.03253173828125,332000
2024-12-06 00:00:00-05:00,345.60545122682043,346.6939562723493,339.56147422048576,341.6047668457031,433000
2024-12-09 00:00:00-05:00,341.9007155335496,343.35205541527307,336.93568669347343,338.5779724121094,453200
2024-12-10 00:00:00-05:00,338.6257165863382,342.0057756611336,335.4748333201556,338.7498474121094,395700
2024-12-11 00:00:00-05:00,341.02227214413733,341.0604729638107,339.0648807928337,339.7523498535156,386200
2024-12-12 00:00:00-05:00,339.26543558658346,341.3946579199313,338.9598872864482,339.57098388671875,255900
2024-12-13 00:00:00-05:00,339.18907223836305,339.9529430749462,336.84978882689154,339.06494140625,263900
2024-12-16 00:00:00-05:00,338.1578759954001,340.277570172432,334.73961599254613,336.2768859863281,454700
2024-12-17 00:00:00-05:00,334.46275532085355,336.79251043699946,331.56010434785804,333.0591735839844,328700
2024-12-18 00:00:00-05:00,333.4792953608055,336.26734385223733,322.91902481907607,322.98583984375,390100
2024-12-19 00:00:00-05:00,325.5064989912171,327.5402628138994,322.1168829071841,322.41290283203125,371100
2024-12-20 00:00:00-05:00,323.15771251535955,329.1348450348732,321.4867833485556,328.12274169921875,1521500
2024-12-23 00:00:00-05:00,325.90759060128175,329.45951010020485,324.8191146512398,328.81024169921875,752300
2024-12-24 00:00:00-05:00,327.95092442589214,330.6912439543351,327.95092442589214,329.8223571777344,158000
2024-12-26 00:00:00-05:00,328.0941019222224,331.5982919481968,328.0941019222224,331.0158386230469,281000
2024-12-27 00:00:00-05:00,331.23548214606353,331.53147300738476,326.1081208621955,328.02728271484375,149800
2024-12-30 00:00:00-05:00,325.0577792642546,326.2226567306437,321.26715603777217,324.5994567871094,166300
2024-12-31 00:00:00-05:00,325.50655516414713,326.65231768738795,323.64465099817875,324.14117431640625,232800
2025-01-02 00:00:00-05:00,326.7191270400037,327.5307269525165,319.7680635735963,319.96856689453125,350600
2025-01-03 00:00:00-05:00,319.7394318073634,321.68726584011165,318.0112160836616,320.8852233886719,343800
2025-01-06 00:00:00-05:00,320.50333076452785,321.7732241396625,318.087645707306,319.4625549316406,365200
2025-01-07 00:00:00-05:00,318.84190068626833,321.7159079806293,317.7629532645837,320.4937438964844,330300
2025-01-08 00:00:00-05:00,319.5771422547979,322.43203469465914,317.73432398732274,321.6013488769531,343600
2025-01-10 00:00:00-05:00,318.11628464726954,319.4434646743027,316.502642134326,317.50518798828125,332200
2025-01-13 00:00:00-05:00,316.03474436854265,324.3607464773281,313.74319030364654,323.8738098144531,407400
2025-01-14 00:00:00-05:00,325.63071201896605,326.73830294370515,321.735043367995,324.9336853027344,378500
2025-01-15 00:00:00-05:00,330.20420465243285,331.2736236972757,328.4664606242785,330.4811096191406,382900
2025-01-16 00:00:00-05:00,331.1972563490165,334.18583721256545,327.3207029684462,329.9846496582031,468900
2025-01-17 00:00:00-05:00,331.9229152545312,334.34815769379094,330.25198612431626,332.75360107421875,1131700
2025-01-21 00:00:00-05:00,335.49390856717736,339.8001408151558,335.49390856717736,338.17694091796875,421200
2025-01-22 00:00:00-05:00,337.44174725592416,337.7186522362686,334.1189749078638,335.7135314941406,304700
2025-01-23 00:00:00-05:00,335.4366674043503,336.0095632774659,332.38124217353044,334.9592590332031,270700
2025-01-24 00:00:00-05:00,333.97581215513776,334.89242810513673,331.7606302321693,334.6441955566406,224600
2025-01-27 00:00:00-05:00,333.565206157646,337.8523236387069,333.565206157646,336.72564697265625,293000
2025-01-28 00:00:00-05:00,335.56074969195527,338.5875020094296,334.66321975296336,336.6587829589844,202000
2025-01-29 00:00:00-05:00,336.89752597822434,340.08661030735493,335.52258757853167,337.0885009765625,264900
2025-01-30 00:00:00-05:00,340.84094000955264,344.28781452685007,339.2941415204222,342.4163818359375,290800
2025-01-31 00:00:00-05:00,346.178313591794,349.2528242930646,338.41564976021607,339.1031188964844,393900
2025-02-03 00:00:00-05:00,333.65116130908905,339.4946350493285,331.7415278442425,336.1432189941406,421500
2025-02-04 00:00:00-05:00,335.1502037653183,341.51881454352,335.1502037653183,339.676025390625,397200
2025-02-05 00:00:00-05:00,339.3227542179462,342.4259084079856,336.725651699504,340.0102233886719,629200
2025-02-06 00:00:00-05:00,330.6148296443258,330.6148296443258,315.5573521021141,324.4848937988281,697800
2025-02-07 00:00:00-05:00,325.66884608457457,327.22520186678435,320.6847020684135,323.2245178222656,450400
2025-02-10 00:00:00-05:00,325.4587969415183,326.4518144395683,320.923417747983,325.2200927734375,333700
2025-02-11 00:00:00-05:00,324.78087176206964,326.0507942011374,321.33399770483953,322.09783935546875,424100
2025-02-12 00:00:00-05:00,318.40269252986343,321.3721581670755,316.6840343066225,319.758544921875,353400
2025-02-13 00:00:00-05:00,320.5033294033616,324.8763769986597,318.1831027139235,324.3798828125,294500
2025-02-14 00:00:00-05:00,325.35374681774664,326.5281816909054,321.3244197194892,323.6064453125,330500
2025-02-18 00:00:00-05:00,324.0457074971374,327.3780085708163,320.5415172661165,327.349365234375,342800
2025-02-19 00:00:00-05:00,326.95784772364306,327.33976854335623,323.93109536025776,326.8719177246094,459000
2025-02-20 00:00:00-05:00,325.19142501504024,326.51863407646067,322.10738604382874,323.19586181640625,263300
2025-02-21 00:00:00-05:00,323.92155441120195,326.1080927383531,318.50773108609036,320.7038269042969,315600
2025-02-24 00:00:00-05:00,321.57825784116665,325.04726317554685,319.7044442270822,322.8563232421875,293100
2025-02-25 00:00:00-05:00,322.9235932580051,328.78532800401734,321.14587927094624,328.179931640625,467400
2025-02-26 00:00:00-05:00,327.9108497253523,332.3888294589586,325.31633174572346,325.8160095214844,305300
2025-02-27 00:00:00-05:00,325.4604953572624,328.52589370763314,322.32782422572114,323.7596435546875,449700
2025-02-28 00:00:00-05:00,325.364327887313,327.8916021136392,321.70315269515794,327.84356689453125,370300
2025-03-03 00:00:00-05:00,328.9390568286289,330.31319268617955,319.3008389501415,321.030517578125,395200
2025-03-04 00:00:00-05:00,317.9458883215821,320.79987837921243,312.1418084393765,316.5621337890625,391000
2025-03-05 00:00:00-05:00,316.56213379891085,322.43348645071376,316.4660340319628,320.7806701660156,326700
2025-03-06 00:00:00-05:00,319.1374906220022,321.70321108461394,316.1489839081249,321.2803955078125,261100
2025-03-07 00:00:00-05:00,320.74225314686,329.5924940887037,316.6294349523665,328.689208984375,362000
2025-03-10 00:00:00-04:00,326.06586912079626,334.2530598630979,323.0100897584092,326.1907958984375,414100
2025-03-11 00:00:00-04:00,325.9121337128496,327.4304047042538,319.16635126980566,322.6161193847656,459700
2025-03-12 00:00:00-04:00,324.56682227329156,324.56682227329156,311.86320531866727,312.8913879394531,554600
2025-03-13 00:00:00-04:00,313.381430145413,316.75433550738154,310.33526985841706,311.43072509765625,366600
2025-03-14 00:00:00-04:00,314.4288686014411,319.6756171000639,312.30520144277955,318.8780212402344,357700
2025-03-17 00:00:00-04:00,317.25403573052773,319.5314566891515,315.1976413205151,316.37957763671875,363200
2025-03-18 00:00:00-04:00,315.3994493003696,318.05165074118435,313.7081870105126,316.3988342285156,391000
2025-03-19 00:00:00-04:00,316.2450320216549,321.1362080320254,315.1399580323702,319.7812805175781,343200
2025-03-20 00:00:00-04:00,317.3597656876095,320.3675098492941,315.93756522146924,316.9849853515625,427400
2025-03-21 00:00:00-04:00,314.5153680795007,315.1592102050781,309.66263716370486,315.1592102050781,1763800
2025-03-24 00:00:00-04:00,318.02280968549246,324.6052191182321,317.93629935925804,324.1824035644531,411800
2025-03-25 00:00:00-04:00,324.3457427487872,324.67245849299906,320.11761697150325,322.79864501953125,289700
2025-03-26 00:00:00-04:00,324.19202934579727,327.52648929734505,322.98123665876057,324.2689208984375,238200
2025-03-27 00:00:00-04:00,324.8550584793145,324.8550584793145,319.3969316196491,322.1932678222656,308300
2025-03-28 00:00:00-04:00,322.29898479640826,324.57640588806674,314.86132516531393,316.4468688964844,280000
2025-03-31 00:00:00-04:00,317.77292767600295,326.6519948591582,315.2936885758156,323.8460693359375,415000
2025-04-01 00:00:00-04:00,321.71279683471903,326.315673828125,319.1278684114417,326.315673828125,358800
2025-04-02 00:00:00-04:00,323.02923365031046,330.0152491017296,322.92351511892446,328.83331298828125,302400
2025-04-03 00:00:00-04:00,318.4936529490969,323.4232751514214,312.2283406667647,314.6595153808594,571400
2025-04-04 00:00:00-04:00,308.32692646934845,310.0950803397855,301.0814662781374,302.68621826171875,649000
2025-04-07 00:00:00-04:00,295.863562423155,308.3077065449808,289.06971574485453,298.63104248046875,618100
2025-04-08 00:00:00-04:00,306.1071699268465,308.4422744664181,292.7789479368309,297.30499267578125,578700
2025-04-09 00:00:00-04:00,293.8455787412792,318.84920383336896,292.0582167468951,316.9945983886719,583900
2025-04-10 00:00:00-04:00,311.8535919955318,312.56467760703,299.2076288237445,309.7683410644531,334700
2025-04-11 00:00:00-04:00,308.25004309775454,327.2958630838432,306.9720069989316,323.0389099121094,611200
2025-04-14 00:00:00-04:00,326.8249387365007,328.14144975774246,320.49235444857226,323.7307434082031,371900
2025-04-15 00:00:00-04:00,323.7499937844394,328.94867780374295,323.2983512370904,323.90374755859375,420800
2025-04-16 00:00:00-04:00,321.8954393457122,325.86409380025486,316.0817393091373,319.0318298339844,586100
2025-04-17 00:00:00-04:00,303.3108375692764,307.59661782846905,289.41563679544055,293.5092468261719,1850700
2025-04-21 00:00:00-04:00,293.24016185640903,293.63415038306994,278.4897416824867,280.94012451171875,632800
2025-04-22 00:00:00-04:00,283.62118696988006,291.80840737452354,283.40018973160926,289.5597839355469,399000
2025-04-23 00:00:00-04:00,296.4016776563618,301.1294816145349,290.5399432707508,292.65399169921875,454200
2025-04-24 00:00:00-04:00,292.6540179671198,299.14035748594097,291.51049798738836,298.60223388671875,343700
2025-04-25 00:00:00-04:00,297.75656395211655,298.8904943337366,293.85515370280905,296.6995544433594,263000
2025-04-28 00:00:00-04:00,298.50613515220016,301.4946416674523,295.02751098779964,297.6893310546875,393700
2025-04-29 00:00:00-04:00,296.4497113300634,298.1793899738988,294.5758683612968,297.5932312011719,311200
2025-04-30 00:00:00-04:00,295.41192131529635,302.32104670547005,289.9730023007788,301.55230712890625,605100
2025-05-01 00:00:00-04:00,302.40759106676666,303.7432813633329,299.31336553574164,299.53436279296875,335000
2025-05-02 00:00:00-04:00,304.14688653915414,306.0495274553911,302.07125427327344,304.5697021484375,326900
2025-05-05 00:00:00-04:00,303.3012239517737,305.5690262347123,300.87004911260675,301.5042724609375,275400
2025-05-06 00:00:00-04:00,298.86165723042325,301.52344778745356,297.47790268059754,299.2556457519531,314100
2025-05-07 00:00:00-04:00,300.8123630487417,303.9065879074806,299.04423874739547,302.36907958984375,334600
2025-05-08 00:00:00-04:00,304.83876396111435,309.9893841825108,301.70609267202525,304.5697021484375,325300
2025-05-09 00:00:00-04:00,304.3870558857233,306.77016590676243,301.6291655675184,303.33001708984375,158500
2025-05-12 00:00:00-04:00,313.02591315681997,314.21746826171875,310.162304069444,314.21746826171875,261400
2025-05-13 00:00:00-04:00,314.07331511551035,316.811997269041,312.74721453639876,314.5345764160156,287600
2025-05-14 00:00:00-04:00,312.862580208566,313.17970657535676,308.7305532681603,312.3821105957031,299200
2025-05-15 00:00:00-04:00,312.31482711822525,315.9375569778121,311.13286146484245,315.08233642578125,228900
2025-05-16 00:00:00-04:00,315.63007945202276,319.04143118606584,314.28477044552193,318.7723693847656,271200
2025-05-19 00:00:00-04:00,315.9183241725345,319.4641915312582,315.0919013593268,318.95489501953125,257000
2025-05-20 00:00:00-04:00,317.7169241835336,318.49065222300516,315.5117668036237,316.0050354003906,214000
2025-05-21 00:00:00-04:00,315.0378727382003,317.8039786259887,311.3142436835488,311.5463562011719,370200
2025-05-22 00:00:00-04:00,311.0336911061498,312.82297010580123,307.5131907402135,310.5984802246094,231000
2025-05-23 00:00:00-04:00,306.6814383598646,310.04721712022,306.6814383598646,308.8092346191406,289700
2025-05-27 00:00:00-04:00,313.3646573180356,315.36671637914554,308.97367515167633,315.06689453125,261900
2025-05-28 00:00:00-04:00,315.4440667443303,315.47308080876644,309.6893941817084,309.8054504394531,268400
2025-05-29 00:00:00-04:00,312.39741782046394,313.1421316892603,309.9601482823617,311.7784118652344,235500
2025-05-30 00:00:00-04:00,309.9795197793867,311.5657006004594,307.4552077484707,310.2213134765625,631500
2025-06-02 00:00:00-04:00,309.3992356266596,309.3992356266596,303.77995198202365,306.1011657714844,363700
2025-06-03 00:00:00-04:00,305.67557833120827,310.89834577156796,304.8535033784035,310.54046630859375,251100
2025-06-04 00:00:00-04:00,312.09766843628137,312.213724700853,309.43793748178547,309.5830078125,287000
2025-06-05 00:00:00-04:00,310.69522495112085,310.69522495112085,307.1650428156058,308.548095703125,226800
2025-06-06 00:00:00-04:00,312.75529386577654,313.0261016148669,309.93116012752415,311.1111145019531,207700
2025-06-09 00:00:00-04:00,312.44582724817315,312.6876209635845,309.5346509853883,310.23101806640625,254100
2025-06-10 00:00:00-04:00,310.7532576127488,313.0551384050531,308.70285171851134,311.517333984375,242500
2025-06-11 00:00:00-04:00,311.6720981301132,312.12667149421026,308.5964891640958,310.19232177734375,256300
2025-06-12 00:00:00-04:00,308.30632849162146,309.91184234796395,307.3488347973527,308.7125549316406,229300
2025-06-13 00:00:00-04:00,305.98508699066457,306.9135665349512,298.66356666518914,299.8241882324219,318900
2025-06-16 00:00:00-04:00,303.63485740081467,303.7218995904353,298.5378568585892,302.0873718261719,487900
2025-06-17 00:00:00-04:00,300.1337012014892,301.98100867405685,296.01352696865064,297.1934814453125,369800
2025-06-18 00:00:00-04:00,297.41594920284,300.2400832514913,296.4971212839575,296.74859619140625,393700
2025-06-20 00:00:00-04:00,298.5572121002252,299.4663588366081,294.89161108931233,295.7524108886719,937100
2025-06-23 00:00:00-04:00,295.82006150823804,298.27669369281944,291.9126966819203,298.208984375,331000
2025-06-24 00:00:00-04:00,298.9634050666266,299.5920923346343,296.5745115115342,298.3347473144531,344300
2025-06-25 00:00:00-04:00,300.02727908228866,300.02727908228866,295.17207233111264,297.0580749511719,330900
2025-06-26 00:00:00-04:00,298.19934042331124,300.2787603331959,296.31333776328063,299.3889465332031,368800
2025-06-27 00:00:00-04:00,299.3889290185539,301.9326033077786,298.01555741635354,300.801025390625,412900
2025-06-30 00:00:00-04:00,300.54954553638976,301.0621469595676,297.37721362173943,300.9654235839844,462900
2025-07-01 00:00:00-04:00,300.66560550040504,311.1787901596823,298.39273896731675,307.4261474609375,492600
2025-07-02 00:00:00-04:00,306.92326979768285,310.2696865844717,305.9367620556819,309.5926818847656,286300
2025-07-03 00:00:00-04:00,310.2890394707846,311.9815954419747,309.6700334051491,311.07244873046875,178400
2025-07-07 00:00:00-04:00,310.99505822792804,312.29109848842967,305.59823560366436,306.7491760253906,245000
2025-07-08 00:00:00-04:00,305.42411876909966,311.06273450452,305.42411876909966,306.6717529296875,288200
2025-07-09 00:00:00-04:00,308.16119965698726,310.8693065393639,305.4047458457125,307.6776123046875,226800
2025-07-10 00:00:00-04:00,309.43791133153104,313.5000573432624,307.9291209879355,310.1729736328125,268400
2025-07-11 00:00:00-04:00,309.70869808959094,310.9273477136128,305.86901317050115,307.14569091796875,261000
2025-07-14 00:00:00-04:00,306.35264584312137,309.9021906698497,303.98305556065264,308.7125549316406,377900
2025-07-15 00:00:00-04:00,309.2541471961592,313.8385463756737,302.7934265136719,302.7934265136719,516900
2025-07-16 00:00:00-04:00,302.81274307416976,304.5439941647636,300.04663741896405,302.7353820800781,509500
2025-07-17 00:00:00-04:00,319.0226173650562,331.32508214367414,317.03989129267376,326.7116394042969,835800
2025-07-18 00:00:00-04:00,326.7406713106686,328.83945375246765,323.9455513020065,325.6574401855469,619600
2025-07-21 00:00:00-04:00,327.2339372949463,327.9496372434458,317.5815216046609,317.6105651855469,520600
2025-07-22 00:00:00-04:00,317.8039681439633,322.7462467847944,315.9083137756192,321.5953063964844,321000
2025-07-23 00:00:00-04:00,324.400101155081,324.400101155081,316.06305915442283,319.3417663574219,402300
2025-07-24 00:00:00-04:00,318.91621731903433,322.36903852774435,317.29137069699425,319.4868469238281,325400
2025-07-25 00:00:00-04:00,320.4249607156501,320.4249607156501,315.6858106714639,319.42877197265625,259800
2025-07-28 00:00:00-04:00,318.60673379640684,319.5835602681019,315.4537345212185,315.81158447265625,255500
2025-07-29 00:00:00-04:00,317.37844953081145,318.7421697332693,314.0223513202956,314.6800231933594,203800
2025-07-30 00:00:00-04:00,314.3608180923633,317.0688956745928,310.2213112076228,311.69140625,269300
2025-07-31 00:00:00-04:00,310.5211436550678,314.98948657657445,310.1439608255573,310.6468811035156,349000
2025-08-01 00:00:00-04:00,307.3778228606626,309.38956298684053,302.5129347651048,307.3584899902344,339800
2025-08-04 00:00:00-04:00,307.71634558144603,308.5384500851081,304.0604259269352,308.4610595703125,352300
2025-08-05 00:00:00-04:00,309.67966220687333,312.4264347478045,308.4416798008786,311.4979553222656,223500
2025-08-06 00:00:00-04:00,311.2561826011837,312.8810290841894,308.52874274453296,312.5812072753906,235500
2025-08-07 00:00:00-04:00,314.8637675946236,314.8637675946236,309.54430580164166,310.4244384765625,199900
2025-08-08 00:00:00-04:00,310.88867815437754,312.75531848309845,310.41477193512543,311.2368469238281,156800
2025-08-11 00:00:00-04:00,312.2910747391502,313.19054018881883,309.12839436037183,310.6275329589844,222300
2025-08-12 00:00:00-04:00,310.8693249203738,315.09587390684766,309.43789564723056,314.8734130859375,162000
2025-08-13 00:00:00-04:00,315.376358484761,323.03639619589393,315.376358484761,322.8526306152344,236200
2025-08-14 00:00:00-04:00,320.65714390892106,320.65714390892106,313.6644594257391,314.0610046386719,250900
2025-08-15 00:00:00-04:00,314.53492770584955,316.33388829225174,312.9100810261429,315.3086853027344,378800
2025-08-18 00:00:00-04:00,314.7960692617492,316.01468945730153,310.12459837866095,312.5909118652344,248500
2025-08-19 00:00:00-04:00,313.0484904918021,316.98192930424057,312.6980010465446,316.19329833984375,293100
2025-08-20 00:00:00-04:00,315.5215276979435,317.118251512781,313.19455804307813,314.6355285644531,229000
2025-08-21 00:00:00-04:00,313.5742364135707,315.52147912032734,312.3961331829356,312.9024353027344,144600
2025-08-22 00:00:00-04:00,315.18073445526545,324.43013815610027,314.9081216399541,324.2451477050781,230400
2025-08-25 00:00:00-04:00,324.03096126871634,326.16319467959744,319.8541168143447,320.2727966308594,179100
2025-08-26 00:00:00-04:00,319.4743916157305,323.96277196386063,318.5007702252398,321.0906066894531,244000
2025-08-27 00:00:00-04:00,320.47722114158546,325.1116684782074,320.47722114158546,321.49951171875,200600
2025-08-28 00:00:00-04:00,322.4731451991723,322.4731451991723,317.77056677034636,318.5105285644531,193700
2025-08-29 00:00:00-04:00,318.89996105686794,319.941713371296,315.63832343068196,316.6606140136719,172800
2025-09-02 00:00:00-04:00,314.4991973824952,315.58967839036467,312.58116189297186,314.9178771972656,232600
2025-09-03 00:00:00-04:00,314.12924618718375,314.87892402457385,310.7799859443757,313.3600769042969,234200
2025-09-04 00:00:00-04:00,313.99290805322687,320.1851260244301,313.36006007253235,320.0975036621094,236800
2025-09-05 00:00:00-04:00,321.6942421422135,322.7360241446833,318.4326045928119,320.02935791015625,157200
2025-09-08 00:00:00-04:00,320.0293569881993,320.8082422010813,316.1835406822493,318.3352355957031,162700
2025-09-09 00:00:00-04:00,318.32557898189003,319.0168419657459,313.2335275576793,314.1292724609375,173300
2025-09-10 00:00:00-04:00,313.1945389816781,318.01397701460974,313.1945389816781,315.609130859375,220300
2025-09-11 00:00:00-04:00,316.56327262147926,323.7680649562,315.1028405382561,323.22283935546875,218700
2025-09-12 00:00:00-04:00,321.75268059694525,326.03660901881307,320.895888970058,324.7903747558594,414000
2025-09-15 00:00:00-04:00,327.1368243375259,332.95909161005835,326.1729485595539,330.7586975097656,475900
2025-09-16 00:00:00-04:00,330.1355484769356,332.17044345624936,323.9043771340801,325.1993103027344,409200
2025-09-17 00:00:00-04:00,325.46217876694527,329.6390231281328,321.85976749866074,322.6289367675781,292100
2025-09-18 00:00:00-04:00,322.39526812982376,332.31647285575417,322.39526812982376,330.53472900390625,382600
2025-09-19 00:00:00-04:00,330.680800924935,332.1119959210509,327.04918224862996,328.3440856933594,989300
2025-09-22 00:00:00-04:00,325.65691142081084,329.62927384044946,324.9753645247005,328.61669921875,244400
2025-09-23 00:00:00-04:00,329.171679791847,333.0564199557934,329.171679791847,331.1773376464844,345200
2025-09-24 00:00:00-04:00,330.05765554125486,333.1050952859562,329.65846720060836,330.5152587890625,269500
2025-09-25 00:00:00-04:00,329.62928174591207,330.9728841254242,326.89340779852785,328.0909729003906,289200
2025-09-26 00:00:00-04:00,329.6487237258172,333.0563986587657,327.90596279601493,332.8908996582031,171900
2025-09-29 00:00:00-04:00,335.091333393212,336.21099220464976,331.8491570753376,335.4515686035156,358000
2025-09-30 00:00:00-04:00,336.29858682174694,338.7034329789619,334.0884768385239,337.3890380859375,329800
2025-10-01 00:00:00-04:00,335.0426053811772,340.5533063004143,334.9257755623176,336.133056640625,423800
2025-10-02 00:00:00-04:00,336.59067266484703,341.05959168103504,333.6503464993409,339.92047119140625,248500
2025-10-03 00:00:00-04:00,339.8912309928218,340.65065448360656,337.3013945466669,338.25555419921875,233300
2025-10-06 00:00:00-04:00,339.61859872721146,339.61859872721146,331.57647705078125,331.57647705078125,382700
2025-10-07 00:00:00-04:00,333.0369561174026,333.0369561174026,326.0171536705515,327.95465087890625,367100
2025-10-08 00:00:00-04:00,328.95748403207205,331.75177292004173,327.8475709976402,330.30108642578125,381100
2025-10-09 00:00:00-04:00,331.23571707103406,332.1801309858788,323.0183503534854,323.037841796875,276200
2025-10-10 00:00:00-04:00,324.26458042750477,325.0240038959719,317.8387032539672,318.6954650878906,350300
2025-10-13 00:00:00-04:00,322.2686987390345,325.9684483501048,320.89588893418477,323.2325744628906,536200
2025-10-14 00:00:00-04:00,320.30198792813945,328.95746696842133,320.30198792813945,328.1298828125,420500
2025-10-15 00:00:00-04:00,328.8893011817983,328.98666926553943,319.34782322652075,323.8167419433594,497600
2025-10-16 00:00:00-04:00,336.8730227794289,347.9820471250333,328.6167021604487,335.09130859375,1114300
2025-10-17 00:00:00-04:00,334.99395482025005,335.5196890343499,328.20781181353016,330.78790283203125,580000
2025-10-20 00:00:00-04:00,331.6933664710404,333.8158542163077,327.14657069161785,331.87835693359375,348800
2025-10-21 00:00:00-04:00,331.9464831053315,338.46001266035205,329.2203550653296,336.6101379394531,354000
2025-10-22 00:00:00-04:00,337.24298288555667,338.78129161307766,332.6961579063909,333.9618835449219,334100
2025-10-23 00:00:00-04:00,335.6559635070803,338.17763926132096,333.6405601629835,337.52532958984375,250500
2025-10-24 00:00:00-04:00,339.2778545089143,339.4044300464406,333.96188992078135,334.85760498046875,255600
2025-10-27 00:00:00-04:00,336.2304254821142,338.3821205511259,334.1566070549943,337.1164245605469,207800
2025-10-28 00:00:00-04:00,335.71442228874815,337.1748545180879,333.57244313402197,333.66009521484375,238700
2025-10-29 00:00:00-04:00,332.31645339857977,335.3444015996094,327.5359689026437,328.2564392089844,273900
2025-10-30 00:00:00-04:00,326.9420438107051,335.3249392479586,326.260526679975,329.67791748046875,238400
2025-10-31 00:00:00-04:00,328.25646971408935,331.1286649097709,323.86545712845003,326.69866943359375,270400
2025-11-03 00:00:00-05:00,327.84755192186236,329.74609586603617,323.8556981516415,328.8698425292969,391500
2025-11-04 00:00:00-05:00,327.9838484826875,331.6251831463201,326.5818312374514,329.7947998046875,365000
2025-11-05 00:00:00-05:00,331.1286797068883,335.89941913763334,330.9339435209108,333.7087707519531,273200
2025-11-06 00:00:00-05:00,334.79918785200084,335.0036400275739,331.00207031423554,332.3456726074219,208100
2025-11-07 00:00:00-05:00,332.52094490882797,336.892495872732,330.6321168490747,334.6434326171875,297000
2025-11-10 00:00:00-05:00,334.90632589674783,335.5586356464064,329.2008885987982,334.1274108886719,251800
2025-11-11 00:00:00-05:00,335.3152281880701,336.269387924804,332.9493351479563,334.02032470703125,174400
2025-11-12 00:00:00-05:00,334.3319042263846,336.2694015212074,332.5404145028224,332.6961975097656,169700
2025-11-13 00:00:00-05:00,331.7712449843031,334.73103271159675,326.5136655399563,327.3120422363281,243300
2025-11-14 00:00:00-05:00,323.95306313121154,325.86135277933005,320.6038030967201,321.2756042480469,266600
2025-11-17 00:00:00-05:00,321.27563337525726,324.0699223271917,319.6886255757089,320.0196533203125,266200
2025-11-18 00:00:00-05:00,318.77341538825334,322.91130671792155,312.3377618932213,321.1977233886719,359200
2025-11-19 00:00:00-05:00,321.1976851165556,323.4272863809825,319.06545193197417,321.4508361816406,214100
2025-11-20 00:00:00-05:00,324.8975021408616,327.15628140945404,319.4841690494152,322.48291015625,337900
2025-11-21 00:00:00-05:00,324.6505294777844,333.4095156813253,323.6696825064065,329.46649169921875,365300
2025-11-24 00:00:00-05:00,328.446448201902,331.43804984101143,325.27833120037775,326.6416931152344,405200
2025-11-25 00:00:00-05:00,328.3091355228222,335.0573682165106,327.24001579854274,333.7724609375,266300
2025-11-26 00:00:00-05:00,332.80138512716957,335.9597137593977,332.80138512716957,334.0372619628906,231400
2025-11-28 00:00:00-05:00,335.52813607939004,335.7047112924687,333.5370178222656,333.5370178222656,140400
2025-12-01 00:00:00-05:00,329.89809566612195,335.56739046009267,329.89809566612195,331.9873046875,290500
2025-12-02 00:00:00-05:00,332.85046201645383,335.2633374478735,329.44692145734047,334.056884765625,250500
2025-12-03 00:00:00-05:00,334.8317258270074,338.68644724055054,333.5566367374571,337.7448425292969,241300
2025-12-04 00:00:00-05:00,339.0788228042766,344.5813601539654,336.3422512693603,339.5005798339844,347900
2025-12-05 00:00:00-05:00,337.12694122847705,341.50154075375707,336.4011239684152,340.5599060058594,194700
2025-12-08 00:00:00-05:00,341.1385911236557,343.01201257622023,338.23529224451806,340.7953186035156,259900
2025-12-09 00:00:00-05:00,340.9227900622257,342.91390829226486,336.1853121814688,336.3030090332031,312200
2025-12-10 00:00:00-05:00,336.7541996241819,343.8457344687868,336.7541996241819,341.78594970703125,590300
2025-12-11 00:00:00-05:00,343.6790267162575,347.2100522987607,341.7075144840003,344.7579345703125,350600
2025-12-12 00:00:00-05:00,345.96438051996904,347.14140897989523,342.5019915522634,344.1105651855469,252900
2025-12-15 00:00:00-05:00,346.3371051025378,347.8279818674293,343.7770786942549,345.2091369628906,208200
2025-12-16 00:00:00-05:00,346.8373113014509,346.8373113014509,341.0993800001375,341.75653076171875,242900
2025-12-17 00:00:00-05:00,341.75653997398894,344.38520295732434,338.3137870870146,339.422119140625,225500
2025-12-18 00:00:00-05:00,341.1974184363768,343.68877816393444,338.2646955246349,339.314208984375,308000
2025-12-19 00:00:00-05:00,337.04846123307374,341.57015155979894,337.04846123307374,339.6771240234375,815800
2025-12-22 00:00:00-05:00,339.54966020907085,345.59168226294156,338.49035845448736,343.325927734375,250700
2025-12-23 00:00:00-05:00,343.6103713384561,345.9545803973968,342.7276149143072,345.26800537109375,259500
2025-12-24 00:00:00-05:00,345.1404401645516,347.0727099127705,344.0124721239937,346.34686279296875,101700
2025-12-26 00:00:00-05:00,346.7981220743445,347.56318162769173,345.95457798917386,347.2198791503906,129300
2025-12-29 00:00:00-05:00,346.26843153897863,349.1717304146061,343.9732530427317,344.2773132324219,285200
2025-12-30 00:00:00-05:00,343.30629325040246,344.1694434630576,341.10917545462297,342.9728088378906,267800
2025-12-31 00:00:00-05:00,342.58044753062524,344.29692991398605,337.4506364792364,337.9999084472656,198300
2026-01-02 00:00:00-05:00,337.9508266492658,344.3851806654849,335.78316312991535,344.228271484375,219800
2026-01-05 00:00:00-05:00,342.75699242526565,349.34828539147594,342.75699242526565,347.416015625,212900
2026-01-06 00:00:00-05:00,345.0717903946475,352.5262337912244,344.9050631624734,350.87841796875,254400
2026-01-07 00:00:00-05:00,350.91762475480215,353.0951063190597,343.855544227292,345.8270263671875,249600
2026-01-08 00:00:00-05:00,344.3949980951432,356.43001009063454,343.649544787372,354.38983154296875,299300
2026-01-09 00:00:00-05:00,356.2828820589487,359.15678673876124,354.3702482219302,355.2333984375,247400
2026-01-12 00:00:00-05:00,354.8704216636946,358.29359794243277,350.6527916672205,351.2805480957031,234700
2026-01-13 00:00:00-05:00,352.1633504163303,355.5963152590295,350.6135952391024,353.6444091796875,188500
2026-01-14 00:00:00-05:00,354.45848741683153,357.47948295316024,353.1637622156588,355.47857666015625,307300
2026-01-15 00:00:00-05:00,358.25440441394414,358.6467372685758,355.00780289726896,356.4888916015625,231400
2026-01-16 00:00:00-05:00,355.7139924074824,357.47950511265014,353.8699951763075,354.4388732910156,393400
2026-01-20 00:00:00-05:00,349.5150285047262,358.94098406669633,348.00451569110004,357.5971984863281,390900
2026-01-21 00:00:00-05:00,360.90267525261345,365.49303215115253,359.96104055567537,364.5220031738281,316700
2026-01-22 00:00:00-05:00,366.09137653531366,367.9844342624836,363.8354400891316,365.13995361328125,277300
2026-01-23 00:00:00-05:00,365.70884678664083,365.70884678664083,360.4514907716934,362.0306701660156,178000
2026-01-26 00:00:00-05:00,363.38422652701115,365.06146660432887,360.49071575096866,363.0409240722656,313000
2026-01-27 00:00:00-05:00,362.60935623625846,364.86529252734556,359.5393001133508,360.7751770019531,166800
2026-01-28 00:00:00-05:00,360.01009045801646,367.09180697953894,359.25481911253365,362.9820556640625,383800
2026-01-29 00:00:00-05:00,365.4832046297295,368.09226124369036,358.0483975346065,359.6079406738281,514300
2026-01-30 00:00:00-05:00,356.66541885510304,359.37256630135977,353.8896049311627,359.097900390625,257200
2026-02-02 00:00:00-05:00,358.43091172441785,364.66911420436696,357.9208820607541,364.4042663574219,369100
2026-02-03 00:00:00-05:00,364.9829903780742,372.91806954870765,361.5990859322514,371.15252685546875,596700
2026-02-04 00:00:00-05:00,373.73214414432505,379.8330138927466,373.73214414432505,375.5761413574219,596800
2026-02-05 00:00:00-05:00,381.510276375405,381.510276375405,357.0381593993229,363.6980895996094,602100
2026-02-06 00:00:00-05:00,359.52945026000685,364.5808361775513,353.19318712025637,362.2660217285156,463800
2026-02-09 00:00:00-05:00,362.2660315236399,364.34542239808616,357.7933715472263,361.06939697265625,448300
2026-02-10 00:00:00-05:00,361.4911974263862,372.40803076165014,361.4911974263862,370.1815185546875,477900
2026-02-11 00:00:00-05:00,371.39774286347273,379.9114883799666,368.28847436558476,375.3505554199219,602100
2026-02-12 00:00:00-05:00,376.7531594982401,382.65787810784275,371.074076427201,371.2996520996094,516000
2026-02-13 00:00:00-05:00,373.70274762157914,379.3916488667341,370.45614609331875,377.24359130859375,288800
2026-02-17 00:00:00-05:00,374.5168196247169,375.96848404894183,371.14273327786947,374.3795166015625,365100
2026-02-18 00:00:00-05:00,374.8405065333633,379.05813681114813,374.0852650922283,376.99835205078125,359200
2026-02-19 00:00:00-05:00,375.53691415718936,377.89094114644445,373.46734120044687,376.51776123046875,237900
2026-02-20 00:00:00-05:00,376.2332916771766,379.6662562920341,374.25199144679476,378.4892578125,295100
2026-02-23 00:00:00-05:00,378.69522472801435,382.44206755178345,373.5065355785055,377.989013671875,391100
2026-02-24 00:00:00-05:00,379.0255061831579,382.5099572896416,378.46285367935917,382.0460205078125,254700
2026-02-25 00:00:00-05:00,382.30263805071337,383.7142095883485,376.9229777282871,381.4734802246094,327100
2026-02-26 00:00:00-05:00,382.904776695871,385.01714847804647,376.85386764831145,381.6807861328125,460500
2026-02-27 00:00:00-05:00,379.66709762637674,380.94046110282454,374.58355445332785,380.2494812011719,358300
2026-03-02 00:00:00-05:00,378.0679954496767,384.8098540603819,375.39294114638653,384.5630798339844,301800
2026-03-03 00:00:00-05:00,376.77492672568496,379.63750192324665,369.8750983987221,378.8872985839844,301200
2026-03-04 00:00:00-05:00,380.59496410006005,382.4803228193658,376.6959192429073,378.5516662597656,316000
2026-03-05 00:00:00-05:00,377.07101909330527,377.63367156093307,372.4612632755691,377.3375244140625,455500
2026-03-06 00:00:00-05:00,371.49392637301634,371.6617159776029,365.9266853671186,367.3382568359375,358300
2026-03-09 00:00:00-04:00,360.92214526715827,369.8849723685905,356.9638768359987,368.74981689453125,358000
2026-03-10 00:00:00-04:00,368.19703196611357,371.7703179986191,365.1962488930396,365.2258605957031,379100
2026-03-11 00:00:00-04:00,364.53487306656945,369.82572811416657,358.65178397810536,364.9988098144531,565800
2026-03-12 00:00:00-04:00,363.20232202939377,365.36406668377697,359.22432266573924,359.51055908203125,351600
2026-03-13 00:00:00-04:00,362.4916194333702,363.9623842315626,357.45741902415506,362.76800537109375,377800
2026-03-16 00:00:00-04:00,364.9889867322372,366.6867947324062,362.5113636879708,364.8211669921875,343100
2026-03-17 00:00:00-04:00,367.06183702894435,367.6244894889822,357.26985269684366,362.6593933105469,292900
2026-03-18 00:00:00-04:00,361.3959362411367,363.3997418764382,356.5591671342514,357.3291015625,351900
2026-03-19 00:00:00-04:00,352.91677520330194,358.67153723050916,351.0807893155722,356.1149597167969,348000
2026-03-20 00:00:00-04:00,355.2561821731869,357.0230941279263,350.38980149566027,352.2948913574219,1629800
2026-03-23 00:00:00-04:00,360.0041117364983,365.35419033419896,354.04206798780194,357.8719787597656,407300
2026-03-24 00:00:00-04:00,354.4763655679816,361.15903109150463,354.4763655679816,358.3951416015625,427200
2026-03-25 00:00:00-04:00,361.7414009898798,363.7353258769261,358.1878461364947,362.8765563964844,349700
2026-03-26 00:00:00-04:00,360.30027306870204,363.69588904041615,356.49994372621757,357.3291015625,393000
2026-03-27 00:00:00-04:00,357.4870251769907,358.51361441137135,351.8507101824548,354.40728759765625,434000
2026-03-30 00:00:00-04:00,357.39816984646814,358.7109954250377,350.7944893966651,351.9987487792969,294900
2026-03-31 00:00:00-04:00,356.12483674277627,360.90238237030246,351.76185496529774,358.5333557128906,364000
2026-04-01 00:00:00-04:00,359.9251557767243,363.50832242626115,358.3161829727674,362.2843017578125,304800
2026-04-02 00:00:00-04:00,357.2205245424249,365.7391457940545,354.67379757882594,360.8628845214844,306400
2026-04-06 00:00:00-04:00,358.74062420930005,361.5933487500602,357.7436768103934,361.5439758300781,205400
2026-04-07 00:00:00-04:00,360.77406630445773,364.25851744589676,358.00032619499706,361.9684753417969,265400
2026-04-08 00:00:00-04:00,370.7240042988654,376.2122608651955,370.7240042988654,375.7088317871094,315300
2026-04-09 00:00:00-04:00,374.49472404504706,380.0323234414808,359.97450630960867,378.82806396484375,262600
2026-04-10 00:00:00-04:00,380.03233591839046,381.88808305385334,374.63291425246774,374.8204650878906,398600
2026-04-13 00:00:00-04:00,374.8204462766284,376.7847595214844,370.1712281857294,376.7847595214844,380100
2026-04-14 00:00:00-04:00,376.4787747968861,377.3573055513622,372.17504650754034,372.99432373046875,316600
2026-04-15 00:00:00-04:00,370.4081385969527,371.1385807163258,359.8165772469976,363.2615661621094,384300
2026-04-16 00:00:00-04:00,363.2023048692149,366.41036969232675,359.5599150139927,362.1263427734375,345600
2026-04-17 00:00:00-04:00,363.982115779309,377.64353380516894,363.982115779309,375.36334228515625,408400
2026-04-20 00:00:00-04:00,375.2547850725128,382.806070814773,373.9123175384395,381.8683166503906,517600
2026-04-21 00:00:00-04:00,381.3945046256432,384.86907486528145,378.51216842631334,378.630615234375,455800
2026-04-22 00:00:00-04:00,377.9495655586131,381.85846104505407,375.50155427860113,377.4461364746094,598900
2026-04-23 00:00:00-04:00,395.7074267198013,395.7074267198013,371.0398837918665,385.7081298828125,756600
2026-04-24 00:00:00-04:00,386.744562991886,387.731659916443,371.2965021473314,373.5372314453125,590900
2026-04-27 00:00:00-04:00,374.0406298841601,382.0361209869634,370.3390164221037,379.5091552734375,675600
2026-04-28 00:00:00-04:00,380.29881177169295,381.00952274455784,370.3093959647297,372.65869140625,437400
2026-04-29 00:00:00-04:00,373.4878555661786,376.3701918175275,370.19095547913207,373.5766906738281,383200
2026-04-30 00:00:00-04:00,374.86977536124533,379.60785851120113,374.425599834685,378.45294189453125,293800
2026-05-01 00:00:00-04:00,382.83566549659616,383.0034852273218,375.42255799438755,375.4818115234375,306900
2026-05-04 00:00:00-04:00,373.1818702517839,375.6594932342075,367.2296768523084,367.3185119628906,309600
2026-05-05 00:00:00-04:00,369.4012825559186,374.70198807223954,366.1932176411285,373.91229248046875,267800
2026-05-06 00:00:00-04:00,378.0186352520771,383.7832777598715,378.0186352520771,381.3352966308594,295700
2026-05-07 00:00:00-04:00,382.4013501455035,383.53650560653386,360.1916689017478,365.8872375488281,668800
2026-05-08 00:00:00-04:00,368.05883100965525,370.1021289041236,365.88723581705125,369.17425537109375,329400
2026-05-11 00:00:00-04:00,370.0527940707924,370.0527940707924,364.1104510879074,365.679931640625,331600
2026-05-12 00:00:00-04:00,365.91685404438095,369.1841425624584,360.8530418346778,364.4658203125,273000
2026-05-13 00:00:00-04:00,364.5842676121802,365.6503190727834,359.75734902614465,361.8697509765625,264500
2026-05-14 00:00:00-04:00,364.8803769455683,365.9464585074693,360.9418698043087,361.6427001953125,227100
2026-05-15 00:00:00-04:00,357.87197444247107,360.7148183771525,354.0617948104378,355.0093994140625,464400
2026-05-18 00:00:00-04:00,356.07547943022536,359.9843747618089,354.9205627902674,358.85906982421875,323300
2026-05-19 00:00:00-04:00,355.897776034455,358.19772868588547,350.9326798214003,355.3055419921875,281500
2026-05-20 00:00:00-04:00,357.0646140970035,361.1989664330646,353.99367122877044,361.06976318359375,512400
2026-05-21 00:00:00-04:00,358.8137697056377,362.11327492703145,354.02348342965973,360.075927734375,364200
2026-05-22 00:00:00-04:00,361.65611718035785,366.06874172051397,358.20751264851066,364.38916015625,298900
2026-05-26 00:00:00-04:00,367.71851541047454,371.11744043839445,366.30725803342204,369.8055725097656,326100
2026-05-27 00:00:00-04:00,371.2168014366511,372.70755218234837,368.5334682920369,369.83538818359375,245800
2026-05-28 00:00:00-04:00,370.20309519608514,372.68767972760253,366.07869093964655,372.1510009765625,254900
2026-05-29 00:00:00-04:00,371.0478699997846,372.37960370503055,368.7123544113526,368.9210510253906,539000
2026-06-01 00:00:00-04:00,363.81276796845316,366.8439491060195,360.76169074289334,364.1904296875,225100
2026-06-02 00:00:00-04:00,363.70340986315017,370.5012294325816,362.56050705617895,370.1534118652344,226500
2026-06-03 00:00:00-04:00,371.33608095977974,375.95740213072577,369.33846528748523,375.0629577636719,236100
2026-06-04 00:00:00-04:00,377.7065319799939,379.74390951306185,374.9238094097076,376.5636291503906,247200
2026-06-05 00:00:00-04:00,375.11263375331345,381.1650779857152,374.9039371465136,377.4282531738281,307900
2026-06-08 00:00:00-04:00,376.90154704947054,381.6719678217969,375.1722858215562,378.3028564453125,210100
2026-06-09 00:00:00-04:00,381.83097171988766,386.6709376459293,379.90293165272095,384.8721008300781,244300
2026-06-10 00:00:00-04:00,385.37893279263346,387.843651606114,375.25176365297887,376.1164245605469,300300
2026-06-11 00:00:00-04:00,379.0183954136374,384.61368461880636,376.8220311849199,382.2980651855469,300700
2026-06-12 00:00:00-04:00,384.70314950951655,387.8138543786423,379.07804615978233,385.09075927734375,272600
2026-06-15 00:00:00-04:00,388.59896863001006,391.5108944208218,383.9179895371832,384.2459716796875,306700
2026-06-16 00:00:00-04:00,385.6075395241769,390.5468950451756,385.0808087890339,386.9889831542969,306900
2026-06-17 00:00:00-04:00,386.6907935227198,389.5828535495674,377.19969276825987,378.9090881347656,287600
2026-06-18 00:00:00-04:00,382.0595334095242,387.9529607642978,380.3501380023873,384.8621520996094,1031300
2026-06-22 00:00:00-04:00,383.66954193356014,389.5033720530849,380.85700551031965,388.2908935546875,490800
2026-06-23 00:00:00-04:00,384.961545443363,388.728184203417,381.8508406597137,383.4707946777344,590600
2026-06-24 00:00:00-04:00,384.95159476584394,392.8625036157573,382.6260272269022,389.7220153808594,392200
2026-06-25 00:00:00-04:00,392.94202986349336,400.86288680871456,390.7655313200548,398.4776916503906,336200
2026-06-26 00:00:00-04:00,395.6949416342462,398.4776946141564,392.57431911399095,394.65142822265625,456000
2026-06-29 00:00:00-04:00,393.2997857358003,396.0825386260053,391.06365964356115,395.90362548828125,274100
2026-06-30 00:00:00-04:00,397.5335365361168,401.96602697626196,395.6551760178707,399.9187316894531,282600
2026-07-01 00:00:00-04:00,397.5136649468057,403.79467168159573,393.2699750957155,400.7933044433594,302500
2026-07-02 00:00:00-04:00,402.78097473467096,409.787491127467,400.20694874602873,409.5489807128906,415400
2026-07-06 00:00:00-04:00,409.59869488275234,412.0633834042035,406.3687348908683,411.0695495605469,382500
2026-07-07 00:00:00-04:00,410.0856632145538,410.1751046208355,403.26794728486067,406.2196350097656,261300
2026-07-08 00:00:00-04:00,402.35364752270823,404.3115014558299,394.14457006768004,398.6366882324219,297500
2026-07-09 00:00:00-04:00,401.1511104682022,402.27411724395307,396.7583514986428,397.5633544921875,412700
2026-07-10 00:00:00-04:00,396.99685951320674,402.9996244334993,396.23161837059837,399.4615783691406,194100
2026-07-13 00:00:00-04:00,399.5311629771374,403.1387847706552,396.63910278175047,398.6366882324219,235900
2026-07-14 00:00:00-04:00,403.50647406873264,406.35877224482766,400.2367523483648,402.1250305175781,328000
2026-07-15 00:00:00-04:00,400.9324516214924,402.6815785146449,399.13358451047014,401.2107238769531,261100
2026-07-16 00:00:00-04:00,400.23675998561004,412.8385656317485,399.7994706754183,412.4112243652344,286700
2026-07-17 00:00:00-04:00,409.44958332572185,417.0921677817576,406.3488266787364,408.45574951171875,461700
2026-07-20 00:00:00-04:00,408.89306484483626,408.89306484483626,401.439310765335,404.0232849121094,392100
2026-07-21 00:00:00-04:00,405.9910810423628,408.9030069816295,399.8193509165281,401.5088806152344,550100
2026-07-22 00:00:00-04:00,402.18466380740085,407.0147119536035,402.0455428436097,403.6654968261719,469600
2026-07-23 00:00:00-04:00,400.713806183453,415.16412801074756,391.91837085825364,392.9718322753906,682700
2026-07-24 00:00:00-04:00,396.5993161613996,403.14867730284,390.0002754614239,401.62811279296875,527200
2026-07-27 00:00:00-04:00,401.41943982687906,405.3152515910319,401.1312195139577,404.9078063964844,352900
2026-07-28 00:00:00-04:00,407.65074915455517,418.31459696555913,407.65074915455517,416.7244567871094,392000
2026-07-29 00:00:00-04:00,413.5243045093784,416.43623028056686,409.05205238442926,412.2720642089844,431200
2026-07-30 00:00:00-04:00,414.36907332069137,414.36907332069137,403.9834978204706,406.5277099609375,322500
2026-07-31 00:00:00-04:00,406.8259025332075,410.50306967068025,405.5339002989039,407.8793640136719,384900
2026-08-03 00:00:00-04:00,409.0918409701583,414.5579272579556,406.05071175275424,406.8855285644531,346100
2026-08-04 00:00:00-04:00,407.4718665846231,417.69842509430856,403.4269556543487,415.76043701171875,560300
2026-08-05 00:00:00-04:00,416.88347558529614,418.5630571750899,413.8224807507059,416.2673034667969,343200
2026-08-06 00:00:00-04:00,420.3917213230211,420.41158708156735,410.8310444756605,412.1230163574219,301000
2026-08-07 00:00:00-04:00,409.77756578341865,414.33925935366693,408.9824805339651,413.78271484375,392200
2026-08-10 00:00:00-04:00,413.25599139397013,415.6710003272153,407.4122436077954,408.57501220703125,228300
2026-08-11 00:00:00-04:00,409.1117025071815,413.9019889926565,408.8334302394868,409.24090576171875,293300
2026-08-12 00:00:00-04:00,409.4297411413069,409.4297411413069,402.5424796927816,405.9215087890625,271100
2026-08-13 00:00:00-04:00,407.13396209736885,410.1254115697988,400.03797413841426,402.1349792480469,203800
2026-08-14 00:00:00-04:00,401.0616461941702,402.6021068906477,396.0030354342958,401.07159423828125,184200
2026-08-17 00:00:00-04:00,398.70624035265973,402.28404813217014,398.05030639896603,398.7460021972656,251300
2026-08-18 00:00:00-04:00,399.6702815108791,399.95850182307265,393.2203094523362,393.2699890136719,366500
2026-08-19 00:00:00-04:00,395.57000732421875,398.0,393.1600036621094,393.92999267578125,349700
2026-08-20 00:00:00-04:00,391.95001220703125,394.3900146484375,390.32000732421875,391.2699890136719,248600
2026-08-21 00:00:00-04:00,394.5899963378906,396.239990234375,391.2300109863281,393.3900146484375,285100
2026-08-24 00:00:00-04:00,395.6300048828125,399.29998779296875,391.7200012207031,394.489990234375,270800
2026-08-25 00:00:00-04:00,398.0,398.0,392.510009765625,394.55999755859375,220200
2026-08-26 00:00:00-04:00,396.0,400.6300048828125,395.0299987792969,397.4800109863281,169900
2026-08-27 00:00:00-04:00,394.489990234375,398.20001220703125,392.6700134277344,395.8399963378906,207700
2026-08-28 00:00:00-04:00,397.7900085449219,399.1199951171875,390.4100036621094,391.8599853515625,192800
2026-08-31 00:00:00-04:00,390.70001220703125,390.760009765625,386.2099914550781,386.30999755859375,418800
