Date,Open,High,Low,Close,Volume
2017-01-03 00:00:00-05:00,25.672396035091932,25.749406653419115,24.99330798482082,25.168331146240234,1863000
2017-01-04 00:00:00-05:00,25.22433473462788,25.609387789100303,25.021309916663892,25.42036247253418,1815400
2017-01-05 00:00:00-05:00,25.294340630287145,25.546374336241826,24.92328982068021,25.50436782836914,2907400
2017-01-06 00:00:00-05:00,25.472606844350434,25.82551078916413,25.387910651479306,25.712581634521484,1415400
2017-01-09 00:00:00-05:00,25.75492548965128,25.839621664147586,25.430251884603567,25.444368362426758,1370300
2017-01-10 00:00:00-05:00,25.366732487153303,25.423198406028952,25.211456595131676,25.21851348876953,889400
2017-01-11 00:00:00-05:00,25.197339046149427,25.267918749305693,25.020887095815667,25.070293426513672,1383400
2017-01-12 00:00:00-05:00,25.091472397545594,25.380853552963856,24.85855717120587,25.35968017578125,1296300
2017-01-13 00:00:00-05:00,25.267923832651007,25.394969477845525,25.14087818745649,25.147937774658203,788900
2017-01-17 00:00:00-05:00,25.197344668346002,25.430259894685726,25.183228186076366,25.35968017578125,1268200
2017-01-18 00:00:00-05:00,25.394969456508846,25.613770888036374,25.289099880564788,25.458492279052734,813400
2017-01-19 00:00:00-05:00,25.338506248664473,25.43025934276019,25.1338212988627,25.20440101623535,1061800
2017-01-20 00:00:00-05:00,25.380852974560913,25.550248065492486,25.253807329473137,25.458492279052734,1513900
2017-01-23 00:00:00-05:00,25.451427947559775,25.500834273719523,25.27497601343415,25.444368362426758,1607900
2017-01-24 00:00:00-05:00,25.465555052874436,25.627890576924045,25.18323076347444,25.28204345703125,1647200
2017-01-25 00:00:00-05:00,25.253804004851272,25.331443299122007,24.87266981220727,24.886783599853516,1615600
2017-01-26 00:00:00-05:00,24.978546404835157,25.03501234108651,24.696224800910493,24.710338592529297,1951600
2017-01-27 00:00:00-05:00,24.851495468437147,24.865611949505155,24.477418143687032,24.64681053161621,1825400
2017-01-30 00:00:00-05:00,25.133822337280826,25.133822337280826,24.40684098702108,24.456247329711914,2128600
2017-01-31 00:00:00-05:00,24.583293526118894,25.22557868780698,24.583293526118894,24.66798973083496,3500300
2017-02-01 00:00:00-05:00,24.583286553844825,24.71738906431496,24.308019254811846,24.336252212524414,2430300
2017-02-02 00:00:00-05:00,24.336260802470363,24.74563075646839,24.336260802470363,24.68210792541504,2999600
2017-02-03 00:00:00-05:00,24.84444147567161,24.8656148535247,24.357432245500316,24.46330451965332,2387800
2017-02-06 00:00:00-05:00,24.442123349326902,24.604458810148042,24.28684478139237,24.533876419067383,1114900
2017-02-07 00:00:00-05:00,24.625637156235932,24.731509418024263,24.45624476830675,24.64681053161621,1403900
2017-02-08 00:00:00-05:00,24.65387168188651,25.20440101623535,24.583291964513858,25.20440101623535,2734200
2017-02-09 00:00:00-05:00,25.16911029955027,25.204400157033586,24.95030887524404,24.9856014251709,1062900
2017-02-10 00:00:00-05:00,24.900904978334697,25.232635594586807,24.823265668791112,25.197345733642578,765600
2017-02-13 00:00:00-05:00,25.211464090159794,25.211464090159794,24.58329536435973,24.922082901000977,1718900
2017-02-14 00:00:00-05:00,24.886786442199107,24.99265870874067,24.54799895868713,24.957368850708008,1212800
2017-02-15 00:00:00-05:00,24.85149374585135,24.98559896048017,24.533879674945283,24.886783599853516,1160200
2017-02-16 00:00:00-05:00,24.780919973913562,25.084417637430484,24.759746594929005,25.035011291503906,1164200
2017-02-17 00:00:00-05:00,25.147941983537372,25.204405228382875,24.900907546561562,25.119709014892578,1183400
2017-02-21 00:00:00-05:00,25.01383853988366,25.437325022886856,24.978548672744463,25.373802185058594,920800
2017-02-22 00:00:00-05:00,25.451439165732054,25.493785925423868,25.013836237660417,25.183231353759766,1087200
2017-02-23 00:00:00-05:00,25.28204368977947,25.599657845167453,25.23969423824641,25.54319190979004,1367500
2017-02-24 00:00:00-05:00,25.522010418969696,25.578476336401398,25.366731838475644,25.550243377685547,765900
2017-02-27 00:00:00-05:00,25.606715368170946,25.81140035026238,25.564368608044482,25.66318130493164,796100
2017-02-28 00:00:00-05:00,25.677287692067967,25.825506679114707,25.514952226382064,25.76198387145996,1578000
2017-03-01 00:00:00-05:00,25.557305226385253,25.86080286031722,25.409086203053917,25.719640731811523,1499500
2017-03-02 00:00:00-05:00,25.719642441470516,25.81139823496504,25.5502500299586,25.677295684814453,1286400
2017-03-03 00:00:00-05:00,25.56436502914388,25.56436502914388,25.020892579904235,25.3385066986084,1751500
2017-03-06 00:00:00-05:00,25.24675392436178,25.543192008911575,25.190287988765245,25.507902145385742,1188900
2017-03-07 00:00:00-05:00,25.479664885888297,25.571420669555664,25.274982634936777,25.571420669555664,1080900
2017-03-08 00:00:00-05:00,25.66317637882612,25.691409341787086,25.296155937664185,25.352619171142578,1328200
2017-03-09 00:00:00-05:00,25.373795174896085,25.47966474706449,24.81620627383448,24.82326316833496,1602000
2017-03-10 00:00:00-05:00,24.823258558380726,25.359673983879066,24.51270410160587,24.625633239746094,1416600
2017-03-13 00:00:00-04:00,24.71033390836916,24.90090236842674,24.65387067526517,24.80208969116211,1203100
2017-03-14 00:00:00-04:00,24.872670275832412,24.872670275832412,24.68210182973659,24.76679801940918,1043800
2017-03-15 00:00:00-04:00,24.837380535561795,25.571421442192573,24.689161513773936,25.458492279052734,1347400
2017-03-16 00:00:00-04:00,25.352620010665046,25.649060746684395,25.338506221160742,25.458492279052734,1505800
2017-03-17 00:00:00-04:00,25.458499699388092,25.642011325755348,25.37380347545789,25.52907943725586,1996000
2017-03-20 00:00:00-04:00,25.550251991508116,25.606715235532285,25.402032946945127,25.47966957092285,995500
2017-03-21 00:00:00-04:00,25.52907943725586,25.634951736501925,25.47261618545053,25.52907943725586,1139400
2017-03-22 00:00:00-04:00,25.64906419376561,25.64906419376561,25.289103279269405,25.48672866821289,1962800
2017-03-23 00:00:00-04:00,25.43731359393368,25.846680715219932,25.366731198923592,25.684345245361328,1314100
2017-03-24 00:00:00-04:00,25.776102733414014,25.917264840414827,25.663173586302015,25.698463439941406,981300
2017-03-27 00:00:00-04:00,25.63493993149999,25.754928661553155,25.289095605788575,25.465547561645508,1414200
2017-03-28 00:00:00-04:00,25.43025675200611,25.62788478691435,25.1479352188339,25.592592239379883,1265100
2017-03-29 00:00:00-04:00,25.536135507391062,25.57142537146167,25.274987282335694,25.47966957092285,1411000
2017-03-30 00:00:00-04:00,25.42320734580821,25.550253015509366,25.183232491088702,25.514963150024414,949800
2017-03-31 00:00:00-04:00,25.486722674106566,25.684348016571448,25.43025675200611,25.592592239379883,1425800
2017-04-03 00:00:00-04:00,25.592587340906004,25.67728620784515,25.303206276637688,25.444368362426758,890800
2017-04-04 00:00:00-04:00,25.409089351934664,25.82551620178913,25.338509625156885,25.54319190979004,874800
2017-04-05 00:00:00-04:00,25.52907552501244,25.59259835633654,25.16205771341098,25.507902145385742,1205800
2017-04-06 00:00:00-04:00,25.450948051212627,25.72859432270765,25.365519055923112,25.65740394592285,918900
2017-04-07 00:00:00-04:00,25.700119865455992,25.821146777967126,25.614690860926366,25.7357177734375,952300
2017-04-10 00:00:00-04:00,25.714356952016967,25.935051475941325,25.636045904310294,25.885217666625977,808600
2017-04-11 00:00:00-04:00,25.8780938218463,26.0703110837789,25.79978549949325,25.999120712280273,917100
2017-04-12 00:00:00-04:00,25.984876964951045,26.0703059370319,25.757064562243396,25.771303176879883,1315600
2017-04-13 00:00:00-04:00,25.771308799071893,25.842499172046942,25.6218073863811,25.65028190612793,1029500
2017-04-17 00:00:00-04:00,25.764184717136164,26.098785400390625,25.69299435359782,26.098785400390625,1263600
2017-04-18 00:00:00-04:00,26.070307413155696,26.269645313615122,26.006235001532705,26.162857055664062,824300
2017-04-19 00:00:00-04:00,26.14150417101612,26.205576591660318,25.956404859937944,25.999120712280273,918000
2017-04-20 00:00:00-04:00,25.963522356587294,25.970640306572673,25.685876139607064,25.81401824951172,1146900
2017-04-21 00:00:00-04:00,25.7641827871888,25.906566219338103,25.664515199405717,25.77842140197754,891500
2017-04-24 00:00:00-04:00,25.956407303409264,25.99200249250942,25.223136088138453,25.60757064819336,1636300
2017-04-25 00:00:00-04:00,25.685872947951143,26.433382527492494,25.5506074733923,26.383548736572266,2470300
2017-04-26 00:00:00-04:00,26.326603040196897,26.725276215943133,26.155745047547676,26.46898651123047,2726700
2017-04-27 00:00:00-04:00,26.46898041153151,26.63983836480702,26.21981143144714,26.362192153930664,1552900
2017-04-28 00:00:00-04:00,26.355069552836145,26.589999876062922,26.205568191170222,26.582881927490234,2004700
2017-05-01 00:00:00-04:00,26.568648667908107,26.91036729874192,26.48321968913422,26.775104522705078,1603400
2017-05-02 00:00:00-04:00,26.782220161826725,26.87476979836018,26.547289811534775,26.646957397460938,968100
2017-05-03 00:00:00-04:00,26.718151713834693,26.718151713834693,26.433387528379054,26.490339279174805,1454500
2017-05-04 00:00:00-04:00,26.362187451581434,26.817812200028435,26.241163315910452,26.782217025756836,1660000
2017-05-05 00:00:00-04:00,26.832059213496855,27.05275370825641,26.760868842665293,27.038515090942383,1541000
2017-05-08 00:00:00-04:00,27.109716083279007,27.131072657608794,26.775115268169138,27.002927780151367,2037400
2017-05-09 00:00:00-04:00,26.98156500960047,27.0598733360729,26.6683208407558,26.732393264770508,1544000
2017-05-10 00:00:00-04:00,26.732395160417298,26.981566922916524,26.654084112652942,26.71103858947754,1452200
2017-05-11 00:00:00-04:00,26.490337639141096,26.832056269974913,26.426265226126116,26.775104522705078,1106700
2017-05-12 00:00:00-04:00,26.80357769926331,26.89612461404323,26.73950529594144,26.81069564819336,897700
2017-05-15 00:00:00-04:00,26.817824021252164,27.01716197336864,26.767990212157773,26.91037368774414,1042400
2017-05-16 00:00:00-04:00,26.94596387857396,26.96020249506488,26.74662867917793,26.8035831451416,1082900
2017-05-17 00:00:00-04:00,26.832063546609607,27.045640125071937,26.547299301558176,26.6256103515625,2629800
2017-05-18 00:00:00-04:00,26.654081312587206,27.045636510275322,26.504579900236457,26.953086853027344,1586800
2017-05-19 00:00:00-04:00,26.9602069732466,27.059874589499742,26.803587597308315,26.93885040283203,1379000
2017-05-22 00:00:00-04:00,26.995804187326723,27.17378286276766,26.8890186115056,27.12394905090332,1122000
2017-05-23 00:00:00-04:00,27.23072626138131,27.465659320916075,27.19513108392579,27.25208282470703,1457400
2017-05-24 00:00:00-04:00,27.301917515675346,27.4015878178673,27.13817752139564,27.330394744873047,797600
2017-05-25 00:00:00-04:00,27.444305542987763,27.501260010923332,27.12394345019646,27.266326904296875,816500
2017-05-26 00:00:00-04:00,27.309045778955596,27.479903770202995,27.252091304713925,27.287689208984375,749000
2017-05-30 00:00:00-04:00,27.259210340332217,27.437188988076763,27.216494487207612,27.2948055267334,896300
2017-05-31 00:00:00-04:00,27.35175878943665,27.529737446991252,27.344640838059536,27.487024307250977,1763000
2017-06-01 00:00:00-04:00,27.45854617885858,27.51550065098172,27.259210957905,27.38735580444336,1841600
2017-06-02 00:00:00-04:00,27.515497904343324,28.063669707246333,27.515497904343324,28.013835906982422,1409500
2017-06-05 00:00:00-04:00,27.92840428754076,28.405388393861692,27.8358546461821,28.376911163330078,1325500
2017-06-06 00:00:00-04:00,28.369794595141915,28.398271829786363,28.049435210476894,28.063671112060547,1244100
2017-06-07 00:00:00-04:00,28.099261817975172,28.597599717952832,28.006712186948803,28.469457626342773,1950600
2017-06-08 00:00:00-04:00,28.469470130595006,28.55489913443614,28.03520172781573,28.43387222290039,967600
2017-06-09 00:00:00-04:00,28.426749532851964,28.683039217398026,28.270127455465232,28.63320541381836,1083500
2017-06-12 00:00:00-04:00,28.163338631378263,28.512175215982385,28.163338631378263,28.28436279296875,1272900
2017-06-13 00:00:00-04:00,28.312845989881676,28.455229463197885,28.02807904324926,28.2274169921875,1743200
2017-06-14 00:00:00-04:00,28.476589626118354,28.540662061406692,28.177586738598936,28.263015747070312,1083400
2017-06-15 00:00:00-04:00,28.206051398902673,28.668796904772716,28.170456217467652,28.476579666137695,969700
2017-06-16 00:00:00-04:00,28.55489897486259,28.704400409683878,28.519303783105954,28.61185073852539,1748700
2017-06-19 00:00:00-04:00,28.66167764865566,28.982039728803123,28.618964515128265,28.825420379638672,970000
2017-06-20 00:00:00-04:00,28.868132262425856,28.90372744406929,28.34131705633117,28.66167640686035,985700
2017-06-21 00:00:00-04:00,28.67591820192026,28.683038868481372,28.319960914544932,28.547773361206055,900300
2017-06-22 00:00:00-04:00,28.483702323500204,28.56201336504231,28.092149831528378,28.213176727294922,1516200
2017-06-23 00:00:00-04:00,28.241640090942383,28.433857285409523,28.163331796074413,28.241640090942383,1769100
2017-06-26 00:00:00-04:00,28.327078640685666,28.462341418181797,28.15621796555629,28.28436279296875,1289300
2017-06-27 00:00:00-04:00,28.16333141568152,28.284355546264546,27.828730816972396,27.914159774780273,1355100
2017-06-28 00:00:00-04:00,27.978233130896356,28.063662091631922,27.743302809939134,27.793136596679688,1484600
2017-06-29 00:00:00-04:00,27.650768971553,27.95689253101237,27.501267525976814,27.907058715820312,1444400
2017-06-30 00:00:00-04:00,27.935535865304892,28.113514552042787,27.69348474271179,27.743318557739258,1337400
2017-07-03 00:00:00-04:00,27.84298767207465,28.01384569963731,27.636531732675326,27.97825050354004,512600
2017-07-05 00:00:00-04:00,27.98536138950193,28.270125574475923,27.885691073235673,28.013835906982422,1346600
2017-07-06 00:00:00-04:00,27.92773388618102,27.97796614406881,27.267572908615,27.31780242919922,1508200
2017-07-07 00:00:00-04:00,27.36085435272024,27.540246259265448,27.281921475871822,27.389554977416992,1322900
2017-07-10 00:00:00-04:00,27.44696118991928,27.547420217743934,27.145584106445312,27.145584106445312,1170000
2017-07-11 00:00:00-04:00,27.231686958932897,27.267564786191016,26.815496498290972,27.088172912597656,906500
2017-07-12 00:00:00-04:00,27.332142133783282,27.49718230584748,27.21015425346482,27.267560958862305,1082600
2017-07-13 00:00:00-04:00,27.26757377074658,27.317803292918924,27.10253352113692,27.124059677124023,720700
2017-07-14 00:00:00-04:00,27.260386758246423,27.439778608429584,27.217331728773598,27.38237190246582,1251000
2017-07-17 00:00:00-04:00,27.368028828033243,27.71246096016726,27.35367714703142,27.6622314453125,688400
2017-07-18 00:00:00-04:00,27.633529524597762,27.82727312227264,27.418259772949035,27.70528793334961,1560200
2017-07-19 00:00:00-04:00,27.748333553140483,28.078416679232514,27.72680740435506,28.071239471435547,879400
2017-07-20 00:00:00-04:00,28.085594233695073,28.286512277228354,28.042541931396826,28.178878784179688,1312000
2017-07-21 00:00:00-04:00,28.178877580778032,28.308039956762883,28.028189054563345,28.250633239746094,1167200
2017-07-24 00:00:00-04:00,28.250640145101965,28.293695193388583,28.021018695513863,28.085599899291992,1562500
2017-07-25 00:00:00-04:00,28.2004091527976,28.2004091527976,27.726814595567845,27.755517959594727,840500
2017-07-26 00:00:00-04:00,27.74833406710642,28.257809075320996,27.60482275614177,28.121469497680664,828200
2017-07-27 00:00:00-04:00,27.554599886013452,27.884680360412247,27.26757172035153,27.755517959594727,2014600
2017-07-28 00:00:00-04:00,27.820088762609025,28.308034819488764,27.755507586336634,28.214750289916992,1441300
2017-07-31 00:00:00-04:00,28.221932454862905,28.257810284138856,27.942078816983493,28.049715042114258,1365000
2017-08-01 00:00:00-04:00,28.11429147259523,28.25780550271836,27.977954649494606,28.056884765625,1134700
2017-08-02 00:00:00-04:00,27.956434760015227,28.121474989698545,27.84880125577132,28.006664276123047,969800
2017-08-03 00:00:00-04:00,27.877496198984897,28.22910547737531,27.7483338303764,27.827266693115234,1166200
2017-08-04 00:00:00-04:00,27.827275219889934,28.021018832169187,27.70529002177167,27.726816177368164,1162900
2017-08-07 00:00:00-04:00,27.733989294475755,27.87750062701122,27.63352752947644,27.791393280029297,700000
2017-08-08 00:00:00-04:00,27.66222179884771,27.81291029086337,27.554588334823226,27.733980178833008,1885200
2017-08-09 00:00:00-04:00,27.82726702547843,27.977958282190016,27.626348999600054,27.85597038269043,1154800
2017-08-10 00:00:00-04:00,27.82726971893066,27.934905950242555,27.741162376262984,27.84162139892578,852100
2017-08-11 00:00:00-04:00,27.8774996859662,27.8774996859662,27.561770932821563,27.604825973510742,721300
2017-08-14 00:00:00-04:00,27.726819783389427,28.028199687454425,27.66223857089721,27.992319107055664,770900
2017-08-15 00:00:00-04:00,27.956430825948665,28.09277041102972,27.784216148471366,28.078418731689453,1230700
2017-08-16 00:00:00-04:00,28.26497292529339,28.358257432210696,27.877485961761597,27.934892654418945,1278800
2017-08-17 00:00:00-04:00,27.94207795167554,28.21475437287379,27.85597061661924,28.15017318725586,1138700
2017-08-18 00:00:00-04:00,28.099942572134385,28.121468720723787,27.877495666600602,27.95642852783203,837200
2017-08-21 00:00:00-04:00,28.04253865386669,28.336741213499046,27.956428584728393,28.22910499572754,908400
2017-08-22 00:00:00-04:00,28.229115795390005,28.38698157856914,28.049723855342357,28.171709060668945,1065100
2017-08-23 00:00:00-04:00,28.20757884709433,28.351090154386036,28.128645985702256,28.22910499572754,1131300
2017-08-24 00:00:00-04:00,28.315221348880094,28.379802552658223,28.028195905546763,28.085599899291992,2408900
2017-08-25 00:00:00-04:00,28.150166996903135,28.229099843889887,27.94924901352029,28.013830184936523,1538200
2017-08-28 00:00:00-04:00,28.0209999561032,28.06405497559621,27.798555865310398,27.934892654418945,1492900
2017-08-29 00:00:00-04:00,27.977967173315164,28.08560069111083,27.74116850701808,27.784223556518555,1143400
2017-08-30 00:00:00-04:00,27.726808424142064,27.848796325452554,27.56176822367727,27.798566818237305,1474700
2017-08-31 00:00:00-04:00,27.855970382690426,27.96360660358402,27.769863048357237,27.85597038269043,2049600
2017-09-01 00:00:00-04:00,27.89902844883066,28.021013624277167,27.805743896410736,27.870325088500977,992100
2017-09-05 00:00:00-04:00,27.863147575082156,28.0712400714959,27.762685824896273,28.035362243652344,1585100
2017-09-06 00:00:00-04:00,28.08559459569821,28.20758250748936,27.970783892584645,28.02819061279297,1105000
2017-09-07 00:00:00-04:00,28.085594473885205,28.329567559106255,27.94925761993638,28.293689727783203,1271600
2017-09-08 00:00:00-04:00,28.308047026967696,28.487438956495623,28.257817505684166,28.379802703857422,2095600
2017-09-11 00:00:00-04:00,28.437200799328444,28.60941546648663,28.35109072844657,28.552011489868164,1335900
2017-09-12 00:00:00-04:00,28.523308285368955,28.523308285368955,27.949254829601962,28.121469497680664,1970000
2017-09-13 00:00:00-04:00,28.128651733150583,28.164529567304328,27.69810951139581,27.777042388916016,1395100
2017-09-14 00:00:00-04:00,27.76267832615112,27.977950709672637,27.66221934040218,27.949247360229492,1257200
2017-09-15 00:00:00-04:00,28.013825488171914,28.049703302431872,27.76267531374867,27.934892654418945,2298800
2017-09-18 00:00:00-04:00,27.94207079125971,28.013829166503562,27.76267895910326,27.927719116210938,1000800
2017-09-19 00:00:00-04:00,27.89902264471599,27.95642661612993,27.533061719904804,27.59764289855957,1291700
2017-09-20 00:00:00-04:00,27.61918305509069,27.777046093883964,27.482843434896566,27.576128005981445,1252100
2017-09-21 00:00:00-04:00,27.590473811383458,27.647877793996624,27.37520408630371,27.37520408630371,942500
2017-09-22 00:00:00-04:00,27.44695378947186,27.482831612977993,27.217332434269625,27.274736404418945,705400
2017-09-25 00:00:00-04:00,27.30343871444162,27.439778270776667,27.246034746486625,27.353668212890625,1242000
2017-09-26 00:00:00-04:00,27.353686138284775,27.446970726807983,27.310633818431114,27.32498550415039,1001200
2017-09-27 00:00:00-04:00,27.310627226856653,27.310627226856653,27.016424583879395,27.152761459350586,992000
2017-09-28 00:00:00-04:00,27.174283432918337,27.324974704762372,27.08100161856617,27.30344581604004,1047800
2017-09-29 00:00:00-04:00,27.231692843717912,27.296274041659668,27.073827084903986,27.28909683227539,1253700
2017-10-02 00:00:00-04:00,27.317803652737396,27.353681492289688,27.102533878119953,27.246047973632812,1135400
2017-10-03 00:00:00-04:00,27.25321657887331,27.303446090892603,27.03794685060447,27.23886489868164,1115700
2017-10-04 00:00:00-04:00,27.224506985191876,27.611994049738968,27.20298083848453,27.547412872314453,787800
2017-10-05 00:00:00-04:00,27.798571046178207,27.956434062591757,27.583298568454094,27.6622314453125,1330600
2017-10-06 00:00:00-04:00,27.560948886781045,27.626053603437718,27.16308795587601,27.604352951049805,993700
2017-10-09 00:00:00-04:00,27.57542514683692,27.814143432396897,27.55372448796556,27.749038696289062,1160100
2017-10-10 00:00:00-04:00,27.806910167967956,28.02392781126593,27.77797687375633,27.951587677001953,1418500
2017-10-11 00:00:00-04:00,27.97327954228163,28.06732030750988,27.900942190255652,27.92987823486328,1116900
2017-10-12 00:00:00-04:00,27.937103914275323,28.168586694546967,27.908170636360673,28.161354064941406,1047300
2017-10-13 00:00:00-04:00,28.29157838028354,28.334979699769367,28.13966824309542,28.212005615234375,1100400
2017-10-16 00:00:00-04:00,28.183072446555133,28.269880613397593,27.966057548437277,28.038394927978516,969000
2017-10-17 00:00:00-04:00,27.973281754707738,28.089025942292547,27.886476373512448,28.045621871948242,934900
2017-10-18 00:00:00-04:00,28.009455252677252,28.06732459123161,27.835841718027133,27.886478424072266,736000
2017-10-19 00:00:00-04:00,27.922649770101888,27.937117795994457,27.741803585685442,27.86478042602539,1128200
2017-10-20 00:00:00-04:00,27.864770982632276,27.900939655359217,27.640520796536688,27.792430877685547,1373300
2017-10-23 00:00:00-04:00,27.87924579156304,27.89371381607501,27.741800938446087,27.886478424072266,985500
2017-10-24 00:00:00-04:00,27.756273508798348,27.951587732457646,27.365647820973717,27.51032257080078,1574900
2017-10-25 00:00:00-04:00,27.452448924197995,27.705632456245237,27.43798089958193,27.640527725219727,1656400
2017-10-26 00:00:00-04:00,27.799675491288856,27.799675491288856,27.56095720500209,27.669466018676758,1553500
2017-10-27 00:00:00-04:00,27.676703452858685,27.900953752256257,27.54649671715359,27.8575496673584,1465300
2017-10-30 00:00:00-04:00,27.8575472720972,27.987756756100797,27.80691055715069,27.893718719482422,1930200
2017-10-31 00:00:00-04:00,27.82137465258894,28.067325558783946,27.61159242917393,28.06009292602539,1462300
2017-11-01 00:00:00-04:00,28.110723439851537,28.342206270030502,28.009450046584863,28.284334182739258,1558400
2017-11-02 00:00:00-04:00,28.32051147636218,28.363912791317045,27.466917328664604,27.582658767700195,2371900
2017-11-03 00:00:00-04:00,27.423514932735156,27.98775413763252,27.380110855630072,27.828611373901367,2348800
2017-11-06 00:00:00-05:00,27.864770013270572,28.327735630852565,27.864770013270572,28.132421493530273,1815100
2017-11-07 00:00:00-05:00,28.190302472763733,28.457954037498347,28.175834447711374,28.421785354614258,1508000
2017-11-08 00:00:00-05:00,28.465182136927655,28.978787286262286,28.44348148255196,28.9715518951416,2409300
2017-11-09 00:00:00-05:00,28.906454107845512,29.159640427444305,28.73284331220036,28.812416076660156,1882600
2017-11-10 00:00:00-05:00,28.653266047820125,29.036659024195,28.653266047820125,28.74730682373047,1123700
2017-11-13 00:00:00-05:00,28.77624539359666,29.043899746504547,28.76177736699402,28.891986846923828,1540700
2017-11-14 00:00:00-05:00,28.87750500632403,29.000481793871643,28.725594938905736,28.928144454956055,1044300
2017-11-15 00:00:00-05:00,28.92815511183913,29.174106018047954,28.472421982203496,28.501358032226562,1260200
2017-11-16 00:00:00-05:00,28.47965728475798,28.6894395278506,28.414552545849716,28.580930709838867,1645700
2017-11-17 00:00:00-05:00,28.50858397414159,28.64602604025366,28.219229060808537,28.334970474243164,4300100
2017-11-20 00:00:00-05:00,28.32050129835725,28.573684742915162,28.248161200274573,28.494112014770508,1805800
2017-11-21 00:00:00-05:00,28.53752086336216,28.841341047824884,28.450715490586106,28.754535675048828,1878600
2017-11-22 00:00:00-05:00,28.66773339585117,28.78347482520676,28.46518382485888,28.689434051513672,1174600
2017-11-24 00:00:00-05:00,28.740066967931966,28.790703664135403,28.660494228328574,28.69666290283203,372600
2017-11-27 00:00:00-05:00,28.667727353603723,28.740064696894546,28.55198594864275,28.573686599731445,874900
2017-11-28 00:00:00-05:00,28.544760503619912,28.617100631606817,28.37114971543879,28.523059844970703,1428600
2017-11-29 00:00:00-05:00,28.24093309212802,28.544753274244957,27.98774684753755,28.472415924072266,1781300
2017-11-30 00:00:00-05:00,28.53028408947777,28.559220132164686,28.29880126696828,28.450714111328125,1927200
2017-12-01 00:00:00-05:00,28.544752171218825,28.769002363277536,28.226463979468036,28.37114143371582,1417900
2017-12-04 00:00:00-05:00,28.45072140471898,28.52305877048716,28.327744571520725,28.421785354614258,1210300
2017-12-05 00:00:00-05:00,28.486890039368188,28.486890039368188,28.04562493424603,28.067325592041016,1247500
2017-12-06 00:00:00-05:00,28.110725437168863,28.24093488333277,27.966047968154164,28.117958068847656,912500
2017-12-07 00:00:00-05:00,28.14689291954094,28.219230271230522,28.009450847533497,28.08902359008789,1196300
2017-12-08 00:00:00-05:00,28.117965972133252,28.306047562565542,27.973288462453176,28.233707427978516,1213400
2017-12-11 00:00:00-05:00,28.43625000777584,28.479651318292895,28.24816846389096,28.37837791442871,1279300
2017-12-12 00:00:00-05:00,28.30604163710714,28.515821084760294,28.2264688854658,28.479652404785156,1497500
2017-12-13 00:00:00-05:00,28.523062447338663,28.602635215637406,28.11073333842154,28.233707427978516,2136500
2017-12-14 00:00:00-05:00,28.168592767649773,28.32773824820769,28.089022786863822,28.284334182739258,1220700
2017-12-15 00:00:00-05:00,28.436247248985918,28.551988664958042,28.327738464233857,28.472415924072266,3684300
2017-12-18 00:00:00-05:00,28.48688779647622,28.66049856415424,28.40731504483488,28.479652404785156,1532300
2017-12-19 00:00:00-05:00,28.465186239949006,28.58092767912452,27.49585065204397,27.58989143371582,1982400
2017-12-20 00:00:00-05:00,27.546494017751517,27.756273508798348,27.45245322276875,27.51032257080078,1652200
2017-12-21 00:00:00-05:00,27.604359711949314,27.626060369652187,27.25713539123535,27.25713539123535,1055700
2017-12-22 00:00:00-05:00,27.351169474881033,27.662225036741482,27.28606475822436,27.604352951049805,1244900
2017-12-26 00:00:00-05:00,27.633294198979993,27.7490356326718,27.517552765288183,27.72733497619629,704700
2017-12-27 00:00:00-05:00,27.814143432396897,27.86478014275924,27.640529882944755,27.749038696289062,826500
2017-12-28 00:00:00-05:00,27.8213770795846,27.966054582819112,27.67669957635009,27.937118530273438,1041700
2017-12-29 00:00:00-05:00,27.95158582188703,27.95158582188703,27.777975030163756,27.86478042602539,1064900
2018-01-02 00:00:00-05:00,27.900945523442733,27.95158222780885,27.532020568847656,27.532020568847656,1290600
2018-01-03 00:00:00-05:00,27.560956007125565,27.792438890709782,27.560956007125565,27.734569549560547,1090900
2018-01-04 00:00:00-05:00,27.647761893481693,27.720099253866543,27.097988020380523,27.17032814025879,1201500
2018-01-05 00:00:00-05:00,27.177561253481247,27.199261910082072,26.967779041361723,27.134157180786133,1325800
2018-01-08 00:00:00-05:00,27.206497192382816,27.416279403657533,27.134157071515606,27.206497192382812,1369300
2018-01-09 00:00:00-05:00,27.199199164126693,27.337783512796324,26.557329393982926,26.94390869140625,1455200
2018-01-10 00:00:00-05:00,26.768852929795997,26.827203204728683,26.331213346879725,26.557327270507812,2372000
2018-01-11 00:00:00-05:00,26.57921561518031,26.70321450509609,26.287458595099555,26.316635131835938,1477800
2018-01-12 00:00:00-05:00,26.28746381187757,26.396871672709587,25.915469850735278,26.03946876525879,1587300
2018-01-16 00:00:00-05:00,26.170758942500353,26.542750100153526,26.15617067206304,26.309343338012695,1783000
2018-01-17 00:00:00-05:00,26.44792398229428,26.47710051903066,26.11240215710895,26.316635131835938,1036100
2018-01-18 00:00:00-05:00,26.20722657628279,26.294753410964248,25.937350546265336,26.170757293701172,1298200
2018-01-19 00:00:00-05:00,26.28746197358209,26.309342987732695,26.11240551309311,26.236404418945312,1491600
2018-01-22 00:00:00-05:00,26.27287327614759,26.542749315186427,26.22910846612994,26.5208683013916,1801900
2018-01-23 00:00:00-05:00,26.6302711227711,27.01685324883796,26.6302711227711,27.009557723999023,1598200
2018-01-24 00:00:00-05:00,26.95121236263184,27.024150929785534,26.725098352570612,26.85638999938965,1749600
2018-01-25 00:00:00-05:00,26.849090216466198,26.929321506329373,26.586506991671065,26.79073715209961,1359700
2018-01-26 00:00:00-05:00,26.87097607933013,26.92932637181196,26.433339147219264,26.630273818969727,1025900
2018-01-29 00:00:00-05:00,26.550038799641126,26.6448583594601,26.280160039588257,26.294748306274414,1459700
2018-01-30 00:00:00-05:00,26.20722753497682,26.41875327708715,26.097816900801682,26.178050994873047,1331300
2018-01-31 00:00:00-05:00,26.229103437011418,26.659447581173602,26.075930804960674,26.644859313964844,2198400
2018-02-01 00:00:00-05:00,26.62298616996739,26.74698230423454,25.74041661129373,25.7550048828125,1791200
2018-02-02 00:00:00-05:00,25.536179375200582,25.820646449194967,25.280891621853115,25.674766540527344,1776900
2018-02-05 00:00:00-05:00,25.521590810166977,25.922758423794207,24.93077850341797,24.93077850341797,2114900
2018-02-06 00:00:00-05:00,24.595258166736482,25.135010178698764,24.296205624317473,25.025602340698242,2343000
2018-02-07 00:00:00-05:00,24.770311684828126,25.419474313662775,24.653608322143555,24.653608322143555,2530300
2018-02-08 00:00:00-05:00,24.580671089222196,25.02560355295573,24.004446987586057,24.01173973083496,2970100
2018-02-09 00:00:00-05:00,24.14302539144118,24.821364425186502,23.98256003784295,24.646310806274414,2601800
2018-02-12 00:00:00-05:00,24.719259617192467,24.78490544715629,23.997158270018648,24.602556228637695,1864200
2018-02-13 00:00:00-05:00,24.515027567686047,24.9016069919453,24.456674486515112,24.79949188232422,2169500
2018-02-14 00:00:00-05:00,24.60254601033284,24.660899071588272,24.281612520709277,24.646310806274414,1301600
2018-02-15 00:00:00-05:00,24.77031311323198,25.127718747179163,24.682786281778142,25.091249465942383,1706300
2018-02-16 00:00:00-05:00,25.149596752081244,25.41217999747121,25.076658198329575,25.24441909790039,2659100
2018-02-20 00:00:00-05:00,25.142305434222518,25.383004901182865,24.938072463776695,24.974544525146484,1794700
2018-02-21 00:00:00-05:00,24.967247811697383,25.032893623640202,24.18679359328136,24.230558395385742,1996500
2018-02-22 00:00:00-05:00,24.303494914065872,24.646312212432697,24.259730115627363,24.391021728515625,1295400
2018-02-23 00:00:00-05:00,24.52961259395944,24.916191967093916,24.41290922947954,24.90160369873047,1028000
2018-02-26 00:00:00-05:00,24.96724951515214,25.069364611268593,24.763019322919238,24.90160369873047,1299400
2018-02-27 00:00:00-05:00,24.87242498891756,24.95265906669269,24.31079200934655,24.493141174316406,1799700
2018-02-28 00:00:00-05:00,24.595264969668342,24.872433795208682,24.515030863485663,24.522323608398438,2199300
2018-03-01 00:00:00-05:00,24.434785714196774,24.938068358576597,24.33996337861431,24.580665588378906,1753100
2018-03-02 00:00:00-05:00,24.500437899220753,24.646317811395072,24.16491604891935,24.347265243530273,1406000
2018-03-05 00:00:00-05:00,24.25973196217239,24.697371632586908,24.099266587205125,24.55878448486328,1475500
2018-03-06 00:00:00-05:00,24.522318932849753,24.792197744449297,24.354558007557763,24.711963653564453,1376900
2018-03-07 00:00:00-05:00,24.595262259123828,24.923488610166384,24.587966732586633,24.908903121948242,1609100
2018-03-08 00:00:00-05:00,24.945363204425256,25.19335814906443,24.835952606156436,25.149593353271484,1053900
2018-03-09 00:00:00-05:00,25.383010661906297,25.703947067260742,25.164192156164432,25.703947067260742,1676700
2018-03-12 00:00:00-04:00,25.689348594419254,25.827932943789435,25.55076146262192,25.762287139892578,1620300
2018-03-13 00:00:00-04:00,25.91546873591733,26.017583847939107,25.75500332378087,25.82794189453125,2055200
2018-03-14 00:00:00-04:00,25.857119901443976,26.032173594138584,25.806062342539025,25.922765731811523,1831000
2018-03-15 00:00:00-04:00,25.973816105147105,26.126988739487256,25.857112748160198,26.017578125,1235200
2018-03-16 00:00:00-04:00,25.995696380996137,26.265572364702322,25.95922710467272,26.229103088378906,2117400
2018-03-19 00:00:00-04:00,26.039459997320417,26.10510580468684,25.711230960488297,26.00299072265625,1558200
2018-03-20 00:00:00-04:00,25.99569620379982,26.170752624357362,25.754996755764033,25.8425235748291,1282900
2018-03-21 00:00:00-04:00,25.8060614010928,26.024879900192353,25.601828390495466,25.740415573120117,985600
2018-03-22 00:00:00-04:00,25.67476870967736,25.988409565961163,25.3538323270085,25.361127853393555,1835500
2018-03-23 00:00:00-04:00,25.346536145318737,25.40488921877253,24.821369613945347,24.90160369873047,2132400
2018-03-26 00:00:00-04:00,25.069366800600566,25.186070175272285,24.88701760377426,25.12771987915039,1366500
2018-03-27 00:00:00-04:00,25.127717046871773,25.67476457569005,24.901603066619607,25.31006622314453,1587800
2018-03-28 00:00:00-04:00,25.455944866971873,26.04675438824524,25.455944866971873,25.966520309448242,1689300
2018-03-29 00:00:00-04:00,26.0321671654368,26.214516340045307,25.85711351597208,25.981109619140625,1498000
2018-04-02 00:00:00-04:00,25.915464973829884,25.973818047901705,25.485120791047216,25.66017723083496,1701800
2018-04-03 00:00:00-04:00,25.703943026244083,26.148872712251173,25.521593836388977,26.032169342041016,1677800
2018-04-04 00:00:00-04:00,25.88628787546481,26.32392474476262,25.806053800193826,26.27286720275879,1763900
2018-04-05 00:00:00-04:00,26.30204851376714,26.353106065045527,26.032169705663826,26.28016471862793,1252200
2018-04-06 00:00:00-04:00,26.348609247818388,26.47372980462877,26.179330806625334,26.28236961364746,1316600
2018-04-09 00:00:00-04:00,26.30445521563681,26.42221427056423,26.149894174871744,26.17933464050293,1304800
2018-04-10 00:00:00-04:00,26.297090679908198,26.45164889535254,26.23821256299479,26.341251373291016,1904600
2018-04-11 00:00:00-04:00,26.304452735228324,26.59884894098777,26.267650752860956,26.311811447143555,1725300
2018-04-12 00:00:00-04:00,26.385410799372824,26.385410799372824,25.87757543001118,25.951173782348633,1907000
2018-04-13 00:00:00-04:00,26.01740920632335,26.149888465140002,25.929090636311155,26.127809524536133,1670900
2018-04-16 00:00:00-04:00,26.21612617229043,26.4958048990182,26.12780760875406,26.333885192871094,1204800
2018-04-17 00:00:00-04:00,26.400135652707835,26.73869543247772,26.319175766406293,26.569414138793945,1121200
2018-04-18 00:00:00-04:00,26.606215129140416,26.65773454437845,26.400134660590716,26.422216415405273,1077700
2018-04-19 00:00:00-04:00,26.304450178187363,26.35596957937702,25.92173262106648,26.039491653442383,1390800
2018-04-20 00:00:00-04:00,26.113097025662068,26.149896206761742,25.789260301348357,25.870220184326172,1175300
2018-04-23 00:00:00-04:00,25.943815098728646,26.01005473894418,25.723017233875925,25.848134994506836,902600
2018-04-24 00:00:00-04:00,25.81869938649334,26.039497268863652,25.752459741022506,25.892297744750977,1039100
2018-04-25 00:00:00-04:00,25.79661967261238,26.09101874411513,25.71565978756924,25.936460494995117,1235300
2018-04-26 00:00:00-04:00,26.039493654167632,26.495809588735355,25.73773593504425,26.341251373291016,1147300
2018-04-27 00:00:00-04:00,26.3486115180326,26.83436794127353,26.26029293406075,26.723970413208008,1247400
2018-04-30 00:00:00-04:00,26.812294101697116,26.863813519455377,26.606216430664062,26.606216430664062,1393800
2018-05-01 00:00:00-04:00,26.606206723981185,26.782843861110898,26.30444904108764,26.716604232788086,2078900
2018-05-02 00:00:00-04:00,26.62092745810886,26.687167094673676,26.3854093742333,26.53997039794922,1353100
2018-05-03 00:00:00-04:00,26.510531022810373,26.716608652753848,26.414850919937845,26.4295711517334,1506600
2018-05-04 00:00:00-04:00,26.414845344377078,26.790204156941318,26.370687465908258,26.7313232421875,1117200
2018-05-07 00:00:00-04:00,26.797567206841546,26.856448131130005,26.62828876090772,26.8049259185791,1074600
2018-05-08 00:00:00-04:00,26.782851691985908,26.782851691985908,26.554695089184317,26.657733917236328,1459400
2018-05-09 00:00:00-04:00,26.65772954288682,26.81964647142874,26.569408155394463,26.79020881652832,957200
2018-05-10 00:00:00-04:00,26.863800897215086,27.04779953349738,26.76076211011242,26.92268180847168,1036600
2018-05-11 00:00:00-04:00,26.99629277624603,27.062532428616663,26.6798147490972,26.70925521850586,851200
2018-05-14 00:00:00-04:00,26.81228642236131,26.81228642236131,26.370690737311897,26.554689407348633,1040000
2018-05-15 00:00:00-04:00,26.370694070419386,26.48109160183692,25.91437528958238,25.96589469909668,2048800
2018-05-16 00:00:00-04:00,26.046856565031753,26.120457732535264,25.737740084309397,25.75981903076172,1792200
2018-05-17 00:00:00-04:00,25.759817024138478,25.884934787751902,25.472779512227923,25.561098098754883,1131500
2018-05-18 00:00:00-04:00,25.597893302744748,25.649412704188823,25.377095466899164,25.51693344116211,1134500
2018-05-21 00:00:00-04:00,25.605252522909907,25.855490796429333,25.428612585532907,25.74509048461914,1359700
2018-05-22 00:00:00-04:00,25.774540067388976,25.899657844647383,25.642060769352106,25.870220184326172,990900
2018-05-23 00:00:00-04:00,25.92909115217696,26.38540704851466,25.818693639364508,26.20140838623047,1036800
2018-05-24 00:00:00-04:00,26.23085163989148,26.363330915454334,25.89965345098435,26.054214477539062,1005100
2018-05-25 00:00:00-04:00,26.091016589475743,26.31181447107014,26.091016589475743,26.14989471435547,784400
2018-05-29 00:00:00-04:00,26.113100187550078,26.326539394408915,26.032140294769285,26.15726089477539,1256200
2018-05-30 00:00:00-04:00,26.113092571383714,26.863807529672513,26.113092571383714,26.81964683532715,1708500
2018-05-31 00:00:00-04:00,26.731337377448643,26.915336121956187,26.635657244177267,26.841737747192383,2124000
2018-06-01 00:00:00-04:00,27.0257294324597,27.202366608793636,26.841730736013425,27.062528610229492,1670300
2018-06-04 00:00:00-04:00,27.143490560213596,27.467327279971933,27.062530678374635,27.45996856689453,1263800
2018-06-05 00:00:00-04:00,27.54091576428287,27.599796678175966,27.239158099572006,27.268598556518555,1493400
2018-06-06 00:00:00-04:00,27.202361506522873,27.393721687188588,27.165562335655395,27.38636016845703,1257800
2018-06-07 00:00:00-04:00,27.408445210285976,27.474684848845094,27.22444652624366,27.36428451538086,1500000
2018-06-08 00:00:00-04:00,27.437879860672375,27.695479674674825,27.401080689413966,27.577720642089844,1618300
2018-06-11 00:00:00-04:00,27.555653400836555,27.577735161294708,27.327496734355776,27.415815353393555,1035300
2018-06-12 00:00:00-04:00,27.393726172314622,27.614524041267103,27.275967121700152,27.452604293823242,1565600
2018-06-13 00:00:00-04:00,27.540918963661102,27.62924034476088,26.88588416228697,26.99628448486328,1381500
2018-06-14 00:00:00-04:00,27.047798171556916,27.496755270694756,27.003637490338097,27.305395126342773,1326700
2018-06-15 00:00:00-04:00,27.371644334498207,27.489403384744392,27.12876752168923,27.20236587524414,2675000
2018-06-18 00:00:00-04:00,27.106696388498936,27.180294763262744,26.709258426539105,26.841737747192383,1504400
2018-06-19 00:00:00-04:00,26.849086085533337,27.069883932093266,26.73132704686158,26.782846450805664,1571600
2018-06-20 00:00:00-04:00,26.782839517812263,26.93739768963566,26.495802110827032,26.900598526000977,2491400
2018-06-21 00:00:00-04:00,26.937406125403676,27.128766328384692,26.790209424768552,27.114046096801758,1581600
2018-06-22 00:00:00-04:00,27.143482185660915,27.423158117874163,26.95948353192221,27.401079177856445,2369700
2018-06-25 00:00:00-04:00,27.48939979471035,27.658681039454013,27.334841587871555,27.548280715942383,1469200
2018-06-26 00:00:00-04:00,27.54829153656583,27.65869190344134,27.393733269018483,27.430532455444336,1911200
2018-06-27 00:00:00-04:00,27.48203765409603,27.651316070119968,27.36427863392301,27.37163734436035,1526900
2018-06-28 00:00:00-04:00,27.34220807224922,27.702843953698952,27.334846551959917,27.63660430908203,1825000
2018-06-29 00:00:00-04:00,27.526203133711412,27.827960850936297,27.342204457169483,27.629241943359375,2042500
2018-07-02 00:00:00-04:00,27.629238519227233,27.70283685768406,27.099321498028836,27.401079177856445,1278000
2018-07-03 00:00:00-04:00,27.371638184799316,27.769075942935174,27.32748030562639,27.482038497924805,958900
2018-07-05 00:00:00-04:00,27.51884160355612,27.702840280025573,27.44524325600713,27.680761337280273,1258800
2018-07-06 00:00:00-04:00,27.78380012512207,27.872118703631063,27.673399796288088,27.78380012512207,1208300
2018-07-09 00:00:00-04:00,27.778597971843432,27.793445238082235,27.459391659101836,27.607858657836914,2188400
2018-07-10 00:00:00-04:00,27.615286668657948,27.860259508305774,27.51878084366854,27.786026000976562,1451600
2018-07-11 00:00:00-04:00,27.771185660753062,27.934502815809438,27.69695213490607,27.85284423828125,1426500
2018-07-12 00:00:00-04:00,27.96418355133399,28.023572614163843,27.778596977730253,27.927066802978516,913800
2018-07-13 00:00:00-04:00,27.94192694200187,28.060702290557007,27.719223517439453,27.763765335083008,1027100
2018-07-16 00:00:00-04:00,27.74892209893313,27.77861381652015,27.49652409256083,27.652416229248047,990400
2018-07-17 00:00:00-04:00,27.68209947029277,27.741485713035125,27.4222765167925,27.45197105407715,1396100
2018-07-18 00:00:00-04:00,27.422280583977216,27.615292273127366,27.325777571229498,27.459400177001953,1244800
2018-07-19 00:00:00-04:00,27.377740300485,28.016158757278905,27.355467979364526,27.8305721282959,1592200
2018-07-20 00:00:00-04:00,27.756336138323817,27.78603067898554,27.385162875534085,27.51878547668457,1837700
2018-07-23 00:00:00-04:00,27.503939336883334,27.503939336883334,27.162460600719086,27.25896644592285,1190100
2018-07-24 00:00:00-04:00,27.23668330301316,27.266377833098417,27.02140503946068,27.132755279541016,1373100
2018-07-25 00:00:00-04:00,27.177301607251348,27.734061395987194,27.177301607251348,27.563322067260742,2000900
2018-07-26 00:00:00-04:00,27.719219656992237,27.734066927472316,27.47424394181189,27.615291595458984,1150100
2018-07-27 00:00:00-04:00,27.69695084685802,27.756337098408356,27.34062484207392,27.459400177001953,1128400
2018-07-30 00:00:00-04:00,27.45939398222284,27.64498057816917,27.258960118781594,27.50393295288086,1085000
2018-07-31 00:00:00-04:00,27.778604330193332,28.803043280546646,27.563326000021007,28.565492630004883,2611600
2018-08-01 00:00:00-04:00,28.3353654035433,28.66199968580116,28.14977877292488,28.632305145263672,2561000
2018-08-02 00:00:00-04:00,28.587765509018332,28.936669307305444,28.52095420364053,28.72881317138672,2550000
2018-08-03 00:00:00-04:00,28.76592505675008,29.189062308458052,28.654571956057673,29.048017501831055,1200900
2018-08-06 00:00:00-04:00,29.11482022028602,29.292981730725092,29.010892200558875,29.10739517211914,1130000
2018-08-07 00:00:00-04:00,29.114828327922915,29.114828327922915,28.862430424660268,29.062864303588867,1450600
2018-08-08 00:00:00-04:00,29.062871660930305,29.11483569841919,28.817895914059015,28.87728500366211,734800
2018-08-09 00:00:00-04:00,28.88470011948002,29.062864512640417,28.81788882602324,29.040592193603516,826500
2018-08-10 00:00:00-04:00,29.003477932162035,29.03317247221388,28.624882457896202,28.647151947021484,1421000
2018-08-13 00:00:00-04:00,28.61745503504469,28.706535815989668,28.572916060485685,28.661996841430664,1350700
2018-08-14 00:00:00-04:00,28.699115368959426,29.070288616272315,28.624881852227706,28.951513290405273,1093600
2018-08-15 00:00:00-04:00,28.92181722808762,29.344954481197618,28.847583715264708,29.285568237304688,1041400
2018-08-16 00:00:00-04:00,29.263293831894906,29.441458214526833,29.203907592235456,29.426610946655273,869300
2018-08-17 00:00:00-04:00,29.38950257400653,29.582511447724304,29.34496075768969,29.56766700744629,1167500
2018-08-20 00:00:00-04:00,29.66415969322617,29.67900696015891,29.441456352888306,29.485998153686523,857400
2018-08-21 00:00:00-04:00,29.404350454787956,29.434044999613864,29.04059936023971,29.144527435302734,995100
2018-08-22 00:00:00-04:00,29.114827634627094,29.166791657723753,28.981205051856577,29.159366607666016,799100
2018-08-23 00:00:00-04:00,29.18164703224895,29.263302782778716,29.085141177478576,29.144527435302734,658100
2018-08-24 00:00:00-04:00,29.07028317504966,29.508267638172327,29.07028317504966,29.485998153686523,805400
2018-08-27 00:00:00-04:00,29.560232330564705,29.560232330564705,29.151942391997572,29.44887924194336,1259800
2018-08-28 00:00:00-04:00,29.448886497092325,29.8497543166966,29.352383483794068,29.76067352294922,1383900
2018-08-29 00:00:00-04:00,29.827483384091177,29.886869633109047,29.693860784016923,29.745824813842773,1289300
2018-08-30 00:00:00-04:00,29.849756898262427,29.849756898262427,29.500855912648966,29.545394897460938,919400
2018-08-31 00:00:00-04:00,29.55281737686396,29.686439983323062,29.39692244811009,29.671592712402344,1270700
2018-09-04 00:00:00-04:00,29.582496272119332,29.708696604363396,29.30782895863682,29.396909713745117,1384100
2018-09-05 00:00:00-04:00,29.30042436716494,29.768100736670913,29.27815204112095,29.679019927978516,2391900
2018-09-06 00:00:00-04:00,29.76809861670427,29.901721236140713,29.679017814355856,29.79037094116211,1213200
2018-09-07 00:00:00-04:00,29.634464268895705,29.671583851025478,29.41918598440626,29.604772567749023,1590300
2018-09-10 00:00:00-04:00,29.753245401416585,29.931406953570452,29.619622821387775,29.90171241760254,1321300
2018-09-11 00:00:00-04:00,29.768092266258808,30.139265500660176,29.768092266258808,30.035337448120117,1535200
2018-09-12 00:00:00-04:00,30.042759407560258,30.161534717074936,29.894289562710224,30.027912139892578,1935700
2018-09-13 00:00:00-04:00,30.027923116451667,30.191237456841378,29.990806349627995,30.131851196289062,1134600
2018-09-14 00:00:00-04:00,30.065028559461215,30.094723094466996,29.649313564860424,29.84232521057129,1237300
2018-09-17 00:00:00-04:00,29.842328393909835,30.094726304729313,29.753247611216793,30.08730125427246,1069600
2018-09-18 00:00:00-04:00,30.05018898913269,30.13184756540158,29.8126383118927,29.931413650512695,1167600
2018-09-19 00:00:00-04:00,29.98337573276638,29.990800783849824,29.61220246975748,29.753250122070312,2346800
2018-09-20 00:00:00-04:00,29.775525115709247,30.07988713436515,29.612207943611224,30.07246208190918,1236600
2018-09-21 00:00:00-04:00,30.0279129662354,30.465897463091252,29.938832189604657,30.28773307800293,2696000
2018-09-24 00:00:00-04:00,30.19866317036856,30.28774397906096,29.515702752185913,29.679019927978516,1842400
2018-09-25 00:00:00-04:00,29.686442866451017,29.93884083296123,29.679017814355856,29.79037094116211,1404800
2018-09-26 00:00:00-04:00,29.820046840292235,29.901705379069075,29.389487497413654,29.396909713745117,1345200
2018-09-27 00:00:00-04:00,29.493419485012755,29.775511884605184,29.39691366876309,29.604772567749023,1281800
2018-09-28 00:00:00-04:00,29.641897787442172,30.035340550360225,29.641897787442172,30.013071060180664,1806200
2018-10-01 00:00:00-04:00,30.020495840565843,30.0724598766359,29.701286572234025,29.708711624145508,1161200
2018-10-02 00:00:00-04:00,29.730972075922057,29.923983721345387,29.70127754096051,29.782936096191406,955900
2018-10-03 00:00:00-04:00,29.805207313173888,29.94625210129499,29.285564297834462,29.485998153686523,1220600
2018-10-04 00:00:00-04:00,29.419187539227458,29.582501815558302,29.09997837246139,29.44887924194336,1089400
2018-10-05 00:00:00-04:00,29.38207078696257,29.716124389173245,29.38207078696257,29.44887924194336,927300
2018-10-08 00:00:00-04:00,29.545386447307042,30.00564042697033,29.545386447307042,29.812631607055664,1279400
2018-10-09 00:00:00-04:00,29.86726152330818,30.1666088104248,29.665202532722557,30.166608810424805,1451000
2018-10-10 00:00:00-04:00,30.02442692309687,30.27887134002092,29.695147088460885,29.725082397460938,1464200
2018-10-11 00:00:00-04:00,29.822359205199582,29.822359205199582,28.602525693123358,28.654911041259766,2235900
2018-10-12 00:00:00-04:00,28.789619150869488,28.976710509313325,28.34059817773174,28.505239486694336,2404900
2018-10-15 00:00:00-04:00,28.48278626205425,28.969222026909566,28.430400915912713,28.647424697875977,2735200
2018-10-16 00:00:00-04:00,28.72975465293446,29.395799573809235,28.55763090915241,29.283546447753906,1410200
2018-10-17 00:00:00-04:00,29.261092481503123,29.410766165624004,29.014133329273534,29.223674774169922,1097900
2018-10-18 00:00:00-04:00,29.216185968326066,29.425727367275883,29.141347715281523,29.238636016845703,1155200
2018-10-19 00:00:00-04:00,29.268567984656134,29.56043000132096,29.22366503794342,29.47810935974121,1045800
2018-10-22 00:00:00-04:00,29.335924569873278,29.470630571720687,28.87942121414456,28.931806564331055,2417000
2018-10-23 00:00:00-04:00,28.759680401532446,29.18624841927737,28.595039112302047,29.00663948059082,1989300
2018-10-24 00:00:00-04:00,29.06651499782637,29.882233475127098,29.029097295246796,29.60533905029297,1916800
2018-10-25 00:00:00-04:00,29.582881713674162,30.046870291480424,29.365857929305676,29.837326049804688,2032400
2018-10-26 00:00:00-04:00,29.867274131881796,29.867274131881796,29.021620115350764,29.14884376525879,2234500
2018-10-29 00:00:00-04:00,29.29851000196898,29.747528152928258,29.29851000196898,29.59037208557129,1566600
2018-10-30 00:00:00-04:00,29.792434993697277,30.780277338413573,29.567923034162355,30.189067840576172,2602100
2018-10-31 00:00:00-04:00,30.091768867706058,30.10673651669825,29.171279865589852,29.32843589782715,3403600
2018-11-01 00:00:00-04:00,29.425739329162568,29.54547772792136,29.096459446273034,29.373353958129883,1859400
2018-11-02 00:00:00-04:00,29.37335442165776,29.448189851517217,28.78214481948658,29.126392364501953,1639300
2018-11-05 00:00:00-05:00,29.253609454223866,29.755013002263343,29.14135347984499,29.620309829711914,1588000
2018-11-06 00:00:00-05:00,29.702620443705563,30.159123775189894,29.612817398839123,29.91216468811035,1251000
2018-11-07 00:00:00-05:00,30.076804882770322,30.36118453869175,29.927134084189298,30.331249237060547,870700
2018-11-08 00:00:00-05:00,30.32376735242626,30.458473357259738,30.084290644897305,30.413570404052734,1011400
2018-11-09 00:00:00-05:00,30.061835674036537,30.600659656324297,30.05435327641025,30.563241958618164,1482300
2018-11-12 00:00:00-05:00,30.638072003296873,31.019739875690753,30.578204268380034,30.74284553527832,1517500
2018-11-13 00:00:00-05:00,30.825178146362305,30.959884183226436,30.54080127279422,30.825178146362305,1186000
2018-11-14 00:00:00-05:00,30.914971949960847,30.95238964446244,30.540789295370704,30.6829776763916,1175800
2018-11-15 00:00:00-05:00,30.540797230944662,30.540797230944662,29.957070196855987,30.271385192871094,1775200
2018-11-16 00:00:00-05:00,30.286348722156973,30.832655122856416,30.27886346945855,30.735366821289062,1527800
2018-11-19 00:00:00-05:00,30.795240433629623,31.13200261349984,30.615631463549473,31.012264251708984,1529800
2018-11-20 00:00:00-05:00,30.96736733155739,31.154458719499733,30.608152209282654,30.92246437072754,1888200
2018-11-21 00:00:00-05:00,30.877558467026226,31.16193814893564,30.690467096915146,30.810205459594727,1719300
2018-11-23 00:00:00-05:00,30.832663401070434,31.019754801738593,30.64557200040227,30.825178146362305,610000
2018-11-26 00:00:00-05:00,30.97484468684257,30.97484468684257,30.6680149747746,30.90749168395996,1397400
2018-11-27 00:00:00-05:00,30.892523817764456,31.117035729002165,30.765303065864792,31.10955047607422,1741500
2018-11-28 00:00:00-05:00,31.094578968222006,31.31908799682543,30.974840629314368,31.26670265197754,1516400
2018-11-29 00:00:00-05:00,31.221808779549058,31.40890014979125,30.95239674963426,31.349029541015625,1709600
2018-11-30 00:00:00-05:00,31.625926011165664,31.910305711631786,31.431352229660177,31.89533805847168,3910100
2018-12-03 00:00:00-05:00,31.977650212635847,32.0973885512605,31.805526529287107,32.05997085571289,2281200
2018-12-04 00:00:00-05:00,31.693270662760202,31.80552660445551,31.221802559129163,31.26670265197754,7277100
2018-12-06 00:00:00-05:00,31.176901375496243,32.12732574332045,30.870071686260662,32.11235809326172,3278300
2018-12-07 00:00:00-05:00,32.02255145712385,32.16473983455769,31.625915912009205,31.75313949584961,2483600
2018-12-10 00:00:00-05:00,31.82051495172956,31.83548261067732,31.124534511998505,31.670841217041016,1806600
2018-12-11 00:00:00-05:00,31.813009277186342,32.03752116252135,31.738173885266146,31.760623931884766,1358700
2018-12-12 00:00:00-05:00,31.97017536877056,32.09739613464726,30.817691802978516,30.817691802978516,2279100
2018-12-13 00:00:00-05:00,30.877553927265794,31.528633854974764,30.877553927265794,31.356510162353516,2796200
2018-12-14 00:00:00-05:00,31.266711412063028,31.498705757664503,31.214326052538176,31.43883514404297,1720400
2018-12-17 00:00:00-05:00,31.468758764370982,31.700753023817267,30.376146164630914,30.473434448242188,2931600
2018-12-18 00:00:00-05:00,30.63059540212011,31.079613490702158,30.61562775186239,30.855104446411133,2268000
2018-12-19 00:00:00-05:00,31.049689286559175,31.311616098624597,30.66053884092759,30.83266258239746,3005600
2018-12-20 00:00:00-05:00,30.84762030381518,31.16193237708643,30.473437632899568,30.757814407348633,2744400
2018-12-21 00:00:00-05:00,30.840137229026713,31.640887972936078,30.383633881514616,30.398601531982422,5552100
2018-12-24 00:00:00-05:00,30.3911231842429,30.53331160045479,28.797103881835938,28.797103881835938,1356800
2018-12-26 00:00:00-05:00,28.86445173514843,29.57539939880371,28.542654401649596,29.57539939880371,1913600
2018-12-27 00:00:00-05:00,29.380822806331842,29.582881796304644,28.692328044753964,29.57539939880371,2291900
2018-12-28 00:00:00-05:00,29.8448141780859,30.024420282787485,29.22366950025631,29.463146209716797,2152000
2018-12-31 00:00:00-05:00,29.53798113333436,29.657719474556306,29.141345558522023,29.65023422241211,1807600
2019-01-02 00:00:00-05:00,29.365856187509348,29.365856187509348,28.57258792667469,28.72974395751953,1543200
2019-01-03 00:00:00-05:00,28.7147760067674,29.268567589600845,28.7147760067674,28.87193489074707,1717900
2019-01-04 00:00:00-05:00,28.924324206463687,29.223668657260525,28.729747601397637,28.827035903930664,2207900
2019-01-07 00:00:00-05:00,28.864459431587083,29.141353889549745,28.707303349077577,28.88690948486328,2310400
2019-01-08 00:00:00-05:00,28.96923686333761,29.58289653652411,28.894401431890948,29.54547882080078,1625500
2019-01-09 00:00:00-05:00,29.67600153258957,29.67600153258957,29.230823688265104,29.51000213623047,1007400
2019-01-10 00:00:00-05:00,29.457195764092013,30.211734572321806,29.38174015626676,30.189096450805664,1702000
2019-01-11 00:00:00-05:00,30.17399935930943,30.332451771771954,30.045726302790037,30.29472541809082,1669700
2019-01-14 00:00:00-05:00,30.219265818665082,30.46071790415817,30.075904542383533,30.272083282470703,1081700
2019-01-15 00:00:00-05:00,30.324910258310556,30.84554381961041,30.324910258310556,30.807817459106445,1234500
2019-01-16 00:00:00-05:00,30.762531267274387,31.24543538829574,30.63425824106431,31.1473445892334,1560400
2019-01-17 00:00:00-05:00,31.086988957971002,31.388802652156723,31.086988957971002,31.33598518371582,1075800
2019-01-18 00:00:00-05:00,31.358615823351094,31.47934184791797,31.169981230069393,31.449159622192383,1161600
2019-01-22 00:00:00-05:00,31.449173700053528,31.63026137879792,31.23035678309536,31.5925350189209,1424800
2019-01-23 00:00:00-05:00,31.600073139723357,31.690616953656882,31.44916486427685,31.66043472290039,1168900
2019-01-24 00:00:00-05:00,31.600076500814463,31.72834667766888,31.351077388092946,31.61516761779785,716200
2019-01-25 00:00:00-05:00,31.71326058048781,32.02262133177447,31.690625340597986,32.007530212402344,1133700
2019-01-28 00:00:00-05:00,31.97734562401828,32.54324955543789,31.894345920209606,32.422523498535156,1924800
2019-01-29 00:00:00-05:00,32.49042913501872,32.71679011136373,32.40742943874716,32.641334533691406,1748700
2019-01-30 00:00:00-05:00,32.55080313607063,32.96579889740211,32.55080313607063,32.920528411865234,1821500
2019-01-31 00:00:00-05:00,32.78470162547194,33.1091534426529,32.437614572132006,33.01106262207031,3437400
2019-02-01 00:00:00-05:00,33.12424577269044,33.25251595340404,32.18861663992447,32.73942947387695,1490900
2019-02-04 00:00:00-05:00,32.709251270511594,33.13179397583008,32.47534611724287,33.13179397583008,1215800
2019-02-05 00:00:00-05:00,33.0563311642022,33.297783242562595,32.807332089329144,33.267601013183594,1143700
2019-02-06 00:00:00-05:00,33.22988146201431,33.30533417255808,33.07142904287058,33.21479034423828,895700
2019-02-07 00:00:00-05:00,33.161972312595736,33.6297854424271,33.03369925282834,33.5543327331543,1210000
2019-02-08 00:00:00-05:00,33.493970082372265,33.675060624134254,33.418517369001066,33.64487838745117,1929400
2019-02-11 00:00:00-05:00,33.629787797460004,33.83351358076675,33.54678808444579,33.599605560302734,1362600
2019-02-12 00:00:00-05:00,33.59960626601865,33.59960626601865,33.19215756918379,33.37324523925781,1564600
2019-02-13 00:00:00-05:00,33.18460507480158,33.75805598451779,33.033696789174364,33.690147399902344,1679700
2019-02-14 00:00:00-05:00,33.697693045791056,33.81841910409576,33.53169363624599,33.68260192871094,1298300
2019-02-15 00:00:00-05:00,33.93914799926996,33.93914799926996,33.56187867574094,33.64487838745117,2011800
2019-02-19 00:00:00-05:00,33.6071409269842,33.77313741722298,33.54677647356241,33.742958068847656,1063700
2019-02-20 00:00:00-05:00,33.72788229406924,33.72788229406924,33.08652263729885,33.44870376586914,1477500
2019-02-21 00:00:00-05:00,33.31287124367393,33.803319472731964,33.21478044652811,33.75804901123047,1655700
2019-02-22 00:00:00-05:00,33.8259706933488,33.99951424582263,33.644880142142334,33.86369705200195,1596600
2019-02-25 00:00:00-05:00,33.946695530938236,33.946695530938236,33.584514441724096,33.599605560302734,1358500
2019-02-26 00:00:00-05:00,33.71277916321884,33.74296139290302,33.50905343035441,33.65996170043945,1519300
2019-02-27 00:00:00-05:00,33.554333610823065,33.62224220227939,33.08651759041884,33.478878021240234,1672800
2019-02-28 00:00:00-05:00,33.46378409339528,33.96177942947991,33.35060503602925,33.5166015625,2466800
2019-03-01 00:00:00-05:00,33.48642266391635,33.52414901688586,33.041244790869214,33.4336051940918,1890300
2019-03-04 00:00:00-05:00,33.56942713620205,33.85614976217006,33.38079246622153,33.76560592651367,1929300
2019-03-05 00:00:00-05:00,33.765594634819635,34.03722892928709,33.73541240691532,33.87877655029297,1453200
2019-03-06 00:00:00-05:00,33.92405523008448,34.082507647455145,33.69769422264976,33.705238342285156,1402900
2019-03-07 00:00:00-05:00,33.780688751342865,34.112684652792474,33.58450713086306,33.697689056396484,1331600
2019-03-08 00:00:00-05:00,33.71279388038079,33.9617901881338,33.56188554441742,33.871246337890625,1284900
2019-03-11 00:00:00-04:00,33.77315548776387,34.02215467385399,33.57697666584747,33.871246337890625,1638600
2019-03-12 00:00:00-04:00,33.96178318752943,34.02969178079796,33.79578664269029,33.93914794921875,2142800
2019-03-13 00:00:00-04:00,34.02214913002211,34.15796632242433,33.93914941485002,34.05987548828125,1637700
2019-03-14 00:00:00-04:00,34.15040385049462,34.24095052329454,33.96931626156543,34.203224182128906,1348900
2019-03-15 00:00:00-04:00,34.18059637668302,34.233413845901,33.96932649981113,34.05232620239258,2312400
2019-03-18 00:00:00-04:00,33.95423124402056,34.18813920656917,33.5015093121013,33.65996170043945,1587300
2019-03-19 00:00:00-04:00,33.63732580334938,33.75805184136713,33.48641753624324,33.5920524597168,1088300
2019-03-20 00:00:00-04:00,33.644881561200336,33.82597212004475,33.35061192162285,33.57697296142578,1158600
2019-03-21 00:00:00-04:00,33.54678386773116,34.15796114082852,33.53169275104943,34.05232620239258,1168900
2019-03-22 00:00:00-04:00,34.13532960903297,34.54277829030768,33.908965712580176,33.93914794921875,2223100
2019-03-25 00:00:00-04:00,33.99950544210436,34.135322600757,33.75050635846255,34.007049560546875,971800
2019-03-26 00:00:00-04:00,34.059874961291726,34.27114486694336,33.99951336467837,34.27114486694336,1028000
2019-03-27 00:00:00-04:00,34.33150733740021,34.33905145716018,33.99951137956932,34.1956901550293,1119600
2019-03-28 00:00:00-04:00,34.331504821777344,34.3541400577351,34.05987047693938,34.331504821777344,916700
2019-03-29 00:00:00-04:00,34.323961051535846,34.48241346152355,34.0598708232201,34.30132293701172,2173700
2019-04-01 00:00:00-04:00,34.2485081562911,34.2937815105581,33.66751306237883,34.15041732788086,1364300
2019-04-02 00:00:00-04:00,34.21832022580301,34.53522789626204,33.87878019948146,34.4824104309082,1299300
2019-04-03 00:00:00-04:00,34.38432424619569,34.58805001640722,34.17305435634805,34.53523254394531,1976000
2019-04-04 00:00:00-04:00,34.565415824698285,34.565415824698285,34.05232932383154,34.278690338134766,940600
2019-04-05 00:00:00-04:00,34.24095902747235,34.42959365848567,34.09759486576716,34.42204666137695,1054600
2019-04-08 00:00:00-04:00,34.43953712841056,34.530766879836996,34.10502610641927,34.279884338378906,943000
2019-04-09 00:00:00-04:00,34.302690933971704,34.393923585227874,34.16584485722896,34.31029510498047,929800
2019-04-10 00:00:00-04:00,34.462342673415804,34.52316153380717,34.264674851826264,34.48514938354492,1146500
2019-04-11 00:00:00-04:00,34.53836953027392,34.75123990761088,34.44713978286399,34.57638168334961,1589800
2019-04-12 00:00:00-04:00,34.462346271523884,34.82726817239592,34.219062104134395,34.819664001464844,1501400
2019-04-15 00:00:00-04:00,34.85007363630893,34.9108925008712,34.61439364829438,34.76644515991211,1008700
2019-04-16 00:00:00-04:00,34.76643436023984,34.80444650130104,33.679270305075164,33.81611633300781,1148400
2019-04-17 00:00:00-04:00,33.87694874507606,33.87694874507606,33.10908991323127,33.22312927246094,1184800
2019-04-18 00:00:00-04:00,33.23073528698018,33.65647900205588,33.13950552665745,33.626068115234375,1264700
2019-04-22 00:00:00-04:00,33.52722848499075,33.60325568912326,32.72136042217529,33.078678131103516,997500
2019-04-23 00:00:00-04:00,33.238334626701445,33.65647410921345,33.13950070897052,33.52722930908203,814600
2019-04-24 00:00:00-04:00,33.86174798185885,34.097425103285076,33.65647884697222,33.800926208496094,1008100
2019-04-25 00:00:00-04:00,33.778115547009804,34.097421119432106,33.5880518776704,33.97578048706055,807200
2019-04-26 00:00:00-04:00,34.196252223070445,34.32549701564998,33.99858729929969,34.2342643737793,744800
2019-04-29 00:00:00-04:00,34.15823403832466,34.264669201564196,33.724889216483284,33.74769592285156,744400
2019-04-30 00:00:00-04:00,33.71729965864768,34.28749076606658,33.61846862146394,34.17345428466797,1419300
2019-05-01 00:00:00-04:00,34.15825060696611,34.59919691143337,33.5120351451954,33.83134078979492,1756100
2019-05-02 00:00:00-04:00,33.91496711041499,34.26468362257059,33.527235538125254,33.64887619018555,1501900
2019-05-03 00:00:00-04:00,33.72489661024346,33.96057369476006,33.55003838942294,33.80852508544922,802800
2019-05-06 00:00:00-04:00,33.65647386364015,33.8313320859551,33.45880602962059,33.73249816894531,1116500
2019-05-07 00:00:00-04:00,33.747702909492496,33.747702909492496,32.850602204835376,33.10908889770508,865100
2019-05-08 00:00:00-04:00,33.162311613777135,33.474015947440996,33.131903627673196,33.1471061706543,1169700
2019-05-09 00:00:00-04:00,33.15470765480132,33.29915500254694,32.896220942949185,33.23073196411133,740100
2019-05-10 00:00:00-04:00,33.23073245610698,33.823733098042396,33.23073245610698,33.75531005859375,716100
2019-05-13 00:00:00-04:00,33.54243682758941,33.80092354371914,33.466412517021304,33.74010467529297,921100
2019-05-14 00:00:00-04:00,33.74010855057784,33.96818440861979,33.69449221891269,33.72490310668945,792400
2019-05-15 00:00:00-04:00,33.76290886516152,34.07461315542199,33.60325608481523,33.92256164550781,676600
2019-05-16 00:00:00-04:00,33.85414984631677,34.16585424002338,33.823741854355426,34.09743118286133,1025500
2019-05-17 00:00:00-04:00,33.97577905390702,34.12022929260234,33.80852500403957,34.11262512207031,1282900
2019-05-20 00:00:00-04:00,34.150646423185144,34.17345604075055,33.49682968919947,33.70209884643555,832700
2019-05-21 00:00:00-04:00,33.778112890683374,34.082215897768194,33.778112890683374,33.91495895385742,887200
2019-05-22 00:00:00-04:00,33.96817245853529,34.21905494407782,33.83892768102361,34.13542938232422,1043800
2019-05-23 00:00:00-04:00,34.1354368736184,34.31029510498047,33.99859079687565,34.31029510498047,1658700
2019-05-24 00:00:00-04:00,34.36351126324298,34.56117619907537,34.333100380763725,34.447139739990234,1168800
2019-05-28 00:00:00-04:00,34.621997067274506,34.690420101009884,34.158241271972656,34.158241271972656,1987400
2019-05-29 00:00:00-04:00,34.150633954769305,34.18104483365875,33.435995701713516,33.54243087768555,1488400
2019-05-30 00:00:00-04:00,33.58045036659193,33.86934797890986,33.46641389604078,33.618465423583984,1013100
2019-05-31 00:00:00-04:00,33.55004841312503,34.1734571780067,33.45881574011148,34.044212341308594,1343500
2019-06-03 00:00:00-04:00,34.18104155347504,34.27987545031063,33.838926449152424,34.22665786743164,1201800
2019-06-04 00:00:00-04:00,34.181048342319514,34.181048342319514,33.50442216834981,33.92256164550781,1157800
2019-06-05 00:00:00-04:00,34.15825193051639,34.88049464527841,33.99099492916416,34.87289047241211,1025700
2019-06-06 00:00:00-04:00,34.96411535438092,35.146574860521184,34.7208311792913,35.0477409362793,1185900
2019-06-07 00:00:00-04:00,35.23780832731209,35.405065309019214,35.047744629969216,35.078155517578125,776100
2019-06-10 00:00:00-04:00,35.22260447807452,35.22260447807452,34.75124443803367,35.04014205932617,636600
2019-06-11 00:00:00-04:00,35.02493913220026,35.138978514628036,34.606799563535,35.002132415771484,968800
2019-06-12 00:00:00-04:00,35.03254072787557,35.298628733780944,34.91850135383512,35.05534744262695,1187200
2019-06-13 00:00:00-04:00,35.047740736612575,35.25300985495712,35.02493402351036,35.2378044128418,920800
2019-06-14 00:00:00-04:00,35.260611400190506,35.45067506226549,35.146572042888984,35.30622482299805,793800
2019-06-17 00:00:00-04:00,35.450673286665555,35.79278844129344,35.41266113618272,35.5343017578125,1351500
2019-06-18 00:00:00-04:00,35.81560598709827,35.81560598709827,35.0249402572285,35.215003967285156,982200
2019-06-19 00:00:00-04:00,35.0705451925703,35.48108046874674,34.94890457367707,35.359439849853516,1367500
2019-06-20 00:00:00-04:00,35.3974494934082,35.68634410656886,35.36703861829424,35.3974494934082,1305000
2019-06-21 00:00:00-04:00,35.01732542642971,35.123760598827765,34.43192907809947,34.72842788696289,4238600
2019-06-24 00:00:00-04:00,34.796857602308265,34.95651039160096,34.47754912358137,34.59918975830078,1579900
2019-06-25 00:00:00-04:00,34.758849415476924,34.994526540818875,34.27988809278363,34.29509353637695,1775200
2019-06-26 00:00:00-04:00,34.22666736720833,34.241872809414204,33.40559088894032,33.56524658203125,1604200
2019-06-27 00:00:00-04:00,33.81612368012523,34.10502123521092,33.6944830622167,33.89215087890625,1325100
2019-06-28 00:00:00-04:00,33.907367332735696,34.37872745818189,33.869355167817076,34.12784194946289,2742100
2019-07-01 00:00:00-04:00,34.37111785420174,34.40152874138839,33.61846724725411,34.29509353637695,1536400
2019-07-02 00:00:00-04:00,34.40152440812864,35.02493301622042,34.340702641416534,34.70562744140625,1675700
2019-07-03 00:00:00-04:00,34.73603525280313,35.22260068366886,34.675216386533315,35.16938018798828,817500
2019-07-05 00:00:00-04:00,34.90329479226911,35.09335847615211,34.27988614114419,34.971717834472656,769900
2019-07-08 00:00:00-04:00,35.00212318138748,35.40505719941609,35.00212318138748,35.32903289794922,1396500
2019-07-09 00:00:00-04:00,35.3925977069374,35.76789380356786,35.27771329330414,35.72959899902344,1573800
2019-07-10 00:00:00-04:00,35.78321451019562,35.9976677661971,35.568758332487654,35.93639373779297,1613900
2019-07-11 00:00:00-04:00,35.867470414772065,35.92874153099562,35.400266101526256,35.61471939086914,1311900
2019-07-12 00:00:00-04:00,35.630038277405035,35.630038277405035,35.377287250827386,35.43090057373047,1061700
2019-07-15 00:00:00-04:00,35.492172621905176,35.64535478805507,35.30835343818394,35.46919631958008,1564500
2019-07-16 00:00:00-04:00,35.44622998386573,35.591754409389154,35.25475293698364,35.56877517700195,1180700
2019-07-17 00:00:00-04:00,35.61472015197398,35.74492310279839,35.07858399545232,35.40792465209961,1178200
2019-07-18 00:00:00-04:00,35.36962498215425,35.607057469048954,35.09389768684598,35.48451232910156,1190100
2019-07-19 00:00:00-04:00,35.58406904082705,35.62236383933353,34.779866585367564,34.79518508911133,1352000
2019-07-22 00:00:00-04:00,34.82581967299172,34.93304627003006,34.5807294735596,34.695613861083984,1204400
2019-07-23 00:00:00-04:00,34.741590581324154,35.10922610493991,34.5194765394394,35.063270568847656,1326200
2019-07-24 00:00:00-04:00,35.162822614448224,35.162822614448224,34.74923175260034,34.963687896728516,975200
2019-07-25 00:00:00-04:00,35.001997995066866,35.21645131121469,34.733928428174785,35.162837982177734,1005700
2019-07-26 00:00:00-04:00,35.25474179811345,35.46153729401322,35.13985735930709,35.300697326660156,1019200
2019-07-29 00:00:00-04:00,35.40793159932719,35.98236268222681,35.40793159932719,35.660682678222656,1128600
2019-07-30 00:00:00-04:00,35.645354463639116,36.112558751376106,35.43855897947487,35.691307067871094,1154000
2019-07-31 00:00:00-04:00,35.65301081096904,36.296373539482005,35.07092211455572,35.27771759033203,2148500
2019-08-01 00:00:00-04:00,35.36962401697891,35.51514545366209,34.802850934121864,35.28537368774414,1997500
2019-08-02 00:00:00-04:00,35.308355418279575,35.64535678704977,35.162833959215064,35.43090057373047,1071800
2019-08-05 00:00:00-04:00,35.40025840998594,35.40025840998594,34.04460129324486,34.31266784667969,1822000
2019-08-06 00:00:00-04:00,34.40457944857529,35.49217012210164,34.366284640161716,35.48451232910156,2303400
2019-08-07 00:00:00-04:00,35.346651171001525,35.85980806764084,34.88710467255184,35.46919631958008,2176200
2019-08-08 00:00:00-04:00,35.46153386275083,35.898101115727954,35.20112506959722,35.79087448120117,1662100
2019-08-09 00:00:00-04:00,35.637692651827976,36.097239131954176,35.4845134134926,36.0819206237793,1752000
2019-08-12 00:00:00-04:00,36.08192174844651,36.55678382984226,36.012989920364326,36.36530685424805,1296000
2019-08-13 00:00:00-04:00,36.05129452904306,36.05129452904306,35.361976060880494,35.660682678222656,3225300
2019-08-14 00:00:00-04:00,35.829168429292096,35.84448693695727,35.07857908393807,35.124534606933594,2368200
2019-08-15 00:00:00-04:00,35.132191267371404,35.775553960035985,35.132191267371404,35.66832733154297,1778900
2019-08-16 00:00:00-04:00,35.72194061745838,36.15085005279676,35.668327303254394,35.98234939575195,1713400
2019-08-19 00:00:00-04:00,36.15084529812149,36.66400207278376,35.92107356436665,36.57209396362305,2466700
2019-08-20 00:00:00-04:00,36.70996599465899,36.70996599465899,36.32701204347056,36.36530685424805,1341500
2019-08-21 00:00:00-04:00,36.37296669562852,36.61805698476469,36.19680531121186,36.526145935058594,1219300
2019-08-22 00:00:00-04:00,36.64869246774036,36.94739900803898,36.58742135398896,36.90144348144531,1705900
2019-08-23 00:00:00-04:00,36.93208519558569,37.09292517655627,36.235109023006,36.38063049316406,1948800
2019-08-26 00:00:00-04:00,36.59508340989306,36.686994473785525,36.2274479194447,36.564449310302734,1753300
2019-08-27 00:00:00-04:00,36.75592776741805,36.95506257032872,36.464881896972656,36.464881896972656,2258700
2019-08-28 00:00:00-04:00,36.43423033902892,36.70995758821717,36.365298526731856,36.57209396362305,1243300
2019-08-29 00:00:00-04:00,36.80188081092733,36.88613116296823,36.61806451711746,36.84017562866211,966300
2019-08-30 00:00:00-04:00,36.94739900803898,37.016330837076076,36.7406035209277,36.90144348144531,1318700
2019-09-03 00:00:00-04:00,36.80953931456526,37.22312741162683,36.75592598861825,37.14653778076172,1388300
2019-09-04 00:00:00-04:00,37.376306574137665,37.583102066807854,37.11589775985376,37.29971694946289,1345900
2019-09-05 00:00:00-04:00,37.146526432026356,37.161844937860806,36.809528068787166,37.031639099121094,1413200
2019-09-06 00:00:00-04:00,37.17717600872828,37.47587966918945,37.108244170028996,37.47587966918945,1523000
2019-09-09 00:00:00-04:00,37.38397189407424,37.44524301701922,37.00101788011953,37.092926025390625,1555300
2019-09-10 00:00:00-04:00,36.87080879136485,36.90910360509038,36.097243035964,36.64103698730469,1527400
2019-09-11 00:00:00-04:00,36.51849221158244,36.648695163949846,36.25042559099835,36.61806106567383,1613400
2019-09-12 00:00:00-04:00,36.94739912663721,37.18482871053291,36.49551333965615,36.786556243896484,1224300
2019-09-13 00:00:00-04:00,36.556783199137804,36.916760841990495,36.281055891566105,36.45721435546875,1259100
2019-09-16 00:00:00-04:00,36.572096078424536,36.93207366587023,36.39593764163583,36.893775939941406,1073300
2019-09-17 00:00:00-04:00,36.99334631131208,37.292049887095885,36.893777478815345,37.1541862487793,1290300
2019-09-18 00:00:00-04:00,37.20780637387532,37.36098561317301,36.70996508103771,37.00101089477539,1794200
2019-09-19 00:00:00-04:00,37.13120854144437,37.16950334581191,36.878460495253584,36.93973159790039,1865300
2019-09-20 00:00:00-04:00,36.86314175748697,37.13886902193042,36.54145897506753,36.69464111328125,6023100
2019-09-23 00:00:00-04:00,36.55678836998027,37.0316505103511,36.55678836998027,36.832515716552734,1221000
2019-09-24 00:00:00-04:00,36.916759601614956,37.19248689992243,36.633374510224115,36.80187225341797,1456900
2019-09-25 00:00:00-04:00,36.694644819835624,37.001009127209166,36.694644819835624,36.809532165527344,2517400
2019-09-26 00:00:00-04:00,36.96271384978968,37.17717004786183,36.88612422871826,37.108238220214844,2207200
2019-09-27 00:00:00-04:00,37.14653748948255,37.14653748948255,36.74060719000767,37.016334533691406,1627400
2019-09-30 00:00:00-04:00,36.93974096444753,37.29205792869345,36.93974096444753,37.13121795654297,1714600
2019-10-01 00:00:00-04:00,37.054625017080305,37.26142050066839,36.610397032696994,36.993350982666016,1144700
2019-10-02 00:00:00-04:00,37.01632398818358,37.1312084008512,36.77123081340551,36.893775939941406,1626700
2019-10-03 00:00:00-04:00,36.763577292938294,37.51416664539766,36.763577292938294,37.23078155517578,1489000
2019-10-04 00:00:00-04:00,37.2461021234622,37.55246353149414,37.2461021234622,37.55246353149414,1015100
2019-10-07 00:00:00-04:00,37.399282177909306,37.69032506086023,37.28439483031362,37.544803619384766,1191900
2019-10-08 00:00:00-04:00,37.552451366122625,37.759246783447466,37.22311084094297,37.44522476196289,1107700
2019-10-09 00:00:00-04:00,37.671237652679096,37.88720613188463,37.362708731799884,37.40898895263672,1391700
2019-10-10 00:00:00-04:00,37.339566079562175,37.57867611466319,37.200728374322814,37.43983840942383,1879300
2019-10-11 00:00:00-04:00,37.424403136817766,37.424403136817766,36.94618611801435,37.031028747558594,1930800
2019-10-14 00:00:00-04:00,37.169872722317784,37.45526295658394,37.015611229832615,37.41669464111328,1046800
2019-10-15 00:00:00-04:00,37.42441690200115,37.50154766353791,37.16988009269989,37.44755554199219,3158900
2019-10-16 00:00:00-04:00,37.4938259302076,38.09545395097548,37.216150553745756,38.056888580322266,1968400
2019-10-17 00:00:00-04:00,38.00290139137291,38.2111579506724,37.92576769773445,38.11088562011719,1777900
2019-10-18 00:00:00-04:00,38.10317524257457,38.504258696103015,37.871777094773975,38.41170120239258,1924600
2019-10-21 00:00:00-04:00,38.36543158989837,38.72023783861613,38.23430575046339,38.704811096191406,1890900
2019-10-22 00:00:00-04:00,38.71251424904017,38.727940987979174,38.288289226441,38.342281341552734,1968900
2019-10-23 00:00:00-04:00,38.37312906659956,38.44254791024316,37.8640585273296,38.188011169433594,1519400
2019-10-24 00:00:00-04:00,38.218859698933436,38.33455873748971,37.756069429405905,38.13401412963867,2390200
2019-10-25 00:00:00-04:00,38.06460301231124,38.22658228759995,37.93348015488873,38.118595123291016,1185400
2019-10-28 00:00:00-04:00,37.97204769686111,38.01832791277964,37.67123364926455,37.83320999145508,1241200
2019-10-29 00:00:00-04:00,37.77921107810286,38.103166646529765,37.640373397684044,37.933475494384766,2010000
2019-10-30 00:00:00-04:00,38.00290497383472,38.84364318847656,37.76379491453939,38.84364318847656,2149100
2019-10-31 00:00:00-04:00,38.68937402599189,39.02104154371208,38.55825116390922,38.758792877197266,2987100
2019-11-01 00:00:00-04:00,38.77421338823931,39.03646201263614,38.134017091901825,38.35770034790039,1558000
2019-11-04 00:00:00-05:00,38.272874012836205,38.31915424358987,37.972059868813595,38.24202346801758,1332200
2019-11-05 00:00:00-05:00,38.02604385204529,38.02604385204529,36.992475792154735,37.40898895263672,1690600
2019-11-06 00:00:00-05:00,37.47840849901881,37.77151068498634,37.37813615654441,37.524688720703125,1271500
2019-11-07 00:00:00-05:00,37.077315099815,37.22386469406806,36.413980092149686,36.62995147705078,1491500
2019-11-08 00:00:00-05:00,36.5991024354132,36.86135112271648,36.51425683917542,36.53739547729492,942000
2019-11-11 00:00:00-05:00,36.591378379816405,36.73793089726675,36.37540996548829,36.64537048339844,859100
2019-11-12 00:00:00-05:00,36.68394386490337,36.92305094457844,36.21343866091782,36.275142669677734,1255400
2019-11-13 00:00:00-05:00,36.3677038604342,36.85363287005716,36.3677038604342,36.78421401977539,1451400
2019-11-14 00:00:00-05:00,36.90762520882543,37.16216197553776,36.82278256227078,37.0618896484375,1495400
2019-11-15 00:00:00-05:00,37.139028665362574,37.37813578581859,37.000190944036554,37.362709045410156,1977000
2019-11-18 00:00:00-05:00,37.44755013529234,37.84092461244409,37.41669665819229,37.55553436279297,915100
2019-11-19 00:00:00-05:00,37.601822680731615,37.879498149765354,37.47841168808886,37.70209503173828,1103500
2019-11-20 00:00:00-05:00,37.72523420544824,37.91035216819834,37.52469244295665,37.624961853027344,1384700
2019-11-21 00:00:00-05:00,37.486116577227826,37.563250272172915,36.90762710571289,36.90762710571289,1249100
2019-11-22 00:00:00-05:00,36.97704533058463,37.18530188986712,36.5142549381899,36.69165802001953,1298300
2019-11-25 00:00:00-05:00,36.82277867503597,36.98475499547218,36.52967656494962,36.668514251708984,1196900
2019-11-26 00:00:00-05:00,36.60681017027321,37.069603476472174,36.60681017027321,36.992469787597656,3108600
2019-11-27 00:00:00-05:00,36.97704796934454,37.05418166848112,36.80735971594359,37.04646682739258,1412200
2019-11-29 00:00:00-05:00,37.18530061165726,37.339565051269325,36.99247079772954,37.0618896484375,747600
2019-12-02 00:00:00-05:00,36.992478308923204,37.046470432397925,36.05918252617447,36.08232116699219,1952400
2019-12-03 00:00:00-05:00,36.13631356392649,36.444842508131124,36.13631356392649,36.34457015991211,1625400
2019-12-04 00:00:00-05:00,36.228866630703656,36.78421449782574,36.1980131540998,36.62223815917969,1354200
2019-12-05 00:00:00-05:00,36.53739904552792,36.88449336296612,36.43712964231799,36.87678146362305,1224000
2019-12-06 00:00:00-05:00,36.884492071333746,37.13131403456873,36.753369190643234,36.93848419189453,1646000
2019-12-09 00:00:00-05:00,36.96161922099965,37.054179654933755,36.707085383554876,36.90762710571289,1426300
2019-12-10 00:00:00-05:00,36.91533579209957,37.023320004670666,36.59138021203716,36.8150634765625,1205600
2019-12-11 00:00:00-05:00,36.86134986292514,36.915341978258525,36.01289687189417,36.1054573059082,1325300
2019-12-12 00:00:00-05:00,36.252009439853914,36.37542041812538,35.52697031030277,35.7737922668457,1900600
2019-12-13 00:00:00-05:00,35.874062293221726,36.04375349470334,35.388133212824165,35.68123245239258,2093400
2019-12-16 00:00:00-05:00,35.727516174316406,35.78150829965118,35.17216523675859,35.727516174316406,1689100
2019-12-17 00:00:00-05:00,35.90491210077738,36.22115288969116,35.14901955513834,35.25700378417969,2171200
2019-12-18 00:00:00-05:00,35.20301367377921,35.496115842398986,35.017898682698096,35.395843505859375,1687400
2019-12-19 00:00:00-05:00,35.326419964966874,35.634948832329634,35.3109932273638,35.61952209472656,1352700
2019-12-20 00:00:00-05:00,35.49612093111737,35.86635390870586,35.38813668044783,35.727516174316406,3816800
2019-12-23 00:00:00-05:00,35.92033567507032,35.92033567507032,35.3187076277847,35.37269973754883,952400
2019-12-24 00:00:00-05:00,35.46526066209474,35.64266374601781,35.32642295426807,35.51925277709961,491200
2019-12-26 00:00:00-05:00,35.58096423802189,35.696660380960594,35.40356113163591,35.63495635986328,761400
2019-12-27 00:00:00-05:00,35.70436599495425,35.75064326322962,35.52696293441719,35.7429313659668,751200
2019-12-30 00:00:00-05:00,35.62723469743434,35.773787236389204,35.488396998608366,35.73522186279297,1289600
2019-12-31 00:00:00-05:00,35.742927828365104,36.02060317993164,35.65037035862589,36.02060317993164,1627000
2020-01-02 00:00:00-05:00,36.03604322116948,36.144027466128634,35.29557436279956,35.57324981689453,1544300
2020-01-03 00:00:00-05:00,35.442136909121345,35.92806909058589,35.33415263376274,35.85865020751953,1434500
2020-01-06 00:00:00-05:00,35.82777816752266,35.93576238697427,35.66580183834524,35.781497955322266,1276800
2020-01-07 00:00:00-05:00,35.59639090563025,35.6658097681906,35.17216288867814,35.341854095458984,1236200
2020-01-08 00:00:00-05:00,35.46525329476387,35.53467213425657,35.287850247693406,35.38812255859375,1783700
2020-01-09 00:00:00-05:00,35.3360691912893,35.553664440312645,35.29721035580976,35.48372268676758,1303900
2020-01-10 00:00:00-05:00,35.576967552393796,35.841191552371235,35.421544111417035,35.78679275512695,1791000
2020-01-13 00:00:00-05:00,35.732402105217176,36.22199435655966,35.71685916467314,36.206451416015625,1717000
2020-01-14 00:00:00-05:00,36.11318960419605,36.11318960419605,35.76348092231151,36.08210372924805,1916800
2020-01-15 00:00:00-05:00,36.260849138692954,36.43958850282226,36.07433682226824,36.42404556274414,1288800
2020-01-16 00:00:00-05:00,36.4318121639936,36.78152084350586,36.31524161598545,36.78152084350586,1057500
2020-01-17 00:00:00-05:00,36.65718056976592,37.02243221878268,36.563925901861886,36.874778747558594,2270200
2020-01-21 00:00:00-05:00,36.97581126889054,37.32551706101852,36.93695243464269,37.30220413208008,1223800
2020-01-22 00:00:00-05:00,37.37990805968329,37.566420345750934,37.0690582022535,37.138999938964844,1780700
2020-01-23 00:00:00-05:00,37.11568189617261,37.457620573364956,36.99134136751504,37.44207763671875,987000
2020-01-24 00:00:00-05:00,37.512019369370634,37.5741881514434,37.28665123476878,37.44207763671875,988600
2020-01-27 00:00:00-05:00,37.30219714657464,37.62858994864128,37.240025395031125,37.3410530090332,1248900
2020-01-28 00:00:00-05:00,37.34104817657681,37.613045107611065,37.185621782344654,37.457618713378906,1198300
2020-01-29 00:00:00-05:00,37.58973786875665,37.636366687106445,37.15454742220887,37.208946228027344,1312500
2020-01-30 00:00:00-05:00,37.162310706111214,37.496476432724435,36.96025845873468,37.44207763671875,937800
2020-01-31 00:00:00-05:00,37.42653629792426,37.589732692908655,37.1545423062836,37.23225402832031,1535000
2020-02-03 00:00:00-05:00,37.40321852393996,37.706298350898194,37.31773386207753,37.348819732666016,1724200
2020-02-04 00:00:00-05:00,37.418769413908755,37.90058865241069,37.27888593103523,37.67522048950195,1092600
2020-02-05 00:00:00-05:00,37.675225618023894,37.92390674042568,37.48094330586545,37.651912689208984,909000
2020-02-06 00:00:00-05:00,37.70630533085809,37.9860722889196,37.61305066634171,37.79179000854492,800900
2020-02-07 00:00:00-05:00,37.90835720665197,38.03269774622743,37.78401666707651,37.94721603393555,770100
2020-02-10 00:00:00-05:00,38.133728443971556,38.40572246987219,38.05601671214639,38.39018249511719,1154100
2020-02-11 00:00:00-05:00,38.47566540691189,38.708806538638925,38.296926046563755,38.43680953979492,1556100
2020-02-12 00:00:00-05:00,38.45233710712357,38.45233710712357,37.90834629142408,38.304683685302734,2394400
2020-02-13 00:00:00-05:00,38.2425224173777,38.66994283079253,38.2425224173777,38.553375244140625,2366400
2020-02-14 00:00:00-05:00,38.66993972700515,39.11290600716756,38.61554093136472,39.105133056640625,2099600
2020-02-18 00:00:00-05:00,39.190616607666016,39.291644210050706,38.794279148432494,39.190616607666016,1769300
2020-02-19 00:00:00-05:00,39.14399900846936,39.2294836992345,38.94194671035313,38.99634552001953,1056900
2020-02-20 00:00:00-05:00,39.01188198010476,39.47815826107915,38.87199850290998,39.42375946044922,1907200
2020-02-21 00:00:00-05:00,39.37713025876508,39.64912722374846,39.32273145867085,39.579185485839844,2318300
2020-02-24 00:00:00-05:00,39.276102018424425,39.82786292007824,39.21393027285171,39.26055908203125,1563500
2020-02-25 00:00:00-05:00,39.314958094862455,39.454841558663674,38.374632671708035,38.46011734008789,2645000
2020-02-26 00:00:00-05:00,38.53782802386575,38.973021340070886,38.27360403983263,38.29691696166992,2807600
2020-02-27 00:00:00-05:00,37.97829748381761,38.30469324046176,36.486211066336324,36.5328369140625,3211600
2020-02-28 00:00:00-05:00,35.903363454661545,35.903363454661545,34.209221853027955,34.955265045166016,3679600
2020-03-02 00:00:00-05:00,35.22726977491651,36.696043560139714,35.09515626293458,36.58724594116211,2408900
2020-03-03 00:00:00-05:00,36.77374332578893,37.69852575053235,36.2996941707105,36.812599182128906,2682300
2020-03-04 00:00:00-05:00,37.35659409995748,38.436803031264716,37.35659409995748,38.351318359375,2033200
2020-03-05 00:00:00-05:00,37.7762459467171,38.20366635792527,37.41099432183319,37.87727355957031,1439000
2020-03-06 00:00:00-05:00,36.97579846212581,37.651899847784854,36.105411866057736,37.5431022644043,1929400
2020-03-09 00:00:00-04:00,36.13649652459166,36.56391685832427,35.2272570672611,35.421539306640625,3710100
2020-03-10 00:00:00-04:00,36.05879195599133,36.51729825031342,34.67550012178392,36.509525299072266,3232200
2020-03-11 00:00:00-04:00,35.63137391057984,35.77903036115727,34.29471365456667,34.59779357910156,3916800
2020-03-12 00:00:00-04:00,32.522857904344754,34.87756154609529,31.35716403014583,32.07212448120117,4448100
2020-03-13 00:00:00-04:00,33.315526814063674,34.78430047660662,32.01772251821251,34.70658874511719,3449900
2020-03-16 00:00:00-04:00,32.23531932977492,32.23531932977492,28.427387973018913,28.6138973236084,3233800
2020-03-17 00:00:00-04:00,29.367715431843877,31.038541561280528,28.139849778706495,30.183700561523438,3165200
2020-03-18 00:00:00-04:00,28.357446918374738,30.26141116102251,26.678847899486996,27.611400604248047,3404600
2020-03-19 00:00:00-04:00,27.37825676424558,28.839260245049132,26.072679690252983,26.235876083374023,2658300
2020-03-20 00:00:00-04:00,26.30582195932067,26.857585938584794,24.448483665050357,24.891447067260742,3615200
2020-03-23 00:00:00-04:00,24.837045732581828,24.8681316085755,22.692170685727604,23.344959259033203,2820700
2020-03-24 00:00:00-04:00,24.25420678978396,25.046879098466675,23.119598627449456,24.021068572998047,3173300
2020-03-25 00:00:00-04:00,23.857866379347193,26.950840154877667,23.593642340004763,25.559778213500977,2905500
2020-03-26 00:00:00-04:00,25.4432090192431,27.914476925161342,25.155669106709365,27.805679321289062,2268500
2020-03-27 00:00:00-04:00,26.90421102620505,30.276951741440826,26.7487845993553,29.48427963256836,2046200
2020-03-30 00:00:00-04:00,29.787359848855175,29.997182097245624,27.953334697123907,29.313310623168945,3025800
2020-03-31 00:00:00-04:00,28.924743526531415,29.42210563280724,27.34716957532979,28.39629554748535,4383200
2020-04-01 00:00:00-04:00,26.904210100721514,27.36271641367414,24.821505242567053,25.629718780517578,2544000
2020-04-02 00:00:00-04:00,25.10126912815663,26.430159166612118,24.16094363646676,24.829275131225586,2190200
2020-04-03 00:00:00-04:00,24.51842228920019,25.482063668825102,24.33968295356658,24.57282257080078,1863200
2020-04-06 00:00:00-04:00,25.855089760414522,27.619173462973233,25.84731680801066,27.463747024536133,2832100
2020-04-07 00:00:00-04:00,28.520639049447137,29.049087083623117,27.665795246156673,27.782365798950195,3175100
2020-04-08 00:00:00-04:00,28.064974786094254,30.64773821939501,27.758811903938295,30.349424362182617,2813900
2020-04-09 00:00:00-04:00,30.61634451244373,32.87724463802378,30.61634451244373,32.280616760253906,3005000
2020-04-13 00:00:00-04:00,31.888094361335597,32.10005399455,30.208121336601113,30.270925521850586,1864300
2020-04-14 00:00:00-04:00,30.993157680753793,31.43277802181482,30.34158068749273,30.898954391479492,2366500
2020-04-15 00:00:00-04:00,29.99616119631124,30.33372619964978,28.842162761209742,29.0462703704834,2494800
2020-04-16 00:00:00-04:00,29.195427114124687,29.375984659690722,28.269086318842625,28.755809783935547,2520700
2020-04-17 00:00:00-04:00,29.50158702415406,30.726238474125257,29.454483893513686,30.569231033325195,2744700
2020-04-20 00:00:00-04:00,29.05412407513002,30.098221345383887,28.54385347243631,28.55170249938965,2534300
2020-04-21 00:00:00-04:00,27.790214055390535,28.473193024398885,27.703859807477333,27.931520462036133,2845100
2020-04-22 00:00:00-04:00,28.36329068089227,29.07767178879916,27.907969340086343,28.77935791015625,1931000
2020-04-23 00:00:00-04:00,28.802906620579055,28.999165190343703,28.07282450148112,28.418241500854492,1930900
2020-04-24 00:00:00-04:00,28.590951547283677,28.763660074403532,27.923673501960124,28.48889923095703,1909100
2020-04-27 00:00:00-04:00,28.873560570736664,29.674295915404382,28.68515401591379,29.532989501953125,1543700
2020-04-28 00:00:00-04:00,30.247371533474393,30.796896158990915,29.572241535954234,29.642894744873047,1861600
2020-04-29 00:00:00-04:00,30.302322984730488,30.506433581109338,29.28177898684089,29.91765785217285,1676500
2020-04-30 00:00:00-04:00,29.4073911269291,29.705705070117304,28.74011301169463,29.41524314880371,2246800
2020-05-01 00:00:00-04:00,28.708705948732252,28.88141446407911,28.13563123241668,28.339738845825195,1612900
2020-05-04 00:00:00-04:00,27.900123373657824,28.708707849651592,27.476204077737975,28.685157775878906,1926300
2020-05-05 00:00:00-04:00,29.046270872700628,29.226828413359915,28.70085683770048,28.732255935668945,1705600
2020-05-06 00:00:00-04:00,28.81076298180637,29.10907689130789,28.292640399339817,28.30048942565918,2256500
2020-05-07 00:00:00-04:00,28.81075569123684,30.318019915300983,28.567394011559312,29.7056941986084,2494200
2020-05-08 00:00:00-04:00,30.231675243777246,30.647745537164695,29.61934933326012,30.098220825195312,1695900
2020-05-11 00:00:00-04:00,29.78420907357809,30.184578362014655,28.912823258358383,29.65860366821289,2929100
2020-05-12 00:00:00-04:00,29.768503945632023,29.80775806259992,28.11993285171539,28.36329460144043,3158600
2020-05-13 00:00:00-04:00,28.104230321019898,28.1827355561449,27.436952293134215,27.617509841918945,2204300
2020-05-14 00:00:00-04:00,27.107234497381,27.468352565672113,26.188745767340194,27.3976993560791,2251300
2020-05-15 00:00:00-04:00,27.091535515411675,27.45265361121518,26.32220217160167,27.28779411315918,5970700
2020-05-18 00:00:00-04:00,28.44964653115514,29.321032155451157,28.44964653115514,28.959917068481445,2504200
2020-05-19 00:00:00-04:00,28.897119974511913,29.054124473079636,28.127786551788436,28.17488670349121,2562000
2020-05-20 00:00:00-04:00,28.59880303286147,28.63020512714413,27.962924099645925,28.481046676635742,1721700
2020-05-21 00:00:00-04:00,28.300489935841757,28.967770982422657,28.135633428146058,28.159183502197266,1812400
2020-05-22 00:00:00-04:00,28.14348164976844,28.50459974468201,27.962924099645925,28.481046676635742,1242200
2020-05-26 00:00:00-04:00,29.5800994037509,30.278779610806584,29.266084414331573,30.027568817138672,1530100
2020-05-27 00:00:00-04:00,30.85184092877807,31.032398420597954,29.564385425597987,30.06680679321289,1888600
2020-05-28 00:00:00-04:00,30.396533780514105,30.396533780514105,29.674300554989845,30.184574127197266,2052800
2020-05-29 00:00:00-04:00,29.82346130278958,30.08252112474298,28.87356730317674,29.030574798583984,5447500
2020-06-01 00:00:00-04:00,28.959915721770038,29.87840743771462,28.928513630102056,29.642894744873047,1948400
2020-06-02 00:00:00-04:00,29.8941042010905,30.019709555100633,29.462332989179547,29.564388275146484,1828500
2020-06-03 00:00:00-04:00,29.9176597539573,30.891100677330417,29.823456469846317,30.76549530029297,1928400
2020-06-04 00:00:00-04:00,30.592779389578652,30.843990058345298,29.854845429742664,30.412221908569336,1641400
2020-06-05 00:00:00-04:00,31.613332091191552,32.86153676656834,31.566228954409475,32.735931396484375,2512700
2020-06-08 00:00:00-04:00,33.19125194899683,33.740776602686985,32.88508902620803,33.57592010498047,2248500
2020-06-09 00:00:00-04:00,32.759471386945066,33.089187253624466,32.33555227035755,32.72806930541992,1546600
2020-06-10 00:00:00-04:00,32.36696939371595,32.57892905051327,31.47203061701752,31.644739151000977,1515200
2020-06-11 00:00:00-04:00,30.184570849562313,30.71054241778916,29.572242030470278,29.674297332763672,2226100
2020-06-12 00:00:00-04:00,30.938209164809663,30.938209164809663,29.799908554136096,30.68699836730957,2991400
2020-06-15 00:00:00-04:00,29.627192234843385,30.741939369273762,29.493734862673815,30.482879638671875,1783200
2020-06-16 00:00:00-04:00,31.60548476802293,32.045105125983916,31.016708946754726,31.47987937927246,2387400
2020-06-17 00:00:00-04:00,31.660433900256812,31.919493655023672,30.215970707532282,30.223819732666016,1482800
2020-06-18 00:00:00-04:00,29.90195729983541,30.184570133532546,29.619344466138276,29.776351928710938,2057000
2020-06-19 00:00:00-04:00,30.07466601863707,30.231670487640404,29.635045719290197,29.642894744873047,7433300
2020-06-22 00:00:00-04:00,29.56440230965497,29.79206305770481,28.944224269658214,29.635055541992188,1572300
2020-06-23 00:00:00-04:00,29.93335942341937,29.964758520232994,29.30533256712276,29.407384872436523,1844800
2020-06-24 00:00:00-04:00,28.991319253203237,29.43878860035516,28.261237056340953,28.567399978637695,2595900
2020-06-25 00:00:00-04:00,28.363289989856735,28.88926153141972,28.151330370301025,28.881412506103516,1230100
2020-06-26 00:00:00-04:00,28.71655842413396,28.90496499416191,28.214133916499748,28.567399978637695,2688700
2020-06-29 00:00:00-04:00,28.87356048611913,28.991316828539475,28.339736924571753,28.881412506103516,1319200
2020-06-30 00:00:00-04:00,28.95991349728914,29.454485921731536,28.84216015458156,29.344581604003906,2067800
2020-07-01 00:00:00-04:00,29.36813861739051,30.577092387574606,29.21113112865629,30.52998924255371,1678000
2020-07-02 00:00:00-04:00,31.048107555498568,31.26006718670951,30.215973071487117,30.27877426147461,1207600
2020-07-06 00:00:00-04:00,31.024562290963626,31.024562290963626,29.86271164681242,29.933364868164062,1172900
2020-07-07 00:00:00-04:00,29.54084046677982,29.68999590024254,28.93636371853392,28.96776580810547,1430300
2020-07-08 00:00:00-04:00,28.97561334579224,29.42308261787906,28.58309623030079,28.67729949951172,1921500
2020-07-09 00:00:00-04:00,28.542520145111173,28.772446727709504,28.130238935633766,28.526662826538086,1129000
2020-07-10 00:00:00-04:00,28.487016434388185,28.98651130298398,28.391875562813574,28.68522834777832,888000
2020-07-13 00:00:00-04:00,28.89137086769965,29.09751297602352,28.463235382092652,28.669374465942383,1702800
2020-07-14 00:00:00-04:00,28.653517585436557,29.137155203339834,28.39187939715355,29.010299682617188,1353000
2020-07-15 00:00:00-04:00,29.359158478500177,29.700083337307287,29.18473398698774,29.414657592773438,2133100
2020-07-16 00:00:00-04:00,29.23229621171041,29.478080107360135,28.875514113016994,29.145082473754883,1365700
2020-07-17 00:00:00-04:00,29.06579900634628,29.160939891497836,28.788303497789975,28.923086166381836,1450300
2020-07-20 00:00:00-04:00,28.740730610568143,28.843801663748447,28.12231034043453,28.35223388671875,1756400
2020-07-21 00:00:00-04:00,28.415665939756156,28.716948957678614,28.1143829218337,28.161954879760742,1413000
2020-07-22 00:00:00-04:00,27.97959307522504,28.94686510943615,27.916163814241422,28.91515350341797,1474400
2020-07-23 00:00:00-04:00,28.756585074251493,29.042010716592262,27.96373741195994,28.2650203704834,1635600
2020-07-24 00:00:00-04:00,28.368091886775204,28.439448306158717,27.94788354178018,28.138168334960938,1529200
2020-07-27 00:00:00-04:00,27.765535206739177,28.01131915681737,27.33739659349647,27.987531661987305,1849300
2020-07-28 00:00:00-04:00,27.92409876378094,28.716946514943608,27.749671290693424,28.447378158569336,1530500
2020-07-29 00:00:00-04:00,28.51873496233598,28.716946902803762,27.749671665489252,27.94788360595703,2848100
2020-07-30 00:00:00-04:00,27.56731548536965,28.67730047457957,27.50388621625673,28.621801376342773,2204000
2020-07-31 00:00:00-04:00,28.487020598320203,28.74865878951233,27.971668338387587,28.70108985900879,1639000
2020-08-03 00:00:00-04:00,28.32844806864356,28.36016270264111,27.702097657324845,27.844810485839844,1530600
2020-08-04 00:00:00-04:00,27.58317721493411,28.130241138409914,27.42460704126048,27.89238739013672,1374700
2020-08-05 00:00:00-04:00,28.06681398838106,28.249168623723115,27.741746503732287,28.161954879760742,1215200
2020-08-06 00:00:00-04:00,27.939956394948315,28.336380274973564,27.741744454935688,28.138168334960938,911500
2020-08-07 00:00:00-04:00,27.971674990582823,28.455312728881836,27.900318553383382,28.455312728881836,892500
2020-08-10 00:00:00-04:00,28.49494648959371,28.748657522680006,28.257092774134566,28.518733978271484,754400
2020-08-11 00:00:00-04:00,28.80416085940477,28.946870675109754,28.225379327303475,28.376022338867188,1400800
2020-08-12 00:00:00-04:00,28.518742017270203,28.590098454469647,28.17781715337008,28.455312728881836,902700
2020-08-13 00:00:00-04:00,28.288810124518903,28.55044832929349,27.424605889975144,27.519746780395508,1816900
2020-08-14 00:00:00-04:00,27.464248515815356,28.130240818081123,27.369107622484382,27.765531539916992,2593600
2020-08-17 00:00:00-04:00,27.757599632733534,27.892385328961886,27.480104117666755,27.78931427001953,1666500
2020-08-18 00:00:00-04:00,27.97167096473628,27.97167096473628,27.361177762001226,27.89238739013672,1336200
2020-08-19 00:00:00-04:00,27.892388588403907,28.06681608938582,26.8537567794724,27.09954071044922,1857800
2020-08-20 00:00:00-04:00,26.98060808182742,27.535602114132224,26.917181834278555,27.273963928222656,1002600
2020-08-21 00:00:00-04:00,27.369108005897413,27.44839158070483,26.663473906898073,27.02025604248047,1362900
2020-08-24 00:00:00-04:00,27.020252265063583,27.377031326293945,26.560399126939163,27.377031326293945,1227700
2020-08-25 00:00:00-04:00,27.37703263279852,27.59110189443714,27.075752656691627,27.448389053344727,1255300
2020-08-26 00:00:00-04:00,27.369101688473563,27.39288615053088,26.67932506854706,26.79032325744629,1398900
2020-08-27 00:00:00-04:00,26.95682697568663,27.821031255592036,26.75861501263011,27.694175720214844,1763900
2020-08-28 00:00:00-04:00,27.749677044404315,27.836890799031266,27.25811218361352,27.821033477783203,1292700
2020-08-31 00:00:00-04:00,27.702107136809104,27.702107136809104,27.305683149607898,27.59903907775879,1944900
2020-09-01 00:00:00-04:00,27.40081974493029,27.519745094551848,27.083679430324413,27.432531356811523,1740200
2020-09-02 00:00:00-04:00,27.39288995472138,27.91616936396952,27.147109080732758,27.88445472717285,2377200
2020-09-03 00:00:00-04:00,28.18574141289976,28.598022671736945,27.717961044649357,27.860673904418945,2948600
2020-09-04 00:00:00-04:00,27.97167111082157,28.336383419518025,27.44839165209785,27.995458602905273,2098800
2020-09-08 00:00:00-04:00,27.868600429660937,28.058882201468002,27.115394440445247,27.448389053344727,2105100
2020-09-09 00:00:00-04:00,27.527679367488354,27.876531345954234,27.075756317746894,27.313610076904297,1896600
2020-09-10 00:00:00-04:00,27.408751279040985,27.551464141009948,26.86961447259706,27.115398406982422,2459900
2020-09-11 00:00:00-04:00,27.020255427175687,27.139180786678647,26.520760448734826,26.687257766723633,2490900
2020-09-14 00:00:00-04:00,26.877539243753766,28.09059530223372,26.877539243753766,27.900310516357422,2750000
2020-09-15 00:00:00-04:00,27.749665090400104,28.05887516034881,27.48009679425728,27.591094970703125,1779900
2020-09-16 00:00:00-04:00,27.702104943844905,28.043029787807523,27.535607608274724,27.71796226501465,1811900
2020-09-17 00:00:00-04:00,27.567319286349417,27.844814815794454,27.32946554332875,27.559389114379883,2004500
2020-09-18 00:00:00-04:00,27.36910924294414,27.55146389282299,26.84582976192994,26.877544403076172,3526100
2020-09-21 00:00:00-04:00,26.425617601264765,26.528685633647445,25.379055763322064,25.49005699157715,2959400
2020-09-22 00:00:00-04:00,25.52176835830783,26.2432597004192,25.49798389329044,26.045047760009766,2247800
2020-09-23 00:00:00-04:00,26.068838870992295,26.30669262763149,25.339417256227534,25.371131896972656,2137700
2020-09-24 00:00:00-04:00,25.268058208726465,25.585197003151876,25.06984627318095,25.244272232055664,2192500
2020-09-25 00:00:00-04:00,25.188775393136122,25.712054828969595,25.06984852358073,25.696197509765625,2399700
2020-09-28 00:00:00-04:00,26.171901908394915,26.465257742438222,25.838907317717464,26.16397476196289,1576200
2020-09-29 00:00:00-04:00,26.052978306030592,26.203618294097588,25.47419979464785,25.624839782714844,1434900
2020-09-30 00:00:00-04:00,25.85476303100586,26.04504477830945,25.513838290573595,25.85476303100586,3112200
2020-10-01 00:00:00-04:00,25.854766255855434,26.806184184464705,25.815124472262177,26.798254013061523,2846500
2020-10-02 00:00:00-04:00,26.433545218681445,27.670388849556243,26.052978645598646,27.543533325195312,2583700
2020-10-05 00:00:00-04:00,27.725891048815146,27.85274658734309,27.115397824501095,27.836889266967773,2060900
2020-10-06 00:00:00-04:00,27.97167524337515,28.28088546587556,27.575251260790015,27.797250747680664,2076100
2020-10-07 00:00:00-04:00,27.88445738776517,28.154025777309247,27.456321848056536,27.91617202758789,2699300
2020-10-08 00:00:00-04:00,28.044334738089468,28.669146360233864,27.948211048419946,28.62909507751465,2689500
2020-10-09 00:00:00-04:00,28.81333210698405,28.81333210698405,28.22056276036759,28.412813186645508,1325300
2020-10-12 00:00:00-04:00,28.380776475223175,28.508942432501183,27.97224538559378,28.468891143798828,1928400
2020-10-13 00:00:00-04:00,28.068373535488064,28.428841263097116,27.427543717359534,27.571727752685547,1715600
2020-10-14 00:00:00-04:00,27.555703417236046,27.635805980399713,27.04303662355106,27.12314224243164,1300100
2020-10-15 00:00:00-04:00,26.898853390717843,27.427538267590492,26.85079001801415,27.083091735839844,1182700
2020-10-16 00:00:00-04:00,26.954925640198745,27.02701917097459,26.442258834838867,26.442258834838867,2053200
2020-10-19 00:00:00-04:00,26.538388341850606,26.61048188013008,25.73735038573078,25.745359420776367,2180800
2020-10-20 00:00:00-04:00,26.009702351474612,26.161898456867384,25.777400620308924,25.889545440673828,1493200
2020-10-21 00:00:00-04:00,25.889543888603807,26.153887854231325,25.689284419752777,25.969646453857422,1517100
2020-10-22 00:00:00-04:00,25.98566929053517,26.3301158441157,25.88954559475278,26.25802230834961,1660500
2020-10-23 00:00:00-04:00,26.474301679699153,26.64251890339444,26.16189739120303,26.266033172607422,1223000
2020-10-26 00:00:00-04:00,26.033730847862117,26.16189678519214,25.352848350884795,25.59316062927246,1949000
2020-10-27 00:00:00-04:00,25.521069764871978,25.857504239618635,24.896259609216795,24.90427017211914,2082000
2020-10-28 00:00:00-04:00,24.359562235988783,24.59987299306192,23.58255602878435,23.710721969604492,3155200
2020-10-29 00:00:00-04:00,23.710722479908352,24.439666856958258,23.50245243962858,23.96705436706543,3451700
2020-10-30 00:00:00-04:00,23.790824224925537,25.27274299204948,23.790824224925537,25.02442169189453,3768200
2020-11-02 00:00:00-05:00,25.31279765475854,26.298075421611394,25.11253818205928,26.266033172607422,2943800
2020-11-03 00:00:00-05:00,26.50633809944376,27.884123946442234,26.482307945834002,27.69187355041504,2955100
2020-11-04 00:00:00-05:00,27.571719319478156,27.771978767373433,26.906859541438493,27.419523239135742,3472100
2020-11-05 00:00:00-05:00,27.507637419218582,27.651824463718373,27.099109496946916,27.115127563476562,2788200
2020-11-06 00:00:00-05:00,27.067064849305034,27.63580088782753,26.754660632531163,26.850784301757812,1673800
2020-11-09 00:00:00-05:00,29.37405640456091,33.08286249452603,29.350026246962468,30.559595108032227,3542300
2020-11-10 00:00:00-05:00,30.67974984820657,32.3138678384213,30.631689531605353,31.97743034362793,4248100
2020-11-11 00:00:00-05:00,31.98544348998757,32.2257542480818,30.75985648470506,30.984146118164062,2679600
2020-11-12 00:00:00-05:00,30.751852709481724,30.98415449592865,30.00688701895738,30.535572052001953,1752100
2020-11-13 00:00:00-05:00,30.695774639131532,31.248489736089894,30.67174447796036,31.13634490966797,1745800
2020-11-16 00:00:00-05:00,32.26580246021031,32.554176564757924,31.480785762117804,32.25779342651367,2107800
2020-11-17 00:00:00-05:00,31.8732899107307,32.4260048079681,31.568894737779154,32.26579666137695,1376300
2020-11-18 00:00:00-05:00,32.289834864890715,32.39396757892572,30.92806999177229,30.936079025268555,1942200
2020-11-19 00:00:00-05:00,30.623681275387746,31.136345088092828,30.191120037523824,31.080272674560547,1998800
2020-11-20 00:00:00-05:00,31.280531779312344,31.544875773299946,30.952106337390283,31.424718856811523,1812100
2020-11-23 00:00:00-05:00,31.729106056795874,32.06554044813096,31.408689731576853,31.77716636657715,2266500
2020-11-24 00:00:00-05:00,32.337905838271006,32.52214422659083,31.993459225758965,32.15366744995117,2087700
2020-11-25 00:00:00-05:00,32.057537620669976,32.09758890514622,31.51283159578509,31.849266052246094,2189000
2020-11-27 00:00:00-05:00,31.84926421053951,31.84926421053951,30.93608153213122,31.416706085205078,879300
2020-11-30 00:00:00-05:00,31.384657826056326,31.568896133279697,30.62367138789623,30.815921783447266,7764100
2020-12-01 00:00:00-05:00,31.376657632740184,31.592938263834274,30.863993791206425,30.94409942626953,2008000
2020-12-02 00:00:00-05:00,31.032210410649984,32.06554700661452,30.920062534883733,31.54487419128418,2147200
2020-12-03 00:00:00-05:00,31.560886327419578,32.26579729716468,31.408687210086647,32.041507720947266,1460600
2020-12-04 00:00:00-05:00,32.28183210894379,32.73041450734577,32.14565711011963,32.58622741699219,1790400
2020-12-07 00:00:00-05:00,32.594225169256475,32.89862037192861,32.27381190050587,32.53014373779297,2711400
2020-12-08 00:00:00-05:00,32.21774934566514,32.69036188800878,32.177695001081425,32.185707092285156,1717300
2020-12-09 00:00:00-05:00,32.12161555660477,32.418001751937574,31.48879799727063,31.737117767333984,3112800
2020-12-10 00:00:00-05:00,31.432725422389744,31.817223209561522,30.69576903852292,30.703781127929688,2662900
2020-12-11 00:00:00-05:00,30.47948500382713,30.783880196712587,30.295246692682795,30.551578521728516,1673200
2020-12-14 00:00:00-05:00,30.968127605282376,31.128335809429004,30.046932723227265,30.11101722717285,1391800
2020-12-15 00:00:00-05:00,30.231175356122534,30.75986031199825,29.742541688959726,30.751848220825195,2039100
2020-12-16 00:00:00-05:00,30.888026041891425,31.072264413188257,30.33530787228349,30.431434631347656,2251000
2020-12-17 00:00:00-05:00,30.583630974800528,30.767869347453846,30.191121011692175,30.751848220825195,1698200
2020-12-18 00:00:00-05:00,30.67975351351746,30.79189833994087,29.374060772193438,29.646413803100586,5491800
2020-12-21 00:00:00-05:00,29.133753924517453,29.742544572559925,28.925485369587822,29.59034538269043,2167300
2020-12-22 00:00:00-05:00,29.70248717132658,29.9908582521415,29.39007981960545,29.934785842895508,1135700
2020-12-23 00:00:00-05:00,30.11902306403616,30.399388155450755,29.638401558349727,29.662431716918945,1257600
2020-12-24 00:00:00-05:00,29.750544467988018,29.934782801896713,29.51824276430091,29.894731521606445,326600
2020-12-28 00:00:00-05:00,29.95882073302842,30.51153582180473,29.95882073302842,30.455463409423828,841900
2020-12-29 00:00:00-05:00,30.47949105730148,30.719801812794955,29.958818263018458,30.014890670776367,1126500
2020-12-30 00:00:00-05:00,30.06294292653192,30.487494971626827,30.046921806366434,30.415401458740234,904600
2020-12-31 00:00:00-05:00,30.399391907360325,30.839962184567817,30.030915170475325,30.783889770507812,1255500
2021-01-04 00:00:00-05:00,30.783879102296524,30.976126439387897,29.51022903512995,29.518238067626953,2152100
2021-01-05 00:00:00-05:00,29.638395792821402,29.87870649891721,29.422115240620247,29.470178604125977,1826700
2021-01-06 00:00:00-05:00,29.80661936036589,30.703784003507888,29.53426635364726,30.56760597229004,2765900
2021-01-07 00:00:00-05:00,30.543579865686986,30.567610027912536,29.83866556846858,30.08698844909668,1860200
2021-01-08 00:00:00-05:00,30.11124331696719,30.28108843130094,29.90095933045229,30.232563018798828,879100
2021-01-11 00:00:00-05:00,30.232569895230906,30.345799997207717,29.73920752065575,29.965667724609375,1485600
2021-01-12 00:00:00-05:00,29.92522420622175,30.499464254574622,29.723026745368898,30.3538818359375,2524600
2021-01-13 00:00:00-05:00,30.370057140949513,30.960473339645546,30.200212019123594,30.93621063232422,1291600
2021-01-14 00:00:00-05:00,31.106056836344038,31.526627927846015,30.84724433161796,31.324430465698242,2074900
2021-01-15 00:00:00-05:00,31.275905335641223,31.963378632226757,31.186941034348074,31.882497787475586,1972200
2021-01-19 00:00:00-05:00,32.060434220098614,32.060434220098614,31.114151427195683,31.28399658203125,1902700
2021-01-20 00:00:00-05:00,31.04135815960753,32.02807976929194,30.822984509804197,31.92293930053711,2074900
2021-01-21 00:00:00-05:00,31.664130753140313,31.987644912378343,31.372965850123716,31.761184692382812,1117200
2021-01-22 00:00:00-05:00,31.615602546129566,31.850152396411907,31.5104589778497,31.631778717041016,1201300
2021-01-25 00:00:00-05:00,31.526632978865294,31.825884406907615,31.219291923279474,31.55089569091797,1546700
2021-01-26 00:00:00-05:00,31.623679115066235,31.91484392906286,31.364866632688827,31.712646484375,1453400
2021-01-27 00:00:00-05:00,31.502367153885395,31.85823359841138,30.677401087436017,30.863422393798828,1390400
2021-01-28 00:00:00-05:00,30.93621209855014,31.955285963093104,30.798719303495048,31.478099822998047,1798300
2021-01-29 00:00:00-05:00,31.25164375989691,31.64795220034938,30.72593213372026,31.09797477722168,1152400
2021-02-01 00:00:00-05:00,31.227373418998393,31.405308155152994,30.61269146789419,31.348690032958984,1533500
2021-02-02 00:00:00-05:00,31.429563522338867,31.66411324063391,31.211189965852526,31.429563522338867,1291500
2021-02-03 00:00:00-05:00,31.138407257986195,31.90675818400714,30.96856214068454,31.769262313842773,1399500
2021-02-04 00:00:00-05:00,31.728819541601222,32.54569886586903,31.47809362404903,32.14130401611328,1553700
2021-02-05 00:00:00-05:00,32.335419540638355,32.440563090572525,31.979553098546244,32.40821075439453,1000200
2021-02-08 00:00:00-05:00,32.537620189940974,33.2089173473635,32.238368764304965,33.12803649902344,1608500
2021-02-09 00:00:00-05:00,33.289795537784755,33.37067330187422,32.933929056386575,33.297882080078125,1300900
2021-02-10 00:00:00-05:00,31.93103108716889,33.88021500155729,31.712657401496013,33.75080871582031,1743100
2021-02-11 00:00:00-05:00,33.96917139878751,35.09338872048222,33.59712883346044,35.036773681640625,2279800
2021-02-12 00:00:00-05:00,35.012518547898125,35.158100989346714,34.46254112137874,34.543418884277344,1899300
2021-02-16 00:00:00-05:00,34.54342228791553,34.66474202950622,34.00962097843705,34.37357711791992,1338200
2021-02-17 00:00:00-05:00,34.38166003244219,34.40592582937297,33.88021111834658,34.211814880371094,1423000
2021-02-18 00:00:00-05:00,34.11475573617801,34.43018328048465,33.85594323391162,33.93682098388672,1809000
2021-02-19 00:00:00-05:00,34.050049173737456,34.30077512117363,33.807412852021805,34.1471061706543,2797200
2021-02-22 00:00:00-05:00,34.203729890303286,34.57577255037598,34.00961893249331,34.32504653930664,1484400
2021-02-23 00:00:00-05:00,34.59194339964297,35.33602860533192,34.45444751624222,35.16618347167969,2042000
2021-02-24 00:00:00-05:00,35.12574005126953,35.336024034501584,34.85883794552194,35.12574005126953,2016300
2021-02-25 00:00:00-05:00,35.10148591461397,35.31176994918201,34.0824088251603,34.276519775390625,1619000
2021-02-26 00:00:00-05:00,34.26843067559645,34.389750407019584,33.28170899549138,33.297882080078125,2572600
2021-03-01 00:00:00-05:00,33.831681477595964,34.486799292571284,33.76697680756516,34.04196548461914,1958800
2021-03-02 00:00:00-05:00,33.896388813187464,34.32504652635782,33.66992860023543,34.05814743041992,1961400
2021-03-03 00:00:00-05:00,34.17137052185221,34.996336523620286,34.03387773086838,34.52723693847656,1725600
2021-03-04 00:00:00-05:00,34.624291885596335,34.94780594916197,33.75888706049379,34.24415969848633,2444900
2021-03-05 00:00:00-05:00,34.373562596493684,34.72942895737727,33.718441822186286,34.41400146484375,2311100
2021-03-08 00:00:00-05:00,34.689006070530134,35.45735726431841,34.357402260826476,35.141929626464844,2011200
2021-03-09 00:00:00-05:00,34.947806619088276,35.48969739101288,34.680907588662556,34.7132568359375,1458500
2021-03-10 00:00:00-05:00,34.71325469763463,35.24705889618074,34.17136704437803,35.052947998046875,2329500
2021-03-11 00:00:00-05:00,35.04486645027478,35.59484072187511,34.923546735997824,35.26323699951172,2264600
2021-03-12 00:00:00-05:00,35.667632923671256,36.56539019543859,35.530140123275906,36.51686477661133,2849100
2021-03-15 00:00:00-04:00,36.727152245139074,37.22860116034873,36.27422875332105,36.880821228027344,2192100
2021-03-16 00:00:00-04:00,36.913171706833545,37.115369188212156,35.95071280617528,36.16908645629883,1736300
2021-03-17 00:00:00-04:00,36.26613195377666,36.605822162596525,35.9264386596688,36.55729675292969,1849500
2021-03-18 00:00:00-04:00,36.37127943730447,36.66244426810881,36.10437731397105,36.39554214477539,1844600
2021-03-19 00:00:00-04:00,36.31466112269684,36.37127615855088,35.020595667476556,35.052947998046875,3060700
2021-03-22 00:00:00-04:00,34.98825322694515,35.38456167523491,34.75370647723175,35.206626892089844,1647200
2021-03-23 00:00:00-04:00,35.15809492015168,35.4816090011881,34.9963363369893,35.3441162109375,1386400
2021-03-24 00:00:00-04:00,35.21471775833373,35.708080157834296,35.10148765063636,35.18236541748047,2527000
2021-03-25 00:00:00-04:00,35.20663413966314,36.01542428730742,34.64048350454379,35.829402923583984,1985300
2021-03-26 00:00:00-04:00,35.9345360226082,36.24187705292608,35.82130592861968,36.20143508911133,1393600
2021-03-29 00:00:00-04:00,35.999235601658555,36.20952269471753,35.546315250987206,35.918357849121094,1552500
2021-03-30 00:00:00-04:00,35.877918356343514,36.13673086236226,35.78895097890799,35.91027069091797,1436000
2021-03-31 00:00:00-04:00,35.02868463312516,35.9183521100389,34.72134366907088,35.47351837158203,5540100
2021-04-01 00:00:00-04:00,35.602937141886365,35.89410204347889,35.352211124339675,35.877925872802734,2441300
2021-04-05 00:00:00-04:00,36.08820423534442,36.152908907854844,34.939724065881784,35.43308639526367,2368600
2021-04-06 00:00:00-04:00,35.352197198936196,35.65953815014176,35.182352101673075,35.6271858215332,2392100
2021-04-07 00:00:00-04:00,35.85366429058909,36.1205634019433,35.54632320862404,36.08821105957031,1647900
2021-04-08 00:00:00-04:00,35.92756381375873,36.123263729714076,35.7318607872093,35.85417556762695,1166400
2021-04-09 00:00:00-04:00,36.000954779997045,36.09880474536792,35.7074017732901,35.92756652832031,1495500
2021-04-12 00:00:00-04:00,35.92756837350581,36.082497752516154,35.56877996439524,36.00910949707031,1649900
2021-04-13 00:00:00-04:00,35.91941388498328,36.237428634910614,35.80525506301907,36.21296691894531,2246000
2021-04-14 00:00:00-04:00,36.188491185106216,36.49019697065722,36.00094417729918,36.02540588378906,1325000
2021-04-15 00:00:00-04:00,36.07434004832381,36.669598880209705,36.066184070704054,36.58805465698242,1711100
2021-04-16 00:00:00-04:00,36.84083675551693,36.88160731147102,36.46574266378885,36.71036911010742,1314600
2021-04-19 00:00:00-04:00,36.84898750701272,36.84898750701272,36.514663990431856,36.80006408691406,983600
2021-04-20 00:00:00-04:00,36.77560681368166,37.61549532133951,36.77560681368166,37.36271286010742,2332600
2021-04-21 00:00:00-04:00,37.4850219745812,38.015045421178336,37.21593070722736,37.843807220458984,1746000
2021-04-22 00:00:00-04:00,37.92535149784991,38.15367222846196,37.623645627027244,37.63180160522461,1791400
2021-04-23 00:00:00-04:00,37.607335984261695,38.30044791841839,37.53394773501203,38.14551544189453,2056900
2021-04-26 00:00:00-04:00,38.30860726878698,38.44723092331519,37.99874537389576,38.169986724853516,1822500
2021-04-27 00:00:00-04:00,38.24337514350821,38.55323392907663,37.819354419967745,38.16183090209961,2813700
2021-04-28 00:00:00-04:00,38.316753400424936,38.43906506470838,37.32193568916444,37.346397399902344,2218800
2021-04-29 00:00:00-04:00,37.58287454244612,37.982433482485995,37.37901863868162,37.51763916015625,1928800
2021-04-30 00:00:00-04:00,37.44426138874439,37.97428813109196,37.29748795870771,37.87643814086914,2039900
2021-05-03 00:00:00-04:00,38.14551356815997,38.23521065845849,37.558410713595734,37.60733413696289,1429500
2021-05-04 00:00:00-04:00,37.631802647765085,37.868273141937046,36.91422896563714,37.15885543823242,2408100
2021-05-05 00:00:00-04:00,36.97945742384226,37.18331331506652,36.506513373710895,36.702213287353516,1864300
2021-05-06 00:00:00-04:00,36.79190891127918,37.460555959006165,36.6125178493533,37.4116325378418,1976700
2021-05-07 00:00:00-04:00,37.25671549144905,37.86828339380071,37.25671549144905,37.7459716796875,1393700
2021-05-10 00:00:00-04:00,37.90905172650827,38.520619542563004,37.80304576742557,38.047672271728516,1040600
2021-05-11 00:00:00-04:00,37.72149293894499,37.8927342525122,37.240392908738954,37.60733413696289,1829400
2021-05-12 00:00:00-04:00,37.680724293499374,37.803039079308284,36.43312716486303,36.563594818115234,2081700
2021-05-13 00:00:00-04:00,36.61252546864715,37.72149909060733,36.57175179506637,37.40348434448242,1385000
2021-05-14 00:00:00-04:00,37.37086417549414,37.9661230157982,37.33824648574195,37.82749938964844,1624000
2021-05-17 00:00:00-04:00,37.8274954208257,37.94981018926623,37.56656015137342,37.83565139770508,1246800
2021-05-18 00:00:00-04:00,37.70519653750396,37.982440744051594,37.411643482265895,37.69704055786133,1287000
2021-05-19 00:00:00-04:00,37.436095347641476,37.517636459038954,36.7592954133792,37.3382453918457,1468600
2021-05-20 00:00:00-04:00,37.31378909229597,37.99874516049608,37.19963026602841,37.884586334228516,1312800
2021-05-21 00:00:00-04:00,37.884575985350224,38.11289668611002,37.69702894905767,37.811187744140625,1144300
2021-05-24 00:00:00-04:00,37.95797360556936,38.496153137220205,37.82750593458111,38.300453186035156,1352800
2021-05-25 00:00:00-04:00,38.3493718489106,38.4798395036722,37.98243370842714,38.36568069458008,1376800
2021-05-26 00:00:00-04:00,38.41460325729526,38.732617938463406,38.210747373408616,38.37383270263672,1277700
2021-05-27 00:00:00-04:00,38.594001513384825,38.61030724849809,38.26783082042285,38.30860137939453,3367100
2021-05-28 00:00:00-04:00,38.65107980721729,38.985403358127314,38.42275908446823,38.838626861572266,1484100
2021-06-01 00:00:00-04:00,39.02617781662047,39.78452208775387,38.830474764788356,39.743751525878906,1823400
2021-06-02 00:00:00-04:00,39.90683269307577,40.38793277560345,39.67851506428108,40.32270050048828,2464300
2021-06-03 00:00:00-04:00,40.314543345052456,40.314543345052456,39.88236981442364,39.99652862548828,2531500
2021-06-04 00:00:00-04:00,40.20853769671624,40.36346705651323,39.70297283941096,39.98021697998047,1605600
2021-06-07 00:00:00-04:00,40.12700134721462,40.62441032443003,39.94761024029695,40.265625,2365000
2021-06-08 00:00:00-04:00,40.412386836627434,40.87717794892974,40.347151468293426,40.42869567871094,2850000
2021-06-09 00:00:00-04:00,40.56731819629863,40.795635775681774,40.290074088221786,40.50208282470703,1613200
2021-06-10 00:00:00-04:00,40.57549204560773,41.26044824856825,40.493950899543876,40.926124572753906,1331600
2021-06-11 00:00:00-04:00,40.98318746029104,41.01580514979339,40.616249340468876,41.007652282714844,2364700
2021-06-14 00:00:00-04:00,40.877182161261025,40.90979673819534,40.60809090504416,40.86902618408203,1437800
2021-06-15 00:00:00-04:00,40.73855630597991,40.836409363187514,40.42869762327035,40.45315933227539,1279600
2021-06-16 00:00:00-04:00,40.55917171501365,40.730409926507505,40.11068624120467,40.12699508666992,1244600
2021-06-17 00:00:00-04:00,40.086224528303894,40.2411538943325,39.71928328182119,40.12699508666992,2360500
2021-06-18 00:00:00-04:00,40.102541700955655,40.469483023632755,39.31157963991779,39.32788848876953,3362600
2021-06-21 00:00:00-04:00,39.53173289970439,40.54285945934117,39.43388294573758,40.40423583984375,1568600
2021-06-22 00:00:00-04:00,40.43685845276571,40.551017264729175,40.1922319827591,40.33085250854492,1940400
2021-06-23 00:00:00-04:00,40.29822494204292,40.66516611243779,40.175913292307015,40.42869567871094,1536200
2021-06-24 00:00:00-04:00,40.502082750285474,40.648859225503145,40.17591522470798,40.45315933227539,1844500
2021-06-25 00:00:00-04:00,40.44501248897825,40.68964207664663,40.298235980615,40.65702438354492,1386100
2021-06-28 00:00:00-04:00,40.77933248387332,40.8037973068473,40.110685387008424,40.5917854309082,2017600
2021-06-29 00:00:00-04:00,40.59179150667477,40.74672400318839,40.21669734460056,40.339012145996094,1367200
2021-06-30 00:00:00-04:00,40.33901981910698,40.69780520186872,39.8905342024108,39.93946075439453,2102800
2021-07-01 00:00:00-04:00,39.97206789687433,40.75487385826026,39.833444258169564,40.436859130859375,1618300
2021-07-02 00:00:00-04:00,40.43685980540707,40.803801077988595,40.36347155089076,40.54286575317383,1827200
2021-07-06 00:00:00-04:00,40.53470418392915,41.17073667221229,40.126992406314265,41.07288360595703,2972300
2021-07-07 00:00:00-04:00,40.93426779055766,41.79046199965116,40.72225589994366,41.57029724121094,2288300
2021-07-08 00:00:00-04:00,41.25228887791438,41.8230861422046,40.991353518912256,41.70077133178711,2842000
2021-07-09 00:00:00-04:00,42.19597339522038,42.68051271449307,41.81819469355461,42.672298431396484,2630000
2021-07-12 00:00:00-04:00,42.40129558532914,43.189697756552576,42.36023355965054,42.93510818481445,2053900
2021-07-13 00:00:00-04:00,42.74622151126048,42.97617450034869,42.27810751369181,42.6230354309082,2279200
2021-07-14 00:00:00-04:00,42.55733382280083,43.06650984884074,42.458784331626106,42.967960357666016,1656000
2021-07-15 00:00:00-04:00,43.05829445783131,43.40321920940359,42.87761779777067,43.337520599365234,1637100
2021-07-16 00:00:00-04:00,43.501766350555364,43.805629041019394,43.37857716458909,43.73171615600586,2025800
2021-07-19 00:00:00-04:00,43.31288587583731,43.6085343329781,42.770859005165015,43.288246154785156,4088600
2021-07-20 00:00:00-04:00,43.509984213161594,44.78292575558559,43.296459808422036,44.487274169921875,2389500
2021-07-21 00:00:00-04:00,44.54476611584668,45.209979070961495,44.48727552103792,44.635101318359375,2025700
2021-07-22 00:00:00-04:00,44.536546136655446,44.70079734965946,44.21625799435485,44.62688446044922,4802300
2021-07-23 00:00:00-04:00,44.774709917960806,45.21818725004375,44.56939668638514,45.11142349243164,1972300
2021-07-26 00:00:00-04:00,44.92253576202715,45.300311356807825,44.717222530146614,45.22639846801758,2070600
2021-07-27 00:00:00-04:00,45.17712983304687,45.513843465172464,44.881481360532945,45.34138107299805,1707200
2021-07-28 00:00:00-04:00,45.40707769864251,45.59596550678223,45.08678953993466,45.234615325927734,1545700
2021-07-29 00:00:00-04:00,45.448151972085846,45.94090263633751,45.11143828718633,45.653465270996094,1734300
2021-07-30 00:00:00-04:00,45.76843105513908,46.244759317018264,45.029305206720906,45.16070556640625,2639600
2021-08-02 00:00:00-04:00,45.21819302796661,45.875194826393326,44.865053973906306,45.16070556640625,1454900
2021-08-03 00:00:00-04:00,45.2510370080796,45.34137533526245,44.86505024579572,45.27567672729492,1219000
2021-08-04 00:00:00-04:00,45.19355897780139,45.34959907833016,44.8322087265307,45.05394744873047,1023500
2021-08-05 00:00:00-04:00,45.390655517578125,45.53848131416983,44.897901817995205,45.390655517578125,997000
2021-08-06 00:00:00-04:00,45.53846830621751,45.77663236967668,45.045714747388445,45.07035446166992,2125700
2021-08-09 00:00:00-04:00,44.91431739256452,45.19354348783443,44.618668997129625,44.84040451049805,1565900
2021-08-10 00:00:00-04:00,44.87326004221537,44.99644923607851,44.1177088428267,44.1423454284668,2418900
2021-08-11 00:00:00-04:00,44.21626256790046,44.44621241019234,43.70708657446917,43.77278518676758,2170400
2021-08-12 00:00:00-04:00,43.89597436513809,44.01916043793276,43.50998444481852,43.71529769897461,1733500
2021-08-13 00:00:00-04:00,43.682454552980474,44.027382510045996,43.58390505074698,43.9288330078125,1432500
2021-08-16 00:00:00-04:00,43.87954395645818,44.355869023050936,43.772780199202565,43.89596939086914,1728000
2021-08-17 00:00:00-04:00,43.76458094300612,43.84670500454981,42.94332779624076,43.52641677856445,2123700
2021-08-18 00:00:00-04:00,43.41142701754623,43.53461306780302,43.05828803438085,43.214324951171875,2276400
2021-08-19 00:00:00-04:00,43.05008844968112,43.64139171785847,42.861200601864944,43.52641677856445,1165500
2021-08-20 00:00:00-04:00,43.427864141600885,43.87133842787217,43.05829962568156,43.60032653808594,1258200
2021-08-23 00:00:00-04:00,43.56747037488557,43.77278362182926,43.091145271048596,43.2225456237793,1118400
2021-08-24 00:00:00-04:00,43.33751772812866,43.468918072331235,42.532690228283975,42.81191635131836,1506500
2021-08-25 00:00:00-04:00,42.82834498001726,43.296458936952085,42.54090455181574,42.85298156738281,1520800
2021-08-26 00:00:00-04:00,42.90226119805711,43.36216090627183,42.72979567464479,43.107574462890625,1237200
2021-08-27 00:00:00-04:00,43.345729238955414,43.731719123869304,43.15684143839771,43.37036895751953,1159700
2021-08-30 00:00:00-04:00,43.40321762786386,43.99452076082057,43.214329823243006,43.90418243408203,1148700
2021-08-31 00:00:00-04:00,43.79742649132546,44.421577428472034,43.65781184429146,44.36408996582031,2988700
2021-09-01 00:00:00-04:00,44.65974145846471,45.52205652903582,44.503701374922755,45.407081604003906,2164200
2021-09-02 00:00:00-04:00,45.579542767324234,45.694517689268025,44.947177563801745,45.54669189453125,1919200
2021-09-03 00:00:00-04:00,45.32494492318366,45.62059645865227,44.823983302340835,45.47277069091797,1529100
2021-09-07 00:00:00-04:00,45.259252562712675,45.259252562712675,43.5674702836212,44.22447204589844,2239800
2021-09-08 00:00:00-04:00,44.035589559550004,45.01288273613505,43.871338315912595,44.75829315185547,1804600
2021-09-09 00:00:00-04:00,44.63510424183309,44.63510424183309,43.95346580538919,43.9863166809082,1639300
2021-09-10 00:00:00-04:00,44.06843459628543,44.10128546722693,43.29645792614907,43.32109451293945,1418400
2021-09-13 00:00:00-04:00,43.99451368978916,44.28195092609389,43.64137472356853,43.805625915527344,1765200
2021-09-14 00:00:00-04:00,43.97809532570162,44.16698313032248,43.526406824840315,43.90418243408203,1175800
2021-09-15 00:00:00-04:00,43.928822277241096,44.47906025753871,43.805633079916724,44.06022262573242,1499100
2021-09-16 00:00:00-04:00,44.10128340812286,44.42157155276942,43.66601722054941,44.1423454284668,1837600
2021-09-17 00:00:00-04:00,43.87954572206154,44.23268474402845,43.509981265022766,43.674232482910156,7464800
2021-09-20 00:00:00-04:00,43.25539042946984,43.96166845232104,43.14041552023012,43.641380310058594,3125300
2021-09-21 00:00:00-04:00,44.01095380106601,44.39694376098227,43.739938774018775,43.789215087890625,1930200
2021-09-22 00:00:00-04:00,44.19162421894168,44.47085035895447,43.96167125298135,44.05200958251953,2201300
2021-09-23 00:00:00-04:00,44.39693189784744,44.82398377213003,44.183404394290584,44.33123016357422,2757800
2021-09-24 00:00:00-04:00,44.134143734401725,44.610468911552644,43.94525276124849,43.97810363769531,1604000
2021-09-27 00:00:00-04:00,44.04380378729516,44.421579454185725,43.197910980157886,43.27182388305664,1868900
2021-09-28 00:00:00-04:00,42.967961119064825,43.47713715412741,42.63945863221883,43.27182388305664,1617900
2021-09-29 00:00:00-04:00,43.59210859634541,44.232684902283545,43.42785737787037,43.961669921875,1181400
2021-09-30 00:00:00-04:00,44.20804610850042,44.29017014722142,43.33751688703402,43.509979248046875,2485600
2021-10-01 00:00:00-04:00,43.86312681703664,44.19984045405931,43.09936120306267,43.96989059448242,1408700
2021-10-04 00:00:00-04:00,43.797426391527715,44.30660240221062,43.534622534935,44.13414001464844,1983900
2021-10-05 00:00:00-04:00,44.29838350997471,44.33944866421704,43.57568316121477,43.961669921875,1659700
2021-10-06 00:00:00-04:00,43.715298666655954,44.44621336637809,43.03366027684145,44.34766387939453,1311500
2021-10-07 00:00:00-04:00,44.65605887859856,44.80488510477696,44.027683932315846,44.267459869384766,2460300
2021-10-08 00:00:00-04:00,44.234389624714055,44.482432300214114,43.82925083663809,43.85405731201172,1148300
2021-10-11 00:00:00-04:00,43.82097976775136,44.28399502905133,43.34969778483595,43.73003005981445,948600
2021-10-12 00:00:00-04:00,44.044216424723814,44.507231657902345,43.6969542113316,44.31706237792969,1607900
2021-10-13 00:00:00-04:00,44.159978309393,45.069469208032395,43.99461546763114,44.93717956542969,1740200
2021-10-14 00:00:00-04:00,45.2513662771687,45.59035866569432,44.87103396887824,45.5324821472168,887900
2021-10-15 00:00:00-04:00,45.75571538651372,45.80532517602463,44.4576225242944,44.59817886352539,2225600
2021-10-18 00:00:00-04:00,44.44109064784067,45.086002209811596,44.317067737907664,44.97024917602539,1122800
2021-10-19 00:00:00-04:00,45.15214380728074,45.243093511034104,44.5403023527793,44.59817886352539,702500
2021-10-20 00:00:00-04:00,44.54031172126576,45.30097955026342,44.49070507535401,45.24310302734375,1280000
2021-10-21 00:00:00-04:00,45.334048996786045,45.37538891630108,45.02812665350071,45.30097579956055,1139800
2021-10-22 00:00:00-04:00,45.51594957251538,45.59863257338867,45.21003035436916,45.46634292602539,878500
2021-10-25 00:00:00-04:00,45.5820909779505,45.5820909779505,45.02812597192647,45.20175552368164,1161800
2021-10-26 00:00:00-04:00,45.210026425269476,45.912814524427844,44.879300758586886,45.59035873413086,1238000
2021-10-27 00:00:00-04:00,45.35884965211729,46.31795023705816,45.35884965211729,45.8466682434082,1322000
2021-10-28 00:00:00-04:00,45.95416309993375,46.67348788394738,45.888016697064685,46.51639175415039,1746100
2021-10-29 00:00:00-04:00,46.30968785418772,46.47505070331969,45.573826487286176,45.912818908691406,2243200
2021-11-01 00:00:00-04:00,45.945891274959266,46.01203767502446,44.47416856788227,45.499412536621094,1747200
2021-11-02 00:00:00-04:00,45.854938349199976,45.854938349199976,45.094273725781775,45.63996887207031,1463400
2021-11-03 00:00:00-04:00,45.656504969468024,45.93762083895535,45.243099464576886,45.61516189575195,2140400
2021-11-04 00:00:00-04:00,45.540750724684806,45.73918359550985,44.374944203944786,44.77181625366211,1345200
2021-11-05 00:00:00-04:00,45.14387980335309,45.689574942812214,45.10253988373403,45.31751251220703,1212600
2021-11-08 00:00:00-05:00,44.97851263025196,45.416721382457276,44.631250424440964,45.37538146972656,2074500
2021-11-09 00:00:00-05:00,45.47460235132352,45.65650177001953,45.21828982080037,45.65650177001953,1224600
2021-11-10 00:00:00-05:00,45.64823222575025,46.160857290519345,45.458066083929516,45.8466682434082,1334800
2021-11-11 00:00:00-05:00,45.72264954260255,46.21046817875145,45.48287358581005,46.193931579589844,1271800
2021-11-12 00:00:00-05:00,46.25181241798249,46.53292832190874,45.99550299213161,46.21874237060547,937600
2021-11-15 00:00:00-05:00,46.3923618485363,47.07861328125,46.17738924019219,47.07861328125,871600
2021-11-16 00:00:00-05:00,47.11996303555825,47.17783955662289,46.38409855310214,46.408905029296875,1766700
2021-11-17 00:00:00-05:00,46.29314448633569,46.60733036291254,44.82968878932243,46.56599044799805,1451500
2021-11-18 00:00:00-05:00,46.62387503811119,46.98767392207349,46.46678207260357,46.871917724609375,1146500
2021-11-19 00:00:00-05:00,46.871913460713806,46.871913460713806,45.97895923974478,46.425437927246094,1166200
2021-11-22 00:00:00-05:00,46.3675604073955,46.739622818228185,45.929348451427074,45.9954948425293,1205600
2021-11-23 00:00:00-05:00,46.13605649911209,46.97113743564379,45.7970640908063,46.88845443725586,1073800
2021-11-24 00:00:00-05:00,46.904981328623826,47.89715502568342,46.764424991507276,47.6987190246582,1509700
2021-11-26 00:00:00-05:00,46.830564447992266,47.07860706375684,45.91280393103365,46.04509353637695,892200
2021-11-29 00:00:00-05:00,46.41717027112342,47.65738680414182,46.21873739209937,47.51683044433594,3271200
2021-11-30 00:00:00-05:00,47.16129604338602,48.10385999572729,46.90498352050781,46.90498352050781,5260200
2021-12-01 00:00:00-05:00,47.2935899826437,47.49202285702193,45.10253956399583,45.12734603881836,1750500
2021-12-02 00:00:00-05:00,45.35885185589664,47.17783668234232,45.33404853524687,46.838844299316406,1943200
2021-12-03 00:00:00-05:00,46.995928930995994,47.285311467442085,46.15258148388199,46.69827651977539,2552400
2021-12-06 00:00:00-05:00,46.98767189489348,48.10386551299655,46.98767189489348,47.51683044433594,1789000
2021-12-07 00:00:00-05:00,47.839288504136796,49.1456483406931,47.61604913913592,48.765316009521484,4693200
2021-12-08 00:00:00-05:00,48.558613533288806,48.90587582114644,48.103868077743215,48.856266021728516,2292900
2021-12-09 00:00:00-05:00,48.856261043859334,49.11257358368588,48.1782762910625,48.21134948730469,1985300
2021-12-10 00:00:00-05:00,48.41805230349238,48.41805230349238,47.872357180833596,48.26922607421875,1378100
2021-12-13 00:00:00-05:00,48.32710007376446,49.43502685952483,48.12866406038992,49.07122802734375,1623500
2021-12-14 00:00:00-05:00,49.071238525411786,49.261407857844965,48.04599450673556,48.44286346435547,2806100
2021-12-15 00:00:00-05:00,48.54207384461454,49.56732088910821,48.54207384461454,49.294471740722656,1893000
2021-12-16 00:00:00-05:00,49.25313013356492,49.435029559590525,48.02945025401448,48.525535583496094,1788100
2021-12-17 00:00:00-05:00,48.59168075463055,48.80665021759254,47.53336372952503,47.92196273803711,6163500
2021-12-20 00:00:00-05:00,47.41760319639187,47.97156813181371,47.23570694565477,47.6987190246582,1288600
2021-12-21 00:00:00-05:00,47.99636907415519,48.41804437270537,47.789666362247516,48.13692855834961,968000
2021-12-22 00:00:00-05:00,48.070783308921925,48.73223137180043,47.99637020472102,48.62474822998047,879300
2021-12-23 00:00:00-05:00,48.765315634858275,48.96375167579022,48.194817142483984,48.51727294921875,803400
2021-12-27 00:00:00-05:00,48.64128957088475,49.145641599632604,48.418050236504484,49.13737487792969,1031000
2021-12-28 00:00:00-05:00,49.038158175195555,49.45156364678334,48.96374506414841,49.1456413269043,1671500
2021-12-29 00:00:00-05:00,49.302738291280434,49.592120864864974,48.75704318535424,49.45983123779297,1273000
2021-12-30 00:00:00-05:00,49.31099775790921,49.76574308693502,49.00507863169666,49.50943374633789,1250100
2021-12-31 00:00:00-05:00,49.52598208358759,49.95592104472278,49.443299087958685,49.60039520263672,930200
2022-01-03 00:00:00-05:00,49.64173494250097,49.749218105376116,48.60822115615992,49.52598190307617,1340700
2022-01-04 00:00:00-05:00,49.60864808611891,50.485068671092186,49.60038136587903,50.2618293762207,1530500
2022-01-05 00:00:00-05:00,50.15435134372446,50.40239399417339,48.897598340211985,48.955474853515625,1525600
2022-01-06 00:00:00-05:00,49.10430884031959,49.43503452924392,48.757049705579576,48.97201919555664,1277800
2022-01-07 00:00:00-05:00,48.791495411824215,49.04938533619412,48.3089863590961,48.425453186035156,1638200
2022-01-10 00:00:00-05:00,48.10933055147492,48.66670842382636,47.967904278493634,48.259071350097656,1384800
2022-01-11 00:00:00-05:00,48.33394274953303,48.575197276495786,47.76824401143976,48.45041275024414,1462600
2022-01-12 00:00:00-05:00,48.32562782206893,49.21577082234398,48.32562782206893,49.00779342651367,1274800
2022-01-13 00:00:00-05:00,49.215772579192574,49.573493966668885,48.974518029781414,49.0660285949707,996100
2022-01-14 00:00:00-05:00,48.99114719317468,48.99946806485734,48.23410971767133,48.73325729370117,876100
2022-01-18 00:00:00-05:00,48.625121954741346,48.924609950526374,47.9928688139766,48.600162506103516,1689500
2022-01-19 00:00:00-05:00,49.0493816942352,49.10761510338085,47.7765612179335,47.801517486572266,948100
2022-01-20 00:00:00-05:00,48.04278271574018,48.33394982644217,47.12768336197662,47.16095733642578,986800
2022-01-21 00:00:00-05:00,47.302372639894614,47.71832737197461,46.79490735899977,46.8614616394043,1329300
2022-01-24 00:00:00-05:00,46.69508638728742,46.91970235842525,45.18932888009679,46.744998931884766,1412100
2022-01-25 00:00:00-05:00,46.14602210574958,46.969610753681735,45.5720025057235,46.58693313598633,1309300
2022-01-26 00:00:00-05:00,46.58693362378645,47.51867140768694,46.02123489019041,46.32904052734375,1011600
2022-01-27 00:00:00-05:00,46.79491519580901,47.06944688822974,45.40562768126764,45.43058395385742,1500400
2022-01-28 00:00:00-05:00,45.5137640292775,46.92801069110897,44.90647052785512,46.91969299316406,1517900
2022-01-31 00:00:00-05:00,46.71171213493796,47.34396185628718,46.403903384843616,47.285728454589844,1626100
2022-02-01 00:00:00-05:00,47.10271730568308,47.42716151879758,46.595251978100684,46.87810134887695,1088300
2022-02-02 00:00:00-05:00,46.828184786030974,48.29234405558833,46.76995137706171,48.217472076416016,1759600
2022-02-03 00:00:00-05:00,48.04277376106216,48.40049510095389,47.67673472247934,47.8597526550293,1432300
2022-02-04 00:00:00-05:00,47.45211945788214,47.9429461982644,46.80322787875188,47.41884231567383,1063300
2022-02-07 00:00:00-05:00,47.36892091837688,47.593536841106,46.66179918545684,46.8531379699707,1828200
2022-02-08 00:00:00-05:00,46.928007646413725,47.044474450981824,46.162652545833396,46.33735275268555,1320300
2022-02-09 00:00:00-05:00,47.385563516148764,47.65177429753859,46.91969623545799,47.42715835571289,2529800
2022-02-10 00:00:00-05:00,46.67843752654975,47.5935366086212,45.58031735867098,45.83820724487305,2970500
2022-02-11 00:00:00-05:00,45.91308388049614,46.520377430947505,45.255877791380435,45.971317291259766,2263500
2022-02-14 00:00:00-05:00,46.07947242905799,46.52038350338829,45.27251909816672,45.43058395385742,1955900
2022-02-15 00:00:00-05:00,45.63024232508814,46.07115659071548,45.2974803743415,45.55537033081055,1418700
2022-02-16 00:00:00-05:00,45.60527793778722,45.896444989574,45.15604605204518,45.813255310058594,1376700
2022-02-17 00:00:00-05:00,45.68846491847111,45.78829633617195,44.88983261776039,45.11444854736328,1528700
2022-02-18 00:00:00-05:00,45.114451344731194,45.73006576479418,45.04790023562006,45.122772216796875,3814600
2022-02-22 00:00:00-05:00,45.33906629381695,45.730064761773534,44.93142925557681,45.40562057495117,2172100
2022-02-23 00:00:00-05:00,45.63856660233042,46.02124430229667,44.76506205293489,44.798336029052734,1257000
2022-02-24 00:00:00-05:00,44.22430107346841,45.364015998372636,43.81666409421294,45.18931579589844,1357500
2022-02-25 00:00:00-05:00,45.51377131565183,46.63685112696778,45.28083765411213,46.62021255493164,1624600
2022-02-28 00:00:00-05:00,45.962996132257025,46.62020534537671,45.314107790610194,45.64686965942383,3119200
2022-03-01 00:00:00-05:00,45.763337649330246,46.03786929230871,44.790005111823454,45.18100357055664,1960900
2022-03-02 00:00:00-05:00,45.7467082446132,46.67012519339167,45.63023824012106,46.412235260009766,1496100
2022-03-03 00:00:00-05:00,46.595254028427306,46.986252545274496,46.32072551812846,46.81986999511719,1049700
2022-03-04 00:00:00-05:00,46.44550631089755,48.36721511740068,46.353995763257835,48.29234313964844,1660700
2022-03-07 00:00:00-05:00,48.29234774797105,48.99115188251486,47.90135242549413,47.91798782348633,1364400
2022-03-08 00:00:00-05:00,47.86807513649889,48.034457677260356,46.9529727490523,47.06944274902344,1408500
2022-03-09 00:00:00-05:00,47.67673646301335,48.3256248830255,47.53531019223866,47.64345932006836,1346800
2022-03-10 00:00:00-05:00,47.16095730057956,47.72665612107075,47.06112903034097,47.66842269897461,942100
2022-03-11 00:00:00-05:00,48.009501058696635,48.14260646444234,46.88642439605996,47.11935806274414,1354500
2022-03-14 00:00:00-04:00,47.35228952791284,47.526992943286814,46.27080775982413,46.603572845458984,1654900
2022-03-15 00:00:00-04:00,47.42716259823594,47.618504589616236,46.73667931395336,47.335655212402344,1646200
2022-03-16 00:00:00-04:00,47.35228803125721,48.01781818149162,46.38727312159685,47.41884231567383,2073800
2022-03-17 00:00:00-04:00,47.31069731451448,48.05109633903692,47.11935849036129,47.809844970703125,1581500
2022-03-18 00:00:00-04:00,47.84312287866147,48.21748285823293,47.144318641289246,47.601871490478516,5202600
2022-03-21 00:00:00-04:00,47.63513862563372,47.92630886726612,47.06944306086967,47.22750473022461,1768800
2022-03-22 00:00:00-04:00,47.49371455361575,47.75992534574406,46.69508217723083,46.7949104309082,1906600
2022-03-23 00:00:00-04:00,46.728346960417056,46.92800660200628,46.295756888358035,46.387264251708984,2321500
2022-03-24 00:00:00-04:00,46.37063749506274,47.08607700811188,46.312400909744206,47.05280303955078,1658400
2022-03-25 00:00:00-04:00,47.30237410138674,47.87639050693861,47.11935299810229,47.75160598754883,2106400
2022-03-28 00:00:00-04:00,47.84311491980057,48.3173062640301,47.70169182520171,47.99285888671875,1340800
2022-03-29 00:00:00-04:00,48.4753643405557,49.656674243795536,48.342258954648635,49.51525115966797,2154500
2022-03-30 00:00:00-04:00,48.12596493483512,48.39217572996863,47.88471358351494,48.267391204833984,4439800
2022-03-31 00:00:00-04:00,48.525281943421746,48.741577013902926,47.71832872479485,47.726646423339844,2572700
2022-04-01 00:00:00-04:00,47.97622585946341,49.09098486784657,47.79320790256816,49.0660285949707,2195900
2022-04-04 00:00:00-04:00,49.165854161993735,49.315598137998435,47.93462838310862,48.3006706237793,1326400
2022-04-05 00:00:00-04:00,48.2174713861876,49.240719637906295,48.14259940808707,48.383853912353516,1308400
2022-04-06 00:00:00-04:00,48.48368637833574,49.640040116931445,47.99285962884372,49.55685043334961,1419400
2022-04-07 00:00:00-04:00,49.24071325899022,49.49860629981263,48.74156891863714,49.18247985839844,2060700
2022-04-08 00:00:00-04:00,49.33319696834872,49.51740205815718,48.97316468356064,49.18248748779297,2061000
2022-04-11 00:00:00-04:00,49.182491562783255,49.40018589185632,48.001910976857026,48.144248962402344,2180700
2022-04-12 00:00:00-04:00,48.094000803021295,48.71359763744514,47.84281410571892,48.27820587158203,1057700
2022-04-13 00:00:00-04:00,48.2698426185961,48.68011354906583,48.09400902581067,48.31170654296875,1008200
2022-04-14 00:00:00-04:00,48.49591102484622,48.75547248016343,48.16936792577763,48.21123504638672,1085700
2022-04-18 00:00:00-04:00,48.152618141789226,48.47916441062995,47.474414276842445,47.834449768066406,1822800
2022-04-19 00:00:00-04:00,48.19448212476534,48.77221189696213,48.19448212476534,48.562889099121094,889600
2022-04-20 00:00:00-04:00,48.66337210019104,49.70998628193817,48.63825438191327,49.4504280090332,2426800
2022-04-21 00:00:00-04:00,49.70160594481349,50.24584330623539,49.50065465224948,49.77696228027344,1278200
2022-04-22 00:00:00-04:00,49.6848605288322,49.709978243048035,48.721974359733565,48.772212982177734,1117000
2022-04-25 00:00:00-04:00,48.71361075367365,48.93130509821373,47.53303008386808,48.39543914794922,1570600
2022-04-26 00:00:00-04:00,48.303332653891985,48.60475802486374,47.57489013671875,47.57489013671875,1717600
2022-04-27 00:00:00-04:00,47.440924798641596,48.077264779510784,46.73759998083206,46.854820251464844,2435000
2022-04-28 00:00:00-04:00,46.89668697773363,47.33207886180454,46.293839379338756,47.03902816772461,1252800
2022-04-29 00:00:00-04:00,46.67060613920321,46.94691053433001,44.35130946756994,44.5522575378418,2958300
2022-05-02 00:00:00-04:00,44.79507616607877,45.04626287026368,42.35018756079437,43.33818817138672,1768500
2022-05-03 00:00:00-04:00,43.55588516043927,43.89079969752797,43.061883263772145,43.39680099487305,1616700
2022-05-04 00:00:00-04:00,43.38006316248792,43.63962141988157,42.165990145412195,43.589385986328125,1117500
2022-05-05 00:00:00-04:00,43.48054096944303,43.714981530256935,42.03202728696136,42.37531661987305,1578100
2022-05-06 00:00:00-04:00,42.01528187964768,42.224604725523164,41.32032849821477,41.90643310546875,1599200
2022-05-09 00:00:00-04:00,41.529642168574554,41.58825229694938,39.78807813655672,39.930416107177734,1741500
2022-05-10 00:00:00-04:00,40.39093669469176,40.524903184806284,38.77496411105299,38.9675407409668,2173700
2022-05-11 00:00:00-04:00,39.143366221964406,40.34906448088196,38.98428203315285,39.72109603881836,1939200
2022-05-12 00:00:00-04:00,39.77970829011662,40.248592568344115,39.6876089300122,40.13974380493164,2244500
2022-05-13 00:00:00-04:00,40.52489878596177,40.893305795284064,39.913673347521886,40.84306716918945,1283600
2022-05-16 00:00:00-04:00,40.92679573228353,41.16123625182449,40.31557352489992,40.374183654785156,1635000
2022-05-17 00:00:00-04:00,40.84306113336295,40.84306113336295,40.097872523487574,40.65885925292969,2412900
2022-05-18 00:00:00-04:00,40.60025815472304,40.826324003969496,38.892183068327206,39.1349983215332,2260600
2022-05-19 00:00:00-04:00,38.833570827914215,39.18523163571322,38.51539924418218,38.749839782714844,1526000
2022-05-20 00:00:00-04:00,39.08475399708534,39.22709196987336,38.49027800365454,39.00102615356445,2081800
2022-05-23 00:00:00-04:00,39.3945480399745,40.072755022546,38.7917005828121,40.01414489746094,1829300
2022-05-24 00:00:00-04:00,39.98066185876474,40.089510628305966,39.04289644352155,40.022525787353516,1644200
2022-05-25 00:00:00-04:00,39.81320139936312,40.07276285692241,39.39455574175886,39.905303955078125,1608500
2022-05-26 00:00:00-04:00,40.25695754579485,40.54163345301056,39.821565791328126,39.846683502197266,1509200
2022-05-27 00:00:00-04:00,40.06438214869346,40.843063210619,39.86343405181666,40.68397903442383,2442400
2022-05-31 00:00:00-04:00,40.27371255289918,40.39093602456596,39.70435418085541,40.022525787353516,3582800
2022-06-01 00:00:00-04:00,40.097875754885074,40.34906248045464,39.35268708495662,40.12299346923828,2393400
2022-06-02 00:00:00-04:00,40.18998336791992,40.550018891111904,39.46154081369999,40.18998336791992,2803900
2022-06-03 00:00:00-04:00,39.989033366877294,40.365815112202284,39.67923646250475,40.022525787353516,2398000
2022-06-06 00:00:00-04:00,40.25695855543609,40.25695855543609,38.80007060225836,38.858680725097656,1687900
2022-06-07 00:00:00-04:00,38.76658904048627,39.69598295420677,38.649368762001345,39.61225509643555,2078500
2022-06-08 00:00:00-04:00,39.35267778588543,39.48664422080032,38.67447091249722,38.80843734741211,1941500
2022-06-09 00:00:00-04:00,38.67447245820464,38.90891612418454,37.80369219346118,37.85392761230469,1854800
2022-06-10 00:00:00-04:00,37.44367217914518,37.812079242831445,36.94129542610407,37.4771614074707,3138500
2022-06-13 00:00:00-04:00,36.782196654054545,36.94965550546123,35.300191089225095,35.50951385498047,2766200
2022-06-14 00:00:00-04:00,35.61837488885374,35.961664215492355,35.174608300262584,35.43416976928711,2104600
2022-06-15 00:00:00-04:00,35.72721998663535,36.60637844987831,35.425797786852236,35.95328903198242,3047500
2022-06-16 00:00:00-04:00,35.216471392753455,36.04538794791235,35.166232767526715,35.81094741821289,2373200
2022-06-17 00:00:00-04:00,35.98677518001076,36.79057396069674,35.95328276564574,36.44728469848633,4280100
2022-06-21 00:00:00-04:00,36.67335853528517,37.66136253111267,36.58963068235586,36.92454528808594,2764700
2022-06-22 00:00:00-04:00,36.61474549895944,37.795326018213785,36.56450687477384,37.242713928222656,2079900
2022-06-23 00:00:00-04:00,37.72834387259174,38.39817621599513,37.49390015689114,38.26420974731445,2449600
2022-06-24 00:00:00-04:00,38.43166840523147,38.73309056247762,38.23908861325089,38.6409912109375,3293300
2022-06-27 00:00:00-04:00,38.465161781366106,39.612253180222964,38.37306241987822,39.08475875854492,1472700
2022-06-28 00:00:00-04:00,39.29407830216506,39.645739091212256,38.63261745341902,38.7247200012207,2127200
2022-06-29 00:00:00-04:00,38.48191297035175,38.833577028312305,38.31445404722832,38.75822067260742,1425100
2022-06-30 00:00:00-04:00,38.448419521947315,39.16849063637278,38.08001245610757,38.54889678955078,2048300
2022-07-01 00:00:00-04:00,38.49028369148553,39.05126735280131,38.19722980783193,38.90055465698242,1605400
2022-07-05 00:00:00-04:00,38.66610865404186,38.69960106928266,37.51064588033422,38.3563117980957,2305200
2022-07-06 00:00:00-04:00,38.56564019989013,38.959164957043406,38.213976176844916,38.364688873291016,1538100
2022-07-07 00:00:00-04:00,38.46516074744743,38.84194246708981,38.088382221817845,38.21397399902344,1543200
2022-07-08 00:00:00-04:00,38.1548737016641,38.197092338143314,37.74959991393579,37.83403396606445,2038500
2022-07-11 00:00:00-04:00,37.69049011659985,37.98600440844266,37.42875265965317,37.59761428833008,2442200
2022-07-12 00:00:00-04:00,37.276779189909725,38.21397293901659,37.276779189909725,37.85091781616211,1285200
2022-07-13 00:00:00-04:00,37.50474818519784,37.69049988990357,36.87150725097008,37.470977783203125,1804900
2022-07-14 00:00:00-04:00,36.81240231842015,37.36121237611875,36.7617451087327,37.16701889038086,1765400
2022-07-15 00:00:00-04:00,37.78337024520819,38.22241761556266,37.352767889746204,37.68205261230469,2586200
2022-07-18 00:00:00-04:00,37.85935768589412,38.04510935577792,37.39498173201397,37.65671920776367,1522900
2022-07-19 00:00:00-04:00,37.98600569352191,38.49259703834902,37.58917376688217,38.357505798339844,1360100
2022-07-20 00:00:00-04:00,38.31528966485228,38.788107385524505,38.137979798771035,38.34906005859375,1100400
2022-07-21 00:00:00-04:00,38.34062130281966,38.61080379913104,38.104212423754554,38.577030181884766,1108300
2022-07-22 00:00:00-04:00,39.00763925971087,39.51423068067178,38.74589853374423,38.98230743408203,2287300
2022-07-25 00:00:00-04:00,38.94008820439152,39.320033343305894,38.73745294419011,38.88943099975586,2715500
2022-07-26 00:00:00-04:00,38.931646152534256,39.20182864489836,38.813441714728626,38.96541976928711,1604100
2022-07-27 00:00:00-04:00,38.458823460225275,39.69153142910136,38.458823460225275,39.260929107666016,2822800
2022-07-28 00:00:00-04:00,39.49734189743018,40.76382360739478,39.480455088131116,40.7469367980957,2304900
2022-07-29 00:00:00-04:00,40.86514663696289,41.278862213893895,40.51897507999156,40.86514663696289,2132200
2022-08-01 00:00:00-04:00,40.64562096088807,40.89047487531021,39.801299783567316,39.877288818359375,2684900
2022-08-02 00:00:00-04:00,39.77597474378042,40.08837270555502,39.024529343950434,39.1342887878418,3125600
2022-08-03 00:00:00-04:00,39.5057888860153,40.03770891177535,38.897876604198444,38.98230743408203,2145600
2022-08-04 00:00:00-04:00,39.00763208260183,39.42134758207246,38.7458914047935,39.396018981933594,1857300
2022-08-05 00:00:00-04:00,39.244044612245354,39.531113917059024,38.91475989630632,39.48045349121094,1473600
2022-08-08 00:00:00-04:00,39.868842478536905,40.2572294028276,39.59021497578751,39.77596664428711,1549300
2022-08-09 00:00:00-04:00,39.953273684883946,40.54429909151358,39.784408822871285,40.51897048950195,1373400
2022-08-10 00:00:00-04:00,41.00867200197633,41.56592375066765,40.806036759268096,41.52370834350586,1884200
2022-08-11 00:00:00-04:00,41.726347551312955,42.20761354534343,41.42239465836709,41.53215408325195,2260000
2022-08-12 00:00:00-04:00,41.7685690825271,42.35959132163665,41.7601240672086,42.32582092285156,1393600
2022-08-15 00:00:00-04:00,42.334262256087975,42.43557989299861,41.94587529723918,42.24138641357422,1010800
2022-08-16 00:00:00-04:00,42.02186705741573,42.76487062491829,42.02186705741573,42.545345306396484,1188000
2022-08-17 00:00:00-04:00,42.173837823176704,42.63821376456553,41.98808615828947,42.4693489074707,1130400
2022-08-18 00:00:00-04:00,42.46934447630677,42.52000489439819,41.346399252326115,41.717899322509766,1797700
2022-08-19 00:00:00-04:00,41.48149467957136,41.692574945079905,41.025560533073886,41.22819900512695,1842300
2022-08-22 00:00:00-04:00,40.991793773703186,41.034009189699816,40.240348418141956,40.30789566040039,1093800
2022-08-23 00:00:00-04:00,40.223460858262406,40.35011032472275,39.142730768898495,39.3875846862793,1356400
2022-08-24 00:00:00-04:00,39.303145426328285,39.995488450677094,39.303145426328285,39.85195541381836,1217100
2022-08-25 00:00:00-04:00,40.08836779194891,40.31633488881453,39.88573251973253,40.257232666015625,1527000
2022-08-26 00:00:00-04:00,40.32477451133862,40.34166131991876,39.108953281033074,39.14272689819336,1602700
2022-08-29 00:00:00-04:00,38.923202098247465,38.923202098247465,38.39972390898038,38.41661071777344,1888300
2022-08-30 00:00:00-04:00,38.517930064563345,38.619250921832624,37.75804296002129,37.87624740600586,1050500
2022-08-31 00:00:00-04:00,38.26463834800604,38.34906918369364,37.79181729399763,37.88469314575195,2735400
2022-09-01 00:00:00-04:00,37.656725129917746,38.45883093321684,37.293666747591104,38.44194412231445,2319000
2022-09-02 00:00:00-04:00,38.720563499671705,39.03296138336517,38.171753534065274,38.26462936401367,3004000
2022-09-06 00:00:00-04:00,38.50103791860871,39.075176480238184,38.28151586661115,38.906314849853516,2001500
2022-09-07 00:00:00-04:00,38.99075482590855,39.60710893994636,38.771229501504465,39.59866714477539,1897500
2022-09-08 00:00:00-04:00,39.3453591427259,39.91105591388342,39.320030542212436,39.818180084228516,1520800
2022-09-09 00:00:00-04:00,39.902616303177275,40.73005386806034,39.72530963391502,40.510528564453125,2049200
2022-09-12 00:00:00-04:00,40.654069208140015,40.8060472898057,40.291010815364224,40.35855484008789,1452900
2022-09-13 00:00:00-04:00,39.68309556126865,39.84351542637934,38.788113948686025,38.98230743408203,1752300
2022-09-14 00:00:00-04:00,38.81342990071612,38.940076093746775,38.16330246984127,38.56013107299805,2004500
2022-09-15 00:00:00-04:00,38.712124416819755,38.72901122674577,37.84247464102273,37.89313507080078,1384400
2022-09-16 00:00:00-04:00,37.901578654847505,37.901578654847505,37.226122330063944,37.69049835205078,5223800
2022-09-19 00:00:00-04:00,37.048807587797555,37.25144283072923,36.28891737473097,36.93904495239258,2686800
2022-09-20 00:00:00-04:00,36.51688452225786,36.7195229864826,35.53747225696804,35.714778900146484,3352500
2022-09-21 00:00:00-04:00,35.97652321169153,36.26359251951466,35.44460000761319,35.46148681640625,2651000
2022-09-22 00:00:00-04:00,35.38549791800724,35.70634084460206,34.94645055025366,35.46992874145508,3113800
2022-09-23 00:00:00-04:00,35.27573800730149,36.28048227675076,35.165978572470834,35.773887634277344,3170700
2022-09-26 00:00:00-04:00,35.731668320701424,35.731668320701424,34.15278878204339,34.53273391723633,2423000
2022-09-27 00:00:00-04:00,34.75225329049502,35.08153797519973,34.127454314284954,34.23721694946289,3750400
2022-09-28 00:00:00-04:00,34.67626771703589,35.42771298932152,34.16123132479623,35.20819091796875,3539100
2022-09-29 00:00:00-04:00,34.853576928631284,35.250408909899235,34.28788328972814,34.684715270996094,3333100
2022-09-30 00:00:00-04:00,35.106869614539235,35.46992469056533,34.693150896903404,35.21662902832031,2668800
2022-10-03 00:00:00-04:00,35.816102593065935,36.001854281689795,35.16597812454174,35.596580505371094,2291800
2022-10-04 00:00:00-04:00,35.773888488503616,36.196049090230495,35.3770597130446,35.790775299072266,2593300
2022-10-05 00:00:00-04:00,35.250408909899235,35.427715582913976,34.127460205813186,34.684715270996094,2399800
2022-10-06 00:00:00-04:00,34.659374446312256,34.74380847403605,33.57864465807828,33.59553146362305,2808300
2022-10-07 00:00:00-04:00,33.30570081279792,33.569965288637036,32.29127187657092,32.42766571044922,2542900
2022-10-10 00:00:00-04:00,32.58111204899912,32.89652220788779,32.20602653389126,32.25717544555664,2419000
2022-10-11 00:00:00-04:00,32.231602040580185,32.930620894772595,31.950287909268592,32.870948791503906,2506800
2022-10-12 00:00:00-04:00,32.87946618305883,32.87946618305883,32.163397818285574,32.52995681762695,1660200
2022-10-13 00:00:00-04:00,31.958812583972342,33.373899850915244,31.728647376158758,33.280128479003906,2797300
2022-10-14 00:00:00-04:00,33.72341410166122,33.740463740083186,32.044062113786836,32.095211029052734,2981700
2022-10-17 00:00:00-04:00,32.666359893343234,33.70636509332211,32.56406531278524,33.58702087402344,3072100
2022-10-18 00:00:00-04:00,34.11554628158577,34.56735032150249,33.800136098165765,34.08997344970703,2750200
2022-10-19 00:00:00-04:00,33.569970756161446,33.74046388924883,32.84537575351158,33.12668991088867,2464500
2022-10-20 00:00:00-04:00,33.2630731863042,33.68930425749945,32.97323592781602,33.152252197265625,2590200
2022-10-21 00:00:00-04:00,33.2375066762816,33.60406247540459,32.76864980739688,33.41652297973633,2383000
2022-10-24 00:00:00-04:00,33.70635753441693,33.8086520920346,32.91356739613796,33.26307678222656,2563100
2022-10-25 00:00:00-04:00,33.44209671351862,34.60144599907889,33.416523884300176,34.58439636230469,1686100
2022-10-26 00:00:00-04:00,34.37128391000334,34.67817089611005,33.33127873528305,33.697837829589844,3387200
2022-10-27 00:00:00-04:00,34.10701659597029,34.66111841453064,33.416524185757325,33.4761962890625,3173200
2022-10-28 00:00:00-04:00,33.22898011029128,33.893899664618715,32.81127540376247,33.74045944213867,2456200
2022-10-31 00:00:00-04:00,33.552922610191835,34.175219809539165,33.52734977725129,33.89390563964844,2526200
2022-11-01 00:00:00-04:00,34.21784288695055,34.371286391080154,33.80866129323367,33.96210479736328,1912800
2022-11-02 00:00:00-04:00,33.82570672705468,34.42243102982179,33.10963821411133,33.10963821411133,1703500
2022-11-03 00:00:00-04:00,32.70045392938316,33.246029274092216,32.137828948666254,32.887996673583984,1656200
2022-11-04 00:00:00-04:00,33.13520525133974,33.41651934204699,32.09520356456465,32.768646240234375,3006800
2022-11-07 00:00:00-05:00,32.81127425869825,33.03291301844399,32.009957642334435,32.21455001831055,3038000
2022-11-08 00:00:00-05:00,32.38504036690933,32.41061319227296,31.865037905280804,32.06110382080078,2163600
2022-11-09 00:00:00-05:00,31.856516100370403,32.30832334284818,31.694549429677277,32.01848602294922,2468000
2022-11-10 00:00:00-05:00,33.22046193086148,34.72079437652259,33.13521373674738,34.68669509887695,3709400
2022-11-11 00:00:00-05:00,34.78899271918927,34.89128729961489,33.9706263201261,34.19226837158203,2165100
2022-11-14 00:00:00-05:00,34.01324195588515,34.37980094991331,33.51881233533177,33.53586196899414,2507600
2022-11-15 00:00:00-05:00,34.05587498674988,34.141119929640915,33.43357779836415,33.90243148803711,2048400
2022-11-16 00:00:00-05:00,33.962103256780146,34.31161272213515,33.66374270777689,33.80013656616211,2643900
2022-11-17 00:00:00-05:00,33.39094322693747,33.69783014304262,33.186354117457554,33.629634857177734,1826800
2022-11-18 00:00:00-05:00,34.13258810831308,34.396849315608904,33.84275082310598,34.26898193359375,4630400
2022-11-21 00:00:00-05:00,34.166685099554556,34.56734010541754,33.85127175746624,34.36275100708008,1520800
2022-11-22 00:00:00-05:00,34.49062698548616,34.635547280525394,34.2178392850562,34.45652770996094,1515100
2022-11-23 00:00:00-05:00,34.413898327264796,34.75488451023631,34.055865761841424,34.200782775878906,1325100
2022-11-25 00:00:00-05:00,34.311601788871066,34.73783286699369,34.277502522168845,34.72078323364258,889400
2022-11-28 00:00:00-05:00,34.55028727388542,34.823074881009155,34.004712059637946,34.0302848815918,2965700
2022-11-29 00:00:00-05:00,34.183733195192865,34.763407756023085,33.85127345481073,34.73783493041992,1636500
2022-11-30 00:00:00-05:00,34.507672995900194,35.368661727034855,34.22636213210248,35.35161209106445,3052500
2022-12-01 00:00:00-05:00,35.641453611026,35.92276450807006,34.47357779817146,34.848663330078125,2192200
2022-12-02 00:00:00-05:00,34.75488470441437,35.08734444613219,34.456520979676014,34.950950622558594,2053400
2022-12-05 00:00:00-05:00,34.72931145492512,34.84865564261006,34.26898108652441,34.31160354614258,1469700
2022-12-06 00:00:00-05:00,34.48210313697147,34.48210313697147,33.54439258917115,33.71488571166992,1237800
2022-12-07 00:00:00-05:00,33.52733618613081,34.13258350087067,33.484710479327696,33.59553146362305,2072400
2022-12-08 00:00:00-05:00,33.69782763379572,34.53324014771601,33.67225480998628,34.226356506347656,1964600
2022-12-09 00:00:00-05:00,34.18373890812546,34.43095376988916,33.970623320788306,34.004722595214844,1432400
2022-12-12 00:00:00-05:00,34.013249791937426,34.40538170085685,33.49324722703364,34.35423278808594,2838800
2022-12-13 00:00:00-05:00,35.36013828600936,35.5050585781221,34.320133166693076,34.85718536376953,2996700
2022-12-14 00:00:00-05:00,34.85717960258838,35.42833098010178,34.413898858635,34.592918395996094,3443600
2022-12-15 00:00:00-05:00,34.132591413532616,34.56734575749992,33.97062149465636,34.413902282714844,3390000
2022-12-16 00:00:00-05:00,33.99619698246231,34.03029300257585,32.964715141745415,33.348323822021484,6652400
2022-12-19 00:00:00-05:00,33.228983746486875,33.237510191487786,32.402094183240685,32.77717971801758,1903600
2022-12-20 00:00:00-05:00,32.529962631211525,32.62373400852953,32.19750284027368,32.40209197998047,1958700
2022-12-21 00:00:00-05:00,32.74308155418465,33.01586926953398,32.42767136804063,32.62373733520508,1931800
2022-12-22 00:00:00-05:00,32.38504635132479,32.905045657158496,32.2145532296631,32.75160217285156,2164700
2022-12-23 00:00:00-05:00,32.6152052617737,33.05848603569452,32.47028823570168,33.03291320800781,1158000
2022-12-27 00:00:00-05:00,33.10110985918853,33.20340441597442,32.61520339771358,32.83684539794922,1712800
2022-12-28 00:00:00-05:00,32.913570105801746,33.084063217124225,32.3083226498983,32.3424186706543,1660100
2022-12-29 00:00:00-05:00,32.57258345293595,33.22045661702708,32.38504395965533,33.169307708740234,1170500
2022-12-30 00:00:00-05:00,33.007342133541286,33.13520953065214,32.6152069941652,33.015865325927734,1337400
2023-01-03 00:00:00-05:00,33.21193268387277,33.493246822889546,32.52996344791882,32.896522521972656,1780900
2023-01-04 00:00:00-05:00,33.1948801139985,33.75750509044304,33.049963086860544,33.459144592285156,5832900
2023-01-05 00:00:00-05:00,33.135202950720206,33.2204511170847,32.02700280306217,32.07815170288086,2518300
2023-01-06 00:00:00-05:00,32.11260224137024,33.38711646637407,32.07815511189631,33.32683563232422,2282100
2023-01-09 00:00:00-05:00,33.249330586652526,33.75741423880121,33.07709822769282,33.12876892089844,3352700
2023-01-10 00:00:00-05:00,32.982372298198236,33.36128416826779,32.982372298198236,33.23210906982422,1185100
2023-01-11 00:00:00-05:00,33.55935041562712,34.71330302709895,33.46462244762388,34.678855895996094,1730000
2023-01-12 00:00:00-05:00,34.89414276897026,35.05776170113691,34.46356351952846,34.842472076416016,1411900
2023-01-13 00:00:00-05:00,34.43773431534582,34.928594461039545,34.30855920961193,34.57551956176758,1271700
2023-01-17 00:00:00-05:00,34.73913033520728,35.186933101897665,34.55828785781076,34.85108184814453,2851700
2023-01-18 00:00:00-05:00,34.9630285474268,34.997475670679705,34.351606892450945,34.44633483886719,2542500
2023-01-19 00:00:00-05:00,34.34299824134232,34.87691553464893,34.08465137587517,34.1104850769043,2227200
2023-01-20 00:00:00-05:00,34.12770736311493,34.42911148071289,33.722961875147526,34.42911148071289,2576400
2023-01-23 00:00:00-05:00,34.49801415813296,34.6874668133244,34.213830247756846,34.38606262207031,1507000
2023-01-24 00:00:00-05:00,34.47217918951342,35.13527173424177,33.929651613420724,34.98887634277344,1502300
2023-01-25 00:00:00-05:00,34.833863772890496,35.08360053914412,34.67885497211647,34.963035583496094,1508400
2023-01-26 00:00:00-05:00,35.14388322061251,35.70363433275982,35.109436088617784,35.333335876464844,1800400
2023-01-27 00:00:00-05:00,35.30749749322498,36.44422641800703,35.24721666274858,36.142822265625,2812100
2023-01-30 00:00:00-05:00,35.88447259261732,36.2461608655508,35.60890213945797,35.617515563964844,2012700
2023-01-31 00:00:00-05:00,35.62613178328104,36.711193502196515,35.57446436765806,36.6767463684082,6169000
2023-02-01 00:00:00-05:00,36.487287415707186,37.07287550169238,36.03948456847972,36.8834228515625,2273100
2023-02-02 00:00:00-05:00,37.313999595178544,38.64879462079871,37.313999595178544,38.244049072265625,2669200
2023-02-03 00:00:00-05:00,37.52067842352893,37.64985352233458,36.85758593410775,37.357059478759766,1891200
2023-02-06 00:00:00-05:00,36.94370514660168,37.0125961261705,36.58201682742251,36.76285934448242,2318500
2023-02-07 00:00:00-05:00,36.65952053312182,38.20960532202652,36.44423088785563,37.77902603149414,3469800
2023-02-08 00:00:00-05:00,37.64985724752427,38.64018772447004,37.503458568722124,38.54545974731445,3300900
2023-02-09 00:00:00-05:00,38.58851640024147,38.94159127975685,37.735967977233535,37.82208251953125,3914300
2023-02-10 00:00:00-05:00,37.68429148283147,38.0287561691425,37.42594461062755,37.968475341796875,3414600
2023-02-13 00:00:00-05:00,37.977095546856056,38.45934557850455,37.88237085381865,38.287113189697266,2633700
2023-02-14 00:00:00-05:00,38.15793912651244,38.79519465719016,37.9684831814172,38.45073318481445,4791500
2023-02-15 00:00:00-05:00,38.17515383976466,38.78657552161193,38.08042588918522,38.769351959228516,2248700
2023-02-16 00:00:00-05:00,38.140714992694036,39.14826897285375,38.054597162086786,38.72630310058594,2697000
2023-02-17 00:00:00-05:00,38.734908404266434,38.93297446234146,38.03736884621695,38.536842346191406,2255100
2023-02-21 00:00:00-05:00,38.27849206206787,38.41627727655548,37.537895302299916,37.76179504394531,1674300
2023-02-22 00:00:00-05:00,37.78764082002526,38.26988754037933,37.7101364135313,37.95987319946289,2293900
2023-02-23 00:00:00-05:00,38.14932407685477,38.39906085111145,37.71874479091947,38.063209533691406,1519700
2023-02-24 00:00:00-05:00,37.68429397178767,37.81346905895068,37.24510458853949,37.57234573364258,1900500
2023-02-27 00:00:00-05:00,38.097653028919474,38.097653028919474,36.72841089892411,37.081485748291016,1941700
2023-02-28 00:00:00-05:00,37.081488556587814,37.512067834037495,36.78008109133753,36.892032623291016,2757600
2023-03-01 00:00:00-05:00,36.91786739812087,36.91786739812087,35.514181278216874,35.86725616455078,2277200
2023-03-02 00:00:00-05:00,35.63474419640148,36.27199972807495,35.557239790110444,36.263389587402344,6700800
2023-03-03 00:00:00-05:00,36.573402921592134,37.25371564692974,36.487285099672874,37.01259231567383,1869200
2023-03-06 00:00:00-05:00,37.236500788218265,37.477624154575125,36.866202312707664,36.926483154296875,1843800
2023-03-07 00:00:00-05:00,36.969535468118806,37.07287357053935,35.9705917178961,36.013648986816406,1572000
2023-03-08 00:00:00-05:00,35.94476202808421,36.56479399691544,35.8586441955664,36.24616622924805,1880100
2023-03-09 00:00:00-05:00,36.34089805876385,36.4356260420557,35.41945850593179,35.522796630859375,2019400
2023-03-10 00:00:00-05:00,35.61750763994359,35.720845715623426,33.93824830611977,34.377437591552734,3254500
2023-03-13 00:00:00-04:00,34.2396630279633,35.18693941853425,34.08465750883926,34.67024230957031,2116600
2023-03-14 00:00:00-04:00,35.2041694678626,35.54002084376325,34.60996784736777,34.99748992919922,2368300
2023-03-15 00:00:00-04:00,34.687469837497204,35.1955535792358,34.36884205252677,34.92859649658203,3088500
2023-03-16 00:00:00-04:00,34.592738634271825,34.69608002927135,33.80908445668487,34.40328598022461,2717500
2023-03-17 00:00:00-04:00,34.394667323518476,34.420504310868324,33.490451607684804,33.50767517089844,4633300
2023-03-20 00:00:00-04:00,33.62824565991737,34.067438424560606,33.26656059262025,33.92965316772461,1972100
2023-03-21 00:00:00-04:00,34.10187663919434,34.28272242801542,33.47323130345575,33.78324890136719,3346500
2023-03-22 00:00:00-04:00,33.46462018390928,33.81769504118173,32.80152773780074,32.879032135009766,3064900
2023-03-23 00:00:00-04:00,32.90487044891968,33.33544976372384,32.448457426446296,32.58624267578125,1980700
2023-03-24 00:00:00-04:00,32.508734375143234,33.33544577216317,32.44845354109339,33.32683563232422,2324400
2023-03-27 00:00:00-04:00,33.576571158671676,33.7143563864414,33.1029313584705,33.15460205078125,1445900
2023-03-28 00:00:00-04:00,32.792918651153336,33.21488449446191,32.68957726151689,33.04265213012695,1641300
2023-03-29 00:00:00-04:00,33.5335137505774,33.98993002947664,33.456009347372564,33.92103576660156,1724500
2023-03-30 00:00:00-04:00,34.33438126711666,34.68745604659074,34.23965332639415,34.342994689941406,2028400
2023-03-31 00:00:00-04:00,34.60135234346376,35.38500652747701,34.5066243731337,35.35917282104492,3070300
2023-04-03 00:00:00-04:00,35.29888998754308,35.83280736233771,34.95442525764124,35.22999572753906,1881800
2023-04-04 00:00:00-04:00,35.22999351513403,35.34194503808057,34.653018906599826,35.1180419921875,1643700
2023-04-05 00:00:00-04:00,34.971653772649454,35.3333388336873,34.87692579426537,34.92859649658203,1987200
2023-04-06 00:00:00-04:00,35.14613341202563,35.41588705867682,34.79806772412918,35.39848327636719,2296700
2023-04-10 00:00:00-04:00,35.120034266196704,35.42459220024928,34.858984134232706,35.407188415527344,1241000
2023-04-11 00:00:00-04:00,35.33756939879836,35.772653969934645,35.207042699684735,35.45939254760742,1821000
2023-04-12 00:00:00-04:00,35.842266963024905,35.90317853944805,35.111324726515235,35.163536071777344,1490400
2023-04-13 00:00:00-04:00,35.13743134182013,35.267954723163896,34.711046996127315,34.98080062866211,1709100
2023-04-14 00:00:00-04:00,35.16354188181529,35.23315702033388,34.423899291934156,34.99821090698242,3130800
2023-04-17 00:00:00-04:00,35.02430757976733,35.92928427414421,34.945992225072565,35.91188049316406,2621600
2023-04-18 00:00:00-04:00,35.83356362698052,36.01629834041647,35.55510978190717,35.85096740722656,2047200
2023-04-19 00:00:00-04:00,35.61602059991553,36.381770317390526,35.546405480403436,36.22513961791992,3098300
2023-04-20 00:00:00-04:00,36.19903228838709,36.25124362802116,35.85096664912143,36.22513961791992,3708900
2023-04-21 00:00:00-04:00,36.355672514319885,36.41658410013814,35.79006445751719,36.13813018798828,4672300
2023-04-24 00:00:00-04:00,36.26865046606249,36.329562041055816,35.65953139669733,35.816162109375,2627100
2023-04-25 00:00:00-04:00,35.659530296816925,35.79875722385478,35.45069156597604,35.555110931396484,1991500
2023-04-26 00:00:00-04:00,35.46809584892703,35.929287791470195,35.1722381821649,35.302764892578125,2542200
2023-04-27 00:00:00-04:00,34.80676455649572,35.89447594888621,34.44999535256891,35.7552490234375,2824300
2023-04-28 00:00:00-04:00,35.89448474453436,36.407884780324395,35.676942412749305,35.9640998840332,2770500
2023-05-01 00:00:00-04:00,35.981501125219744,36.48620093916979,35.75525855583592,35.86838150024414,2049200
2023-05-02 00:00:00-04:00,35.63342864785214,35.79875959734877,34.15414037535178,34.96339797973633,3111000
2023-05-03 00:00:00-04:00,35.12002979578943,35.572518182665235,34.71104920546413,34.97209930419922,2126700
2023-05-04 00:00:00-04:00,34.90248519438625,35.328866219698014,34.6588388942081,35.03300857543945,1543100
2023-05-05 00:00:00-04:00,35.22445396430448,36.04241193682057,34.99821139979834,35.9640998840332,2407100
2023-05-08 00:00:00-04:00,35.937984504918376,36.17293056900267,35.7639500145487,35.91188049316406,1172000
2023-05-09 00:00:00-04:00,35.63342703994831,35.68563506404828,35.06781576969839,35.45939254760742,1245500
2023-05-10 00:00:00-04:00,35.729146522079354,35.99889683435498,35.485496902674164,35.816162109375,1545800
2023-05-11 00:00:00-04:00,35.50289874600257,36.00759841917625,35.37237537218406,35.98149108886719,2044900
2023-05-12 00:00:00-04:00,35.99889151315369,36.05110284947255,35.54640322335107,36.00759506225586,1850500
2023-05-15 00:00:00-04:00,35.972797024423244,35.99020080780188,35.5203086148757,35.89448165893555,2381300
2023-05-16 00:00:00-04:00,35.92058236160946,35.94668969398586,35.13743209838867,35.13743209838867,1972700
2023-05-17 00:00:00-04:00,35.24185716471456,35.36368033738462,34.87638764670438,35.27666473388672,1952100
2023-05-18 00:00:00-04:00,35.15483891487776,35.35497744340317,34.69364695664488,35.00690841674805,2109800
2023-05-19 00:00:00-04:00,35.285357707251144,35.57251511469618,34.919888264428536,35.102622985839844,1433400
2023-05-22 00:00:00-04:00,35.05041430903106,35.58121805206825,34.73715286596439,35.372379302978516,1572300
2023-05-23 00:00:00-04:00,35.337575262532795,35.62472940102706,35.006910004159415,35.0156135559082,1923800
2023-05-24 00:00:00-04:00,34.954696406732324,34.954696406732324,34.275965468949465,34.31947326660156,1802300
2023-05-25 00:00:00-04:00,34.31077276326967,34.4761037208119,33.61463804804953,33.93659973144531,2321300
2023-05-26 00:00:00-04:00,33.82347259604441,34.223752912013545,33.38838803821723,34.13673400878906,1913700
2023-05-30 00:00:00-04:00,34.302068819949284,34.50221066025436,33.98881069125604,34.110633850097656,2163400
2023-05-31 00:00:00-04:00,34.15413810531757,34.56311865567585,33.936595824391986,34.51960754394531,5176200
2023-06-01 00:00:00-04:00,34.52830924137825,34.98949778997634,34.00620912294388,34.88507843017578,1883900
2023-06-02 00:00:00-04:00,35.28535839634868,36.103319522428016,35.28535839634868,35.816162109375,2390900
2023-06-05 00:00:00-04:00,35.67693893640976,36.14683112394329,35.62472758687307,35.84226989746094,1455100
2023-06-06 00:00:00-04:00,36.085922154105475,36.19034154130355,35.694345302822086,36.13813018798828,1448400
2023-06-07 00:00:00-04:00,36.320866298624715,36.90387810830416,35.998901283092316,36.755950927734375,1321800
2023-06-08 00:00:00-04:00,36.555812106340234,36.799461776044964,36.042412068672064,36.62542724609375,1677500
2023-06-09 00:00:00-04:00,36.799453287634094,37.164922728740684,36.66892659042072,37.02569580078125,1852700
2023-06-12 00:00:00-04:00,36.964778900146484,37.15621714328883,36.747236649096116,36.964778900146484,2096700
2023-06-13 00:00:00-04:00,36.71243588017525,37.22583582035596,36.58191249707083,37.08660888671875,3136000
2023-06-14 00:00:00-04:00,37.243235438174494,37.66091619238918,37.10400852010293,37.51298904418945,3406500
2023-06-15 00:00:00-04:00,37.52169762950228,37.59131276375547,37.12142056584335,37.443382263183594,1890500
2023-06-16 00:00:00-04:00,37.64351842103436,37.99158743148482,37.565203059654614,37.782745361328125,3779900
2023-06-20 00:00:00-04:00,37.78274856240888,37.78274856240888,37.2084369701105,37.32155990600586,2254000
2023-06-21 00:00:00-04:00,37.06050953818507,37.208436721540316,36.72984428439428,36.93868637084961,1703000
2023-06-22 00:00:00-04:00,36.99959934876712,37.04310715025038,35.59862623275198,35.859676361083984,1858000
2023-06-23 00:00:00-04:00,35.755254500453994,35.82486631412567,34.858981238050575,35.00690841674805,3926500
2023-06-26 00:00:00-04:00,34.88508288430571,36.181636435147084,34.88508288430571,36.10332107543945,1776700
2023-06-27 00:00:00-04:00,36.21643938947897,36.86036602629044,36.068512226097575,36.72983932495117,1916800
2023-06-28 00:00:00-04:00,36.64282377605445,37.04310079208789,36.3382625790823,36.7037353515625,2376900
2023-06-29 00:00:00-04:00,36.5819162746107,37.33026236497377,36.3991815277357,37.31285858154297,1900400
2023-06-30 00:00:00-04:00,37.713130564347765,37.87846150553132,36.851661657391325,37.38246536254883,2999300
2023-07-03 00:00:00-04:00,37.147519644077164,38.165619270901225,37.147519644077164,37.99158477783203,899200
2023-07-05 00:00:00-04:00,37.826256517877226,38.217830005764874,37.41727592807304,37.75664138793945,1729800
2023-07-06 00:00:00-04:00,37.22583987748375,37.83495902331952,36.538408684909506,37.72183609008789,1639100
2023-07-07 00:00:00-04:00,37.607596059694316,37.68667758876373,37.24733650546845,37.47579574584961,2176800
2023-07-10 00:00:00-04:00,37.34400379772726,37.590033808960705,37.08918508500261,37.528526306152344,1680000
2023-07-11 00:00:00-04:00,37.69546923029286,38.090873554601714,37.475798671496065,38.06451416015625,2195500
2023-07-12 00:00:00-04:00,38.30176112168986,38.679594774212084,37.950286865234375,37.950286865234375,1915500
2023-07-13 00:00:00-04:00,37.94150762009894,38.161178227741054,37.78334451444402,38.15238952636719,1392300
2023-07-14 00:00:00-04:00,37.98544065533152,38.187537209920556,37.809703500760534,38.108455657958984,1195600
2023-07-17 00:00:00-04:00,38.10845419367184,38.169961692622195,37.58124610212387,37.64275360107422,1386500
2023-07-18 00:00:00-04:00,37.64274526255672,37.669104655722876,37.097963241714794,37.26491165161133,1872300
2023-07-19 00:00:00-04:00,37.64275255780531,37.756982203507505,37.238559475360255,37.57245635986328,1559100
2023-07-20 00:00:00-04:00,37.59881900633631,37.8536376953125,37.168263174897,37.8536376953125,1804800
2023-07-21 00:00:00-04:00,37.83606542125618,38.31934007177608,37.83606542125618,38.02058792114258,1925200
2023-07-24 00:00:00-04:00,38.13481704976232,38.37205834527812,37.90635775139607,37.98543930053711,1530300
2023-07-25 00:00:00-04:00,37.800922181161766,37.96787065225268,37.08918813763313,37.12433624267578,2135300
2023-07-26 00:00:00-04:00,37.13311641977086,37.56367226679084,36.9222345227096,37.352787017822266,1997600
2023-07-27 00:00:00-04:00,36.90466037452981,37.37914966951723,35.41968834233655,35.683292388916016,3656600
2023-07-28 00:00:00-04:00,36.03476738096479,36.078704186918884,35.20002169835989,35.358184814453125,2360000
2023-07-31 00:00:00-04:00,35.446050523725035,36.09627701810676,35.384543019758766,35.92053985595703,3209800
2023-08-01 00:00:00-04:00,35.70086523496444,36.05233616791493,35.498768694338786,35.58663558959961,2198400
2023-08-02 00:00:00-04:00,35.314250269045765,35.80631370082368,35.314250269045765,35.56028366088867,2319000
2023-08-03 00:00:00-04:00,35.454833145920034,35.48998124602754,34.6288729048376,35.366966247558594,2631300
2023-08-04 00:00:00-04:00,35.39332323174826,35.946894038994905,35.12093385426892,35.17365264892578,2255900
2023-08-07 00:00:00-04:00,35.31424924542897,35.55149392787863,35.024285757040126,35.489986419677734,2112200
2023-08-08 00:00:00-04:00,35.2527344916815,35.323030687696054,34.66401893364168,34.874900817871094,2332100
2023-08-09 00:00:00-04:00,34.70795728816742,34.85733169796035,34.4004197668834,34.628875732421875,2040700
2023-08-10 00:00:00-04:00,34.77824253165219,35.419680125219216,34.56735733216812,34.66401290893555,2611400
2023-08-11 00:00:00-04:00,34.6025114380825,34.953982362433905,34.532215242067956,34.874900817871094,1969200
2023-08-14 00:00:00-04:00,34.81339806532456,34.83976081837526,34.092878717546725,34.29497528076172,2369700
2023-08-15 00:00:00-04:00,33.95228291847651,34.1016606497526,33.60081201601008,33.71503829956055,2142000
2023-08-16 00:00:00-04:00,33.63596286591864,33.76776657321194,33.31085130034471,33.565670013427734,2716200
2023-08-17 00:00:00-04:00,33.58323901139591,34.18952859952263,33.58323901139591,33.785335540771484,2143300
2023-08-18 00:00:00-04:00,33.53052013561218,34.005009434452326,33.53052013561218,33.75019073486328,1893600
2023-08-21 00:00:00-04:00,33.63596549946491,33.68868765689164,33.161479490255445,33.469017028808594,1753900
2023-08-22 00:00:00-04:00,33.68868092824469,33.82926996806165,33.45143629507099,33.548091888427734,1423300
2023-08-23 00:00:00-04:00,33.75019134918977,34.145599105420494,33.57445419620862,34.12802505493164,1350700
2023-08-24 00:00:00-04:00,34.1543795248966,34.68159090774279,34.01379049318566,34.022579193115234,2266000
2023-08-25 00:00:00-04:00,34.171950250494554,34.707946929251335,34.145590857082446,34.4179801940918,2683900
2023-08-28 00:00:00-04:00,34.6025129389764,34.980346629175465,34.6025129389764,34.67280578613281,1253700
2023-08-29 00:00:00-04:00,34.743101157576284,34.95398304592931,34.52343056859602,34.93640899658203,1493900
2023-08-30 00:00:00-04:00,35.27031054724798,35.55148864348845,35.08578805007279,35.37575149536133,2248500
2023-08-31 00:00:00-04:00,35.446044361999746,35.446044361999746,35.02427725730238,35.059425354003906,3154300
2023-09-01 00:00:00-04:00,35.208805419539,35.31424637475391,34.795823596411616,34.91005325317383,1979400
2023-09-05 00:00:00-04:00,34.90126455614324,35.13850919655322,34.620086467933014,34.637657165527344,2026500
2023-09-06 00:00:00-04:00,34.55857938099557,34.64644627763943,34.16317164228368,34.33012008666992,1437000
2023-09-07 00:00:00-04:00,34.24225740857217,34.65523589596478,34.06652024172689,34.37405776977539,1859600
2023-09-08 00:00:00-04:00,34.49706428093136,34.52342702820236,33.794119138663305,33.96985626220703,2137400
2023-09-11 00:00:00-04:00,33.99621417491006,34.06651036202449,33.60080985406481,33.85562515258789,1305700
2023-09-12 00:00:00-04:00,33.741404812521594,34.092875754208045,33.38114516994629,34.031368255615234,2546300
2023-09-13 00:00:00-04:00,34.1455966770533,34.19831547286321,33.44265146702818,33.5832405090332,2011900
2023-09-14 00:00:00-04:00,33.89956864472992,34.15438399360968,33.66232399419441,33.77655029296875,2458100
2023-09-15 00:00:00-04:00,33.60959980602219,33.89077788918797,33.40750326824098,33.59202575683594,5794700
2023-09-18 00:00:00-04:00,33.63595608413517,33.63595608413517,32.968159036530956,33.33720397949219,1825700
2023-09-19 00:00:00-04:00,33.25812932355292,33.442655185124345,33.14390301866053,33.24055862426758,1644900
2023-09-20 00:00:00-04:00,33.52172990348177,33.67989298005606,33.29327063647142,33.32841873168945,1426000
2023-09-21 00:00:00-04:00,33.14389498453014,33.14389498453014,32.24763870239258,32.24763870239258,2443900
2023-09-22 00:00:00-04:00,32.26521924792156,32.33551209790424,31.78194123969572,31.83466339111328,1650000
2023-09-25 00:00:00-04:00,31.641353709079947,31.861024322686717,31.535912753082812,31.632568359375,1528300
2023-09-26 00:00:00-04:00,31.263525988688272,31.579848883504972,31.219589180714877,31.37775230407715,1695000
2023-09-27 00:00:00-04:00,31.500764085963553,31.71164934608638,30.964770613970224,31.09657096862793,2088100
2023-09-28 00:00:00-04:00,31.17565331521355,31.535912990160682,31.078997708194734,31.342601776123047,1632000
2023-09-29 00:00:00-04:00,31.790731708318003,31.940106117777933,31.078997708194734,31.342601776123047,2829400
2023-10-02 00:00:00-04:00,31.228377886312124,31.3865410096908,30.762673866626983,30.876903533935547,2510200
2023-10-03 00:00:00-04:00,30.780242888831527,30.999913485187808,30.446345995743233,30.58693504333496,1740800
2023-10-04 00:00:00-04:00,30.81538692578863,31.131713079140173,30.419979234099205,31.078990936279297,2138800
2023-10-05 00:00:00-04:00,31.09656696087336,31.404107785920186,30.841748282039237,31.386533737182617,1884800
2023-10-06 00:00:00-04:00,31.182025054664923,32.142294357433165,30.91528471226957,31.82220458984375,2171300
2023-10-09 00:00:00-04:00,31.546575978484615,32.506845433384434,31.546575978484615,32.47127914428711,2241300
2023-10-10 00:00:00-04:00,32.409042238830466,32.8180444184314,32.13340856555771,32.15119171142578,2076400
2023-10-11 00:00:00-04:00,32.37348122884384,32.78248347517369,32.31124190404534,32.7291374206543,1585800
2023-10-12 00:00:00-04:00,32.613539845529786,32.62242972162026,32.27566689369747,32.382362365722656,1489300
2023-10-13 00:00:00-04:00,32.4890586376615,32.61353724372503,32.02670710672008,32.142295837402344,1715800
2023-10-16 00:00:00-04:00,32.257888482562436,32.47128284970965,31.804430116083658,32.21343231201172,1842900
2023-10-17 00:00:00-04:00,32.01781639383102,32.586866825470466,32.01781639383102,32.382362365722656,2168900
2023-10-18 00:00:00-04:00,32.204538504078144,32.30234410242567,31.77775321366093,31.83999252319336,1309500
2023-10-19 00:00:00-04:00,31.679949219845433,32.01781880533739,31.27094366133239,31.288726806640625,3649500
2023-10-20 00:00:00-04:00,31.53769188151945,31.61771435075889,30.83527280617199,30.853055953979492,3203800
2023-10-23 00:00:00-04:00,30.746355461236895,30.977529561580806,30.31956676680677,30.355133056640625,3356100
2023-10-24 00:00:00-04:00,30.4351557758272,30.99531297429183,30.372916463974253,30.870834350585938,2797400
2023-10-25 00:00:00-04:00,30.65743684155524,30.82637161463079,30.16841227377841,30.22176170349121,2212100
2023-10-26 00:00:00-04:00,30.275112024993028,30.488506382249284,29.697175051044592,29.86610984802246,3875000
2023-10-27 00:00:00-04:00,28.959187575848357,29.474888588351508,27.758852462530523,28.061159133911133,7980900
2023-10-30 00:00:00-04:00,28.34568368461236,28.523513439232953,27.67883100822891,28.11450958251953,4785800
2023-10-31 00:00:00-04:00,27.758854432238763,28.559077332601408,27.749962859403233,28.283445358276367,5111800
2023-11-01 00:00:00-04:00,28.23899179720671,28.32790583787706,27.51879128997598,27.927793502807617,4160100
2023-11-02 00:00:00-04:00,28.470162748051585,29.074776085975046,28.230095388130096,28.68355369567871,4030000
2023-11-03 00:00:00-04:00,29.305951271676914,30.052826399823957,29.252605228673037,29.581584930419922,2627000
2023-11-06 00:00:00-05:00,29.42153585218179,29.47488527942027,28.674660829781104,28.91472816467285,2272200
2023-11-07 00:00:00-05:00,28.905841088400813,28.905841088400813,28.461272608228747,28.559078216552734,1906600
2023-11-08 00:00:00-05:00,28.728020437260046,29.145912560791707,28.647997963938867,29.110349655151367,2163200
2023-11-09 00:00:00-05:00,29.190369813125336,29.2437158632489,28.425709742100263,28.443492889404297,2979400
2023-11-10 00:00:00-05:00,28.68355577354639,29.128124237060547,28.336794610585567,29.128124237060547,2657000
2023-11-13 00:00:00-05:00,28.86138303146328,28.941405488333025,28.39903313119747,28.594642639160156,2043800
2023-11-14 00:00:00-05:00,29.51934733217275,30.435157302626692,29.368192287384154,29.94613265991211,3510500
2023-11-15 00:00:00-05:00,29.866106903282816,30.12395740360567,29.55491036274689,29.661605834960938,2796900
2023-11-16 00:00:00-05:00,29.777198921581494,29.85722138536971,29.314847285448305,29.341520309448242,2348500
2023-11-17 00:00:00-05:00,29.75051985147165,29.79497601810133,28.96808182178261,29.181472778320312,3165300
2023-11-20 00:00:00-05:00,29.128124134026642,29.57269259596824,28.781361276398307,29.56380271911621,3790700
2023-11-21 00:00:00-05:00,29.590475885544077,29.77719721822777,29.07477823091062,29.1636905670166,2800000
2023-11-22 00:00:00-05:00,29.537128091067494,29.58158425648728,29.29706072765505,29.45710563659668,2312500
2023-11-24 00:00:00-05:00,29.421539677784292,29.661607043891348,29.225928477596018,29.652713775634766,720700
2023-11-27 00:00:00-05:00,29.590476989746094,29.75052191413968,29.421542188125457,29.590476989746094,2672100
2023-11-28 00:00:00-05:00,29.45711079028524,29.83054671529177,29.20815011515895,29.741634368896484,2964100
2023-11-29 00:00:00-05:00,30.079501864342564,30.346242246312645,29.528234564244688,29.599367141723633,3105700
2023-11-30 00:00:00-05:00,29.643824636762826,29.72384709412296,29.35930109765749,29.697174072265625,4315100
2023-12-01 00:00:00-05:00,29.750518611317823,30.710788051072836,29.634933261256467,30.5863094329834,2270500
2023-12-04 00:00:00-05:00,30.2929002095887,30.81749122532335,30.221771006530663,30.773035049438477,2270700
2023-12-05 00:00:00-05:00,30.58631200559595,30.755246802671,30.22176599690582,30.710790634155273,3855800
2023-12-06 00:00:00-05:00,30.82637596130371,31.19092536139615,30.67522431015262,30.82637596130371,3010000
2023-12-07 00:00:00-05:00,30.77303195998788,31.288729653698933,30.46183197645899,31.119794845581055,3604600
2023-12-08 00:00:00-05:00,30.977532819172556,31.448774337768555,30.844160914164267,31.448774337768555,4831700
2023-12-11 00:00:00-05:00,31.25316960842272,31.368754986326888,30.915296569514215,31.102014541625977,3668400
2023-12-12 00:00:00-05:00,31.137572167709816,31.60881360184566,30.835265510089805,31.519901275634766,2692800
2023-12-13 00:00:00-05:00,31.626602882462084,33.17370275797022,31.51990739194761,33.004764556884766,3643100
2023-12-14 00:00:00-05:00,33.70718862729419,34.534086433576846,33.591599850128596,34.09840774536133,3890700
2023-12-15 00:00:00-05:00,33.85833591472819,33.9472482509926,33.12924051184949,33.46711349487305,5593800
2023-12-18 00:00:00-05:00,33.63605402087036,33.69829333894037,33.29818101435573,33.61827087402344,3611700
2023-12-19 00:00:00-05:00,33.751632210055554,33.87611081972389,33.29817393315124,33.44932556152344,3160200
2023-12-20 00:00:00-05:00,33.360417205935754,33.54713514264683,32.88917572991594,32.933631896972656,2252900
2023-12-21 00:00:00-05:00,33.17369866048948,33.27150086950433,32.78247625727778,33.14702224731445,2664900
2023-12-22 00:00:00-05:00,33.342637462331766,33.716073373851415,33.27150487435366,33.476009368896484,2838400
2023-12-26 00:00:00-05:00,33.51157171713095,33.920577307667024,33.46711554627375,33.76053237915039,1478700
2023-12-27 00:00:00-05:00,33.73385356369906,34.116182711094815,33.618268206049684,34.08061981201172,1875300
2023-12-28 00:00:00-05:00,33.88501340412924,34.48073359756548,33.84944710821967,34.47184371948242,1939000
2023-12-29 00:00:00-05:00,34.33846497814948,34.5251862986543,34.027268430288096,34.04505157470703,2300100
2024-01-02 00:00:00-05:00,33.991708528025335,34.54297254143529,33.78720741646662,34.35625457763672,2721100
2024-01-03 00:00:00-05:00,34.05395248149492,34.07173563167402,33.41377603399259,33.48490524291992,2475800
2024-01-04 00:00:00-05:00,33.449325402582396,33.9472432306775,33.28928050754425,33.6627197265625,2130300
2024-01-05 00:00:00-05:00,33.378194285550805,33.840545800854905,33.18258311590243,33.62715148925781,2981100
2024-01-08 00:00:00-05:00,33.56491912377225,34.436272908580094,33.476006787444426,34.31179428100586,2676000
2024-01-09 00:00:00-05:00,33.93424622114379,34.44663059174357,33.745473753893194,34.27583694458008,3237100
2024-01-10 00:00:00-05:00,34.446625888545086,34.55449536523034,34.248862323698106,34.35673522949219,2591900
2024-01-11 00:00:00-05:00,34.096055971485015,34.725301028200946,33.85334701693274,34.60844039916992,3404500
2024-01-12 00:00:00-05:00,34.97699294033152,35.14778658338302,34.44662976241355,34.68933868408203,2967600
2024-01-16 00:00:00-05:00,34.563492854101185,34.71630768845653,34.30280509408498,34.4646110534668,3550600
2024-01-17 00:00:00-05:00,33.88929965153932,34.46460815694177,33.21510935381284,33.70052719116211,3032900
2024-01-18 00:00:00-05:00,33.655580946157855,33.92525982871333,33.20612071404464,33.448829650878906,5791800
2024-01-19 00:00:00-05:00,33.502766105508364,34.00616279983881,33.296014810276965,33.80839920043945,3623800
2024-01-22 00:00:00-05:00,33.87132103562698,34.266844778190425,33.87132103562698,34.0151481628418,3655100
2024-01-23 00:00:00-05:00,34.096050931349005,34.266844572293735,33.59265427456726,33.70052719116211,3234000
2024-01-24 00:00:00-05:00,33.97919405245202,33.97919405245202,32.972404057394584,32.99937057495117,3486000
2024-01-25 00:00:00-05:00,33.33197541823117,33.547714428494494,32.693739225853626,32.83756637573242,3229700
2024-01-26 00:00:00-05:00,32.91846393865494,33.04431224542709,32.513949074666456,32.981388092041016,3297000
2024-01-29 00:00:00-05:00,32.945441308283044,33.32298631369876,32.78363532621632,33.026344299316406,2415400
2024-01-30 00:00:00-05:00,32.72070975089636,33.01735175251622,32.50496730771935,32.79262161254883,4547600
2024-01-31 00:00:00-05:00,33.017340995541396,33.21510455159692,32.2442690172611,32.37910842895508,5522900
2024-02-01 00:00:00-05:00,32.181351200739826,32.837562713190565,31.803806260333666,32.819583892822266,3461000
2024-02-02 00:00:00-05:00,32.52294041300049,32.8285734867914,31.938640780159,32.639801025390625,3557300
2024-02-05 00:00:00-05:00,32.24427289128966,32.24427289128966,31.812791522780206,31.8487491607666,2358700
2024-02-06 00:00:00-05:00,31.839756868467063,32.2982081631996,31.758857329629645,31.965608596801758,3481900
2024-02-07 00:00:00-05:00,31.776834907747684,32.00156500873348,30.958817477323763,31.749868392944336,5196000
2024-02-08 00:00:00-05:00,31.650981347577645,31.98358431080194,31.354339446638985,31.902681350708008,3538500
2024-02-09 00:00:00-05:00,31.830772704131597,32.07348163488905,31.695933266229897,31.794815063476562,3274200
2024-02-12 00:00:00-05:00,31.84874772538809,32.1274142635599,31.76784475811943,31.97459602355957,2352200
2024-02-13 00:00:00-05:00,31.27344279953279,31.336366955740356,30.734088480327387,31.120624542236328,2893900
2024-02-14 00:00:00-05:00,31.19254305089712,31.49817616800749,31.111640066099973,31.34535789489746,3178200
2024-02-15 00:00:00-05:00,31.62402230708944,32.442039794990784,31.543119327885595,32.40608215332031,2712400
2024-02-16 00:00:00-05:00,32.01954604245748,32.60384571706855,31.848752388377203,32.43305206298828,2831200
2024-02-20 00:00:00-05:00,32.145396878256705,32.37012701239446,31.947636692010082,32.18135452270508,2272000
2024-02-21 00:00:00-05:00,32.226291151329,32.657775909838094,32.05549753003788,32.63080596923828,2890100
2024-02-22 00:00:00-05:00,32.76564709600715,32.76564709600715,32.451022919376754,32.4959716796875,2666600
2024-02-23 00:00:00-05:00,32.477995518913,32.549907368898275,32.21730777585921,32.226295471191406,1708000
2024-02-26 00:00:00-05:00,32.091458318446,32.25326426151065,31.426255727056983,31.480192184448242,1782200
2024-02-27 00:00:00-05:00,31.758865965092824,32.0555079754827,31.37232983859246,31.534135818481445,3058000
2024-02-28 00:00:00-05:00,31.246476491398344,32.20832462489682,31.246476491398344,31.83077621459961,2436100
2024-02-29 00:00:00-05:00,32.145394218215124,32.31619130065653,31.749870449341884,31.91167640686035,4277400
2024-03-01 00:00:00-05:00,31.803800591948296,32.32517257326745,31.453222230023414,32.307193756103516,3320600
2024-03-04 00:00:00-05:00,32.594853817156135,33.62861370024111,32.576878425877744,33.51175308227539,3893800
2024-03-05 00:00:00-05:00,33.40388488769531,33.70951798795044,33.233091231035786,33.40388488769531,2998900
2024-03-06 00:00:00-05:00,33.69154211895067,33.718508638388826,33.32298482715343,33.48479080200195,3808300
2024-03-07 00:00:00-05:00,33.60164313424666,33.95222151677964,33.49377022492193,33.880306243896484,2447400
2024-03-08 00:00:00-05:00,34.185942879097574,34.32977001083213,33.96121277144301,34.24886703491211,2665100
2024-03-11 00:00:00-04:00,34.24886595864992,34.410671905405245,33.88030873084263,34.0151481628418,2760200
2024-03-12 00:00:00-04:00,33.9791866849384,34.14998373672265,33.24207231259982,33.331966400146484,3595100
2024-03-13 00:00:00-04:00,33.278041923557545,33.952232391792236,33.26006309957808,33.619632720947266,2528600
2024-03-14 00:00:00-04:00,33.448827262840844,33.51175141651555,32.460016194430516,32.963409423828125,2588400
2024-03-15 00:00:00-04:00,32.54990576772727,33.430847318645085,32.54990576772727,33.41286849975586,3888200
2024-03-18 00:00:00-04:00,33.4308550816008,33.53872801998528,33.026343564543545,33.08926773071289,1752400
2024-03-19 00:00:00-04:00,33.143201392560925,33.26006203011482,32.7296987416594,33.01735305786133,1640100
2024-03-20 00:00:00-04:00,32.85554398056552,33.38590721904779,32.711716836016585,33.313995361328125,1927800
2024-03-21 00:00:00-04:00,33.40388430580869,34.14998993691759,33.40388430580869,33.80839920043945,2290700
2024-03-22 00:00:00-04:00,33.85334512753465,33.89829046569669,33.278036569197816,33.40388488769531,1637000
2024-03-25 00:00:00-04:00,33.511761184163255,33.57468535617842,33.02634663277632,33.15219497680664,1116600
2024-03-26 00:00:00-04:00,33.20611338056805,33.215104503525936,32.71170792025346,32.72968673706055,1382000
2024-03-27 00:00:00-04:00,33.0622954762909,33.57467989600659,32.90948063456605,33.269046783447266,4166300
2024-03-28 00:00:00-04:00,33.41287011034947,33.84435492627162,33.24207646633267,33.62861251831055,3007600
2024-04-01 00:00:00-04:00,33.55670449396069,33.619628655725116,32.92745944720676,32.93644714355469,1756200
2024-04-02 00:00:00-04:00,32.64878990150792,32.7296928777644,32.37012333237798,32.52294158935547,1923900
2024-04-03 00:00:00-04:00,32.43305182399522,32.837563287473486,32.19933058422926,32.77463912963867,1886500
2024-04-04 00:00:00-04:00,33.044311462001545,33.2600538607169,32.5049606088768,32.71171188354492,1801300
2024-04-05 00:00:00-04:00,32.56788726588482,32.927456815032045,32.4240601320478,32.819583892822266,1530300
2024-04-08 00:00:00-04:00,33.26904471451495,34.08706219591918,33.21511168154705,33.826377868652344,4593200
2024-04-09 00:00:00-04:00,33.95820959013154,34.512815464902296,33.83092367820664,34.43098831176758,3610800
2024-04-10 00:00:00-04:00,33.621808527129055,33.97639167928622,33.385420915117855,33.84001541137695,4513600
2024-04-11 00:00:00-04:00,34.13095040777254,34.249142461617694,33.33995360771824,33.79454803466797,4043500
2024-04-12 00:00:00-04:00,33.70363463767927,33.758187224132136,32.96719032782862,33.31268310546875,3225300
2024-04-15 00:00:00-04:00,33.5308961811144,33.62181370706109,32.40350013065646,32.59442901611328,1969300
2024-04-16 00:00:00-04:00,32.43077023223076,32.439864064542874,32.02163795348697,32.06709671020508,2128900
2024-04-17 00:00:00-04:00,32.285297759839615,32.56714758005182,31.976173381254824,32.1307373046875,2479700
2024-04-18 00:00:00-04:00,32.194385613960364,32.685348556103655,31.94890414288872,32.530784606933594,3354600
2024-04-19 00:00:00-04:00,32.75807242828821,33.139933540315056,32.685339125408895,33.09447479248047,3671100
2024-04-22 00:00:00-04:00,33.23995745944164,33.703642412269204,32.9853821322181,33.64908981323242,2513000
2024-04-23 00:00:00-04:00,33.62181329577481,34.185509579967594,33.62181329577481,33.88547897338867,2412000
2024-04-24 00:00:00-04:00,33.649081902564994,34.7219251534335,33.521796003018,34.44916915893555,2891900
2024-04-25 00:00:00-04:00,34.585550759609774,34.69465246964957,34.29461055398309,34.521907806396484,2399800
2024-04-26 00:00:00-04:00,34.631008113370484,35.149245550414314,34.44916962515074,34.46735382080078,2117600
2024-04-29 00:00:00-04:00,34.74010654700442,34.985587962738386,34.56736190701994,34.812843322753906,2433100
2024-04-30 00:00:00-04:00,34.59464350870545,34.93104249435085,34.34916204298117,34.62192153930664,3264700
2024-05-01 00:00:00-04:00,33.70363383559606,34.59463858343793,33.51270498997578,34.08549499511719,5340500
2024-05-02 00:00:00-04:00,34.22187277925455,34.46735422095909,33.649082748610624,34.15822982788086,5231300
2024-05-03 00:00:00-04:00,34.6582818124031,34.894672881705176,34.40371001618295,34.75829315185547,2867200
2024-05-06 00:00:00-04:00,35.03104791033508,35.4492774486234,34.78556648621384,35.35835647583008,2654700
2024-05-07 00:00:00-04:00,35.59475324698951,35.74022335851493,35.32199375313344,35.43109893798828,2253300
2024-05-08 00:00:00-04:00,35.321990277369956,35.38563322813215,34.66737657406154,34.79466247558594,2887300
2024-05-09 00:00:00-04:00,35.04923539466893,35.60384124178266,34.794663583514094,35.4947395324707,3301900
2024-05-10 00:00:00-04:00,35.658393830579044,35.767495539891,35.44928077594746,35.4947395324707,1716500
2024-05-13 00:00:00-04:00,35.549290168193856,35.87659877836132,35.45837265127221,35.567474365234375,1734000
2024-05-14 00:00:00-04:00,35.78567892332352,35.940239385648056,35.48564489417958,35.794769287109375,1673700
2024-05-15 00:00:00-04:00,36.34027856505559,36.34027856505559,35.9402332610358,36.02206039428711,1595100
2024-05-16 00:00:00-04:00,35.976604943737755,36.17662761407939,35.831134856656696,35.84022521972656,1574600
2024-05-17 00:00:00-04:00,35.97660775053591,36.03116033805253,35.77658506458905,35.94933319091797,2139600
2024-05-20 00:00:00-04:00,35.9311456621259,36.05843155291031,35.62202129810073,35.812950134277344,1847100
2024-05-21 00:00:00-04:00,35.75840350551758,36.13117084084444,35.60383957862171,36.08570861816406,2219200
2024-05-22 00:00:00-04:00,36.049345586881884,36.358469988610686,35.86750709146244,36.003883361816406,2207900
2024-05-23 00:00:00-04:00,35.90387812132869,35.90387812132869,35.27653543946757,35.28562927246094,1538100
2024-05-24 00:00:00-04:00,35.522016050538824,35.53110988331317,35.32199334887523,35.42200469970703,1272600
2024-05-28 00:00:00-04:00,35.631121058143556,35.69476402032051,34.72193192043687,34.740116119384766,1714000
2024-05-29 00:00:00-04:00,34.22187277925455,34.412801633375615,33.667266944471784,34.15822982788086,1510200
2024-05-30 00:00:00-04:00,34.42189794732193,34.66737940672609,34.29461203539703,34.43098831176758,1353000
2024-05-31 00:00:00-04:00,34.849218513923766,35.12197453967128,34.52190989571434,35.11288070678711,3719200
2024-06-03 00:00:00-04:00,35.258344613232694,35.44927691910642,35.03104738706533,35.33108139038086,2476700
2024-06-04 00:00:00-04:00,35.32198405998892,36.19480795790003,35.121964879206864,35.99478530883789,2970400
2024-06-05 00:00:00-04:00,35.831134484301174,36.16753340687771,35.5583785073937,36.149349212646484,1853600
2024-06-06 00:00:00-04:00,35.9129658482471,36.13117273640659,35.79477030598234,36.003883361816406,1374500
2024-06-07 00:00:00-04:00,35.50382402373709,36.131166552143256,35.50382402373709,36.06752014160156,2050000
2024-06-10 00:00:00-04:00,35.958422172843086,36.58576476619334,35.79476788486307,36.21299743652344,2132600
2024-06-11 00:00:00-04:00,35.89477916564367,36.14026059721465,35.68566612429371,35.73112487792969,2727600
2024-06-12 00:00:00-04:00,36.44939077557835,36.540308297312656,35.83114191659787,35.96752166748047,1904900
2024-06-13 00:00:00-04:00,36.09480341473678,36.531213711543565,36.00388243522657,36.28573226928711,1703200
2024-06-14 00:00:00-04:00,36.23117980513104,36.66759357170675,36.031160586087985,36.62213134765625,1984900
2024-06-17 00:00:00-04:00,36.367560926644245,36.78578704491324,36.05843652003653,36.67668533325195,1619000
2024-06-18 00:00:00-04:00,36.80396984325172,36.97671450250896,36.68577430361217,36.94034957885742,1295700
2024-06-20 00:00:00-04:00,36.98580734064956,36.994897704247954,36.72214170864754,36.89488983154297,1677800
2024-06-21 00:00:00-04:00,37.01308100354621,37.05853975699883,36.67668206606012,37.02217483520508,3902700
2024-06-24 00:00:00-04:00,37.10399978442671,37.70406431204341,36.96762006385368,37.42221450805664,1359200
2024-06-25 00:00:00-04:00,37.47676746141604,37.47676746141604,36.86760909664023,37.11309051513672,1383600
2024-06-26 00:00:00-04:00,36.79487950717914,37.09491007014507,36.7039585272798,36.78578567504883,1448100
2024-06-27 00:00:00-04:00,36.82215693479113,37.085822594612885,36.667596459345916,37.0676383972168,1393400
2024-06-28 00:00:00-04:00,37.36766567556375,37.55859799717982,37.00399216467937,37.41312789916992,3343700
2024-07-01 00:00:00-04:00,37.28583995209581,37.44040388803989,36.88579803436672,37.31311798095703,1616500
2024-07-02 00:00:00-04:00,37.404030672544906,37.56768495148873,37.122184334137515,37.26765441894531,2790000
2024-07-03 00:00:00-04:00,37.27674765288057,37.285838016508514,36.81306280568092,36.91307067871094,918800
2024-07-05 00:00:00-04:00,36.98581320981859,37.17674209020875,36.74942209938021,37.1585578918457,3267700
2024-07-08 00:00:00-04:00,37.18582729170474,37.367662296564006,36.985804624423075,37.11309051513672,1802100
2024-07-09 00:00:00-04:00,37.12219191879861,37.32221115860124,36.794883294036545,37.104007720947266,1471600
2024-07-10 00:00:00-04:00,37.29235027233081,37.38422457904684,36.86053332024917,37.347476959228516,1675000
2024-07-11 00:00:00-04:00,38.05491716920455,38.2111076977442,37.12697404592844,37.310726165771484,2136000
2024-07-12 00:00:00-04:00,37.494476919980656,37.53122453878669,36.89728342843696,37.07184600830078,2568700
2024-07-15 00:00:00-04:00,37.37504327896012,37.99979845705724,37.13616444362738,37.264793395996094,3724700
2024-07-16 00:00:00-04:00,37.46690476725602,37.78847178089057,37.11777967329309,37.74253463745117,3121400
2024-07-17 00:00:00-04:00,37.71497850908026,38.3397336216874,37.71497850908026,38.28460693359375,2672100
2024-07-18 00:00:00-04:00,38.128412942113826,38.97366764311468,38.0641002368107,38.24785232543945,2153700
2024-07-19 00:00:00-04:00,38.4683569329961,38.4683569329961,37.95385522496797,38.146793365478516,1044600
2024-07-22 00:00:00-04:00,38.16517123822431,38.716424103000854,37.963043552242134,38.615360260009766,1686500
2024-07-23 00:00:00-04:00,38.56941945938467,38.75317156519991,38.42241847568846,38.596981048583984,2712900
2024-07-24 00:00:00-04:00,38.63372978525894,38.78073075987856,38.036539859207856,38.128414154052734,2021600
2024-07-25 00:00:00-04:00,38.18354528165969,38.66129938101983,37.07184655777354,37.365848541259766,2018500
2024-07-26 00:00:00-04:00,37.56797038357295,38.12841267278097,37.420969414664256,37.91709899902344,1361300
2024-07-29 00:00:00-04:00,37.97223056005328,38.128417576264056,37.540413625009364,37.8160400390625,3155200
2024-07-30 00:00:00-04:00,37.95385033716313,38.00897351033578,37.09940610519128,37.531219482421875,3251600
2024-07-31 00:00:00-04:00,37.41178386942529,37.58634642700965,36.254148157673356,36.81459045410156,7241400
2024-08-01 00:00:00-04:00,37.228032794456986,37.430160449112215,36.92484131247414,37.42097091674805,4092100
2024-08-02 00:00:00-04:00,37.4852850841513,38.12841568828313,36.7962173307486,37.2923469543457,4219000
2024-08-05 00:00:00-04:00,37.10860116841186,37.54960418507527,36.56653430328342,36.71353530883789,2923000
2024-08-06 00:00:00-04:00,36.77784681549837,38.293797482863816,36.713534096740354,37.87117004394531,2104600
2024-08-07 00:00:00-04:00,37.871170782756806,38.75317680417085,37.77010693565679,37.80685806274414,2882200
2024-08-08 00:00:00-04:00,37.77929076146537,38.1559810301883,37.586352612680976,37.999794006347656,1311100
2024-08-09 00:00:00-04:00,38.146797300193114,38.505112028037395,37.88954641964448,38.468360900878906,2946800
2024-08-12 00:00:00-04:00,38.321359441669,38.40404772440286,37.99060631073359,38.18354797363281,2148800
2024-08-13 00:00:00-04:00,38.54185346260375,38.54185346260375,38.22947596987478,38.302974700927734,806900
2024-08-14 00:00:00-04:00,38.29378779096453,38.67966400584998,38.22028555682668,38.38566207885742,1068200
2024-08-15 00:00:00-04:00,38.431608173989055,38.560233597179256,38.06410396077711,38.23866653442383,2042600
2024-08-16 00:00:00-04:00,38.165166903492356,38.431607276610634,37.93547765179312,38.321353912353516,1224700
2024-08-19 00:00:00-04:00,38.43160493211806,38.65210463762119,38.183540134842325,38.53266525268555,1299900
2024-08-20 00:00:00-04:00,38.60617349620376,38.762360519831624,38.394859785235376,38.67967224121094,1280900
2024-08-21 00:00:00-04:00,38.71642075102478,38.93692398071289,38.57860929915215,38.93692398071289,1763400
2024-08-22 00:00:00-04:00,39.03798221926368,39.184983183058044,38.82666504807856,39.102294921875,1172600
2024-08-23 00:00:00-04:00,39.27686509406577,39.80974588173,39.05636185318881,39.78218078613281,1353600
2024-08-26 00:00:00-04:00,40.04861831248346,40.140492611815596,39.58923980626309,39.70867919921875,1322400
2024-08-27 00:00:00-04:00,39.50655474090653,40.25074924309562,39.35036771841137,40.09455871582031,1558500
2024-08-28 00:00:00-04:00,40.2139963121989,40.62743768373364,40.07618135342732,40.59987258911133,1851400
2024-08-29 00:00:00-04:00,40.535557029906336,40.89387169181577,40.3701804929051,40.526371002197266,2087700
2024-08-30 00:00:00-04:00,40.78362525641477,40.912250683809575,40.40693500270997,40.89387512207031,2523300
2024-09-03 00:00:00-04:00,40.74687379447018,41.435941582458604,40.74687379447018,41.270565032958984,2056400
2024-09-04 00:00:00-04:00,40.57231089990538,41.43594125905621,40.57231089990538,40.967376708984375,2247600
2024-09-05 00:00:00-04:00,41.325692969814725,41.325692969814725,40.55393688369364,40.811187744140625,1997400
2024-09-06 00:00:00-04:00,40.765242926771975,40.765242926771975,39.90161269708794,40.47124099731445,3557500
2024-09-09 00:00:00-04:00,40.563125596954784,41.1327539927608,40.370183950740774,40.9030647277832,3537400
2024-09-10 00:00:00-04:00,41.08681742908844,41.968823378085595,41.08681742908844,41.88613510131836,2476300
2024-09-11 00:00:00-04:00,41.56456759373624,42.290382949130816,41.36243993526244,42.24444580078125,3588000
2024-09-12 00:00:00-04:00,42.281198782949836,42.85082715807981,42.281198782949836,42.76813888549805,3752000
2024-09-13 00:00:00-04:00,43.007015805891115,43.392892057981605,42.915138004360216,43.30101776123047,2908700
2024-09-16 00:00:00-04:00,43.67770962373819,43.68689565184593,43.14482886921198,43.15401840209961,2039100
2024-09-17 00:00:00-04:00,43.016205509911906,43.21833318577439,42.50170029170743,42.60276412963867,1361900
2024-09-18 00:00:00-04:00,42.731387525563825,43.28264384130212,42.40982396996808,42.43738555908203,2028000
2024-09-19 00:00:00-04:00,42.6670754569222,42.6670754569222,42.042320392545896,42.400638580322266,2104000
2024-09-20 00:00:00-04:00,42.189322707376995,42.428201506754924,41.86775913680676,41.9136962890625,4362800
2024-09-23 00:00:00-04:00,42.180136884397506,42.63032939016984,42.180136884397506,42.584388732910156,2556900
2024-09-24 00:00:00-04:00,42.216883886090535,42.575198547136495,42.005570201493676,42.28119659423828,3576400
2024-09-25 00:00:00-04:00,42.446576567584565,42.630328679218614,41.93207135596523,41.96882247924805,2090700
2024-09-26 00:00:00-04:00,41.93207219946108,42.04232206674727,41.408380948876605,41.53700637817383,1822600
2024-09-27 00:00:00-04:00,41.840192639268494,41.97800407987278,41.288936362512416,41.334877014160156,1733300
2024-09-30 00:00:00-04:00,41.123563781305975,41.757508385248826,41.09600219149281,41.65644454956055,2662400
2024-10-01 00:00:00-04:00,41.81263618078243,41.87695240541333,40.99494288144251,41.252197265625,2033100
2024-10-02 00:00:00-04:00,40.8755010281211,41.47269098337662,40.79281275680513,41.44512939453125,2661300
2024-10-03 00:00:00-04:00,41.445129721547616,41.54619355448455,40.8663118177687,41.06843948364258,1670200
2024-10-04 00:00:00-04:00,40.857126845105114,41.086816105975224,40.443685474582914,40.967376708984375,1342400
2024-10-07 00:00:00-04:00,40.792810235787954,40.792810235787954,40.315056198241074,40.61824417114258,1580600
2024-10-08 00:00:00-04:00,40.87550341095895,40.958191687095244,40.20480766853121,40.51718521118164,1434100
2024-10-09 00:00:00-04:00,40.581493777576405,40.654996017642674,40.17724197155105,40.553932189941406,1153900
2024-10-10 00:00:00-04:00,40.45652701412529,40.753387278215605,40.13183366731473,40.27098846435547,1053900
2024-10-11 00:00:00-04:00,40.540024280016546,40.669900219523356,40.326656159561935,40.55857849121094,2273700
2024-10-14 00:00:00-04:00,40.62350972761191,41.01313748155149,40.354479018165996,40.76266098022461,3116000
2024-10-15 00:00:00-04:00,41.08735745856882,41.69035334374634,41.00386528506994,41.291446685791016,1956200
2024-10-16 00:00:00-04:00,41.37493680618526,41.69963014872613,41.25433975844619,41.59758377075195,971600
2024-10-17 00:00:00-04:00,41.579033238544156,41.68107962554125,41.05025063215353,41.11518859863281,1434200
2024-10-18 00:00:00-04:00,41.30072767108415,41.65325059263797,41.09663489457607,41.532649993896484,1102500
2024-10-21 00:00:00-04:00,41.300721103631446,41.309996437973346,40.57712470395317,40.62350845336914,1727600
2024-10-22 00:00:00-04:00,40.60496104504408,41.26361959806028,40.56785262375627,41.06880569458008,1325300
2024-10-23 00:00:00-04:00,41.06880393131722,41.81095463094029,41.02242017612584,41.476985931396484,1612100
2024-10-24 00:00:00-04:00,41.634694253982836,41.773845517245206,41.24506293137023,41.291446685791016,2002900
2024-10-25 00:00:00-04:00,41.42132723895569,41.53264896025604,40.64206811214582,40.69772720336914,1104400
2024-10-28 00:00:00-04:00,40.95748195928722,41.310001327657396,40.87398978491456,40.911094665527344,1424200
2024-10-29 00:00:00-04:00,40.827608976401926,41.07808553930675,40.447256463588126,40.45653533935547,1657200
2024-10-30 00:00:00-04:00,40.41942167243256,40.79049880021222,40.270991529091454,40.4008674621582,3137800
2024-10-31 00:00:00-04:00,39.47317845687471,39.88136400805004,38.842349458561735,39.13920974731445,4061200
2024-11-01 00:00:00-04:00,38.97221892095729,39.31546644814796,38.07236286835078,38.313560485839844,2704600
2024-11-04 00:00:00-05:00,38.53621127988784,39.129931818042,38.3877811453493,39.02788543701172,3316900
2024-11-05 00:00:00-05:00,38.94439415412509,40.094730377197266,38.77740980660085,40.094730377197266,1855400
2024-11-06 00:00:00-05:00,40.94820191794741,40.94820191794741,39.73293129531358,40.14111328125,3321500
2024-11-07 00:00:00-05:00,40.14111360043726,40.53074138026744,39.909191291818274,40.3915901184082,3364500
2024-11-08 00:00:00-05:00,40.61423902454561,41.449160863597534,40.410149771886076,41.26362228393555,2318800
2024-11-11 00:00:00-05:00,41.21723444297078,41.84806342805311,41.21723444297078,41.41204833984375,1931300
2024-11-12 00:00:00-05:00,41.31000335524311,41.643972069125645,41.01314306264838,41.06880569458008,2063300
2024-11-13 00:00:00-05:00,41.43060137772358,42.0985387639382,41.310000785467366,41.92227554321289,2988600
2024-11-14 00:00:00-05:00,41.63469905994013,41.72746657949001,41.30073032739412,41.32855987548828,2199600
2024-11-15 00:00:00-05:00,41.29144627070085,41.43060107141796,40.7997721088466,41.10591125488281,3211600
2024-11-18 00:00:00-05:00,41.003861861369835,41.39348961259607,40.9667534453902,41.226505279541016,1598300
2024-11-19 00:00:00-05:00,41.01314241493126,41.46771172139326,40.77194475807744,41.28217315673828,1037000
2024-11-20 00:00:00-05:00,41.0873519085829,41.235782025992,40.71627484563358,41.13373565673828,1174600
2024-11-21 00:00:00-05:00,41.226511775281956,41.81095703306113,41.03169786897353,41.569759368896484,1086900
2024-11-22 00:00:00-05:00,41.65325004607027,41.987215213900605,41.588312079643224,41.82950973510742,1536100
2024-11-25 00:00:00-05:00,42.05215970061578,42.50672549783312,42.02432661384962,42.274803161621094,2590600
2024-11-26 00:00:00-05:00,42.330464384440184,42.79430904139352,42.11709626690412,42.618045806884766,2758300
2024-11-27 00:00:00-05:00,42.95201386893371,43.24887416173351,42.88707590106212,42.9798469543457,1185200
2024-11-29 00:00:00-05:00,42.93345866984137,43.08188881282404,42.48816824089337,42.54383087158203,1142400
2024-12-02 00:00:00-05:00,42.39540347538844,42.39540347538844,41.83878774900011,42.02432632446289,1998000
2024-12-03 00:00:00-05:00,42.09854151107125,42.14492526839545,41.46771250267139,41.551204681396484,1613600
2024-12-04 00:00:00-05:00,41.5140893451414,41.810949589193925,41.384213430725076,41.73673629760742,1355500
2024-12-05 00:00:00-05:00,41.5048156778035,41.78312172542425,41.24506029968453,41.49553680419922,1180900
2024-12-06 00:00:00-05:00,41.6161379793703,41.755289235727716,41.44915364065864,41.59758377075195,1312100
2024-12-09 00:00:00-05:00,41.61614475616664,41.70891227551124,41.2543464763271,41.64397430419922,1476900
2024-12-10 00:00:00-05:00,41.755293134697375,41.87589373255117,41.09663459208331,41.28217315673828,1274000
2024-12-11 00:00:00-05:00,41.467709490123006,41.523368579326984,41.068802836177774,41.10591125488281,1565200
2024-12-12 00:00:00-05:00,41.08735494651568,41.96866038204277,41.03169232130173,41.57902908325195,1220100
2024-12-13 00:00:00-05:00,41.34710863280059,41.653247776867616,41.143015870089236,41.25434112548828,1283900
2024-12-16 00:00:00-05:00,41.17085305557752,42.07070929049885,41.16157418060962,41.50482177734375,1637400
2024-12-17 00:00:00-05:00,41.24506463402112,41.56047913149829,41.068804944404434,41.19868087768555,2078200
2024-12-18 00:00:00-05:00,41.124465681291305,41.44915549954017,39.83497466588703,39.84425354003906,2554200
2024-12-19 00:00:00-05:00,39.87208447564643,40.502913463552545,39.2690885723137,39.352577209472656,2489200
2024-12-20 00:00:00-05:00,39.612332888736624,40.66989809971677,39.38968590486271,40.31737518310547,5497600
2024-12-23 00:00:00-05:00,39.9741311410347,40.39159202401469,39.81642212352948,40.31737518310547,1022800
2024-12-24 00:00:00-05:00,40.32665473686344,40.54002284979056,40.09473241339651,40.50291442871094,981900
2024-12-26 00:00:00-05:00,40.2802610355755,40.83687664669342,40.2802610355755,40.707000732421875,1651200
2024-12-27 00:00:00-05:00,40.391589052533874,40.77194148707794,40.20605050276406,40.27098846435547,929200
2024-12-30 00:00:00-05:00,40.08544995897116,40.08544995897116,39.45462101236737,39.95557403564453,1002500
2024-12-31 00:00:00-05:00,40.187496293901724,40.382310178675965,39.770035441633,40.27098846435547,1674700
2025-01-02 00:00:00-05:00,39.89991846610989,40.215332995199276,39.27836828344046,39.454627990722656,2187900
2025-01-03 00:00:00-05:00,39.334029965910666,39.96485900878906,39.25981311905249,39.96485900878906,2073200
2025-01-06 00:00:00-05:00,39.918472783690234,39.918472783690234,38.35995434629216,38.48983383178711,3292900
2025-01-07 00:00:00-05:00,38.72175046994866,39.00005653443131,37.9795962461901,38.100196838378906,1706900
2025-01-08 00:00:00-05:00,38.220802782551466,38.28574075539544,37.65491170017908,38.239356994628906,1785600
2025-01-10 00:00:00-05:00,37.86909890945781,38.27216137165519,37.33480747365595,37.57851791381836,2787400
2025-01-13 00:00:00-05:00,37.63476356231536,38.44088497797549,37.55040156145629,38.41276550292969,1684300
2025-01-14 00:00:00-05:00,38.459627408524526,38.76895589607248,38.31902647613824,38.60960388183594,1467800
2025-01-15 00:00:00-05:00,39.47197398914158,39.518840969814235,38.45963004314942,38.4690055847168,2152300
2025-01-16 00:00:00-05:00,38.62835319163637,38.85331969996843,38.225290730344064,38.79707717895508,1763600
2025-01-17 00:00:00-05:00,38.881434508151074,38.89081004838922,38.553362114234204,38.61897659301758,1655200
2025-01-21 00:00:00-05:00,38.665845343257644,39.13452225650925,38.50649690909821,38.72208786010742,1798800
2025-01-22 00:00:00-05:00,38.45962983325848,38.4690053747747,37.915966424124136,37.962833404541016,2427200
2025-01-23 00:00:00-05:00,38.01906818126895,38.16904463348276,37.475401307168454,37.79410171508789,1773800
2025-01-24 00:00:00-05:00,37.50352507775018,38.21591598929699,37.50352507775018,38.094058990478516,1714300
2025-01-27 00:00:00-05:00,38.23466060511799,39.293867775978946,37.76598372663129,39.068904876708984,2296500
2025-01-28 00:00:00-05:00,38.965800379061406,39.63132077352806,38.70334243774414,38.70334243774414,1941300
2025-01-29 00:00:00-05:00,38.70334184833344,38.80645134534391,38.00032645132156,38.23466491699219,1691600
2025-01-30 00:00:00-05:00,38.740837879933856,39.28450127521352,38.60023336654496,38.834571838378906,1762200
2025-01-31 00:00:00-05:00,38.834567810994635,39.443849204865174,38.82519227068965,39.12514877319336,2865200
2025-02-03 00:00:00-05:00,38.74083666427551,39.36886203273729,38.44088014007687,39.11577606201172,1492200
2025-02-04 00:00:00-05:00,38.99391278293503,39.12514530552716,38.54398343263816,39.087650299072266,1992200
2025-02-05 00:00:00-05:00,39.33136686706752,39.71568180429007,39.068908932102225,39.57508087158203,1896100
2025-02-06 00:00:00-05:00,40.025011001693755,40.88737484655658,40.025011001693755,40.296844482421875,2539200
2025-02-07 00:00:00-05:00,40.278096937233414,40.9342417856418,40.14686796755174,40.21248245239258,1808000
2025-02-10 00:00:00-05:00,40.11874562672852,40.278097646807296,39.406358246311704,40.13749313354492,1927300
2025-02-11 00:00:00-05:00,39.771923584140545,40.09999599675403,39.60319960744757,40.071876525878906,1327000
2025-02-12 00:00:00-05:00,39.19076342344343,40.05312719777638,39.11577340356007,39.884403228759766,1313800
2025-02-13 00:00:00-05:00,39.99689009141702,40.47494259351541,39.8844086221027,40.44682312011719,1514900
2025-02-14 00:00:00-05:00,40.49368445587445,40.99048082049993,40.22185099851597,40.25934600830078,1426400
2025-02-18 00:00:00-05:00,40.29683973042246,40.3999456404546,39.87502982312437,40.371826171875,1388300
2025-02-19 00:00:00-05:00,40.3624634167269,40.42807790886384,39.837543903909705,39.968772888183594,1723300
2025-02-20 00:00:00-05:00,39.865656687078754,40.409323617207114,39.76254719510813,40.31558609008789,1837500
2025-02-21 00:00:00-05:00,40.259347301974486,40.53118076806793,39.790670391766916,40.14686584472656,5240200
2025-02-24 00:00:00-05:00,40.08124772197061,40.76551915638718,40.08124772197061,40.484310150146484,2337600
2025-02-25 00:00:00-05:00,40.52180678000295,41.48728010779072,40.50305927378983,41.04672622680664,2312600
2025-02-26 00:00:00-05:00,41.04672792043051,41.2810663941817,40.79364193969268,40.98111343383789,2205700
2025-02-27 00:00:00-05:00,40.72803047649345,41.712251424166546,40.64366847665167,41.56227493286133,1437200
2025-02-28 00:00:00-05:00,41.96532880376374,42.377763176206216,41.81535234326458,42.34964370727539,3330400
2025-03-03 00:00:00-05:00,42.37776398612784,43.212008287081005,42.265282532533945,43.15576934814453,2105100
2025-03-04 00:00:00-05:00,43.40886098943261,43.558837472453156,42.54649353027344,42.54649353027344,3475800
2025-03-05 00:00:00-05:00,42.01219577722206,42.79020112436956,41.843471812195396,42.34964370727539,3171800
2025-03-06 00:00:00-05:00,42.01219800262535,42.02157354324616,41.009229699461905,41.44978713989258,1703500
2025-03-07 00:00:00-05:00,41.618514067116564,42.0309484906723,41.36542808821146,41.69350051879883,1793100
2025-03-10 00:00:00-04:00,41.41229632965573,42.86519418552948,41.41229632965573,41.49665832519531,2623600
2025-03-11 00:00:00-04:00,41.59976414665951,41.74974061704376,40.65303477208552,41.037349700927734,2231400
2025-03-12 00:00:00-04:00,40.88737308982243,41.1873260295586,40.22185272826539,40.27809524536133,1539100
2025-03-13 00:00:00-04:00,40.18435615685131,40.624913584363675,39.771921774655674,39.884403228759766,1378300
2025-03-14 00:00:00-04:00,40.03438249688405,40.596796958238905,39.91252906962019,40.58742141723633,1725400
2025-03-17 00:00:00-04:00,40.54992629082868,41.34667921491429,40.493687347855925,41.13108825683594,1626900
2025-03-18 00:00:00-04:00,41.05609703739982,41.34667801194911,40.36245720562823,40.69990158081055,2270600
2025-03-19 00:00:00-04:00,40.71865050398458,41.121712950959285,40.409325588702366,40.84050750732422,1939300
2025-03-20 00:00:00-04:00,40.934247405416535,41.131094462685006,40.43745093035428,40.9061279296875,1746900
2025-03-21 00:00:00-04:00,40.784266252034236,40.9811132868273,40.39995129948979,40.6436653137207,3841000
2025-03-24 00:00:00-04:00,40.80301075674623,41.61851115699133,40.7655193213873,41.534149169921875,2081800
2025-03-25 00:00:00-04:00,41.609135132445694,41.86222109071066,41.009229265026946,41.31855773925781,1734000
2025-03-26 00:00:00-04:00,41.5716438293457,41.69350083694571,41.24357139625494,41.5716438293457,1136600
2025-03-27 00:00:00-04:00,41.71224791373762,42.124682336186815,41.31856099808902,41.44041442871094,1467700
2025-03-28 00:00:00-04:00,41.77786007135905,41.871594024416844,41.21544920157009,41.74974060058594,1487200
2025-03-31 00:00:00-04:00,42.02158169696302,42.57461712638398,42.02158169696302,42.34027862548828,1932500
2025-04-01 00:00:00-04:00,42.35902613464655,42.66835467217531,41.63726312280119,42.34027862548828,1588600
2025-04-02 00:00:00-04:00,42.34027206050346,42.67772002158644,42.02157518139309,42.51837158203125,1557200
2025-04-03 00:00:00-04:00,42.11530508778376,42.705838962902526,40.774888913311486,40.96236038208008,3994200
2025-04-04 00:00:00-04:00,40.287469214402435,40.57805020360443,37.87847003597045,37.90658950805664,4180900
2025-04-07 00:00:00-04:00,37.02548170045533,38.32840314260906,35.91940373321944,36.725528717041016,4472600
2025-04-08 00:00:00-04:00,37.6628774951695,37.70037250686085,35.094526405850054,35.70380783081055,3417000
2025-04-09 00:00:00-04:00,34.897681203726535,38.759577820767745,34.31652285461026,38.49711990356445,3632300
2025-04-10 00:00:00-04:00,38.165577958548894,38.658159680025406,36.55521533325162,37.33197784423828,2937100
2025-04-11 00:00:00-04:00,36.95306812967205,37.57826731901758,36.16683448277086,37.37934112548828,2963500
2025-04-14 00:00:00-04:00,37.90033917780473,38.857085619676994,37.663521252487506,38.63921356201172,2048000
2025-04-15 00:00:00-04:00,38.76235725869595,39.06548753521492,38.525539327408055,38.904449462890625,2842100
2025-04-16 00:00:00-04:00,38.894980287376235,39.57701350649289,38.478178394719066,38.714996337890625,3851800
2025-04-17 00:00:00-04:00,39.046537649657886,39.60542805453628,38.97075418493665,39.11284637451172,2197600
2025-04-21 00:00:00-04:00,38.686579828499134,39.065489987769915,38.099272333829,38.591854095458984,1499700
2025-04-22 00:00:00-04:00,39.122323594137704,39.539125487912536,38.86655978119998,39.34967041015625,2993300
2025-04-23 00:00:00-04:00,39.78541378377912,40.21168679703061,39.41597837681283,39.5959587097168,1705800
2025-04-24 00:00:00-04:00,39.52964942451292,39.70015862743544,39.19810575969409,39.37808609008789,2260800
2025-04-25 00:00:00-04:00,39.28335632673482,39.349665052888646,38.951809082411124,39.122318267822266,1557900
2025-04-28 00:00:00-04:00,39.11285363827328,39.52965193098142,38.99917842008047,39.4065055847168,2762900
2025-04-29 00:00:00-04:00,39.235988659931145,39.482281304056485,38.98022850314978,39.06548309326172,2624300
2025-04-30 00:00:00-04:00,38.942341812121306,39.74752134575211,38.40239720937031,39.6717414855957,3105900
2025-05-01 00:00:00-04:00,39.74752168378719,40.619013571104524,39.17916008033824,40.35377502441406,2776100
2025-05-02 00:00:00-04:00,40.855832025849175,41.60417397004361,40.83688615702014,41.499977111816406,2128700
2025-05-05 00:00:00-04:00,41.31999122583184,41.31999122583184,40.61901217982501,40.76110076904297,1825900
2025-05-06 00:00:00-04:00,40.48639304860519,40.82740781680164,40.34430085169066,40.57164764404297,1790100
2025-05-07 00:00:00-04:00,40.628479816859596,40.846351859121526,40.35377017566018,40.467445373535156,1858300
2025-05-08 00:00:00-04:00,40.60006474277635,40.66637347122633,39.65279306371411,39.81382751464844,2901300
2025-05-09 00:00:00-04:00,39.861193446267016,40.23062881789834,39.595954922526744,40.06011962890625,1556100
2025-05-12 00:00:00-04:00,40.37272221072321,40.71374062934502,40.06012440268994,40.32535934448242,1555100
2025-05-13 00:00:00-04:00,40.221156651986554,40.4579745836825,39.28335966606132,39.4538688659668,2224700
2025-05-14 00:00:00-04:00,39.273893381958224,39.30231399709879,38.72447754116773,38.999183654785156,1595100
2025-05-15 00:00:00-04:00,39.188632585544084,39.69068908691406,39.160215588439115,39.69068908691406,1901100
2025-05-16 00:00:00-04:00,39.756996291654126,40.21168629560084,39.55806647891405,40.183265686035156,2270500
2025-05-19 00:00:00-04:00,39.91802985467877,40.135901917482066,39.70015779187548,40.0032844543457,1601200
2025-05-20 00:00:00-04:00,39.7854118347168,40.04117563013798,39.65279437343651,39.7854118347168,1365400
2025-05-21 00:00:00-04:00,39.56754281148639,39.671743285790335,38.411870079831814,38.50659942626953,1680300
2025-05-22 00:00:00-04:00,38.54448617977799,38.819195854339874,37.919286969755575,37.985595703125,1715600
2025-05-23 00:00:00-04:00,37.87191996822816,38.05190028006369,37.18041210037012,37.38881301879883,2890800
2025-05-27 00:00:00-04:00,37.82456006121625,38.08032385919233,37.322507206052926,37.92876052856445,2903500
2025-05-28 00:00:00-04:00,38.042430353011916,38.60132078623829,37.87192116229508,38.54448318481445,3220500
2025-05-29 00:00:00-04:00,38.5918501690078,39.16968286345042,38.45922909726773,39.141265869140625,3259900
2025-05-30 00:00:00-04:00,39.02759607494942,39.28335987617563,38.790778141986806,39.24546813964844,3463300
2025-06-02 00:00:00-04:00,38.90444423581173,39.33071717756822,38.60131761357476,39.22651672363281,1582400
2025-06-03 00:00:00-04:00,39.01812279552016,39.131798009359606,38.28872310104802,38.923397064208984,2333300
2025-06-04 00:00:00-04:00,38.847613239330194,39.09390592021474,38.61079529962467,38.96128845214844,1874600
2025-06-05 00:00:00-04:00,38.961286997641885,39.06548746539109,38.610793858202754,38.81919479370117,3626400
2025-06-06 00:00:00-04:00,38.951812326437235,39.32124772107757,38.497122331991065,38.904449462890625,2167200
2025-06-09 00:00:00-04:00,38.88550428279172,39.55806635229632,38.525540009069644,39.29283142089844,1953800
2025-06-10 00:00:00-04:00,39.482284760738814,39.99381234619478,39.27388383031867,39.7380485534668,1627200
2025-06-11 00:00:00-04:00,39.738050364430435,39.880138957829246,39.150742895227815,39.37808609008789,1255000
2025-06-12 00:00:00-04:00,39.387561858967054,39.74752252914815,39.22652377931338,39.72857666015625,1283200
2025-06-13 00:00:00-04:00,39.34966672363973,39.60543051261594,38.69604694729339,39.05601119995117,2075300
2025-06-16 00:00:00-04:00,39.235997029887464,39.434926858288,38.88550746846164,38.989707946777344,1682700
2025-06-17 00:00:00-04:00,38.73394019404772,38.989703993008085,38.57290573556611,38.81919479370117,2762700
2025-06-18 00:00:00-04:00,38.83814495126381,39.31178086530361,38.69605273162977,38.95181655883789,2586700
2025-06-20 00:00:00-04:00,39.06548885711104,39.30230679641237,38.76235857033476,38.876033782958984,4073100
2025-06-23 00:00:00-04:00,38.99917581251147,39.3875606950359,38.601323416103384,39.207576751708984,2725400
2025-06-24 00:00:00-04:00,39.21705079660225,39.27388478733465,38.610793858202754,38.81919479370117,3817700
2025-06-25 00:00:00-04:00,38.553961902008815,38.582378898874616,37.900342065655074,37.99507141113281,2348900
2025-06-26 00:00:00-04:00,38.20346814769458,38.72446684296663,38.042430084905966,38.66762924194336,2275000
2025-06-27 00:00:00-04:00,38.9612867868817,39.00864965008744,38.373975719755,38.56343078613281,2793200
2025-06-30 00:00:00-04:00,38.45923307389623,38.696051020443754,37.90034257550187,38.67710876464844,2633300
2025-07-01 00:00:00-04:00,38.64868683846327,39.18863144913057,38.16557983391278,38.70552444458008,1868900
2025-07-02 00:00:00-04:00,38.62973902676418,38.76235648747806,37.89086825218412,38.43081283569336,1922200
2025-07-03 00:00:00-04:00,38.43081339333739,38.894978126125935,38.288721189907974,38.648685455322266,1157800
2025-07-07 00:00:00-04:00,38.72446768316044,39.40650084246434,38.53501262252697,38.76235580444336,2519000
2025-07-08 00:00:00-04:00,38.411869724169236,39.07496068887325,38.411869724169236,38.80025100708008,1564200
2025-07-09 00:00:00-04:00,38.743411865240866,38.98022977734245,38.563427939368744,38.57290267944336,1570300
2025-07-10 00:00:00-04:00,38.620772712222816,39.03244707983719,38.45801594608369,38.764381408691406,2028000
2025-07-11 00:00:00-04:00,38.29526473337061,38.85054782502259,38.20910024163569,38.678218841552734,1193900
2025-07-14 00:00:00-04:00,38.69736365603349,39.02287355568284,38.544182741617384,38.639923095703125,1297300
2025-07-15 00:00:00-04:00,38.54418109321413,38.697362001079206,37.893164973878235,38.27611541748047,2251600
2025-07-16 00:00:00-04:00,38.37185492496659,39.01329882128007,38.37185492496659,38.93670654296875,1893800
2025-07-17 00:00:00-04:00,38.94628182584319,39.262215838886696,38.745232576440884,38.90798568725586,1808700
2025-07-18 00:00:00-04:00,38.91756344031383,39.281365818220856,38.8984153700891,38.9941520690918,1895000
2025-07-21 00:00:00-04:00,39.16647954027563,39.32923630485588,38.67821655077653,38.86968994140625,2487200
2025-07-22 00:00:00-04:00,39.05159317471152,39.67388897299125,38.783523865000845,39.60687255859375,1800700
2025-07-23 00:00:00-04:00,39.53986002056237,39.67389286249754,39.12818563340663,39.2622184753418,1775400
2025-07-24 00:00:00-04:00,39.23349789918339,39.25264596961821,38.75480709467585,38.78352737426758,2019500
2025-07-25 00:00:00-04:00,38.78353043930858,38.85055051718752,38.48674445441652,38.68779373168945,1398200
2025-07-28 00:00:00-04:00,38.37185289072503,38.745231097396356,38.161227788655815,38.19952392578125,1566600
2025-07-29 00:00:00-04:00,38.43887116036856,38.907986080380525,38.17080183966947,38.86968994140625,2292200
2025-07-30 00:00:00-04:00,38.840971885179705,38.869692164992976,37.48149174290975,38.094215393066406,5785200
2025-07-31 00:00:00-04:00,38.860119653197614,39.070744775844425,37.366603028478494,37.61552429199219,6238500
2025-08-01 00:00:00-04:00,38.0176237270761,38.15165657120567,36.6485677012593,37.02194595336914,4145100
2025-08-04 00:00:00-04:00,37.0410960822807,37.223000939809914,36.294339536570924,36.351783752441406,2941900
2025-08-05 00:00:00-04:00,36.571980407933395,37.16555601884876,36.246470495085376,36.90706253051758,2775800
2025-08-06 00:00:00-04:00,36.99322763466581,37.13683634791729,36.5911290809557,36.696441650390625,2054100
2025-08-07 00:00:00-04:00,36.87833972031258,37.36660273004211,36.75387908954976,37.13683319091797,2133400
2025-08-08 00:00:00-04:00,37.290008176544866,37.32830431102153,36.42836341142177,36.46665954589844,1680000
2025-08-11 00:00:00-04:00,36.3230562780099,36.52410918789916,35.892237483398056,35.90180969238281,1675600
2025-08-12 00:00:00-04:00,35.94010520136511,36.25603922200659,35.806072365206845,36.21774673461914,1348300
2025-08-13 00:00:00-04:00,36.25604045911777,36.90706024448956,36.16030375920115,36.85919189453125,1684100
2025-08-14 00:00:00-04:00,36.49538956453272,36.63899828110186,36.26562000056774,36.4475212097168,1417500
2025-08-15 00:00:00-04:00,36.447516390321404,36.91663497057797,36.37092776316739,36.8687629699707,2043400
2025-08-18 00:00:00-04:00,36.99322421713824,37.05066842755625,36.45709286172061,36.48581314086914,1754700
2025-08-19 00:00:00-04:00,36.677293282004165,37.232572754370686,36.53368456991353,37.21342468261719,1332200
2025-08-20 00:00:00-04:00,37.37617917086178,37.778277696625146,37.03152120470974,37.16555404663086,1681600
2025-08-21 00:00:00-04:00,36.89748553684611,37.2325676159853,36.820893260402435,36.91663360595703,1139900
2025-08-22 00:00:00-04:00,37.09853547741373,37.86443999555553,37.09853547741373,37.52935791015625,2522300
2025-08-25 00:00:00-04:00,37.41447298456971,37.57722609617209,37.00279862306619,37.29001235961914,1491100
2025-08-26 00:00:00-04:00,37.28043863648706,37.471915689208394,37.08896523588675,37.09853744506836,3131800
2025-08-27 00:00:00-04:00,37.04109168311394,37.36660156347839,36.99322333496758,37.31873321533203,2194500
2025-08-28 00:00:00-04:00,37.34745520482493,37.38575134594486,37.02194530954764,37.33788299560547,1498100
2025-08-29 00:00:00-04:00,37.33787970313036,37.93145522966326,37.31873163425889,37.88358688354492,2551700
2025-09-02 00:00:00-04:00,37.615525048902406,37.615525048902406,36.57197892806804,36.78260040283203,2315500
2025-09-03 00:00:00-04:00,36.38050130230329,36.868764318111474,36.37092909310435,36.75387954711914,4924300
2025-09-04 00:00:00-04:00,36.89748836278862,37.23257046759142,36.600698747019685,37.16555404663086,3624200
2025-09-05 00:00:00-04:00,37.39532528444149,37.86444020661537,37.127255962507,37.42404556274414,2475300
2025-09-08 00:00:00-04:00,37.117685515552594,37.1751297270053,36.84004397171272,37.09853744506836,2354100
2025-09-09 00:00:00-04:00,36.97407526528486,37.385749633161105,36.94535498682122,37.31873321533203,2285000
2025-09-10 00:00:00-04:00,37.20384836842367,37.52935824808001,36.437943843385476,36.562400817871094,2828600
2025-09-11 00:00:00-04:00,36.49538692586337,37.32831157834854,36.46666664547461,37.26129150390625,2011700
2025-09-12 00:00:00-04:00,37.28044084017749,37.42404955123762,36.5432565175032,36.73473358154297,1777700
2025-09-15 00:00:00-04:00,36.77302967735305,36.878342245045175,36.11243764199506,36.15073013305664,2600900
2025-09-16 00:00:00-04:00,36.16030433802829,36.45709395591419,35.68161352654069,35.71990966796875,2588700
2025-09-17 00:00:00-04:00,35.710333806551205,36.43794588520016,35.63374517581614,35.71990966796875,2179300
2025-09-18 00:00:00-04:00,35.72948398409662,36.06456611104804,35.538006917786696,35.70076370239258,1691600
2025-09-19 00:00:00-04:00,35.748630091924475,36.24646897613071,35.69118587955108,35.95925521850586,4504400
2025-09-22 00:00:00-04:00,35.873089625786164,35.911382114072936,35.442267176501595,35.7964973449707,1936900
2025-09-23 00:00:00-04:00,35.86351622978001,35.99754907829915,35.624170813961214,35.91138458251953,1704200
2025-09-24 00:00:00-04:00,35.94967791708811,35.94967791708811,35.34652649375037,35.490135192871094,1970100
2025-09-25 00:00:00-04:00,35.442270749517654,35.595451674470134,35.078464683210015,35.14548110961914,2292000
2025-09-26 00:00:00-04:00,35.26993765604994,35.662463958908795,35.22206930733464,35.5954475402832,2195600
2025-09-29 00:00:00-04:00,35.36567306518555,35.69118293756119,35.14547574741978,35.36567306518555,3331600
2025-09-30 00:00:00-04:00,35.37525305484552,35.75820352743663,35.1742037828261,35.67203903198242,2762000
2025-10-01 00:00:00-04:00,35.566728082601095,35.73905706365141,35.19334618891143,35.346527099609375,2307900
2025-10-02 00:00:00-04:00,35.24121632408748,35.27950881064283,34.724229408321904,34.848690032958984,3277800
2025-10-03 00:00:00-04:00,34.82954025268555,35.31780321439862,34.772096047493164,34.82954025268555,1837100
2025-10-06 00:00:00-04:00,34.973151903703666,34.973151903703666,34.3317079255832,34.49446105957031,3335700
2025-10-07 00:00:00-04:00,34.484882152551705,34.877408422426406,34.331701258262086,34.59019470214844,2315700
2025-10-08 00:00:00-04:00,34.50403647894714,34.82954639486631,34.283839131725536,34.70508575439453,3028200
2025-10-09 00:00:00-04:00,34.83103752677201,35.06356532710294,34.62757477749175,34.67601776123047,2697500
2025-10-10 00:00:00-04:00,34.68570577886577,34.81166049662217,34.11406968561791,34.598506927490234,3331800
2025-10-13 00:00:00-04:00,34.4725564371416,35.092635524943546,34.365979650932594,35.02481460571289,2465500
2025-10-14 00:00:00-04:00,34.99574001727357,35.305779509433954,34.88916324885051,35.228271484375,2958800
2025-10-15 00:00:00-04:00,35.24765205137782,35.66426834312681,34.93761253602452,35.09263229370117,2553100
2025-10-16 00:00:00-04:00,35.17013484456092,35.20889070193202,34.69538852763189,34.792274475097656,2007200
2025-10-17 00:00:00-04:00,34.569436476235936,35.044182829380304,34.51130268574464,34.9666748046875,1996800
2025-10-20 00:00:00-04:00,35.121698684981425,35.49955912775547,34.96667892138277,35.131385803222656,1796600
2025-10-21 00:00:00-04:00,35.17014018984005,35.732089119241984,35.044185482221934,35.451114654541016,2932400
2025-10-22 00:00:00-04:00,35.52862108056161,35.88710725559536,35.20889446300129,35.46080017089844,3663400
2025-10-23 00:00:00-04:00,35.441429002384695,35.518937036150184,34.97636601594094,35.179832458496094,2830700
2025-10-24 00:00:00-04:00,35.17983569227282,35.373607642479676,35.00543798031622,35.11201477050781,3734400
2025-10-27 00:00:00-04:00,34.947297762916385,35.044183720235885,34.64694538168615,34.889163970947266,3393500
2025-10-28 00:00:00-04:00,34.782592469907975,34.81165751922631,33.8621610498813,33.94935989379883,2595100
2025-10-29 00:00:00-04:00,33.523053216482964,33.59087412972621,32.47667077218531,32.51542663574219,4753400
2025-10-30 00:00:00-04:00,33.125815454188945,33.125815454188945,32.37978169905464,32.583248138427734,4435500
2025-10-31 00:00:00-04:00,32.36040951626626,33.271150208342625,32.36040951626626,32.641380310058594,3984700
2025-11-03 00:00:00-05:00,32.17631708011363,32.7867089707284,31.91472055556444,32.73826599121094,3238100
2025-11-04 00:00:00-05:00,32.660752414930684,33.271144270928424,32.466976811887974,33.20332336425781,3074200
2025-11-05 00:00:00-05:00,33.3874117059543,33.455232619839364,32.9514174767199,33.30021286010742,2987600
2025-11-06 00:00:00-05:00,33.18395044372824,33.42616906010583,32.68982609254161,32.71889114379883,3119500
2025-11-07 00:00:00-05:00,32.9707914808117,33.426163587758616,32.78670669304868,33.397098541259766,2808200
2025-11-10 00:00:00-05:00,33.22270438518678,33.58118688179343,32.961107851134614,33.493988037109375,3607600
2025-11-11 00:00:00-05:00,33.590870654567354,34.036555647437744,33.49398470166111,33.96873474121094,2049700
2025-11-12 00:00:00-05:00,33.755583115701555,34.104378479398555,33.63931922645669,33.7652702331543,3030900
2025-11-13 00:00:00-05:00,33.69745476124099,33.774966497221456,33.27115130123742,33.44554901123047,4342400
2025-11-14 00:00:00-05:00,33.75558279884188,33.80402577757564,33.271145619579485,33.600563049316406,2687600
2025-11-17 00:00:00-05:00,33.649010307447675,33.77496502494397,33.18395099972618,33.40679168701172,2430800
2025-11-18 00:00:00-05:00,33.513362423217345,33.64900423482822,33.29052177614775,33.397098541259766,2003200
2025-11-19 00:00:00-05:00,33.455227631230414,33.55211727659201,33.14518815799744,33.474605560302734,1739800
2025-11-20 00:00:00-05:00,33.68776188942213,34.104378159264776,33.57149800126862,33.600563049316406,2436900
2025-11-21 00:00:00-05:00,33.78464804460303,34.57912472756578,33.60056324595248,34.48223876953125,2729000
2025-11-24 00:00:00-05:00,34.472556922024395,34.77290565542396,34.18189161156126,34.520999908447266,3774300
2025-11-25 00:00:00-05:00,34.7244578116791,35.102318227269805,34.53068219713036,34.95698928833008,2454200
2025-11-26 00:00:00-05:00,34.772899199012095,35.179828340526676,34.76321208191134,34.9666748046875,2253300
2025-11-28 00:00:00-05:00,34.889169074050876,35.41236219041127,34.889169074050876,35.286407470703125,1458000
2025-12-01 00:00:00-05:00,34.88916308403243,35.43173404073112,34.8310329895034,34.9666748046875,2640600
2025-12-02 00:00:00-05:00,34.995747018941024,35.18952266430091,34.76321920127958,35.160457611083984,3031300
2025-12-03 00:00:00-05:00,35.179831441536614,35.38329418224748,34.48224067799926,34.63726043701172,2765100
2025-12-04 00:00:00-05:00,34.511307796165106,34.86010319883787,34.046248491255696,34.12376022338867,2454200
2025-12-05 00:00:00-05:00,33.94936179629014,34.27877925888744,33.823407082248096,34.1043815612793,2071900
2025-12-08 00:00:00-05:00,34.00749029634469,34.16251005403202,33.58118688669517,33.80402755737305,3375300
2025-12-09 00:00:00-05:00,33.99780552308557,34.21095909059145,33.678075171826734,33.813720703125,2704600
2025-12-10 00:00:00-05:00,33.862163671384096,34.32722297629351,33.862163671384096,34.12376022338867,2772200
2025-12-11 00:00:00-05:00,34.28846608343038,34.60819642496009,34.13344631976943,34.51130676269531,2124600
2025-12-12 00:00:00-05:00,34.666325200353306,34.80196702637293,34.3175298214671,34.42410659790039,1824000
2025-12-15 00:00:00-05:00,34.65663982854243,34.73414786333183,34.42410833224876,34.67601776123047,1650400
2025-12-16 00:00:00-05:00,34.7922793113394,34.92792113503093,34.11406649691926,34.356285095214844,2423200
2025-12-17 00:00:00-05:00,34.472554278011145,35.42205078373312,34.41442048118474,35.27671813964844,3638100
2025-12-18 00:00:00-05:00,35.07325834817787,35.325164097046326,34.94730362576216,34.99574661254883,2441900
2025-12-19 00:00:00-05:00,35.01512115473076,35.01512115473076,34.530683941862954,34.540374755859375,5695200
2025-12-22 00:00:00-05:00,34.38535615220179,35.11201199594605,34.24971062342749,34.98605728149414,2802700
2025-12-23 00:00:00-05:00,35.02481095250596,35.02481095250596,34.46286202782182,34.927921295166016,3135500
2025-12-24 00:00:00-05:00,35.276718869081655,35.46080368556102,34.9473014055125,35.29609680175781,2784300
2025-12-26 00:00:00-05:00,35.22827487384663,35.41235968504028,35.10232016304958,35.37360382080078,1618900
2025-12-29 00:00:00-05:00,35.5383140891791,35.64489086693675,35.34453846561634,35.51893615722656,2353900
2025-12-30 00:00:00-05:00,35.51893846915796,35.88711180829539,35.51893846915796,35.83866882324219,2276900
2025-12-31 00:00:00-05:00,35.8289725667736,35.896793474739674,35.53831100463867,35.53831100463867,1975700
2026-01-02 00:00:00-05:00,35.43173644279103,35.69333297379317,35.17013991178889,35.54800033569336,2698600
2026-01-05 00:00:00-05:00,35.38329789876811,35.5867606608499,34.9279256918549,34.99574661254883,3962000
2026-01-06 00:00:00-05:00,34.83103520263288,36.03243738142423,34.792279339842835,35.95492935180664,3189700
2026-01-07 00:00:00-05:00,36.17776912595755,36.34247599480615,35.412357486577505,35.673954010009766,4913700
2026-01-08 00:00:00-05:00,35.451112221028346,36.35216565220865,35.383291312957766,36.158390045166016,3495600
2026-01-09 00:00:00-05:00,36.129326146646925,36.26496796710163,35.31547152795626,35.673954010009766,4994400
2026-01-12 00:00:00-05:00,35.321040726733195,35.92884375211919,35.321040726733195,35.48769760131836,3560000
2026-01-13 00:00:00-05:00,35.48769733073773,35.64454887875588,34.693634265350674,35.41907501220703,3085200
2026-01-14 00:00:00-05:00,35.37005922735483,36.007266998291016,35.311238495111986,36.007266998291016,3522300
2026-01-15 00:00:00-05:00,36.02687532792198,36.53664380852916,35.94844768184272,36.35038375854492,3728900
2026-01-16 00:00:00-05:00,36.23274065370306,36.997395209911595,36.0464806121275,36.89936065673828,3168100
2026-01-20 00:00:00-05:00,36.98759017365837,37.1052278987493,36.18372552953796,36.42880630493164,4410200
2026-01-21 00:00:00-05:00,37.01700120743127,37.10523044220629,36.44841571415367,36.92877197265625,7786500
2026-01-22 00:00:00-05:00,36.92876824496161,37.35030746415356,36.53664126081646,36.81113052368164,10304100
2026-01-23 00:00:00-05:00,36.80132856786125,37.026802422892395,36.566049388034656,36.977787017822266,6113500
2026-01-26 00:00:00-05:00,37.05621129068006,37.0856235257265,36.06608663561732,36.27195358276367,6111300
2026-01-27 00:00:00-05:00,36.28175825441971,36.517037456627094,36.09549820158105,36.36998748779297,8420500
2026-01-28 00:00:00-05:00,36.37979295860165,36.585659924081575,35.526912859016214,35.713172912597656,4401500
2026-01-29 00:00:00-05:00,35.91903956553209,36.39939955377484,35.70336727616154,36.1837272644043,4254200
2026-01-30 00:00:00-05:00,36.23273876147509,36.42880411794653,35.81119955393398,36.419002532958984,7499700
2026-02-02 00:00:00-05:00,36.507234514905946,36.605265330731136,35.997466045415955,36.02687454223633,4232000
2026-02-03 00:00:00-05:00,35.909236907958984,36.38959314223193,35.517106164374766,35.909236907958984,3479000
2026-02-04 00:00:00-05:00,36.06608849598374,37.19345784062952,35.95825235440112,36.86995315551758,5153400
2026-02-05 00:00:00-05:00,36.830735774025314,36.94837349000384,36.14450890815204,36.39939498901367,5765900
2026-02-06 00:00:00-05:00,36.477820530358606,37.03660438098314,36.40919821464231,36.81113052368164,4455600
2026-02-09 00:00:00-05:00,36.86995369322838,37.29149294030677,36.51703676640592,37.007198333740234,5193200
2026-02-10 00:00:00-05:00,37.49735925700006,38.85020620670361,36.99739611234653,38.605125427246094,6586400
2026-02-11 00:00:00-05:00,39.21292350740739,39.36977505185158,38.1443711922451,38.987449645996094,7055600
2026-02-12 00:00:00-05:00,39.379576207692395,39.379576207692395,37.07581847261849,37.41893005371094,6560800
2026-02-13 00:00:00-05:00,37.57578286104715,37.84046678352104,37.1248314332114,37.34050369262695,4334700
2026-02-17 00:00:00-05:00,37.546369708166154,37.879679673810884,36.88955510095663,37.25227355957031,6410400
2026-02-18 00:00:00-05:00,37.32090176453546,37.58558946197055,37.16405021120015,37.49736022949219,2920400
2026-02-19 00:00:00-05:00,37.27188154748211,37.64440534096396,36.72289931180546,36.987586975097656,2975900
2026-02-20 00:00:00-05:00,37.095424655522066,37.11503156543371,36.3111669572349,36.43860626220703,3945800
2026-02-23 00:00:00-05:00,36.65428098348882,37.09542713692079,36.183726333040035,36.634674072265625,4183700
2026-02-24 00:00:00-05:00,36.52683376551829,36.899357557011406,36.39939446655225,36.801326751708984,2645100
2026-02-25 00:00:00-05:00,36.7915273273698,36.977791122803794,36.6640880079673,36.92877197265625,3241800
2026-02-26 00:00:00-05:00,37.036602212508264,37.57578286104715,36.928766082800486,37.34050369262695,2815200
2026-02-27 00:00:00-05:00,37.09542547510626,37.252277018229165,36.31116775949175,36.762115478515625,3852800
2026-03-02 00:00:00-05:00,36.73270734388717,37.01699819759233,36.497428157072214,36.71310043334961,2853600
2026-03-03 00:00:00-05:00,36.2719564550158,36.97779031785099,35.81120337903882,36.722904205322266,3367300
2026-03-04 00:00:00-05:00,36.56605217521216,37.095427565445846,36.39939903734376,37.007198333740234,2900500
2026-03-05 00:00:00-05:00,36.56605344730833,37.01700120743127,36.458217300401515,36.92877197265625,2998100
2026-03-06 00:00:00-05:00,36.164119514339795,36.63467416599246,36.10530252015568,36.51703643798828,2675200
2026-03-09 00:00:00-04:00,36.18372517047085,36.6444782203222,35.74257903121274,36.477821350097656,3590400
2026-03-10 00:00:00-04:00,36.271954319880315,36.62487123052359,35.703365132813765,36.05628204345703,3520400
2026-03-11 00:00:00-04:00,36.43860792559742,36.43860792559742,34.948520100648444,35.3504524230957,3790800
2026-03-12 00:00:00-04:00,35.04655028700198,35.83080800703571,34.97792797022627,35.33084487915039,3424300
2026-03-13 00:00:00-04:00,35.83080933713701,35.8994316564601,34.585798524275866,34.71324157714844,2858500
2026-03-16 00:00:00-04:00,35.026943930646645,35.34064702362269,34.86029079859381,34.92891311645508,2244400
2026-03-17 00:00:00-04:00,35.19359879145664,35.340645004342115,34.98772810999994,35.105369567871094,1933700
2026-03-18 00:00:00-04:00,34.89949750939927,34.977925144885546,34.4093360065165,34.644615173339844,3506300
2026-03-19 00:00:00-04:00,34.87989506144605,34.87989506144605,34.37992822397091,34.54658508300781,3524200
2026-03-20 00:00:00-04:00,34.507372160982236,34.556387565630466,33.27216302188713,33.438819885253906,7877900
2026-03-23 00:00:00-04:00,34.066228815262534,34.21327878082309,33.5760672495753,33.58586883544922,4518900
2026-03-24 00:00:00-04:00,33.35059066103283,33.84075218678645,33.23295294194995,33.438819885253906,3376600
2026-03-25 00:00:00-04:00,33.634883405454254,33.77212802682362,33.16432881520121,33.262359619140625,2843500
2026-03-26 00:00:00-04:00,33.20354323888398,33.654494719080866,33.20354323888398,33.39960861206055,3088100
2026-03-27 00:00:00-04:00,33.35059515752842,33.4094158948182,32.86043356568873,32.919254302978516,3066900
2026-03-30 00:00:00-04:00,33.18393690029772,33.615281476657586,32.82121838442456,32.997676849365234,3345900
2026-03-31 00:00:00-04:00,33.34078451649143,33.478032881621544,32.87022991209489,33.11531066894531,5875300
2026-04-01 00:00:00-04:00,32.96826740765311,33.59567360297045,32.96826740765311,33.56626510620117,3188200
2026-04-02 00:00:00-04:00,33.399609204226884,34.05642765506821,33.330986883343826,33.95839309692383,2554700
2026-04-06 00:00:00-04:00,33.80153829356497,34.31130672799431,33.75252288902354,34.09563446044922,2928500
2026-04-07 00:00:00-04:00,34.066229509602024,34.53678417349632,33.95839336461116,34.027015686035156,2611700
2026-04-08 00:00:00-04:00,34.487765081585515,34.59560121506268,34.21327582519683,34.33091354370117,2694400
2026-04-09 00:00:00-04:00,34.12504922805053,34.57599696672347,34.12504922805053,34.17406463623047,2643100
2026-04-10 00:00:00-04:00,34.25248680980798,34.75245367102172,34.20347140410595,34.41914367675781,3509000
2026-04-13 00:00:00-04:00,34.321109314059264,34.39953695532151,33.82114618973766,34.066226959228516,3479500
2026-04-14 00:00:00-04:00,34.066228935935136,34.526982005996764,33.9289842953983,34.42894744873047,3104700
2026-04-15 00:00:00-04:00,34.404132999636005,34.7316986931072,34.394208487653444,34.602657318115234,5023900
2026-04-16 00:00:00-04:00,34.543097057545054,34.84088162622792,33.7192262913046,33.99715805053711,3908100
2026-04-17 00:00:00-04:00,34.01701184441338,35.0890370800025,33.957453414338744,35.019554138183594,3712700
2026-04-20 00:00:00-04:00,34.8607352882381,35.54564397814877,34.70191659528739,35.52579116821289,3122100
2026-04-21 00:00:00-04:00,35.456306205139065,35.575419271426696,34.72176742553711,34.72176742553711,2614300
2026-04-22 00:00:00-04:00,34.811101017143734,34.93021407605848,34.01700764681893,34.25523376464844,2793000
2026-04-23 00:00:00-04:00,34.31479633306264,34.75154679287264,34.294943523089046,34.652286529541016,2539700
2026-04-24 00:00:00-04:00,34.64236229544587,34.76147536970566,34.384279550257254,34.51332092285156,2863000
2026-04-27 00:00:00-04:00,34.47361109966412,34.672135390251164,34.21553217247609,34.28501510620117,2947700
2026-04-28 00:00:00-04:00,34.513319784691625,36.00224641671524,34.513319784691625,35.94268798828125,4310900
2026-04-29 00:00:00-04:00,35.77394190143599,36.220620612314214,35.65482505417784,35.8930549621582,4167400
2026-04-30 00:00:00-04:00,36.568036607958305,36.587889416553544,35.49600766303184,36.07172775268555,7403700
2026-05-01 00:00:00-04:00,36.240473853400026,36.548186731508956,35.644904693906504,36.121360778808594,3681600
2026-05-04 00:00:00-04:00,35.91291174781186,36.56803933415104,35.91291174781186,36.091583251953125,2823800
2026-05-05 00:00:00-04:00,36.359588292208635,37.11397609641131,36.20076960782197,36.66729736328125,3346200
2026-05-06 00:00:00-04:00,36.786416225476906,37.27279681636408,36.756635117284404,36.766563415527344,3846700
2026-05-07 00:00:00-04:00,36.577964094851765,37.03457115661818,36.577964094851765,36.65737533569336,3582600
2026-05-08 00:00:00-04:00,36.716931071438886,36.93530439465273,36.54818409030409,36.63751983642578,3499700
2026-05-11 00:00:00-04:00,36.726853516657854,37.00478525049783,36.568034842101305,36.87574768066406,4018900
2026-05-12 00:00:00-04:00,37.00478809237472,37.17353507697683,36.67722620755534,37.09412384033203,3571700
2026-05-13 00:00:00-04:00,36.88567764942862,37.48124682051194,36.6772288182031,37.2827262878418,5126500
2026-05-14 00:00:00-04:00,37.381983685214756,37.520949562033195,36.81619188014759,37.06434631347656,4817100
2026-05-15 00:00:00-04:00,37.08419991407542,37.23309030532912,36.54818541787514,36.64744567871094,4616600
2026-05-18 00:00:00-04:00,36.72685697654786,37.322426115607115,36.72685697654786,37.1834602355957,2792800
2026-05-19 00:00:00-04:00,37.094124074686725,37.40183693882515,36.92538087555469,37.123905181884766,3217300
2026-05-20 00:00:00-04:00,37.014717160043794,37.64999192026976,36.905528600654414,37.55073165893555,3552300
2026-05-21 00:00:00-04:00,37.481243879926694,37.481243879926694,36.77648619924457,37.233089447021484,4086800
2026-05-22 00:00:00-04:00,37.37206141008121,37.95770605924054,37.11397866351668,37.729400634765625,4736000
2026-05-26 00:00:00-04:00,37.72939950968941,38.126448129547434,37.669844867286095,37.74925231933594,3140000
2026-05-27 00:00:00-04:00,37.88821820032537,38.15622545074909,37.71947499813428,37.74925231933594,3176100
2026-05-28 00:00:00-04:00,37.640062702002645,37.798885174712545,37.223165070747626,37.60036087036133,3891400
2026-05-29 00:00:00-04:00,37.4117629818138,37.50109873399287,36.548186568440336,36.62759780883789,31319400
2026-06-01 00:00:00-04:00,36.72685588677645,37.13382900324955,36.32980728149414,36.32980728149414,7463900
2026-06-02 00:00:00-04:00,36.37944292654953,36.58789175029123,36.14121299474738,36.56803894042969,6817700
2026-06-03 00:00:00-04:00,36.617665740714976,37.411759130256485,36.36951131982475,37.33235168457031,4714500
2026-06-04 00:00:00-04:00,37.630137899387194,38.62275562692211,37.31250052949891,38.612831115722656,5078900
2026-06-05 00:00:00-04:00,38.43415797920275,39.188545753811546,38.414305171116204,38.910614013671875,3767300
2026-06-08 00:00:00-04:00,38.9801016599512,39.05950911535881,38.29519673759779,38.324974060058594,3738200
2026-06-09 00:00:00-04:00,38.493712562369694,39.0793571472168,37.83858504258615,39.0793571472168,4905600
2026-06-10 00:00:00-04:00,39.148841000399315,39.42677653320008,38.97016951021884,39.029727935791016,4134200
2026-06-11 00:00:00-04:00,39.00987744548755,39.30766201797262,38.59297980131571,38.82128143310547,4027300
2026-06-12 00:00:00-04:00,38.910614193522456,39.24810435948169,38.900685896165314,39.10913848876953,3194900
2026-06-15 00:00:00-04:00,39.01980423255053,39.12898900188902,38.56319720011701,38.612831115722656,4220200
2026-06-16 00:00:00-04:00,38.22571000762854,38.85106028506035,38.066891310276894,38.324974060058594,4242900
2026-06-17 00:00:00-04:00,38.245559740278516,38.44408404262581,37.16360626834867,37.3720588684082,4862200
2026-06-18 00:00:00-04:00,37.90807278151836,37.90807278151836,37.11397929122844,37.2827262878418,7493800
2026-06-22 00:00:00-04:00,37.26287095788771,37.461395263671875,36.86582234631938,37.461395263671875,3748800
2026-06-23 00:00:00-04:00,37.66984411953448,38.16615299123708,37.580508371166566,37.997406005859375,4709500
2026-06-24 00:00:00-04:00,38.37460132743679,38.44408426568107,37.90806978219421,38.10659408569336,5072100
2026-06-25 00:00:00-04:00,38.235635461013715,38.980098759429396,38.235635461013715,38.81135177612305,3716000
2026-06-26 00:00:00-04:00,39.03965716183,39.734486544017436,39.03965716183,39.68485641479492,5357900
2026-06-29 00:00:00-04:00,39.52603881041334,39.863528999507494,39.476408679833426,39.8337516784668,3442500
2026-06-30 00:00:00-04:00,39.377143116502424,39.98264053126588,39.27788285916314,39.62529754638672,3982600
2026-07-01 00:00:00-04:00,39.76426967517955,40.786664778050756,39.76426967517955,40.320133209228516,3251200
2026-07-02 00:00:00-04:00,40.50873130013393,40.81644037590451,40.11168268983722,40.78666305541992,2162900
2026-07-06 00:00:00-04:00,40.63776666823039,40.72710241135828,40.36975943884672,40.65761947631836,2286600
2026-07-07 00:00:00-04:00,41.00504125976033,41.68994615486579,40.905777211279364,40.9355583190918,2392900
2026-07-08 00:00:00-04:00,40.66754854247625,40.78666160672002,39.52603666832064,39.53596496582031,3107900
2026-07-09 00:00:00-04:00,39.665006621149814,39.78412348418252,39.21832785111822,39.39699935913086,2453300
2026-07-10 00:00:00-04:00,39.595521416709985,39.79404572389216,39.27788403983298,39.436702728271484,2181100
2026-07-13 00:00:00-04:00,39.59552083801237,40.16131264396386,39.51611338822178,39.88338088989258,2565100
2026-07-14 00:00:00-04:00,40.20101674038376,40.20101674038376,39.555813722528626,39.674930572509766,2908400
2026-07-15 00:00:00-04:00,39.962786945360776,39.9727152428233,39.11906341477596,39.16869354248047,2398600
2026-07-16 00:00:00-04:00,39.20839953655706,40.39954154560778,39.20839953655706,40.27050018310547,3005600
2026-07-17 00:00:00-04:00,40.504601672161336,40.66399001725122,39.28926316577726,39.60803985595703,3249000
2026-07-20 00:00:00-04:00,39.60803972480305,39.80727610553515,39.37891921700239,39.58811950683594,2680200
2026-07-21 00:00:00-04:00,39.827202733639616,39.976630979010736,39.249421371782105,39.41876983642578,2176000
2026-07-22 00:00:00-04:00,39.4785416847694,39.53830994250566,39.11991693787931,39.388885498046875,1986300
2026-07-23 00:00:00-04:00,39.3390769161834,39.757469916197,39.159764544715266,39.3291130065918,2101100
2026-07-24 00:00:00-04:00,39.10995337927106,39.61800637529888,39.10995337927106,39.43869400024414,2231000
2026-07-27 00:00:00-04:00,39.25937933654221,39.488499846840305,39.02029491703406,39.11991500854492,5389500
2026-07-28 00:00:00-04:00,38.332935233276196,39.57815793628069,38.332935233276196,38.850948333740234,6993400
2026-07-29 00:00:00-04:00,39.08007016966529,39.5980832875544,38.701521391185125,39.568199157714844,4246300
2026-07-30 00:00:00-04:00,39.23945598884281,39.32911217267585,37.90457714072754,38.153621673583984,4020800
2026-07-31 00:00:00-04:00,37.914540051082184,38.05400437778811,37.4961432708465,38.014156341552734,7410600
2026-08-03 00:00:00-04:00,38.143660554649614,38.62182558906269,37.95438428261339,38.54212951660156,4591700
2026-08-04 00:00:00-04:00,37.97431107874723,38.47240016771339,37.93446683971974,38.40266799926758,3858100
2026-08-05 00:00:00-04:00,38.5122479970204,38.70152048175373,38.18351117615535,38.37278366088867,3411600
2026-08-06 00:00:00-04:00,38.6815974997461,38.72144173571079,37.8149198154807,37.994232177734375,3033300
2026-08-07 00:00:00-04:00,37.93446585312981,38.46243905766474,37.69538142459211,38.26320266723633,2607300
2026-08-10 00:00:00-04:00,38.153620887846635,38.153620887846635,37.356679159141855,37.51606750488281,2057000
2026-08-11 00:00:00-04:00,37.37660440789743,37.52602884938265,37.11759596246753,37.15744400024414,1819600
2026-08-12 00:00:00-04:00,37.13751948071881,37.38656401328826,36.89843885751821,37.087711334228516,2059500
2026-08-13 00:00:00-04:00,37.27698506772203,37.924502394280665,37.23714082925725,37.79499816894531,2827700
2026-08-14 00:00:00-04:00,37.79499816894531,38.02411869061979,37.66549774372808,37.79499816894531,1693000
2026-08-17 00:00:00-04:00,37.72999954223633,37.72999954223633,37.09000015258789,37.2400016784668,2260500
2026-08-18 00:00:00-04:00,37.619998931884766,37.630001068115234,37.09000015258789,37.09000015258789,3875600
2026-08-19 00:00:00-04:00,37.369998931884766,37.79999923706055,37.150001525878906,37.5099983215332,3358300
2026-08-20 00:00:00-04:00,37.560001373291016,37.970001220703125,37.38999938964844,37.689998626708984,2052300
2026-08-21 00:00:00-04:00,37.790000915527344,37.93000030517578,37.540000915527344,37.77000045776367,3155500
2026-08-24 00:00:00-04:00,37.959999084472656,38.59000015258789,37.880001068115234,38.38999938964844,2727600
2026-08-25 00:00:00-04:00,38.369998931884766,38.45000076293945,38.040000915527344,38.16999816894531,2394500
2026-08-26 00:00:00-04:00,38.2599983215332,38.27000045776367,37.91999816894531,37.93000030517578,3824200
2026-08-27 00:00:00-04:00,37.72999954223633,37.86000061035156,37.08000183105469,37.08000183105469,3011900
2026-08-28 00:00:00-04:00,37.25,37.29999923706055,37.02000045776367,37.119998931884766,1935800
2026-08-31 00:00:00-04:00,36.970001220703125,37.060001373291016,36.720001220703125,36.95000076293945,2415800
