Date,Open,High,Low,Close,Volume
2018-08-02 00:00:00-04:00,9.92720362924803,9.937150955200195,9.92720362924803,9.937150955200195,21000.0
2018-08-03 00:00:00-04:00,9.937150955200195,9.937150955200195,9.937150955200195,9.937150955200195,21000.0
2018-08-06 00:00:00-04:00,10.036621918515953,10.036621918515953,9.897362206608761,9.907309532165527,6600.0
2018-08-07 00:00:00-04:00,9.897361755371094,9.897361755371094,9.897361755371094,9.897361755371094,500.0
2018-08-08 00:00:00-04:00,9.897361755371094,9.897361755371094,9.897361755371094,9.897361755371094,500.0
2018-08-09 00:00:00-04:00,9.847625732421875,9.847625732421875,9.847625732421875,9.847625732421875,500.0
2018-08-10 00:00:00-04:00,9.84762442940207,10.305190872607096,9.797889709472656,9.797889709472656,4100.0
2018-08-13 00:00:00-04:00,9.797891723968103,9.852600116864574,9.74815604518381,9.758103370666504,710800.0
2018-08-14 00:00:00-04:00,10.693129652507361,10.71302430255168,9.74815559387207,9.74815559387207,50100.0
2018-08-15 00:00:00-04:00,9.797889709472656,9.8277307311561,9.787942386035184,9.797889709472656,524700.0
2018-08-16 00:00:00-04:00,9.79789015732963,9.807836532592773,9.79789015732963,9.807836532592773,22900.0
2018-08-17 00:00:00-04:00,9.768049691481114,9.777997016906738,9.748155989259027,9.777997016906738,402100.0
2018-08-20 00:00:00-04:00,9.777997016906738,9.777997016906738,9.777997016906738,9.777997016906738,402100.0
2018-08-21 00:00:00-04:00,9.74815559387207,9.74815559387207,9.74815559387207,9.74815559387207,2100.0
2018-08-22 00:00:00-04:00,9.782970282820504,9.782970282820504,9.74815559387207,9.74815559387207,24800.0
2018-08-23 00:00:00-04:00,9.758103370666504,9.797891723968103,9.698420366399517,9.758103370666504,334300.0
2018-08-24 00:00:00-04:00,9.74815559387207,9.74815559387207,9.74815559387207,9.74815559387207,100000.0
2018-08-27 00:00:00-04:00,9.748156204192734,9.748156204192734,9.698420524597168,9.698420524597168,2381000.0
2018-08-28 00:00:00-04:00,9.708367850242118,9.708367850242118,9.668579496291503,9.698420524597168,685100.0
2018-08-29 00:00:00-04:00,9.745171206639597,9.74815559387207,9.718314567434717,9.74815559387207,52600.0
2018-08-30 00:00:00-04:00,9.74815559387207,9.74815559387207,9.74815559387207,9.74815559387207,300.0
2018-08-31 00:00:00-04:00,9.69842153171276,9.748157216473041,9.678526878356934,9.678526878356934,10600.0
2018-09-04 00:00:00-04:00,9.738210678100586,9.738210678100586,9.738210678100586,9.738210678100586,100.0
2018-09-05 00:00:00-04:00,9.698419917390398,9.74815559387207,9.698419917390398,9.74815559387207,2100.0
2018-09-06 00:00:00-04:00,9.74815559387207,9.74815559387207,9.74815559387207,9.74815559387207,3800.0
2018-09-07 00:00:00-04:00,9.72826099395752,9.72826099395752,9.72826099395752,9.72826099395752,4300.0
2018-09-10 00:00:00-04:00,9.698420205141435,9.817785263061523,9.698420205141435,9.817785263061523,125100.0
2018-09-11 00:00:00-04:00,9.698420524597168,9.698420524597168,9.688473198952217,9.698420524597168,179800.0
2018-09-12 00:00:00-04:00,9.698419917390398,9.74815559387207,9.698419917390398,9.74815559387207,483000.0
2018-09-13 00:00:00-04:00,9.74815559387207,9.74815559387207,9.74815559387207,9.74815559387207,483000.0
2018-09-14 00:00:00-04:00,9.683498929857157,9.74815559387207,9.683498929857157,9.74815559387207,600.0
2018-09-17 00:00:00-04:00,9.78794455814335,9.78794455814335,9.698420524597168,9.698420524597168,264600.0
2018-09-18 00:00:00-04:00,9.718316078186035,9.718316078186035,9.69842142504901,9.718316078186035,7200.0
2018-09-19 00:00:00-04:00,9.72826099395752,9.7879439957689,9.718314617513233,9.72826099395752,280800.0
2018-09-20 00:00:00-04:00,9.69842153171276,9.728262563117214,9.678526878356934,9.678526878356934,47900.0
2018-09-21 00:00:00-04:00,9.698420524597168,9.718315175887069,9.698420524597168,9.698420524597168,74300.0
2018-09-24 00:00:00-04:00,9.728262456125274,9.728262456125274,9.718316078186035,9.718316078186035,400.0
2018-09-25 00:00:00-04:00,9.68946921058906,9.718316078186035,9.68946921058906,9.718316078186035,47300.0
2018-09-26 00:00:00-04:00,9.698419046801064,9.698419046801064,9.697423934936523,9.697423934936523,2300.0
2018-09-27 00:00:00-04:00,9.698420524597168,9.718315175887069,9.698420524597168,9.698420524597168,9000.0
2018-09-28 00:00:00-04:00,9.698420524597168,9.718315175887069,9.678525873307267,9.698420524597168,65400.0
2018-10-01 00:00:00-04:00,9.697425412580998,9.698420524597168,9.663605833469028,9.698420524597168,8200.0
2018-10-02 00:00:00-04:00,9.678526878356934,9.708368858390672,9.668580500308305,9.678526878356934,359600.0
2018-10-03 00:00:00-04:00,9.68150806427002,9.68150806427002,9.68150806427002,9.68150806427002,800.0
2018-10-04 00:00:00-04:00,9.688472697457172,9.708367347717285,9.668578995826195,9.708367347717285,62800.0
2018-10-05 00:00:00-04:00,9.708369369086514,9.708369369086514,9.668581008911133,9.668581008911133,41300.0
2018-10-08 00:00:00-04:00,9.668579496291503,9.698420524597168,9.668579496291503,9.698420524597168,2000.0
2018-10-09 00:00:00-04:00,9.728263074859537,9.728263074859537,9.668581008911133,9.668581008911133,3300.0
2018-10-10 00:00:00-04:00,9.668579997784482,9.68847370147705,9.64868534546268,9.68847370147705,391300.0
2018-10-11 00:00:00-04:00,9.68847370147705,9.68847370147705,9.65365900854313,9.68847370147705,15900.0
2018-10-12 00:00:00-04:00,9.678525873307267,9.698420524597168,9.678525873307267,9.698420524597168,284400.0
2018-10-15 00:00:00-04:00,9.648685846952478,9.69842153171276,9.648685846952478,9.678526878356934,6200.0
2018-10-16 00:00:00-04:00,9.698421027637952,9.698421027637952,9.64868534546268,9.68847370147705,10100.0
2018-10-17 00:00:00-04:00,9.678525873307267,9.698420524597168,9.678525873307267,9.698420524597168,19000.0
2018-10-18 00:00:00-04:00,9.705382960452441,9.708367347717285,9.705382960452441,9.708367347717285,400.0
2018-10-19 00:00:00-04:00,9.718316410177914,9.768051147460938,9.688474429452933,9.768051147460938,2600.0
2018-10-22 00:00:00-04:00,9.748156204192734,9.748156204192734,9.698420524597168,9.698420524597168,4900.0
2018-10-23 00:00:00-04:00,9.708367347717285,9.708367347717285,9.651668732830926,9.708367347717285,1300.0
2018-10-24 00:00:00-04:00,9.698419220883462,9.698419220883462,9.648683547973633,9.648683547973633,2600.0
2018-10-25 00:00:00-04:00,9.648684345566082,9.708367347717285,9.648684345566082,9.708367347717285,700.0
2018-10-26 00:00:00-04:00,9.698419220883462,9.698419220883462,9.648683547973633,9.648683547973633,5300.0
2018-10-29 00:00:00-04:00,9.698420524597168,9.698420524597168,9.698420524597168,9.698420524597168,1000.0
2018-10-30 00:00:00-04:00,9.715331292385638,9.715331292385638,9.68847370147705,9.68847370147705,8900.0
2018-10-31 00:00:00-04:00,9.708367000007907,9.708367000007907,9.658631324768066,9.658631324768066,1000.0
2018-11-01 00:00:00-04:00,9.658631324768066,9.658631324768066,9.658631324768066,9.658631324768066,100.0
2018-11-02 00:00:00-04:00,9.708367850242118,9.708367850242118,9.658632170646552,9.698420524597168,1200.0
2018-11-05 00:00:00-05:00,9.797893416638457,9.797893416638457,9.668581008911133,9.668581008911133,13800.0
2018-11-06 00:00:00-05:00,9.718316078186035,9.718316078186035,9.648685740835726,9.718316078186035,4100.0
2018-11-07 00:00:00-05:00,9.728260245177736,9.768048593779788,9.648683547973633,9.648683547973633,69300.0
2018-11-08 00:00:00-05:00,9.698419220883462,9.79789056670312,9.648683547973633,9.648683547973633,279700.0
2018-11-09 00:00:00-05:00,9.648685077207983,9.797892119585516,9.648685077207983,9.787944793701172,15300.0
2018-11-12 00:00:00-05:00,9.785955066973072,9.79789166775799,9.777997016906738,9.777997016906738,3200.0
2018-11-13 00:00:00-05:00,9.78794455814335,9.78794455814335,9.698420524597168,9.698420524597168,500.0
2018-11-14 00:00:00-05:00,9.777996620309423,9.797891270353745,9.74815559387207,9.74815559387207,63900.0
2018-11-15 00:00:00-05:00,9.74815559387207,9.797891270353745,9.74815559387207,9.74815559387207,1200.0
2018-11-16 00:00:00-05:00,9.797889709472656,9.797889709472656,9.797889709472656,9.797889709472656,300.0
2018-11-19 00:00:00-05:00,9.771034294272772,9.78794455814335,9.698420524597168,9.698420524597168,119400.0
2018-11-20 00:00:00-05:00,9.787944398485411,9.787944398485411,9.758103370666504,9.758103370666504,7600.0
2018-11-21 00:00:00-05:00,9.7779972324984,9.7779972324984,9.698420524597168,9.698420524597168,8800.0
2018-11-23 00:00:00-05:00,9.777997016906738,9.777997016906738,9.758103314684654,9.777997016906738,900.0
2018-11-26 00:00:00-05:00,9.7779972324984,9.7779972324984,9.698420524597168,9.698420524597168,15700.0
2018-11-27 00:00:00-05:00,9.777995953942806,10.006779670715332,9.777995953942806,10.006779670715332,11300.0
2018-11-28 00:00:00-05:00,9.797891723968103,9.807838100821627,9.758103370666504,9.758103370666504,2000.0
2018-11-29 00:00:00-05:00,9.947097646298907,9.947097646298907,9.758103208416056,9.817785263061523,4300.0
2018-11-30 00:00:00-05:00,9.817783407718627,9.817783407718627,9.797889709472656,9.797889709472656,2100.0
2018-12-03 00:00:00-05:00,9.827734160281594,9.847627865468942,9.768051147460938,9.768051147460938,19700.0
2018-12-04 00:00:00-05:00,9.927204583476946,9.947099237293601,9.768051147460938,9.768051147460938,1100.0
2018-12-06 00:00:00-05:00,9.89736009796046,9.89736009796046,9.787942386035184,9.797889709472656,50500.0
2018-12-07 00:00:00-05:00,9.797891320842318,9.797891320842318,9.708367292439814,9.72826099395752,62800.0
2018-12-10 00:00:00-05:00,9.76804813807409,9.827731132507324,9.76804813807409,9.827731132507324,27000.0
2018-12-11 00:00:00-05:00,9.807836084281153,9.81280974599989,9.753127702633003,9.797889709472656,52300.0
2018-12-12 00:00:00-05:00,9.797891561056087,9.817785263061523,9.768049585104198,9.817785263061523,51100.0
2018-12-13 00:00:00-05:00,9.777996620309423,9.807837646746778,9.74815559387207,9.74815559387207,20200.0
2018-12-14 00:00:00-05:00,9.648686354508774,9.797893416638457,9.648686354508774,9.668581008911133,45700.0
2018-12-17 00:00:00-05:00,9.698420524597168,9.78794455814335,9.698420524597168,9.698420524597168,2200.0
2018-12-18 00:00:00-05:00,9.797891883788301,9.797891883788301,9.698420524597168,9.698420524597168,42700.0
2018-12-19 00:00:00-05:00,9.777998474369266,9.777998474369266,9.758104769181918,9.768051147460938,10700.0
2018-12-20 00:00:00-05:00,9.768049295287264,9.768049295287264,9.74815559387207,9.74815559387207,6800.0
2018-12-21 00:00:00-05:00,9.74815559387207,9.74815559387207,9.74815559387207,9.74815559387207,212100.0
2018-12-24 00:00:00-05:00,9.74815559387207,9.74815559387207,9.74815559387207,9.74815559387207,100.0
2018-12-26 00:00:00-05:00,9.787943945331584,9.787943945331584,9.74815559387207,9.74815559387207,2300.0
2018-12-27 00:00:00-05:00,9.738209889795128,9.748157216473041,9.678526878356934,9.678526878356934,2800.0
2018-12-28 00:00:00-05:00,9.777998247877496,9.777998247877496,9.678526878356934,9.678526878356934,8600.0
2018-12-31 00:00:00-05:00,9.718314567434717,9.74815559387207,9.678525267346076,9.74815559387207,21400.0
2019-01-02 00:00:00-05:00,9.698420524597168,9.7779972324984,9.698420524597168,9.698420524597168,2300.0
2019-01-03 00:00:00-05:00,9.698420524597168,9.758103529837685,9.698420524597168,9.698420524597168,1800.0
2019-01-04 00:00:00-05:00,9.698419967366394,9.738208319030939,9.698419967366394,9.72826099395752,16000.0
2019-01-07 00:00:00-05:00,9.728261394218425,9.787944398485411,9.728261394218425,9.758103370666504,18400.0
2019-01-08 00:00:00-05:00,9.797891270353745,9.827732296791098,9.708367242412557,9.74815559387207,221400.0
2019-01-09 00:00:00-05:00,9.758104769181918,9.787945801277592,9.728262788456936,9.768051147460938,25400.0
2019-01-10 00:00:00-05:00,9.748157109262296,9.797892793475583,9.718316078186035,9.718316078186035,39900.0
2019-01-11 00:00:00-05:00,9.797892119585516,9.797892119585516,9.718315409769183,9.787944793701172,35000.0
2019-01-14 00:00:00-05:00,9.708367636185692,9.79789166775799,9.708367636185692,9.777997016906738,27100.0
2019-01-15 00:00:00-05:00,9.787942386035184,9.797889709472656,9.739201829272131,9.797889709472656,16300.0
2019-01-16 00:00:00-05:00,9.797891723968103,9.807838100821627,9.758103370666504,9.758103370666504,21600.0
2019-01-17 00:00:00-05:00,9.797889709472656,9.797889709472656,9.75810136435174,9.797889709472656,400.0
2019-01-18 00:00:00-05:00,9.793910210920282,9.797889709472656,9.768047739160238,9.797889709472656,326000.0
2019-01-22 00:00:00-05:00,9.787944342332365,9.798885831123053,9.748155989259027,9.777997016906738,426900.0
2019-01-23 00:00:00-05:00,9.817783808663616,9.827731132507324,9.817783808663616,9.827731132507324,400.0
2019-01-24 00:00:00-05:00,9.768049585104198,9.817785263061523,9.768049585104198,9.817785263061523,395600.0
2019-01-25 00:00:00-05:00,9.79789015732963,9.817783856484933,9.79789015732963,9.807836532592773,101100.0
2019-01-28 00:00:00-05:00,9.807837937744228,9.82773258837882,9.807837937744228,9.817785263061523,103800.0
2019-01-29 00:00:00-05:00,9.817783856484933,9.847624879532397,9.807836532592773,9.807836532592773,2400.0
2019-01-30 00:00:00-05:00,9.817786164189762,9.83768081665039,9.817786164189762,9.83768081665039,4900.0
2019-01-31 00:00:00-05:00,9.817785263061523,9.877468266336145,9.807837937744228,9.817785263061523,7200.0
2019-02-01 00:00:00-05:00,9.897361755371094,9.897361755371094,9.897361755371094,9.897361755371094,700.0
2019-02-04 00:00:00-05:00,9.867521048479036,9.897362076126747,9.777997016906738,9.777997016906738,92000.0
2019-02-05 00:00:00-05:00,9.817783856484933,9.817783856484933,9.787942833437471,9.807836532592773,594400.0
2019-02-06 00:00:00-05:00,9.82773237690661,9.897361755371094,9.817785051803359,9.897361755371094,6300.0
2019-02-07 00:00:00-05:00,9.847626078483977,9.897361755371094,9.847626078483977,9.897361755371094,8800.0
2019-02-08 00:00:00-05:00,9.877468053793727,9.897361755371094,9.877468053793727,9.897361755371094,1800.0
2019-02-11 00:00:00-05:00,9.88741397857666,9.88741397857666,9.832705590266318,9.88741397857666,4000.0
2019-02-12 00:00:00-05:00,9.877467499265604,9.927202224731445,9.877467499265604,9.927202224731445,51100.0
2019-02-13 00:00:00-05:00,9.927202837667474,9.927202837667474,9.86752078397188,9.87746810913086,15100.0
2019-02-14 00:00:00-05:00,9.86752078397188,9.897361810819678,9.837679757124082,9.87746810913086,600700.0
2019-02-15 00:00:00-05:00,9.827733490420076,9.897362876773792,9.827733490420076,9.83768081665039,7400.0
2019-02-19 00:00:00-05:00,9.897362876773792,9.897362876773792,9.83768081665039,9.83768081665039,3100.0
2019-02-20 00:00:00-05:00,9.847624879532397,9.847624879532397,9.807836532592773,9.807836532592773,92700.0
2019-02-21 00:00:00-05:00,9.897361755371094,9.897361755371094,9.897361755371094,9.897361755371094,2700.0
2019-02-22 00:00:00-05:00,9.882441369059773,9.887414082807513,9.847625732421875,9.847625732421875,3000.0
2019-02-25 00:00:00-05:00,9.847625732421875,9.847625732421875,9.847625732421875,9.847625732421875,100.0
2019-02-26 00:00:00-05:00,9.877468053793727,9.897361755371094,9.857573403587226,9.897361755371094,3300.0
2019-02-27 00:00:00-05:00,9.86752078397188,9.897361810819678,9.827732431965105,9.87746810913086,74000.0
2019-02-28 00:00:00-05:00,9.87746810913086,9.87746810913086,9.87746810913086,9.87746810913086,74000.0
2019-03-01 00:00:00-05:00,9.897361303225482,9.897361303225482,9.88741397857666,9.88741397857666,23600.0
2019-03-04 00:00:00-05:00,9.877468053793727,9.897361755371094,9.877468053793727,9.897361755371094,1400.0
2019-03-05 00:00:00-05:00,9.877467450434779,9.947096824645996,9.877467450434779,9.947096824645996,488600.0
2019-03-06 00:00:00-05:00,9.94709722163192,9.976938247680664,9.897361545797937,9.976938247680664,9300.0
2019-03-07 00:00:00-05:00,9.947098338358856,9.957045664368227,9.917257308959961,9.917257308959961,52200.0
2019-03-08 00:00:00-05:00,9.917257308959961,9.917257308959961,9.896368493517812,9.917257308959961,11600.0
2019-03-11 00:00:00-04:00,9.897362206608761,9.917256857722293,9.897362206608761,9.907309532165527,140100.0
2019-03-12 00:00:00-04:00,9.917256461137635,9.917256461137635,9.87746810913086,9.87746810913086,65800.0
2019-03-13 00:00:00-04:00,9.917256405577595,9.927202782051712,9.897361755371094,9.897361755371094,513800.0
2019-03-14 00:00:00-04:00,9.897361755371094,9.917256405577595,9.897361755371094,9.897361755371094,10200.0
2019-03-15 00:00:00-04:00,9.887413875181325,9.927202224731445,9.887413875181325,9.927202224731445,800.0
2019-03-18 00:00:00-04:00,9.917257251925083,9.937150955200195,9.917257251925083,9.937150955200195,8100.0
2019-03-19 00:00:00-04:00,9.947096873821046,9.947096873821046,9.917255848815726,9.927202224731445,133700.0
2019-03-20 00:00:00-04:00,9.931183185921393,9.937151012349483,9.917257308959961,9.917257308959961,127200.0
2019-03-21 00:00:00-04:00,9.897361303225482,9.907308627874304,9.88741397857666,9.88741397857666,3800.0
2019-03-22 00:00:00-04:00,9.937150107154961,9.937150107154961,9.887414430267844,9.897361755371094,198000.0
2019-03-25 00:00:00-04:00,9.937151012349483,9.937151012349483,9.917257308959961,9.917257308959961,1800.0
2019-03-26 00:00:00-04:00,9.937150903314297,9.98688658418621,9.937150903314297,9.957045555114746,238100.0
2019-03-27 00:00:00-04:00,9.937150955200195,9.966992933056687,9.917257251925083,9.937150955200195,141400.0
2019-03-28 00:00:00-04:00,9.976938716493429,9.976938716493429,9.942124026362446,9.945108413696289,800.0
2019-03-29 00:00:00-04:00,9.963011925604446,9.996832449271409,9.947096775667259,9.966991424560547,122000.0
2019-04-01 00:00:00-04:00,9.957045607104522,9.957045607104522,9.937150955200195,9.937150955200195,92600.0
2019-04-02 00:00:00-04:00,9.95704414914162,9.95704414914162,9.93714950015037,9.947096824645996,31700.0
2019-04-03 00:00:00-04:00,9.976937800378119,9.976937800378119,9.947096775667259,9.966991424560547,71100.0
2019-04-04 00:00:00-04:00,9.97693936775775,9.97693936775775,9.917257308959961,9.917257308959961,361600.0
2019-04-05 00:00:00-04:00,9.962019218064858,9.976939258285986,9.957045555114746,9.957045555114746,261200.0
2019-04-08 00:00:00-04:00,10.006780222358522,10.006780222358522,9.965996759476251,9.976938247680664,1300.0
2019-04-09 00:00:00-04:00,9.947096824645996,9.947096824645996,9.947096824645996,9.947096824645996,200.0
2019-04-10 00:00:00-04:00,9.947096824645996,9.966991473637245,9.947096824645996,9.947096824645996,3100.0
2019-04-11 00:00:00-04:00,9.962019270080605,9.962019270080605,9.937150955200195,9.937150955200195,700.0
2019-04-12 00:00:00-04:00,9.99683249849504,9.99683249849504,9.947096824645996,9.947096824645996,4600.0
2019-04-15 00:00:00-04:00,9.966994613968355,10.016729354858398,9.966994613968355,10.016729354858398,700.0
2019-04-16 00:00:00-04:00,10.016729354858398,10.016729354858398,10.016729354858398,10.016729354858398,100.0
2019-04-17 00:00:00-04:00,9.996832847595215,9.996832847595215,9.996832847595215,9.996832847595215,7100.0
2019-04-18 00:00:00-04:00,9.996832847595215,9.996832847595215,9.996832847595215,9.996832847595215,7100.0
2019-04-22 00:00:00-04:00,9.965997768973265,10.006781235986661,9.957045555114746,9.957045555114746,286100.0
2019-04-23 00:00:00-04:00,10.006779670715332,10.026673370774777,10.006779670715332,10.006779670715332,360300.0
2019-04-24 00:00:00-04:00,10.01672689498365,10.046568870544434,10.012748344360537,10.046568870544434,54600.0
2019-04-25 00:00:00-04:00,10.0266752243042,10.0266752243042,10.016727898121085,10.0266752243042,300700.0
2019-04-26 00:00:00-04:00,10.066463470458984,10.066463470458984,10.066463470458984,10.066463470458984,500.0
2019-04-29 00:00:00-04:00,10.00976395707863,10.046568870544434,10.00976395707863,10.046568870544434,326000.0
2019-04-30 00:00:00-04:00,10.066463470458984,10.066463470458984,10.066463470458984,10.066463470458984,700.0
2019-05-01 00:00:00-04:00,10.09630450005316,10.09630450005316,10.046569766939276,10.066463470458984,24200.0
2019-05-02 00:00:00-04:00,10.066462572289145,10.066462572289145,10.046568870544434,10.046568870544434,700.0
2019-05-03 00:00:00-04:00,10.046568870544434,10.046568870544434,10.046568870544434,10.046568870544434,800.0
2019-05-06 00:00:00-04:00,9.996833193238938,10.046568870544434,9.996833193238938,10.046568870544434,53000.0
2019-05-07 00:00:00-04:00,10.03662109375,10.03662109375,10.03662109375,10.03662109375,2200.0
2019-05-08 00:00:00-04:00,10.056514739990234,10.056514739990234,10.056514739990234,10.056514739990234,200.0
2019-05-09 00:00:00-04:00,10.046568019463285,10.046568019463285,10.006779670715332,10.006779670715332,2000.0
2019-05-10 00:00:00-04:00,10.032643999465764,10.032643999465764,10.0266752243042,10.0266752243042,19700.0
2019-05-13 00:00:00-04:00,9.996832346371079,10.006779670715332,9.996832346371079,10.006779670715332,300.0
2019-05-14 00:00:00-04:00,10.035627438417308,10.046569876670429,10.0266752243042,10.0266752243042,4400.0
2019-05-15 00:00:00-04:00,10.076409897476074,10.076409897476074,10.036621545357505,10.046568870544434,900.0
2019-05-16 00:00:00-04:00,10.046568870544434,10.046568870544434,10.046568870544434,10.046568870544434,52100.0
2019-05-17 00:00:00-04:00,10.046568870544434,10.046568870544434,10.046568870544434,10.046568870544434,100.0
2019-05-20 00:00:00-04:00,10.03662109375,10.03662109375,10.03662109375,10.03662109375,5000.0
2019-05-21 00:00:00-04:00,10.066462119338915,10.066462119338915,10.03662109375,10.03662109375,5700.0
2019-05-22 00:00:00-04:00,10.046568418489338,10.046568418489338,10.03662109375,10.03662109375,7300.0
2019-05-23 00:00:00-04:00,10.046568019463285,10.046568019463285,10.006779670715332,10.006779670715332,25100.0
2019-05-24 00:00:00-04:00,10.026676682488159,10.046571337747675,10.016729354858398,10.016729354858398,755200.0
2019-05-28 00:00:00-04:00,10.026676682488159,10.046571337747675,10.016729354858398,10.016729354858398,2406800.0
2019-05-29 00:00:00-04:00,10.031648887395757,10.036622550487314,10.0266752243042,10.0266752243042,54800.0
2019-05-30 00:00:00-04:00,10.08635823277365,10.08635823277365,10.016727898121085,10.0266752243042,342700.0
2019-05-31 00:00:00-04:00,10.031648887395757,10.036622550487314,10.016727898121085,10.0266752243042,1500.0
2019-06-03 00:00:00-04:00,10.136091951339354,10.136091951339354,10.046568870544434,10.046568870544434,39700.0
2019-06-04 00:00:00-04:00,10.046568870544434,10.046568870544434,10.01672689498365,10.046568870544434,11900.0
2019-06-05 00:00:00-04:00,10.046568870544434,10.046568870544434,10.046568870544434,10.046568870544434,400.0
2019-06-06 00:00:00-04:00,10.032642543305904,10.03662109375,10.016726444271324,10.03662109375,3000.0
2019-06-07 00:00:00-04:00,10.046568870544434,10.046568870544434,10.036621545357505,10.046568870544434,35200.0
2019-06-10 00:00:00-04:00,10.043584031341718,10.043584031341718,10.03662109375,10.03662109375,28600.0
2019-06-11 00:00:00-04:00,10.03463120500438,10.03463120500438,10.033636093139648,10.033636093139648,1000.0
2019-06-12 00:00:00-04:00,10.046568870544434,10.046568870544434,10.046568870544434,10.046568870544434,10700.0
2019-06-13 00:00:00-04:00,10.03662109375,10.046568418489338,10.03662109375,10.03662109375,20600.0
2019-06-14 00:00:00-04:00,10.036621545357505,10.086357222663,10.036621545357505,10.046568870544434,3270100.0
2019-06-17 00:00:00-04:00,10.046568870544434,10.046568870544434,10.046568870544434,10.046568870544434,3270100.0
2019-06-18 00:00:00-04:00,10.046568870544434,10.086357222663,10.046568870544434,10.046568870544434,700.0
2019-06-19 00:00:00-04:00,10.046568363934007,10.056514739990234,10.046568363934007,10.056514739990234,500.0
2019-06-20 00:00:00-04:00,10.056514739990234,10.066462064675555,10.056514739990234,10.056514739990234,1200.0
2019-06-21 00:00:00-04:00,10.086357456146485,10.136092185974121,10.086357456146485,10.136092185974121,8700.0
2019-06-24 00:00:00-04:00,10.126144959893715,10.126144959893715,10.09630298614502,10.09630298614502,11100.0
2019-06-25 00:00:00-04:00,10.052536140228822,10.106250365185192,10.052536140228822,10.076409339904785,112200.0
2019-06-26 00:00:00-04:00,10.086357116699219,10.106250818234935,10.086357116699219,10.086357116699219,301500.0
2019-06-27 00:00:00-04:00,10.086358122607919,10.116199152202094,10.046569766939276,10.066463470458984,776500.0
2019-06-28 00:00:00-04:00,10.076409791616795,10.086357116699219,10.046568764998653,10.086357116699219,9600.0
2019-07-01 00:00:00-04:00,10.066462064675555,10.066462064675555,10.056514739990234,10.056514739990234,1800.0
2019-07-02 00:00:00-04:00,10.086357116699219,10.086357116699219,10.046568764998653,10.086357116699219,46700.0
2019-07-03 00:00:00-04:00,10.086357116699219,10.086357116699219,10.086357116699219,10.086357116699219,125200.0
2019-07-05 00:00:00-04:00,10.086356664541285,10.086356664541285,10.076409339904785,10.076409339904785,95700.0
2019-07-08 00:00:00-04:00,10.086357061512583,10.136091789394321,10.066462411456586,10.106250762939453,1561300.0
2019-07-09 00:00:00-04:00,10.106253371724582,10.111227035522461,10.106253371724582,10.111227035522461,600.0
2019-07-10 00:00:00-04:00,10.165932703399395,10.165932703399395,10.126144356069476,10.146038055419922,2800.0
2019-07-11 00:00:00-04:00,10.155986892993612,10.155986892993612,10.106251214261663,10.116198539733887,107400.0
2019-07-12 00:00:00-04:00,10.165933714139852,10.165933714139852,10.126145362854004,10.126145362854004,109800.0
2019-07-15 00:00:00-04:00,10.136092185974121,10.136092185974121,10.136092185974121,10.136092185974121,10100.0
2019-07-16 00:00:00-04:00,10.136092185974121,10.136092185974121,10.136092185974121,10.136092185974121,100.0
2019-07-17 00:00:00-04:00,10.09630298614502,10.09630298614502,10.09630298614502,10.09630298614502,155000.0
2019-07-18 00:00:00-04:00,10.056515086428588,10.14603911442232,10.056515086428588,10.106250762939453,2091500.0
2019-07-19 00:00:00-04:00,10.036621335303566,10.155986389161109,10.036621335303566,10.126145362854004,4600.0
2019-07-22 00:00:00-04:00,10.146038055419922,10.146038055419922,10.146038055419922,10.146038055419922,200.0
2019-07-23 00:00:00-04:00,10.146038055419922,10.146038055419922,10.146038055419922,10.146038055419922,100.0
2019-07-24 00:00:00-04:00,10.106250158677232,10.155985832214355,10.106250158677232,10.155985832214355,1500.0
2019-07-25 00:00:00-04:00,10.215669390404441,10.215669390404441,10.076409686589415,10.126145362854004,162800.0
2019-07-26 00:00:00-04:00,10.195775082754324,10.195775082754324,10.106251052198255,10.175880432128906,50700.0
2019-07-29 00:00:00-04:00,10.0863578534692,10.185828265671981,10.0863578534692,10.165934562683105,20200.0
2019-07-30 00:00:00-04:00,10.165933053999808,10.19577407836914,10.146038405334211,10.19577407836914,34900.0
2019-07-31 00:00:00-04:00,10.195775189848113,10.195775189848113,10.1161984837689,10.136092185974121,40400.0
2019-08-01 00:00:00-04:00,10.046567661409636,10.185826402749841,10.046567661409636,10.146038055419922,226400.0
2019-08-02 00:00:00-04:00,10.215668727034737,10.215668727034737,10.09630273229928,10.19577407836914,62600.0
2019-08-05 00:00:00-04:00,10.175880090489471,10.195774740446957,10.126145362854004,10.126145362854004,600.0
2019-08-06 00:00:00-04:00,10.19577559148102,10.19577559148102,10.165934562683105,10.165934562683105,21000.0
2019-08-07 00:00:00-04:00,10.076409686589415,10.195774740446957,10.076409686589415,10.126145362854004,57600.0
2019-08-08 00:00:00-04:00,10.116198037875261,10.165933714139852,10.116198037875261,10.126145362854004,5800.0
2019-08-09 00:00:00-04:00,10.04656910310688,10.195775189848113,10.04656910310688,10.136092185974121,19600.0
2019-08-12 00:00:00-04:00,10.04656910310688,10.195775189848113,10.04656910310688,10.136092185974121,19600.0
2019-08-13 00:00:00-04:00,10.126145702823672,10.195775082754324,10.126145702823672,10.175880432128906,10800.0
2019-08-14 00:00:00-04:00,10.155985729667009,10.19577407836914,10.155985729667009,10.19577407836914,1900.0
2019-08-15 00:00:00-04:00,10.16593355423358,10.185827255249023,10.155986229411306,10.185827255249023,13800.0
2019-08-16 00:00:00-04:00,10.175879930426749,10.185827255249023,10.175879930426749,10.185827255249023,1400.0
2019-08-19 00:00:00-04:00,10.185828910938117,10.235564594504835,10.185828910938117,10.190802574157715,10100.0
2019-08-20 00:00:00-04:00,10.195775863539382,10.195775863539382,10.066463470458984,10.066463470458984,9300.0
2019-08-21 00:00:00-04:00,10.19577407836914,10.19577407836914,10.19577407836914,10.19577407836914,100.0
2019-08-22 00:00:00-04:00,10.185826754036343,10.19577407836914,10.116197380964877,10.19577407836914,7200.0
2019-08-23 00:00:00-04:00,10.170910442488749,10.175883157847943,10.141068458557129,10.141068458557129,6400.0
2019-08-26 00:00:00-04:00,10.146039911065028,10.185828265671981,10.136092585255989,10.165934562683105,121800.0
2019-08-27 00:00:00-04:00,10.235562074069499,10.235562074069499,10.146038055419922,10.146038055419922,900.0
2019-08-28 00:00:00-04:00,10.146039511391313,10.146039511391313,10.136092185974121,10.136092185974121,2200.0
2019-08-29 00:00:00-04:00,10.139076629416666,10.139076629416666,10.116198539733887,10.116198539733887,800.0
2019-08-30 00:00:00-04:00,10.146038405334211,10.19577407836914,10.146038405334211,10.19577407836914,1200.0
2019-09-03 00:00:00-04:00,10.146039404819936,10.195775082754324,10.131119365480027,10.175880432128906,124900.0
2019-09-04 00:00:00-04:00,10.185825508171794,10.185825508171794,10.178862571716309,10.178862571716309,600.0
2019-09-05 00:00:00-04:00,10.175880432128906,10.175880432128906,10.175880432128906,10.175880432128906,300.0
2019-09-06 00:00:00-04:00,10.1659341622257,10.1659341622257,10.136092185974121,10.136092185974121,206200.0
2019-09-09 00:00:00-04:00,10.136092185974121,10.146039511391313,10.136092185974121,10.136092185974121,383500.0
2019-09-10 00:00:00-04:00,10.1659341622257,10.1659341622257,10.136092185974121,10.136092185974121,300.0
2019-09-11 00:00:00-04:00,10.136090731430185,10.146038055419922,10.136090731430185,10.146038055419922,10200.0
2019-09-12 00:00:00-04:00,10.175879078760104,10.185826402749841,10.136090731430185,10.146038055419922,4300.0
2019-09-13 00:00:00-04:00,10.146038904589032,10.185827255249023,10.146038904589032,10.185827255249023,59600.0
2019-09-16 00:00:00-04:00,10.155987236874067,10.175880939862942,10.146039911065028,10.165934562683105,392900.0
2019-09-17 00:00:00-04:00,10.136092585255989,10.175880939862942,10.136092585255989,10.165934562683105,4000.0
2019-09-18 00:00:00-04:00,10.165934562683105,10.165934562683105,10.146039911065028,10.165934562683105,29500.0
2019-09-19 00:00:00-04:00,10.19577559148102,10.19577559148102,10.165934562683105,10.165934562683105,24800.0
2019-09-20 00:00:00-04:00,10.146039747149826,10.225616455078125,10.146039747149826,10.225616455078125,333100.0
2019-09-23 00:00:00-04:00,10.335033773141133,10.335033773141133,10.175879429703544,10.19577407836914,57400.0
2019-09-24 00:00:00-04:00,10.175880432128906,10.185827757441615,10.155986730132645,10.175880432128906,26100.0
2019-09-25 00:00:00-04:00,10.195774580071298,10.195774580071298,10.185827255249023,10.185827255249023,2900.0
2019-09-26 00:00:00-04:00,10.195775933347175,10.23556428928824,10.165934903548687,10.215670585632324,106400.0
2019-09-27 00:00:00-04:00,10.215670585632324,10.215670585632324,10.195775933347175,10.215670585632324,8700.0
2019-09-30 00:00:00-04:00,10.215668374719053,10.215668374719053,10.146038055419922,10.146038055419922,1100.0
2019-10-01 00:00:00-04:00,10.195775082754324,10.195775082754324,10.175880432128906,10.175880432128906,2300.0
2019-10-02 00:00:00-04:00,10.146039911065028,10.19577559148102,10.146039911065028,10.165934562683105,1300.0
2019-10-03 00:00:00-04:00,10.185827757441615,10.185827757441615,10.175880432128906,10.175880432128906,50800.0
2019-10-04 00:00:00-04:00,10.165934903548687,10.215670585632324,10.165934903548687,10.215670585632324,107500.0
2019-10-07 00:00:00-04:00,10.225615102738475,10.225615102738475,10.185826754036343,10.19577407836914,20600.0
2019-10-08 00:00:00-04:00,10.175880432128906,10.175880432128906,10.165934055445351,10.175880432128906,1100.0
2019-10-09 00:00:00-04:00,10.175880432128906,10.195775082754324,10.175880432128906,10.175880432128906,234200.0
2019-10-10 00:00:00-04:00,10.175879930426749,10.185827255249023,10.16593355423358,10.185827255249023,12200.0
2019-10-11 00:00:00-04:00,10.175880432128906,10.175880432128906,10.175880432128906,10.175880432128906,400.0
2019-10-14 00:00:00-04:00,10.175880432128906,10.195775082754324,10.175880432128906,10.175880432128906,74600.0
2019-10-15 00:00:00-04:00,10.19577559148102,10.245511271897012,10.165934562683105,10.165934562683105,128500.0
2019-10-16 00:00:00-04:00,10.225615605909015,10.225615605909015,10.185827255249023,10.185827255249023,4700.0
2019-10-17 00:00:00-04:00,10.190801928576501,10.19577559148102,10.146039911065028,10.165934562683105,263000.0
2019-10-18 00:00:00-04:00,10.165934562683105,10.165934562683105,10.165934562683105,10.165934562683105,100.0
2019-10-21 00:00:00-04:00,10.16593355423358,10.185827255249023,10.16593355423358,10.185827255249023,1500.0
2019-10-22 00:00:00-04:00,10.185827255249023,10.185827255249023,10.185827255249023,10.185827255249023,404000.0
2019-10-23 00:00:00-04:00,10.185828607204602,10.245511615430813,10.185828607204602,10.215670585632324,660200.0
2019-10-24 00:00:00-04:00,10.215670585632324,10.215670585632324,10.215670585632324,10.215670585632324,76200.0
2019-10-25 00:00:00-04:00,10.195775933347175,10.245511615430813,10.185828607204602,10.215670585632324,450600.0
2019-10-28 00:00:00-04:00,10.23357501378557,10.23357501378557,10.195775933347175,10.215670585632324,54300.0
2019-10-29 00:00:00-04:00,10.215670585632324,10.215670585632324,10.215670585632324,10.215670585632324,54300.0
2019-10-30 00:00:00-04:00,10.220642792253958,10.225616455078125,10.220642792253958,10.225616455078125,200.0
2019-10-31 00:00:00-04:00,10.225616963145665,10.225616963145665,10.215670585632324,10.215670585632324,1400.0
2019-11-01 00:00:00-04:00,10.215670585632324,10.215670585632324,10.215670585632324,10.215670585632324,100.0
2019-11-04 00:00:00-05:00,10.215670585632324,10.215670585632324,10.215670585632324,10.215670585632324,100.0
2019-11-05 00:00:00-05:00,10.185827255249023,10.195774580071298,10.185827255249023,10.185827255249023,52100.0
2019-11-06 00:00:00-05:00,10.215670585632324,10.215670585632324,10.215670585632324,10.215670585632324,10000.0
2019-11-07 00:00:00-05:00,10.215670585632324,10.215670585632324,10.215670585632324,10.215670585632324,10000.0
2019-11-08 00:00:00-05:00,10.215669229715848,10.225615605909015,10.185827255249023,10.185827255249023,45600.0
2019-11-11 00:00:00-05:00,10.185827255249023,10.185827255249023,10.185827255249023,10.185827255249023,45600.0
2019-11-12 00:00:00-05:00,10.205723060252023,10.205723060252023,10.18582840835526,10.200749397277832,2231700.0
2019-11-13 00:00:00-05:00,10.185827255249023,10.195774580071298,10.175879930426749,10.185827255249023,1602300.0
2019-11-14 00:00:00-05:00,10.185827255249023,10.205721904893574,10.185827255249023,10.185827255249023,126100.0
2019-11-15 00:00:00-05:00,10.185828101113975,10.225616455078125,10.175880775465641,10.225616455078125,27800.0
2019-11-18 00:00:00-05:00,10.185827255249023,10.195774580071298,10.175879930426749,10.185827255249023,20700.0
2019-11-19 00:00:00-05:00,10.185827255249023,10.185827255249023,10.185827255249023,10.185827255249023,5000.0
2019-11-20 00:00:00-05:00,10.185827255249023,10.185827255249023,10.185827255249023,10.185827255249023,100.0
2019-11-21 00:00:00-05:00,10.19577407836914,10.19577407836914,10.19577407836914,10.19577407836914,27200.0
2019-11-22 00:00:00-05:00,10.175879429703544,10.19577407836914,10.175879429703544,10.19577407836914,500.0
2019-11-25 00:00:00-05:00,10.225616110063296,10.225616110063296,10.175880432128906,10.175880432128906,1650800.0
2019-11-26 00:00:00-05:00,10.185827757441615,10.185827757441615,10.175880432128906,10.175880432128906,5000.0
2019-11-27 00:00:00-05:00,10.175880432128906,10.175880432128906,10.175880432128906,10.175880432128906,5000.0
2019-11-29 00:00:00-05:00,10.175880432128906,10.175880432128906,10.175880432128906,10.175880432128906,5000.0
2019-12-02 00:00:00-05:00,10.205721151063559,10.295245170593262,10.19378455188433,10.295245170593262,2611000.0
2019-12-03 00:00:00-05:00,10.305192896520042,10.325087547302246,10.290272857062552,10.325087547302246,411600.0
2019-12-04 00:00:00-05:00,10.305192896520042,10.344981249455287,10.305192896520042,10.325087547302246,151500.0
2019-12-05 00:00:00-05:00,10.32508684442484,10.32508684442484,10.295245818912116,10.320113182067871,5000.0
2019-12-06 00:00:00-05:00,10.325086092758273,10.335033416748047,10.325086092758273,10.335033416748047,2900.0
2019-12-09 00:00:00-05:00,10.344980587672696,10.399689925194762,10.335034211547038,10.394716262817383,665100.0
2019-12-10 00:00:00-05:00,10.653340088306708,10.9915415115274,10.533975047516291,10.56381607055664,20965500.0
2019-12-11 00:00:00-05:00,10.7727059646258,11.041278038706393,10.643393589916155,10.981595039367676,8038900.0
2019-12-12 00:00:00-05:00,11.041280349981715,11.43916393343198,10.981597338149529,11.011438369750977,6818900.0
2019-12-13 00:00:00-05:00,11.041277331975628,11.081065679444968,10.852281970024492,10.882122993469238,1196200.0
2019-12-16 00:00:00-05:00,10.941806091231813,10.981594439072948,10.782652699867269,10.842334747314453,372400.0
2019-12-17 00:00:00-05:00,10.882121687415845,10.981593018465334,10.742862962301263,10.83238697052002,1448400.0
2019-12-18 00:00:00-05:00,10.7926025390625,10.842337273982183,10.742866855513556,10.7926025390625,256800.0
2019-12-19 00:00:00-05:00,10.78265375328441,10.842335806562264,10.752812726645484,10.802547454833984,295600.0
2019-12-20 00:00:00-05:00,10.792599823019971,10.95175321142098,10.792599823019971,10.921911239624023,2357300.0
2019-12-23 00:00:00-05:00,10.921912751235972,10.971648429152049,10.862230696640003,10.892071723937988,223900.0
2019-12-24 00:00:00-05:00,10.882123095155588,10.941806091231813,10.792600023984813,10.842334747314453,275700.0
2019-12-26 00:00:00-05:00,10.892072283408403,10.90500399670023,10.842336602937657,10.862231254577637,501700.0
2019-12-27 00:00:00-05:00,10.89207031749383,10.921911340938578,10.842334645999898,10.882122993469238,809900.0
2019-12-30 00:00:00-05:00,10.951755289699138,10.951755289699138,10.842336602937657,10.862231254577637,421200.0
2019-12-31 00:00:00-05:00,10.892070565820307,10.981594586824622,10.892070565820307,10.971647262573242,1540500.0
2020-01-02 00:00:00-05:00,11.06117222386414,11.230272955996282,10.951754493684751,11.160643577575684,1033800.0
2020-01-03 00:00:00-05:00,11.130800597774277,11.210378242739425,11.071118549836726,11.180536270141602,646300.0
2020-01-06 00:00:00-05:00,11.110907637719093,11.322781103849794,11.110907637719093,11.260113716125488,954000.0
2020-01-07 00:00:00-05:00,11.190485518860687,11.439162974835368,11.190485518860687,11.349638938903809,1311300.0
2020-01-08 00:00:00-05:00,11.339692454122954,11.419269170047171,11.299904096160846,11.38942813873291,1258800.0
2020-01-09 00:00:00-05:00,11.439163938481757,11.767418132130455,11.419269284985816,11.687841415405273,3353900.0
2020-01-10 00:00:00-05:00,11.767416426123825,11.81715210402385,11.459056930676152,11.60826301574707,3927900.0
2020-01-13 00:00:00-05:00,11.518738985252858,11.707734371547119,11.49884528327034,11.60826301574707,1175900.0
2020-01-14 00:00:00-05:00,11.677893749663642,11.767417790538031,11.588369708789253,11.638105392456055,564700.0
2020-01-15 00:00:00-05:00,11.68783961413246,11.797257345609335,11.568474557440647,11.648051261901855,1517700.0
2020-01-16 00:00:00-05:00,11.638104043035423,11.846993131312201,11.60826301574707,11.60826301574707,684500.0
2020-01-17 00:00:00-05:00,11.638104287139448,11.638104287139448,11.339691162109375,11.339691162109375,1550800.0
2020-01-21 00:00:00-05:00,11.528686284626335,11.628156691573484,11.409321227112267,11.439162254333496,1932700.0
2020-01-22 00:00:00-05:00,11.459055246440352,11.65799698017112,11.43916059875277,11.528684616088867,1907400.0
2020-01-23 00:00:00-05:00,11.488899290084914,11.690825463786473,11.349639565543725,11.638105392456055,2965800.0
2020-01-24 00:00:00-05:00,11.638103415659597,12.095669920141281,11.638103415659597,11.846992492675781,3502700.0
2020-01-27 00:00:00-05:00,11.767417478336554,12.215036722203447,11.70773541842323,12.095671653747559,4482000.0
2020-01-28 00:00:00-05:00,12.08572293333385,12.642760803830246,12.08572293333385,12.443819046020508,2480500.0
2020-01-29 00:00:00-05:00,12.433870464147924,12.881489611131443,12.334399120983127,12.563182830810547,2262300.0
2020-01-30 00:00:00-05:00,12.672603827055983,12.782022522563334,12.384137995623538,12.42392635345459,1207000.0
2020-01-31 00:00:00-05:00,12.404030502630375,12.433871528683063,12.215035124162089,12.334400177001953,2144000.0
2020-02-03 00:00:00-05:00,12.334400232009191,12.443818909072206,12.242886929560932,12.314506530761719,1195100.0
2020-02-04 00:00:00-05:00,12.40402928872969,12.801912759257666,12.284664247571298,12.622864723205566,1775000.0
2020-02-05 00:00:00-05:00,12.632813693087952,12.762126075015244,12.413977281470293,12.72233772277832,1138600.0
2020-02-06 00:00:00-05:00,12.702444308877496,13.46837034395543,12.553237273135366,12.791967391967773,2820800.0
2020-02-07 00:00:00-05:00,13.080433137343036,13.130168815725883,12.627840266454541,12.811861991882324,475700.0
2020-02-10 00:00:00-05:00,13.130168490318493,13.358952225757934,12.811861674363591,12.93122673034668,738000.0
2020-02-11 00:00:00-05:00,13.67725923949597,13.67725923949597,12.443819361205149,12.682549476623535,2963500.0
2020-02-12 00:00:00-05:00,12.672602341909078,13.080433199039545,12.43387222290039,12.43387222290039,1178300.0
2020-02-13 00:00:00-05:00,12.593024705924664,12.843691407241867,12.384135630055479,12.602972030639648,1863800.0
2020-02-14 00:00:00-05:00,13.030698084647156,13.109279676668638,12.732284970374867,12.93122673034668,2181800.0
2020-02-18 00:00:00-05:00,12.931226785465604,13.428581661829664,12.931226785465604,13.269428253173828,3368500.0
2020-02-19 00:00:00-05:00,13.37884566667619,13.42858134285704,13.269427937981616,13.388792991638184,1836400.0
2020-02-20 00:00:00-05:00,13.339057575446182,13.428581604590782,12.831755376046203,12.93122673034668,2199000.0
2020-02-21 00:00:00-05:00,13.269429104975822,13.269429104975822,12.632814480857249,12.782021522521973,2137000.0
2020-02-24 00:00:00-05:00,12.026039517413603,12.702442365940183,12.026039517413603,12.622864723205566,2670200.0
2020-02-25 00:00:00-05:00,12.772073699143949,12.995882829978655,12.13545909982495,12.43387222290039,3332900.0
2020-02-26 00:00:00-05:00,12.811864547170279,12.88149394161614,12.165302496496738,12.254826545715332,2051500.0
2020-02-27 00:00:00-05:00,12.13545796861956,12.503500438274873,11.588367452083093,11.777362823486328,3491200.0
2020-02-28 00:00:00-05:00,11.329743317784072,11.936515866139716,11.051223931227895,11.72762680053711,2810000.0
2020-03-02 00:00:00-05:00,11.737576595174964,11.871862654603241,11.180538653451695,11.69778823852539,1710000.0
2020-03-03 00:00:00-05:00,11.837043745619448,11.846991069193827,10.812493133183198,11.08106517791748,3235500.0
2020-03-04 00:00:00-05:00,11.289954939075525,11.568473376251877,11.011435553270127,11.180536270141602,3358000.0
2020-03-05 00:00:00-05:00,11.061169710926643,11.061169710926643,10.414608904578266,10.434502601623535,3424900.0
2020-03-06 00:00:00-05:00,10.255457243606815,10.285298268464611,9.539266006616161,9.947096824645996,3305500.0
2020-03-09 00:00:00-04:00,8.45503281741948,10.842335821709797,8.45503281741948,9.897361755371094,3629600.0
2020-03-10 00:00:00-04:00,10.036620875689886,11.28498164448138,9.976937877179656,11.041277885437012,3061800.0
2020-03-11 00:00:00-04:00,10.613553097587364,10.892071561687715,10.195774927122267,10.593658447265625,2294000.0
2020-03-12 00:00:00-04:00,10.165932670275275,10.344979758362005,8.574396885006186,8.653973579406738,4272800.0
2020-03-13 00:00:00-04:00,9.15132885728776,9.618842672044812,8.007413105862693,8.85291576385498,4997600.0
2020-03-16 00:00:00-04:00,7.848259874218019,7.848259874218019,6.66455520280584,7.689106464385986,5696100.0
2020-03-17 00:00:00-04:00,7.758736149009063,7.758736149009063,6.465613299402698,7.211645603179932,2917700.0
2020-03-18 00:00:00-04:00,6.714289734809205,6.724237058383584,4.973547951710523,5.54053258895874,5092500.0
2020-03-19 00:00:00-04:00,5.620110398015657,7.0823335779251195,4.724871493800976,6.724238395690918,3926000.0
2020-03-20 00:00:00-04:00,6.624766444533097,7.360851868544855,6.614819594185199,7.32106351852417,3384100.0
2020-03-23 00:00:00-04:00,7.0823335779251195,7.301169996938387,5.978206054564448,6.724238395690918,3538400.0
2020-03-24 00:00:00-04:00,7.0723866488215235,7.639370918273926,7.0524924722497655,7.639370918273926,3403000.0
2020-03-25 00:00:00-04:00,7.65926429644794,9.101593133339263,7.251433482081677,8.872810363769531,1863700.0
2020-03-26 00:00:00-04:00,8.604237467779022,8.952386199430695,8.534608100900279,8.83302116394043,2393600.0
2020-03-27 00:00:00-04:00,8.435138446389523,8.435138446389523,7.699053439711309,8.176514625549316,2577800.0
2020-03-30 00:00:00-04:00,8.146671904925428,8.295878926892659,7.947730157598198,8.09693717956543,1332700.0
2020-03-31 00:00:00-04:00,7.977571350832213,8.663920549132255,7.768681825099622,8.60423755645752,1628800.0
2020-04-01 00:00:00-04:00,8.494820356930381,8.594291701193187,7.868153164784404,8.02730655670166,2206300.0
2020-04-02 00:00:00-04:00,8.017359086794674,8.364512683831537,7.87809941356175,8.08698844909668,1339200.0
2020-04-03 00:00:00-04:00,8.057149951979248,8.12677933608172,7.619477098288603,7.858207702636719,1483100.0
2020-04-06 00:00:00-04:00,8.037253963197458,8.708683172277755,8.007412939064505,8.554503440856934,1415700.0
2020-04-07 00:00:00-04:00,8.97228181643432,9.230905613645179,8.057148830099983,8.09693717956543,1974700.0
2020-04-08 00:00:00-04:00,8.186461200891832,8.683816101027547,8.146672846826144,8.455033302307129,1550600.0
2020-04-09 00:00:00-04:00,8.753446933861866,9.310483922710873,8.703711251271608,9.141383171081543,2207500.0
2020-04-13 00:00:00-04:00,8.922545623455498,9.708366191161742,8.90265097556543,9.598947525024414,2202400.0
2020-04-14 00:00:00-04:00,9.66857774552405,10.315138617300855,9.66857774552405,9.827731132507324,2254300.0
2020-04-15 00:00:00-04:00,9.648686354508774,9.962020520940573,9.191119738177216,9.668581008911133,1091500.0
2020-04-16 00:00:00-04:00,9.718314053021095,10.096302897564055,9.618842705323004,9.947096824645996,1551100.0
2020-04-17 00:00:00-04:00,10.275352134690607,10.543924235420501,10.021701022433213,10.225616455078125,2105700.0
2020-04-20 00:00:00-04:00,10.076410420582144,10.543924293717659,9.797891941293178,10.20572280883789,865800.0
2020-04-21 00:00:00-04:00,10.026673572921288,10.265403670222014,9.70836677652032,9.927202224731445,2111300.0
2020-04-22 00:00:00-04:00,10.066461872706258,10.295245592960237,9.787943427232312,9.947096824645996,1884500.0
2020-04-23 00:00:00-04:00,9.957044393093495,10.325086870787107,9.817784692630061,10.03662109375,981000.0
2020-04-24 00:00:00-04:00,10.175880831727893,10.414611905461912,9.986886386510536,10.20572280883789,753700.0
2020-04-27 00:00:00-04:00,10.344980796746075,10.514081526478098,10.155986365731582,10.315139770507812,1096800.0
2020-04-28 00:00:00-04:00,10.44445193796207,10.75281236495585,10.046568434062774,10.394716262817383,1192000.0
2020-04-29 00:00:00-04:00,10.6533414496017,10.802547532498174,10.44445236436915,10.593658447265625,1242400.0
2020-04-30 00:00:00-04:00,10.573762992941276,10.777678381793825,10.006778833558965,10.533974647521973,1567000.0
2020-05-01 00:00:00-04:00,10.364876625112954,10.533977374071224,9.768050340715623,10.235564231872559,2055300.0
2020-05-04 00:00:00-04:00,10.344980571636684,10.344980571636684,9.927202418875481,10.03662109375,1527400.0
2020-05-05 00:00:00-04:00,10.076408192007431,10.444450623968955,10.046567170126492,10.344979286193848,2763700.0
2020-05-06 00:00:00-04:00,9.797891406978907,10.812494857659043,9.66857902577503,10.593658447265625,4518500.0
2020-05-07 00:00:00-04:00,10.971647677478538,11.29990180115496,10.732917578191884,10.812494277954102,2720500.0
2020-05-08 00:00:00-04:00,10.902018892804946,11.339690765201766,10.842335890436264,10.951754570007324,2308600.0
2020-05-11 00:00:00-04:00,11.170590059961963,11.737575263687239,11.001490274855568,11.478950500488281,2556400.0
2020-05-12 00:00:00-04:00,11.578424685148088,11.7375781325927,11.4192702890741,11.498847961425781,1971700.0
2020-05-13 00:00:00-04:00,11.469002031517226,11.588367076021377,11.011435553270127,11.180536270141602,2783000.0
2020-05-14 00:00:00-04:00,11.01143515975986,11.578420286678814,10.693128385790631,11.528684616088867,1927100.0
2020-05-15 00:00:00-04:00,11.439163823342867,11.568476223877038,11.220327380236629,11.38942813873291,1591700.0
2020-05-18 00:00:00-04:00,11.68783961413246,12.185194491329586,11.379479172873419,11.648051261901855,2161800.0
2020-05-19 00:00:00-04:00,11.628158403546742,12.115566979275096,11.588370045184151,11.687841415405273,1527600.0
2020-05-20 00:00:00-04:00,11.936517320103526,12.374189204443821,11.89672896698168,11.906676292419434,2236500.0
2020-05-21 00:00:00-04:00,11.94646498964438,12.234930795243947,11.707734864036984,11.956412315368652,2635400.0
2020-05-22 00:00:00-04:00,11.99620005438428,12.115565111066072,11.916622401300609,12.006146430969238,2370700.0
2020-05-26 00:00:00-04:00,12.404032648853702,12.513450395731775,12.145407848637227,12.42392635345459,3573400.0
2020-05-27 00:00:00-04:00,12.682549314729457,12.682549314729457,12.23990377946297,12.384136199951172,3815200.0
2020-05-28 00:00:00-04:00,12.483610153198242,12.73228764251044,12.185196976297735,12.483610153198242,1189100.0
2020-05-29 00:00:00-04:00,12.36424270555612,12.762126232846043,12.055882260434561,12.662654876708984,3242400.0
2020-06-01 00:00:00-04:00,12.68254896787866,13.53799898812713,12.662654318077266,13.23958683013916,2224700.0
2020-06-02 00:00:00-04:00,13.199799945143976,13.587736173064437,13.030699197568158,13.398741722106934,2440400.0
2020-06-03 00:00:00-04:00,13.528052448972854,13.930909616309359,13.368898098365333,13.846359252929688,2661900.0
2020-06-04 00:00:00-04:00,13.627523584486328,13.995566083531012,13.398740793983883,13.567841529846191,2451900.0
2020-06-05 00:00:00-04:00,13.886149297239951,14.343715858055866,13.607630809804375,13.92593765258789,2638000.0
2020-06-08 00:00:00-04:00,14.154718212974412,14.950486142310423,13.975671116629885,14.78138542175293,7791500.0
2020-06-09 00:00:00-04:00,14.612286401690946,14.970382533311348,14.085090478463242,14.144773483276367,2446200.0
2020-06-10 00:00:00-04:00,14.204455539460316,14.463080312601898,14.005513771131858,14.144773483276367,2268700.0
2020-06-11 00:00:00-04:00,13.707099587536318,13.94583063975399,13.368898133137966,13.468369483947754,2480500.0
2020-06-12 00:00:00-04:00,13.876201279387356,14.473027528478303,13.823482161778756,14.184561729431152,2562200.0
2020-06-15 00:00:00-04:00,13.886149589885662,14.239271132461885,13.796625551308805,14.164668083190918,2419600.0
2020-06-16 00:00:00-04:00,14.463079104650934,14.761492206534857,14.254190028195097,14.41334342956543,2556100.0
2020-06-17 00:00:00-04:00,14.532708874166424,14.532708874166424,13.856306900024265,14.085089683532715,4404800.0
2020-06-18 00:00:00-04:00,13.9458301787029,14.363607371856562,13.9458301787029,14.194507598876953,5284400.0
2020-06-19 00:00:00-04:00,14.264138665042402,14.393451052708032,13.687207057690632,13.746889114379883,5114600.0
2020-06-22 00:00:00-04:00,13.707100720007682,13.82149306747869,13.090380760469689,13.408687591552734,7418200.0
2020-06-23 00:00:00-04:00,13.697153105454028,13.935883207196762,13.358951653670605,13.508157730102539,7218300.0
2020-06-24 00:00:00-04:00,13.40868595187757,13.582760334575449,12.971014112658887,13.120220184326172,2230400.0
2020-06-25 00:00:00-04:00,13.120220247271616,13.199797894322227,12.602971707531625,12.911331176757812,2936700.0
2020-06-26 00:00:00-04:00,12.941176607825039,13.090382720073777,12.026043382838482,12.20509147644043,16064100.0
2020-06-29 00:00:00-04:00,12.3542944234385,13.040643692016602,12.045934002197908,13.040643692016602,2720700.0
2020-06-30 00:00:00-04:00,13.070485005671388,13.567839825464574,12.722336252364544,13.488263130187988,3386500.0
2020-07-01 00:00:00-04:00,13.428582355987842,13.965725612282188,13.299269967613197,13.896096229553223,3589000.0
2020-07-02 00:00:00-04:00,14.095036765578934,14.095036765578934,13.836412011491642,13.995565414428711,2013100.0
2020-07-06 00:00:00-04:00,14.214403063319,14.27408606896468,13.80159853254306,13.896096229553223,1592700.0
2020-07-07 00:00:00-04:00,13.856307375490571,13.856307375490571,13.438529196929005,13.54794692993164,2169300.0
2020-07-08 00:00:00-04:00,13.538001401172956,13.896097572393025,13.538001401172956,13.756837844848633,3022300.0
2020-07-09 00:00:00-04:00,13.746888006267405,13.925936059160787,13.3937665115378,13.806571006774902,2176400.0
2020-07-10 00:00:00-04:00,13.846359302648427,13.93588332874002,13.607629198823584,13.826464653015137,1746900.0
2020-07-13 00:00:00-04:00,13.925935990140388,13.94583063975399,13.339057107346672,13.468369483947754,3101800.0
2020-07-14 00:00:00-04:00,13.378846064757989,13.816518889817292,13.378846064757989,13.77673053741455,1694500.0
2020-07-15 00:00:00-04:00,13.92593765258789,13.94583230457647,13.826466289903433,13.92593765258789,3458900.0
2020-07-16 00:00:00-04:00,13.87620038350939,13.970698072384133,13.741914343839355,13.806571006774902,1537400.0
2020-07-17 00:00:00-04:00,13.86625493747781,14.254192121767774,13.836413907495272,14.164668083190918,2680800.0
2020-07-20 00:00:00-04:00,14.33376905003276,14.492922477175753,13.866255146328275,13.915990829467773,1466700.0
2020-07-21 00:00:00-04:00,13.94583070887299,14.045301111546673,13.766782655979608,13.806571006774902,1519100.0
2020-07-22 00:00:00-04:00,13.776730296810507,13.776730296810507,13.468369859602769,13.687206268310547,2370200.0
2020-07-23 00:00:00-04:00,13.66731022024579,13.816517235361168,13.438527458482863,13.488263130187988,2122800.0
2020-07-24 00:00:00-04:00,13.428581029521627,13.508157730102539,13.140115252758548,13.508157730102539,1550900.0
2020-07-27 00:00:00-04:00,13.488264769218038,13.617576203284028,13.378846088444913,13.587735176086426,947900.0
2020-07-28 00:00:00-04:00,13.468370888572291,13.652392622173405,13.438529859668858,13.478318214416504,1183900.0
2020-07-29 00:00:00-04:00,13.538000476473567,13.94583230457647,13.538000476473567,13.92593765258789,1137500.0
2020-07-30 00:00:00-04:00,13.707100104021313,14.214402304734042,13.627523399826666,14.174613952636719,1261600.0
2020-07-31 00:00:00-04:00,14.22434944841176,14.492920584484416,13.995565715299593,14.423291206359863,1462100.0
2020-08-03 00:00:00-04:00,14.582444700620927,15.020117519374164,14.572497375506277,14.930593490600586,3192500.0
2020-08-04 00:00:00-04:00,15.15937625001444,15.467736687626644,14.751545407316687,15.119587898254395,2256100.0
2020-08-05 00:00:00-04:00,16.621599669945006,17.138849215767387,16.34308214316246,16.800647735595703,4644400.0
2020-08-06 00:00:00-04:00,16.860326594915968,16.900113987895935,16.014823149941645,16.3331298828125,3011200.0
2020-08-07 00:00:00-04:00,16.34308131359786,16.68128277660265,16.29334468829818,16.40276336669922,1753200.0
2020-08-10 00:00:00-04:00,16.551968903320393,17.03937643166606,16.551968903320393,16.790699005126953,2350200.0
2020-08-11 00:00:00-04:00,16.989643460336207,17.019485437616606,16.601707241982997,16.681283950805664,2344400.0
2020-08-12 00:00:00-04:00,15.945196358705074,16.41768192423945,15.547311929872196,15.676624298095703,4869500.0
2020-08-13 00:00:00-04:00,16.343082283604474,16.621599812780424,16.01482812617684,16.57186508178711,12446500.0
2020-08-14 00:00:00-04:00,16.60170218819166,16.711118943728337,16.203818765199618,16.213764190673828,2871700.0
2020-08-17 00:00:00-04:00,16.233661689556257,16.33810575071414,15.666677474975586,15.666677474975586,4364600.0
2020-08-18 00:00:00-04:00,15.666677644175868,15.845725692242043,15.418000221252441,15.418000221252441,3634400.0
2020-08-19 00:00:00-04:00,15.418001648494144,15.716414773352122,15.338424941682572,15.597049713134766,3102800.0
2020-08-20 00:00:00-04:00,15.547314534120462,16.28340051873898,15.368266463722822,16.114299774169922,3072500.0
2020-08-21 00:00:00-04:00,15.994932140702957,16.094403491650827,15.815884088448435,15.825831413269043,4479200.0
2020-08-24 00:00:00-04:00,15.925300809631926,16.457470290040487,15.925300809631926,16.412708282470703,3710200.0
2020-08-25 00:00:00-04:00,16.442552028961913,16.949854203785584,16.442552028961913,16.830488204956055,2553800.0
2020-08-26 00:00:00-04:00,16.780754908618093,16.95980107623041,16.482340834747536,16.65144157409668,1933000.0
2020-08-27 00:00:00-04:00,16.69123228364637,16.880225792716807,16.333136123709107,16.66139030456543,1988300.0
2020-08-28 00:00:00-04:00,16.82053906376964,16.969745123249595,16.362973561730044,16.412708282470703,1167100.0
2020-08-31 00:00:00-04:00,16.472394414751943,16.60170775638201,15.925304761801979,16.144140243530273,1802700.0
2020-09-01 00:00:00-04:00,16.144139211533307,16.60170669513553,15.975038473697884,16.353029251098633,1393600.0
2020-09-02 00:00:00-04:00,16.412710771201603,16.591758828630578,16.144138685058135,16.551969528198242,1696100.0
2020-09-03 00:00:00-04:00,16.42265699460869,16.502233692876754,15.68657206131456,15.875566482543945,2272500.0
2020-09-04 00:00:00-04:00,15.915356371497957,16.26350517157614,15.418001484888645,16.014827728271484,2199500.0
2020-09-08 00:00:00-04:00,16.12424337972348,16.576838116090443,15.805937526859577,16.263504028320312,2792800.0
2020-09-09 00:00:00-04:00,16.343084112684796,16.900121130637363,16.343084112684796,16.760862350463867,2324900.0
2020-09-10 00:00:00-04:00,16.999589436789982,17.36763097441041,16.70714415388116,16.820541381835938,2899800.0
2020-09-11 00:00:00-04:00,16.920010719775888,17.11895150372684,16.645469895597834,16.860328674316406,1451200.0
2020-09-14 00:00:00-04:00,17.109005096870536,17.49694121601587,17.049321157572862,17.447206497192383,2518200.0
2020-09-15 00:00:00-04:00,17.904773620612154,17.904773620612154,17.42233883537863,17.566572189331055,2277400.0
2020-09-16 00:00:00-04:00,17.606363611042685,17.84509372712951,17.477050279042544,17.486997604370117,2337900.0
2020-09-17 00:00:00-04:00,17.288052510898826,17.73567260268821,17.104031760833433,17.307947158813477,2589600.0
2020-09-18 00:00:00-04:00,17.427315948341246,17.675993395444547,17.298002613382852,17.5168399810791,11179600.0
2020-09-21 00:00:00-04:00,17.13884615129934,17.187586709771352,16.661385993107437,16.860328674316406,3094400.0
2020-09-22 00:00:00-04:00,16.989639071042635,17.09905772887726,16.59175562972295,16.880220413208008,1667700.0
2020-09-23 00:00:00-04:00,16.880224878925187,16.944881548137857,16.367949931280748,16.641494750976562,2038900.0
2020-09-24 00:00:00-04:00,16.542022203090156,16.72604487170231,16.20382263570664,16.551969528198242,1479700.0
2020-09-25 00:00:00-04:00,16.65143946223632,16.810592855878916,16.362974647730898,16.731016159057617,1291000.0
2020-09-28 00:00:00-04:00,17.019481040613325,17.118950477999817,16.676305030953053,16.880220413208008,1916500.0
2020-09-29 00:00:00-04:00,16.910069565339388,17.11895774928587,16.75091612121101,17.03938102722168,2273800.0
2020-09-30 00:00:00-04:00,16.989640580501916,17.437260677541943,16.939905857389945,17.228370666503906,2140600.0
2020-10-01 00:00:00-04:00,17.486996767394338,17.8053035736084,17.22837201303086,17.8053035736084,3281600.0
2020-10-02 00:00:00-04:00,17.168690290135302,17.94456456809162,17.148795640051183,17.496944427490234,2072500.0
2020-10-05 00:00:00-04:00,17.745620825554802,18.004245569771815,17.506890730260206,17.70583152770996,4075400.0
2020-10-06 00:00:00-04:00,17.785408127905995,18.103716817132128,17.59144004512913,17.745620727539062,2456100.0
2020-10-07 00:00:00-04:00,17.914721734227676,18.128584469234852,17.705831712874033,18.00424575805664,2521100.0
2020-10-08 00:00:00-04:00,18.143502480469788,18.3026558612167,17.904772409349416,18.044031143188477,1661500.0
2020-10-09 00:00:00-04:00,18.143507559682035,18.269836515928503,17.850068076046675,17.94456672668457,1036000.0
2020-10-12 00:00:00-04:00,18.07387736887246,18.14848136371273,17.740648595113225,17.8848819732666,1562100.0
2020-10-13 00:00:00-04:00,17.725727271742247,17.994299357013073,17.66604521854593,17.835145950317383,1520500.0
2020-10-14 00:00:00-04:00,18.33250268878891,18.545369395876676,18.10371988050629,18.213136672973633,2604400.0
2020-10-15 00:00:00-04:00,17.92467081648645,18.402131058888582,17.805304807256743,18.233030319213867,2096500.0
2020-10-16 00:00:00-04:00,18.402130552084866,18.491654582227024,18.203187841267116,18.242977142333984,3381800.0
2020-10-19 00:00:00-04:00,18.76022574297957,18.829855119137772,18.11366291349183,18.223081588745117,3165700.0
2020-10-20 00:00:00-04:00,18.26287087310347,18.74033107831002,18.24297622357198,18.412076950073242,1919300.0
2020-10-21 00:00:00-04:00,18.531439936535364,18.775144635471467,18.382233868552774,18.471757888793945,2029900.0
2020-10-22 00:00:00-04:00,18.531440606196846,18.97906072357814,18.501600529876864,18.94921875,2900700.0
2020-10-23 00:00:00-04:00,18.899485056369038,19.08151750034251,18.352395458377448,18.740331649780273,2237500.0
2020-10-26 00:00:00-04:00,18.521499462856916,18.551339546078754,17.944567787711996,18.07387924194336,3688100.0
2020-10-27 00:00:00-04:00,18.053976123120346,18.18328941397774,17.61630343425008,17.825193405151367,2147800.0
2020-10-28 00:00:00-04:00,17.447213001020067,17.805307284003987,17.412396408155494,17.506895065307617,1650400.0
2020-10-29 00:00:00-04:00,17.646153844204537,17.90477865241039,17.422343731597685,17.845096588134766,1506700.0
2020-10-30 00:00:00-04:00,17.745622663379564,17.914723402216747,17.228373121376606,17.55662727355957,2097100.0
2020-11-02 00:00:00-05:00,17.795358054398406,18.03408818328218,17.19853368081818,17.31789779663086,3679800.0
2020-11-03 00:00:00-05:00,17.52678971915634,17.81525461092835,17.178640865838165,17.506895065307617,2448000.0
2020-11-04 00:00:00-05:00,17.556625183394853,18.551334847012217,17.148794373092382,17.25821304321289,3915700.0
2020-11-05 00:00:00-05:00,17.835144264777657,18.004244980567968,17.11895210507371,17.188583374023438,2086200.0
2020-11-06 00:00:00-05:00,17.22837159435415,17.357684917022482,16.790698797816848,16.870275497436523,2642700.0
2020-11-09 00:00:00-05:00,17.775464239826366,17.88488102325276,16.760859829636395,16.81059455871582,3974400.0
2020-11-10 00:00:00-05:00,16.810592855878916,16.91006420122007,16.556942727654185,16.731016159057617,2996200.0
2020-11-11 00:00:00-05:00,16.8702749842666,17.25821304321289,16.734000625500723,17.25821304321289,1742100.0
2020-11-12 00:00:00-05:00,17.3775772386822,17.516837882511908,16.969746426072753,17.21842384338379,1927800.0
2020-11-13 00:00:00-05:00,17.87493605058184,18.103720767330106,17.556629189159885,17.89483070373535,16417800.0
2020-11-16 00:00:00-05:00,18.153454728188734,18.37229021176207,17.845095206503927,18.173349380493164,6663700.0
2020-11-17 00:00:00-05:00,18.07387669312203,18.53144227907681,18.014194637836262,18.312606811523438,3459800.0
2020-11-18 00:00:00-05:00,18.352394528807267,18.57122997746798,17.994298433491405,18.00424575805664,4945000.0
2020-11-19 00:00:00-05:00,18.09377054141718,18.556310718197068,17.914722486243257,18.441919326782227,2605800.0
2020-11-20 00:00:00-05:00,18.322551229349624,18.620963355681905,18.302656581658663,18.521493911743164,2086600.0
2020-11-23 00:00:00-05:00,18.700545313923914,18.894515337631816,18.611021271369058,18.869646072387695,2501500.0
2020-11-24 00:00:00-05:00,18.939274890272905,19.048691674599162,18.392183379608362,18.54138946533203,3199400.0
2020-11-25 00:00:00-05:00,18.441919980959405,18.809961532087087,18.19324253934296,18.730384826660156,1766600.0
2020-11-27 00:00:00-05:00,18.83980633177798,18.889541068652115,18.625943548153717,18.750282287597656,831200.0
2020-11-30 00:00:00-05:00,18.750275951075135,19.048688065990895,18.422021865764616,18.61101531982422,2224000.0
2020-12-01 00:00:00-05:00,18.680686446970046,19.313659824944633,18.471684710896906,19.2977352142334,6334900.0
2020-12-02 00:00:00-05:00,19.317640503054236,19.486831661485702,18.859830249811928,19.2977352142334,2584300.0
2020-12-03 00:00:00-05:00,19.307693224412464,19.656028282491025,19.004144129490765,19.148454666137695,3120000.0
2020-12-04 00:00:00-05:00,19.307688060595876,19.656023025512695,19.148449544909248,19.656023025512695,1927900.0
2020-12-07 00:00:00-05:00,19.69583339755884,19.69583339755884,19.10864066525392,19.2977352142334,2415700.0
2020-12-08 00:00:00-05:00,19.576404063678666,19.815261840820312,19.30768835254199,19.815261840820312,3607800.0
2020-12-09 00:00:00-05:00,19.944644770773607,20.04416742311138,18.655806680961184,18.829973220825195,4283800.0
2020-12-10 00:00:00-05:00,18.571209064029485,19.0588772454429,18.571209064029485,18.939449310302734,3212300.0
2020-12-11 00:00:00-05:00,18.90959378296784,19.317642760106878,18.85983245337451,18.88968849182129,3147000.0
2020-12-14 00:00:00-05:00,19.009115922179966,19.162382468309872,18.5314003850737,18.939449310302734,2983100.0
2020-12-15 00:00:00-05:00,19.128544158187363,19.168354736042122,18.839925061831693,18.909591674804688,2411100.0
2020-12-16 00:00:00-05:00,18.740401120358147,18.88471162233036,18.47168540598359,18.660781860351562,3401600.0
2020-12-17 00:00:00-05:00,18.77025943405402,19.377355592021114,18.625948929165336,19.188261032104492,4416100.0
2020-12-18 00:00:00-05:00,19.277835779913687,19.496788307058207,18.884714787252946,19.098691940307617,4474300.0
2020-12-21 00:00:00-05:00,18.859830251774802,19.108640667242685,18.79016174089462,18.919544219970703,2361700.0
2020-12-22 00:00:00-05:00,19.019073110842644,19.078787092680592,18.58614152226607,18.86978530883789,2289100.0
2020-12-23 00:00:00-05:00,18.959352998850303,19.01409159426418,18.795139110881504,18.909591674804688,1814900.0
2020-12-24 00:00:00-05:00,18.800113283330273,18.965323753985455,18.790160639502197,18.839923858642578,506000.0
2020-12-28 00:00:00-05:00,19.029019244069346,19.06882791891075,18.546326485561323,18.561254501342773,2069500.0
2020-12-29 00:00:00-05:00,18.630924543606532,18.694621092687058,18.322400138137635,18.411972045898438,1927700.0
2020-12-30 00:00:00-05:00,18.41197114168204,18.72049553199923,18.352257172198392,18.501543045043945,1942100.0
2020-12-31 00:00:00-05:00,18.56125621063337,18.720494721208336,18.38211241166834,18.581161499023438,1724300.0
2021-01-04 00:00:00-05:00,18.670732989511954,18.750352243055325,18.25273143384106,18.431875228881836,3548500.0
2021-01-05 00:00:00-05:00,18.372163120394415,18.5612595980646,17.998947437196307,18.06363868713379,3283300.0
2021-01-06 00:00:00-05:00,18.083541067100043,18.33235148249863,17.84468329611014,18.16316032409668,4894500.0
2021-01-07 00:00:00-05:00,18.451779180175276,18.56125445944648,18.01387236827265,18.183063507080078,3248200.0
2021-01-08 00:00:00-05:00,18.13330228718803,18.382112701163965,17.794919972318933,17.98401641845703,6194900.0
2021-01-11 00:00:00-05:00,17.884489878885667,18.277610744715624,17.859609219917118,17.993967056274414,3522900.0
2021-01-12 00:00:00-05:00,18.043731187584566,18.35225748137225,18.043731187584566,18.282590866088867,4936900.0
2021-01-13 00:00:00-05:00,18.30249108476897,18.611017325075355,18.0536807028737,18.601064682006836,5570400.0
2021-01-14 00:00:00-05:00,18.780211399208905,18.90959198279852,18.511495689131017,18.69063949584961,6251700.0
2021-01-15 00:00:00-05:00,18.541350177614913,19.4669251695809,18.541350177614913,19.417163848876953,4458400.0
2021-01-19 00:00:00-05:00,19.695832638234798,20.541786499505648,19.50673619827264,20.511930465698242,7240600.0
2021-01-20 00:00:00-05:00,21.049356186083262,21.38773842930916,20.521879435027675,20.691070556640625,10998700.0
2021-01-21 00:00:00-05:00,20.79059690535537,20.96974070129081,20.034213043779488,20.511930465698242,6646700.0
2021-01-22 00:00:00-05:00,20.4323154058124,20.581601300310968,19.755550659260877,19.9147891998291,3341100.0
2021-01-25 00:00:00-05:00,19.904834637600942,20.173550360794064,19.586357587123,20.103883743286133,3258100.0
2021-01-26 00:00:00-05:00,20.362641708964464,20.8602624963578,20.362641708964464,20.611452102661133,4830700.0
2021-01-27 00:00:00-05:00,20.223307162708174,20.223307162708174,19.486828673711532,19.59630584716797,7543900.0
2021-01-28 00:00:00-05:00,19.765503205233315,20.103885576795427,19.277834939928653,19.924741744995117,4299100.0
2021-01-29 00:00:00-05:00,19.91478808693147,20.37259839091303,19.546547796025102,20.02426528930664,4962000.0
2021-02-01 00:00:00-05:00,20.322840716663723,20.531840615216,19.81526709382813,20.044172286987305,4228300.0
2021-02-02 00:00:00-05:00,20.153645884435722,20.273075732324365,19.884930150391053,20.02426528930664,3230300.0
2021-02-03 00:00:00-05:00,20.054119716470478,20.253168814202706,19.46692696626057,19.99440574645996,2695600.0
2021-02-04 00:00:00-05:00,20.083980493272975,20.4820768468106,19.924741951857925,20.46217155456543,2044600.0
2021-02-05 00:00:00-05:00,20.601503266377502,21.079218810955926,20.511931364484944,20.80055046081543,2862100.0
2021-02-08 00:00:00-05:00,20.959786792392908,21.20859718322754,20.880167543256732,21.20859718322754,3150900.0
2021-02-09 00:00:00-05:00,21.178743357311305,21.298171294319495,20.770694425699798,20.80055046081543,1609500.0
2021-02-10 00:00:00-05:00,20.870214899830632,21.482288233491104,20.591548476990333,21.20859718322754,2409500.0
2021-02-11 00:00:00-05:00,21.367839130703924,22.323272172837008,20.8821622020569,21.059314727783203,2739700.0
2021-02-12 00:00:00-05:00,20.929933240279535,21.527076730417345,20.929933240279535,21.337982177734375,2935400.0
2021-02-16 00:00:00-05:00,21.49721824741061,21.596742783860307,21.014525479506805,21.198644638061523,3156700.0
2021-02-17 00:00:00-05:00,20.99960275833034,21.168793943473343,20.59155376444541,21.04936408996582,2536000.0
2021-02-18 00:00:00-05:00,20.840363542667507,21.128982673676013,20.581600450361883,20.929935455322266,2742200.0
2021-02-19 00:00:00-05:00,21.109075139310367,21.706220527465117,21.02945588077459,21.527076721191406,3680600.0
2021-02-22 00:00:00-05:00,21.397697258792157,21.685321679220316,21.158839470672813,21.228506088256836,2835200.0
2021-02-23 00:00:00-05:00,20.43231173237597,21.6216251989179,19.805308430625786,21.596744537353516,5856800.0
2021-02-24 00:00:00-05:00,19.90483246967728,21.268314329090188,19.377353725852643,20.701025009155273,9617200.0
2021-02-25 00:00:00-05:00,21.298173303531318,21.298173303531318,19.855073889195143,20.233264923095703,7092600.0
2021-02-26 00:00:00-05:00,20.39249937032447,20.969739400147976,20.11880832052647,20.830406188964844,4103400.0
2021-03-01 00:00:00-05:00,20.900070854603133,21.437502159177992,20.62140255983034,21.218547821044922,9549700.0
2021-03-02 00:00:00-05:00,21.198646243185642,21.4972198751422,20.706002692780146,20.850313186645508,4736400.0
2021-03-03 00:00:00-05:00,20.979694264600546,21.288218649856674,20.621406657030313,20.80055046081543,4456200.0
2021-03-04 00:00:00-05:00,20.671170926099073,21.059314588439907,19.118592480189886,19.944644927978516,8668900.0
2021-03-05 00:00:00-05:00,20.16359731241263,20.372597160756445,18.86978194788097,19.9545955657959,7871400.0
2021-03-08 00:00:00-05:00,20.00435891385618,20.39250257647544,19.402238129979395,19.566452026367188,4648400.0
2021-03-09 00:00:00-05:00,20.034215118915583,20.28302555053699,19.73066798688674,20.113834381103516,4125900.0
2021-03-10 00:00:00-05:00,20.312881177117372,20.68112140930604,20.088951434453502,20.53183364868164,3875500.0
2021-03-11 00:00:00-05:00,20.90007610474182,21.42755489933499,20.80055155315989,21.06926727294922,5271700.0
2021-03-12 00:00:00-05:00,20.900073306641918,21.308122205052637,20.800548768384328,20.96973991394043,2404500.0
2021-03-15 00:00:00-04:00,21.12897801965608,21.198644625648278,20.790595734888846,21.009550094604492,3331500.0
2021-03-16 00:00:00-04:00,20.969742658164574,21.158839115773006,20.133739464632775,20.32283592224121,3141800.0
2021-03-17 00:00:00-04:00,19.97449810224491,20.691073250985816,19.97449810224491,20.611452102661133,3053100.0
2021-03-18 00:00:00-04:00,20.49202893567547,20.69107805616794,20.113835986394395,20.143693923950195,3094600.0
2021-03-19 00:00:00-04:00,20.0541199082851,20.591551338338842,19.894881387885377,20.352693557739258,4649400.0
2021-03-22 00:00:00-04:00,20.26312255859375,20.472122414109396,19.86502434152455,20.26312255859375,3272600.0
2021-03-23 00:00:00-04:00,20.26312524262066,20.44226908437636,19.382335952837288,19.4470272064209,3831200.0
2021-03-24 00:00:00-04:00,19.456973733877565,19.735642082631344,19.0489248042966,19.108640670776367,2981800.0
2021-03-25 00:00:00-04:00,18.909589512235627,19.38730500222247,18.441826665574254,19.317638397216797,5115100.0
2021-03-26 00:00:00-04:00,19.40721331076875,19.735642998558536,19.183283546759142,19.397260665893555,6852400.0
2021-03-29 00:00:00-04:00,19.377355592021114,19.556499405224592,18.994187302285436,19.188261032104492,4390700.0
2021-03-30 00:00:00-04:00,19.19821433691853,19.805310515751053,18.82002140754122,19.685882568359375,7039600.0
2021-03-31 00:00:00-04:00,19.855075322335686,20.17852777901007,19.626168258119467,19.904836654663086,3594800.0
2021-04-01 00:00:00-04:00,20.0939287300542,20.91997919423158,19.924737579643278,20.91002655029297,4111700.0
2021-04-05 00:00:00-04:00,21.148882777550842,21.24840731145266,20.70102332412896,20.870214462280273,2572200.0
2021-04-06 00:00:00-04:00,20.850316715935747,21.507176159843517,20.66122024018257,21.437509536743164,3588800.0
2021-04-07 00:00:00-04:00,21.42755489933499,21.566888132585927,20.979695366352775,21.06926727294922,2482000.0
2021-04-08 00:00:00-04:00,21.905269113806156,22.004793659230884,21.06926596947494,21.38774299621582,2850800.0
2021-04-09 00:00:00-04:00,21.268313760922283,21.417599620802246,21.12897864653131,21.328027725219727,1855300.0
2021-04-12 00:00:00-04:00,21.228505279789157,21.596745542202992,21.211585973552687,21.497220993041992,1816400.0
2021-04-13 00:00:00-04:00,21.556937026533628,21.86546145001729,21.392723118232333,21.85550880432129,3224600.0
2021-04-14 00:00:00-04:00,21.895317570971635,22.203841968864367,21.865459636360242,22.034650802612305,4170700.0
2021-04-15 00:00:00-04:00,22.243653740832958,22.44270095409446,22.11427124885362,22.293415069580078,6105000.0
2021-04-16 00:00:00-04:00,22.45265097092179,22.61686675345365,22.173984525325125,22.363079071044922,3932100.0
2021-04-19 00:00:00-04:00,22.21379159108194,22.38298273431199,22.00479177205975,22.14412498474121,3582300.0
2021-04-20 00:00:00-04:00,22.144127814072572,22.233699718890204,21.228505374593485,21.67636489868164,4778500.0
2021-04-21 00:00:00-04:00,21.58679468432028,21.820675211194423,21.427556151790764,21.696269989013672,2333200.0
2021-04-22 00:00:00-04:00,21.92517339827331,21.955029431742215,21.576838454378485,21.86545753479004,2973900.0
2021-04-23 00:00:00-04:00,22.02470001505007,22.104319282455034,21.64650896944475,21.666414260864258,2426500.0
2021-04-26 00:00:00-04:00,21.68631888611853,22.363081689135257,21.68631888611853,22.293415069580078,4198600.0
2021-04-27 00:00:00-04:00,22.29341578836462,23.15429971170295,22.104319316137282,22.97018051147461,4706000.0
2021-04-28 00:00:00-04:00,23.049796856960842,23.049796856960842,22.303365606675136,22.880605697631836,6045100.0
2021-04-29 00:00:00-04:00,23.14932070141242,23.36827317814584,22.781080460530124,23.139368057250977,3677800.0
2021-04-30 00:00:00-04:00,22.920417298720153,23.069703175787293,22.517343722193253,22.59198760986328,2825100.0
2021-05-03 00:00:00-04:00,22.820893443553896,22.910465352179134,22.39791456431851,22.711416244506836,2853400.0
2021-05-04 00:00:00-04:00,22.422793643472634,22.61188817828834,22.18393589033226,22.492460250854492,3274200.0
2021-05-05 00:00:00-04:00,22.552178903599753,22.80596662414118,22.358107057464,22.781084060668945,2813000.0
2021-05-06 00:00:00-04:00,22.76117907020675,22.980131566176663,22.278486226469123,22.7512264251709,2999800.0
2021-05-07 00:00:00-04:00,22.771130205909465,23.029893286442558,22.621844324367714,22.9005126953125,2921400.0
2021-05-10 00:00:00-04:00,22.900512008905093,22.98013126989243,22.472557769245817,22.59198760986328,1815000.0
2021-05-11 00:00:00-04:00,22.213798117851503,22.532275210852884,22.094370157112593,22.25360870361328,1979800.0
2021-05-12 00:00:00-04:00,22.07446140191995,22.43274902448679,21.6266018737114,21.65645980834961,2717200.0
2021-05-13 00:00:00-04:00,21.795788561948164,22.3431725282122,21.755979888882564,22.104312896728516,1967400.0
2021-05-14 00:00:00-04:00,22.223745097703688,23.258797284314813,22.114267913046394,23.199081420898438,2018600.0
2021-05-17 00:00:00-04:00,23.109507496904843,23.179175998112697,22.840793728193347,23.019935607910156,2584900.0
2021-05-18 00:00:00-04:00,23.01993882707454,23.52253692985954,22.940319569975397,23.079654693603516,1826500.0
2021-05-19 00:00:00-04:00,22.900513838750218,23.358324151440094,22.522320895136517,23.348371505737305,2364500.0
2021-05-20 00:00:00-04:00,23.497661176163156,23.761399664467934,23.338422628702926,23.5374698638916,2184000.0
2021-05-21 00:00:00-04:00,23.77632768508195,23.900732918927332,23.51756457089077,23.5374698638916,2348000.0
2021-05-24 00:00:00-04:00,23.736512171388682,24.353560890782617,23.566326331200703,24.2142276763916,2521200.0
2021-05-25 00:00:00-04:00,24.20427754517692,24.463040611814822,23.930586460668355,24.154516220092773,3424300.0
2021-05-26 00:00:00-04:00,24.353563816130585,24.552612916261232,23.98532544864366,24.303802490234375,2441200.0
2021-05-27 00:00:00-04:00,24.29384974213003,24.5924214927839,24.12465857722006,24.502851486206055,2594700.0
2021-05-28 00:00:00-04:00,24.58247253254713,24.83625834921694,24.507828640323225,24.701900482177734,2414600.0
2021-06-01 00:00:00-04:00,24.86113799886663,24.940757261460778,24.5725188838152,24.801424026489258,2157000.0
2021-06-02 00:00:00-04:00,24.801422715923838,24.930803298950195,24.55261229618073,24.930803298950195,2919100.0
2021-06-03 00:00:00-04:00,24.82132890164793,25.16966388152489,24.512802603265893,25.03032875061035,2156900.0
2021-06-04 00:00:00-04:00,25.189563358304074,25.378659786267104,24.88103900614422,25.229373931884766,2479100.0
2021-06-07 00:00:00-04:00,25.38861515358052,25.577711601831513,25.209471349792505,25.5279483795166,3265100.0
2021-06-08 00:00:00-04:00,25.587662549375406,26.065379995993624,25.294068077634837,25.8862361907959,2676400.0
2021-06-09 00:00:00-04:00,25.975809388542935,26.393810988754815,25.70709366734824,26.135047912597656,4194700.0
2021-06-10 00:00:00-04:00,26.135045692771353,26.42366478125381,25.77675809494355,25.786710739135742,2396200.0
2021-06-11 00:00:00-04:00,25.88623797702523,26.09523783199564,25.766808132561444,26.085285186767578,1262800.0
2021-06-14 00:00:00-04:00,26.135047828261182,26.24452502504788,25.71704622939817,25.766807556152344,2155800.0
2021-06-15 00:00:00-04:00,25.796663383327935,25.85637735020831,25.56775826172585,25.786710739135742,1974200.0
2021-06-16 00:00:00-04:00,25.866329320680727,26.473427312682396,25.866329320680727,26.423664093017578,4274000.0
2021-06-17 00:00:00-04:00,26.334095110164753,26.6973600099642,25.97580938029191,26.32414436340332,3588600.0
2021-06-18 00:00:00-04:00,25.886236992549854,26.314191229716254,25.806617732026307,25.99571418762207,2464000.0
2021-06-21 00:00:00-04:00,26.045475980188886,26.523191551888203,25.93599878315544,26.51323890686035,1845900.0
2021-06-22 00:00:00-04:00,26.52319114760066,26.781954219561754,26.309214028445773,26.742145538330078,1575800.0
2021-06-23 00:00:00-04:00,26.77200426641485,27.00090942676224,26.67745697799478,26.85162353515625,1305400.0
2021-06-24 00:00:00-04:00,26.971052952942085,27.299482668494,26.821767063740865,27.080528259277344,1838000.0
2021-06-25 00:00:00-04:00,27.14024091710344,27.448765304658206,26.921286533835737,27.020811080932617,3838100.0
2021-06-28 00:00:00-04:00,26.99095766147398,27.03076634520716,26.612764725507127,26.951147079467773,1547200.0
2021-06-29 00:00:00-04:00,26.981002103712466,27.359193100585323,26.931238881576018,27.050668716430664,1581100.0
2021-06-30 00:00:00-04:00,27.180053811851838,27.438816915121574,27.080529249321454,27.170101165771484,2655600.0
2021-07-01 00:00:00-04:00,27.14024161016909,27.64582381661186,26.971050445265707,27.329336166381836,2929000.0
2021-07-02 00:00:00-04:00,27.408954785324966,27.438810818659352,26.743137527186466,26.821762084960938,1858700.0
2021-07-06 00:00:00-04:00,26.931236523244525,27.508476561569395,26.742141990503256,27.478620529174805,1759400.0
2021-07-07 00:00:00-04:00,27.508480511530497,27.677671679727197,26.702335250486424,26.901384353637695,2032300.0
2021-07-08 00:00:00-04:00,26.473430396411057,27.279575666156763,26.0355235037152,27.060623168945312,2056400.0
2021-07-09 00:00:00-04:00,27.18005099544885,27.299480837764587,26.87152659201986,27.25967025756836,1180800.0
2021-07-12 00:00:00-04:00,27.199955887471354,27.448766315237563,27.100431336710287,27.299480438232422,1312600.0
2021-07-13 00:00:00-04:00,27.26962049123313,27.503502883521975,27.09047669273723,27.12033462524414,1237600.0
2021-07-14 00:00:00-04:00,27.294505264578564,27.3990070949601,26.31419339465568,26.533145904541016,2081100.0
2021-07-15 00:00:00-04:00,26.41371203922179,26.786927625997187,26.19973495094208,26.363948822021484,2480600.0
2021-07-16 00:00:00-04:00,26.63266764126493,26.71726227307397,26.353999286893718,26.433618545532227,1848900.0
2021-07-19 00:00:00-04:00,26.06537574095401,26.503280639648438,25.916089893750343,26.503280639648438,2177200.0
2021-07-20 00:00:00-04:00,26.572953368717982,27.249716110288574,26.572953368717982,27.030763626098633,2200600.0
2021-07-21 00:00:00-04:00,27.020809797367537,27.598049865181483,27.020809797367537,27.528383255004883,2594000.0
2021-07-22 00:00:00-04:00,27.578142949484803,27.617953523392092,27.08052216527954,27.309429168701172,1822700.0
2021-07-23 00:00:00-04:00,27.19000016176845,27.67269294439008,27.19000016176845,27.608001708984375,970300.0
2021-07-26 00:00:00-04:00,27.657767246474815,27.80705311907989,27.329335669161647,27.379098892211914,1184900.0
2021-07-27 00:00:00-04:00,27.36914464823273,27.56819373225625,27.100428954282805,27.5383358001709,2186600.0
2021-07-28 00:00:00-04:00,27.18999956087604,27.652787045718778,26.304235165413566,27.478620529174805,2797600.0
2021-07-29 00:00:00-04:00,27.80705071200931,28.31462415354761,27.637859564829874,27.996145248413086,2570800.0
2021-07-30 00:00:00-04:00,28.05586585624594,28.2051517411784,27.881697408597216,27.906579971313477,2066600.0
2021-08-02 00:00:00-04:00,27.946384104121705,28.035956000150357,27.548287843034757,27.59804916381836,2362500.0
2021-08-03 00:00:00-04:00,27.7174839035684,28.125532880783922,27.468673459009032,27.866769790649414,2921600.0
2021-08-04 00:00:00-04:00,27.82695539348967,28.105623736571197,27.4388117606359,27.488574981689453,1626100.0
2021-08-05 00:00:00-04:00,27.38905507528499,27.488579635970495,27.01086212433469,27.219863891601562,2566600.0
2021-08-06 00:00:00-04:00,27.269624226010162,27.528387315024563,27.060624364656054,27.130290985107422,2168200.0
2021-08-09 00:00:00-04:00,27.080525150405062,27.428860117400742,26.8914305983192,27.38905143737793,2363500.0
2021-08-10 00:00:00-04:00,27.408957858227794,27.538338446485067,26.831715838743698,26.901384353637695,2207800.0
2021-08-11 00:00:00-04:00,26.84166858336268,27.010859752187404,26.224619778194583,26.89143180847168,3030900.0
2021-08-12 00:00:00-04:00,26.94119251089232,27.408957324710858,26.796882008830313,27.329336166381836,2756500.0
2021-08-13 00:00:00-04:00,27.29947943314931,27.339288113024352,26.881477853960693,27.020811080932617,1027400.0
2021-08-16 00:00:00-04:00,27.08052738755546,27.12033796913992,26.712288999264242,26.791908264160156,1590800.0
2021-08-17 00:00:00-04:00,26.62271668216977,26.87152711845173,26.503286837514317,26.831716537475586,1616300.0
2021-08-18 00:00:00-04:00,26.851618118295324,27.21985834835874,26.672474325198134,26.821762084960938,1424600.0
2021-08-19 00:00:00-04:00,26.65257263001722,26.95114437197738,26.453523536528557,26.463476181030273,1458600.0
2021-08-20 00:00:00-04:00,26.4236682575237,27.00588568058979,26.4236682575237,26.951147079467773,1584300.0
2021-08-23 00:00:00-04:00,27.160146713256836,27.28952729810732,27.00588356746294,27.160146713256836,1690000.0
2021-08-24 00:00:00-04:00,27.259668956189863,27.578145989463792,27.239765565314883,27.38905143737793,1252000.0
2021-08-25 00:00:00-04:00,27.339286716147377,27.63786034218266,27.25469208931467,27.5383358001709,1671000.0
2021-08-26 00:00:00-04:00,27.60800391505058,27.79710036535358,27.518432012184576,27.767242431640625,1085500.0
2021-08-27 00:00:00-04:00,27.866772545075857,28.379321504082498,27.747342684642454,28.155393600463867,856300.0
2021-08-30 00:00:00-04:00,28.2350083236714,28.62812735888071,28.18524509889793,28.41415023803711,1116000.0
2021-08-31 00:00:00-04:00,28.414152194071505,28.583343373402595,27.966294529917256,28.035961151123047,889900.0
2021-09-01 00:00:00-04:00,28.135487590801784,28.284773488836656,27.916533168628998,28.225059509277344,1011500.0
2021-09-02 00:00:00-04:00,28.374343060464984,28.66296218635757,28.306665830495024,28.453962326049805,961100.0
2021-09-03 00:00:00-04:00,28.384294022448486,28.58334122546835,27.981220446553426,28.055864334106445,730000.0
2021-09-07 00:00:00-04:00,28.04591321081404,28.155390412291922,27.846864098722076,27.906579971313477,1030500.0
2021-09-08 00:00:00-04:00,26.57295564159702,26.88148005440677,25.587664632784758,25.8663330078125,5216800.0
2021-09-09 00:00:00-04:00,25.55781227733886,25.796670105374247,24.71185628329274,24.950714111328125,5095000.0
2021-09-10 00:00:00-04:00,25.050230676940096,25.169660501934587,24.383418741546492,24.41327667236328,3810000.0
2021-09-13 00:00:00-04:00,23.885799705470987,24.373467888331618,23.53746474677831,23.855941772460938,4860100.0
2021-09-14 00:00:00-04:00,23.90570448025255,23.95546580259346,23.378225731384198,23.527511596679688,3141700.0
2021-09-15 00:00:00-04:00,23.457843977575234,23.627035123842195,23.293630102292035,23.437938690185547,3112300.0
2021-09-16 00:00:00-04:00,23.44789629872442,23.980350510367618,23.388182322184242,23.88580322265625,2947800.0
2021-09-17 00:00:00-04:00,23.90570356957127,24.08484736041053,23.53248797141371,23.617082595825195,4570500.0
2021-09-20 00:00:00-04:00,23.209039889051194,23.746471405029297,22.980134716663425,23.746471405029297,2993200.0
2021-09-21 00:00:00-04:00,23.885800623056472,23.920633930436598,23.45287101827998,23.5772762298584,2078600.0
2021-09-22 00:00:00-04:00,23.632017398655684,23.99030315616983,23.55737350427565,23.88580322265625,1708100.0
2021-09-23 00:00:00-04:00,23.975372115688817,24.38342105079955,23.89077558616579,23.995277404785156,3519200.0
2021-09-24 00:00:00-04:00,23.885799201090656,23.956460506634347,23.62703614861944,23.71660804748535,2126100.0
2021-09-27 00:00:00-04:00,23.617087853867755,24.059970158559846,23.57727916830319,24.03508949279785,3350000.0
2021-09-28 00:00:00-04:00,23.885800723954784,24.025133954063865,23.29363259771831,23.567323684692383,2479400.0
2021-09-29 00:00:00-04:00,23.64694263411408,24.353563318418196,23.587228664604417,24.16446876525879,3017900.0
2021-09-30 00:00:00-04:00,24.204275520581135,24.438157905113584,23.955465119426687,23.975370407104492,4069800.0
2021-10-01 00:00:00-04:00,23.975369748445935,24.50284846778049,23.582248869836388,24.423229217529297,3352600.0
2021-10-04 00:00:00-04:00,24.652138434436583,24.68199447183762,23.40808625544733,23.646944046020508,3431500.0
2021-10-05 00:00:00-04:00,23.636986187843256,23.751438735275894,22.990079577093635,23.019935607910156,3387300.0
2021-10-06 00:00:00-04:00,22.89055563951821,23.03984149229533,22.692503163419957,22.960222244262695,1911300.0
2021-10-07 00:00:00-04:00,22.980130850612213,23.338418467654602,22.915439609030027,23.00998878479004,1660900.0
2021-10-08 00:00:00-04:00,23.089607333581778,23.089607333581778,22.30336550889033,22.323270797729492,2343500.0
2021-10-11 00:00:00-04:00,22.213793305570853,22.35312652900623,21.964982893280368,22.164031982421875,2803400.0
2021-10-12 00:00:00-04:00,22.173986464098,22.382986316569312,21.467363847538657,21.60669708251953,3381300.0
2021-10-13 00:00:00-04:00,21.696267486146564,21.875411289144623,21.228504588086057,21.755983352661133,4905500.0
2021-10-14 00:00:00-04:00,21.93512851496048,22.880607014091087,21.895317934817072,22.7512264251709,3530900.0
2021-10-15 00:00:00-04:00,22.970176387936277,23.28865340086938,22.671604662879677,22.810937881469727,1928700.0
2021-10-18 00:00:00-04:00,22.711417890526377,23.338421296345366,22.701465244594143,23.109514236450195,2785600.0
2021-10-19 00:00:00-04:00,23.258800397447295,23.557372161401354,23.0697039345308,23.26875114440918,1703700.0
2021-10-20 00:00:00-04:00,23.487704628296136,23.487704628296136,23.08463105421027,23.358322143554688,1218000.0
2021-10-21 00:00:00-04:00,23.238896552888043,23.706659518392797,23.169229930182343,23.68675422668457,1465200.0
2021-10-22 00:00:00-04:00,23.816133994680246,24.174421611268578,23.686751511679844,23.955467224121094,2415300.0
2021-10-25 00:00:00-04:00,23.915657142223427,24.234134161297554,23.711632683237013,24.094799041748047,1751600.0
2021-10-26 00:00:00-04:00,24.3038004614612,24.36849169834446,23.915656836707136,23.93556022644043,1876300.0
2021-10-27 00:00:00-04:00,24.24408583757787,25.070136284676863,23.865892968820628,24.5725154876709,4845700.0
2021-10-28 00:00:00-04:00,24.930804374827897,26.100214537049588,24.423232767128045,25.577713012695312,3870600.0
2021-10-29 00:00:00-04:00,25.36870767573109,25.662304018101366,25.199516531004615,25.557804107666016,2092100.0
2021-11-01 00:00:00-04:00,25.697139338069675,26.02059363663453,25.199518508445482,25.926044464111328,5267900.0
2021-11-02 00:00:00-04:00,24.791470966822047,25.26918653439866,24.56455521800034,25.03032875061035,13370900.0
2021-11-03 00:00:00-04:00,25.050231267873073,25.831495775752003,24.72180161423144,25.687185287475586,7516400.0
2021-11-04 00:00:00-04:00,25.82652047733007,27.11535843514295,25.731971309710598,26.821762084960938,4065100.0
2021-11-05 00:00:00-04:00,26.95114347797951,27.538336196193146,26.8018576119514,27.498525619506836,5864200.0
2021-11-08 00:00:00-05:00,27.637861656431088,27.836908851647042,27.32933537169617,27.40895652770996,3972700.0
2021-11-09 00:00:00-05:00,27.389049286894142,27.418905319998856,26.667498747257813,26.841665267944336,1638100.0
2021-11-10 00:00:00-05:00,26.80186164276829,27.209910623806863,26.334096787719393,26.533145904541016,1580700.0
2021-11-11 00:00:00-05:00,26.662526082814505,26.98100312343298,26.45352433848807,26.572954177856445,1647400.0
2021-11-12 00:00:00-05:00,26.582902908325195,26.712285382684577,26.244522502035693,26.582902908325195,2112900.0
2021-11-15 00:00:00-05:00,26.921288857763635,27.155171278889817,26.652575025160562,26.791908264160156,2419700.0
2021-11-16 00:00:00-05:00,26.682429967869233,26.98100362267841,26.617740622859237,26.71228790283203,2365600.0
2021-11-17 00:00:00-05:00,26.702332242929597,26.791904139431647,26.488355145538335,26.632665634155273,908400.0
2021-11-18 00:00:00-05:00,26.672476020747816,26.712286598754684,26.154951794568397,26.463476181030273,5429400.0
2021-11-19 00:00:00-05:00,26.423669253818804,27.10043398725727,26.284336008089628,26.85162353515625,2201100.0
2021-11-22 00:00:00-05:00,27.080524953954026,27.199954789701792,26.17485518529899,26.463476181030273,2552400.0
2021-11-23 00:00:00-05:00,26.234571266038692,26.393809782817783,25.02037520275706,25.498092651367188,5577000.0
2021-11-24 00:00:00-05:00,26.105188270530235,26.15495149246403,25.358757025978697,26.115140914916992,1777600.0
2021-11-26 00:00:00-05:00,25.707090880847076,25.975806572914532,25.368708579341256,25.657329559326172,1458200.0
2021-11-29 00:00:00-05:00,26.055429472948216,26.13504873748857,25.44833139440739,25.8663330078125,1388400.0
2021-11-30 00:00:00-05:00,25.71698599771649,25.8762857982464,25.09969784641052,25.527816772460938,2968000.0
2021-12-01 00:00:00-05:00,25.8065938185904,26.080390247401706,24.532193443955045,24.59193229675293,3421100.0
2021-12-02 00:00:00-05:00,24.791054720259247,25.527816772460938,24.661624344454975,25.527816772460938,3097100.0
2021-12-03 00:00:00-05:00,25.657250574960788,25.916113240986032,25.119612291907547,25.398387908935547,1476100.0
2021-12-06 00:00:00-05:00,25.378475037765686,25.766768088523236,24.552106558587095,25.71698760986328,2578600.0
2021-12-07 00:00:00-05:00,26.17497510881405,26.777327615752412,26.0355863550489,26.44379234313965,3742700.0
2021-12-08 00:00:00-05:00,26.60308982838997,26.921691309924373,26.354183667162133,26.642915725708008,1648400.0
2021-12-09 00:00:00-05:00,26.463708175285888,26.642920950353876,25.786682980141787,25.87628936767578,2272600.0
2021-12-10 00:00:00-05:00,25.936021112759477,26.125190326083032,25.33167850585776,25.667203903198242,1405400.0
2021-12-13 00:00:00-05:00,25.587557854525937,25.84641862872109,25.288869278218055,25.338651657104492,1558200.0
2021-12-14 00:00:00-05:00,24.691491697594962,24.791054546981112,23.715779951418185,24.233505249023438,3494300.0
2021-12-15 00:00:00-05:00,24.288264661810565,24.99913948718335,24.173768050843023,24.91053009033203,1504700.0
2021-12-16 00:00:00-05:00,25.179349362193957,25.39838611070568,23.74564927456284,23.914905548095703,1907200.0
2021-12-17 00:00:00-05:00,23.715782555634103,24.248441674487072,23.04871386020091,23.84521484375,3752600.0
2021-12-20 00:00:00-05:00,23.4170958405065,23.725738997955183,23.227926596068585,23.685914993286133,2400100.0
2021-12-21 00:00:00-05:00,23.894994428160885,24.173770046797372,23.646088236200878,24.084163665771484,1101100.0
2021-12-22 00:00:00-05:00,24.05429478208847,24.16381411670426,23.59630829006532,23.87508201599121,1619100.0
2021-12-23 00:00:00-05:00,24.034379252375082,24.835857426445333,23.875079454932926,24.751230239868164,1208700.0
2021-12-27 00:00:00-05:00,24.79105855299721,24.950358378155133,24.44258947333786,24.870708465576172,1398500.0
2021-12-28 00:00:00-05:00,24.830882010933898,24.87070601379563,24.313156680706705,24.59193229675293,1282300.0
2021-12-29 00:00:00-05:00,24.591934490680575,25.01009700255381,24.4724586734295,24.890621185302734,1106300.0
2021-12-30 00:00:00-05:00,24.890617193164573,25.244063501546695,24.890617193164573,25.0698299407959,2279300.0
2021-12-31 00:00:00-05:00,24.98022409161353,25.12956741810834,24.810967815185165,24.860748291015625,1349500.0
2022-01-03 00:00:00-05:00,25.059879094662886,25.059879094662886,23.919888115405165,24.273334503173828,4275100.0
2022-01-04 00:00:00-05:00,24.153852551412957,24.26137980861331,23.44695811175867,23.815340042114258,2508200.0
2022-01-05 00:00:00-05:00,23.725734676649907,23.795428096379787,22.630547212171493,22.740066528320312,3887900.0
2022-01-06 00:00:00-05:00,22.6952663455016,23.39718172117676,22.311950587295517,23.297618865966797,2417000.0
2022-01-07 00:00:00-05:00,23.377269154701874,23.66600124965774,22.431426762164495,22.451337814331055,4071600.0
2022-01-10 00:00:00-05:00,22.401555412769998,23.446960572431248,22.24225561508835,23.4370059967041,2855500.0
2022-01-11 00:00:00-05:00,23.402158104114942,23.875080223815495,23.247837488562453,23.865123748779297,2299700.0
2022-01-12 00:00:00-05:00,24.064252086573653,24.183727901087412,23.297620515869774,23.805389404296875,2179300.0
2022-01-13 00:00:00-05:00,23.964688958019526,24.089142059711776,23.61621989348049,23.66600227355957,2507700.0
2022-01-14 00:00:00-05:00,23.516658833305858,23.666002174913334,22.76994022626487,23.18810272216797,1810500.0
2022-01-18 00:00:00-05:00,22.78985019452136,23.058669336022472,22.361731243020373,22.630550384521484,2087100.0
2022-01-19 00:00:00-05:00,22.750024398423353,23.028798094449126,22.222342632512113,22.292036056518555,3156400.0
2022-01-20 00:00:00-05:00,22.287059721886326,22.9591056524102,21.86391807388686,21.883831024169922,1784000.0
2022-01-21 00:00:00-05:00,21.873874358746768,21.993350160402347,21.226718672204616,21.246631622314453,2037800.0
2022-01-24 00:00:00-05:00,20.928029211825756,21.90374084840294,20.448137812912343,21.8240909576416,2565900.0
2022-01-25 00:00:00-05:00,21.515450342702604,21.64488071794873,20.614409306900594,21.117198944091797,1641500.0
2022-01-26 00:00:00-05:00,21.346193131781156,21.515449399066394,20.39238453012713,20.539735794067383,2274300.0
2022-01-27 00:00:00-05:00,20.77869118653123,21.007684443310982,19.48437775885588,19.573984146118164,3074100.0
2022-01-28 00:00:00-05:00,19.554070443103413,19.972232934609863,19.02639051503823,19.962276458740234,2054600.0
2022-01-31 00:00:00-05:00,19.972232997235942,20.83842741057383,19.96227652133509,20.768733978271484,2576800.0
2022-02-01 00:00:00-05:00,20.957898405719074,21.186893521551813,20.39039265140129,21.017637252807617,2720900.0
2022-02-02 00:00:00-05:00,21.147070784775043,21.485583372867783,21.01764039474129,21.236677169799805,2412600.0
2022-02-03 00:00:00-05:00,20.808555258824843,21.316324069274575,20.763752072638002,20.838424682617188,4568800.0
2022-02-04 00:00:00-05:00,20.838427624691764,21.376064035836713,20.614411662129857,21.236677169799805,2645400.0
2022-02-07 00:00:00-05:00,21.276499719956643,21.99334878815281,21.226717347788163,21.525405883789062,3592600.0
2022-02-08 00:00:00-05:00,21.585145669720344,22.501120549029626,21.585145669720344,22.421470642089844,3952700.0
2022-02-09 00:00:00-05:00,22.7699380911459,22.998931320071755,22.361730210490823,22.720155715942383,1580100.0
2022-02-10 00:00:00-05:00,22.331861725471487,22.979017383301674,22.197452166698522,22.311948776245117,1350100.0
2022-02-11 00:00:00-05:00,22.31195222607616,22.441384517056782,20.86829546700594,21.047508239746094,1771800.0
2022-02-14 00:00:00-05:00,20.918079711917912,21.246635858220127,20.509873648300122,20.728910446166992,1553600.0
2022-02-15 00:00:00-05:00,21.15702324378766,21.60505508384564,20.997723455989988,21.585142135620117,1348500.0
2022-02-16 00:00:00-05:00,21.495540090551607,22.112826417658496,21.32628379460224,21.863920211791992,1166700.0
2022-02-17 00:00:00-05:00,21.575187624375587,21.639903762494658,20.579562910558536,20.599475860595703,1210500.0
2022-02-18 00:00:00-05:00,20.69904130175021,21.097290857307406,20.340615752246897,20.38043975830078,1685300.0
2022-02-22 00:00:00-05:00,20.131534614101906,20.2609669133851,19.429619141846974,19.484378814697266,2898600.0
2022-02-23 00:00:00-05:00,12.066972550195182,12.59465343218878,10.702966678172897,12.325835227966309,44348900.0
2022-02-24 00:00:00-05:00,11.429772224157027,12.505047879433118,11.260516882055297,12.33579158782959,17918800.0
2022-02-25 00:00:00-05:00,12.335790746744243,13.331415476762292,12.271074607572098,13.14224624633789,17192100.0
2022-02-28 00:00:00-05:00,12.883382828901544,13.331414690589982,12.763907982285186,12.963033676147461,7558800.0
2022-03-01 00:00:00-05:00,12.82364609185859,12.933164465687906,12.505046495626626,12.53491497039795,7668200.0
2022-03-02 00:00:00-05:00,12.564784617924715,12.68425947766309,11.823044270277023,11.947497367858887,7589400.0
2022-03-03 00:00:00-05:00,11.967409447035449,12.00623837008227,11.360077767417787,11.449684143066406,6230000.0
2022-03-04 00:00:00-05:00,11.379992078963273,11.47955399198416,10.34454229663472,10.523754119873047,8436600.0
2022-03-07 00:00:00-05:00,10.633272848107898,10.663141325349276,9.98611617786622,10.00602912902832,10042700.0
2022-03-08 00:00:00-05:00,10.055811770902796,10.264893035826576,9.5480428490162,10.145417213439941,6391600.0
2022-03-09 00:00:00-05:00,10.483927966654399,11.051434698975916,10.42916925307641,10.872221946716309,7174900.0
2022-03-10 00:00:00-05:00,10.553623475497798,11.439728957927048,10.424192134912238,11.340167045593262,6141800.0
2022-03-11 00:00:00-05:00,11.489508964737581,11.922606125688363,11.429771065140276,11.788196563720703,6518900.0
2022-03-14 00:00:00-04:00,11.758326707376712,11.947494959792731,10.926980145111072,11.08130168914795,5718300.0
2022-03-15 00:00:00-04:00,11.11117271265339,11.867847795110526,10.907069702839555,11.837979316711426,5581900.0
2022-03-16 00:00:00-04:00,11.967410392366286,12.495091263477573,11.957453916618464,12.266097068786621,5783100.0
2022-03-17 00:00:00-04:00,12.156576897671997,13.331414277223947,12.101817238607632,13.162158012390137,5278000.0
2022-03-18 00:00:00-04:00,12.98294603287452,13.56040828215178,12.98294603287452,13.341370582580566,4513500.0
2022-03-21 00:00:00-04:00,13.62512680193415,13.719710481208006,12.798757283975384,12.982948303222656,6229400.0
2022-03-22 00:00:00-04:00,13.022771688173888,13.550452541196504,12.953078259331775,13.361284255981445,7609900.0
2022-03-23 00:00:00-04:00,13.082511298709578,13.500673825346542,12.923210519917784,13.052641868591309,5698400.0
2022-03-24 00:00:00-04:00,13.082508433687646,13.152201856363908,12.510023491984061,12.724082946777344,4380100.0
2022-03-25 00:00:00-04:00,12.664347088032224,12.86347184816602,12.086884808893338,12.793778419494629,4676100.0
2022-03-28 00:00:00-04:00,12.80373446744486,13.09246561878726,12.455266360377435,12.992903709411621,4792600.0
2022-03-29 00:00:00-04:00,13.341370661236187,13.7894025378873,13.241808760481712,13.580321311950684,5330700.0
2022-03-30 00:00:00-04:00,13.291591250459453,13.699797260109959,13.281634774735833,13.650015830993652,4587900.0
2022-03-31 00:00:00-04:00,13.73962263296328,14.187653609684535,13.630103295663503,13.93874740600586,5565200.0
2022-04-01 00:00:00-04:00,14.665552943525565,15.128518630453877,14.2971718790723,14.516209602355957,6237100.0
2022-04-04 00:00:00-04:00,14.277259975062076,14.46642827181384,13.869053953517364,14.426603317260742,3067100.0
2022-04-05 00:00:00-04:00,14.516208562635038,14.546077038829274,13.694818346030514,13.789402961730957,4378600.0
2022-04-06 00:00:00-04:00,13.460846229447611,13.68486121441224,13.21592226769799,13.60023307800293,2471000.0
2022-04-07 00:00:00-04:00,13.580321378183504,13.84913955598352,13.182070924718166,13.411065101623535,3169500.0
2022-04-08 00:00:00-04:00,13.35132828400664,13.679884388796376,13.231853423128717,13.480759620666504,3341000.0
2022-04-11 00:00:00-04:00,13.241809028974796,13.540496636297874,12.863471519632462,12.90329647064209,3885500.0
2022-04-12 00:00:00-04:00,13.03272698358981,13.192026777663976,12.206358589703823,12.315876960754395,4140800.0
2022-04-13 00:00:00-04:00,12.266095453057416,13.06259536743164,12.266095453057416,13.06259536743164,2575000.0
2022-04-14 00:00:00-04:00,12.977969210868896,13.107400549754459,12.286010273655505,12.325835227966309,3012600.0
2022-04-18 00:00:00-04:00,12.176488935561737,12.33578967612036,11.793174169394016,12.007233619689941,3221700.0
2022-04-19 00:00:00-04:00,12.027146296925217,13.162158796451898,11.8877584971407,13.01281452178955,4146700.0
2022-04-20 00:00:00-04:00,13.14224688864027,13.211941268808895,12.818669025470498,12.843559265136719,4125400.0
2022-04-21 00:00:00-04:00,12.992903185350082,13.062596614052163,12.2461846223932,12.385571479797363,3047800.0
2022-04-22 00:00:00-04:00,12.256140996261728,12.320856186734513,11.519377965292236,11.579115867614746,3708400.0
2022-04-25 00:00:00-04:00,11.449683401488887,12.037102093137712,11.240602188351197,12.007233619689941,5055500.0
2022-04-26 00:00:00-04:00,11.907673042063271,11.98732295275251,11.459642057060842,11.489510536193848,4863400.0
2022-04-27 00:00:00-04:00,12.69919356925938,13.162159221510777,12.335790769998166,12.813690185546875,6304400.0
2022-04-28 00:00:00-04:00,12.923207927305343,13.032727250097153,12.047059041980988,12.704171180725098,4641000.0
2022-04-29 00:00:00-04:00,12.604608131863989,13.07255199119828,12.415439862921264,12.475176811218262,3632000.0
2022-05-02 00:00:00-04:00,12.425395415517512,12.853514327102413,12.106795825222706,12.554826736450195,3397600.0
2022-05-03 00:00:00-04:00,12.425396631785107,12.868450298596786,12.360681439734917,12.694215774536133,1929800.0
2022-05-04 00:00:00-04:00,12.67430226874103,13.2617210072643,12.201381094990506,13.231852531433105,2342300.0
2022-05-05 00:00:00-04:00,13.072552236319103,13.072552236319103,12.156577449575375,12.455265045166016,3199200.0
2022-05-06 00:00:00-04:00,12.325834345036974,12.355702821255074,11.743393836524463,12.156578063964844,2076300.0
2022-05-09 00:00:00-04:00,11.79815432351753,11.857891280119135,11.091260673719825,11.111172676086426,2664500.0
2022-05-10 00:00:00-04:00,11.340166472832333,11.509422759703098,9.99607265344727,10.00602912902832,6103500.0
2022-05-11 00:00:00-04:00,9.846730737437047,10.374411675790535,9.567955077984493,10.125505447387695,5569900.0
2022-05-12 00:00:00-04:00,9.836771239311558,10.63327111547677,9.836771239311558,10.394320487976074,4539800.0
2022-05-13 00:00:00-04:00,10.693007719096002,11.414835916546346,10.593445831190099,11.250557899475098,3724800.0
2022-05-16 00:00:00-04:00,11.170910128611823,11.260516509377704,10.673097746136273,10.742791175842285,2216900.0
2022-05-17 00:00:00-04:00,11.11117167896393,11.41981575871369,10.986718589460297,11.360077857971191,2745800.0
2022-05-18 00:00:00-04:00,11.16095307563361,11.529334105665912,10.802528520616113,10.872221946716309,2734300.0
2022-05-19 00:00:00-04:00,10.79257323829192,11.539291855891435,10.79257323829192,10.931960105895996,4873700.0
2022-05-20 00:00:00-04:00,11.07134569645598,11.131083591630922,10.553621386113555,10.792571067810059,5960200.0
2022-05-23 00:00:00-04:00,10.812484605548295,10.951872414462086,10.503841460134446,10.742791175842285,3019000.0
2022-05-24 00:00:00-04:00,10.64322892256314,10.64322892256314,9.801926632154812,10.205154418945312,4667700.0
2022-05-25 00:00:00-04:00,10.205155489895242,10.369433564679333,9.627693108866202,10.195199012756348,7147600.0
2022-05-26 00:00:00-04:00,10.294758534660684,11.210733244288239,10.22506511637433,10.812482833862305,5967000.0
2022-05-27 00:00:00-04:00,11.021564964206558,11.454662120162595,10.941915065329859,11.389945983886719,5822300.0
2022-05-31 00:00:00-04:00,11.439727875140711,11.439727875140711,10.89213408587904,10.941915512084961,5310600.0
2022-06-01 00:00:00-04:00,10.872222011649654,11.111171716421758,9.95624719385487,10.294759750366211,9220400.0
2022-06-02 00:00:00-04:00,10.354495479048527,11.001652039927567,10.269867349914406,10.812482833862305,8995800.0
2022-06-03 00:00:00-04:00,10.643228339211335,10.892134530908999,10.155372431364338,10.822441101074219,14598500.0
2022-06-06 00:00:00-04:00,11.141040884623271,11.320253649092326,10.80252925657319,10.971785545349121,6891400.0
2022-06-07 00:00:00-04:00,10.822440549295573,11.399902808632286,10.75274712301409,11.360077857971191,5971600.0
2022-06-08 00:00:00-04:00,11.160953694023444,11.280428552315632,10.683053311352923,10.902091026306152,5353100.0
2022-06-09 00:00:00-04:00,10.812484278930636,10.812484278930636,10.434146765737621,10.444103240966797,4997600.0
2022-06-10 00:00:00-04:00,10.165329432736206,10.284804296990966,9.976161135041622,10.045854568481445,5388900.0
2022-06-13 00:00:00-04:00,9.667516389288966,9.846729148663576,9.358872298088444,9.368828773498535,6325300.0
2022-06-14 00:00:00-04:00,9.418610789170815,9.567954131640557,9.12987963076132,9.319047927856445,6433100.0
2022-06-15 00:00:00-04:00,9.408654262189115,10.020963292301806,9.319047877391784,9.647603988647461,5400000.0
2022-06-16 00:00:00-04:00,9.289177414751833,9.408652252460667,8.875993244945674,9.000446319580078,5474900.0
2022-06-17 00:00:00-04:00,9.030316029296364,9.28420045028728,8.960622601789666,9.139835357666016,4339700.0
2022-06-21 00:00:00-04:00,9.30909248699871,9.30909248699871,8.990491897561709,9.149791717529297,4084500.0
2022-06-22 00:00:00-04:00,8.880973508709449,9.264289293945097,8.880973508709449,9.149791717529297,4048000.0
2022-06-23 00:00:00-04:00,9.169704832248634,9.388742563335976,8.980536530060819,9.378786087036133,2701600.0
2022-06-24 00:00:00-04:00,9.508217450902862,10.22506760450388,9.488304498260296,10.18524169921875,9564700.0
2022-06-27 00:00:00-04:00,10.27484890880587,10.354498826742201,9.846730837273572,9.956249237060547,3144800.0
2022-06-28 00:00:00-04:00,10.006028758959294,10.259913179875626,9.513194629945854,9.548041343688965,2000700.0
2022-06-29 00:00:00-04:00,9.47834784263441,9.51319455610705,8.880972627526559,8.900884628295898,4448900.0
2022-06-30 00:00:00-04:00,8.69180418951464,8.751542096266405,8.114341872088783,8.184036254882812,8105700.0
2022-07-01 00:00:00-04:00,8.124298478136323,8.502636028280161,8.054605043728875,8.253729820251465,5359500.0
2022-07-05 00:00:00-04:00,8.084472791397417,8.57232868711496,7.72604822608485,8.562373161315918,4408700.0
2022-07-06 00:00:00-04:00,8.512589385764132,8.761495502602255,8.39311456362201,8.602195739746094,8316100.0
2022-07-07 00:00:00-04:00,8.711718348464895,9.199574348098462,8.61215547325309,9.129880905151367,3638900.0
2022-07-08 00:00:00-04:00,9.080097289689311,9.239397092218676,8.900884537092915,8.990490913391113,1969900.0
2022-07-11 00:00:00-04:00,8.841148821206165,8.960623689796565,8.57232965475138,8.642024040222168,3211800.0
2022-07-12 00:00:00-04:00,8.56237412782857,8.965601928008896,8.512592695207106,8.642024040222168,3344200.0
2022-07-13 00:00:00-04:00,8.413029421856454,8.602198666741229,8.223861126473485,8.353292465209961,2941100.0
2022-07-14 00:00:00-04:00,8.13425243944329,8.472764929623546,8.084471023328275,8.393115043640137,2942800.0
2022-07-15 00:00:00-04:00,8.59224149510817,8.990491005512249,8.35329178886572,8.900884628295898,3447500.0
2022-07-18 00:00:00-04:00,9.090053690039891,9.124900402869176,8.711716187390168,8.751541137695312,2239100.0
2022-07-19 00:00:00-04:00,8.980536432747545,9.488304375013426,8.890930046023616,9.468392372131348,2674100.0
2022-07-20 00:00:00-04:00,9.567955077984493,10.19519888749988,9.567955077984493,10.125505447387695,3432300.0
2022-07-21 00:00:00-04:00,10.075722635551612,10.41423521186194,10.045854158083577,10.324628829956055,2135500.0
2022-07-22 00:00:00-04:00,10.394320439796342,10.742789430722654,10.299736786131964,10.563576698303223,3593600.0
2022-07-25 00:00:00-04:00,10.51379604610483,10.648204643595715,10.23502047837933,10.414233207702637,2204700.0
2022-07-26 00:00:00-04:00,10.324629283568356,10.374410714536747,10.13546098529066,10.205154418945312,1502300.0
2022-07-27 00:00:00-04:00,10.394321699616004,10.47397255106868,10.235021895714107,10.454059600830078,2043700.0
2022-07-28 00:00:00-04:00,10.722879804489883,10.979750431647007,10.483929125236653,10.931960105895996,2028700.0
2022-07-29 00:00:00-04:00,10.892132951650831,11.379989738264891,10.832396006025684,11.370033264160156,2963100.0
2022-08-01 00:00:00-04:00,11.180863713944953,11.52435446409289,11.03152040492495,11.399901390075684,2515200.0
2022-08-02 00:00:00-04:00,11.240602655805413,11.947496220144,11.240602655805413,11.71850299835205,4071700.0
2022-08-03 00:00:00-04:00,11.589072901086453,12.390550211628756,10.68305354431836,11.937541007995605,9989300.0
2022-08-04 00:00:00-04:00,12.146620073788812,13.371238840016346,11.947495341333576,13.11237621307373,6395900.0
2022-08-05 00:00:00-04:00,12.72408237154335,12.943120053697143,12.430373032826246,12.773863792419434,4955400.0
2022-08-08 00:00:00-04:00,12.9630323414969,13.40110673398686,12.853513031248227,12.913250923156738,3033500.0
2022-08-09 00:00:00-04:00,12.674302042834547,12.674302042834547,11.857890088320955,12.106796264648438,5297800.0
2022-08-10 00:00:00-04:00,12.614565338446852,12.91325294576993,12.136664976829582,12.90329647064209,4786900.0
2022-08-11 00:00:00-04:00,13.082507842249852,13.341369521702557,12.684257424742809,12.773863792419434,3215200.0
2022-08-12 00:00:00-04:00,13.002858562681105,13.480757946855384,12.823645818864913,13.460845947265625,3879600.0
2022-08-15 00:00:00-04:00,13.361284234872306,13.620146898022261,13.04268461838113,13.281634330749512,3469700.0
2022-08-16 00:00:00-04:00,13.09246639811131,13.590278823126976,13.012816486068951,13.331417083740234,4084900.0
2022-08-17 00:00:00-04:00,12.933166996623873,13.192029693970923,12.669327010425658,13.052641868591309,3508300.0
2022-08-18 00:00:00-04:00,13.05263959144263,13.192027392504807,12.853514839569314,13.002859115600586,2982500.0
2022-08-19 00:00:00-04:00,12.783823286094771,12.913254631144236,12.246185902544143,12.276054382324219,2441800.0
2022-08-22 00:00:00-04:00,11.90767088912686,12.211336712164698,11.78321780748862,11.99727725982666,4354400.0
2022-08-23 00:00:00-04:00,11.99727725982666,12.136664103580426,11.887757940303946,11.99727725982666,2899900.0
2022-08-24 00:00:00-04:00,12.066971685808804,12.266096443099034,11.927583880954774,12.156578063964844,1583300.0
2022-08-25 00:00:00-04:00,12.335790196830096,12.59465189347374,12.18644592428393,12.455265045166016,2570600.0
2022-08-26 00:00:00-04:00,12.42539789553532,12.42539789553532,11.738417154470437,11.778242111206055,2808500.0
2022-08-29 00:00:00-04:00,11.499465915544144,12.047059711427531,11.470592517085251,11.828022003173828,2213400.0
2022-08-30 00:00:00-04:00,11.977364930042894,12.116752730502451,11.529334002889494,11.698590278625488,1515300.0
2022-08-31 00:00:00-04:00,11.758327862402494,11.818064811348552,11.255537286181683,11.479552268981934,3630000.0
2022-09-01 00:00:00-04:00,11.300340930348833,11.479552733947456,10.951871899209655,11.439727783203125,4762200.0
2022-09-02 00:00:00-04:00,11.668721376696226,11.668721376696226,11.10121467018386,11.1609525680542,2851000.0
2022-09-06 00:00:00-04:00,11.22069273969993,11.240604743357252,10.96680828393145,11.131086349487305,1548100.0
2022-09-07 00:00:00-04:00,11.091260899732346,11.788198087797706,11.051435944685807,11.658766746520996,1378400.0
2022-09-08 00:00:00-04:00,11.469598090960382,12.206360211174365,11.469598090960382,12.176490783691406,2343000.0
2022-09-09 00:00:00-04:00,12.32583332393308,13.391151399308411,12.32583332393308,13.311501502990723,4838400.0
2022-09-12 00:00:00-04:00,13.192027858083039,13.46084699472557,13.077531240402738,13.371240615844727,4121400.0
2022-09-13 00:00:00-04:00,12.783820584646978,13.122333115626983,12.584695845688637,12.664345741271973,3496900.0
2022-09-14 00:00:00-04:00,12.614565137321337,13.042684065975248,12.16653420823095,13.002859115600586,4740900.0
2022-09-15 00:00:00-04:00,12.863470829216324,13.29656702951291,12.833602354937653,12.963033676147461,2073900.0
2022-09-16 00:00:00-04:00,12.60461050841061,12.634478988190686,12.061994886646328,12.276054382324219,3532400.0
2022-09-19 00:00:00-04:00,12.047059075976206,12.500068231979697,12.0072341265309,12.455265045166016,2385200.0
2022-09-20 00:00:00-04:00,12.26609463350113,12.380592182865389,12.027144960004728,12.14661979675293,2641800.0
2022-09-21 00:00:00-04:00,12.24618405603596,12.365658906643418,11.648808853496952,11.698590278625488,2627800.0
2022-09-22 00:00:00-04:00,11.628897621992465,11.708547527663502,10.931959523118245,10.981740951538086,5368400.0
2022-09-23 00:00:00-04:00,10.483927777829502,10.693009001866065,9.717297256029903,9.906465530395508,4132200.0
2022-09-26 00:00:00-04:00,9.777035111376465,10.20515407392817,9.597823295251626,9.747166633605957,5170900.0
2022-09-27 00:00:00-04:00,9.936336252738682,10.155374001151314,9.553021379893972,9.637649536132812,3914100.0
2022-09-28 00:00:00-04:00,9.667516063213148,10.414234602752263,9.627691112417796,10.294759750366211,2642400.0
2022-09-29 00:00:00-04:00,9.946291621471298,10.045854482246513,9.438522740620956,9.647603988647461,2322900.0
2022-09-30 00:00:00-04:00,9.617736111809496,10.050833348919765,9.558994229168185,9.677474021911621,2685600.0
2022-10-03 00:00:00-04:00,9.886553691800348,11.594050224420627,9.84672874130928,11.200778007507324,7401600.0
2022-10-04 00:00:00-04:00,11.60898245699936,12.266094528225498,11.51937609283187,11.907670021057129,4771200.0
2022-10-05 00:00:00-04:00,11.569159949519294,12.002257151087079,11.325231989832352,11.937541007995605,3558000.0
2022-10-06 00:00:00-04:00,11.927582213773137,12.166532838623752,11.718501959968961,11.808107376098633,3685000.0
2022-10-07 00:00:00-04:00,11.569159697230528,11.708547506655632,10.872222549108548,10.902091026306152,2473300.0
2022-10-10 00:00:00-04:00,10.96182841733987,11.310296500346446,10.93693722958829,11.190821647644043,5607900.0
2022-10-11 00:00:00-04:00,11.101215223585097,11.280427976628287,10.722878666385482,11.031521797180176,6192100.0
2022-10-12 00:00:00-04:00,11.061389370594586,11.180864213044112,10.782614738212361,10.862264633178711,3354300.0
2022-10-13 00:00:00-04:00,10.394321121400507,10.986718065020828,10.19021814031733,10.832396507263184,9816700.0
2022-10-14 00:00:00-04:00,10.872224521245053,11.09624051461626,10.165330769331616,10.175287246704102,4166000.0
2022-10-17 00:00:00-04:00,10.464014792928925,10.837374018608582,10.41423337293798,10.812482833862305,5278400.0
2022-10-18 00:00:00-04:00,11.3003419871175,11.529335237936618,11.180866174209825,11.42977237701416,16244000.0
2022-10-19 00:00:00-04:00,11.280429018937646,11.419816834128616,11.05143576844728,11.350122451782227,8678400.0
2022-10-20 00:00:00-04:00,12.0868837441482,13.11735511787942,12.027145846619552,12.315876960754395,11496700.0
2022-10-21 00:00:00-04:00,12.25614073684221,13.326437122327004,12.1167529340412,13.152202606201172,5760900.0
2022-10-24 00:00:00-04:00,13.20198499718917,13.82922873139066,12.933165847030619,13.719709396362305,4174400.0
2022-10-25 00:00:00-04:00,13.829227521416927,14.297170450044252,13.78940257111882,14.068177223205566,5039100.0
2022-10-26 00:00:00-04:00,14.15778478772675,14.685465660866889,13.63010296508482,14.53612232208252,7201100.0
2022-10-27 00:00:00-04:00,15.183278713608765,15.671134654231164,14.426603612132084,14.72529125213623,6037500.0
2022-10-28 00:00:00-04:00,14.715333747412025,14.944327936893991,14.09306826985483,14.894546508789062,4651600.0
2022-10-31 00:00:00-04:00,14.81489556531371,14.964238889659942,14.19263013136825,14.247389793395996,4395200.0
2022-11-01 00:00:00-04:00,14.585901913696045,14.864677521718118,14.137870975127209,14.775071144104004,4321200.0
2022-11-02 00:00:00-04:00,14.655597555203807,14.785028895204801,13.988528852622737,14.018397331237793,3673200.0
2022-11-03 00:00:00-04:00,13.739621671633445,14.30214923480769,13.679883769149487,13.85909652709961,5025900.0
2022-11-04 00:00:00-04:00,14.247392276630569,14.34197595543442,13.58032353921484,14.117960929870605,3230800.0
2022-11-07 00:00:00-05:00,14.765115568152126,14.874633953293879,13.943725305834505,14.53612232208252,3503300.0
2022-11-08 00:00:00-05:00,14.565991049220207,14.750181106906359,14.217521986757284,14.59585952758789,3478600.0
2022-11-09 00:00:00-05:00,14.297171191809447,14.695421664954237,14.152806095552009,14.575946807861328,3066500.0
2022-11-10 00:00:00-05:00,15.531747755214695,15.994713453902135,15.083715821322443,15.213147163391113,5087200.0
2022-11-11 00:00:00-05:00,15.342578520158972,15.949910275793963,15.193235175053028,15.292797088623047,3802000.0
2022-11-14 00:00:00-05:00,15.07375769207521,15.378418594919424,14.85472000104592,14.864676475524902,2306400.0
2022-11-15 00:00:00-05:00,15.362491594426,15.67113476329353,14.376822280602427,14.635684967041016,5622600.0
2022-11-16 00:00:00-05:00,14.37682138563245,14.526165672127977,13.326437889839301,13.8192720413208,5325600.0
2022-11-17 00:00:00-05:00,13.460847141330122,14.038309423182865,13.40110923825836,13.928790092468262,3607900.0
2022-11-18 00:00:00-05:00,14.127915670181048,14.177697100701431,13.510628400433012,13.779447555541992,2389400.0
2022-11-21 00:00:00-05:00,13.729665810303052,14.13787182210982,13.600234473717673,13.968615531921387,2597400.0
2022-11-22 00:00:00-05:00,14.008439222609415,14.12791407264746,13.515605110139331,13.749577522277832,2076400.0
2022-11-23 00:00:00-05:00,13.769489891984431,14.023374311190429,13.759533416838691,13.799358367919922,1497400.0
2022-11-25 00:00:00-05:00,13.769488417271905,13.893941494759542,13.540495210455438,13.679882049560547,1138800.0
2022-11-28 00:00:00-05:00,13.430977598391575,13.9984843493882,12.968011939487123,13.042684555053711,2479200.0
2022-11-29 00:00:00-05:00,13.112431153248323,13.222034150723571,12.982900942740294,13.152286529541016,1933700.0
2022-11-30 00:00:00-05:00,13.21207066251272,13.859720793914903,13.032720986026568,13.799938201904297,2282900.0
2022-12-01 00:00:00-05:00,14.198490605535515,14.522315639826875,13.999213734450606,14.14867115020752,2557100.0
2022-12-02 00:00:00-05:00,13.829827761303697,14.866068411563168,13.770044226572917,14.706646919250488,3201300.0
2022-12-05 00:00:00-05:00,14.437623375111718,14.562171542840895,14.10881628832486,14.29813003540039,2045500.0
2022-12-06 00:00:00-05:00,14.367876801326563,14.437623471648587,13.77004521213828,13.879648208618164,3117100.0
2022-12-07 00:00:00-05:00,13.819865283847625,13.984268835647432,13.441238720563518,13.610624313354492,2911900.0
2022-12-08 00:00:00-05:00,13.760082054363988,14.467515688444577,13.651475846337755,14.18852710723877,2774200.0
2022-12-09 00:00:00-05:00,14.118780297232849,14.388800632260107,13.590696334838867,13.590696334838867,2469000.0
2022-12-12 00:00:00-05:00,13.530912980322487,13.610623732323997,13.286798683539471,13.570768356323242,2398700.0
2022-12-13 00:00:00-05:00,14.228383027025306,14.44260603676572,13.705281080164369,14.029106140136719,2798900.0
2022-12-14 00:00:00-05:00,13.95936010690018,14.203474423302408,13.720227831676835,13.859721183776855,1893800.0
2022-12-15 00:00:00-05:00,13.520949497966113,13.700299173031214,13.087522383528336,13.202106475830078,1879200.0
2022-12-16 00:00:00-05:00,13.032720009908322,13.222033754292838,12.843407215750902,13.092503547668457,4501500.0
2022-12-19 00:00:00-05:00,13.112431236062164,13.112431236062164,12.564419095906239,12.634166717529297,2309400.0
2022-12-20 00:00:00-05:00,12.504635889436,12.933080928599349,12.285430854140072,12.80355167388916,1624400.0
2022-12-21 00:00:00-05:00,12.953009259712871,13.217051713627235,12.863334428186217,13.092503547668457,1621200.0
2022-12-22 00:00:00-05:00,12.873298031864236,12.953008779102085,12.484707426409432,12.733803749084473,1663200.0
2022-12-23 00:00:00-05:00,12.723840249532104,12.84340636692309,12.504635225868451,12.773658752441406,1282300.0
2022-12-27 00:00:00-05:00,12.803550334203745,12.962971815837317,12.514598661186152,12.534525871276855,2087400.0
2022-12-28 00:00:00-05:00,12.58434650582568,12.763696164650815,12.255539431464316,12.30535888671875,1633200.0
2022-12-29 00:00:00-05:00,12.534527522139978,13.715244570114104,12.534527522139978,13.481093406677246,3452000.0
2022-12-30 00:00:00-05:00,13.212070536332885,13.630552477319151,13.192142372368226,13.610624313354492,2354000.0
2023-01-03 00:00:00-05:00,13.809900737513397,14.058997077332934,13.16225063407345,13.251925468444824,3458300.0
2023-01-04 00:00:00-05:00,13.461167428637525,13.565787442999323,13.092504932434167,13.451203346252441,2505300.0
2023-01-05 00:00:00-05:00,13.301744691331804,13.520948782334802,13.092503731572862,13.481093406677246,2951600.0
2023-01-06 00:00:00-05:00,13.69033552136633,14.153654896363431,13.481094543955614,14.068962097167969,2504700.0
2023-01-09 00:00:00-05:00,14.208454663013393,15.045418470404949,14.148671126673822,14.766429901123047,4388600.0
2023-01-10 00:00:00-05:00,14.666793795055181,14.70664917424444,13.994233439787642,14.467516899108887,2425000.0
2023-01-11 00:00:00-05:00,14.64686449822913,14.736539332030416,14.31805740777583,14.587081909179688,1817900.0
2023-01-12 00:00:00-05:00,14.656827339808432,14.945779029707019,14.42765823390153,14.925850868225098,1886400.0
2023-01-13 00:00:00-05:00,14.766429471257098,14.945779124827684,14.611990019697451,14.915887832641602,1840500.0
2023-01-17 00:00:00-05:00,14.895959762518219,14.945779216619025,14.706646977207614,14.905923843383789,1798000.0
2023-01-18 00:00:00-05:00,14.96570901112116,15.334371491325225,14.412714815701484,14.42765998840332,2442900.0
2023-01-19 00:00:00-05:00,14.168599824021166,14.328021326645391,13.861712576265132,13.88961124420166,2197000.0
2023-01-20 00:00:00-05:00,14.05899807463499,14.542245616310348,13.850753884660872,14.467516899108887,1491000.0
2023-01-23 00:00:00-05:00,14.597045314296745,15.568521431727389,14.557189937440608,15.473864555358887,4017500.0
2023-01-24 00:00:00-05:00,15.483828385913094,15.513719680513443,15.060364419795151,15.194876670837402,2496700.0
2023-01-25 00:00:00-05:00,14.756467330652846,14.786358624844258,14.238346496790458,14.29813003540039,3616400.0
2023-01-26 00:00:00-05:00,14.557190420540675,14.616973962922447,13.59567930319894,13.999215126037598,4217200.0
2023-01-27 00:00:00-05:00,13.849755600650779,14.452569214793952,13.809900225765642,14.328021049499512,3144100.0
2023-01-30 00:00:00-05:00,14.039068466883565,14.138706422757618,13.725206577824073,13.909538269042969,1808100.0
2023-01-31 00:00:00-05:00,13.979287272840363,14.24332975304115,13.839793921224784,14.168601036071777,2066500.0
2023-02-01 00:00:00-05:00,14.128744987743778,14.841160686241675,13.92946715162876,14.646864891052246,2065700.0
2023-02-02 00:00:00-05:00,14.876033710066611,15.304478768170531,14.786358875743637,14.985635757446289,2340500.0
2023-02-03 00:00:00-05:00,14.577117337659757,15.169966868799305,14.422677879207756,14.537261962890625,3013600.0
2023-02-06 00:00:00-05:00,14.268237272858464,14.417695638842451,14.029105027556575,14.14867115020752,3748500.0
2023-02-07 00:00:00-05:00,14.23834669158216,15.234732047046908,14.13372668536738,15.194876670837402,4991300.0
2023-02-08 00:00:00-05:00,15.035453618427336,15.792706638692371,14.925850632462092,15.673139572143555,5075000.0
2023-02-09 00:00:00-05:00,15.99198428340152,16.233110118494576,15.384189555291027,15.593430519104004,3937700.0
2023-02-10 00:00:00-05:00,15.50375728681389,15.61335933904821,14.30809404318378,14.407732963562012,3260200.0
2023-02-13 00:00:00-05:00,14.417696626317387,15.174948788304599,14.2981304954773,15.164985656738281,2269400.0
2023-02-14 00:00:00-05:00,14.995598217361248,15.643248250410325,14.851121899859534,15.573501586914062,2557300.0
2023-02-15 00:00:00-05:00,15.573505990607693,16.04180745705475,15.38419220726158,16.01191520690918,3354500.0
2023-02-16 00:00:00-05:00,15.683103598677473,16.161368062316363,15.56353748276775,16.09162139892578,2939900.0
2023-02-17 00:00:00-05:00,15.762817037598655,16.021877474808335,15.6133596047154,16.001949310302734,3823900.0
2023-02-21 00:00:00-05:00,15.772780005187885,15.942165590606246,15.14505712103051,15.204840660095215,4883400.0
2023-02-22 00:00:00-05:00,16.948514459431124,17.815368620414745,15.179929952746164,15.463900566101074,11976700.0
2023-02-23 00:00:00-05:00,15.842527853537328,16.43039540543787,15.483829443159609,16.400503158569336,7040300.0
2023-02-24 00:00:00-05:00,16.181298464000193,16.181298464000193,15.334371454810961,15.752853393554688,3492300.0
2023-02-27 00:00:00-05:00,15.97205891965553,16.03682260343737,15.623323643593215,15.703034400939941,2715300.0
2023-02-28 00:00:00-05:00,15.6033938064222,16.280936121462414,15.568520472599909,16.191261291503906,3105900.0
2023-03-01 00:00:00-05:00,16.111551655138555,16.40050242682471,15.924231477543948,16.07169532775879,3630400.0
2023-03-02 00:00:00-05:00,15.722960959574781,15.862455254228756,15.543612238136404,15.772780418395996,3145900.0
2023-03-03 00:00:00-05:00,15.822599704203805,16.390540008192048,15.688087451925501,16.300865173339844,3580800.0
2023-03-06 00:00:00-05:00,16.33075326106857,16.549959227281462,15.962091791362521,16.13147735595703,3333600.0
2023-03-07 00:00:00-05:00,16.081658286637662,16.280936108712545,15.732923998460771,15.782743453979492,1725800.0
2023-03-08 00:00:00-05:00,15.812634719103372,15.912273629963773,15.623321928741104,15.683104515075684,2076900.0
2023-03-09 00:00:00-05:00,15.812634227710225,15.882380893008811,15.294514377927628,15.324405670166016,2730100.0
2023-03-10 00:00:00-05:00,15.33437082594156,15.33437082594156,14.009178391008883,14.18852710723877,4830100.0
2023-03-13 00:00:00-04:00,13.88961227703608,14.039070659530381,13.441239030007543,13.780010223388672,4944600.0
2023-03-14 00:00:00-04:00,14.138705545646152,14.337983345485885,13.725205726364562,13.89957332611084,3306200.0
2023-03-15 00:00:00-04:00,13.381456450947711,13.510986669151723,12.858353537020681,13.27185344696045,3688700.0
2023-03-16 00:00:00-04:00,13.052648649445496,13.700298756002011,12.982901027805946,13.550841331481934,2995000.0
2023-03-17 00:00:00-04:00,13.43127395008516,13.61062361566488,13.042684274965248,13.072575569152832,4399400.0
2023-03-20 00:00:00-04:00,13.281815592158006,13.311706884237367,12.923117236524556,13.172213554382324,4987600.0
2023-03-21 00:00:00-04:00,13.630551457166685,13.770044793570559,13.535894585873283,13.720226287841797,2253100.0
2023-03-22 00:00:00-04:00,13.740152631424635,13.994230985532052,13.391417412008096,13.401381492614746,2532900.0
2023-03-23 00:00:00-04:00,13.550840954284977,13.999214165591567,12.943045290973568,13.182177543640137,2125000.0
2023-03-24 00:00:00-04:00,12.992865096853139,13.122395308083775,12.64911188051903,13.042684555053711,1880400.0
2023-03-27 00:00:00-04:00,13.251925538528806,13.31170812827447,12.992865115691911,13.142322540283203,2611300.0
2023-03-28 00:00:00-04:00,13.142321403448358,13.29975026982718,12.992863991785407,13.162249565124512,1967800.0
2023-03-29 00:00:00-04:00,13.481093637328152,13.755100181110603,13.341600295253643,13.660443305969238,3241600.0
2023-03-30 00:00:00-04:00,13.939430090454062,14.098851586091882,13.730189139872657,13.750117301940918,2696500.0
2023-03-31 00:00:00-04:00,13.909539773204859,14.38780429366417,13.839793101527993,14.258275032043457,3137000.0
2023-04-03 00:00:00-04:00,14.188525782644005,14.397766723900746,13.680369075273772,13.919502258300781,2261300.0
2023-04-04 00:00:00-04:00,13.929468856909093,14.048039164908658,12.903192056276822,13.052650451660156,2943100.0
2023-04-05 00:00:00-04:00,12.873296737670898,12.9559968909285,12.669037849630325,12.873296737670898,3206800.0
2023-04-06 00:00:00-04:00,12.803552239135632,12.83842557465311,12.21568472547778,12.335250854492188,3482100.0
2023-04-10 00:00:00-04:00,12.25554041842117,12.574383437363135,12.190774836306614,12.504636764526367,3449700.0
2023-04-11 00:00:00-04:00,12.554456223792837,12.699928398696466,12.424926009790877,12.504636764526367,2925500.0
2023-04-12 00:00:00-04:00,12.624203823358789,12.624203823358789,12.145938309609734,12.205721855163574,2689300.0
2023-04-13 00:00:00-04:00,12.235610536618692,12.434887395476908,12.006442386488498,12.385068893432617,4092600.0
2023-04-14 00:00:00-04:00,12.315321280161978,12.584345752290833,12.14593571257574,12.385068893432617,2621000.0
2023-04-17 00:00:00-04:00,12.395034521128894,12.674023129969662,12.295396546737656,12.524564743041992,2362000.0
2023-04-18 00:00:00-04:00,12.604274596319978,12.682989512149357,12.07619061436004,12.315322875976562,3716200.0
2023-04-19 00:00:00-04:00,12.096117598669917,12.464780036943958,11.97156943910867,12.444851875305176,4485600.0
2023-04-20 00:00:00-04:00,12.23561296592997,12.474746194265387,12.116046826875865,12.2256498336792,1937500.0
2023-04-21 00:00:00-04:00,12.18579148034781,12.295394468951848,11.906803868880074,12.13597297668457,2575300.0
2023-04-24 00:00:00-04:00,12.215684336948081,12.723841081767326,12.153908173009317,12.683984756469727,5059300.0
2023-04-25 00:00:00-04:00,12.50463689548186,12.62420302883726,12.175829791197721,12.185792922973633,6829700.0
2023-04-26 00:00:00-04:00,14.278200277409747,15.095235862367872,13.012791528760626,13.540875434875488,16760500.0
2023-04-27 00:00:00-04:00,13.949395367841207,14.641882905243493,13.675389767492328,14.437623977661133,6112600.0
2023-04-28 00:00:00-04:00,14.457551016644718,15.035454418047802,14.347948024850533,14.866068840026855,5048600.0
2023-05-01 00:00:00-04:00,14.726574526972358,14.955743641009128,14.58708119255848,14.766429901123047,3492900.0
2023-05-02 00:00:00-04:00,14.786358091573126,14.935815507367101,14.44260489497449,14.866068840026855,3744800.0
2023-05-03 00:00:00-04:00,14.925851334090325,15.493791601100114,14.83119541477792,14.876032829284668,5293100.0
2023-05-04 00:00:00-04:00,14.846141600884577,14.866069764350616,14.223400745977889,14.258275032043457,3302300.0
2023-05-05 00:00:00-04:00,14.387802861164726,15.16996609524344,14.22838137021751,14.925850868225098,4187300.0
2023-05-08 00:00:00-04:00,15.125130634293177,15.160999809226903,14.626937935669313,15.025491714477539,2130000.0
2023-05-09 00:00:00-04:00,14.856105407709856,15.35928012319062,14.781376696549314,15.204840660095215,3253100.0
2023-05-10 00:00:00-04:00,15.42404350347444,15.51870037006517,14.995598484084843,15.23473072052002,2510000.0
2023-05-11 00:00:00-04:00,15.174945871871666,15.359277548715875,15.015524394723679,15.274584770202637,1672000.0
2023-05-12 00:00:00-04:00,15.254659694906598,15.404117113086238,14.895960370912116,15.045418739318848,1711300.0
2023-05-15 00:00:00-04:00,15.045418603637078,15.448954389264635,15.01552636008905,15.264622688293457,2162400.0
2023-05-16 00:00:00-04:00,15.204841880615154,15.204841880615154,14.945781440918049,15.075311660766602,1630200.0
2023-05-17 00:00:00-04:00,15.254658610671688,15.623321039508689,15.120146373734302,15.573501586914062,2741100.0
2023-05-18 00:00:00-04:00,15.453937149788622,15.991984255539284,15.344334152127416,15.902310371398926,4900300.0
2023-05-19 00:00:00-04:00,16.01191233139458,16.031840494579473,15.44397298380476,15.503756523132324,3661200.0
2023-05-22 00:00:00-04:00,15.712996318514174,16.7043986076583,15.583466118113263,16.450321197509766,7543800.0
2023-05-23 00:00:00-04:00,16.25104350994364,16.659561325856362,16.111550177813672,16.231117248535156,5738800.0
2023-05-24 00:00:00-04:00,15.942165054483343,16.33075471954104,15.693068725507041,16.181297302246094,4048800.0
2023-05-25 00:00:00-04:00,18.233850442514466,19.120634662167536,17.880134112997393,18.443092346191406,29409700.0
2023-05-26 00:00:00-04:00,18.652330574179405,19.927704335836367,18.423162430426245,19.668643951416016,15999900.0
2023-05-30 00:00:00-04:00,20.35615623124875,20.45579516213347,19.758324546394963,20.067203521728516,9997500.0
2023-05-31 00:00:00-04:00,19.798175322633767,19.8340444914857,18.6722589503941,19.230234146118164,5854900.0
2023-06-01 00:00:00-04:00,19.299983696607345,19.57897035852602,19.03095921508225,19.32987403869629,4783200.0
2023-06-02 00:00:00-04:00,19.76828612179119,19.88785130332159,19.304966767338716,19.728429794311523,4021700.0
2023-06-05 00:00:00-04:00,19.36972990719722,20.06719844606826,19.290019162741846,19.997451782226562,4166700.0
2023-06-06 00:00:00-04:00,19.758320189751792,20.316295419038216,19.748356108814914,19.927705764770508,2966800.0
2023-06-07 00:00:00-04:00,19.92770814522308,20.535503851797774,19.818105142278963,20.48568344116211,5017800.0
2023-06-08 00:00:00-04:00,20.31629955162513,20.600269264499733,19.987492415641135,20.505613327026367,3695200.0
2023-06-09 00:00:00-04:00,21.15326347367889,21.272830568549363,20.774637824088977,21.1134090423584,3982700.0
2023-06-12 00:00:00-04:00,21.223008992504433,21.46214316915992,20.94402228716369,21.0336971282959,4766800.0
2023-06-13 00:00:00-04:00,21.362503150164894,22.43361629694411,21.32264682261467,22.368852615356445,6638700.0
2023-06-14 00:00:00-04:00,22.41867018633824,22.71758502864106,22.159609769463824,22.468488693237305,4516600.0
2023-06-15 00:00:00-04:00,22.338957085477848,22.692673388439278,22.069932615428023,22.518306732177734,4453300.0
2023-06-16 00:00:00-04:00,22.71758705824137,23.006539745342927,22.284159928043422,22.458528518676758,7713600.0
2023-06-20 00:00:00-04:00,22.36885195119588,23.32039988798032,22.309067461645625,23.255634307861328,5143100.0
2023-06-21 00:00:00-04:00,22.92682493507053,23.09621050436087,22.22935449670937,22.8869686126709,4860800.0
2023-06-22 00:00:00-04:00,22.677729286842972,23.345307502992434,22.51830779347481,23.225740432739258,4356900.0
2023-06-23 00:00:00-04:00,22.75743892808002,23.644221179421553,22.73252967728636,23.554546356201172,6516500.0
2023-06-26 00:00:00-04:00,23.415054787672656,24.17230785141359,23.295487714259178,23.365236282348633,7315200.0
2023-06-27 00:00:00-04:00,23.42501942575953,23.928193183130123,23.185887173701353,23.713970184326172,3704700.0
2023-06-28 00:00:00-04:00,23.50472862605534,23.684078278382483,22.9866078305445,23.265596389770508,5087900.0
2023-06-29 00:00:00-04:00,23.873392427111618,24.241060010233834,23.69902574846266,24.04277801513672,8865500.0
2023-06-30 00:00:00-04:00,24.25201969154063,24.919597955375888,23.94314076363305,24.680465698242188,5216200.0
2023-07-03 00:00:00-04:00,24.71035321288221,24.819956197520927,24.351655818485185,24.780101776123047,1881900.0
2023-07-05 00:00:00-04:00,24.635628851092644,24.69043035095522,24.202201743790692,24.2121639251709,3535200.0
2023-07-06 00:00:00-04:00,23.973033718167116,24.077655636173382,23.42502247345854,23.992961883544922,3810100.0
2023-07-07 00:00:00-04:00,24.48118327502497,24.909629201361003,24.371580298393738,24.560894012451172,2532500.0
2023-07-10 00:00:00-04:00,24.64061126323353,25.41280959250337,24.57086458710591,25.28826141357422,2523000.0
2023-07-11 00:00:00-04:00,25.21851348876953,25.49750207992048,25.098948307172197,25.21851348876953,3047500.0
2023-07-12 00:00:00-04:00,25.537358019076947,25.881112212545705,25.178660552591577,25.666889190673828,3120000.0
2023-07-13 00:00:00-04:00,25.84623570583727,26.932295855535287,25.67685012559664,26.414175033569336,5184500.0
2023-07-14 00:00:00-04:00,26.42414060996655,26.703127298769328,25.940893094784194,26.2547550201416,3135200.0
2023-07-17 00:00:00-04:00,26.20493461110233,26.62341654476078,26.015622758115956,26.2547550201416,3027400.0
2023-07-18 00:00:00-04:00,26.30457378879962,26.718074635869563,25.945876342441856,26.633380889892578,4120600.0
2023-07-19 00:00:00-04:00,26.424139351106,26.683199764405572,26.18500710047275,26.593524932861328,6889800.0
2023-07-20 00:00:00-04:00,26.30457329906658,26.603490049329565,25.97576620409528,26.07540512084961,6023900.0
2023-07-21 00:00:00-04:00,26.334464360652593,26.374318785290544,25.248404207796273,25.587175369262695,5709800.0
2023-07-24 00:00:00-04:00,25.427754840217805,25.856200849038398,25.133821083035365,25.68681526184082,3872100.0
2023-07-25 00:00:00-04:00,25.57721409499406,26.1800268247627,25.48255816319337,25.89605712890625,2741700.0
2023-07-26 00:00:00-04:00,25.607106732742142,25.985732366175387,24.99931100229082,25.2484073638916,5117700.0
2023-07-27 00:00:00-04:00,25.756560465490633,25.93591012412314,24.99930740707235,25.22847557067871,4690000.0
2023-07-28 00:00:00-04:00,25.59714452349415,26.12423179425517,25.51743375796662,25.856204986572266,4622600.0
2023-07-31 00:00:00-04:00,25.67684905420775,26.010637209912293,25.318149746205414,25.91598129272461,5874900.0
2023-08-01 00:00:00-04:00,25.57721103560143,26.533740022923748,25.387897294190243,26.43410301208496,9983200.0
2023-08-02 00:00:00-04:00,32.88071211685322,35.252109994383524,31.45588095438361,34.16604995727539,38471500.0
2023-08-03 00:00:00-04:00,33.97673431063489,34.464964738377176,32.94049657574025,34.37528991699219,12836000.0
2023-08-04 00:00:00-04:00,34.83363213461949,36.462724367006444,34.63435429751079,35.5809211730957,9938400.0
2023-08-07 00:00:00-04:00,34.87349024710523,36.2783935593094,34.73399689426222,35.59088897705078,14131800.0
2023-08-08 00:00:00-04:00,35.4215006085594,36.33817716335096,34.8336330639054,36.089080810546875,7777700.0
2023-08-09 00:00:00-04:00,36.23853410512936,36.55737711296768,34.5496612414235,34.69413757324219,7518900.0
2023-08-10 00:00:00-04:00,34.58453386645802,34.823668017880536,32.62165735243004,33.7475700378418,11382300.0
2023-08-11 00:00:00-04:00,34.02656392128924,34.45500995983919,33.259346684837205,33.38887405395508,6050400.0
2023-08-14 00:00:00-04:00,33.44865806321931,34.733996160239506,33.12981503462792,34.45500946044922,5947800.0
2023-08-15 00:00:00-04:00,34.48490029742276,34.7937773477558,33.931906080389965,34.60446548461914,5592400.0
2023-08-16 00:00:00-04:00,34.584537081497714,34.85356160151639,33.57818947779116,33.618045806884766,5438200.0
2023-08-17 00:00:00-04:00,33.66785394427758,33.837237589372876,32.76612283068694,32.87074661254883,6342100.0
2023-08-18 00:00:00-04:00,32.880714971041094,34.20590924734024,32.2629571479607,33.84720993041992,7282700.0
2023-08-21 00:00:00-04:00,34.0763755903585,35.112617140687064,33.528364474616204,34.94322967529297,5952900.0
2023-08-22 00:00:00-04:00,35.25211525950928,35.670595288154225,34.41515140131087,34.843597412109375,4276100.0
2023-08-23 00:00:00-04:00,35.00301802896563,36.06915003779478,34.76388387516738,35.551029205322266,4733300.0
2023-08-24 00:00:00-04:00,36.75665508332113,37.08546407441982,34.86352519217236,34.88344955444336,10481000.0
2023-08-25 00:00:00-04:00,35.09269845750183,37.812830411060716,34.98309544457123,37.36445617675781,10429700.0
2023-08-28 00:00:00-04:00,37.30467106739057,38.39870190062087,37.0755028627033,38.03203201293945,6433300.0
2023-08-29 00:00:00-04:00,37.56372651734781,39.01844814108374,37.264811687949894,38.580039978027344,5746600.0
2023-08-30 00:00:00-04:00,38.36082676624704,39.1061239237955,38.24126161720376,38.74941635131836,3397000.0
2023-08-31 00:00:00-04:00,38.93873880807662,39.357218803833334,38.6348409917212,39.247615814208984,3569300.0
2023-09-01 00:00:00-04:00,39.47679093312851,40.26393636018594,39.04834488047239,39.725887298583984,4614300.0
2023-09-05 00:00:00-04:00,39.705954588684506,39.994907251758846,38.639822570632184,38.98855972290039,3719500.0
2023-09-06 00:00:00-04:00,39.05830320991401,39.43693067546672,37.52386898717086,38.301048278808594,7073700.0
2023-09-07 00:00:00-04:00,38.02206600753245,39.626247079957324,37.67333264435686,39.45685958862305,6757300.0
2023-09-08 00:00:00-04:00,39.18783881133137,40.00487451868136,38.90386532922076,39.05830764770508,3862500.0
2023-09-11 00:00:00-04:00,38.04199410421661,39.08819799280784,37.71318510445185,39.05830764770508,6528500.0
2023-09-12 00:00:00-04:00,38.72949418496704,39.56645795957465,37.17513560420157,37.484012603759766,5653700.0
2023-09-13 00:00:00-04:00,37.2947004902851,37.65339979111104,36.089075240993104,36.89614486694336,7073300.0
2023-09-14 00:00:00-04:00,37.83274978813598,39.09815953279496,37.787910474667875,38.301048278808594,6826000.0
2023-09-15 00:00:00-04:00,37.613551935052,38.3309506981836,37.364455564621196,38.03203201293945,7132800.0
2023-09-18 00:00:00-04:00,37.33455923062163,38.16654006225114,36.58727023914182,37.66336441040039,4100100.0
2023-09-19 00:00:00-04:00,37.83275329675898,38.281123667573155,37.18510129305862,37.922428131103516,2445100.0
2023-09-20 00:00:00-04:00,38.02207022358081,38.61691248394794,36.96590023370865,36.9858283996582,3696100.0
2023-09-21 00:00:00-04:00,36.56734825368831,36.70684161418295,35.67059979206705,36.188720703125,3685200.0
2023-09-22 00:00:00-04:00,36.597227757705404,36.776577396885216,36.07910700017573,36.318241119384766,2666200.0
2023-09-25 00:00:00-04:00,36.30827601421195,37.404302035722495,36.06914569014606,36.6370849609375,4134200.0
2023-09-26 00:00:00-04:00,36.36806248929399,36.627120988051004,35.361715035277506,35.391605377197266,4622500.0
2023-09-27 00:00:00-04:00,35.830011261495265,36.427844668408994,35.59088093945613,36.049217224121094,5577000.0
2023-09-28 00:00:00-04:00,36.12893364559332,37.962282969860986,35.979478113184925,36.86626052856445,4655800.0
2023-09-29 00:00:00-04:00,37.28473869565684,38.57007673430247,36.986819683079936,37.06553649902344,4526600.0
2023-10-02 00:00:00-04:00,37.91246835899454,38.82914501587838,37.5637349465931,38.27116775512695,6750200.0
2023-10-03 00:00:00-04:00,37.733116323112796,39.088201157474735,36.26843228086446,36.70684051513672,6541400.0
2023-10-04 00:00:00-04:00,36.7666219292043,38.44054966652502,36.49759742132326,38.05195617675781,5267500.0
2023-10-05 00:00:00-04:00,37.43419652830985,38.38076335159409,37.1651720332138,38.0419921875,3903900.0
2023-10-06 00:00:00-04:00,37.643431560389885,40.05468571578117,37.394335260914765,39.62623977661133,7099400.0
2023-10-09 00:00:00-04:00,39.14798331575106,39.99490938619959,38.14163193227738,39.984947204589844,5777500.0
2023-10-10 00:00:00-04:00,40.83187480122789,42.56558713609156,40.3536102470021,40.43332290649414,8552300.0
2023-10-11 00:00:00-04:00,40.552883123710714,42.376266275623095,40.39445746316315,41.579158782958984,8423300.0
2023-10-12 00:00:00-04:00,41.658870697021484,42.974098986918605,41.06103723739935,41.658870697021484,6449900.0
2023-10-13 00:00:00-04:00,41.449631263790025,41.90797143807462,38.86899291677874,38.95866775512695,6902800.0
2023-10-16 00:00:00-04:00,39.32732826599355,40.77507519779365,39.05830378395551,40.5030632019043,4355100.0
2023-10-17 00:00:00-04:00,39.50668044981426,41.240388821614346,38.4804009598413,41.04111099243164,5069000.0
2023-10-18 00:00:00-04:00,40.34364012474487,40.63258895626171,38.320975498678614,38.609928131103516,6822600.0
2023-10-19 00:00:00-04:00,38.878955416581725,39.337291748900306,36.8264003009822,37.28473663330078,8848700.0
2023-10-20 00:00:00-04:00,37.05557100392131,37.802860040737286,35.52114040368303,36.607200622558594,8789400.0
2023-10-23 00:00:00-04:00,36.6570159398129,38.173513721265735,36.1070093105396,37.155208587646484,6632100.0
2023-10-24 00:00:00-04:00,37.58366111300179,39.05831115124935,37.43420177226424,38.88892364501953,9674100.0
2023-10-25 00:00:00-04:00,41.38985777383746,41.76848155637907,35.86988076596755,37.25485610961914,17130500.0
2023-10-26 00:00:00-04:00,37.43419688710209,37.96227990055115,34.4749312135905,34.73399353027344,10790600.0
2023-10-27 00:00:00-04:00,35.53109803044154,36.67694259370578,35.472313185664866,36.28834915161133,7865300.0
2023-10-30 00:00:00-04:00,36.786547321382535,38.3608380854285,36.268430255677686,38.141632080078125,6218900.0
2023-10-31 00:00:00-04:00,37.89253598963535,39.30242225937081,37.075500256136145,39.128055572509766,5648500.0
2023-11-01 00:00:00-04:00,39.20775562347067,40.11446599242264,38.928768987149404,40.08457565307617,5920400.0
2023-11-02 00:00:00-04:00,40.782054244732294,41.6489084682466,39.52660652704118,39.835487365722656,5638600.0
2023-11-03 00:00:00-04:00,40.44328256896975,41.06602342904818,39.6760653732441,40.2938232421875,6202500.0
2023-11-06 00:00:00-05:00,40.38349881883324,40.53295814835704,38.5401873595525,39.606319427490234,5246500.0
2023-11-07 00:00:00-05:00,39.93512470138838,40.91158184057414,39.33729124005071,40.0048713684082,4686000.0
2023-11-08 00:00:00-05:00,40.52299299759062,40.782055333961,39.65613875092391,39.92516326904297,4825800.0
2023-11-09 00:00:00-05:00,40.22408293886973,42.04747029032415,39.36918624889429,39.825531005859375,6119900.0
2023-11-10 00:00:00-05:00,39.865373943487455,42.09727867461208,39.865373943487455,41.67879867553711,5791900.0
2023-11-13 00:00:00-05:00,41.349989265808354,42.27662788354852,41.0251674505321,42.13713455200195,4239600.0
2023-11-14 00:00:00-05:00,43.05381039652591,43.84095574137315,42.665220715145466,43.432437896728516,6316000.0
2023-11-15 00:00:00-05:00,44.109975273845365,44.79747972490491,42.67518188867012,43.34275817871094,8154000.0
2023-11-16 00:00:00-05:00,42.844575485369916,43.462333416485855,42.18696122297966,42.68515396118164,4630200.0
2023-11-17 00:00:00-05:00,43.621748718985465,44.000376210270545,42.81467903079084,43.133522033691406,5138900.0
2023-11-20 00:00:00-05:00,42.954175793945986,44.46868207892111,42.954175793945986,44.38896942138672,4552700.0
2023-11-21 00:00:00-05:00,44.07012528840791,44.98680182253256,41.96775150999505,42.47591018676758,6832100.0
2023-11-22 00:00:00-05:00,43.24312479670442,44.219581962964405,42.176992798802786,43.36268997192383,6242700.0
2023-11-24 00:00:00-05:00,43.56196797694239,43.71142349635384,42.38623297987866,42.525726318359375,1531400.0
2023-11-27 00:00:00-05:00,42.53568779417614,43.103627120523406,42.246738941073886,42.39619445800781,5344300.0
2023-11-28 00:00:00-05:00,42.36629924089538,42.710053351841395,41.18060221896127,42.09727478027344,7511300.0
2023-11-29 00:00:00-05:00,43.85091465502751,44.75762511098842,40.861758804487145,42.13713455200195,13346500.0
2023-11-30 00:00:00-05:00,42.535687050414595,44.388964314893,42.34637521191185,43.50218200683594,26319000.0
2023-12-01 00:00:00-05:00,43.34275832869947,45.77393696777547,43.11359017755325,44.976829528808594,9447000.0
2023-12-04 00:00:00-05:00,45.0565477631656,45.74405230190052,43.50218521365486,45.196041107177734,8054700.0
2023-12-05 00:00:00-05:00,44.79748549385734,45.1442271782382,44.14983728143208,44.98680114746094,4325000.0
2023-12-06 00:00:00-05:00,45.32557594717334,45.823768673869026,43.8708502965312,44.00038146972656,4325600.0
2023-12-07 00:00:00-05:00,44.13986576766635,45.25581618221998,43.98044427987297,44.976829528808594,4565600.0
2023-12-08 00:00:00-05:00,44.702676729555385,47.10529590285,44.692709028087584,46.99563217163086,6951500.0
2023-12-11 00:00:00-05:00,47.18505418162529,48.73030656178033,47.18206120898238,47.484134674072266,7433900.0
2023-12-12 00:00:00-05:00,47.35453196527985,49.707305109300336,47.244868230141044,49.278621673583984,7006600.0
2023-12-13 00:00:00-05:00,49.478013130873656,50.07617415731256,47.61373711920946,47.79318618774414,7966800.0
2023-12-14 00:00:00-05:00,48.20192281342067,48.83996595778034,45.60988703845213,47.0953254699707,10176300.0
2023-12-15 00:00:00-05:00,47.21495836508546,48.25177422854517,46.72645733996987,47.583824157714844,5707600.0
2023-12-18 00:00:00-05:00,47.583824910944514,48.451159443618884,47.30667641642244,47.65361022949219,3012700.0
2023-12-19 00:00:00-05:00,47.76327400432137,49.1938806419204,47.73336709720563,49.06926345825195,3795300.0
2023-12-20 00:00:00-05:00,48.71036313470483,48.999475900326466,47.05544716333934,47.10529327392578,3611100.0
2023-12-21 00:00:00-05:00,47.97263446840774,48.49104245754783,47.6934931677227,48.43122863769531,2593900.0
2023-12-22 00:00:00-05:00,48.421251653156844,49.00944490090981,48.0523858614179,48.63060760498047,2421800.0
2023-12-26 00:00:00-05:00,48.78015201612448,49.059293298226336,48.40131470254715,48.839969635009766,2078700.0
2023-12-27 00:00:00-05:00,48.75024827200858,49.15899252004808,48.241807986023474,48.780155181884766,2615700.0
2023-12-28 00:00:00-05:00,48.82003009833744,49.17892820319093,48.191958414843846,48.81005859375,2134000.0
2023-12-29 00:00:00-05:00,48.69042862769668,48.86987768553336,47.69349110772174,47.88290786743164,3012600.0
2024-01-02 00:00:00-05:00,47.33459014570848,47.35452935127077,45.053599032190164,45.50022506713867,5770200.0
2024-01-03 00:00:00-05:00,44.86219249078052,45.784359020265754,44.17430690834068,45.43044662475586,5905000.0
2024-01-04 00:00:00-05:00,45.45037307709804,47.16510650355941,45.45037307709804,45.65972900390625,5274800.0
2024-01-05 00:00:00-05:00,45.460346262863695,46.52706903162591,44.95190983597354,46.168174743652344,4390700.0
2024-01-08 00:00:00-05:00,46.60683065777985,48.47110281924686,46.47722771089264,48.39134979248047,4179200.0
2024-01-09 00:00:00-05:00,48.2717100133472,49.318497389313904,47.30468326268441,49.02938461303711,3871400.0
2024-01-10 00:00:00-05:00,49.03935192285222,49.52785294793812,48.3016203376383,48.64057922363281,2870600.0
2024-01-11 00:00:00-05:00,48.849936964454294,50.016352001219715,48.07232693994402,49.86681365966797,3612700.0
2024-01-12 00:00:00-05:00,49.727241446464795,50.09610724090699,48.271709868179194,49.368343353271484,3465700.0
2024-01-16 00:00:00-05:00,49.2188021288425,50.56467000334882,49.099170696557934,49.8069953918457,3061700.0
2024-01-17 00:00:00-05:00,49.278616009720494,49.737206301215544,48.710361995690896,49.109134674072266,3208600.0
2024-01-18 00:00:00-05:00,50.20577048771032,50.88368825656377,49.51788121468911,50.73414611816406,4190200.0
2024-01-19 00:00:00-05:00,52.33921924722736,53.50563430786133,51.511759288919336,53.50563430786133,7499800.0
2024-01-22 00:00:00-05:00,54.33309186668729,55.7587127465131,52.937377893860116,53.28630828857422,7113800.0
2024-01-23 00:00:00-05:00,53.52557351441252,54.034013773931015,52.66322469840839,53.50563430786133,3453600.0
2024-01-24 00:00:00-05:00,54.21345736980489,54.8814036084316,52.638294438035096,52.658233642578125,8007700.0
2024-01-25 00:00:00-05:00,53.33615671729101,53.62526950754754,52.44888294299975,53.1467399597168,7383900.0
2024-01-26 00:00:00-05:00,52.887531883030846,54.59727979167984,52.23952481105335,53.2962760925293,5004700.0
2024-01-29 00:00:00-05:00,53.23646624609682,54.76177946787892,53.136770210121405,54.73187255859375,5323500.0
2024-01-30 00:00:00-05:00,56.06776877265997,57.413632926846965,55.49951087760923,56.486480712890625,9344800.0
2024-01-31 00:00:00-05:00,55.29015143543149,57.42359702285704,55.05886349292567,56.15748977661133,7562300.0
2024-02-01 00:00:00-05:00,57.293997272159615,59.437410537917735,57.06470211180491,59.27790069580078,10368900.0
2024-02-02 00:00:00-05:00,59.886039423220495,62.06933132870045,59.886039423220495,61.28175354003906,9915200.0
2024-02-05 00:00:00-05:00,61.261804085893836,61.97959642896056,60.185109866772166,61.39140701293945,6978700.0
2024-02-06 00:00:00-05:00,61.71042670445414,62.069320974638856,57.65289178259156,58.93893814086914,10174800.0
2024-02-07 00:00:00-05:00,59.79630342992539,61.12223196708885,59.09346455654529,60.553977966308594,6299400.0
2024-02-08 00:00:00-05:00,60.74339713359484,63.23574067656849,60.69853297225381,61.48112869262695,7401100.0
2024-02-09 00:00:00-05:00,61.80014937873965,63.614575091982815,61.660574952093484,63.325462341308594,6139500.0
2024-02-12 00:00:00-05:00,63.75415260011193,63.98344776412682,60.863032387200406,61.132205963134766,7719100.0
2024-02-13 00:00:00-05:00,58.72958827296639,62.92669425668854,56.95204775823614,62.3385009765625,10345100.0
2024-02-14 00:00:00-05:00,63.30551990265565,65.00031030645721,62.86686885036798,64.7710189819336,7578000.0
2024-02-15 00:00:00-05:00,64.82087273584477,65.35921989717717,61.79018563396752,62.647552490234375,9598700.0
2024-02-16 00:00:00-05:00,62.98651279623862,64.80093877777514,62.1590528294753,62.777156829833984,8065900.0
2024-02-20 00:00:00-05:00,61.77024524842216,62.35843851279381,59.89600552721645,61.83006286621094,9540300.0
2024-02-21 00:00:00-05:00,54.86146896412298,61.40138028029051,54.83156205632969,58.370689392089844,21392500.0
2024-02-22 00:00:00-05:00,62.66749615729482,64.30247316096724,61.501077224714116,62.707374572753906,11656200.0
2024-02-23 00:00:00-05:00,63.22577274152247,64.31243854273146,61.06242024955664,62.50798034667969,5905900.0
2024-02-26 00:00:00-05:00,63.136049062572816,66.69511537188826,63.02638533714618,66.10691833496094,7090900.0
2024-02-27 00:00:00-05:00,66.794807153142,68.58929755190663,66.0471040879949,66.0670394897461,8558900.0
2024-02-28 00:00:00-05:00,65.34924911739954,67.35308779988003,65.33429566499511,65.8975601196289,5414400.0
2024-02-29 00:00:00-05:00,66.5954220887508,68.01107138674402,66.24648791012206,67.41291046142578,6756200.0
2024-03-01 00:00:00-05:00,68.1905292013565,70.9221359290309,68.16062229214576,70.3538818359375,7711100.0
2024-03-04 00:00:00-05:00,72.57704483391115,73.2748979625718,71.47044372558594,71.47044372558594,9063800.0
2024-03-05 00:00:00-05:00,70.3837981854947,71.70075199951941,68.51752921892428,69.80557250976562,6304000.0
2024-03-06 00:00:00-05:00,71.93902405949918,73.35467368887747,70.5263559941204,71.76953887939453,5829700.0
2024-03-07 00:00:00-05:00,71.77948857971971,72.34774256006803,70.53331690298847,71.86920928955078,5393700.0
2024-03-08 00:00:00-05:00,72.17828188852116,74.18212854221929,68.7886926152589,69.15756225585938,7610700.0
2024-03-11 00:00:00-04:00,68.04098698630261,68.11077230973969,65.68821378752465,66.79481506347656,11753400.0
2024-03-12 00:00:00-04:00,68.50954495870378,72.36768814498542,68.1406753523079,72.09851837158203,7662700.0
2024-03-13 00:00:00-04:00,71.56017481750342,74.41141676700808,71.3219083294512,73.14530944824219,8822900.0
2024-03-14 00:00:00-04:00,73.67368337090478,76.04639190204784,73.01570096465468,73.69361877441406,9816100.0
2024-03-15 00:00:00-04:00,73.5839424340277,75.22390861330312,72.44743447795949,73.93287658691406,8130500.0
2024-03-18 00:00:00-04:00,76.89977813478963,79.44282919653332,75.36397567344808,76.92969512939453,12558000.0
2024-03-19 00:00:00-04:00,74.79553301213178,77.06931599832538,72.71123447765268,76.84991455078125,12532800.0
2024-03-20 00:00:00-04:00,77.488167013265,78.40566464202833,75.22435895784577,77.6277847290039,6214900.0
2024-03-21 00:00:00-04:00,81.79638033224604,84.5189407081483,80.90880740429343,81.88613891601562,11019800.0
2024-03-22 00:00:00-04:00,82.97317403989534,83.79093822122863,81.31770354975015,82.27508544921875,6338800.0
2024-03-25 00:00:00-04:00,82.17534782362682,83.00308675442946,80.69937951799571,81.72657012939453,7094700.0
2024-03-26 00:00:00-04:00,82.2750759017258,86.38882969681208,81.93600651377113,82.44461059570312,8377100.0
2024-03-27 00:00:00-04:00,82.44460906117074,83.05294658338447,78.30592198021621,80.78913879394531,7800500.0
2024-03-28 00:00:00-04:00,80.87888863349416,82.73381816559345,80.38025182612539,81.44733428955078,5077400.0
2024-04-01 00:00:00-04:00,81.85623697234848,82.61415959736611,79.35108410171851,80.18081665039062,6376400.0
2024-04-02 00:00:00-04:00,78.50539044544799,81.05840879860244,76.94964583756885,80.54979705810547,6930200.0
2024-04-03 00:00:00-04:00,79.78189674707104,85.59600429857655,79.58244504864119,85.1173095703125,8018000.0
2024-04-04 00:00:00-04:00,87.38112345541933,88.45318962871346,80.36031576490649,80.47001647949219,11498400.0
2024-04-05 00:00:00-04:00,82.37481001416921,85.17715441822978,81.57699558139986,85.10733795166016,7984600.0
2024-04-08 00:00:00-04:00,85.18712766212215,85.76554830231694,82.02078785681594,83.92059326171875,6525000.0
2024-04-09 00:00:00-04:00,84.02030563745082,84.13998121543486,78.71481008433182,81.57698822021484,10232900.0
2024-04-10 00:00:00-04:00,79.91153772905403,85.15221581907258,79.09677139698239,84.53888702392578,8810800.0
2024-04-11 00:00:00-04:00,85.50623636055352,88.00939522774901,84.70842204545822,86.10459899902344,8896300.0
2024-04-12 00:00:00-04:00,84.39926576666706,86.50351376454465,83.28232415470146,83.66128540039062,5903600.0
2024-04-15 00:00:00-04:00,85.26689120749855,86.21429806636664,80.12095587548247,80.45005798339844,7638000.0
2024-04-16 00:00:00-04:00,80.2306635420192,83.13273356783841,79.37300757890664,82.13545989990234,6775600.0
2024-04-17 00:00:00-04:00,82.93328554139762,84.89790836280281,79.88162280885713,81.65676879882812,6168700.0
2024-04-18 00:00:00-04:00,82.36482534480967,84.55883189317535,79.8118072900071,80.78913879394531,6618400.0
2024-04-19 00:00:00-04:00,79.69214659347105,79.9314901557929,74.3667009737959,74.80550384521484,15942300.0
2024-04-22 00:00:00-04:00,75.59336451737285,77.03841190006115,72.38214134820238,75.86262512207031,10949600.0
2024-04-23 00:00:00-04:00,76.66042267477819,79.57245969627913,76.21164499955233,78.95414733886719,7385700.0
2024-04-24 00:00:00-04:00,89.545209501689,94.13266715702568,81.61687875009905,84.33943939208984,28787700.0
2024-04-25 00:00:00-04:00,82.77370877667491,92.23683638182077,81.67670933870278,90.10366821289062,20852400.0
2024-04-26 00:00:00-04:00,92.61681023360943,95.06012772814476,92.30765021618494,93.23511505126953,15253900.0
2024-04-29 00:00:00-04:00,92.92595605256923,94.60137603556741,90.94138368266464,94.54154205322266,11883700.0
2024-04-30 00:00:00-04:00,93.49441528320312,95.44009280359994,91.08101460275552,92.7464599609375,11015300.0
2024-05-01 00:00:00-04:00,91.87881432203267,92.74644509589447,86.55437365895204,88.27865600585938,10953700.0
2024-05-02 00:00:00-04:00,90.22336164828995,92.18799224611065,87.12183953037115,91.9187240600586,6046500.0
2024-05-03 00:00:00-04:00,93.92324774075328,94.621336364394,92.30766142927646,92.75643920898438,4749000.0
2024-05-06 00:00:00-04:00,94.1326642612617,97.01478465558455,94.1326642612617,96.99484252929688,5701300.0
2024-05-07 00:00:00-04:00,95.63855160240998,97.22421317060046,94.5914111493295,94.65125274658203,5752100.0
2024-05-08 00:00:00-04:00,94.46176702073875,97.81260729474833,93.84345458149599,97.4136962890625,6006400.0
2024-05-09 00:00:00-04:00,97.3339042732557,99.1688916996298,95.28949790726762,97.67298126220703,6894400.0
2024-05-10 00:00:00-04:00,99.3284700586668,100.02456523097793,94.76095417800384,95.13992309570312,8692800.0
2024-05-13 00:00:00-04:00,95.15984682703551,96.36654699208272,93.48442684403733,94.54154205322266,4466600.0
2024-05-14 00:00:00-04:00,94.11272426373036,98.68023214637624,92.8461823708702,98.4608383178711,4872000.0
2024-05-15 00:00:00-04:00,100.74458531150988,104.47439440864217,100.73461805274884,104.31482696533203,8483800.0
2024-05-16 00:00:00-04:00,102.1906433953246,103.46715259063386,96.94498128779286,97.02476501464844,8234300.0
2024-05-17 00:00:00-04:00,98.41097087746651,98.67026417476612,94.79087001724527,96.54606628417969,8078400.0
2024-05-20 00:00:00-04:00,97.35387008395666,101.02383793418342,97.35387008395666,99.04923248291016,6056000.0
2024-05-21 00:00:00-04:00,96.77543531789964,99.90687395108439,96.23690663715783,98.85973358154297,4538400.0
2024-05-22 00:00:00-04:00,99.72736704962475,101.67204766365472,98.82981922445927,99.85700988769531,5919700.0
2024-05-23 00:00:00-04:00,104.71374848725245,105.35200310743951,100.81440429622047,100.96399688720703,10831100.0
2024-05-24 00:00:00-04:00,101.32300607950658,108.97309784285149,100.94404481379286,105.88054656982422,10019600.0
2024-05-28 00:00:00-04:00,107.815244968406,108.70281782637424,103.01836158898287,104.873291015625,9810400.0
2024-05-29 00:00:00-04:00,104.31481377796364,105.1425526661555,102.82887829081221,102.92860412597656,7080700.0
2024-05-30 00:00:00-04:00,102.56959773888327,104.18518385962214,101.36289748414282,102.00115203857422,4799900.0
2024-05-31 00:00:00-04:00,100.12628482874837,100.4294568972988,92.14809492380579,97.8026351928711,17944400.0
2024-06-03 00:00:00-04:00,97.93226728686257,98.12175171105008,92.39740321318834,95.84796905517578,9698100.0
2024-06-04 00:00:00-04:00,93.69385006606495,94.15260260974199,88.8869917010335,91.83892059326172,13986400.0
2024-06-05 00:00:00-04:00,93.31490511804316,98.09184732607544,93.08552880620078,96.81533813476562,9545800.0
2024-06-06 00:00:00-04:00,95.83800988179824,97.02476812893359,86.9223873558777,87.76009368896484,20215600.0
2024-06-07 00:00:00-04:00,87.63044054869549,90.5524527203675,84.90788006855696,87.44095611572266,13592800.0
2024-06-10 00:00:00-04:00,87.27142572774697,92.2478194806764,87.2614508600993,91.05109405517578,7944400.0
2024-06-11 00:00:00-04:00,90.50258521554962,90.85162947703122,88.3584453113136,89.0565414428711,6583900.0
2024-06-12 00:00:00-04:00,91.8588615604521,94.98032483785006,89.13630159125859,89.92414855957031,9862600.0
2024-06-13 00:00:00-04:00,91.18072903361367,95.65848553816765,90.27320637083956,95.0501480102539,9510700.0
2024-06-14 00:00:00-04:00,94.50164695875193,95.1897605579302,90.07374981064343,91.2305908203125,8047200.0
2024-06-17 00:00:00-04:00,91.66452340895637,91.87400720613084,86.66681461424771,89.33026885986328,9299200.0
2024-06-18 00:00:00-04:00,88.87140638371532,96.12357307658154,87.53469784187516,95.10607147216797,11453500.0
2024-06-20 00:00:00-04:00,94.89658168663092,97.2647572732671,89.43800792897592,90.2679672241211,10777000.0
2024-06-21 00:00:00-04:00,89.18064392521731,90.66698583427981,85.7989624563705,90.39765167236328,12026100.0
2024-06-24 00:00:00-04:00,89.28038953733893,89.92879612315271,86.82642667115775,88.92127227783203,8392000.0
2024-06-25 00:00:00-04:00,89.31031302566954,91.58471721927528,88.29281921667311,91.49494171142578,6515200.0
2024-06-26 00:00:00-04:00,89.97866060606403,90.76672298590537,85.46477031968288,86.79649353027344,8985200.0
2024-06-27 00:00:00-04:00,86.7865250029967,87.90377955896987,86.05831288128648,86.66681671142578,6727000.0
2024-06-28 00:00:00-04:00,86.78652730176682,89.11081198595068,84.57197331842767,86.35758209228516,23351600.0
2024-07-01 00:00:00-04:00,87.19552452170892,87.40500832851042,82.60680551707883,86.4473648071289,8693900.0
2024-07-02 00:00:00-04:00,85.89872594163435,88.85146253834087,85.45481807310716,87.78408813476562,7714400.0
2024-07-03 00:00:00-04:00,87.84392426261456,93.1907730102539,87.71424598416586,93.1907730102539,7859600.0
2024-07-05 00:00:00-04:00,92.77180196359238,94.36787445373444,90.88644014544425,91.55479431152344,5903000.0
2024-07-08 00:00:00-04:00,92.52242988650191,94.21825574581194,91.57476383759487,92.10346221923828,4309200.0
2024-07-09 00:00:00-04:00,92.73190826534268,95.24572934240369,92.43264892519,92.53240203857422,6111900.0
2024-07-10 00:00:00-04:00,93.22069588043976,94.14642021929636,90.62707710076351,93.86910247802734,4254900.0
2024-07-11 00:00:00-04:00,94.75691959237692,95.12601445810282,90.53730306385191,92.63214874267578,6257800.0
2024-07-12 00:00:00-04:00,91.77425091630163,93.2007422947537,88.46040382162258,89.44996643066406,10282400.0
2024-07-15 00:00:00-04:00,89.67941719158672,90.70688870068119,87.18555134983333,87.67434692382812,7589600.0
2024-07-16 00:00:00-04:00,89.56968297791137,90.85052901449241,87.33518140219817,89.4998550415039,6182000.0
2024-07-17 00:00:00-04:00,86.37752543242765,87.98357549072996,81.57933044433594,81.57933044433594,13005800.0
2024-07-18 00:00:00-04:00,83.42480386294714,86.56707658918104,79.58425169118354,82.35742950439453,13846400.0
2024-07-19 00:00:00-04:00,82.73649007170025,86.25782718719815,82.14793381483206,85.10066986083984,7387300.0
2024-07-22 00:00:00-04:00,87.52470686340322,89.09085418971704,85.90868679041289,87.63443756103516,7697000.0
2024-07-23 00:00:00-04:00,87.50475996451523,92.12339645173275,87.28529856755183,90.7767105102539,10060900.0
2024-07-24 00:00:00-04:00,88.16314299587,88.64196858888843,78.09790405481705,78.39716339111328,22908000.0
2024-07-25 00:00:00-04:00,79.0455733081875,79.52340192261386,71.82333962166464,76.29235076904297,17502800.0
2024-07-26 00:00:00-04:00,79.55432270675713,80.30248248142883,76.63151154927938,76.93077850341797,7834600.0
2024-07-29 00:00:00-04:00,77.3098434546055,79.803709372496,76.12276084227368,77.8086166381836,8083800.0
2024-07-30 00:00:00-04:00,78.19765612229256,79.60420009932137,71.7136049837232,72.8508071899414,12157600.0
2024-07-31 00:00:00-04:00,80.39725943569087,80.85114490874699,77.79864751750608,78.50690460205078,16390300.0
2024-08-01 00:00:00-04:00,79.55431940748885,80.70149920321136,73.45432576196617,73.81842803955078,10460800.0
2024-08-02 00:00:00-04:00,67.97280521031138,70.57640169806204,65.66947265930175,69.28956604003906,16616300.0
2024-08-05 00:00:00-04:00,62.24690286504595,68.75090266948608,62.24690286504595,67.56382751464844,15898300.0
2024-08-06 00:00:00-04:00,68.9304555575899,71.06520427074183,66.21712809882757,69.10003662109375,11978600.0
2024-08-07 00:00:00-04:00,70.8257850149705,71.82333128278698,66.03755988518175,67.05506134033203,11165100.0
2024-08-08 00:00:00-04:00,69.41924861572451,71.53404967156055,66.5862205625181,70.8856430053711,9929400.0
2024-08-09 00:00:00-04:00,70.77590957642082,71.91311179191622,69.68858772205267,71.28466033935547,6669300.0
2024-08-12 00:00:00-04:00,71.42430107968342,73.33958781451143,70.59633596877121,72.76101684570312,6761500.0
2024-08-13 00:00:00-04:00,73.34957564509185,76.57165342962199,72.89070527648931,76.05292510986328,8043000.0
2024-08-14 00:00:00-04:00,77.34975111343842,80.60175460698247,76.71630699925228,79.96332550048828,11372200.0
2024-08-15 00:00:00-04:00,81.30003003568324,82.84622997020239,80.10297742298609,82.7564468383789,7604900.0
2024-08-16 00:00:00-04:00,81.79879954711637,81.79879954711637,78.81613813364332,79.22512817382812,6846400.0
2024-08-19 00:00:00-04:00,78.80616307695968,78.87599101829709,75.65391290075739,78.68645477294922,6791700.0
2024-08-20 00:00:00-04:00,78.57672252230904,79.19520399821926,75.82350008014669,76.32227325439453,5977800.0
2024-08-21 00:00:00-04:00,76.13273681895174,78.40714127002398,75.22696759843716,77.79863739013672,5735300.0
2024-08-22 00:00:00-04:00,77.96822494889268,78.67648193121046,75.65391015280143,76.59160614013672,4304800.0
2024-08-23 00:00:00-04:00,77.14025400450856,78.6465433753173,76.1327301523285,78.35726165771484,4990700.0
2024-08-26 00:00:00-04:00,78.14777335469927,78.92586586032971,76.71131186042413,77.86846160888672,4828700.0
2024-08-27 00:00:00-04:00,76.81106837682037,80.80125374704481,76.16266173202398,80.01319122314453,5431800.0
2024-08-28 00:00:00-04:00,80.40223137395479,81.72398480620706,78.19765493363326,80.32242584228516,6981700.0
2024-08-29 00:00:00-04:00,81.01073550373307,83.5445040626145,78.74630871246403,79.7238998413086,7012300.0
2024-08-30 00:00:00-04:00,81.00076689699927,83.38490225070231,80.27256226664826,82.82627868652344,7101000.0
2024-09-03 00:00:00-04:00,82.04818462506495,82.59683814403121,74.62643758648217,75.0154800415039,9052500.0
2024-09-04 00:00:00-04:00,73.89822531802317,76.68138016679507,73.0902077098806,74.87581634521484,5232300.0
2024-09-05 00:00:00-04:00,74.33714007813113,75.50626892218692,73.1899680273671,74.9655990600586,3809900.0
2024-09-06 00:00:00-04:00,75.21499291634326,75.86339953670407,70.94948394215527,71.5938949584961,8197900.0
2024-09-09 00:00:00-04:00,72.82088450369449,74.75612688345518,72.27223095973922,74.29725646972656,5446600.0
2024-09-10 00:00:00-04:00,75.09528432402865,76.50182826160832,73.48923417051216,75.28482055664062,4235500.0
2024-09-11 00:00:00-04:00,75.76363534817003,82.4172746816907,75.3097575843091,82.18783569335938,10119200.0
2024-09-12 00:00:00-04:00,81.44965693749673,87.39503197370212,81.31000106431576,86.547119140625,11803600.0
2024-09-13 00:00:00-04:00,88.30278246023889,89.00106933647398,85.20042091409405,85.549560546875,7264500.0
2024-09-16 00:00:00-04:00,84.23281180061838,87.40500933125739,83.54450241989245,86.77655029296875,6043800.0
2024-09-17 00:00:00-04:00,87.80931355989608,88.52376547624125,85.91342913091674,87.1008529663086,4287300.0
2024-09-18 00:00:00-04:00,88.10867489694529,90.30390489907023,86.89131717085552,87.47006225585938,8542000.0
2024-09-19 00:00:00-04:00,91.72082337408162,93.4570585752084,89.83491928739471,91.86051940917969,9608800.0
2024-09-20 00:00:00-04:00,92.59891654642134,94.91388907943873,92.09999998660842,94.33514404296875,13255800.0
2024-09-23 00:00:00-04:00,95.12343725601956,96.49046381709937,94.81410379874234,95.86183166503906,6964900.0
2024-09-24 00:00:00-04:00,95.92169843026485,97.35658603923517,95.0535884578213,97.17897033691406,5068300.0
2024-09-25 00:00:00-04:00,97.98721604503318,101.28006861153878,97.87246735998137,100.52171325683594,8452500.0
2024-09-26 00:00:00-04:00,102.21802585885699,103.46531724189512,97.20889940137288,100.40196990966797,9150700.0
2024-09-27 00:00:00-04:00,99.91302867563496,100.12257271962082,95.81193389781687,98.19676208496094,7032700.0
2024-09-30 00:00:00-04:00,97.18894651508919,99.48395810222578,95.74208393670281,99.2744140625,4848300.0
2024-10-01 00:00:00-04:00,99.40414414342793,99.62865508638062,95.95164225378258,97.40847778320312,4428600.0
2024-10-02 00:00:00-04:00,96.99935877451956,102.26791654373622,96.0913345744165,102.0583724975586,6185500.0
2024-10-03 00:00:00-04:00,102.39764313218524,105.021941641114,101.42974373463186,102.46749114990234,6036300.0
2024-10-04 00:00:00-04:00,103.9941661017525,105.15763985283856,102.71694096161502,104.97203826904297,5740300.0
2024-10-07 00:00:00-04:00,104.972034913826,107.43668379118677,104.17078117838292,106.49872589111328,6403600.0
2024-10-08 00:00:00-04:00,105.6106517059614,107.84580333241037,104.90219111812831,106.58853149414062,4942600.0
2024-10-09 00:00:00-04:00,107.07746929818462,109.14298354487693,106.82801101905336,107.8857192993164,5512600.0
2024-10-10 00:00:00-04:00,106.2692222830851,108.85360628819004,104.39329884632394,107.23712158203125,4653900.0
2024-10-11 00:00:00-04:00,107.30697092096275,111.82216715511763,107.07746596165386,111.59764862060547,6545000.0
2024-10-14 00:00:00-04:00,112.09656435908326,113.18420637308986,111.28832200179755,112.16641998291016,5474300.0
2024-10-15 00:00:00-04:00,111.55774061555722,111.71738994856177,106.05967825128164,107.23712158203125,9795900.0
2024-10-16 00:00:00-04:00,109.28267166669383,112.53560952285062,109.00327963233595,111.4479751586914,6210100.0
2024-10-17 00:00:00-04:00,113.62326388690376,115.9382364976378,112.79506054272345,114.0323715209961,7672800.0
2024-10-18 00:00:00-04:00,113.85274925987383,114.03235951303722,111.87704408793857,112.00675964355469,4167800.0
2024-10-21 00:00:00-04:00,111.23844092643158,112.92976778098263,110.21566044336218,111.86707305908203,5974800.0
2024-10-22 00:00:00-04:00,110.26055545410465,113.8627334856614,110.01109718384649,112.22628784179688,9649700.0
2024-10-23 00:00:00-04:00,106.76814470108418,116.15775809018535,104.2935151938668,108.12519836425781,18855300.0
2024-10-24 00:00:00-04:00,109.27270271887691,111.6974374077132,107.8557739595473,109.79157257080078,8149800.0
2024-10-25 00:00:00-04:00,110.64474438226034,114.62111057607434,110.33042446579081,111.92695617675781,6257400.0
2024-10-28 00:00:00-04:00,112.84493784977249,114.94039337996217,112.42584978887942,113.36381530761719,4765800.0
2024-10-29 00:00:00-04:00,112.75513263269536,113.90264214223764,112.15643433597909,113.58333587646484,4019800.0
2024-10-30 00:00:00-04:00,113.06446642299473,113.88268926263758,110.37131737601271,112.20632934570312,3529500.0
2024-10-31 00:00:00-04:00,109.43235836089107,110.23062791602413,106.94775598015501,109.05318450927734,5806500.0
2024-11-01 00:00:00-04:00,109.6718375536216,109.76163887671049,106.41889957894675,106.6683578491211,5008300.0
2024-11-04 00:00:00-05:00,106.12954253431589,107.1752682837763,104.35340060996137,105.97986602783203,4637700.0
2024-11-05 00:00:00-05:00,107.25708654063403,112.32608092940092,106.81804511755035,112.19636535644531,4133600.0
2024-11-06 00:00:00-05:00,116.73649608148061,120.17902495755902,114.83063875641,120.1690444946289,7598500.0
2024-11-07 00:00:00-05:00,122.62371451960406,124.58446060725163,120.67794293295785,121.9052734375,7696700.0
2024-11-08 00:00:00-05:00,121.34648024440033,125.53238966828305,120.33866671215979,125.47750854492188,4621500.0
2024-11-11 00:00:00-05:00,129.86796190055045,130.01764598948924,123.57663199658704,126.52523040771484,6556500.0
2024-11-12 00:00:00-05:00,124.83889593541005,126.39551308772957,120.98725967807295,123.54170989990234,6110700.0
2024-11-13 00:00:00-05:00,125.71699013656799,128.43110499947042,124.02067691172415,124.2601547241211,4591000.0
2024-11-14 00:00:00-05:00,124.52956550885108,124.59941351661593,119.3508096337398,120.76773071289062,5020200.0
2024-11-15 00:00:00-05:00,118.76209587942886,122.98293337241765,118.38292203035135,120.60809326171875,6155000.0
2024-11-18 00:00:00-05:00,124.36991024389359,127.06405642293758,119.46057348468089,122.75341796875,7583700.0
2024-11-19 00:00:00-05:00,123.36211524291394,140.81421570398552,123.36211524291394,140.63461303710938,14850300.0
2024-11-20 00:00:00-05:00,140.295340710314,141.45281554103357,134.11875135173753,137.24195861816406,10605600.0
2024-11-21 00:00:00-05:00,138.67883982183,145.3543456895827,136.98252659884605,141.18341064453125,10137200.0
2024-11-22 00:00:00-05:00,141.9517420862056,142.5903547095903,138.8385074504209,139.8463134765625,4944000.0
2024-11-25 00:00:00-05:00,140.72441024086154,141.3929566352697,130.36689710128485,131.74391174316406,10649700.0
2024-11-26 00:00:00-05:00,133.27059247478726,135.166484586643,129.95779434915613,131.4545440673828,7680900.0
2024-11-27 00:00:00-05:00,129.76320748391146,130.3868531897777,124.25017792148145,126.6649398803711,7384600.0
2024-11-29 00:00:00-05:00,129.65842722203385,130.69616688086032,127.02414861423333,127.32349395751953,3018300.0
2024-12-02 00:00:00-05:00,128.720483311473,131.70401007258957,123.781211996992,126.77471160888672,5331900.0
2024-12-03 00:00:00-05:00,127.60116089890923,131.4339832127282,126.09398742000845,127.92057037353516,7607800.0
2024-12-04 00:00:00-05:00,129.96672119082973,132.6516823777097,128.97856543264604,130.63546752929688,5222800.0
2024-12-05 00:00:00-05:00,132.7514874144471,136.8038988039384,130.30606832392073,134.3285369873047,11214600.0
2024-12-06 00:00:00-05:00,134.7477905251645,135.26881848309387,130.45582081793614,133.59994506835938,4552300.0
2024-12-09 00:00:00-05:00,133.30048139343853,133.30048139343853,121.61235337839129,125.93426513671875,8959200.0
2024-12-10 00:00:00-05:00,126.26365304321322,127.59116995817865,120.40461754789985,121.47261810302734,6682900.0
2024-12-11 00:00:00-05:00,123.86812685014795,126.76270993870536,122.10143731426204,125.60487365722656,4269500.0
2024-12-12 00:00:00-05:00,123.73837311088863,125.93425953941072,123.06962678035522,124.8063735961914,3265000.0
2024-12-13 00:00:00-05:00,126.76271230134034,128.75897548718822,121.57243106419175,125.54499053955078,11623200.0
2024-12-16 00:00:00-05:00,125.98417493507674,126.97232311165935,123.35808630411141,125.7346420288086,4849100.0
2024-12-17 00:00:00-05:00,123.26925548135543,124.14760856843615,118.97728645497695,120.46450805664062,5869200.0
2024-12-18 00:00:00-05:00,121.65228815133764,122.27113254321101,112.58426262307228,113.90679168701172,6554000.0
2024-12-19 00:00:00-05:00,116.99101686417885,117.47012343584096,112.70304541215059,115.22432708740234,6615500.0
2024-12-20 00:00:00-05:00,113.98662703121106,120.773925038085,112.36965869364687,119.81571960449219,8720800.0
2024-12-23 00:00:00-05:00,120.27486504544298,120.64417650114088,115.38401838778695,117.52001953125,4161500.0
2024-12-24 00:00:00-05:00,118.30854359630388,119.34161351229201,117.73960885877337,118.51815032958984,1725800.0
2024-12-26 00:00:00-05:00,117.77952961778131,119.87560446930708,117.5499559975258,118.65788269042969,2188900.0
2024-12-27 00:00:00-05:00,116.85127274115658,117.77953548646056,113.26798374899681,114.89493560791016,3813100.0
2024-12-30 00:00:00-05:00,112.12012442141217,117.97915203793443,112.02031278447059,115.9429702758789,3663200.0
2024-12-31 00:00:00-05:00,116.17254032096919,116.28233540996662,113.17814541770825,113.39773559570312,3431600.0
2025-01-02 00:00:00-05:00,114.80510122105451,119.98241427002316,114.66536339660168,118.0789794921875,4808000.0
2025-01-03 00:00:00-05:00,119.02720013965671,125.87438391832742,118.86749541921252,125.4352035522461,7696700.0
2025-01-06 00:00:00-05:00,131.0546784798496,134.83759043727832,130.85505521145942,133.82948303222656,9688500.0
2025-01-07 00:00:00-05:00,134.74777445818393,135.07715973449314,125.77457294317078,130.3959197998047,7258000.0
2025-01-08 00:00:00-05:00,129.95672795414376,130.36596555495672,124.96607008163227,129.02847290039062,4115800.0
2025-01-10 00:00:00-05:00,127.84068427769346,128.98852940995428,121.91178073409259,128.6890869140625,5205600.0
2025-01-13 00:00:00-05:00,123.01473496914804,124.45703486389351,118.47822094216025,123.77830505371094,6856600.0
2025-01-14 00:00:00-05:00,125.89434492015627,130.63547797248546,125.47513144597535,128.70907592773438,6231600.0
2025-01-15 00:00:00-05:00,132.21253474512858,133.24060920151445,128.62923028413206,131.75338745117188,4268100.0
2025-01-16 00:00:00-05:00,133.60990133904144,135.96549260806438,131.37109585769423,132.34226989746094,4427700.0
2025-01-17 00:00:00-05:00,134.24370711184852,137.04347422055596,132.35225866122119,135.62612915039062,4915100.0
2025-01-21 00:00:00-05:00,140.87627695212893,143.21190096792319,135.2967256154168,142.86256408691406,7427400.0
2025-01-22 00:00:00-05:00,149.79961497999352,154.50080699706191,147.40408964002762,148.31239318847656,9963900.0
2025-01-23 00:00:00-05:00,147.1844992051912,154.9699138589581,146.27619575215832,153.20323181152344,7579300.0
2025-01-24 00:00:00-05:00,153.97176730840255,155.54881698389195,145.13831223547794,146.04661560058594,8530300.0
2025-01-27 00:00:00-05:00,116.83131743533988,121.25304112947585,98.924832468433,102.40830993652344,47118800.0
2025-01-28 00:00:00-05:00,103.98536199231499,106.80009311369652,97.31784185593841,106.35093688964844,24199200.0
2025-01-29 00:00:00-05:00,108.73646716629736,112.45450613452329,105.84188378430645,110.25362396240234,17317300.0
2025-01-30 00:00:00-05:00,115.73335564979962,119.51627531702124,111.23178762930819,114.38587951660156,13358600.0
2025-01-31 00:00:00-05:00,117.82943537266591,120.9605675412461,113.48755693306798,116.80135345458984,11188000.0
2025-02-03 00:00:00-05:00,105.55242507016366,114.13835115460783,104.8038263108008,112.3896255493164,10950400.0
2025-02-04 00:00:00-05:00,112.78886739323649,113.52748262268763,109.3453165233041,111.0421371459961,7636300.0
2025-02-05 00:00:00-05:00,114.05650404406344,119.1759268671771,113.32787218009061,118.81759643554688,8100300.0
2025-02-06 00:00:00-05:00,119.43643577228771,121.11328961800089,117.3303774013607,119.33661651611328,5610600.0
2025-02-07 00:00:00-05:00,120.77392622617944,123.79826382152005,119.24678606339477,121.15321350097656,6041100.0
2025-02-10 00:00:00-05:00,120.55434065622096,126.28860978341267,120.55434065622096,125.52503967285156,7773300.0
2025-02-11 00:00:00-05:00,123.35409516325687,124.62671449992136,119.98540095068962,123.01972198486328,9012300.0
2025-02-12 00:00:00-05:00,110.87247603744724,115.78328239411557,110.5381028167639,111.03217315673828,21298100.0
2025-02-13 00:00:00-05:00,112.78887172368186,114.28606913594312,105.62228647238568,109.07582092285156,14407500.0
2025-02-14 00:00:00-05:00,109.09579385166506,109.09579385166506,105.66221849285043,107.84812927246094,7157300.0
2025-02-18 00:00:00-05:00,110.80259602163258,113.15818731257488,108.77639000110834,109.75455474853516,6717700.0
2025-02-19 00:00:00-05:00,109.65474959334998,110.17377472868623,106.47070702124736,107.63851928710938,5945000.0
2025-02-20 00:00:00-05:00,108.79635499369081,110.3983597183423,102.47817952284551,104.63414764404297,9035800.0
2025-02-21 00:00:00-05:00,104.80381352102964,104.80381352102964,94.39330107333511,95.8106460571289,15635300.0
2025-02-24 00:00:00-05:00,96.8187679256621,96.8187679256621,88.57419854532013,90.84993743896484,17153500.0
2025-02-25 00:00:00-05:00,88.83372602437903,94.07391772806432,84.5317806054368,91.72830963134766,20420600.0
2025-02-26 00:00:00-05:00,100.47193898994026,101.60980850075214,96.84871610249256,98.42576599121094,15843700.0
2025-02-27 00:00:00-05:00,103.50625021713844,104.01230674646052,91.76822736469546,92.23735046386719,12551000.0
2025-02-28 00:00:00-05:00,91.33902961329161,95.90049095865224,90.82998033849596,94.9921875,9527600.0
2025-03-03 00:00:00-05:00,93.48500493085231,94.72268592461933,83.94286210367223,85.25041961669922,15779700.0
2025-03-04 00:00:00-05:00,81.95658971080783,88.7937899335591,78.85239969584866,86.22859191894531,17251800.0
2025-03-05 00:00:00-05:00,86.04893041972217,89.09323506150146,83.63345360419189,87.72579193115234,8103200.0
2025-03-06 00:00:00-05:00,82.49557964541391,85.32029394838146,80.4494067850701,81.88671875,10284400.0
2025-03-07 00:00:00-05:00,81.88671638145405,85.34025076161615,79.64092030877994,84.88111114501953,9677300.0
2025-03-10 00:00:00-04:00,81.10319393392453,82.31592798992219,75.9578258967744,77.87423706054688,14742900.0
2025-03-11 00:00:00-04:00,78.80249885280183,85.19054359499016,77.97405528532411,82.96471405029297,10287600.0
2025-03-12 00:00:00-04:00,88.73390177990571,89.35273850530804,82.69520248464718,85.22047424316406,9870900.0
2025-03-13 00:00:00-04:00,84.09258976314993,84.9709428554274,79.76269731421033,82.93475341796875,8079800.0
2025-03-14 00:00:00-04:00,86.65779323952178,87.69585111355393,83.44380797120192,87.28661346435547,7348500.0
2025-03-17 00:00:00-04:00,86.65778699459393,90.55050183790385,86.41823753789268,88.91356658935547,7248000.0
2025-03-18 00:00:00-04:00,87.73327666917841,88.0378370603949,83.93875451156859,84.53789520263672,6148800.0
2025-03-19 00:00:00-04:00,85.66625979684316,91.05847251024302,84.53789242013292,89.0413818359375,7165400.0
2025-03-20 00:00:00-04:00,86.75467640743032,90.67501581168446,86.39319906521537,88.95150756835938,5474100.0
2025-03-21 00:00:00-04:00,86.93442395997603,88.98147012834761,85.62631591565089,88.50215911865234,5240900.0
2025-03-24 00:00:00-04:00,91.8673057041062,94.064129532283,90.42938022041787,93.55487060546875,6225200.0
2025-03-25 00:00:00-04:00,92.81592552525085,93.88438184851621,89.38089257461267,91.44790649414062,6850800.0
2025-03-26 00:00:00-04:00,85.57639076361782,86.45512640430793,79.98446923780405,81.50228118896484,18957000.0
2025-03-27 00:00:00-04:00,78.45667759876034,79.3453933356568,75.82048589990488,76.20992279052734,17175000.0
2025-03-28 00:00:00-04:00,75.54088066214922,76.38965306137548,72.38543512723142,74.14289855957031,13147200.0
2025-03-31 00:00:00-04:00,69.89903203902024,72.38543833125907,68.15155623804473,72.09585571289062,13779500.0
2025-04-01 00:00:00-04:00,71.80628369079113,75.56085493935221,70.26850400795263,75.16143035888672,10133200.0
2025-04-02 00:00:00-04:00,72.39542084950948,77.56794915425138,72.32552212721794,76.99877166748047,8254100.0
2025-04-03 00:00:00-04:00,69.49960555176837,71.41683426336715,66.52390825075582,67.3726806640625,14045300.0
2025-04-04 00:00:00-04:00,59.95339883862878,61.70087462756513,55.24020577752665,59.32430648803711,27351300.0
2025-04-07 00:00:00-04:00,53.53267160767022,67.75212918379839,53.52268389888258,63.727943420410156,20280000.0
2025-04-08 00:00:00-04:00,70.09874272387928,70.24852789236765,60.582489709205284,62.80927658081055,17171900.0
2025-04-09 00:00:00-04:00,61.76578132901099,76.37967046922553,61.19160993380337,72.7149658203125,18896600.0
2025-04-10 00:00:00-04:00,69.0902021279554,70.67790504010085,65.82491454056256,67.63230895996094,11791000.0
2025-04-11 00:00:00-04:00,67.20292469662017,69.60944437807,65.58725477629058,69.50959014892578,8185500.0
2025-04-14 00:00:00-04:00,73.11438790335163,73.3140963738444,70.0288409910265,71.46676635742188,7879500.0
2025-04-15 00:00:00-04:00,71.26705435147181,73.36402366117753,71.26705435147181,72.60511779785156,6190300.0
2025-04-16 00:00:00-04:00,69.08021525027726,72.105843567111,68.22744315706996,71.5466537475586,14543000.0
2025-04-17 00:00:00-04:00,72.3954332117417,73.63364262593797,70.74781148393427,73.10440826416016,9296500.0
2025-04-21 00:00:00-04:00,70.74281971906696,71.39687377738585,65.83490783121184,67.47254180908203,8511100.0
2025-04-22 00:00:00-04:00,69.11017913716775,72.49528921075039,68.90048292941556,71.71641540527344,10428000.0
2025-04-23 00:00:00-04:00,85.35171388210401,86.80461709589835,77.12859099867413,77.88749694824219,24253700.0
2025-04-24 00:00:00-04:00,80.13424160241303,84.71761699798584,79.88460222047405,83.75900268554688,13734200.0
2025-04-25 00:00:00-04:00,84.84743761681506,89.14123058033292,84.42804526743515,86.82457733154297,14315000.0
2025-04-28 00:00:00-04:00,86.8245831122406,87.87307167388737,84.2123590268811,86.02574157714844,8872000.0
2025-04-29 00:00:00-04:00,86.87451067070688,87.37378946766496,84.54786964846863,86.06568145751953,6317500.0
2025-04-30 00:00:00-04:00,81.66203779712842,85.28680669378728,80.39387302069937,85.25684356689453,8979700.0
2025-05-01 00:00:00-04:00,91.50782799154926,94.7930837736889,91.03351460268392,92.41651916503906,16440700.0
2025-05-02 00:00:00-04:00,93.97426038152098,96.85010365041364,92.86586078844573,94.86297607421875,9145600.0
2025-05-05 00:00:00-04:00,92.9756942093562,95.65182875152807,92.81592134432408,94.6932144165039,6240200.0
2025-05-06 00:00:00-04:00,91.80738942829852,93.81448474630692,91.67757206276653,93.34516906738281,6740400.0
2025-05-07 00:00:00-04:00,92.76600882383958,95.51204240915114,91.70753251590492,95.3822250366211,10037400.0
2025-05-08 00:00:00-04:00,96.810159646657,97.13968549455515,94.73316555624623,95.6019058227539,7275900.0
2025-05-09 00:00:00-04:00,95.92144699786756,96.80018262008196,91.99711506412396,93.92433166503906,6369800.0
2025-05-12 00:00:00-04:00,100.95417440887104,101.60323838908869,99.2965727121942,100.90425109863281,8952200.0
2025-05-13 00:00:00-04:00,100.9242146524038,107.53466859732217,100.75446169163448,105.4277114868164,8987200.0
2025-05-14 00:00:00-04:00,108.39343883441414,109.79141348684023,106.6659307019298,109.32209777832031,9603500.0
2025-05-15 00:00:00-04:00,105.64738914707347,108.02395331293468,105.0382684476134,105.22798919677734,6667500.0
2025-05-16 00:00:00-04:00,106.00187880264212,106.18660951726075,103.81004521686499,105.88704681396484,5170000.0
2025-05-19 00:00:00-04:00,102.85144608215896,106.59603756573271,102.41207824353457,106.24654388427734,4593500.0
2025-05-20 00:00:00-04:00,105.21801635491171,106.68588961770273,104.86851510252401,106.23654174804688,4030700.0
2025-05-21 00:00:00-04:00,104.13958319878381,106.8456736451216,102.42206273993841,103.46056365966797,5354900.0
2025-05-22 00:00:00-04:00,102.55185397075759,105.13812190191021,100.96415117521053,104.04969024658203,3800000.0
2025-05-23 00:00:00-04:00,101.21379542813496,104.99832951482331,100.8543140951563,103.98978424072266,3967400.0
2025-05-27 00:00:00-04:00,107.36491507301058,110.02108207629226,106.14668114062596,109.63164520263672,6457200.0
2025-05-28 00:00:00-04:00,108.6430770911811,109.36203221114083,106.89560117595413,109.06246948242188,5920500.0
2025-05-29 00:00:00-04:00,113.64583921015445,114.17507352476323,106.89559524859138,108.31354522705078,5908200.0
2025-05-30 00:00:00-04:00,107.15022400723487,107.81426572813439,104.55896580578481,107.77432250976562,6935600.0
2025-06-02 00:00:00-04:00,107.8442120011916,109.22221863414224,105.5275588629386,109.07244110107422,4001800.0
2025-06-03 00:00:00-04:00,111.03959303615825,115.18360826259315,110.46043546526685,112.17794799804688,8438200.0
2025-06-04 00:00:00-04:00,113.15655630101195,115.48319753016158,112.53744779510541,112.6872329711914,5005700.0
2025-06-05 00:00:00-04:00,113.8056118002911,114.01131594742425,110.79595923078999,112.05813598632812,4812000.0
2025-06-06 00:00:00-04:00,114.83412217586415,116.45178820478795,114.08720000588085,115.193603515625,5377100.0
2025-06-09 00:00:00-04:00,115.0038810770015,115.33340692520142,111.3391763823373,111.83845520019531,5820400.0
2025-06-10 00:00:00-04:00,112.83700998355535,112.84699769280928,107.2251134700714,108.31354522705078,7573000.0
2025-06-11 00:00:00-04:00,108.24364500086622,111.72860888003613,107.22511198598181,110.43048095703125,5560400.0
2025-06-12 00:00:00-04:00,109.24221149207841,114.42472066016518,108.65305850052124,114.33485412597656,6778700.0
2025-06-13 00:00:00-04:00,110.91977846735487,113.5439861574609,110.16386659612654,110.8099365234375,5900600.0
2025-06-16 00:00:00-04:00,114.17424060357635,117.05106904250898,113.26523820380596,116.32186889648438,7553800.0
2025-06-17 00:00:00-04:00,116.89123434901504,120.19759739144227,115.37291022569163,116.481689453125,6102900.0
2025-06-18 00:00:00-04:00,116.44173430217764,120.60714409972486,115.54272307439774,118.948974609375,6331700.0
2025-06-20 00:00:00-04:00,119.51834803927417,120.26752279803979,117.07103925470666,118.4095687866211,6689600.0
2025-06-23 00:00:00-04:00,117.37070110888084,118.41954872038109,112.59096294181411,116.41175842285156,9121400.0
2025-06-24 00:00:00-04:00,117.92011123086945,122.78474783456998,117.36072222324283,122.18540954589844,7544700.0
2025-06-25 00:00:00-04:00,122.86465338626826,124.48187516498199,121.11657904947177,121.50614929199219,5324500.0
2025-06-26 00:00:00-04:00,121.87574891723972,125.31195854468675,121.33634218956499,123.66378021240234,5398100.0
2025-06-27 00:00:00-04:00,126.86025296758,128.44051291332752,124.66267683071457,127.02008056640625,9337700.0
2025-06-30 00:00:00-04:00,127.9390837825548,129.16772622624697,125.74149972605596,128.2687225341797,5349800.0
2025-07-01 00:00:00-04:00,126.86025824510355,127.72930370262596,120.14765123513654,122.40516662597656,8974300.0
2025-07-02 00:00:00-04:00,123.9834311392418,126.3308438652018,122.96454919694442,124.19319915771484,5761600.0
2025-07-03 00:00:00-04:00,124.46289288101407,129.28757232161618,124.41295247191019,127.69932556152344,4003600.0
2025-07-07 00:00:00-04:00,127.69932650332854,128.85805374547613,124.64769541489554,126.1210708618164,4427000.0
2025-07-08 00:00:00-04:00,129.7370953127644,131.2354448327289,124.76257155324244,125.75148010253906,6641600.0
2025-07-09 00:00:00-04:00,126.89023771971127,129.33753913010602,125.7714748445596,128.228759765625,4936300.0
2025-07-10 00:00:00-04:00,127.85915399672325,128.67825901817423,109.93889200565019,120.58716583251953,24686000.0
2025-07-11 00:00:00-04:00,119.97784464802918,124.50285911007558,118.56939240037237,123.16433715820312,7222200.0
2025-07-14 00:00:00-04:00,121.86575544585345,125.42183570702903,121.86575544585345,124.582763671875,6560400.0
2025-07-15 00:00:00-04:00,127.79922326293523,129.29757273328323,125.36190568578265,127.22985076904297,7079600.0
2025-07-16 00:00:00-04:00,127.20986754468362,128.30865562374854,122.37519694839825,125.26201629638672,6036900.0
2025-07-17 00:00:00-04:00,128.10887109162255,133.37307614419956,127.29476549547853,130.9757080078125,7989200.0
2025-07-18 00:00:00-04:00,131.37028443327782,133.0534278737154,128.29867111466928,128.91798400878906,5781900.0
2025-07-21 00:00:00-04:00,129.05783678170656,129.60723465910462,125.26202253577391,126.07112884521484,4821200.0
2025-07-22 00:00:00-04:00,125.72151791471651,125.78144945850329,118.96895375174033,125.15214538574219,6335800.0
2025-07-23 00:00:00-04:00,127.76926285847672,131.29537754074602,127.22985611197946,130.0467529296875,6072900.0
2025-07-24 00:00:00-04:00,131.8347771935394,132.8037111149562,129.2476306471583,130.7259979248047,4504500.0
2025-07-25 00:00:00-04:00,131.9846201876871,137.50853422349755,131.9846201876871,137.31874084472656,8556100.0
2025-07-28 00:00:00-04:00,138.97690785712612,142.94254053504528,137.86812867842832,142.3931427001953,10607100.0
2025-07-29 00:00:00-04:00,142.92255547245267,146.1589956381061,140.22552962207388,142.54296875,15169700.0
2025-07-30 00:00:00-04:00,146.9131702045311,153.33110381998927,140.20556238279852,144.01136779785156,18502400.0
2025-07-31 00:00:00-04:00,148.58634766017587,152.4221192963145,145.2699929542216,145.4398193359375,10875600.0
2025-08-01 00:00:00-04:00,137.12894885651906,142.9825016766059,135.85035846677994,141.4342041015625,11015000.0
2025-08-04 00:00:00-04:00,144.10626018534214,144.10626018534214,139.39645190255948,140.0457305908203,6744800.0
2025-08-05 00:00:00-04:00,140.67504473146496,141.2444096271432,135.20507211905647,138.60731506347656,5091100.0
2025-08-06 00:00:00-04:00,137.43862513199528,140.0557530736334,136.10010300637998,139.59625244140625,4079300.0
2025-08-07 00:00:00-04:00,140.84483161199873,140.88478088611922,137.2687695193353,139.23660278320312,5302500.0
2025-08-08 00:00:00-04:00,141.0246407578942,141.42420975030697,138.24770103911928,139.77601623535156,3734000.0
2025-08-11 00:00:00-04:00,139.01686999811568,141.28437659430594,138.3476090253723,139.6761474609375,4109500.0
2025-08-12 00:00:00-04:00,141.1445238033043,145.43979535309188,139.64617432607602,143.56185913085938,6185600.0
2025-08-13 00:00:00-04:00,144.84045347257404,144.96031655662875,133.8026089698849,137.24880981445312,9976000.0
2025-08-14 00:00:00-04:00,134.06233420024455,135.7804276456719,131.38527510323053,132.3741912841797,8129200.0
2025-08-15 00:00:00-04:00,132.37420132319366,133.20328995842158,129.07782904537206,132.92359924316406,6207700.0
2025-08-18 00:00:00-04:00,132.22435594023023,135.6306077692574,132.10449284684535,135.54071044921875,3251400.0
2025-08-19 00:00:00-04:00,132.86363889690702,133.8225892813708,127.19987962785332,128.9080047607422,7307700.0
2025-08-20 00:00:00-04:00,126.29088658038245,127.49955427610851,121.27641355061812,127.39966583251953,8282300.0
2025-08-21 00:00:00-04:00,127.6294127075695,128.48847468961753,125.64660379276671,126.44072723388672,3744300.0
2025-08-22 00:00:00-04:00,126.86024811127518,131.09458189416796,125.58165785360801,125.83138275146484,5622100.0
2025-08-25 00:00:00-04:00,126.32084896661175,126.71041922087012,123.79363406862814,124.88243103027344,4610800.0
2025-08-26 00:00:00-04:00,125.37190254908052,129.1327516609489,124.77256425773496,127.78923797607422,5947500.0
2025-08-27 00:00:00-04:00,127.28979581747444,131.0256787594576,126.42375296301029,129.167724609375,6412800.0
2025-08-28 00:00:00-04:00,132.86364702353225,134.7845353418094,131.0256751863894,134.08230590820312,6817500.0
2025-08-29 00:00:00-04:00,132.9835145555552,133.19327494539,126.09110548400311,127.40965270996094,6367600.0
2025-09-02 00:00:00-04:00,123.5638787242259,124.3530103307456,119.5333227602858,123.87354278564453,8130500.0
2025-09-03 00:00:00-04:00,124.66268108684778,125.5966498337525,122.93458131528651,125.4518051147461,4081900.0
2025-09-04 00:00:00-04:00,125.76147580002963,126.95016128008668,124.33304890095265,125.56169128417969,4607300.0
2025-09-05 00:00:00-04:00,127.66936897854096,128.43552334589936,118.56939204767133,123.86356353759766,7719600.0
2025-09-08 00:00:00-04:00,125.57167013958096,125.58166126964676,120.83688808130073,121.68595123291016,10222700.0
2025-09-09 00:00:00-04:00,123.94346878187869,125.84137961628484,120.69704496178902,125.44181823730469,7608500.0
2025-09-10 00:00:00-04:00,134.09230452143314,141.06462033158954,134.09230452143314,136.5895538330078,12971100.0
2025-09-11 00:00:00-04:00,138.26769383981858,138.26769383981858,133.80261098745905,135.56068420410156,6779700.0
2025-09-12 00:00:00-04:00,135.35089727430764,136.94114069932587,133.4130295904797,134.69161987304688,4065400.0
2025-09-15 00:00:00-04:00,135.80870916250095,141.94368122400894,134.2899494439508,138.14678955078125,7643900.0
2025-09-16 00:00:00-04:00,140.13515951772175,141.09936569058678,135.01935679061282,136.53810119628906,5449900.0
2025-09-17 00:00:00-04:00,135.52894367889712,137.45237062786023,132.57636126564026,136.7179718017578,5123300.0
2025-09-18 00:00:00-04:00,138.8861972349949,142.50322857194038,136.85786046630264,141.84378051757812,5295000.0
2025-09-19 00:00:00-04:00,142.51323007770506,144.371707858348,139.2658909351937,143.48243713378906,6682800.0
2025-09-22 00:00:00-04:00,142.93287812189553,152.3251755933373,142.13353008795895,151.83558654785156,8731700.0
2025-09-23 00:00:00-04:00,151.1961158551727,151.97547601968012,139.0360664822156,142.4932403564453,16541300.0
2025-09-24 00:00:00-04:00,143.36253677095306,145.98040229263515,140.73470017066998,141.50405883789062,5978100.0
2025-09-25 00:00:00-04:00,136.89781343033192,141.06939807207928,133.74041236308224,139.6555633544922,6197600.0
2025-09-26 00:00:00-04:00,138.88617869801644,140.8645530896445,136.96775273548403,138.50648498535156,3607600.0
2025-09-29 00:00:00-04:00,141.88373251856586,145.490777314277,141.28421769109602,143.19265747070312,5876700.0
2025-09-30 00:00:00-04:00,143.88211144175528,150.80643073666712,143.88211144175528,150.7364959716797,6822300.0
2025-10-01 00:00:00-04:00,148.99789652253145,162.0921772012095,147.22935676568764,161.4576873779297,12844000.0
2025-10-02 00:00:00-04:00,164.16548575006493,168.85164834690858,157.18120318240477,161.50765991210938,8936100.0
2025-10-03 00:00:00-04:00,161.50765582964777,163.7458273070824,157.70077772565932,160.06883239746094,5728500.0
2025-10-06 00:00:00-04:00,168.70675078980034,169.69094488081265,162.20707221053,162.6667022705078,7203300.0
2025-10-07 00:00:00-04:00,164.61510433354618,164.864899636025,154.64328012755414,158.7399139404297,6899100.0
2025-10-08 00:00:00-04:00,160.39356712133207,167.4128246844311,159.1416022609168,167.2429656982422,4889900.0
2025-10-09 00:00:00-04:00,168.2421543386857,170.7491029360072,164.61512129417804,168.7417449951172,4972800.0
2025-10-10 00:00:00-04:00,178.28389781419722,182.9550730682092,168.51190669967983,168.87161254882812,16066600.0
2025-10-13 00:00:00-04:00,174.8667007533888,184.28898763616553,171.8591707538626,178.8534393310547,11056200.0
2025-10-14 00:00:00-04:00,171.5494331711236,181.69111687356573,168.06228508094446,175.006591796875,7427500.0
2025-10-15 00:00:00-04:00,179.85262093865012,182.840178297353,175.4562296364458,180.36219787597656,5642900.0
2025-10-16 00:00:00-04:00,182.3605549710436,182.850159246764,175.06654442217052,177.67440795898438,5000100.0
2025-10-17 00:00:00-04:00,174.85672523235453,177.8542690934806,170.16057623251632,173.8575439453125,5880700.0
2025-10-20 00:00:00-04:00,177.8542663611725,179.64279412913078,173.80757916156074,175.58612060546875,6692000.0
2025-10-21 00:00:00-04:00,174.9366451247275,177.0449180521074,170.4203418627664,174.65687561035156,8130700.0
2025-10-22 00:00:00-04:00,182.45048785439823,184.3489259800653,162.54678551883558,171.44949340820312,22483700.0
2025-10-23 00:00:00-04:00,174.38710339170734,183.8893116476951,173.8575385457258,183.0500030517578,9679400.0
2025-10-24 00:00:00-04:00,186.69703082733602,188.73535395812414,184.74861510757358,185.9076690673828,7188500.0
2025-10-27 00:00:00-04:00,189.83445945260604,193.8411709511249,188.75933635571047,192.7420654296875,6673000.0
2025-10-28 00:00:00-04:00,192.61218200001954,195.54477665373162,185.86770827649084,190.4139862060547,6044100.0
2025-10-29 00:00:00-04:00,193.54141026972522,199.33666472450906,192.971884870015,199.1068572998047,6298900.0
2025-10-30 00:00:00-04:00,193.7012883647442,202.28425211414697,192.23249062693617,193.6013641357422,5693500.0
2025-10-31 00:00:00-04:00,196.78875044550264,199.70635795945915,188.42560799377085,192.7021026611328,7726600.0
2025-11-03 00:00:00-05:00,195.9893814571978,197.43820635857105,189.41478273977145,191.24327087402344,6065100.0
2025-11-04 00:00:00-05:00,183.14991639264,186.74695955275257,177.3546624028921,180.6719512939453,8984800.0
2025-11-05 00:00:00-05:00,181.92592364550768,193.2416482898815,180.85180684746837,190.55386352539062,6534700.0
2025-11-06 00:00:00-05:00,190.84861020618433,190.84861020618433,180.36219313254017,182.87014770507812,5907100.0
2025-11-07 00:00:00-05:00,176.8550757919655,179.6527862548828,169.471127192198,179.6527862548828,9143000.0
2025-11-10 00:00:00-05:00,187.866063556638,191.2532873962342,184.60872291251874,187.6862030029297,5590100.0
2025-11-11 00:00:00-05:00,183.8493561694466,187.3265027671666,177.89422901123976,178.90341186523438,5625700.0
2025-11-12 00:00:00-05:00,181.9609079502652,182.42053805864998,172.8683519818999,173.22805786132812,6131700.0
2025-11-13 00:00:00-05:00,169.83583161215716,170.51026672926542,160.53844256095132,163.50601196289062,11389900.0
2025-11-14 00:00:00-05:00,161.86737464401068,175.73601631331258,159.5292940027085,170.8300323486328,10018700.0
2025-11-17 00:00:00-05:00,168.25211525641438,174.7068322711922,164.42524957646532,166.51353454589844,5249900.0
2025-11-18 00:00:00-05:00,163.17628737669767,168.98753503606306,157.87063738255216,164.7250213623047,7586300.0
2025-11-19 00:00:00-05:00,165.9240310224522,174.51699561652615,165.77415993790837,170.51026916503906,6070500.0
2025-11-20 00:00:00-05:00,176.77513290447123,180.7268963091627,157.9505630931487,159.47930908203125,10076100.0
2025-11-21 00:00:00-05:00,159.86900144052973,161.15793855627373,148.9879181398355,159.6991424560547,10577700.0
2025-11-24 00:00:00-05:00,162.29700760071944,171.65934653921914,162.29700760071944,168.77171325683594,8208200.0
2025-11-25 00:00:00-05:00,167.4752964246077,169.58435623504275,158.81915405556262,169.49440002441406,8573200.0
2025-11-26 00:00:00-05:00,172.12821340564648,174.79201833699292,170.47395261159375,171.94329833984375,5264800.0
2025-11-28 00:00:00-05:00,173.4426193314468,179.71981741155545,172.58300225668114,179.64984130859375,4059600.0
2025-12-01 00:00:00-05:00,175.82154896068505,182.56355130980393,173.12275611190057,179.14007568359375,6501500.0
2025-12-02 00:00:00-05:00,182.7384823783028,186.2868871248257,179.53989715306597,180.82933044433594,5304500.0
2025-12-03 00:00:00-05:00,178.94018416014129,180.84932095199224,172.62299475393417,178.8002471923828,5374500.0
2025-12-04 00:00:00-05:00,179.2600327620052,185.2573575001277,177.08101209477374,182.45860290527344,4962300.0
2025-12-05 00:00:00-05:00,182.08876323632225,189.57542871687338,180.01969424092417,188.9357147216797,7445800.0
2025-12-08 00:00:00-05:00,186.08698479363818,188.41594767470968,181.91884603075417,185.52723693847656,5556300.0
2025-12-09 00:00:00-05:00,181.09920002441157,182.41861872463284,176.46126972554686,178.3004608154297,6414700.0
2025-12-10 00:00:00-05:00,179.3000228853679,185.32233035620106,175.47172877640222,181.7389373779297,5301300.0
2025-12-11 00:00:00-05:00,177.4208511185992,178.92018225481272,167.10544558049742,178.58033752441406,11321100.0
2025-12-12 00:00:00-05:00,173.22272387587594,174.0723356866104,159.74873924436903,161.19808959960938,12512200.0
2025-12-15 00:00:00-05:00,163.33714604335142,166.47574543989478,159.9286627578482,161.6678924560547,8861400.0
2025-12-16 00:00:00-05:00,158.27939614149486,162.39755410877686,154.5810338094958,160.58836364746094,7808700.0
2025-12-17 00:00:00-05:00,160.93820683365703,160.93820683365703,147.75410051882076,149.76319885253906,11959800.0
2025-12-18 00:00:00-05:00,156.36023531840377,158.68421072485313,151.43244109098316,154.32115173339844,7773800.0
2025-12-19 00:00:00-05:00,155.9304446721413,162.29759961561834,155.2007744259623,159.74874877929688,9716400.0
2025-12-22 00:00:00-05:00,166.05593118871514,166.92553839432566,162.87734114933565,166.17587280273438,5688100.0
2025-12-23 00:00:00-05:00,165.45618185961857,167.88510614952116,161.75783489856633,166.18585205078125,3220400.0
2025-12-24 00:00:00-05:00,165.92598604680765,167.4253172460258,164.54659646289156,166.79559326171875,1335200.0
2025-12-26 00:00:00-05:00,167.18541490494482,168.36489668547426,165.77605520171565,167.50527954101562,2532800.0
2025-12-29 00:00:00-05:00,165.72607024434961,168.91465021391153,163.71695677343,165.546142578125,3075200.0
2025-12-30 00:00:00-05:00,165.91598170226726,166.3257872699057,163.80692205365318,164.26670837402344,3764300.0
2025-12-31 00:00:00-05:00,164.61657240362447,165.68408938347892,161.8378131374272,161.93775939941406,2575500.0
2026-01-02 00:00:00-05:00,169.38944314086459,177.17097598641456,169.05460103624796,175.53170776367188,7348200.0
2026-01-05 00:00:00-05:00,182.54855821582734,183.1682768366315,170.36399209398988,173.87242126464844,5860200.0
2026-01-06 00:00:00-05:00,169.28449002761408,175.1318878566357,162.13768401613058,174.8719940185547,7813700.0
2026-01-07 00:00:00-05:00,168.9246403123275,174.13232380442707,168.45484867236522,171.4635009765625,5205600.0
2026-01-08 00:00:00-05:00,170.6738689581487,171.18363607749916,158.69921466285626,160.70831298828125,7684900.0
2026-01-09 00:00:00-05:00,162.32756787770097,164.69652129294812,161.11811604618904,163.50704956054688,5665300.0
2026-01-12 00:00:00-05:00,164.1067951608726,171.25361657753544,164.08681505904255,169.95419311523438,4181100.0
2026-01-13 00:00:00-05:00,170.02416317903652,175.1318853803553,169.66432308307722,172.6429901123047,3648000.0
2026-01-14 00:00:00-05:00,172.1232123049137,175.48171467802356,167.5252726138607,170.7838134765625,3780800.0
2026-01-15 00:00:00-05:00,175.92150681918616,179.58986822773454,172.27314076151364,172.46304321289062,4104000.0
2026-01-16 00:00:00-05:00,174.55214244104357,180.28957338066462,173.42264139455315,176.85110473632812,4502300.0
2026-01-20 00:00:00-05:00,170.77381214709993,177.89063196093213,169.93017915045496,175.10186767578125,4690500.0
2026-01-21 00:00:00-05:00,176.61121648143052,182.41462734568276,172.92285940977152,181.3890838623047,5587300.0
2026-01-22 00:00:00-05:00,186.83664706932944,189.81531396141392,179.1200883405859,181.0392303466797,5508700.0
2026-01-23 00:00:00-05:00,182.13874649772302,183.6380776244728,175.65163499860435,182.40863037109375,3496300.0
2026-01-26 00:00:00-05:00,180.9392873608821,185.2373730391015,179.9997040670405,181.14918518066406,3020100.0
2026-01-27 00:00:00-05:00,182.31866453219516,189.21559707904225,178.18051110488108,189.12564086914062,4390300.0
2026-01-28 00:00:00-05:00,189.71537350090384,193.9134977207498,187.9861491577644,193.67359924316406,4935700.0
2026-01-29 00:00:00-05:00,196.8921671293593,199.10217983394327,186.09697953677983,195.0130157470703,5662000.0
2026-01-30 00:00:00-05:00,194.8230876251259,200.30564231424742,185.5172416651003,186.0969696044922,4502700.0
2026-02-02 00:00:00-05:00,182.56854392070784,191.81441902445212,181.91883987907644,189.92526245117188,4112100.0
2026-02-03 00:00:00-05:00,189.92526384557829,194.91304415860796,182.92838533732058,190.06520080566406,4433000.0
2026-02-04 00:00:00-05:00,190.61496158759292,194.79409698672546,172.52304174063175,182.4785919189453,8287200.0
2026-02-05 00:00:00-05:00,176.21137498170478,183.25324661449073,172.27314487619668,177.6707305908203,6144600.0
2026-02-06 00:00:00-05:00,180.8393165845174,195.72267575332214,180.8393165845174,195.49278259277344,7197300.0
2026-02-09 00:00:00-05:00,196.6922537675012,208.33705288373247,195.74768307792496,201.90992736816406,7638400.0
2026-02-10 00:00:00-05:00,202.9094729243246,206.25798510539664,197.29198402252266,199.53097534179688,6707800.0
2026-02-11 00:00:00-05:00,233.14599502675583,249.8385455324009,232.89610650046777,248.39918518066406,19793500.0
2026-02-12 00:00:00-05:00,243.8412104198154,255.42603834007187,234.40541763246443,236.40452575683594,12438800.0
2026-02-13 00:00:00-05:00,238.11377200117482,239.4031900418233,226.948754858934,234.4254150390625,6785200.0
2026-02-17 00:00:00-05:00,234.47539608193594,245.29556586287427,232.01648635350287,243.42140197753906,6449600.0
2026-02-18 00:00:00-05:00,246.88985038030276,253.93670948406458,240.27280744912562,243.10154724121094,5350700.0
2026-02-19 00:00:00-05:00,240.92252079980707,247.59955004392634,239.4171956365249,242.9516143798828,3929800.0
2026-02-20 00:00:00-05:00,240.882547822821,246.68995469803323,238.08379329506022,243.6413116455078,3879200.0
2026-02-23 00:00:00-05:00,242.49182754025702,245.6604121649368,239.89298081397826,245.31056213378906,4026100.0
2026-02-24 00:00:00-05:00,246.390080840542,253.36696405179956,241.16241727014022,253.037109375,5458200.0
2026-02-25 00:00:00-05:00,255.3460948367084,264.7418819407635,254.88629324390482,262.0730895996094,6580300.0
2026-02-26 00:00:00-05:00,260.0339830549477,260.0339830549477,241.58222361675877,259.1144104003906,8566400.0
2026-02-27 00:00:00-05:00,251.3878489776779,257.68502742642556,245.5604469107007,254.77633666992188,6967900.0
2026-03-02 00:00:00-05:00,249.32874908723176,258.7845212680574,244.11107605222023,257.6350402832031,5382300.0
2026-03-03 00:00:00-05:00,245.42050390293406,248.1093067292782,234.6153270968025,244.33099365234375,6866600.0
2026-03-04 00:00:00-05:00,249.28878689910889,255.18616525117983,245.23059968593972,251.16795349121094,4298500.0
2026-03-05 00:00:00-05:00,247.3796394172435,258.2048117005275,238.6335414057799,249.6386260986328,5291500.0
2026-03-06 00:00:00-05:00,240.89254443622187,251.35787735865145,238.54358613864292,241.6721954345703,8772600.0
2026-03-09 00:00:00-04:00,251.37788016165675,266.5511201794718,250.88809313454365,264.2321472167969,20427900.0
2026-03-10 00:00:00-04:00,265.43157648663527,274.7274478291245,264.38205689337246,269.9395751953125,11306800.0
2026-03-11 00:00:00-04:00,271.9886395723099,276.65657043619507,266.45113206419353,268.140380859375,7103200.0
2026-03-12 00:00:00-04:00,263.53241823313925,271.3189527957234,257.1402810878261,265.26165771484375,7465400.0
2026-03-13 00:00:00-04:00,265.08177705309157,269.09997381941054,255.95883202519235,258.76458740234375,6981200.0
2026-03-16 00:00:00-04:00,261.56331507213054,270.7892105907359,261.56331507213054,264.6219482421875,7386700.0
2026-03-17 00:00:00-04:00,260.60576901061114,270.8136361070589,259.4560143894944,268.3541564941406,5121300.0
2026-03-18 00:00:00-04:00,271.573511965078,274.6728733372067,264.4849901865978,264.6549377441406,6673800.0
2026-03-19 00:00:00-04:00,258.38623502186084,271.04461169087847,255.98674043460693,269.114013671875,7084600.0
2026-03-20 00:00:00-04:00,268.5641225621258,272.78324602892064,255.45684881218776,255.8267822265625,87826600.0
2026-03-23 00:00:00-04:00,258.94111892384535,271.8234483470296,255.06692500216013,255.94674682617188,8888100.0
2026-03-24 00:00:00-04:00,255.9467611420867,270.8536640558896,251.0977636666407,270.83367919921875,6843000.0
2026-03-25 00:00:00-04:00,276.7424206109209,281.99132874777393,273.9430151424251,276.1025695800781,5929000.0
2026-03-26 00:00:00-04:00,273.7530382507383,274.1029715442558,252.3474884033203,252.3474884033203,6621700.0
2026-03-27 00:00:00-04:00,249.90800679561073,256.78656515507805,248.4483038112512,251.0177764892578,5444500.0
2026-03-30 00:00:00-04:00,253.6572311835759,255.39685947358572,231.6517998338839,234.17127990722656,6930400.0
2026-03-31 00:00:00-04:00,232.95153285428927,250.947788611273,232.95153285428927,250.5278778076172,6686100.0
2026-04-01 00:00:00-04:00,256.94653793677304,265.4947471305668,256.94653793677304,259.3160400390625,5112600.0
2026-04-02 00:00:00-04:00,249.06817483565308,266.9444604389817,247.86342366105055,261.23565673828125,3965500.0
2026-04-06 00:00:00-04:00,262.87528579312817,266.46953901506583,258.5361924624143,258.6761779785156,3305700.0
2026-04-07 00:00:00-04:00,256.9165445711189,262.42540810699,251.95756967162527,262.24542236328125,2937200.0
2026-04-08 00:00:00-04:00,279.81176479024833,285.54058357870275,273.32312487659283,280.9715270996094,5696700.0
2026-04-09 00:00:00-04:00,280.9315288351361,290.9394559672238,280.9115439802803,287.5801696777344,5166400.0
2026-04-10 00:00:00-04:00,289.6897138455977,297.4980864353607,289.23979526930117,295.048583984375,4644800.0
2026-04-13 00:00:00-04:00,294.9186386534021,300.6174344280106,294.9186386534021,299.8975830078125,4733900.0
2026-04-14 00:00:00-04:00,306.93612459104816,312.39498002271563,298.9477967797798,310.4454040527344,4993800.0
2026-04-15 00:00:00-04:00,309.4356123797438,310.93530032342596,296.57830238796583,301.09735107421875,5353600.0
2026-04-16 00:00:00-04:00,302.93696703441736,303.24690010434625,292.6091294050167,294.0688171386719,4832600.0
2026-04-17 00:00:00-04:00,298.63787521140574,308.4758245865096,298.15796407924347,307.27606201171875,5805500.0
2026-04-20 00:00:00-04:00,306.9411459971303,315.59434448467675,305.0465206413292,314.3446044921875,4672300.0
2026-04-21 00:00:00-04:00,316.03424220656035,322.97078705491697,310.7753267741639,312.375,7285400.0
2026-04-22 00:00:00-04:00,305.25649331885387,312.91490351344714,296.7382461593883,305.0765380859375,9835900.0
2026-04-23 00:00:00-04:00,304.1367376128728,325.1823469397627,304.1367376128728,321.6830749511719,7067000.0
2026-04-24 00:00:00-04:00,327.9317642559012,330.22630023866924,316.3341713689954,323.3927001953125,5281500.0
2026-04-27 00:00:00-04:00,325.92217198348146,327.98174098464875,307.00713201612285,322.3629150390625,5442500.0
2026-04-28 00:00:00-04:00,307.13111095890235,314.4445918844729,293.81887802949956,304.966552734375,8217600.0
2026-04-29 00:00:00-04:00,306.9861166349489,309.9055226546179,299.7376247473543,306.1163024902344,4536300.0
2026-04-30 00:00:00-04:00,313.6847371924459,329.93135704703474,312.2750268237155,328.4216613769531,6268700.0
2026-05-01 00:00:00-04:00,330.58120876712366,331.9009414901743,324.16256140622835,328.24169921875,4408600.0
2026-05-04 00:00:00-04:00,329.5114280638246,332.8807526732236,321.38314487808793,330.9011535644531,4927400.0
2026-05-05 00:00:00-04:00,334.00049998355803,341.04902094055694,330.5312207389427,340.94903564453125,5456200.0
2026-05-06 00:00:00-04:00,351.4868523619427,359.7651284135595,343.5784944467254,358.8453369140625,5583200.0
2026-05-07 00:00:00-04:00,358.5004099759482,358.9253093493772,336.1100497722177,339.93927001953125,5458100.0
2026-05-08 00:00:00-04:00,349.71225304391817,350.916988995039,339.63933630512787,339.8992919921875,4081000.0
2026-05-11 00:00:00-04:00,341.94185181610317,371.917609316292,341.94185181610317,367.8434753417969,7279200.0
2026-05-12 00:00:00-04:00,361.24483066105665,370.1879768765935,348.9473715067001,367.0536193847656,6556200.0
2026-05-13 00:00:00-04:00,375.6218590760091,377.6914052859946,360.8349271492349,369.91302490234375,4461000.0
2026-05-14 00:00:00-04:00,370.16295891701617,379.8559491193527,365.074021592559,376.1517333984375,3611300.0
2026-05-15 00:00:00-04:00,364.2342280355111,373.83223752106693,356.1958916588446,370.86285400390625,4871200.0
2026-05-18 00:00:00-04:00,370.2179758585786,370.2179758585786,330.6511969861297,339.6593322753906,8086700.0
2026-05-19 00:00:00-04:00,329.61141809969644,334.5553968453283,314.27461253397695,322.5628967285156,9039500.0
2026-05-20 00:00:00-04:00,324.9323851071286,329.36145614143237,314.184621599739,315.6043395996094,6014000.0
2026-05-21 00:00:00-04:00,322.2329558300896,330.2612845299559,318.93365436869897,323.3327331542969,5221300.0
2026-05-22 00:00:00-04:00,333.89052415011435,334.8203538885497,323.93260448142246,327.3918762207031,4801800.0
2026-05-26 00:00:00-04:00,340.98904704268836,343.23857897647736,323.1927621709829,323.8426208496094,6523700.0
2026-05-27 00:00:00-04:00,325.94218532870724,326.0951381203109,310.0354916479095,319.7134704589844,5293000.0
2026-05-28 00:00:00-04:00,316.3341633481212,320.60826778443527,307.23605060239146,314.1146240234375,5384100.0
2026-05-29 00:00:00-04:00,315.134444464524,319.5135077097703,307.9359300002851,315.6443176269531,7218800.0
2026-06-01 00:00:00-04:00,317.92385262411324,328.5116463862248,313.0648780836672,323.32275390625,6162100.0
2026-06-02 00:00:00-04:00,335.0802765254426,345.10818888027535,331.16110904392434,334.42041015625,5077300.0
2026-06-03 00:00:00-04:00,340.7940906367883,343.5585301647778,326.7220365302974,331.3710632324219,3927700.0
2026-06-04 00:00:00-04:00,321.0282060757135,326.7919909572871,305.93634496242817,323.8526306152344,6075900.0
2026-06-05 00:00:00-04:00,313.68975019189395,314.93448637529457,294.3337608142262,300.447509765625,7330000.0
2026-06-08 00:00:00-04:00,309.1856636986731,310.5423760187181,300.157543518317,300.5074768066406,4790000.0
2026-06-09 00:00:00-04:00,300.367512551625,307.06613136383965,276.44249657241164,289.45977783203125,11117700.0
2026-06-10 00:00:00-04:00,284.4608115698995,294.28878410995384,275.122757862156,280.92156982421875,6904200.0
2026-06-11 00:00:00-04:00,284.1908839750139,298.59789076065346,283.34105464891974,297.81805419921875,5408800.0
2026-06-12 00:00:00-04:00,303.4168958392553,305.1265316651049,295.0386337573572,302.8070068359375,4958100.0
2026-06-15 00:00:00-04:00,316.0,319.8389892578125,310.3710021972656,311.92999267578125,5346400.0
2026-06-16 00:00:00-04:00,314.20001220703125,316.3710021972656,299.0899963378906,299.6000061035156,4581900.0
2026-06-17 00:00:00-04:00,304.7200012207031,329.70001220703125,303.20001220703125,317.5799865722656,6181400.0
2026-06-18 00:00:00-04:00,331.2300109863281,337.7900085449219,326.5,333.04998779296875,7262600.0
2026-06-22 00:00:00-04:00,338.8800048828125,358.5400085449219,338.0,357.9599914550781,7284300.0
2026-06-23 00:00:00-04:00,337.9599914550781,337.9700012207031,316.510009765625,318.32000732421875,10277700.0
2026-06-24 00:00:00-04:00,323.7300109863281,323.739990234375,308.2799987792969,316.42999267578125,6106100.0
2026-06-25 00:00:00-04:00,338.9200134277344,340.0,321.3399963378906,325.57000732421875,6305000.0
2026-06-26 00:00:00-04:00,314.0,316.0,300.19000244140625,303.95001220703125,21988200.0
2026-06-29 00:00:00-04:00,304.6499938964844,309.20001220703125,294.29998779296875,306.9700012207031,6708600.0
2026-06-30 00:00:00-04:00,310.0,337.2300109863281,310.0,334.82000732421875,7742500.0
2026-07-01 00:00:00-04:00,325.79998779296875,327.2149963378906,309.510009765625,311.4200134277344,6259800.0
2026-07-02 00:00:00-04:00,309.80999755859375,316.989990234375,296.45001220703125,300.5299987792969,5898700.0
2026-07-06 00:00:00-04:00,311.989990234375,329.3800048828125,308.0199890136719,318.4700012207031,6428200.0
2026-07-07 00:00:00-04:00,304.7449951171875,306.2300109863281,287.1099853515625,305.5799865722656,5986600.0
2026-07-08 00:00:00-04:00,301.6400146484375,319.6499938964844,300.6000061035156,317.80999755859375,4425200.0
2026-07-09 00:00:00-04:00,333.54998779296875,338.8800048828125,322.3800048828125,323.9200134277344,3946300.0
2026-07-10 00:00:00-04:00,320.30999755859375,323.80999755859375,315.67999267578125,318.8599853515625,3001200.0
2026-07-13 00:00:00-04:00,311.94000244140625,316.0799865722656,302.07000732421875,305.8699951171875,3720300.0
2026-07-14 00:00:00-04:00,315.5299987792969,317.17999267578125,300.19000244140625,303.5799865722656,3560900.0
2026-07-15 00:00:00-04:00,306.25,309.43499755859375,289.7799987792969,304.57000732421875,3873700.0
2026-07-16 00:00:00-04:00,297.0,301.2799987792969,287.5299987792969,294.1099853515625,5017800.0
2026-07-17 00:00:00-04:00,279.2099914550781,297.32501220703125,272.92999267578125,289.55999755859375,6068200.0
2026-07-20 00:00:00-04:00,295.0,301.6600036621094,290.9599914550781,291.6700134277344,3770300.0
2026-07-21 00:00:00-04:00,303.04998779296875,306.45001220703125,297.1499938964844,304.5,3485200.0
2026-07-22 00:00:00-04:00,294.2550048828125,303.885009765625,293.54998779296875,301.1600036621094,2935100.0
2026-07-23 00:00:00-04:00,300.0,313.6099853515625,300.0,304.0400085449219,3098500.0
2026-07-24 00:00:00-04:00,300.5,302.489990234375,288.54998779296875,290.3599853515625,3405200.0
2026-07-27 00:00:00-04:00,293.0299987792969,296.7099914550781,272.5299987792969,287.6000061035156,5017300.0
2026-07-28 00:00:00-04:00,272.5799865722656,274.6600036621094,259.19000244140625,269.55999755859375,8157500.0
2026-07-29 00:00:00-04:00,245.99000549316406,248.8000030517578,220.9199981689453,223.0399932861328,21265700.0
2026-07-30 00:00:00-04:00,237.1999969482422,241.32000732421875,224.60000610351562,227.5,14508000.0
2026-07-31 00:00:00-04:00,246.8699951171875,251.70899963378906,233.1699981689453,241.57000732421875,10849600.0
2026-08-03 00:00:00-04:00,236.97999572753906,264.1400146484375,234.9600067138672,263.04998779296875,9517100.0
2026-08-04 00:00:00-04:00,275.2099914550781,276.5199890136719,268.1199951171875,269.92999267578125,5802700.0
2026-08-05 00:00:00-04:00,270.45001220703125,282.5,270.0,277.94000244140625,5933200.0
2026-08-06 00:00:00-04:00,271.1300048828125,286.3599853515625,270.06298828125,275.1700134277344,5084700.0
2026-08-07 00:00:00-04:00,284.9200134277344,285.90399169921875,269.19000244140625,272.3999938964844,3909500.0
2026-08-10 00:00:00-04:00,277.2799987792969,278.67999267578125,267.5199890136719,270.1000061035156,2859500.0
2026-08-11 00:00:00-04:00,275.5,284.67999267578125,273.8999938964844,281.80999755859375,3686900.0
2026-08-12 00:00:00-04:00,298.2900085449219,298.2900085449219,286.010986328125,288.3599853515625,4034300.0
2026-08-13 00:00:00-04:00,287.94500732421875,293.510009765625,286.8800048828125,287.07000732421875,3120100.0
2026-08-14 00:00:00-04:00,287.07000732421875,295.4700012207031,285.25,293.8399963378906,3153600.0
2026-08-17 00:00:00-04:00,297.8800048828125,300.29998779296875,290.5780029296875,292.42999267578125,3575900.0
2026-08-18 00:00:00-04:00,281.0,281.66900634765625,270.30999755859375,272.5400085449219,5584100.0
2026-08-19 00:00:00-04:00,273.0,275.54998779296875,256.1099853515625,261.0,6206500.0
2026-08-20 00:00:00-04:00,258.5849914550781,264.95001220703125,252.16000366210938,264.6300048828125,5219700.0
2026-08-21 00:00:00-04:00,268.20001220703125,268.20001220703125,257.4849853515625,261.95001220703125,3207800.0
2026-08-24 00:00:00-04:00,257.0,258.29998779296875,249.97000122070312,254.97000122070312,3982100.0
2026-08-25 00:00:00-04:00,263.0899963378906,267.0450134277344,255.02999877929688,255.75,3921600.0
2026-08-26 00:00:00-04:00,256.6099853515625,265.7799987792969,255.33999633789062,263.80999755859375,3930900.0
2026-08-27 00:00:00-04:00,273.0,274.760009765625,262.2300109863281,269.2799987792969,4604800.0
2026-08-28 00:00:00-04:00,269.05999755859375,270.0,255.57000732421875,257.0799865722656,3840500.0
2026-08-31 00:00:00-04:00,258.239990234375,261.7900085449219,254.90899658203125,258.7200012207031,4082600.0
